ISO-10303-21;
HEADER;
FILE_DESCRIPTION(('Open CASCADE Model'),'2;1');
FILE_NAME('Open CASCADE Shape Model','2026-10-06T18:22:28',('Author'),(
    'Open CASCADE'),'Open CASCADE STEP processor 7.8','Open CASCADE 7.8'
  ,'Unknown');
FILE_SCHEMA(('AUTOMOTIVE_DESIGN { 1 0 10303 214 1 1 1 1 }'));
ENDSEC;
DATA;
#1 = APPLICATION_PROTOCOL_DEFINITION('international standard',
  'automotive_design',2000,#2);
#2 = APPLICATION_CONTEXT(
  'core data for automotive mechanical design processes');
#3 = SHAPE_DEFINITION_REPRESENTATION(#4,#10);
#4 = PRODUCT_DEFINITION_SHAPE('','',#5);
#5 = PRODUCT_DEFINITION('design','',#6,#9);
#6 = PRODUCT_DEFINITION_FORMATION('','',#7);
#7 = PRODUCT('Open CASCADE STEP translator 7.8 9',
  'Open CASCADE STEP translator 7.8 9','',(#8));
#8 = PRODUCT_CONTEXT('',#2,'mechanical');
#9 = PRODUCT_DEFINITION_CONTEXT('part definition',#2,'design');
#10 = ADVANCED_BREP_SHAPE_REPRESENTATION('',(#11,#15),#8468);
#11 = AXIS2_PLACEMENT_3D('',#12,#13,#14);
#12 = CARTESIAN_POINT('',(0.,0.,0.));
#13 = DIRECTION('',(0.,0.,1.));
#14 = DIRECTION('',(1.,0.,-0.));
#15 = BREP_WITH_VOIDS('',#16,(#8264,#8366));
#16 = CLOSED_SHELL('',(#17,#142,#218,#323,#591,#740,#818,#923,#1042,
    #1164,#1213,#1284,#1449,#1531,#2611,#2661,#2710,#2759,#2766,#2808,
    #2835,#3383,#3410,#3486,#3586,#3635,#3708,#3715,#3770,#3825,#3880,
    #3935,#3990,#4045,#4104,#4159,#4214,#4269,#4345,#4395,#4422,#4493,
    #4542,#4592,#4641,#4690,#4744,#4794,#4843,#4916,#4970,#4997,#5052,
    #5079,#5762,#5766,#5770,#5774,#5778,#5782,#5817,#5821,#5825,#5829,
    #5835,#5839,#5894,#5949,#6030,#6079,#6128,#6177,#6226,#6309,#6364,
    #6419,#6474,#6529,#6584,#6639,#6694,#6749,#6804,#6859,#6914,#6969,
    #6973,#7380,#7384,#7388,#7604,#8035,#8039,#8043,#8047,#8051,#8055,
    #8059,#8063,#8067,#8071,#8075,#8079,#8083,#8110,#8140,#8146,#8201,
    #8256,#8260));
#17 = ADVANCED_FACE('',(#18),#32,.F.);
#18 = FACE_BOUND('',#19,.F.);
#19 = EDGE_LOOP('',(#20,#55,#88,#116));
#20 = ORIENTED_EDGE('',*,*,#21,.F.);
#21 = EDGE_CURVE('',#22,#24,#26,.T.);
#22 = VERTEX_POINT('',#23);
#23 = CARTESIAN_POINT('',(10.,3.,27.983866869659));
#24 = VERTEX_POINT('',#25);
#25 = CARTESIAN_POINT('',(10.,3.,31.9000001));
#26 = SURFACE_CURVE('',#27,(#31,#43),.PCURVE_S1.);
#27 = LINE('',#28,#29);
#28 = CARTESIAN_POINT('',(10.,3.,1.000000011686E-07));
#29 = VECTOR('',#30,1.);
#30 = DIRECTION('',(0.,0.,1.));
#31 = PCURVE('',#32,#37);
#32 = PLANE('',#33);
#33 = AXIS2_PLACEMENT_3D('',#34,#35,#36);
#34 = CARTESIAN_POINT('',(10.,3.,1.000000011686E-07));
#35 = DIRECTION('',(1.,0.,0.));
#36 = DIRECTION('',(0.,0.,1.));
#37 = DEFINITIONAL_REPRESENTATION('',(#38),#42);
#38 = LINE('',#39,#40);
#39 = CARTESIAN_POINT('',(0.,0.));
#40 = VECTOR('',#41,1.);
#41 = DIRECTION('',(1.,0.));
#42 = ( GEOMETRIC_REPRESENTATION_CONTEXT(2) 
PARAMETRIC_REPRESENTATION_CONTEXT() REPRESENTATION_CONTEXT('2D SPACE',''
  ) );
#43 = PCURVE('',#44,#49);
#44 = PLANE('',#45);
#45 = AXIS2_PLACEMENT_3D('',#46,#47,#48);
#46 = CARTESIAN_POINT('',(10.,3.,1.000000011686E-07));
#47 = DIRECTION('',(0.,1.,0.));
#48 = DIRECTION('',(0.,0.,1.));
#49 = DEFINITIONAL_REPRESENTATION('',(#50),#54);
#50 = LINE('',#51,#52);
#51 = CARTESIAN_POINT('',(0.,0.));
#52 = VECTOR('',#53,1.);
#53 = DIRECTION('',(1.,0.));
#54 = ( GEOMETRIC_REPRESENTATION_CONTEXT(2) 
PARAMETRIC_REPRESENTATION_CONTEXT() REPRESENTATION_CONTEXT('2D SPACE',''
  ) );
#55 = ORIENTED_EDGE('',*,*,#56,.T.);
#56 = EDGE_CURVE('',#22,#57,#59,.T.);
#57 = VERTEX_POINT('',#58);
#58 = CARTESIAN_POINT('',(10.,17.3,30.998676544826));
#59 = SURFACE_CURVE('',#60,(#65,#76),.PCURVE_S1.);
#60 = CIRCLE('',#61,34.);
#61 = AXIS2_PLACEMENT_3D('',#62,#63,#64);
#62 = CARTESIAN_POINT('',(10.,17.,-2.9999999));
#63 = DIRECTION('',(-1.,0.,0.));
#64 = DIRECTION('',(0.,1.,0.));
#65 = PCURVE('',#32,#66);
#66 = DEFINITIONAL_REPRESENTATION('',(#67),#75);
#67 = ( BOUNDED_CURVE() B_SPLINE_CURVE(2,(#68,#69,#70,#71,#72,#73,#74),
.UNSPECIFIED.,.T.,.F.) B_SPLINE_CURVE_WITH_KNOTS((1,2,2,2,2,1),(
    -2.094395102393,0.,2.094395102393,4.188790204786,6.28318530718,
8.377580409573),.UNSPECIFIED.) CURVE() GEOMETRIC_REPRESENTATION_ITEM() 
RATIONAL_B_SPLINE_CURVE((1.,0.5,1.,0.5,1.,0.5,1.)) REPRESENTATION_ITEM(
  '') );
#68 = CARTESIAN_POINT('',(-3.,-48.));
#69 = CARTESIAN_POINT('',(-61.88972745734,-48.));
#70 = CARTESIAN_POINT('',(-32.44486372867,3.));
#71 = CARTESIAN_POINT('',(-3.,54.));
#72 = CARTESIAN_POINT('',(26.444863728671,3.));
#73 = CARTESIAN_POINT('',(55.889727457342,-48.));
#74 = CARTESIAN_POINT('',(-3.,-48.));
#75 = ( GEOMETRIC_REPRESENTATION_CONTEXT(2) 
PARAMETRIC_REPRESENTATION_CONTEXT() REPRESENTATION_CONTEXT('2D SPACE',''
  ) );
#76 = PCURVE('',#77,#82);
#77 = CYLINDRICAL_SURFACE('',#78,34.);
#78 = AXIS2_PLACEMENT_3D('',#79,#80,#81);
#79 = CARTESIAN_POINT('',(-1.,17.,-2.9999999));
#80 = DIRECTION('',(-1.,-0.,-0.));
#81 = DIRECTION('',(0.,1.,0.));
#82 = DEFINITIONAL_REPRESENTATION('',(#83),#87);
#83 = LINE('',#84,#85);
#84 = CARTESIAN_POINT('',(-6.28318530718,-11.));
#85 = VECTOR('',#86,1.);
#86 = DIRECTION('',(1.,-0.));
#87 = ( GEOMETRIC_REPRESENTATION_CONTEXT(2) 
PARAMETRIC_REPRESENTATION_CONTEXT() REPRESENTATION_CONTEXT('2D SPACE',''
  ) );
#88 = ORIENTED_EDGE('',*,*,#89,.T.);
#89 = EDGE_CURVE('',#57,#90,#92,.T.);
#90 = VERTEX_POINT('',#91);
#91 = CARTESIAN_POINT('',(10.,17.3,31.9000001));
#92 = SURFACE_CURVE('',#93,(#97,#104),.PCURVE_S1.);
#93 = LINE('',#94,#95);
#94 = CARTESIAN_POINT('',(10.,17.3,14.5000001));
#95 = VECTOR('',#96,1.);
#96 = DIRECTION('',(0.,0.,1.));
#97 = PCURVE('',#32,#98);
#98 = DEFINITIONAL_REPRESENTATION('',(#99),#103);
#99 = LINE('',#100,#101);
#100 = CARTESIAN_POINT('',(14.5,-14.3));
#101 = VECTOR('',#102,1.);
#102 = DIRECTION('',(1.,0.));
#103 = ( GEOMETRIC_REPRESENTATION_CONTEXT(2) 
PARAMETRIC_REPRESENTATION_CONTEXT() REPRESENTATION_CONTEXT('2D SPACE',''
  ) );
#104 = PCURVE('',#105,#110);
#105 = PLANE('',#106);
#106 = AXIS2_PLACEMENT_3D('',#107,#108,#109);
#107 = CARTESIAN_POINT('',(0.,17.3,29.0000001));
#108 = DIRECTION('',(0.,1.,0.));
#109 = DIRECTION('',(0.,0.,1.));
#110 = DEFINITIONAL_REPRESENTATION('',(#111),#115);
#111 = LINE('',#112,#113);
#112 = CARTESIAN_POINT('',(-14.5,10.));
#113 = VECTOR('',#114,1.);
#114 = DIRECTION('',(1.,0.));
#115 = ( GEOMETRIC_REPRESENTATION_CONTEXT(2) 
PARAMETRIC_REPRESENTATION_CONTEXT() REPRESENTATION_CONTEXT('2D SPACE',''
  ) );
#116 = ORIENTED_EDGE('',*,*,#117,.T.);
#117 = EDGE_CURVE('',#90,#24,#118,.T.);
#118 = SURFACE_CURVE('',#119,(#123,#130),.PCURVE_S1.);
#119 = LINE('',#120,#121);
#120 = CARTESIAN_POINT('',(10.,1.5,31.9000001));
#121 = VECTOR('',#122,1.);
#122 = DIRECTION('',(0.,-1.,0.));
#123 = PCURVE('',#32,#124);
#124 = DEFINITIONAL_REPRESENTATION('',(#125),#129);
#125 = LINE('',#126,#127);
#126 = CARTESIAN_POINT('',(31.9,1.5));
#127 = VECTOR('',#128,1.);
#128 = DIRECTION('',(0.,1.));
#129 = ( GEOMETRIC_REPRESENTATION_CONTEXT(2) 
PARAMETRIC_REPRESENTATION_CONTEXT() REPRESENTATION_CONTEXT('2D SPACE',''
  ) );
#130 = PCURVE('',#131,#136);
#131 = PLANE('',#132);
#132 = AXIS2_PLACEMENT_3D('',#133,#134,#135);
#133 = CARTESIAN_POINT('',(0.,0.,31.9000001));
#134 = DIRECTION('',(0.,0.,1.));
#135 = DIRECTION('',(1.,0.,0.));
#136 = DEFINITIONAL_REPRESENTATION('',(#137),#141);
#137 = LINE('',#138,#139);
#138 = CARTESIAN_POINT('',(10.,1.5));
#139 = VECTOR('',#140,1.);
#140 = DIRECTION('',(0.,-1.));
#141 = ( GEOMETRIC_REPRESENTATION_CONTEXT(2) 
PARAMETRIC_REPRESENTATION_CONTEXT() REPRESENTATION_CONTEXT('2D SPACE',''
  ) );
#142 = ADVANCED_FACE('',(#143),#44,.F.);
#143 = FACE_BOUND('',#144,.F.);
#144 = EDGE_LOOP('',(#145,#168,#169,#192));
#145 = ORIENTED_EDGE('',*,*,#146,.T.);
#146 = EDGE_CURVE('',#147,#22,#149,.T.);
#147 = VERTEX_POINT('',#148);
#148 = CARTESIAN_POINT('',(79.8,3.,27.983866869659));
#149 = SURFACE_CURVE('',#150,(#154,#161),.PCURVE_S1.);
#150 = LINE('',#151,#152);
#151 = CARTESIAN_POINT('',(-1.,3.,27.983866869659));
#152 = VECTOR('',#153,1.);
#153 = DIRECTION('',(-1.,-0.,-0.));
#154 = PCURVE('',#44,#155);
#155 = DEFINITIONAL_REPRESENTATION('',(#156),#160);
#156 = LINE('',#157,#158);
#157 = CARTESIAN_POINT('',(27.983866769659,-11.));
#158 = VECTOR('',#159,1.);
#159 = DIRECTION('',(0.,-1.));
#160 = ( GEOMETRIC_REPRESENTATION_CONTEXT(2) 
PARAMETRIC_REPRESENTATION_CONTEXT() REPRESENTATION_CONTEXT('2D SPACE',''
  ) );
#161 = PCURVE('',#77,#162);
#162 = DEFINITIONAL_REPRESENTATION('',(#163),#167);
#163 = LINE('',#164,#165);
#164 = CARTESIAN_POINT('',(-1.995186035388,0.));
#165 = VECTOR('',#166,1.);
#166 = DIRECTION('',(-0.,1.));
#167 = ( GEOMETRIC_REPRESENTATION_CONTEXT(2) 
PARAMETRIC_REPRESENTATION_CONTEXT() REPRESENTATION_CONTEXT('2D SPACE',''
  ) );
#168 = ORIENTED_EDGE('',*,*,#21,.T.);
#169 = ORIENTED_EDGE('',*,*,#170,.T.);
#170 = EDGE_CURVE('',#24,#171,#173,.T.);
#171 = VERTEX_POINT('',#172);
#172 = CARTESIAN_POINT('',(79.8,3.,31.9000001));
#173 = SURFACE_CURVE('',#174,(#178,#185),.PCURVE_S1.);
#174 = LINE('',#175,#176);
#175 = CARTESIAN_POINT('',(5.,3.,31.9000001));
#176 = VECTOR('',#177,1.);
#177 = DIRECTION('',(1.,0.,0.));
#178 = PCURVE('',#44,#179);
#179 = DEFINITIONAL_REPRESENTATION('',(#180),#184);
#180 = LINE('',#181,#182);
#181 = CARTESIAN_POINT('',(31.9,-5.));
#182 = VECTOR('',#183,1.);
#183 = DIRECTION('',(0.,1.));
#184 = ( GEOMETRIC_REPRESENTATION_CONTEXT(2) 
PARAMETRIC_REPRESENTATION_CONTEXT() REPRESENTATION_CONTEXT('2D SPACE',''
  ) );
#185 = PCURVE('',#131,#186);
#186 = DEFINITIONAL_REPRESENTATION('',(#187),#191);
#187 = LINE('',#188,#189);
#188 = CARTESIAN_POINT('',(5.,3.));
#189 = VECTOR('',#190,1.);
#190 = DIRECTION('',(1.,0.));
#191 = ( GEOMETRIC_REPRESENTATION_CONTEXT(2) 
PARAMETRIC_REPRESENTATION_CONTEXT() REPRESENTATION_CONTEXT('2D SPACE',''
  ) );
#192 = ORIENTED_EDGE('',*,*,#193,.T.);
#193 = EDGE_CURVE('',#171,#147,#194,.T.);
#194 = SURFACE_CURVE('',#195,(#199,#206),.PCURVE_S1.);
#195 = LINE('',#196,#197);
#196 = CARTESIAN_POINT('',(79.8,3.,-1.4999999));
#197 = VECTOR('',#198,1.);
#198 = DIRECTION('',(0.,0.,-1.));
#199 = PCURVE('',#44,#200);
#200 = DEFINITIONAL_REPRESENTATION('',(#201),#205);
#201 = LINE('',#202,#203);
#202 = CARTESIAN_POINT('',(-1.5,69.8));
#203 = VECTOR('',#204,1.);
#204 = DIRECTION('',(-1.,0.));
#205 = ( GEOMETRIC_REPRESENTATION_CONTEXT(2) 
PARAMETRIC_REPRESENTATION_CONTEXT() REPRESENTATION_CONTEXT('2D SPACE',''
  ) );
#206 = PCURVE('',#207,#212);
#207 = PLANE('',#208);
#208 = AXIS2_PLACEMENT_3D('',#209,#210,#211);
#209 = CARTESIAN_POINT('',(79.8,1.,-2.9999999));
#210 = DIRECTION('',(1.,0.,0.));
#211 = DIRECTION('',(0.,0.,1.));
#212 = DEFINITIONAL_REPRESENTATION('',(#213),#217);
#213 = LINE('',#214,#215);
#214 = CARTESIAN_POINT('',(1.5,-2.));
#215 = VECTOR('',#216,1.);
#216 = DIRECTION('',(-1.,0.));
#217 = ( GEOMETRIC_REPRESENTATION_CONTEXT(2) 
PARAMETRIC_REPRESENTATION_CONTEXT() REPRESENTATION_CONTEXT('2D SPACE',''
  ) );
#218 = ADVANCED_FACE('',(#219),#131,.F.);
#219 = FACE_BOUND('',#220,.F.);
#220 = EDGE_LOOP('',(#221,#251,#279,#300,#301,#302));
#221 = ORIENTED_EDGE('',*,*,#222,.F.);
#222 = EDGE_CURVE('',#223,#225,#227,.T.);
#223 = VERTEX_POINT('',#224);
#224 = CARTESIAN_POINT('',(0.,0.,31.9000001));
#225 = VERTEX_POINT('',#226);
#226 = CARTESIAN_POINT('',(0.,17.3,31.9000001));
#227 = SURFACE_CURVE('',#228,(#232,#239),.PCURVE_S1.);
#228 = LINE('',#229,#230);
#229 = CARTESIAN_POINT('',(0.,0.,31.9000001));
#230 = VECTOR('',#231,1.);
#231 = DIRECTION('',(0.,1.,0.));
#232 = PCURVE('',#131,#233);
#233 = DEFINITIONAL_REPRESENTATION('',(#234),#238);
#234 = LINE('',#235,#236);
#235 = CARTESIAN_POINT('',(0.,0.));
#236 = VECTOR('',#237,1.);
#237 = DIRECTION('',(0.,1.));
#238 = ( GEOMETRIC_REPRESENTATION_CONTEXT(2) 
PARAMETRIC_REPRESENTATION_CONTEXT() REPRESENTATION_CONTEXT('2D SPACE',''
  ) );
#239 = PCURVE('',#240,#245);
#240 = PLANE('',#241);
#241 = AXIS2_PLACEMENT_3D('',#242,#243,#244);
#242 = CARTESIAN_POINT('',(0.,0.,31.9000001));
#243 = DIRECTION('',(1.,0.,0.));
#244 = DIRECTION('',(0.,0.,1.));
#245 = DEFINITIONAL_REPRESENTATION('',(#246),#250);
#246 = LINE('',#247,#248);
#247 = CARTESIAN_POINT('',(-3.552713678801E-15,0.));
#248 = VECTOR('',#249,1.);
#249 = DIRECTION('',(0.,-1.));
#250 = ( GEOMETRIC_REPRESENTATION_CONTEXT(2) 
PARAMETRIC_REPRESENTATION_CONTEXT() REPRESENTATION_CONTEXT('2D SPACE',''
  ) );
#251 = ORIENTED_EDGE('',*,*,#252,.T.);
#252 = EDGE_CURVE('',#223,#253,#255,.T.);
#253 = VERTEX_POINT('',#254);
#254 = CARTESIAN_POINT('',(79.8,0.,31.9000001));
#255 = SURFACE_CURVE('',#256,(#260,#267),.PCURVE_S1.);
#256 = LINE('',#257,#258);
#257 = CARTESIAN_POINT('',(0.,0.,31.9000001));
#258 = VECTOR('',#259,1.);
#259 = DIRECTION('',(1.,0.,0.));
#260 = PCURVE('',#131,#261);
#261 = DEFINITIONAL_REPRESENTATION('',(#262),#266);
#262 = LINE('',#263,#264);
#263 = CARTESIAN_POINT('',(0.,0.));
#264 = VECTOR('',#265,1.);
#265 = DIRECTION('',(1.,0.));
#266 = ( GEOMETRIC_REPRESENTATION_CONTEXT(2) 
PARAMETRIC_REPRESENTATION_CONTEXT() REPRESENTATION_CONTEXT('2D SPACE',''
  ) );
#267 = PCURVE('',#268,#273);
#268 = PLANE('',#269);
#269 = AXIS2_PLACEMENT_3D('',#270,#271,#272);
#270 = CARTESIAN_POINT('',(0.,0.,31.9000001));
#271 = DIRECTION('',(0.,1.,0.));
#272 = DIRECTION('',(0.,0.,1.));
#273 = DEFINITIONAL_REPRESENTATION('',(#274),#278);
#274 = LINE('',#275,#276);
#275 = CARTESIAN_POINT('',(-3.552713678801E-15,0.));
#276 = VECTOR('',#277,1.);
#277 = DIRECTION('',(0.,1.));
#278 = ( GEOMETRIC_REPRESENTATION_CONTEXT(2) 
PARAMETRIC_REPRESENTATION_CONTEXT() REPRESENTATION_CONTEXT('2D SPACE',''
  ) );
#279 = ORIENTED_EDGE('',*,*,#280,.T.);
#280 = EDGE_CURVE('',#253,#171,#281,.T.);
#281 = SURFACE_CURVE('',#282,(#286,#293),.PCURVE_S1.);
#282 = LINE('',#283,#284);
#283 = CARTESIAN_POINT('',(79.8,-1.,31.9000001));
#284 = VECTOR('',#285,1.);
#285 = DIRECTION('',(0.,1.,0.));
#286 = PCURVE('',#131,#287);
#287 = DEFINITIONAL_REPRESENTATION('',(#288),#292);
#288 = LINE('',#289,#290);
#289 = CARTESIAN_POINT('',(79.8,-1.));
#290 = VECTOR('',#291,1.);
#291 = DIRECTION('',(0.,1.));
#292 = ( GEOMETRIC_REPRESENTATION_CONTEXT(2) 
PARAMETRIC_REPRESENTATION_CONTEXT() REPRESENTATION_CONTEXT('2D SPACE',''
  ) );
#293 = PCURVE('',#207,#294);
#294 = DEFINITIONAL_REPRESENTATION('',(#295),#299);
#295 = LINE('',#296,#297);
#296 = CARTESIAN_POINT('',(34.9,2.));
#297 = VECTOR('',#298,1.);
#298 = DIRECTION('',(0.,-1.));
#299 = ( GEOMETRIC_REPRESENTATION_CONTEXT(2) 
PARAMETRIC_REPRESENTATION_CONTEXT() REPRESENTATION_CONTEXT('2D SPACE',''
  ) );
#300 = ORIENTED_EDGE('',*,*,#170,.F.);
#301 = ORIENTED_EDGE('',*,*,#117,.F.);
#302 = ORIENTED_EDGE('',*,*,#303,.T.);
#303 = EDGE_CURVE('',#90,#225,#304,.T.);
#304 = SURFACE_CURVE('',#305,(#309,#316),.PCURVE_S1.);
#305 = LINE('',#306,#307);
#306 = CARTESIAN_POINT('',(0.,17.3,31.9000001));
#307 = VECTOR('',#308,1.);
#308 = DIRECTION('',(-1.,0.,0.));
#309 = PCURVE('',#131,#310);
#310 = DEFINITIONAL_REPRESENTATION('',(#311),#315);
#311 = LINE('',#312,#313);
#312 = CARTESIAN_POINT('',(0.,17.3));
#313 = VECTOR('',#314,1.);
#314 = DIRECTION('',(-1.,0.));
#315 = ( GEOMETRIC_REPRESENTATION_CONTEXT(2) 
PARAMETRIC_REPRESENTATION_CONTEXT() REPRESENTATION_CONTEXT('2D SPACE',''
  ) );
#316 = PCURVE('',#105,#317);
#317 = DEFINITIONAL_REPRESENTATION('',(#318),#322);
#318 = LINE('',#319,#320);
#319 = CARTESIAN_POINT('',(2.9,0.));
#320 = VECTOR('',#321,1.);
#321 = DIRECTION('',(0.,-1.));
#322 = ( GEOMETRIC_REPRESENTATION_CONTEXT(2) 
PARAMETRIC_REPRESENTATION_CONTEXT() REPRESENTATION_CONTEXT('2D SPACE',''
  ) );
#323 = ADVANCED_FACE('',(#324),#105,.F.);
#324 = FACE_BOUND('',#325,.F.);
#325 = EDGE_LOOP('',(#326,#356,#377,#378,#379,#402,#430,#458,#486,#509,
    #537,#565));
#326 = ORIENTED_EDGE('',*,*,#327,.F.);
#327 = EDGE_CURVE('',#328,#330,#332,.T.);
#328 = VERTEX_POINT('',#329);
#329 = CARTESIAN_POINT('',(0.,17.3,29.0000001));
#330 = VERTEX_POINT('',#331);
#331 = CARTESIAN_POINT('',(10.,17.3,29.0000001));
#332 = SURFACE_CURVE('',#333,(#337,#344),.PCURVE_S1.);
#333 = LINE('',#334,#335);
#334 = CARTESIAN_POINT('',(0.,17.3,29.0000001));
#335 = VECTOR('',#336,1.);
#336 = DIRECTION('',(1.,0.,0.));
#337 = PCURVE('',#105,#338);
#338 = DEFINITIONAL_REPRESENTATION('',(#339),#343);
#339 = LINE('',#340,#341);
#340 = CARTESIAN_POINT('',(0.,0.));
#341 = VECTOR('',#342,1.);
#342 = DIRECTION('',(0.,1.));
#343 = ( GEOMETRIC_REPRESENTATION_CONTEXT(2) 
PARAMETRIC_REPRESENTATION_CONTEXT() REPRESENTATION_CONTEXT('2D SPACE',''
  ) );
#344 = PCURVE('',#345,#350);
#345 = PLANE('',#346);
#346 = AXIS2_PLACEMENT_3D('',#347,#348,#349);
#347 = CARTESIAN_POINT('',(0.,17.3,29.0000001));
#348 = DIRECTION('',(0.,0.,1.));
#349 = DIRECTION('',(1.,0.,0.));
#350 = DEFINITIONAL_REPRESENTATION('',(#351),#355);
#351 = LINE('',#352,#353);
#352 = CARTESIAN_POINT('',(0.,0.));
#353 = VECTOR('',#354,1.);
#354 = DIRECTION('',(1.,0.));
#355 = ( GEOMETRIC_REPRESENTATION_CONTEXT(2) 
PARAMETRIC_REPRESENTATION_CONTEXT() REPRESENTATION_CONTEXT('2D SPACE',''
  ) );
#356 = ORIENTED_EDGE('',*,*,#357,.T.);
#357 = EDGE_CURVE('',#328,#225,#358,.T.);
#358 = SURFACE_CURVE('',#359,(#363,#370),.PCURVE_S1.);
#359 = LINE('',#360,#361);
#360 = CARTESIAN_POINT('',(0.,17.3,29.0000001));
#361 = VECTOR('',#362,1.);
#362 = DIRECTION('',(0.,0.,1.));
#363 = PCURVE('',#105,#364);
#364 = DEFINITIONAL_REPRESENTATION('',(#365),#369);
#365 = LINE('',#366,#367);
#366 = CARTESIAN_POINT('',(0.,0.));
#367 = VECTOR('',#368,1.);
#368 = DIRECTION('',(1.,0.));
#369 = ( GEOMETRIC_REPRESENTATION_CONTEXT(2) 
PARAMETRIC_REPRESENTATION_CONTEXT() REPRESENTATION_CONTEXT('2D SPACE',''
  ) );
#370 = PCURVE('',#240,#371);
#371 = DEFINITIONAL_REPRESENTATION('',(#372),#376);
#372 = LINE('',#373,#374);
#373 = CARTESIAN_POINT('',(-2.9,-17.3));
#374 = VECTOR('',#375,1.);
#375 = DIRECTION('',(1.,0.));
#376 = ( GEOMETRIC_REPRESENTATION_CONTEXT(2) 
PARAMETRIC_REPRESENTATION_CONTEXT() REPRESENTATION_CONTEXT('2D SPACE',''
  ) );
#377 = ORIENTED_EDGE('',*,*,#303,.F.);
#378 = ORIENTED_EDGE('',*,*,#89,.F.);
#379 = ORIENTED_EDGE('',*,*,#380,.F.);
#380 = EDGE_CURVE('',#381,#57,#383,.T.);
#381 = VERTEX_POINT('',#382);
#382 = CARTESIAN_POINT('',(150.,17.3,30.998676544826));
#383 = SURFACE_CURVE('',#384,(#388,#395),.PCURVE_S1.);
#384 = LINE('',#385,#386);
#385 = CARTESIAN_POINT('',(-1.,17.3,30.998676544826));
#386 = VECTOR('',#387,1.);
#387 = DIRECTION('',(-1.,-0.,-0.));
#388 = PCURVE('',#105,#389);
#389 = DEFINITIONAL_REPRESENTATION('',(#390),#394);
#390 = LINE('',#391,#392);
#391 = CARTESIAN_POINT('',(1.998676444826,-1.));
#392 = VECTOR('',#393,1.);
#393 = DIRECTION('',(0.,-1.));
#394 = ( GEOMETRIC_REPRESENTATION_CONTEXT(2) 
PARAMETRIC_REPRESENTATION_CONTEXT() REPRESENTATION_CONTEXT('2D SPACE',''
  ) );
#395 = PCURVE('',#77,#396);
#396 = DEFINITIONAL_REPRESENTATION('',(#397),#401);
#397 = LINE('',#398,#399);
#398 = CARTESIAN_POINT('',(-1.561972682887,0.));
#399 = VECTOR('',#400,1.);
#400 = DIRECTION('',(-0.,1.));
#401 = ( GEOMETRIC_REPRESENTATION_CONTEXT(2) 
PARAMETRIC_REPRESENTATION_CONTEXT() REPRESENTATION_CONTEXT('2D SPACE',''
  ) );
#402 = ORIENTED_EDGE('',*,*,#403,.T.);
#403 = EDGE_CURVE('',#381,#404,#406,.T.);
#404 = VERTEX_POINT('',#405);
#405 = CARTESIAN_POINT('',(150.,17.3,31.9000001));
#406 = SURFACE_CURVE('',#407,(#411,#418),.PCURVE_S1.);
#407 = LINE('',#408,#409);
#408 = CARTESIAN_POINT('',(150.,17.3,14.5000001));
#409 = VECTOR('',#410,1.);
#410 = DIRECTION('',(0.,0.,1.));
#411 = PCURVE('',#105,#412);
#412 = DEFINITIONAL_REPRESENTATION('',(#413),#417);
#413 = LINE('',#414,#415);
#414 = CARTESIAN_POINT('',(-14.5,150.));
#415 = VECTOR('',#416,1.);
#416 = DIRECTION('',(1.,0.));
#417 = ( GEOMETRIC_REPRESENTATION_CONTEXT(2) 
PARAMETRIC_REPRESENTATION_CONTEXT() REPRESENTATION_CONTEXT('2D SPACE',''
  ) );
#418 = PCURVE('',#419,#424);
#419 = PLANE('',#420);
#420 = AXIS2_PLACEMENT_3D('',#421,#422,#423);
#421 = CARTESIAN_POINT('',(150.,3.,1.000000011686E-07));
#422 = DIRECTION('',(1.,0.,0.));
#423 = DIRECTION('',(0.,0.,1.));
#424 = DEFINITIONAL_REPRESENTATION('',(#425),#429);
#425 = LINE('',#426,#427);
#426 = CARTESIAN_POINT('',(14.5,-14.3));
#427 = VECTOR('',#428,1.);
#428 = DIRECTION('',(1.,0.));
#429 = ( GEOMETRIC_REPRESENTATION_CONTEXT(2) 
PARAMETRIC_REPRESENTATION_CONTEXT() REPRESENTATION_CONTEXT('2D SPACE',''
  ) );
#430 = ORIENTED_EDGE('',*,*,#431,.F.);
#431 = EDGE_CURVE('',#432,#404,#434,.T.);
#432 = VERTEX_POINT('',#433);
#433 = CARTESIAN_POINT('',(170.,17.3,31.9000001));
#434 = SURFACE_CURVE('',#435,(#439,#446),.PCURVE_S1.);
#435 = LINE('',#436,#437);
#436 = CARTESIAN_POINT('',(0.,17.3,31.9000001));
#437 = VECTOR('',#438,1.);
#438 = DIRECTION('',(-1.,0.,0.));
#439 = PCURVE('',#105,#440);
#440 = DEFINITIONAL_REPRESENTATION('',(#441),#445);
#441 = LINE('',#442,#443);
#442 = CARTESIAN_POINT('',(2.9,0.));
#443 = VECTOR('',#444,1.);
#444 = DIRECTION('',(0.,-1.));
#445 = ( GEOMETRIC_REPRESENTATION_CONTEXT(2) 
PARAMETRIC_REPRESENTATION_CONTEXT() REPRESENTATION_CONTEXT('2D SPACE',''
  ) );
#446 = PCURVE('',#447,#452);
#447 = PLANE('',#448);
#448 = AXIS2_PLACEMENT_3D('',#449,#450,#451);
#449 = CARTESIAN_POINT('',(0.,0.,31.9000001));
#450 = DIRECTION('',(0.,0.,1.));
#451 = DIRECTION('',(1.,0.,0.));
#452 = DEFINITIONAL_REPRESENTATION('',(#453),#457);
#453 = LINE('',#454,#455);
#454 = CARTESIAN_POINT('',(0.,17.3));
#455 = VECTOR('',#456,1.);
#456 = DIRECTION('',(-1.,0.));
#457 = ( GEOMETRIC_REPRESENTATION_CONTEXT(2) 
PARAMETRIC_REPRESENTATION_CONTEXT() REPRESENTATION_CONTEXT('2D SPACE',''
  ) );
#458 = ORIENTED_EDGE('',*,*,#459,.F.);
#459 = EDGE_CURVE('',#460,#432,#462,.T.);
#460 = VERTEX_POINT('',#461);
#461 = CARTESIAN_POINT('',(170.,17.3,29.0000001));
#462 = SURFACE_CURVE('',#463,(#467,#474),.PCURVE_S1.);
#463 = LINE('',#464,#465);
#464 = CARTESIAN_POINT('',(170.,17.3,29.0000001));
#465 = VECTOR('',#466,1.);
#466 = DIRECTION('',(0.,0.,1.));
#467 = PCURVE('',#105,#468);
#468 = DEFINITIONAL_REPRESENTATION('',(#469),#473);
#469 = LINE('',#470,#471);
#470 = CARTESIAN_POINT('',(0.,170.));
#471 = VECTOR('',#472,1.);
#472 = DIRECTION('',(1.,0.));
#473 = ( GEOMETRIC_REPRESENTATION_CONTEXT(2) 
PARAMETRIC_REPRESENTATION_CONTEXT() REPRESENTATION_CONTEXT('2D SPACE',''
  ) );
#474 = PCURVE('',#475,#480);
#475 = PLANE('',#476);
#476 = AXIS2_PLACEMENT_3D('',#477,#478,#479);
#477 = CARTESIAN_POINT('',(170.,0.,31.9000001));
#478 = DIRECTION('',(1.,0.,0.));
#479 = DIRECTION('',(0.,0.,1.));
#480 = DEFINITIONAL_REPRESENTATION('',(#481),#485);
#481 = LINE('',#482,#483);
#482 = CARTESIAN_POINT('',(-2.9,-17.3));
#483 = VECTOR('',#484,1.);
#484 = DIRECTION('',(1.,0.));
#485 = ( GEOMETRIC_REPRESENTATION_CONTEXT(2) 
PARAMETRIC_REPRESENTATION_CONTEXT() REPRESENTATION_CONTEXT('2D SPACE',''
  ) );
#486 = ORIENTED_EDGE('',*,*,#487,.F.);
#487 = EDGE_CURVE('',#488,#460,#490,.T.);
#488 = VERTEX_POINT('',#489);
#489 = CARTESIAN_POINT('',(150.,17.3,29.0000001));
#490 = SURFACE_CURVE('',#491,(#495,#502),.PCURVE_S1.);
#491 = LINE('',#492,#493);
#492 = CARTESIAN_POINT('',(0.,17.3,29.0000001));
#493 = VECTOR('',#494,1.);
#494 = DIRECTION('',(1.,0.,0.));
#495 = PCURVE('',#105,#496);
#496 = DEFINITIONAL_REPRESENTATION('',(#497),#501);
#497 = LINE('',#498,#499);
#498 = CARTESIAN_POINT('',(0.,0.));
#499 = VECTOR('',#500,1.);
#500 = DIRECTION('',(0.,1.));
#501 = ( GEOMETRIC_REPRESENTATION_CONTEXT(2) 
PARAMETRIC_REPRESENTATION_CONTEXT() REPRESENTATION_CONTEXT('2D SPACE',''
  ) );
#502 = PCURVE('',#345,#503);
#503 = DEFINITIONAL_REPRESENTATION('',(#504),#508);
#504 = LINE('',#505,#506);
#505 = CARTESIAN_POINT('',(0.,0.));
#506 = VECTOR('',#507,1.);
#507 = DIRECTION('',(1.,0.));
#508 = ( GEOMETRIC_REPRESENTATION_CONTEXT(2) 
PARAMETRIC_REPRESENTATION_CONTEXT() REPRESENTATION_CONTEXT('2D SPACE',''
  ) );
#509 = ORIENTED_EDGE('',*,*,#510,.F.);
#510 = EDGE_CURVE('',#511,#488,#513,.T.);
#511 = VERTEX_POINT('',#512);
#512 = CARTESIAN_POINT('',(150.,17.3,28.9985938191));
#513 = SURFACE_CURVE('',#514,(#518,#525),.PCURVE_S1.);
#514 = LINE('',#515,#516);
#515 = CARTESIAN_POINT('',(150.,17.3,-101.4999999));
#516 = VECTOR('',#517,1.);
#517 = DIRECTION('',(0.,0.,1.));
#518 = PCURVE('',#105,#519);
#519 = DEFINITIONAL_REPRESENTATION('',(#520),#524);
#520 = LINE('',#521,#522);
#521 = CARTESIAN_POINT('',(-130.5,150.));
#522 = VECTOR('',#523,1.);
#523 = DIRECTION('',(1.,0.));
#524 = ( GEOMETRIC_REPRESENTATION_CONTEXT(2) 
PARAMETRIC_REPRESENTATION_CONTEXT() REPRESENTATION_CONTEXT('2D SPACE',''
  ) );
#525 = PCURVE('',#526,#531);
#526 = PLANE('',#527);
#527 = AXIS2_PLACEMENT_3D('',#528,#529,#530);
#528 = CARTESIAN_POINT('',(150.,3.,1.000000011686E-07));
#529 = DIRECTION('',(1.,0.,0.));
#530 = DIRECTION('',(0.,0.,1.));
#531 = DEFINITIONAL_REPRESENTATION('',(#532),#536);
#532 = LINE('',#533,#534);
#533 = CARTESIAN_POINT('',(-101.5,-14.3));
#534 = VECTOR('',#535,1.);
#535 = DIRECTION('',(1.,0.));
#536 = ( GEOMETRIC_REPRESENTATION_CONTEXT(2) 
PARAMETRIC_REPRESENTATION_CONTEXT() REPRESENTATION_CONTEXT('2D SPACE',''
  ) );
#537 = ORIENTED_EDGE('',*,*,#538,.T.);
#538 = EDGE_CURVE('',#511,#539,#541,.T.);
#539 = VERTEX_POINT('',#540);
#540 = CARTESIAN_POINT('',(10.,17.3,28.9985938191));
#541 = SURFACE_CURVE('',#542,(#546,#553),.PCURVE_S1.);
#542 = LINE('',#543,#544);
#543 = CARTESIAN_POINT('',(-1.,17.3,28.9985938191));
#544 = VECTOR('',#545,1.);
#545 = DIRECTION('',(-1.,-0.,-0.));
#546 = PCURVE('',#105,#547);
#547 = DEFINITIONAL_REPRESENTATION('',(#548),#552);
#548 = LINE('',#549,#550);
#549 = CARTESIAN_POINT('',(-1.406280900405E-03,-1.));
#550 = VECTOR('',#551,1.);
#551 = DIRECTION('',(0.,-1.));
#552 = ( GEOMETRIC_REPRESENTATION_CONTEXT(2) 
PARAMETRIC_REPRESENTATION_CONTEXT() REPRESENTATION_CONTEXT('2D SPACE',''
  ) );
#553 = PCURVE('',#554,#559);
#554 = CYLINDRICAL_SURFACE('',#555,32.);
#555 = AXIS2_PLACEMENT_3D('',#556,#557,#558);
#556 = CARTESIAN_POINT('',(-1.,17.,-2.9999999));
#557 = DIRECTION('',(-1.,-0.,-0.));
#558 = DIRECTION('',(0.,1.,0.));
#559 = DEFINITIONAL_REPRESENTATION('',(#560),#564);
#560 = LINE('',#561,#562);
#561 = CARTESIAN_POINT('',(-1.56142118946,0.));
#562 = VECTOR('',#563,1.);
#563 = DIRECTION('',(-0.,1.));
#564 = ( GEOMETRIC_REPRESENTATION_CONTEXT(2) 
PARAMETRIC_REPRESENTATION_CONTEXT() REPRESENTATION_CONTEXT('2D SPACE',''
  ) );
#565 = ORIENTED_EDGE('',*,*,#566,.T.);
#566 = EDGE_CURVE('',#539,#330,#567,.T.);
#567 = SURFACE_CURVE('',#568,(#572,#579),.PCURVE_S1.);
#568 = LINE('',#569,#570);
#569 = CARTESIAN_POINT('',(10.,17.3,-101.4999999));
#570 = VECTOR('',#571,1.);
#571 = DIRECTION('',(0.,0.,1.));
#572 = PCURVE('',#105,#573);
#573 = DEFINITIONAL_REPRESENTATION('',(#574),#578);
#574 = LINE('',#575,#576);
#575 = CARTESIAN_POINT('',(-130.5,10.));
#576 = VECTOR('',#577,1.);
#577 = DIRECTION('',(1.,0.));
#578 = ( GEOMETRIC_REPRESENTATION_CONTEXT(2) 
PARAMETRIC_REPRESENTATION_CONTEXT() REPRESENTATION_CONTEXT('2D SPACE',''
  ) );
#579 = PCURVE('',#580,#585);
#580 = PLANE('',#581);
#581 = AXIS2_PLACEMENT_3D('',#582,#583,#584);
#582 = CARTESIAN_POINT('',(10.,3.,1.000000011686E-07));
#583 = DIRECTION('',(1.,0.,0.));
#584 = DIRECTION('',(0.,0.,1.));
#585 = DEFINITIONAL_REPRESENTATION('',(#586),#590);
#586 = LINE('',#587,#588);
#587 = CARTESIAN_POINT('',(-101.5,-14.3));
#588 = VECTOR('',#589,1.);
#589 = DIRECTION('',(1.,0.));
#590 = ( GEOMETRIC_REPRESENTATION_CONTEXT(2) 
PARAMETRIC_REPRESENTATION_CONTEXT() REPRESENTATION_CONTEXT('2D SPACE',''
  ) );
#591 = ADVANCED_FACE('',(#592),#77,.F.);
#592 = FACE_BOUND('',#593,.T.);
#593 = EDGE_LOOP('',(#594,#595,#596,#597,#625,#653,#686,#714));
#594 = ORIENTED_EDGE('',*,*,#146,.T.);
#595 = ORIENTED_EDGE('',*,*,#56,.T.);
#596 = ORIENTED_EDGE('',*,*,#380,.F.);
#597 = ORIENTED_EDGE('',*,*,#598,.F.);
#598 = EDGE_CURVE('',#599,#381,#601,.T.);
#599 = VERTEX_POINT('',#600);
#600 = CARTESIAN_POINT('',(150.,3.,27.983866869659));
#601 = SURFACE_CURVE('',#602,(#607,#614),.PCURVE_S1.);
#602 = CIRCLE('',#603,34.);
#603 = AXIS2_PLACEMENT_3D('',#604,#605,#606);
#604 = CARTESIAN_POINT('',(150.,17.,-2.9999999));
#605 = DIRECTION('',(-1.,0.,0.));
#606 = DIRECTION('',(0.,1.,0.));
#607 = PCURVE('',#77,#608);
#608 = DEFINITIONAL_REPRESENTATION('',(#609),#613);
#609 = LINE('',#610,#611);
#610 = CARTESIAN_POINT('',(-6.28318530718,-151.));
#611 = VECTOR('',#612,1.);
#612 = DIRECTION('',(1.,-0.));
#613 = ( GEOMETRIC_REPRESENTATION_CONTEXT(2) 
PARAMETRIC_REPRESENTATION_CONTEXT() REPRESENTATION_CONTEXT('2D SPACE',''
  ) );
#614 = PCURVE('',#419,#615);
#615 = DEFINITIONAL_REPRESENTATION('',(#616),#624);
#616 = ( BOUNDED_CURVE() B_SPLINE_CURVE(2,(#617,#618,#619,#620,#621,#622
,#623),.UNSPECIFIED.,.T.,.F.) B_SPLINE_CURVE_WITH_KNOTS((1,2,2,2,2,1),(
    -2.094395102393,0.,2.094395102393,4.188790204786,6.28318530718,
8.377580409573),.UNSPECIFIED.) CURVE() GEOMETRIC_REPRESENTATION_ITEM() 
RATIONAL_B_SPLINE_CURVE((1.,0.5,1.,0.5,1.,0.5,1.)) REPRESENTATION_ITEM(
  '') );
#617 = CARTESIAN_POINT('',(-3.,-48.));
#618 = CARTESIAN_POINT('',(-61.88972745734,-48.));
#619 = CARTESIAN_POINT('',(-32.44486372867,3.));
#620 = CARTESIAN_POINT('',(-3.,54.));
#621 = CARTESIAN_POINT('',(26.444863728671,3.));
#622 = CARTESIAN_POINT('',(55.889727457342,-48.));
#623 = CARTESIAN_POINT('',(-3.,-48.));
#624 = ( GEOMETRIC_REPRESENTATION_CONTEXT(2) 
PARAMETRIC_REPRESENTATION_CONTEXT() REPRESENTATION_CONTEXT('2D SPACE',''
  ) );
#625 = ORIENTED_EDGE('',*,*,#626,.T.);
#626 = EDGE_CURVE('',#599,#627,#629,.T.);
#627 = VERTEX_POINT('',#628);
#628 = CARTESIAN_POINT('',(100.2,3.,27.983866869659));
#629 = SURFACE_CURVE('',#630,(#634,#641),.PCURVE_S1.);
#630 = LINE('',#631,#632);
#631 = CARTESIAN_POINT('',(-1.,3.,27.983866869659));
#632 = VECTOR('',#633,1.);
#633 = DIRECTION('',(-1.,-0.,-0.));
#634 = PCURVE('',#77,#635);
#635 = DEFINITIONAL_REPRESENTATION('',(#636),#640);
#636 = LINE('',#637,#638);
#637 = CARTESIAN_POINT('',(-1.995186035388,0.));
#638 = VECTOR('',#639,1.);
#639 = DIRECTION('',(-0.,1.));
#640 = ( GEOMETRIC_REPRESENTATION_CONTEXT(2) 
PARAMETRIC_REPRESENTATION_CONTEXT() REPRESENTATION_CONTEXT('2D SPACE',''
  ) );
#641 = PCURVE('',#642,#647);
#642 = PLANE('',#643);
#643 = AXIS2_PLACEMENT_3D('',#644,#645,#646);
#644 = CARTESIAN_POINT('',(10.,3.,1.000000011686E-07));
#645 = DIRECTION('',(0.,1.,0.));
#646 = DIRECTION('',(0.,0.,1.));
#647 = DEFINITIONAL_REPRESENTATION('',(#648),#652);
#648 = LINE('',#649,#650);
#649 = CARTESIAN_POINT('',(27.983866769659,-11.));
#650 = VECTOR('',#651,1.);
#651 = DIRECTION('',(0.,-1.));
#652 = ( GEOMETRIC_REPRESENTATION_CONTEXT(2) 
PARAMETRIC_REPRESENTATION_CONTEXT() REPRESENTATION_CONTEXT('2D SPACE',''
  ) );
#653 = ORIENTED_EDGE('',*,*,#654,.T.);
#654 = EDGE_CURVE('',#627,#655,#657,.T.);
#655 = VERTEX_POINT('',#656);
#656 = CARTESIAN_POINT('',(100.2,16.3,30.992793453886));
#657 = SURFACE_CURVE('',#658,(#663,#670),.PCURVE_S1.);
#658 = CIRCLE('',#659,34.);
#659 = AXIS2_PLACEMENT_3D('',#660,#661,#662);
#660 = CARTESIAN_POINT('',(100.2,17.,-2.9999999));
#661 = DIRECTION('',(-1.,0.,0.));
#662 = DIRECTION('',(0.,1.,0.));
#663 = PCURVE('',#77,#664);
#664 = DEFINITIONAL_REPRESENTATION('',(#665),#669);
#665 = LINE('',#666,#667);
#666 = CARTESIAN_POINT('',(-6.28318530718,-101.2));
#667 = VECTOR('',#668,1.);
#668 = DIRECTION('',(1.,-0.));
#669 = ( GEOMETRIC_REPRESENTATION_CONTEXT(2) 
PARAMETRIC_REPRESENTATION_CONTEXT() REPRESENTATION_CONTEXT('2D SPACE',''
  ) );
#670 = PCURVE('',#671,#676);
#671 = PLANE('',#672);
#672 = AXIS2_PLACEMENT_3D('',#673,#674,#675);
#673 = CARTESIAN_POINT('',(100.2,1.,-2.9999999));
#674 = DIRECTION('',(1.,0.,0.));
#675 = DIRECTION('',(0.,0.,1.));
#676 = DEFINITIONAL_REPRESENTATION('',(#677),#685);
#677 = ( BOUNDED_CURVE() B_SPLINE_CURVE(2,(#678,#679,#680,#681,#682,#683
,#684),.UNSPECIFIED.,.T.,.F.) B_SPLINE_CURVE_WITH_KNOTS((1,2,2,2,2,1),(
    -2.094395102393,0.,2.094395102393,4.188790204786,6.28318530718,
8.377580409573),.UNSPECIFIED.) CURVE() GEOMETRIC_REPRESENTATION_ITEM() 
RATIONAL_B_SPLINE_CURVE((1.,0.5,1.,0.5,1.,0.5,1.)) REPRESENTATION_ITEM(
  '') );
#678 = CARTESIAN_POINT('',(0.,-50.));
#679 = CARTESIAN_POINT('',(-58.88972745734,-50.));
#680 = CARTESIAN_POINT('',(-29.44486372867,1.));
#681 = CARTESIAN_POINT('',(-8.327598234202E-15,52.));
#682 = CARTESIAN_POINT('',(29.444863728671,1.));
#683 = CARTESIAN_POINT('',(58.889727457342,-50.));
#684 = CARTESIAN_POINT('',(0.,-50.));
#685 = ( GEOMETRIC_REPRESENTATION_CONTEXT(2) 
PARAMETRIC_REPRESENTATION_CONTEXT() REPRESENTATION_CONTEXT('2D SPACE',''
  ) );
#686 = ORIENTED_EDGE('',*,*,#687,.T.);
#687 = EDGE_CURVE('',#655,#688,#690,.T.);
#688 = VERTEX_POINT('',#689);
#689 = CARTESIAN_POINT('',(79.8,16.3,30.992793453886));
#690 = SURFACE_CURVE('',#691,(#695,#702),.PCURVE_S1.);
#691 = LINE('',#692,#693);
#692 = CARTESIAN_POINT('',(-1.,16.3,30.992793453886));
#693 = VECTOR('',#694,1.);
#694 = DIRECTION('',(-1.,-0.,-0.));
#695 = PCURVE('',#77,#696);
#696 = DEFINITIONAL_REPRESENTATION('',(#697),#701);
#697 = LINE('',#698,#699);
#698 = CARTESIAN_POINT('',(-1.591386016841,0.));
#699 = VECTOR('',#700,1.);
#700 = DIRECTION('',(-0.,1.));
#701 = ( GEOMETRIC_REPRESENTATION_CONTEXT(2) 
PARAMETRIC_REPRESENTATION_CONTEXT() REPRESENTATION_CONTEXT('2D SPACE',''
  ) );
#702 = PCURVE('',#703,#708);
#703 = PLANE('',#704);
#704 = AXIS2_PLACEMENT_3D('',#705,#706,#707);
#705 = CARTESIAN_POINT('',(79.8,16.3,-2.9999999));
#706 = DIRECTION('',(0.,1.,0.));
#707 = DIRECTION('',(0.,0.,1.));
#708 = DEFINITIONAL_REPRESENTATION('',(#709),#713);
#709 = LINE('',#710,#711);
#710 = CARTESIAN_POINT('',(33.992793353886,-80.8));
#711 = VECTOR('',#712,1.);
#712 = DIRECTION('',(0.,-1.));
#713 = ( GEOMETRIC_REPRESENTATION_CONTEXT(2) 
PARAMETRIC_REPRESENTATION_CONTEXT() REPRESENTATION_CONTEXT('2D SPACE',''
  ) );
#714 = ORIENTED_EDGE('',*,*,#715,.F.);
#715 = EDGE_CURVE('',#147,#688,#716,.T.);
#716 = SURFACE_CURVE('',#717,(#722,#729),.PCURVE_S1.);
#717 = CIRCLE('',#718,34.);
#718 = AXIS2_PLACEMENT_3D('',#719,#720,#721);
#719 = CARTESIAN_POINT('',(79.8,17.,-2.9999999));
#720 = DIRECTION('',(-1.,0.,0.));
#721 = DIRECTION('',(0.,1.,0.));
#722 = PCURVE('',#77,#723);
#723 = DEFINITIONAL_REPRESENTATION('',(#724),#728);
#724 = LINE('',#725,#726);
#725 = CARTESIAN_POINT('',(-6.28318530718,-80.8));
#726 = VECTOR('',#727,1.);
#727 = DIRECTION('',(1.,-0.));
#728 = ( GEOMETRIC_REPRESENTATION_CONTEXT(2) 
PARAMETRIC_REPRESENTATION_CONTEXT() REPRESENTATION_CONTEXT('2D SPACE',''
  ) );
#729 = PCURVE('',#207,#730);
#730 = DEFINITIONAL_REPRESENTATION('',(#731),#739);
#731 = ( BOUNDED_CURVE() B_SPLINE_CURVE(2,(#732,#733,#734,#735,#736,#737
,#738),.UNSPECIFIED.,.T.,.F.) B_SPLINE_CURVE_WITH_KNOTS((1,2,2,2,2,1),(
    -2.094395102393,0.,2.094395102393,4.188790204786,6.28318530718,
8.377580409573),.UNSPECIFIED.) CURVE() GEOMETRIC_REPRESENTATION_ITEM() 
RATIONAL_B_SPLINE_CURVE((1.,0.5,1.,0.5,1.,0.5,1.)) REPRESENTATION_ITEM(
  '') );
#732 = CARTESIAN_POINT('',(0.,-50.));
#733 = CARTESIAN_POINT('',(-58.88972745734,-50.));
#734 = CARTESIAN_POINT('',(-29.44486372867,1.));
#735 = CARTESIAN_POINT('',(-8.327598234202E-15,52.));
#736 = CARTESIAN_POINT('',(29.444863728671,1.));
#737 = CARTESIAN_POINT('',(58.889727457342,-50.));
#738 = CARTESIAN_POINT('',(0.,-50.));
#739 = ( GEOMETRIC_REPRESENTATION_CONTEXT(2) 
PARAMETRIC_REPRESENTATION_CONTEXT() REPRESENTATION_CONTEXT('2D SPACE',''
  ) );
#740 = ADVANCED_FACE('',(#741),#207,.T.);
#741 = FACE_BOUND('',#742,.T.);
#742 = EDGE_LOOP('',(#743,#766,#794,#815,#816,#817));
#743 = ORIENTED_EDGE('',*,*,#744,.T.);
#744 = EDGE_CURVE('',#688,#745,#747,.T.);
#745 = VERTEX_POINT('',#746);
#746 = CARTESIAN_POINT('',(79.8,16.3,33.5000001));
#747 = SURFACE_CURVE('',#748,(#752,#759),.PCURVE_S1.);
#748 = LINE('',#749,#750);
#749 = CARTESIAN_POINT('',(79.8,16.3,30.992793453886));
#750 = VECTOR('',#751,1.);
#751 = DIRECTION('',(0.,0.,1.));
#752 = PCURVE('',#207,#753);
#753 = DEFINITIONAL_REPRESENTATION('',(#754),#758);
#754 = LINE('',#755,#756);
#755 = CARTESIAN_POINT('',(33.992793353886,-15.3));
#756 = VECTOR('',#757,1.);
#757 = DIRECTION('',(1.,0.));
#758 = ( GEOMETRIC_REPRESENTATION_CONTEXT(2) 
PARAMETRIC_REPRESENTATION_CONTEXT() REPRESENTATION_CONTEXT('2D SPACE',''
  ) );
#759 = PCURVE('',#703,#760);
#760 = DEFINITIONAL_REPRESENTATION('',(#761),#765);
#761 = LINE('',#762,#763);
#762 = CARTESIAN_POINT('',(33.992793353886,0.));
#763 = VECTOR('',#764,1.);
#764 = DIRECTION('',(1.,0.));
#765 = ( GEOMETRIC_REPRESENTATION_CONTEXT(2) 
PARAMETRIC_REPRESENTATION_CONTEXT() REPRESENTATION_CONTEXT('2D SPACE',''
  ) );
#766 = ORIENTED_EDGE('',*,*,#767,.F.);
#767 = EDGE_CURVE('',#768,#745,#770,.T.);
#768 = VERTEX_POINT('',#769);
#769 = CARTESIAN_POINT('',(79.8,0.,33.5000001));
#770 = SURFACE_CURVE('',#771,(#775,#782),.PCURVE_S1.);
#771 = LINE('',#772,#773);
#772 = CARTESIAN_POINT('',(79.8,-2.,33.5000001));
#773 = VECTOR('',#774,1.);
#774 = DIRECTION('',(0.,1.,0.));
#775 = PCURVE('',#207,#776);
#776 = DEFINITIONAL_REPRESENTATION('',(#777),#781);
#777 = LINE('',#778,#779);
#778 = CARTESIAN_POINT('',(36.5,3.));
#779 = VECTOR('',#780,1.);
#780 = DIRECTION('',(0.,-1.));
#781 = ( GEOMETRIC_REPRESENTATION_CONTEXT(2) 
PARAMETRIC_REPRESENTATION_CONTEXT() REPRESENTATION_CONTEXT('2D SPACE',''
  ) );
#782 = PCURVE('',#783,#788);
#783 = PLANE('',#784);
#784 = AXIS2_PLACEMENT_3D('',#785,#786,#787);
#785 = CARTESIAN_POINT('',(79.8,-2.,33.5000001));
#786 = DIRECTION('',(0.,0.,1.));
#787 = DIRECTION('',(1.,0.,0.));
#788 = DEFINITIONAL_REPRESENTATION('',(#789),#793);
#789 = LINE('',#790,#791);
#790 = CARTESIAN_POINT('',(0.,0.));
#791 = VECTOR('',#792,1.);
#792 = DIRECTION('',(0.,1.));
#793 = ( GEOMETRIC_REPRESENTATION_CONTEXT(2) 
PARAMETRIC_REPRESENTATION_CONTEXT() REPRESENTATION_CONTEXT('2D SPACE',''
  ) );
#794 = ORIENTED_EDGE('',*,*,#795,.T.);
#795 = EDGE_CURVE('',#768,#253,#796,.T.);
#796 = SURFACE_CURVE('',#797,(#801,#808),.PCURVE_S1.);
#797 = LINE('',#798,#799);
#798 = CARTESIAN_POINT('',(79.8,0.,14.4500001));
#799 = VECTOR('',#800,1.);
#800 = DIRECTION('',(0.,0.,-1.));
#801 = PCURVE('',#207,#802);
#802 = DEFINITIONAL_REPRESENTATION('',(#803),#807);
#803 = LINE('',#804,#805);
#804 = CARTESIAN_POINT('',(17.45,1.));
#805 = VECTOR('',#806,1.);
#806 = DIRECTION('',(-1.,0.));
#807 = ( GEOMETRIC_REPRESENTATION_CONTEXT(2) 
PARAMETRIC_REPRESENTATION_CONTEXT() REPRESENTATION_CONTEXT('2D SPACE',''
  ) );
#808 = PCURVE('',#268,#809);
#809 = DEFINITIONAL_REPRESENTATION('',(#810),#814);
#810 = LINE('',#811,#812);
#811 = CARTESIAN_POINT('',(-17.45,79.8));
#812 = VECTOR('',#813,1.);
#813 = DIRECTION('',(-1.,0.));
#814 = ( GEOMETRIC_REPRESENTATION_CONTEXT(2) 
PARAMETRIC_REPRESENTATION_CONTEXT() REPRESENTATION_CONTEXT('2D SPACE',''
  ) );
#815 = ORIENTED_EDGE('',*,*,#280,.T.);
#816 = ORIENTED_EDGE('',*,*,#193,.T.);
#817 = ORIENTED_EDGE('',*,*,#715,.T.);
#818 = ADVANCED_FACE('',(#819),#240,.F.);
#819 = FACE_BOUND('',#820,.F.);
#820 = EDGE_LOOP('',(#821,#844,#845,#846,#869,#897));
#821 = ORIENTED_EDGE('',*,*,#822,.F.);
#822 = EDGE_CURVE('',#223,#823,#825,.T.);
#823 = VERTEX_POINT('',#824);
#824 = CARTESIAN_POINT('',(0.,0.,67.0000001));
#825 = SURFACE_CURVE('',#826,(#830,#837),.PCURVE_S1.);
#826 = LINE('',#827,#828);
#827 = CARTESIAN_POINT('',(0.,0.,31.9000001));
#828 = VECTOR('',#829,1.);
#829 = DIRECTION('',(0.,0.,1.));
#830 = PCURVE('',#240,#831);
#831 = DEFINITIONAL_REPRESENTATION('',(#832),#836);
#832 = LINE('',#833,#834);
#833 = CARTESIAN_POINT('',(0.,0.));
#834 = VECTOR('',#835,1.);
#835 = DIRECTION('',(1.,0.));
#836 = ( GEOMETRIC_REPRESENTATION_CONTEXT(2) 
PARAMETRIC_REPRESENTATION_CONTEXT() REPRESENTATION_CONTEXT('2D SPACE',''
  ) );
#837 = PCURVE('',#268,#838);
#838 = DEFINITIONAL_REPRESENTATION('',(#839),#843);
#839 = LINE('',#840,#841);
#840 = CARTESIAN_POINT('',(0.,0.));
#841 = VECTOR('',#842,1.);
#842 = DIRECTION('',(1.,0.));
#843 = ( GEOMETRIC_REPRESENTATION_CONTEXT(2) 
PARAMETRIC_REPRESENTATION_CONTEXT() REPRESENTATION_CONTEXT('2D SPACE',''
  ) );
#844 = ORIENTED_EDGE('',*,*,#222,.T.);
#845 = ORIENTED_EDGE('',*,*,#357,.F.);
#846 = ORIENTED_EDGE('',*,*,#847,.T.);
#847 = EDGE_CURVE('',#328,#848,#850,.T.);
#848 = VERTEX_POINT('',#849);
#849 = CARTESIAN_POINT('',(0.,111.,29.0000001));
#850 = SURFACE_CURVE('',#851,(#855,#862),.PCURVE_S1.);
#851 = LINE('',#852,#853);
#852 = CARTESIAN_POINT('',(0.,17.3,29.0000001));
#853 = VECTOR('',#854,1.);
#854 = DIRECTION('',(0.,1.,0.));
#855 = PCURVE('',#240,#856);
#856 = DEFINITIONAL_REPRESENTATION('',(#857),#861);
#857 = LINE('',#858,#859);
#858 = CARTESIAN_POINT('',(-2.9,-17.3));
#859 = VECTOR('',#860,1.);
#860 = DIRECTION('',(0.,-1.));
#861 = ( GEOMETRIC_REPRESENTATION_CONTEXT(2) 
PARAMETRIC_REPRESENTATION_CONTEXT() REPRESENTATION_CONTEXT('2D SPACE',''
  ) );
#862 = PCURVE('',#345,#863);
#863 = DEFINITIONAL_REPRESENTATION('',(#864),#868);
#864 = LINE('',#865,#866);
#865 = CARTESIAN_POINT('',(0.,0.));
#866 = VECTOR('',#867,1.);
#867 = DIRECTION('',(0.,1.));
#868 = ( GEOMETRIC_REPRESENTATION_CONTEXT(2) 
PARAMETRIC_REPRESENTATION_CONTEXT() REPRESENTATION_CONTEXT('2D SPACE',''
  ) );
#869 = ORIENTED_EDGE('',*,*,#870,.F.);
#870 = EDGE_CURVE('',#871,#848,#873,.T.);
#871 = VERTEX_POINT('',#872);
#872 = CARTESIAN_POINT('',(0.,111.,67.0000001));
#873 = SURFACE_CURVE('',#874,(#878,#885),.PCURVE_S1.);
#874 = LINE('',#875,#876);
#875 = CARTESIAN_POINT('',(0.,111.,67.0000001));
#876 = VECTOR('',#877,1.);
#877 = DIRECTION('',(0.,0.,-1.));
#878 = PCURVE('',#240,#879);
#879 = DEFINITIONAL_REPRESENTATION('',(#880),#884);
#880 = LINE('',#881,#882);
#881 = CARTESIAN_POINT('',(35.1,-111.));
#882 = VECTOR('',#883,1.);
#883 = DIRECTION('',(-1.,0.));
#884 = ( GEOMETRIC_REPRESENTATION_CONTEXT(2) 
PARAMETRIC_REPRESENTATION_CONTEXT() REPRESENTATION_CONTEXT('2D SPACE',''
  ) );
#885 = PCURVE('',#886,#891);
#886 = PLANE('',#887);
#887 = AXIS2_PLACEMENT_3D('',#888,#889,#890);
#888 = CARTESIAN_POINT('',(0.,111.,31.9000001));
#889 = DIRECTION('',(0.,1.,0.));
#890 = DIRECTION('',(0.,0.,1.));
#891 = DEFINITIONAL_REPRESENTATION('',(#892),#896);
#892 = LINE('',#893,#894);
#893 = CARTESIAN_POINT('',(35.1,0.));
#894 = VECTOR('',#895,1.);
#895 = DIRECTION('',(-1.,0.));
#896 = ( GEOMETRIC_REPRESENTATION_CONTEXT(2) 
PARAMETRIC_REPRESENTATION_CONTEXT() REPRESENTATION_CONTEXT('2D SPACE',''
  ) );
#897 = ORIENTED_EDGE('',*,*,#898,.F.);
#898 = EDGE_CURVE('',#823,#871,#899,.T.);
#899 = SURFACE_CURVE('',#900,(#904,#911),.PCURVE_S1.);
#900 = LINE('',#901,#902);
#901 = CARTESIAN_POINT('',(0.,0.,67.0000001));
#902 = VECTOR('',#903,1.);
#903 = DIRECTION('',(0.,1.,0.));
#904 = PCURVE('',#240,#905);
#905 = DEFINITIONAL_REPRESENTATION('',(#906),#910);
#906 = LINE('',#907,#908);
#907 = CARTESIAN_POINT('',(35.1,0.));
#908 = VECTOR('',#909,1.);
#909 = DIRECTION('',(0.,-1.));
#910 = ( GEOMETRIC_REPRESENTATION_CONTEXT(2) 
PARAMETRIC_REPRESENTATION_CONTEXT() REPRESENTATION_CONTEXT('2D SPACE',''
  ) );
#911 = PCURVE('',#912,#917);
#912 = PLANE('',#913);
#913 = AXIS2_PLACEMENT_3D('',#914,#915,#916);
#914 = CARTESIAN_POINT('',(0.,0.,67.0000001));
#915 = DIRECTION('',(0.,0.,1.));
#916 = DIRECTION('',(1.,0.,0.));
#917 = DEFINITIONAL_REPRESENTATION('',(#918),#922);
#918 = LINE('',#919,#920);
#919 = CARTESIAN_POINT('',(0.,0.));
#920 = VECTOR('',#921,1.);
#921 = DIRECTION('',(0.,1.));
#922 = ( GEOMETRIC_REPRESENTATION_CONTEXT(2) 
PARAMETRIC_REPRESENTATION_CONTEXT() REPRESENTATION_CONTEXT('2D SPACE',''
  ) );
#923 = ADVANCED_FACE('',(#924),#268,.F.);
#924 = FACE_BOUND('',#925,.F.);
#925 = EDGE_LOOP('',(#926,#927,#928,#951,#974,#997,#1020,#1041));
#926 = ORIENTED_EDGE('',*,*,#252,.F.);
#927 = ORIENTED_EDGE('',*,*,#822,.T.);
#928 = ORIENTED_EDGE('',*,*,#929,.T.);
#929 = EDGE_CURVE('',#823,#930,#932,.T.);
#930 = VERTEX_POINT('',#931);
#931 = CARTESIAN_POINT('',(170.,0.,67.0000001));
#932 = SURFACE_CURVE('',#933,(#937,#944),.PCURVE_S1.);
#933 = LINE('',#934,#935);
#934 = CARTESIAN_POINT('',(0.,0.,67.0000001));
#935 = VECTOR('',#936,1.);
#936 = DIRECTION('',(1.,0.,0.));
#937 = PCURVE('',#268,#938);
#938 = DEFINITIONAL_REPRESENTATION('',(#939),#943);
#939 = LINE('',#940,#941);
#940 = CARTESIAN_POINT('',(35.1,0.));
#941 = VECTOR('',#942,1.);
#942 = DIRECTION('',(0.,1.));
#943 = ( GEOMETRIC_REPRESENTATION_CONTEXT(2) 
PARAMETRIC_REPRESENTATION_CONTEXT() REPRESENTATION_CONTEXT('2D SPACE',''
  ) );
#944 = PCURVE('',#912,#945);
#945 = DEFINITIONAL_REPRESENTATION('',(#946),#950);
#946 = LINE('',#947,#948);
#947 = CARTESIAN_POINT('',(0.,0.));
#948 = VECTOR('',#949,1.);
#949 = DIRECTION('',(1.,0.));
#950 = ( GEOMETRIC_REPRESENTATION_CONTEXT(2) 
PARAMETRIC_REPRESENTATION_CONTEXT() REPRESENTATION_CONTEXT('2D SPACE',''
  ) );
#951 = ORIENTED_EDGE('',*,*,#952,.T.);
#952 = EDGE_CURVE('',#930,#953,#955,.T.);
#953 = VERTEX_POINT('',#954);
#954 = CARTESIAN_POINT('',(170.,0.,31.9000001));
#955 = SURFACE_CURVE('',#956,(#960,#967),.PCURVE_S1.);
#956 = LINE('',#957,#958);
#957 = CARTESIAN_POINT('',(170.,0.,67.0000001));
#958 = VECTOR('',#959,1.);
#959 = DIRECTION('',(0.,0.,-1.));
#960 = PCURVE('',#268,#961);
#961 = DEFINITIONAL_REPRESENTATION('',(#962),#966);
#962 = LINE('',#963,#964);
#963 = CARTESIAN_POINT('',(35.1,170.));
#964 = VECTOR('',#965,1.);
#965 = DIRECTION('',(-1.,0.));
#966 = ( GEOMETRIC_REPRESENTATION_CONTEXT(2) 
PARAMETRIC_REPRESENTATION_CONTEXT() REPRESENTATION_CONTEXT('2D SPACE',''
  ) );
#967 = PCURVE('',#475,#968);
#968 = DEFINITIONAL_REPRESENTATION('',(#969),#973);
#969 = LINE('',#970,#971);
#970 = CARTESIAN_POINT('',(35.1,0.));
#971 = VECTOR('',#972,1.);
#972 = DIRECTION('',(-1.,0.));
#973 = ( GEOMETRIC_REPRESENTATION_CONTEXT(2) 
PARAMETRIC_REPRESENTATION_CONTEXT() REPRESENTATION_CONTEXT('2D SPACE',''
  ) );
#974 = ORIENTED_EDGE('',*,*,#975,.F.);
#975 = EDGE_CURVE('',#976,#953,#978,.T.);
#976 = VERTEX_POINT('',#977);
#977 = CARTESIAN_POINT('',(100.2,0.,31.9000001));
#978 = SURFACE_CURVE('',#979,(#983,#990),.PCURVE_S1.);
#979 = LINE('',#980,#981);
#980 = CARTESIAN_POINT('',(0.,0.,31.9000001));
#981 = VECTOR('',#982,1.);
#982 = DIRECTION('',(1.,0.,0.));
#983 = PCURVE('',#268,#984);
#984 = DEFINITIONAL_REPRESENTATION('',(#985),#989);
#985 = LINE('',#986,#987);
#986 = CARTESIAN_POINT('',(-3.552713678801E-15,0.));
#987 = VECTOR('',#988,1.);
#988 = DIRECTION('',(0.,1.));
#989 = ( GEOMETRIC_REPRESENTATION_CONTEXT(2) 
PARAMETRIC_REPRESENTATION_CONTEXT() REPRESENTATION_CONTEXT('2D SPACE',''
  ) );
#990 = PCURVE('',#447,#991);
#991 = DEFINITIONAL_REPRESENTATION('',(#992),#996);
#992 = LINE('',#993,#994);
#993 = CARTESIAN_POINT('',(0.,0.));
#994 = VECTOR('',#995,1.);
#995 = DIRECTION('',(1.,0.));
#996 = ( GEOMETRIC_REPRESENTATION_CONTEXT(2) 
PARAMETRIC_REPRESENTATION_CONTEXT() REPRESENTATION_CONTEXT('2D SPACE',''
  ) );
#997 = ORIENTED_EDGE('',*,*,#998,.F.);
#998 = EDGE_CURVE('',#999,#976,#1001,.T.);
#999 = VERTEX_POINT('',#1000);
#1000 = CARTESIAN_POINT('',(100.2,0.,33.5000001));
#1001 = SURFACE_CURVE('',#1002,(#1006,#1013),.PCURVE_S1.);
#1002 = LINE('',#1003,#1004);
#1003 = CARTESIAN_POINT('',(100.2,0.,14.4500001));
#1004 = VECTOR('',#1005,1.);
#1005 = DIRECTION('',(0.,0.,-1.));
#1006 = PCURVE('',#268,#1007);
#1007 = DEFINITIONAL_REPRESENTATION('',(#1008),#1012);
#1008 = LINE('',#1009,#1010);
#1009 = CARTESIAN_POINT('',(-17.45,100.2));
#1010 = VECTOR('',#1011,1.);
#1011 = DIRECTION('',(-1.,0.));
#1012 = ( GEOMETRIC_REPRESENTATION_CONTEXT(2) 
PARAMETRIC_REPRESENTATION_CONTEXT() REPRESENTATION_CONTEXT('2D SPACE',''
  ) );
#1013 = PCURVE('',#671,#1014);
#1014 = DEFINITIONAL_REPRESENTATION('',(#1015),#1019);
#1015 = LINE('',#1016,#1017);
#1016 = CARTESIAN_POINT('',(17.45,1.));
#1017 = VECTOR('',#1018,1.);
#1018 = DIRECTION('',(-1.,0.));
#1019 = ( GEOMETRIC_REPRESENTATION_CONTEXT(2) 
PARAMETRIC_REPRESENTATION_CONTEXT() REPRESENTATION_CONTEXT('2D SPACE',''
  ) );
#1020 = ORIENTED_EDGE('',*,*,#1021,.F.);
#1021 = EDGE_CURVE('',#768,#999,#1022,.T.);
#1022 = SURFACE_CURVE('',#1023,(#1027,#1034),.PCURVE_S1.);
#1023 = LINE('',#1024,#1025);
#1024 = CARTESIAN_POINT('',(39.9,0.,33.5000001));
#1025 = VECTOR('',#1026,1.);
#1026 = DIRECTION('',(1.,0.,0.));
#1027 = PCURVE('',#268,#1028);
#1028 = DEFINITIONAL_REPRESENTATION('',(#1029),#1033);
#1029 = LINE('',#1030,#1031);
#1030 = CARTESIAN_POINT('',(1.6,39.9));
#1031 = VECTOR('',#1032,1.);
#1032 = DIRECTION('',(0.,1.));
#1033 = ( GEOMETRIC_REPRESENTATION_CONTEXT(2) 
PARAMETRIC_REPRESENTATION_CONTEXT() REPRESENTATION_CONTEXT('2D SPACE',''
  ) );
#1034 = PCURVE('',#783,#1035);
#1035 = DEFINITIONAL_REPRESENTATION('',(#1036),#1040);
#1036 = LINE('',#1037,#1038);
#1037 = CARTESIAN_POINT('',(-39.9,2.));
#1038 = VECTOR('',#1039,1.);
#1039 = DIRECTION('',(1.,0.));
#1040 = ( GEOMETRIC_REPRESENTATION_CONTEXT(2) 
PARAMETRIC_REPRESENTATION_CONTEXT() REPRESENTATION_CONTEXT('2D SPACE',''
  ) );
#1041 = ORIENTED_EDGE('',*,*,#795,.T.);
#1042 = ADVANCED_FACE('',(#1043),#345,.F.);
#1043 = FACE_BOUND('',#1044,.F.);
#1044 = EDGE_LOOP('',(#1045,#1068,#1069,#1070,#1093,#1121,#1142,#1143));
#1045 = ORIENTED_EDGE('',*,*,#1046,.F.);
#1046 = EDGE_CURVE('',#848,#1047,#1049,.T.);
#1047 = VERTEX_POINT('',#1048);
#1048 = CARTESIAN_POINT('',(170.,111.,29.0000001));
#1049 = SURFACE_CURVE('',#1050,(#1054,#1061),.PCURVE_S1.);
#1050 = LINE('',#1051,#1052);
#1051 = CARTESIAN_POINT('',(0.,111.,29.0000001));
#1052 = VECTOR('',#1053,1.);
#1053 = DIRECTION('',(1.,0.,0.));
#1054 = PCURVE('',#345,#1055);
#1055 = DEFINITIONAL_REPRESENTATION('',(#1056),#1060);
#1056 = LINE('',#1057,#1058);
#1057 = CARTESIAN_POINT('',(0.,93.7));
#1058 = VECTOR('',#1059,1.);
#1059 = DIRECTION('',(1.,0.));
#1060 = ( GEOMETRIC_REPRESENTATION_CONTEXT(2) 
PARAMETRIC_REPRESENTATION_CONTEXT() REPRESENTATION_CONTEXT('2D SPACE',''
  ) );
#1061 = PCURVE('',#886,#1062);
#1062 = DEFINITIONAL_REPRESENTATION('',(#1063),#1067);
#1063 = LINE('',#1064,#1065);
#1064 = CARTESIAN_POINT('',(-2.9,0.));
#1065 = VECTOR('',#1066,1.);
#1066 = DIRECTION('',(0.,1.));
#1067 = ( GEOMETRIC_REPRESENTATION_CONTEXT(2) 
PARAMETRIC_REPRESENTATION_CONTEXT() REPRESENTATION_CONTEXT('2D SPACE',''
  ) );
#1068 = ORIENTED_EDGE('',*,*,#847,.F.);
#1069 = ORIENTED_EDGE('',*,*,#327,.T.);
#1070 = ORIENTED_EDGE('',*,*,#1071,.F.);
#1071 = EDGE_CURVE('',#1072,#330,#1074,.T.);
#1072 = VERTEX_POINT('',#1073);
#1073 = CARTESIAN_POINT('',(10.,60.,29.0000001));
#1074 = SURFACE_CURVE('',#1075,(#1079,#1086),.PCURVE_S1.);
#1075 = LINE('',#1076,#1077);
#1076 = CARTESIAN_POINT('',(10.,10.15,29.0000001));
#1077 = VECTOR('',#1078,1.);
#1078 = DIRECTION('',(0.,-1.,0.));
#1079 = PCURVE('',#345,#1080);
#1080 = DEFINITIONAL_REPRESENTATION('',(#1081),#1085);
#1081 = LINE('',#1082,#1083);
#1082 = CARTESIAN_POINT('',(10.,-7.15));
#1083 = VECTOR('',#1084,1.);
#1084 = DIRECTION('',(0.,-1.));
#1085 = ( GEOMETRIC_REPRESENTATION_CONTEXT(2) 
PARAMETRIC_REPRESENTATION_CONTEXT() REPRESENTATION_CONTEXT('2D SPACE',''
  ) );
#1086 = PCURVE('',#580,#1087);
#1087 = DEFINITIONAL_REPRESENTATION('',(#1088),#1092);
#1088 = LINE('',#1089,#1090);
#1089 = CARTESIAN_POINT('',(29.,-7.15));
#1090 = VECTOR('',#1091,1.);
#1091 = DIRECTION('',(0.,1.));
#1092 = ( GEOMETRIC_REPRESENTATION_CONTEXT(2) 
PARAMETRIC_REPRESENTATION_CONTEXT() REPRESENTATION_CONTEXT('2D SPACE',''
  ) );
#1093 = ORIENTED_EDGE('',*,*,#1094,.T.);
#1094 = EDGE_CURVE('',#1072,#1095,#1097,.T.);
#1095 = VERTEX_POINT('',#1096);
#1096 = CARTESIAN_POINT('',(150.,60.,29.0000001));
#1097 = SURFACE_CURVE('',#1098,(#1102,#1109),.PCURVE_S1.);
#1098 = LINE('',#1099,#1100);
#1099 = CARTESIAN_POINT('',(5.,60.,29.0000001));
#1100 = VECTOR('',#1101,1.);
#1101 = DIRECTION('',(1.,0.,0.));
#1102 = PCURVE('',#345,#1103);
#1103 = DEFINITIONAL_REPRESENTATION('',(#1104),#1108);
#1104 = LINE('',#1105,#1106);
#1105 = CARTESIAN_POINT('',(5.,42.7));
#1106 = VECTOR('',#1107,1.);
#1107 = DIRECTION('',(1.,0.));
#1108 = ( GEOMETRIC_REPRESENTATION_CONTEXT(2) 
PARAMETRIC_REPRESENTATION_CONTEXT() REPRESENTATION_CONTEXT('2D SPACE',''
  ) );
#1109 = PCURVE('',#1110,#1115);
#1110 = PLANE('',#1111);
#1111 = AXIS2_PLACEMENT_3D('',#1112,#1113,#1114);
#1112 = CARTESIAN_POINT('',(10.,60.,1.000000011686E-07));
#1113 = DIRECTION('',(0.,1.,0.));
#1114 = DIRECTION('',(0.,0.,1.));
#1115 = DEFINITIONAL_REPRESENTATION('',(#1116),#1120);
#1116 = LINE('',#1117,#1118);
#1117 = CARTESIAN_POINT('',(29.,-5.));
#1118 = VECTOR('',#1119,1.);
#1119 = DIRECTION('',(0.,1.));
#1120 = ( GEOMETRIC_REPRESENTATION_CONTEXT(2) 
PARAMETRIC_REPRESENTATION_CONTEXT() REPRESENTATION_CONTEXT('2D SPACE',''
  ) );
#1121 = ORIENTED_EDGE('',*,*,#1122,.T.);
#1122 = EDGE_CURVE('',#1095,#488,#1123,.T.);
#1123 = SURFACE_CURVE('',#1124,(#1128,#1135),.PCURVE_S1.);
#1124 = LINE('',#1125,#1126);
#1125 = CARTESIAN_POINT('',(150.,10.15,29.0000001));
#1126 = VECTOR('',#1127,1.);
#1127 = DIRECTION('',(0.,-1.,0.));
#1128 = PCURVE('',#345,#1129);
#1129 = DEFINITIONAL_REPRESENTATION('',(#1130),#1134);
#1130 = LINE('',#1131,#1132);
#1131 = CARTESIAN_POINT('',(150.,-7.15));
#1132 = VECTOR('',#1133,1.);
#1133 = DIRECTION('',(0.,-1.));
#1134 = ( GEOMETRIC_REPRESENTATION_CONTEXT(2) 
PARAMETRIC_REPRESENTATION_CONTEXT() REPRESENTATION_CONTEXT('2D SPACE',''
  ) );
#1135 = PCURVE('',#526,#1136);
#1136 = DEFINITIONAL_REPRESENTATION('',(#1137),#1141);
#1137 = LINE('',#1138,#1139);
#1138 = CARTESIAN_POINT('',(29.,-7.15));
#1139 = VECTOR('',#1140,1.);
#1140 = DIRECTION('',(0.,1.));
#1141 = ( GEOMETRIC_REPRESENTATION_CONTEXT(2) 
PARAMETRIC_REPRESENTATION_CONTEXT() REPRESENTATION_CONTEXT('2D SPACE',''
  ) );
#1142 = ORIENTED_EDGE('',*,*,#487,.T.);
#1143 = ORIENTED_EDGE('',*,*,#1144,.T.);
#1144 = EDGE_CURVE('',#460,#1047,#1145,.T.);
#1145 = SURFACE_CURVE('',#1146,(#1150,#1157),.PCURVE_S1.);
#1146 = LINE('',#1147,#1148);
#1147 = CARTESIAN_POINT('',(170.,17.3,29.0000001));
#1148 = VECTOR('',#1149,1.);
#1149 = DIRECTION('',(0.,1.,0.));
#1150 = PCURVE('',#345,#1151);
#1151 = DEFINITIONAL_REPRESENTATION('',(#1152),#1156);
#1152 = LINE('',#1153,#1154);
#1153 = CARTESIAN_POINT('',(170.,0.));
#1154 = VECTOR('',#1155,1.);
#1155 = DIRECTION('',(0.,1.));
#1156 = ( GEOMETRIC_REPRESENTATION_CONTEXT(2) 
PARAMETRIC_REPRESENTATION_CONTEXT() REPRESENTATION_CONTEXT('2D SPACE',''
  ) );
#1157 = PCURVE('',#475,#1158);
#1158 = DEFINITIONAL_REPRESENTATION('',(#1159),#1163);
#1159 = LINE('',#1160,#1161);
#1160 = CARTESIAN_POINT('',(-2.9,-17.3));
#1161 = VECTOR('',#1162,1.);
#1162 = DIRECTION('',(0.,-1.));
#1163 = ( GEOMETRIC_REPRESENTATION_CONTEXT(2) 
PARAMETRIC_REPRESENTATION_CONTEXT() REPRESENTATION_CONTEXT('2D SPACE',''
  ) );
#1164 = ADVANCED_FACE('',(#1165),#419,.T.);
#1165 = FACE_BOUND('',#1166,.T.);
#1166 = EDGE_LOOP('',(#1167,#1190,#1191,#1192));
#1167 = ORIENTED_EDGE('',*,*,#1168,.F.);
#1168 = EDGE_CURVE('',#599,#1169,#1171,.T.);
#1169 = VERTEX_POINT('',#1170);
#1170 = CARTESIAN_POINT('',(150.,3.,31.9000001));
#1171 = SURFACE_CURVE('',#1172,(#1176,#1183),.PCURVE_S1.);
#1172 = LINE('',#1173,#1174);
#1173 = CARTESIAN_POINT('',(150.,3.,1.000000011686E-07));
#1174 = VECTOR('',#1175,1.);
#1175 = DIRECTION('',(0.,0.,1.));
#1176 = PCURVE('',#419,#1177);
#1177 = DEFINITIONAL_REPRESENTATION('',(#1178),#1182);
#1178 = LINE('',#1179,#1180);
#1179 = CARTESIAN_POINT('',(0.,0.));
#1180 = VECTOR('',#1181,1.);
#1181 = DIRECTION('',(1.,0.));
#1182 = ( GEOMETRIC_REPRESENTATION_CONTEXT(2) 
PARAMETRIC_REPRESENTATION_CONTEXT() REPRESENTATION_CONTEXT('2D SPACE',''
  ) );
#1183 = PCURVE('',#642,#1184);
#1184 = DEFINITIONAL_REPRESENTATION('',(#1185),#1189);
#1185 = LINE('',#1186,#1187);
#1186 = CARTESIAN_POINT('',(0.,140.));
#1187 = VECTOR('',#1188,1.);
#1188 = DIRECTION('',(1.,0.));
#1189 = ( GEOMETRIC_REPRESENTATION_CONTEXT(2) 
PARAMETRIC_REPRESENTATION_CONTEXT() REPRESENTATION_CONTEXT('2D SPACE',''
  ) );
#1190 = ORIENTED_EDGE('',*,*,#598,.T.);
#1191 = ORIENTED_EDGE('',*,*,#403,.T.);
#1192 = ORIENTED_EDGE('',*,*,#1193,.T.);
#1193 = EDGE_CURVE('',#404,#1169,#1194,.T.);
#1194 = SURFACE_CURVE('',#1195,(#1199,#1206),.PCURVE_S1.);
#1195 = LINE('',#1196,#1197);
#1196 = CARTESIAN_POINT('',(150.,1.5,31.9000001));
#1197 = VECTOR('',#1198,1.);
#1198 = DIRECTION('',(0.,-1.,0.));
#1199 = PCURVE('',#419,#1200);
#1200 = DEFINITIONAL_REPRESENTATION('',(#1201),#1205);
#1201 = LINE('',#1202,#1203);
#1202 = CARTESIAN_POINT('',(31.9,1.5));
#1203 = VECTOR('',#1204,1.);
#1204 = DIRECTION('',(0.,1.));
#1205 = ( GEOMETRIC_REPRESENTATION_CONTEXT(2) 
PARAMETRIC_REPRESENTATION_CONTEXT() REPRESENTATION_CONTEXT('2D SPACE',''
  ) );
#1206 = PCURVE('',#447,#1207);
#1207 = DEFINITIONAL_REPRESENTATION('',(#1208),#1212);
#1208 = LINE('',#1209,#1210);
#1209 = CARTESIAN_POINT('',(150.,1.5));
#1210 = VECTOR('',#1211,1.);
#1211 = DIRECTION('',(0.,-1.));
#1212 = ( GEOMETRIC_REPRESENTATION_CONTEXT(2) 
PARAMETRIC_REPRESENTATION_CONTEXT() REPRESENTATION_CONTEXT('2D SPACE',''
  ) );
#1213 = ADVANCED_FACE('',(#1214),#447,.F.);
#1214 = FACE_BOUND('',#1215,.F.);
#1215 = EDGE_LOOP('',(#1216,#1239,#1240,#1261,#1262,#1263));
#1216 = ORIENTED_EDGE('',*,*,#1217,.F.);
#1217 = EDGE_CURVE('',#976,#1218,#1220,.T.);
#1218 = VERTEX_POINT('',#1219);
#1219 = CARTESIAN_POINT('',(100.2,3.,31.9000001));
#1220 = SURFACE_CURVE('',#1221,(#1225,#1232),.PCURVE_S1.);
#1221 = LINE('',#1222,#1223);
#1222 = CARTESIAN_POINT('',(100.2,-1.,31.9000001));
#1223 = VECTOR('',#1224,1.);
#1224 = DIRECTION('',(0.,1.,0.));
#1225 = PCURVE('',#447,#1226);
#1226 = DEFINITIONAL_REPRESENTATION('',(#1227),#1231);
#1227 = LINE('',#1228,#1229);
#1228 = CARTESIAN_POINT('',(100.2,-1.));
#1229 = VECTOR('',#1230,1.);
#1230 = DIRECTION('',(0.,1.));
#1231 = ( GEOMETRIC_REPRESENTATION_CONTEXT(2) 
PARAMETRIC_REPRESENTATION_CONTEXT() REPRESENTATION_CONTEXT('2D SPACE',''
  ) );
#1232 = PCURVE('',#671,#1233);
#1233 = DEFINITIONAL_REPRESENTATION('',(#1234),#1238);
#1234 = LINE('',#1235,#1236);
#1235 = CARTESIAN_POINT('',(34.9,2.));
#1236 = VECTOR('',#1237,1.);
#1237 = DIRECTION('',(0.,-1.));
#1238 = ( GEOMETRIC_REPRESENTATION_CONTEXT(2) 
PARAMETRIC_REPRESENTATION_CONTEXT() REPRESENTATION_CONTEXT('2D SPACE',''
  ) );
#1239 = ORIENTED_EDGE('',*,*,#975,.T.);
#1240 = ORIENTED_EDGE('',*,*,#1241,.T.);
#1241 = EDGE_CURVE('',#953,#432,#1242,.T.);
#1242 = SURFACE_CURVE('',#1243,(#1247,#1254),.PCURVE_S1.);
#1243 = LINE('',#1244,#1245);
#1244 = CARTESIAN_POINT('',(170.,0.,31.9000001));
#1245 = VECTOR('',#1246,1.);
#1246 = DIRECTION('',(0.,1.,0.));
#1247 = PCURVE('',#447,#1248);
#1248 = DEFINITIONAL_REPRESENTATION('',(#1249),#1253);
#1249 = LINE('',#1250,#1251);
#1250 = CARTESIAN_POINT('',(170.,0.));
#1251 = VECTOR('',#1252,1.);
#1252 = DIRECTION('',(0.,1.));
#1253 = ( GEOMETRIC_REPRESENTATION_CONTEXT(2) 
PARAMETRIC_REPRESENTATION_CONTEXT() REPRESENTATION_CONTEXT('2D SPACE',''
  ) );
#1254 = PCURVE('',#475,#1255);
#1255 = DEFINITIONAL_REPRESENTATION('',(#1256),#1260);
#1256 = LINE('',#1257,#1258);
#1257 = CARTESIAN_POINT('',(-3.552713678801E-15,0.));
#1258 = VECTOR('',#1259,1.);
#1259 = DIRECTION('',(0.,-1.));
#1260 = ( GEOMETRIC_REPRESENTATION_CONTEXT(2) 
PARAMETRIC_REPRESENTATION_CONTEXT() REPRESENTATION_CONTEXT('2D SPACE',''
  ) );
#1261 = ORIENTED_EDGE('',*,*,#431,.T.);
#1262 = ORIENTED_EDGE('',*,*,#1193,.T.);
#1263 = ORIENTED_EDGE('',*,*,#1264,.F.);
#1264 = EDGE_CURVE('',#1218,#1169,#1265,.T.);
#1265 = SURFACE_CURVE('',#1266,(#1270,#1277),.PCURVE_S1.);
#1266 = LINE('',#1267,#1268);
#1267 = CARTESIAN_POINT('',(5.,3.,31.9000001));
#1268 = VECTOR('',#1269,1.);
#1269 = DIRECTION('',(1.,0.,0.));
#1270 = PCURVE('',#447,#1271);
#1271 = DEFINITIONAL_REPRESENTATION('',(#1272),#1276);
#1272 = LINE('',#1273,#1274);
#1273 = CARTESIAN_POINT('',(5.,3.));
#1274 = VECTOR('',#1275,1.);
#1275 = DIRECTION('',(1.,0.));
#1276 = ( GEOMETRIC_REPRESENTATION_CONTEXT(2) 
PARAMETRIC_REPRESENTATION_CONTEXT() REPRESENTATION_CONTEXT('2D SPACE',''
  ) );
#1277 = PCURVE('',#642,#1278);
#1278 = DEFINITIONAL_REPRESENTATION('',(#1279),#1283);
#1279 = LINE('',#1280,#1281);
#1280 = CARTESIAN_POINT('',(31.9,-5.));
#1281 = VECTOR('',#1282,1.);
#1282 = DIRECTION('',(0.,1.));
#1283 = ( GEOMETRIC_REPRESENTATION_CONTEXT(2) 
PARAMETRIC_REPRESENTATION_CONTEXT() REPRESENTATION_CONTEXT('2D SPACE',''
  ) );
#1284 = ADVANCED_FACE('',(#1285,#1335),#475,.T.);
#1285 = FACE_BOUND('',#1286,.T.);
#1286 = EDGE_LOOP('',(#1287,#1288,#1289,#1290,#1313,#1334));
#1287 = ORIENTED_EDGE('',*,*,#1241,.T.);
#1288 = ORIENTED_EDGE('',*,*,#459,.F.);
#1289 = ORIENTED_EDGE('',*,*,#1144,.T.);
#1290 = ORIENTED_EDGE('',*,*,#1291,.T.);
#1291 = EDGE_CURVE('',#1047,#1292,#1294,.T.);
#1292 = VERTEX_POINT('',#1293);
#1293 = CARTESIAN_POINT('',(170.,111.,67.0000001));
#1294 = SURFACE_CURVE('',#1295,(#1299,#1306),.PCURVE_S1.);
#1295 = LINE('',#1296,#1297);
#1296 = CARTESIAN_POINT('',(170.,111.,29.0000001));
#1297 = VECTOR('',#1298,1.);
#1298 = DIRECTION('',(0.,0.,1.));
#1299 = PCURVE('',#475,#1300);
#1300 = DEFINITIONAL_REPRESENTATION('',(#1301),#1305);
#1301 = LINE('',#1302,#1303);
#1302 = CARTESIAN_POINT('',(-2.9,-111.));
#1303 = VECTOR('',#1304,1.);
#1304 = DIRECTION('',(1.,0.));
#1305 = ( GEOMETRIC_REPRESENTATION_CONTEXT(2) 
PARAMETRIC_REPRESENTATION_CONTEXT() REPRESENTATION_CONTEXT('2D SPACE',''
  ) );
#1306 = PCURVE('',#886,#1307);
#1307 = DEFINITIONAL_REPRESENTATION('',(#1308),#1312);
#1308 = LINE('',#1309,#1310);
#1309 = CARTESIAN_POINT('',(-2.9,170.));
#1310 = VECTOR('',#1311,1.);
#1311 = DIRECTION('',(1.,0.));
#1312 = ( GEOMETRIC_REPRESENTATION_CONTEXT(2) 
PARAMETRIC_REPRESENTATION_CONTEXT() REPRESENTATION_CONTEXT('2D SPACE',''
  ) );
#1313 = ORIENTED_EDGE('',*,*,#1314,.F.);
#1314 = EDGE_CURVE('',#930,#1292,#1315,.T.);
#1315 = SURFACE_CURVE('',#1316,(#1320,#1327),.PCURVE_S1.);
#1316 = LINE('',#1317,#1318);
#1317 = CARTESIAN_POINT('',(170.,0.,67.0000001));
#1318 = VECTOR('',#1319,1.);
#1319 = DIRECTION('',(0.,1.,0.));
#1320 = PCURVE('',#475,#1321);
#1321 = DEFINITIONAL_REPRESENTATION('',(#1322),#1326);
#1322 = LINE('',#1323,#1324);
#1323 = CARTESIAN_POINT('',(35.1,0.));
#1324 = VECTOR('',#1325,1.);
#1325 = DIRECTION('',(0.,-1.));
#1326 = ( GEOMETRIC_REPRESENTATION_CONTEXT(2) 
PARAMETRIC_REPRESENTATION_CONTEXT() REPRESENTATION_CONTEXT('2D SPACE',''
  ) );
#1327 = PCURVE('',#912,#1328);
#1328 = DEFINITIONAL_REPRESENTATION('',(#1329),#1333);
#1329 = LINE('',#1330,#1331);
#1330 = CARTESIAN_POINT('',(170.,0.));
#1331 = VECTOR('',#1332,1.);
#1332 = DIRECTION('',(0.,1.));
#1333 = ( GEOMETRIC_REPRESENTATION_CONTEXT(2) 
PARAMETRIC_REPRESENTATION_CONTEXT() REPRESENTATION_CONTEXT('2D SPACE',''
  ) );
#1334 = ORIENTED_EDGE('',*,*,#952,.T.);
#1335 = FACE_BOUND('',#1336,.T.);
#1336 = EDGE_LOOP('',(#1337,#1367,#1395,#1423));
#1337 = ORIENTED_EDGE('',*,*,#1338,.T.);
#1338 = EDGE_CURVE('',#1339,#1341,#1343,.T.);
#1339 = VERTEX_POINT('',#1340);
#1340 = CARTESIAN_POINT('',(170.,103.2,34.0000001));
#1341 = VERTEX_POINT('',#1342);
#1342 = CARTESIAN_POINT('',(170.,87.8,34.0000001));
#1343 = SURFACE_CURVE('',#1344,(#1348,#1355),.PCURVE_S1.);
#1344 = LINE('',#1345,#1346);
#1345 = CARTESIAN_POINT('',(170.,43.9,34.0000001));
#1346 = VECTOR('',#1347,1.);
#1347 = DIRECTION('',(0.,-1.,0.));
#1348 = PCURVE('',#475,#1349);
#1349 = DEFINITIONAL_REPRESENTATION('',(#1350),#1354);
#1350 = LINE('',#1351,#1352);
#1351 = CARTESIAN_POINT('',(2.1,-43.9));
#1352 = VECTOR('',#1353,1.);
#1353 = DIRECTION('',(0.,1.));
#1354 = ( GEOMETRIC_REPRESENTATION_CONTEXT(2) 
PARAMETRIC_REPRESENTATION_CONTEXT() REPRESENTATION_CONTEXT('2D SPACE',''
  ) );
#1355 = PCURVE('',#1356,#1361);
#1356 = PLANE('',#1357);
#1357 = AXIS2_PLACEMENT_3D('',#1358,#1359,#1360);
#1358 = CARTESIAN_POINT('',(165.,87.8,34.0000001));
#1359 = DIRECTION('',(0.,0.,1.));
#1360 = DIRECTION('',(1.,0.,0.));
#1361 = DEFINITIONAL_REPRESENTATION('',(#1362),#1366);
#1362 = LINE('',#1363,#1364);
#1363 = CARTESIAN_POINT('',(5.,-43.9));
#1364 = VECTOR('',#1365,1.);
#1365 = DIRECTION('',(0.,-1.));
#1366 = ( GEOMETRIC_REPRESENTATION_CONTEXT(2) 
PARAMETRIC_REPRESENTATION_CONTEXT() REPRESENTATION_CONTEXT('2D SPACE',''
  ) );
#1367 = ORIENTED_EDGE('',*,*,#1368,.T.);
#1368 = EDGE_CURVE('',#1341,#1369,#1371,.T.);
#1369 = VERTEX_POINT('',#1370);
#1370 = CARTESIAN_POINT('',(170.,87.8,44.4000001));
#1371 = SURFACE_CURVE('',#1372,(#1376,#1383),.PCURVE_S1.);
#1372 = LINE('',#1373,#1374);
#1373 = CARTESIAN_POINT('',(170.,87.8,32.9500001));
#1374 = VECTOR('',#1375,1.);
#1375 = DIRECTION('',(0.,0.,1.));
#1376 = PCURVE('',#475,#1377);
#1377 = DEFINITIONAL_REPRESENTATION('',(#1378),#1382);
#1378 = LINE('',#1379,#1380);
#1379 = CARTESIAN_POINT('',(1.05,-87.8));
#1380 = VECTOR('',#1381,1.);
#1381 = DIRECTION('',(1.,0.));
#1382 = ( GEOMETRIC_REPRESENTATION_CONTEXT(2) 
PARAMETRIC_REPRESENTATION_CONTEXT() REPRESENTATION_CONTEXT('2D SPACE',''
  ) );
#1383 = PCURVE('',#1384,#1389);
#1384 = PLANE('',#1385);
#1385 = AXIS2_PLACEMENT_3D('',#1386,#1387,#1388);
#1386 = CARTESIAN_POINT('',(165.,87.8,34.0000001));
#1387 = DIRECTION('',(0.,1.,0.));
#1388 = DIRECTION('',(0.,0.,1.));
#1389 = DEFINITIONAL_REPRESENTATION('',(#1390),#1394);
#1390 = LINE('',#1391,#1392);
#1391 = CARTESIAN_POINT('',(-1.05,5.));
#1392 = VECTOR('',#1393,1.);
#1393 = DIRECTION('',(1.,0.));
#1394 = ( GEOMETRIC_REPRESENTATION_CONTEXT(2) 
PARAMETRIC_REPRESENTATION_CONTEXT() REPRESENTATION_CONTEXT('2D SPACE',''
  ) );
#1395 = ORIENTED_EDGE('',*,*,#1396,.F.);
#1396 = EDGE_CURVE('',#1397,#1369,#1399,.T.);
#1397 = VERTEX_POINT('',#1398);
#1398 = CARTESIAN_POINT('',(170.,103.2,44.4000001));
#1399 = SURFACE_CURVE('',#1400,(#1404,#1411),.PCURVE_S1.);
#1400 = LINE('',#1401,#1402);
#1401 = CARTESIAN_POINT('',(170.,43.9,44.4000001));
#1402 = VECTOR('',#1403,1.);
#1403 = DIRECTION('',(0.,-1.,0.));
#1404 = PCURVE('',#475,#1405);
#1405 = DEFINITIONAL_REPRESENTATION('',(#1406),#1410);
#1406 = LINE('',#1407,#1408);
#1407 = CARTESIAN_POINT('',(12.5,-43.9));
#1408 = VECTOR('',#1409,1.);
#1409 = DIRECTION('',(0.,1.));
#1410 = ( GEOMETRIC_REPRESENTATION_CONTEXT(2) 
PARAMETRIC_REPRESENTATION_CONTEXT() REPRESENTATION_CONTEXT('2D SPACE',''
  ) );
#1411 = PCURVE('',#1412,#1417);
#1412 = PLANE('',#1413);
#1413 = AXIS2_PLACEMENT_3D('',#1414,#1415,#1416);
#1414 = CARTESIAN_POINT('',(165.,87.8,44.4000001));
#1415 = DIRECTION('',(0.,0.,1.));
#1416 = DIRECTION('',(1.,0.,0.));
#1417 = DEFINITIONAL_REPRESENTATION('',(#1418),#1422);
#1418 = LINE('',#1419,#1420);
#1419 = CARTESIAN_POINT('',(5.,-43.9));
#1420 = VECTOR('',#1421,1.);
#1421 = DIRECTION('',(0.,-1.));
#1422 = ( GEOMETRIC_REPRESENTATION_CONTEXT(2) 
PARAMETRIC_REPRESENTATION_CONTEXT() REPRESENTATION_CONTEXT('2D SPACE',''
  ) );
#1423 = ORIENTED_EDGE('',*,*,#1424,.F.);
#1424 = EDGE_CURVE('',#1339,#1397,#1425,.T.);
#1425 = SURFACE_CURVE('',#1426,(#1430,#1437),.PCURVE_S1.);
#1426 = LINE('',#1427,#1428);
#1427 = CARTESIAN_POINT('',(170.,103.2,32.9500001));
#1428 = VECTOR('',#1429,1.);
#1429 = DIRECTION('',(0.,0.,1.));
#1430 = PCURVE('',#475,#1431);
#1431 = DEFINITIONAL_REPRESENTATION('',(#1432),#1436);
#1432 = LINE('',#1433,#1434);
#1433 = CARTESIAN_POINT('',(1.05,-103.2));
#1434 = VECTOR('',#1435,1.);
#1435 = DIRECTION('',(1.,0.));
#1436 = ( GEOMETRIC_REPRESENTATION_CONTEXT(2) 
PARAMETRIC_REPRESENTATION_CONTEXT() REPRESENTATION_CONTEXT('2D SPACE',''
  ) );
#1437 = PCURVE('',#1438,#1443);
#1438 = PLANE('',#1439);
#1439 = AXIS2_PLACEMENT_3D('',#1440,#1441,#1442);
#1440 = CARTESIAN_POINT('',(165.,103.2,34.0000001));
#1441 = DIRECTION('',(0.,1.,0.));
#1442 = DIRECTION('',(0.,0.,1.));
#1443 = DEFINITIONAL_REPRESENTATION('',(#1444),#1448);
#1444 = LINE('',#1445,#1446);
#1445 = CARTESIAN_POINT('',(-1.05,5.));
#1446 = VECTOR('',#1447,1.);
#1447 = DIRECTION('',(1.,0.));
#1448 = ( GEOMETRIC_REPRESENTATION_CONTEXT(2) 
PARAMETRIC_REPRESENTATION_CONTEXT() REPRESENTATION_CONTEXT('2D SPACE',''
  ) );
#1449 = ADVANCED_FACE('',(#1450),#526,.T.);
#1450 = FACE_BOUND('',#1451,.T.);
#1451 = EDGE_LOOP('',(#1452,#1453,#1454,#1482,#1510));
#1452 = ORIENTED_EDGE('',*,*,#1122,.T.);
#1453 = ORIENTED_EDGE('',*,*,#510,.F.);
#1454 = ORIENTED_EDGE('',*,*,#1455,.T.);
#1455 = EDGE_CURVE('',#511,#1456,#1458,.T.);
#1456 = VERTEX_POINT('',#1457);
#1457 = CARTESIAN_POINT('',(150.,48.859064644148,9.999999983634E-08));
#1458 = SURFACE_CURVE('',#1459,(#1464,#1475),.PCURVE_S1.);
#1459 = CIRCLE('',#1460,32.);
#1460 = AXIS2_PLACEMENT_3D('',#1461,#1462,#1463);
#1461 = CARTESIAN_POINT('',(150.,17.,-2.9999999));
#1462 = DIRECTION('',(-1.,0.,0.));
#1463 = DIRECTION('',(0.,1.,0.));
#1464 = PCURVE('',#526,#1465);
#1465 = DEFINITIONAL_REPRESENTATION('',(#1466),#1474);
#1466 = ( BOUNDED_CURVE() B_SPLINE_CURVE(2,(#1467,#1468,#1469,#1470,
#1471,#1472,#1473),.UNSPECIFIED.,.T.,.F.) B_SPLINE_CURVE_WITH_KNOTS((1,2
    ,2,2,2,1),(-2.094395102393,0.,2.094395102393,4.188790204786,
6.28318530718,8.377580409573),.UNSPECIFIED.) CURVE() 
GEOMETRIC_REPRESENTATION_ITEM() RATIONAL_B_SPLINE_CURVE((1.,0.5,1.,0.5,
1.,0.5,1.)) REPRESENTATION_ITEM('') );
#1467 = CARTESIAN_POINT('',(-3.,-46.));
#1468 = CARTESIAN_POINT('',(-58.4256258422,-46.));
#1469 = CARTESIAN_POINT('',(-30.7128129211,2.));
#1470 = CARTESIAN_POINT('',(-3.,50.));
#1471 = CARTESIAN_POINT('',(24.712812921102,2.));
#1472 = CARTESIAN_POINT('',(52.425625842204,-46.));
#1473 = CARTESIAN_POINT('',(-3.,-46.));
#1474 = ( GEOMETRIC_REPRESENTATION_CONTEXT(2) 
PARAMETRIC_REPRESENTATION_CONTEXT() REPRESENTATION_CONTEXT('2D SPACE',''
  ) );
#1475 = PCURVE('',#554,#1476);
#1476 = DEFINITIONAL_REPRESENTATION('',(#1477),#1481);
#1477 = LINE('',#1478,#1479);
#1478 = CARTESIAN_POINT('',(-6.28318530718,-151.));
#1479 = VECTOR('',#1480,1.);
#1480 = DIRECTION('',(1.,-0.));
#1481 = ( GEOMETRIC_REPRESENTATION_CONTEXT(2) 
PARAMETRIC_REPRESENTATION_CONTEXT() REPRESENTATION_CONTEXT('2D SPACE',''
  ) );
#1482 = ORIENTED_EDGE('',*,*,#1483,.T.);
#1483 = EDGE_CURVE('',#1456,#1484,#1486,.T.);
#1484 = VERTEX_POINT('',#1485);
#1485 = CARTESIAN_POINT('',(150.,60.,9.999999983634E-08));
#1486 = SURFACE_CURVE('',#1487,(#1491,#1498),.PCURVE_S1.);
#1487 = LINE('',#1488,#1489);
#1488 = CARTESIAN_POINT('',(150.,3.,1.000000011686E-07));
#1489 = VECTOR('',#1490,1.);
#1490 = DIRECTION('',(0.,1.,0.));
#1491 = PCURVE('',#526,#1492);
#1492 = DEFINITIONAL_REPRESENTATION('',(#1493),#1497);
#1493 = LINE('',#1494,#1495);
#1494 = CARTESIAN_POINT('',(0.,0.));
#1495 = VECTOR('',#1496,1.);
#1496 = DIRECTION('',(0.,-1.));
#1497 = ( GEOMETRIC_REPRESENTATION_CONTEXT(2) 
PARAMETRIC_REPRESENTATION_CONTEXT() REPRESENTATION_CONTEXT('2D SPACE',''
  ) );
#1498 = PCURVE('',#1499,#1504);
#1499 = PLANE('',#1500);
#1500 = AXIS2_PLACEMENT_3D('',#1501,#1502,#1503);
#1501 = CARTESIAN_POINT('',(10.,3.,1.000000011686E-07));
#1502 = DIRECTION('',(0.,0.,1.));
#1503 = DIRECTION('',(1.,0.,0.));
#1504 = DEFINITIONAL_REPRESENTATION('',(#1505),#1509);
#1505 = LINE('',#1506,#1507);
#1506 = CARTESIAN_POINT('',(140.,0.));
#1507 = VECTOR('',#1508,1.);
#1508 = DIRECTION('',(0.,1.));
#1509 = ( GEOMETRIC_REPRESENTATION_CONTEXT(2) 
PARAMETRIC_REPRESENTATION_CONTEXT() REPRESENTATION_CONTEXT('2D SPACE',''
  ) );
#1510 = ORIENTED_EDGE('',*,*,#1511,.T.);
#1511 = EDGE_CURVE('',#1484,#1095,#1512,.T.);
#1512 = SURFACE_CURVE('',#1513,(#1517,#1524),.PCURVE_S1.);
#1513 = LINE('',#1514,#1515);
#1514 = CARTESIAN_POINT('',(150.,60.,1.000000011686E-07));
#1515 = VECTOR('',#1516,1.);
#1516 = DIRECTION('',(0.,0.,1.));
#1517 = PCURVE('',#526,#1518);
#1518 = DEFINITIONAL_REPRESENTATION('',(#1519),#1523);
#1519 = LINE('',#1520,#1521);
#1520 = CARTESIAN_POINT('',(0.,-57.));
#1521 = VECTOR('',#1522,1.);
#1522 = DIRECTION('',(1.,0.));
#1523 = ( GEOMETRIC_REPRESENTATION_CONTEXT(2) 
PARAMETRIC_REPRESENTATION_CONTEXT() REPRESENTATION_CONTEXT('2D SPACE',''
  ) );
#1524 = PCURVE('',#1110,#1525);
#1525 = DEFINITIONAL_REPRESENTATION('',(#1526),#1530);
#1526 = LINE('',#1527,#1528);
#1527 = CARTESIAN_POINT('',(0.,140.));
#1528 = VECTOR('',#1529,1.);
#1529 = DIRECTION('',(1.,0.));
#1530 = ( GEOMETRIC_REPRESENTATION_CONTEXT(2) 
PARAMETRIC_REPRESENTATION_CONTEXT() REPRESENTATION_CONTEXT('2D SPACE',''
  ) );
#1531 = ADVANCED_FACE('',(#1532,#1585,#1756,#1927,#2098,#2269,#2440),
  #554,.F.);
#1532 = FACE_BOUND('',#1533,.T.);
#1533 = EDGE_LOOP('',(#1534,#1535,#1536,#1564));
#1534 = ORIENTED_EDGE('',*,*,#1455,.F.);
#1535 = ORIENTED_EDGE('',*,*,#538,.T.);
#1536 = ORIENTED_EDGE('',*,*,#1537,.T.);
#1537 = EDGE_CURVE('',#539,#1538,#1540,.T.);
#1538 = VERTEX_POINT('',#1539);
#1539 = CARTESIAN_POINT('',(10.,48.859064644148,9.999999983634E-08));
#1540 = SURFACE_CURVE('',#1541,(#1546,#1553),.PCURVE_S1.);
#1541 = CIRCLE('',#1542,32.);
#1542 = AXIS2_PLACEMENT_3D('',#1543,#1544,#1545);
#1543 = CARTESIAN_POINT('',(10.,17.,-2.9999999));
#1544 = DIRECTION('',(-1.,0.,0.));
#1545 = DIRECTION('',(0.,1.,0.));
#1546 = PCURVE('',#554,#1547);
#1547 = DEFINITIONAL_REPRESENTATION('',(#1548),#1552);
#1548 = LINE('',#1549,#1550);
#1549 = CARTESIAN_POINT('',(-6.28318530718,-11.));
#1550 = VECTOR('',#1551,1.);
#1551 = DIRECTION('',(1.,-0.));
#1552 = ( GEOMETRIC_REPRESENTATION_CONTEXT(2) 
PARAMETRIC_REPRESENTATION_CONTEXT() REPRESENTATION_CONTEXT('2D SPACE',''
  ) );
#1553 = PCURVE('',#580,#1554);
#1554 = DEFINITIONAL_REPRESENTATION('',(#1555),#1563);
#1555 = ( BOUNDED_CURVE() B_SPLINE_CURVE(2,(#1556,#1557,#1558,#1559,
#1560,#1561,#1562),.UNSPECIFIED.,.T.,.F.) B_SPLINE_CURVE_WITH_KNOTS((1,2
    ,2,2,2,1),(-2.094395102393,0.,2.094395102393,4.188790204786,
6.28318530718,8.377580409573),.UNSPECIFIED.) CURVE() 
GEOMETRIC_REPRESENTATION_ITEM() RATIONAL_B_SPLINE_CURVE((1.,0.5,1.,0.5,
1.,0.5,1.)) REPRESENTATION_ITEM('') );
#1556 = CARTESIAN_POINT('',(-3.,-46.));
#1557 = CARTESIAN_POINT('',(-58.4256258422,-46.));
#1558 = CARTESIAN_POINT('',(-30.7128129211,2.));
#1559 = CARTESIAN_POINT('',(-3.,50.));
#1560 = CARTESIAN_POINT('',(24.712812921102,2.));
#1561 = CARTESIAN_POINT('',(52.425625842204,-46.));
#1562 = CARTESIAN_POINT('',(-3.,-46.));
#1563 = ( GEOMETRIC_REPRESENTATION_CONTEXT(2) 
PARAMETRIC_REPRESENTATION_CONTEXT() REPRESENTATION_CONTEXT('2D SPACE',''
  ) );
#1564 = ORIENTED_EDGE('',*,*,#1565,.F.);
#1565 = EDGE_CURVE('',#1456,#1538,#1566,.T.);
#1566 = SURFACE_CURVE('',#1567,(#1571,#1578),.PCURVE_S1.);
#1567 = LINE('',#1568,#1569);
#1568 = CARTESIAN_POINT('',(-1.,48.859064644148,9.999999983634E-08));
#1569 = VECTOR('',#1570,1.);
#1570 = DIRECTION('',(-1.,-0.,-0.));
#1571 = PCURVE('',#554,#1572);
#1572 = DEFINITIONAL_REPRESENTATION('',(#1573),#1577);
#1573 = LINE('',#1574,#1575);
#1574 = CARTESIAN_POINT('',(-9.388787510752E-02,0.));
#1575 = VECTOR('',#1576,1.);
#1576 = DIRECTION('',(-0.,1.));
#1577 = ( GEOMETRIC_REPRESENTATION_CONTEXT(2) 
PARAMETRIC_REPRESENTATION_CONTEXT() REPRESENTATION_CONTEXT('2D SPACE',''
  ) );
#1578 = PCURVE('',#1499,#1579);
#1579 = DEFINITIONAL_REPRESENTATION('',(#1580),#1584);
#1580 = LINE('',#1581,#1582);
#1581 = CARTESIAN_POINT('',(-11.,45.859064644148));
#1582 = VECTOR('',#1583,1.);
#1583 = DIRECTION('',(-1.,0.));
#1584 = ( GEOMETRIC_REPRESENTATION_CONTEXT(2) 
PARAMETRIC_REPRESENTATION_CONTEXT() REPRESENTATION_CONTEXT('2D SPACE',''
  ) );
#1585 = FACE_BOUND('',#1586,.T.);
#1586 = EDGE_LOOP('',(#1587));
#1587 = ORIENTED_EDGE('',*,*,#1588,.F.);
#1588 = EDGE_CURVE('',#1589,#1589,#1591,.T.);
#1589 = VERTEX_POINT('',#1590);
#1590 = CARTESIAN_POINT('',(136.25,47.983866769659,5.0000001));
#1591 = SURFACE_CURVE('',#1592,(#1643,#1697),.PCURVE_S1.);
#1592 = B_SPLINE_CURVE_WITH_KNOTS('',7,(#1593,#1594,#1595,#1596,#1597,
    #1598,#1599,#1600,#1601,#1602,#1603,#1604,#1605,#1606,#1607,#1608,
    #1609,#1610,#1611,#1612,#1613,#1614,#1615,#1616,#1617,#1618,#1619,
    #1620,#1621,#1622,#1623,#1624,#1625,#1626,#1627,#1628,#1629,#1630,
    #1631,#1632,#1633,#1634,#1635,#1636,#1637,#1638,#1639,#1640,#1641,
    #1642),.UNSPECIFIED.,.T.,.F.,(8,6,6,6,6,6,6,6,8),(0.,0.136250972023,
    0.248703867405,0.380038773274,0.511613660309,0.626575484957,
    0.759641297423,0.902189349371,1.),.UNSPECIFIED.);
#1593 = CARTESIAN_POINT('',(136.25,47.983866769659,5.0000001));
#1594 = CARTESIAN_POINT('',(136.25,47.93899011413,5.1738066395));
#1595 = CARTESIAN_POINT('',(136.22180535842,47.893774972186,
    5.344224889029));
#1596 = CARTESIAN_POINT('',(136.16739364834,47.84969063786,
    5.505866341928));
#1597 = CARTESIAN_POINT('',(136.08992814474,47.808248143204,
    5.654044736979));
#1598 = CARTESIAN_POINT('',(135.99364829506,47.770868321454,
    5.785051221235));
#1599 = CARTESIAN_POINT('',(135.88373375032,47.738604160165,
    5.896474006742));
#1600 = CARTESIAN_POINT('',(135.66907430405,47.689876699738,
    6.062980941062));
#1601 = CARTESIAN_POINT('',(135.56543178033,47.671331777592,
    6.125552024051));
#1602 = CARTESIAN_POINT('',(135.45689208313,47.656403307747,
    6.175450340055));
#1603 = CARTESIAN_POINT('',(135.34487594773,47.645170304479,
    6.212765439667));
#1604 = CARTESIAN_POINT('',(135.23062836186,47.637673716283,
    6.23759280331));
#1605 = CARTESIAN_POINT('',(135.11529703745,47.633927270267,6.2500001));
#1606 = CARTESIAN_POINT('',(134.86534339102,47.633927270267,6.2500001));
#1607 = CARTESIAN_POINT('',(134.73070485866,47.639037078446,
    6.233077199325));
#1608 = CARTESIAN_POINT('',(134.59863326689,47.649255880691,
    6.19923605555));
#1609 = CARTESIAN_POINT('',(134.47166351094,47.664368881668,
    6.148970716346));
#1610 = CARTESIAN_POINT('',(134.35220701099,47.683964148969,
    6.083225192103));
#1611 = CARTESIAN_POINT('',(134.24245807312,47.707466462371,
    6.003372314967));
#1612 = CARTESIAN_POINT('',(134.04599483257,47.760958701152,
    5.818881051992));
#1613 = CARTESIAN_POINT('',(133.95558685728,47.791976634808,
    5.710690262608));
#1614 = CARTESIAN_POINT('',(133.87746889774,47.82675509928,
    5.587585228226));
#1615 = CARTESIAN_POINT('',(133.81534865324,47.864422547339,
    5.451689181082));
#1616 = CARTESIAN_POINT('',(133.77216513023,47.903905713371,
    5.305995806818));
#1617 = CARTESIAN_POINT('',(133.75,47.944077068185,5.154104951161));
#1618 = CARTESIAN_POINT('',(133.75,48.018632497275,4.865353015927));
#1619 = CARTESIAN_POINT('',(133.76692173722,48.0526690271,4.730710231694
    ));
#1620 = CARTESIAN_POINT('',(133.80076008261,48.085316759207,
    4.598638252568));
#1621 = CARTESIAN_POINT('',(133.85102915687,48.116011504602,
    4.471661543175));
#1622 = CARTESIAN_POINT('',(133.91678138107,48.14429439756,
    4.352196116846));
#1623 = CARTESIAN_POINT('',(133.99663201964,48.169809152032,
    4.242453663723));
#1624 = CARTESIAN_POINT('',(134.19545916645,48.218303891331,
    4.030724257448));
#1625 = CARTESIAN_POINT('',(134.31511370325,48.239397581682,
    3.936410915494));
#1626 = CARTESIAN_POINT('',(134.44399348865,48.255866908918,
    3.861433241441));
#1627 = CARTESIAN_POINT('',(134.57919713878,48.267996752816,
    3.805557608404));
#1628 = CARTESIAN_POINT('',(134.71831112771,48.275994806033,
    3.76849372786));
#1629 = CARTESIAN_POINT('',(134.85923472127,48.279985613807,3.7500001));
#1630 = CARTESIAN_POINT('',(135.15079618041,48.279985613807,3.7500001));
#1631 = CARTESIAN_POINT('',(135.30184662085,48.275405788374,
    3.771223216849));
#1632 = CARTESIAN_POINT('',(135.45070008055,48.266217911863,
    3.813801143838));
#1633 = CARTESIAN_POINT('',(135.59471066169,48.252257391981,
    3.878053527815));
#1634 = CARTESIAN_POINT('',(135.73080405048,48.233259666342,
    3.964318556061));
#1635 = CARTESIAN_POINT('',(135.85525287011,48.208866454002,
    4.072805097683));
#1636 = CARTESIAN_POINT('',(136.03717036108,48.158062872929,
    4.292705569174));
#1637 = CARTESIAN_POINT('',(136.10385294781,48.134562162993,
    4.393059908921));
#1638 = CARTESIAN_POINT('',(136.16039585241,48.108354357114,
    4.50316895719));
#1639 = CARTESIAN_POINT('',(136.20457224609,48.079703721388,
    4.621263211477));
#1640 = CARTESIAN_POINT('',(136.23476355756,48.049021690689,
    4.745117595572));
#1641 = CARTESIAN_POINT('',(136.25,48.016856074913,4.87223307015));
#1642 = CARTESIAN_POINT('',(136.25,47.983866769659,5.0000001));
#1643 = PCURVE('',#554,#1644);
#1644 = DEFINITIONAL_REPRESENTATION('',(#1645),#1696);
#1645 = B_SPLINE_CURVE_WITH_KNOTS('',7,(#1646,#1647,#1648,#1649,#1650,
    #1651,#1652,#1653,#1654,#1655,#1656,#1657,#1658,#1659,#1660,#1661,
    #1662,#1663,#1664,#1665,#1666,#1667,#1668,#1669,#1670,#1671,#1672,
    #1673,#1674,#1675,#1676,#1677,#1678,#1679,#1680,#1681,#1682,#1683,
    #1684,#1685,#1686,#1687,#1688,#1689,#1690,#1691,#1692,#1693,#1694,
    #1695),.UNSPECIFIED.,.T.,.F.,(8,6,6,6,6,6,6,6,8),(0.,0.136250972023,
    0.248703867405,0.380038773274,0.511613660309,0.626575484957,
    0.759641297423,0.902189349371,1.),.UNSPECIFIED.);
#1646 = CARTESIAN_POINT('',(-0.252680255142,-137.25));
#1647 = CARTESIAN_POINT('',(-0.258289837083,-137.25));
#1648 = CARTESIAN_POINT('',(-0.263799542137,-137.2218053584));
#1649 = CARTESIAN_POINT('',(-0.269035132345,-137.1673936483));
#1650 = CARTESIAN_POINT('',(-0.273843263359,-137.0899281447));
#1651 = CARTESIAN_POINT('',(-0.278100552185,-136.993648295));
#1652 = CARTESIAN_POINT('',(-0.281725538924,-136.8837337503));
#1653 = CARTESIAN_POINT('',(-0.287147114436,-136.669074304));
#1654 = CARTESIAN_POINT('',(-0.289186522153,-136.5654317803));
#1655 = CARTESIAN_POINT('',(-0.290814129264,-136.4568920831));
#1656 = CARTESIAN_POINT('',(-0.29203191576,-136.3448759477));
#1657 = CARTESIAN_POINT('',(-0.292842367977,-136.2306283618));
#1658 = CARTESIAN_POINT('',(-0.293247386391,-136.1152970374));
#1659 = CARTESIAN_POINT('',(-0.293247386391,-135.865343391));
#1660 = CARTESIAN_POINT('',(-0.292694964376,-135.7307048586));
#1661 = CARTESIAN_POINT('',(-0.29159026446,-135.5986332668));
#1662 = CARTESIAN_POINT('',(-0.289950012548,-135.4716635109));
#1663 = CARTESIAN_POINT('',(-0.287806164838,-135.3522070109));
#1664 = CARTESIAN_POINT('',(-0.285204947224,-135.2424580731));
#1665 = CARTESIAN_POINT('',(-0.279202144679,-135.0459948325));
#1666 = CARTESIAN_POINT('',(-0.275684992956,-134.9555868572));
#1667 = CARTESIAN_POINT('',(-0.271687436804,-134.8774688977));
#1668 = CARTESIAN_POINT('',(-0.267280678566,-134.8153486532));
#1669 = CARTESIAN_POINT('',(-0.262563671725,-134.7721651302));
#1670 = CARTESIAN_POINT('',(-0.257653967826,-134.75));
#1671 = CARTESIAN_POINT('',(-0.24833453919,-134.75));
#1672 = CARTESIAN_POINT('',(-0.243994649862,-134.7669217372));
#1673 = CARTESIAN_POINT('',(-0.239743264703,-134.8007600826));
#1674 = CARTESIAN_POINT('',(-0.235661038281,-134.8510291568));
#1675 = CARTESIAN_POINT('',(-0.231824599922,-134.916781381));
#1676 = CARTESIAN_POINT('',(-0.228303697739,-134.9966320196));
#1677 = CARTESIAN_POINT('',(-0.221515820705,-135.1954591664));
#1678 = CARTESIAN_POINT('',(-0.218495753561,-135.3151137032));
#1679 = CARTESIAN_POINT('',(-0.216096858869,-135.4439934886));
#1680 = CARTESIAN_POINT('',(-0.214310075925,-135.5791971387));
#1681 = CARTESIAN_POINT('',(-0.213125169302,-135.7183111277));
#1682 = CARTESIAN_POINT('',(-0.212533940404,-135.8592347212));
#1683 = CARTESIAN_POINT('',(-0.212533940404,-136.1507961804));
#1684 = CARTESIAN_POINT('',(-0.213212429348,-136.3018466208));
#1685 = CARTESIAN_POINT('',(-0.214573615653,-136.4507000805));
#1686 = CARTESIAN_POINT('',(-0.216628349981,-136.5947106616));
#1687 = CARTESIAN_POINT('',(-0.21938870378,-136.7308040504));
#1688 = CARTESIAN_POINT('',(-0.222863491776,-136.8552528701));
#1689 = CARTESIAN_POINT('',(-0.229916390477,-137.037170361));
#1690 = CARTESIAN_POINT('',(-0.233137291345,-137.1038529478));
#1691 = CARTESIAN_POINT('',(-0.236674284237,-137.1603958524));
#1692 = CARTESIAN_POINT('',(-0.240471714512,-137.204572246));
#1693 = CARTESIAN_POINT('',(-0.244459078293,-137.2347635575));
#1694 = CARTESIAN_POINT('',(-0.248556591985,-137.25));
#1695 = CARTESIAN_POINT('',(-0.252680255142,-137.25));
#1696 = ( GEOMETRIC_REPRESENTATION_CONTEXT(2) 
PARAMETRIC_REPRESENTATION_CONTEXT() REPRESENTATION_CONTEXT('2D SPACE',''
  ) );
#1697 = PCURVE('',#1698,#1703);
#1698 = CYLINDRICAL_SURFACE('',#1699,1.25);
#1699 = AXIS2_PLACEMENT_3D('',#1700,#1701,#1702);
#1700 = CARTESIAN_POINT('',(135.,47.,5.0000001));
#1701 = DIRECTION('',(0.,-1.,0.));
#1702 = DIRECTION('',(1.,0.,0.));
#1703 = DEFINITIONAL_REPRESENTATION('',(#1704),#1755);
#1704 = B_SPLINE_CURVE_WITH_KNOTS('',7,(#1705,#1706,#1707,#1708,#1709,
    #1710,#1711,#1712,#1713,#1714,#1715,#1716,#1717,#1718,#1719,#1720,
    #1721,#1722,#1723,#1724,#1725,#1726,#1727,#1728,#1729,#1730,#1731,
    #1732,#1733,#1734,#1735,#1736,#1737,#1738,#1739,#1740,#1741,#1742,
    #1743,#1744,#1745,#1746,#1747,#1748,#1749,#1750,#1751,#1752,#1753,
    #1754),.UNSPECIFIED.,.F.,.F.,(8,6,6,6,6,6,6,6,8),(0.,0.136250972023,
    0.248703867405,0.380038773274,0.511613660309,0.626575484957,
    0.759641297423,0.902189349371,1.),.UNSPECIFIED.);
#1705 = CARTESIAN_POINT('',(0.,-0.983866769659));
#1706 = CARTESIAN_POINT('',(0.1390452316,-0.93899011413));
#1707 = CARTESIAN_POINT('',(0.275379882132,-0.893774972186));
#1708 = CARTESIAN_POINT('',(0.409083453122,-0.84969063786));
#1709 = CARTESIAN_POINT('',(0.540029854371,-0.808248143204));
#1710 = CARTESIAN_POINT('',(0.667883689928,-0.770868321454));
#1711 = CARTESIAN_POINT('',(0.791996692289,-0.738604160165));
#1712 = CARTESIAN_POINT('',(1.009330701846,-0.689876699738));
#1713 = CARTESIAN_POINT('',(1.10552642892,-0.671331777592));
#1714 = CARTESIAN_POINT('',(1.200151165525,-0.656403307747));
#1715 = CARTESIAN_POINT('',(1.293615140286,-0.645170304479));
#1716 = CARTESIAN_POINT('',(1.386293125314,-0.637673716283));
#1717 = CARTESIAN_POINT('',(1.47855869683,-0.633927270267));
#1718 = CARTESIAN_POINT('',(1.678521613973,-0.633927270267));
#1719 = CARTESIAN_POINT('',(1.78623189743,-0.639037078446));
#1720 = CARTESIAN_POINT('',(1.893932759046,-0.649255880691));
#1721 = CARTESIAN_POINT('',(2.001629922544,-0.664368881668));
#1722 = CARTESIAN_POINT('',(2.109340571174,-0.683964148969));
#1723 = CARTESIAN_POINT('',(2.217073565836,-0.707466462371));
#1724 = CARTESIAN_POINT('',(2.432680364991,-0.760958701152));
#1725 = CARTESIAN_POINT('',(2.544652654685,-0.791976634808));
#1726 = CARTESIAN_POINT('',(2.659680408307,-0.82675509928));
#1727 = CARTESIAN_POINT('',(2.777178813016,-0.864422547339));
#1728 = CARTESIAN_POINT('',(2.896796889379,-0.903905713371));
#1729 = CARTESIAN_POINT('',(3.018308772661,-0.944077068185));
#1730 = CARTESIAN_POINT('',(3.249310320848,-1.018632497275));
#1731 = CARTESIAN_POINT('',(3.357024276864,-1.0526690271));
#1732 = CARTESIAN_POINT('',(3.464724352217,-1.085316759207));
#1733 = CARTESIAN_POINT('',(3.572427451699,-1.116011504602));
#1734 = CARTESIAN_POINT('',(3.680147033488,-1.14429439756));
#1735 = CARTESIAN_POINT('',(3.787874841431,-1.169809152032));
#1736 = CARTESIAN_POINT('',(4.020235355518,-1.218303891331));
#1737 = CARTESIAN_POINT('',(4.140764082453,-1.239397581682));
#1738 = CARTESIAN_POINT('',(4.258231371738,-1.255866908918));
#1739 = CARTESIAN_POINT('',(4.373413258685,-1.267996752816));
#1740 = CARTESIAN_POINT('',(4.487038121311,-1.275994806033));
#1741 = CARTESIAN_POINT('',(4.599776757407,-1.279985613807));
#1742 = CARTESIAN_POINT('',(4.833025924717,-1.279985613807));
#1743 = CARTESIAN_POINT('',(4.953865835655,-1.275405788374));
#1744 = CARTESIAN_POINT('',(5.075818250856,-1.266217911863));
#1745 = CARTESIAN_POINT('',(5.199668721635,-1.252257391981));
#1746 = CARTESIAN_POINT('',(5.326295063738,-1.233259666342));
#1747 = CARTESIAN_POINT('',(5.456629058425,-1.208866454002));
#1748 = CARTESIAN_POINT('',(5.684944897046,-1.158062872929));
#1749 = CARTESIAN_POINT('',(5.780807935899,-1.134562162993));
#1750 = CARTESIAN_POINT('',(5.878825344184,-1.108354357114));
#1751 = CARTESIAN_POINT('',(5.978450245736,-1.079703721388));
#1752 = CARTESIAN_POINT('',(6.079279777532,-1.049021690689));
#1753 = CARTESIAN_POINT('',(6.180971683299,-1.016856074913));
#1754 = CARTESIAN_POINT('',(6.28318530718,-0.983866769659));
#1755 = ( GEOMETRIC_REPRESENTATION_CONTEXT(2) 
PARAMETRIC_REPRESENTATION_CONTEXT() REPRESENTATION_CONTEXT('2D SPACE',''
  ) );
#1756 = FACE_BOUND('',#1757,.T.);
#1757 = EDGE_LOOP('',(#1758));
#1758 = ORIENTED_EDGE('',*,*,#1759,.T.);
#1759 = EDGE_CURVE('',#1760,#1760,#1762,.T.);
#1760 = VERTEX_POINT('',#1761);
#1761 = CARTESIAN_POINT('',(136.25,23.,28.432467391003));
#1762 = SURFACE_CURVE('',#1763,(#1814,#1868),.PCURVE_S1.);
#1763 = B_SPLINE_CURVE_WITH_KNOTS('',7,(#1764,#1765,#1766,#1767,#1768,
    #1769,#1770,#1771,#1772,#1773,#1774,#1775,#1776,#1777,#1778,#1779,
    #1780,#1781,#1782,#1783,#1784,#1785,#1786,#1787,#1788,#1789,#1790,
    #1791,#1792,#1793,#1794,#1795,#1796,#1797,#1798,#1799,#1800,#1801,
    #1802,#1803,#1804,#1805,#1806,#1807,#1808,#1809,#1810,#1811,#1812,
    #1813),.UNSPECIFIED.,.T.,.F.,(8,6,6,6,6,6,6,6,8),(0.,0.13552871364,
    0.248745457056,0.381338645384,0.51301840765,0.627549858038,
    0.760668786888,0.907901473935,1.),.UNSPECIFIED.);
#1764 = CARTESIAN_POINT('',(136.25,23.,28.432467391003));
#1765 = CARTESIAN_POINT('',(136.25,23.17479275505,28.399102000988));
#1766 = CARTESIAN_POINT('',(136.22148450934,23.345881198948,
    28.365268361018));
#1767 = CARTESIAN_POINT('',(136.16662775295,23.507813224483,
    28.332091810564));
#1768 = CARTESIAN_POINT('',(136.08877941476,23.655900984926,
    28.300768695615));
#1769 = CARTESIAN_POINT('',(135.99236550138,23.786477156933,
    28.272450617203));
#1770 = CARTESIAN_POINT('',(135.88276130899,23.897228209553,
    28.247989424503));
#1771 = CARTESIAN_POINT('',(135.66870660422,24.063266058286,
    28.210835874223));
#1772 = CARTESIAN_POINT('',(135.56482115637,24.125890344969,
    28.196598624937));
#1773 = CARTESIAN_POINT('',(135.45619887556,24.175713221575,
    28.185139697665));
#1774 = CARTESIAN_POINT('',(135.34425068208,24.212910422449,
    28.176519598586));
#1775 = CARTESIAN_POINT('',(135.2301808982,24.237639553926,
    28.170767442034));
#1776 = CARTESIAN_POINT('',(135.11507910897,24.25,28.16789223277));
#1777 = CARTESIAN_POINT('',(134.86522571212,24.25,28.16789223277));
#1778 = CARTESIAN_POINT('',(134.73055507441,24.233047379085,
    28.171835476993));
#1779 = CARTESIAN_POINT('',(134.59854976138,24.1991862383,
    28.179712396528));
#1780 = CARTESIAN_POINT('',(134.47170602421,24.148954076312,
    28.191335099015));
#1781 = CARTESIAN_POINT('',(134.35235442443,24.083295685965,
    28.206364327697));
#1782 = CARTESIAN_POINT('',(134.24260189339,24.00350727119,
    28.224346711907));
#1783 = CARTESIAN_POINT('',(134.04670742625,23.819550122006,
    28.265037264287));
#1784 = CARTESIAN_POINT('',(133.95649795744,23.711882456946,
    28.288523250388));
#1785 = CARTESIAN_POINT('',(133.87825626315,23.589062723659,
    28.314828429762));
#1786 = CARTESIAN_POINT('',(133.81585345229,23.45317535458,
    28.343243592459));
#1787 = CARTESIAN_POINT('',(133.77236775522,23.307213521322,
    28.372903414176));
#1788 = CARTESIAN_POINT('',(133.75,23.154807191346,28.402916953888));
#1789 = CARTESIAN_POINT('',(133.75,22.86535294528,28.458169551793));
#1790 = CARTESIAN_POINT('',(133.7669217651,22.730709988494,
    28.483173570687));
#1791 = CARTESIAN_POINT('',(133.80076006589,22.598638122199,
    28.506991508423));
#1792 = CARTESIAN_POINT('',(133.85102918759,22.471661456962,
    28.529224566622));
#1793 = CARTESIAN_POINT('',(133.91678143349,22.352195995517,
    28.549569175207));
#1794 = CARTESIAN_POINT('',(133.99663185607,22.242453737903,
    28.567809103833));
#1795 = CARTESIAN_POINT('',(134.19590292955,22.030251597741,
    28.602372237927));
#1796 = CARTESIAN_POINT('',(134.31590176324,21.935847592512,
    28.617255237399));
#1797 = CARTESIAN_POINT('',(134.44491128193,21.861001588592,
    28.628766784384));
#1798 = CARTESIAN_POINT('',(134.58002342525,21.805327536908,
    28.637192791241));
#1799 = CARTESIAN_POINT('',(134.71888468163,21.768425195543,
    28.64273176677));
#1800 = CARTESIAN_POINT('',(134.85949528715,21.75,28.645497410044));
#1801 = CARTESIAN_POINT('',(135.15540153901,21.75,28.645497410044));
#1802 = CARTESIAN_POINT('',(135.31103359459,21.77253909849,
    28.642114242012));
#1803 = CARTESIAN_POINT('',(135.46434766359,21.817741646384,
    28.63532954049));
#1804 = CARTESIAN_POINT('',(135.61254169253,21.886057370761,
    28.624971348732));
#1805 = CARTESIAN_POINT('',(135.75224525373,21.978016869039,
    28.610752426098));
#1806 = CARTESIAN_POINT('',(135.87922874385,22.094033919648,
    28.592260369488));
#1807 = CARTESIAN_POINT('',(136.05554193709,22.32133551874,
    28.554575829658));
#1808 = CARTESIAN_POINT('',(136.11653372155,22.418625977345,
    28.53815526975));
#1809 = CARTESIAN_POINT('',(136.16818475976,22.5246963262,
    28.519871344956));
#1810 = CARTESIAN_POINT('',(136.20851458071,22.637953722205,
    28.499868253181));
#1811 = CARTESIAN_POINT('',(136.23607867103,22.756417679697,
    28.478390072451));
#1812 = CARTESIAN_POINT('',(136.25,22.87787133392,28.455779973808));
#1813 = CARTESIAN_POINT('',(136.25,23.,28.432467391003));
#1814 = PCURVE('',#554,#1815);
#1815 = DEFINITIONAL_REPRESENTATION('',(#1816),#1867);
#1816 = B_SPLINE_CURVE_WITH_KNOTS('',7,(#1817,#1818,#1819,#1820,#1821,
    #1822,#1823,#1824,#1825,#1826,#1827,#1828,#1829,#1830,#1831,#1832,
    #1833,#1834,#1835,#1836,#1837,#1838,#1839,#1840,#1841,#1842,#1843,
    #1844,#1845,#1846,#1847,#1848,#1849,#1850,#1851,#1852,#1853,#1854,
    #1855,#1856,#1857,#1858,#1859,#1860,#1861,#1862,#1863,#1864,#1865,
    #1866),.UNSPECIFIED.,.T.,.F.,(8,6,6,6,6,6,6,6,8),(0.,0.13552871364,
    0.248745457056,0.381338645384,0.51301840765,0.627549858038,
    0.760668786888,0.907901473935,1.),.UNSPECIFIED.);
#1817 = CARTESIAN_POINT('',(-1.382179940619,-137.25));
#1818 = CARTESIAN_POINT('',(-1.376619042284,-137.25));
#1819 = CARTESIAN_POINT('',(-1.371169106509,-137.2214845093));
#1820 = CARTESIAN_POINT('',(-1.366003806356,-137.1666277529));
#1821 = CARTESIAN_POINT('',(-1.361273804961,-137.0887794147));
#1822 = CARTESIAN_POINT('',(-1.357098492019,-136.9923655013));
#1823 = CARTESIAN_POINT('',(-1.353554124171,-136.8827613089));
#1824 = CARTESIAN_POINT('',(-1.348237126672,-136.6687066042));
#1825 = CARTESIAN_POINT('',(-1.346230192194,-136.5648211563));
#1826 = CARTESIAN_POINT('',(-1.344632583583,-136.4561988755));
#1827 = CARTESIAN_POINT('',(-1.343439366606,-136.344250682));
#1828 = CARTESIAN_POINT('',(-1.342645950637,-136.2301808982));
#1829 = CARTESIAN_POINT('',(-1.342249374133,-136.1150791089));
#1830 = CARTESIAN_POINT('',(-1.342249374133,-135.8652257121));
#1831 = CARTESIAN_POINT('',(-1.342793285808,-135.7305550744));
#1832 = CARTESIAN_POINT('',(-1.343879701329,-135.5985497613));
#1833 = CARTESIAN_POINT('',(-1.345490925332,-135.4717060242));
#1834 = CARTESIAN_POINT('',(-1.347595804095,-135.3523544244));
#1835 = CARTESIAN_POINT('',(-1.3501517119,-135.2426018933));
#1836 = CARTESIAN_POINT('',(-1.356039327493,-135.0467074262));
#1837 = CARTESIAN_POINT('',(-1.359483045316,-134.9564979574));
#1838 = CARTESIAN_POINT('',(-1.363408159707,-134.8782562631));
#1839 = CARTESIAN_POINT('',(-1.36774638393,-134.8158534522));
#1840 = CARTESIAN_POINT('',(-1.372400777874,-134.7723677552));
#1841 = CARTESIAN_POINT('',(-1.377254867767,-134.75));
#1842 = CARTESIAN_POINT('',(-1.386463634084,-134.75));
#1843 = CARTESIAN_POINT('',(-1.390743111418,-134.7669217651));
#1844 = CARTESIAN_POINT('',(-1.394936844242,-134.8007600658));
#1845 = CARTESIAN_POINT('',(-1.398965148665,-134.8510291875));
#1846 = CARTESIAN_POINT('',(-1.402752141622,-134.9167814334));
#1847 = CARTESIAN_POINT('',(-1.406228615316,-134.996631856));
#1848 = CARTESIAN_POINT('',(-1.412947318697,-135.1959029295));
#1849 = CARTESIAN_POINT('',(-1.415933841578,-135.3159017632));
#1850 = CARTESIAN_POINT('',(-1.418300266128,-135.4449112819));
#1851 = CARTESIAN_POINT('',(-1.420059891896,-135.5800234252));
#1852 = CARTESIAN_POINT('',(-1.421226008086,-135.7188846816));
#1853 = CARTESIAN_POINT('',(-1.421808245687,-135.8594952871));
#1854 = CARTESIAN_POINT('',(-1.421808245687,-136.155401539));
#1855 = CARTESIAN_POINT('',(-1.421096008263,-136.3110335945));
#1856 = CARTESIAN_POINT('',(-1.419667605934,-136.4643476635));
#1857 = CARTESIAN_POINT('',(-1.417508340762,-136.6125416925));
#1858 = CARTESIAN_POINT('',(-1.414600486757,-136.7522452537));
#1859 = CARTESIAN_POINT('',(-1.410929260119,-136.8792287438));
#1860 = CARTESIAN_POINT('',(-1.403729125741,-137.055541937));
#1861 = CARTESIAN_POINT('',(-1.400645812102,-137.1165337215));
#1862 = CARTESIAN_POINT('',(-1.397282263411,-137.1681847597));
#1863 = CARTESIAN_POINT('',(-1.393688251751,-137.2085145807));
#1864 = CARTESIAN_POINT('',(-1.389925965564,-137.236078671));
#1865 = CARTESIAN_POINT('',(-1.386065371087,-137.25));
#1866 = CARTESIAN_POINT('',(-1.382179940619,-137.25));
#1867 = ( GEOMETRIC_REPRESENTATION_CONTEXT(2) 
PARAMETRIC_REPRESENTATION_CONTEXT() REPRESENTATION_CONTEXT('2D SPACE',''
  ) );
#1868 = PCURVE('',#1869,#1874);
#1869 = CYLINDRICAL_SURFACE('',#1870,1.25);
#1870 = AXIS2_PLACEMENT_3D('',#1871,#1872,#1873);
#1871 = CARTESIAN_POINT('',(135.,23.,22.0000001));
#1872 = DIRECTION('',(-0.,-0.,-1.));
#1873 = DIRECTION('',(1.,0.,0.));
#1874 = DEFINITIONAL_REPRESENTATION('',(#1875),#1926);
#1875 = B_SPLINE_CURVE_WITH_KNOTS('',7,(#1876,#1877,#1878,#1879,#1880,
    #1881,#1882,#1883,#1884,#1885,#1886,#1887,#1888,#1889,#1890,#1891,
    #1892,#1893,#1894,#1895,#1896,#1897,#1898,#1899,#1900,#1901,#1902,
    #1903,#1904,#1905,#1906,#1907,#1908,#1909,#1910,#1911,#1912,#1913,
    #1914,#1915,#1916,#1917,#1918,#1919,#1920,#1921,#1922,#1923,#1924,
    #1925),.UNSPECIFIED.,.F.,.F.,(8,6,6,6,6,6,6,6,8),(0.,0.13552871364,
    0.248745457056,0.381338645384,0.51301840765,0.627549858038,
    0.760668786888,0.907901473935,1.),.UNSPECIFIED.);
#1876 = CARTESIAN_POINT('',(0.,-6.432467291003));
#1877 = CARTESIAN_POINT('',(-0.13983420404,-6.399101900988));
#1878 = CARTESIAN_POINT('',(-0.276704990806,-6.365268261018));
#1879 = CARTESIAN_POINT('',(-0.410716260769,-6.332091710564));
#1880 = CARTESIAN_POINT('',(-0.541734178857,-6.300768595615));
#1881 = CARTESIAN_POINT('',(-0.669393772744,-6.272450517203));
#1882 = CARTESIAN_POINT('',(-0.792981249809,-6.247989324503));
#1883 = CARTESIAN_POINT('',(-1.009702983055,-6.210835774223));
#1884 = CARTESIAN_POINT('',(-1.106078450622,-6.196598524937));
#1885 = CARTESIAN_POINT('',(-1.20073573077,-6.185139597665));
#1886 = CARTESIAN_POINT('',(-1.29412281451,-6.176519498586));
#1887 = CARTESIAN_POINT('',(-1.386651015839,-6.170767342034));
#1888 = CARTESIAN_POINT('',(-1.478733039615,-6.16789213277));
#1889 = CARTESIAN_POINT('',(-1.678615757092,-6.16789213277));
#1890 = CARTESIAN_POINT('',(-1.786351821148,-6.171835376993));
#1891 = CARTESIAN_POINT('',(-1.89400475984,-6.179712296528));
#1892 = CARTESIAN_POINT('',(-2.00160553038,-6.191334999015));
#1893 = CARTESIAN_POINT('',(-2.109215847506,-6.206364227697));
#1894 = CARTESIAN_POINT('',(-2.216915731587,-6.224346611907));
#1895 = CARTESIAN_POINT('',(-2.431898335519,-6.265037164287));
#1896 = CARTESIAN_POINT('',(-2.543468419562,-6.288523150388));
#1897 = CARTESIAN_POINT('',(-2.658367563375,-6.314828329762));
#1898 = CARTESIAN_POINT('',(-2.775947882289,-6.343243492459));
#1899 = CARTESIAN_POINT('',(-2.895822563704,-6.372903314176));
#1900 = CARTESIAN_POINT('',(-3.017746900513,-6.402916853888));
#1901 = CARTESIAN_POINT('',(-3.249310297366,-6.458169451793));
#1902 = CARTESIAN_POINT('',(-3.357024400128,-6.483173470687));
#1903 = CARTESIAN_POINT('',(-3.464724361629,-6.506991408423));
#1904 = CARTESIAN_POINT('',(-3.572427447805,-6.529224466622));
#1905 = CARTESIAN_POINT('',(-3.680147078686,-6.549569075207));
#1906 = CARTESIAN_POINT('',(-3.787874650279,-6.567809003833));
#1907 = CARTESIAN_POINT('',(-4.020753961877,-6.602372137927));
#1908 = CARTESIAN_POINT('',(-4.141524127352,-6.617255137399));
#1909 = CARTESIAN_POINT('',(-4.259025217373,-6.628766684384));
#1910 = CARTESIAN_POINT('',(-4.374087170302,-6.637192691241));
#1911 = CARTESIAN_POINT('',(-4.487496979922,-6.64273166677));
#1912 = CARTESIAN_POINT('',(-4.599985210107,-6.645497310044));
#1913 = CARTESIAN_POINT('',(-4.836710211597,-6.645497310044));
#1914 = CARTESIAN_POINT('',(-4.961215231598,-6.642114142012));
#1915 = CARTESIAN_POINT('',(-5.087007799601,-6.63532944049));
#1916 = CARTESIAN_POINT('',(-5.215014361142,-6.624971248732));
#1917 = CARTESIAN_POINT('',(-5.34627531748,-6.610752326098));
#1918 = CARTESIAN_POINT('',(-5.481876337486,-6.592260269488));
#1919 = CARTESIAN_POINT('',(-5.712010015594,-6.554575729658));
#1920 = CARTESIAN_POINT('',(-5.803415131462,-6.53815516975));
#1921 = CARTESIAN_POINT('',(-5.896926108505,-6.519871244956));
#1922 = CARTESIAN_POINT('',(-5.992023985478,-6.499868153181));
#1923 = CARTESIAN_POINT('',(-6.088319786123,-6.478389972451));
#1924 = CARTESIAN_POINT('',(-6.185482374315,-6.455779873808));
#1925 = CARTESIAN_POINT('',(-6.28318530718,-6.432467291003));
#1926 = ( GEOMETRIC_REPRESENTATION_CONTEXT(2) 
PARAMETRIC_REPRESENTATION_CONTEXT() REPRESENTATION_CONTEXT('2D SPACE',''
  ) );
#1927 = FACE_BOUND('',#1928,.T.);
#1928 = EDGE_LOOP('',(#1929));
#1929 = ORIENTED_EDGE('',*,*,#1930,.F.);
#1930 = EDGE_CURVE('',#1931,#1931,#1933,.T.);
#1931 = VERTEX_POINT('',#1932);
#1932 = CARTESIAN_POINT('',(76.25,47.983866769659,5.0000001));
#1933 = SURFACE_CURVE('',#1934,(#1985,#2039),.PCURVE_S1.);
#1934 = B_SPLINE_CURVE_WITH_KNOTS('',7,(#1935,#1936,#1937,#1938,#1939,
    #1940,#1941,#1942,#1943,#1944,#1945,#1946,#1947,#1948,#1949,#1950,
    #1951,#1952,#1953,#1954,#1955,#1956,#1957,#1958,#1959,#1960,#1961,
    #1962,#1963,#1964,#1965,#1966,#1967,#1968,#1969,#1970,#1971,#1972,
    #1973,#1974,#1975,#1976,#1977,#1978,#1979,#1980,#1981,#1982,#1983,
    #1984),.UNSPECIFIED.,.T.,.F.,(8,6,6,6,6,6,6,6,8),(0.,0.136250972024,
    0.248703867407,0.380038773245,0.511613660278,0.626575484972,
    0.759641297436,0.902189349381,1.),.UNSPECIFIED.);
#1935 = CARTESIAN_POINT('',(76.25,47.983866769659,5.0000001));
#1936 = CARTESIAN_POINT('',(76.25,47.93899011413,5.173806639499));
#1937 = CARTESIAN_POINT('',(76.221805358426,47.893774972186,
    5.344224889029));
#1938 = CARTESIAN_POINT('',(76.167393648347,47.84969063786,
    5.505866341928));
#1939 = CARTESIAN_POINT('',(76.089928144743,47.808248143204,
    5.654044736979));
#1940 = CARTESIAN_POINT('',(75.993648295061,47.770868321454,
    5.785051221235));
#1941 = CARTESIAN_POINT('',(75.883733750322,47.738604160165,
    5.896474006742));
#1942 = CARTESIAN_POINT('',(75.669074304058,47.689876699738,
    6.062980941062));
#1943 = CARTESIAN_POINT('',(75.565431780334,47.671331777592,
    6.125552024051));
#1944 = CARTESIAN_POINT('',(75.45689208313,47.656403307747,
    6.175450340055));
#1945 = CARTESIAN_POINT('',(75.344875947736,47.645170304479,
    6.212765439667));
#1946 = CARTESIAN_POINT('',(75.230628361861,47.637673716283,
    6.23759280331));
#1947 = CARTESIAN_POINT('',(75.115297037456,47.633927270267,6.2500001));
#1948 = CARTESIAN_POINT('',(74.86534339106,47.633927270267,6.2500001));
#1949 = CARTESIAN_POINT('',(74.730704858626,47.639037078444,
    6.233077199332));
#1950 = CARTESIAN_POINT('',(74.598633266876,47.649255880696,
    6.199236055533));
#1951 = CARTESIAN_POINT('',(74.471663510976,47.664368881668,
    6.148970716346));
#1952 = CARTESIAN_POINT('',(74.352207011016,47.68396414896,
    6.083225192132));
#1953 = CARTESIAN_POINT('',(74.242458073101,47.707466462377,
    6.003372314945));
#1954 = CARTESIAN_POINT('',(74.045994832572,47.760958701151,
    5.818881051994));
#1955 = CARTESIAN_POINT('',(73.955586857278,47.791976634808,
    5.710690262607));
#1956 = CARTESIAN_POINT('',(73.877468897748,47.826755099281,
    5.587585228224));
#1957 = CARTESIAN_POINT('',(73.815348653249,47.864422547339,
    5.451689181083));
#1958 = CARTESIAN_POINT('',(73.772165130236,47.90390571337,
    5.305995806821));
#1959 = CARTESIAN_POINT('',(73.75,47.944077068186,5.154104951158));
#1960 = CARTESIAN_POINT('',(73.75,48.018632497289,4.865353015873));
#1961 = CARTESIAN_POINT('',(73.766921737241,48.052669027084,
    4.730710231752));
#1962 = CARTESIAN_POINT('',(73.800760082585,48.085316759199,
    4.598638252602));
#1963 = CARTESIAN_POINT('',(73.851029156875,48.116011504613,
    4.471661543132));
#1964 = CARTESIAN_POINT('',(73.91678138113,48.144294397568,
    4.352196116808));
#1965 = CARTESIAN_POINT('',(73.996632019603,48.169809152023,
    4.242453663764));
#1966 = CARTESIAN_POINT('',(74.195459166454,48.218303891331,
    4.030724257448));
#1967 = CARTESIAN_POINT('',(74.31511370325,48.239397581682,
    3.936410915494));
#1968 = CARTESIAN_POINT('',(74.44399348865,48.255866908918,
    3.861433241441));
#1969 = CARTESIAN_POINT('',(74.579197138786,48.267996752816,
    3.805557608403));
#1970 = CARTESIAN_POINT('',(74.71831112771,48.275994806033,3.76849372786
    ));
#1971 = CARTESIAN_POINT('',(74.859234721278,48.279985613807,3.7500001));
#1972 = CARTESIAN_POINT('',(75.150796180415,48.279985613807,3.7500001));
#1973 = CARTESIAN_POINT('',(75.301846620852,48.275405788374,
    3.771223216849));
#1974 = CARTESIAN_POINT('',(75.450700080558,48.266217911863,
    3.813801143838));
#1975 = CARTESIAN_POINT('',(75.594710661692,48.252257391981,
    3.878053527815));
#1976 = CARTESIAN_POINT('',(75.73080405048,48.233259666343,
    3.964318556061));
#1977 = CARTESIAN_POINT('',(75.855252870119,48.208866454002,
    4.072805097684));
#1978 = CARTESIAN_POINT('',(76.037170361082,48.158062872931,
    4.292705569166));
#1979 = CARTESIAN_POINT('',(76.103852947827,48.134562162991,
    4.393059908928));
#1980 = CARTESIAN_POINT('',(76.160395852414,48.108354357112,
    4.503168957199));
#1981 = CARTESIAN_POINT('',(76.204572246089,48.07970372139,4.62126321147
    ));
#1982 = CARTESIAN_POINT('',(76.234763557566,48.049021690692,
    4.74511759556));
#1983 = CARTESIAN_POINT('',(76.25,48.01685607491,4.872233070161));
#1984 = CARTESIAN_POINT('',(76.25,47.983866769659,5.0000001));
#1985 = PCURVE('',#554,#1986);
#1986 = DEFINITIONAL_REPRESENTATION('',(#1987),#2038);
#1987 = B_SPLINE_CURVE_WITH_KNOTS('',7,(#1988,#1989,#1990,#1991,#1992,
    #1993,#1994,#1995,#1996,#1997,#1998,#1999,#2000,#2001,#2002,#2003,
    #2004,#2005,#2006,#2007,#2008,#2009,#2010,#2011,#2012,#2013,#2014,
    #2015,#2016,#2017,#2018,#2019,#2020,#2021,#2022,#2023,#2024,#2025,
    #2026,#2027,#2028,#2029,#2030,#2031,#2032,#2033,#2034,#2035,#2036,
    #2037),.UNSPECIFIED.,.T.,.F.,(8,6,6,6,6,6,6,6,8),(0.,0.136250972024,
    0.248703867407,0.380038773245,0.511613660278,0.626575484972,
    0.759641297436,0.902189349381,1.),.UNSPECIFIED.);
#1988 = CARTESIAN_POINT('',(-0.252680255142,-77.25));
#1989 = CARTESIAN_POINT('',(-0.258289837083,-77.25));
#1990 = CARTESIAN_POINT('',(-0.263799542137,-77.22180535842));
#1991 = CARTESIAN_POINT('',(-0.269035132345,-77.16739364834));
#1992 = CARTESIAN_POINT('',(-0.273843263359,-77.08992814474));
#1993 = CARTESIAN_POINT('',(-0.278100552185,-76.99364829506));
#1994 = CARTESIAN_POINT('',(-0.281725538924,-76.88373375032));
#1995 = CARTESIAN_POINT('',(-0.287147114436,-76.66907430405));
#1996 = CARTESIAN_POINT('',(-0.289186522153,-76.56543178033));
#1997 = CARTESIAN_POINT('',(-0.290814129264,-76.45689208313));
#1998 = CARTESIAN_POINT('',(-0.29203191576,-76.34487594773));
#1999 = CARTESIAN_POINT('',(-0.292842367977,-76.23062836186));
#2000 = CARTESIAN_POINT('',(-0.293247386391,-76.11529703745));
#2001 = CARTESIAN_POINT('',(-0.293247386391,-75.86534339106));
#2002 = CARTESIAN_POINT('',(-0.292694964376,-75.73070485862));
#2003 = CARTESIAN_POINT('',(-0.291590264459,-75.59863326687));
#2004 = CARTESIAN_POINT('',(-0.289950012548,-75.47166351097));
#2005 = CARTESIAN_POINT('',(-0.287806164839,-75.35220701101));
#2006 = CARTESIAN_POINT('',(-0.285204947224,-75.2424580731));
#2007 = CARTESIAN_POINT('',(-0.279202144679,-75.04599483257));
#2008 = CARTESIAN_POINT('',(-0.275684992956,-74.95558685727));
#2009 = CARTESIAN_POINT('',(-0.271687436804,-74.87746889774));
#2010 = CARTESIAN_POINT('',(-0.267280678566,-74.81534865324));
#2011 = CARTESIAN_POINT('',(-0.262563671725,-74.77216513023));
#2012 = CARTESIAN_POINT('',(-0.257653967826,-74.75));
#2013 = CARTESIAN_POINT('',(-0.248334539188,-74.75));
#2014 = CARTESIAN_POINT('',(-0.243994649864,-74.76692173724));
#2015 = CARTESIAN_POINT('',(-0.239743264704,-74.80076008258));
#2016 = CARTESIAN_POINT('',(-0.23566103828,-74.85102915687));
#2017 = CARTESIAN_POINT('',(-0.23182459992,-74.91678138113));
#2018 = CARTESIAN_POINT('',(-0.228303697741,-74.9966320196));
#2019 = CARTESIAN_POINT('',(-0.221515820705,-75.19545916645));
#2020 = CARTESIAN_POINT('',(-0.218495753561,-75.31511370325));
#2021 = CARTESIAN_POINT('',(-0.216096858869,-75.44399348865));
#2022 = CARTESIAN_POINT('',(-0.214310075925,-75.57919713878));
#2023 = CARTESIAN_POINT('',(-0.213125169302,-75.71831112771));
#2024 = CARTESIAN_POINT('',(-0.212533940404,-75.85923472127));
#2025 = CARTESIAN_POINT('',(-0.212533940404,-76.15079618041));
#2026 = CARTESIAN_POINT('',(-0.213212429348,-76.30184662085));
#2027 = CARTESIAN_POINT('',(-0.214573615653,-76.45070008055));
#2028 = CARTESIAN_POINT('',(-0.216628349981,-76.59471066169));
#2029 = CARTESIAN_POINT('',(-0.21938870378,-76.73080405048));
#2030 = CARTESIAN_POINT('',(-0.222863491776,-76.85525287011));
#2031 = CARTESIAN_POINT('',(-0.229916390477,-77.03717036108));
#2032 = CARTESIAN_POINT('',(-0.233137291345,-77.10385294782));
#2033 = CARTESIAN_POINT('',(-0.236674284237,-77.16039585241));
#2034 = CARTESIAN_POINT('',(-0.240471714512,-77.20457224608));
#2035 = CARTESIAN_POINT('',(-0.244459078293,-77.23476355756));
#2036 = CARTESIAN_POINT('',(-0.248556591986,-77.25));
#2037 = CARTESIAN_POINT('',(-0.252680255142,-77.25));
#2038 = ( GEOMETRIC_REPRESENTATION_CONTEXT(2) 
PARAMETRIC_REPRESENTATION_CONTEXT() REPRESENTATION_CONTEXT('2D SPACE',''
  ) );
#2039 = PCURVE('',#2040,#2045);
#2040 = CYLINDRICAL_SURFACE('',#2041,1.25);
#2041 = AXIS2_PLACEMENT_3D('',#2042,#2043,#2044);
#2042 = CARTESIAN_POINT('',(75.,47.,5.0000001));
#2043 = DIRECTION('',(0.,-1.,0.));
#2044 = DIRECTION('',(1.,0.,0.));
#2045 = DEFINITIONAL_REPRESENTATION('',(#2046),#2097);
#2046 = B_SPLINE_CURVE_WITH_KNOTS('',7,(#2047,#2048,#2049,#2050,#2051,
    #2052,#2053,#2054,#2055,#2056,#2057,#2058,#2059,#2060,#2061,#2062,
    #2063,#2064,#2065,#2066,#2067,#2068,#2069,#2070,#2071,#2072,#2073,
    #2074,#2075,#2076,#2077,#2078,#2079,#2080,#2081,#2082,#2083,#2084,
    #2085,#2086,#2087,#2088,#2089,#2090,#2091,#2092,#2093,#2094,#2095,
    #2096),.UNSPECIFIED.,.F.,.F.,(8,6,6,6,6,6,6,6,8),(0.,0.136250972024,
    0.248703867407,0.380038773245,0.511613660278,0.626575484972,
    0.759641297436,0.902189349381,1.),.UNSPECIFIED.);
#2047 = CARTESIAN_POINT('',(0.,-0.983866769659));
#2048 = CARTESIAN_POINT('',(0.1390452316,-0.93899011413));
#2049 = CARTESIAN_POINT('',(0.275379882132,-0.893774972186));
#2050 = CARTESIAN_POINT('',(0.409083453121,-0.84969063786));
#2051 = CARTESIAN_POINT('',(0.540029854371,-0.808248143204));
#2052 = CARTESIAN_POINT('',(0.667883689928,-0.770868321454));
#2053 = CARTESIAN_POINT('',(0.791996692289,-0.738604160165));
#2054 = CARTESIAN_POINT('',(1.009330701846,-0.689876699738));
#2055 = CARTESIAN_POINT('',(1.10552642892,-0.671331777592));
#2056 = CARTESIAN_POINT('',(1.200151165525,-0.656403307747));
#2057 = CARTESIAN_POINT('',(1.293615140286,-0.645170304479));
#2058 = CARTESIAN_POINT('',(1.386293125314,-0.637673716283));
#2059 = CARTESIAN_POINT('',(1.47855869683,-0.633927270267));
#2060 = CARTESIAN_POINT('',(1.678521613947,-0.633927270267));
#2061 = CARTESIAN_POINT('',(1.786231897457,-0.639037078444));
#2062 = CARTESIAN_POINT('',(1.893932759065,-0.649255880696));
#2063 = CARTESIAN_POINT('',(2.001629922523,-0.664368881668));
#2064 = CARTESIAN_POINT('',(2.10934057115,-0.68396414896));
#2065 = CARTESIAN_POINT('',(2.217073565861,-0.707466462377));
#2066 = CARTESIAN_POINT('',(2.432680364989,-0.760958701151));
#2067 = CARTESIAN_POINT('',(2.544652654687,-0.791976634808));
#2068 = CARTESIAN_POINT('',(2.659680408308,-0.826755099281));
#2069 = CARTESIAN_POINT('',(2.777178813014,-0.864422547339));
#2070 = CARTESIAN_POINT('',(2.896796889377,-0.90390571337));
#2071 = CARTESIAN_POINT('',(3.018308772663,-0.944077068186));
#2072 = CARTESIAN_POINT('',(3.249310320891,-1.018632497289));
#2073 = CARTESIAN_POINT('',(3.357024276823,-1.052669027084));
#2074 = CARTESIAN_POINT('',(3.46472435218,-1.085316759199));
#2075 = CARTESIAN_POINT('',(3.572427451733,-1.116011504613));
#2076 = CARTESIAN_POINT('',(3.680147033535,-1.144294397568));
#2077 = CARTESIAN_POINT('',(3.787874841386,-1.169809152023));
#2078 = CARTESIAN_POINT('',(4.020235355517,-1.218303891331));
#2079 = CARTESIAN_POINT('',(4.140764082453,-1.239397581682));
#2080 = CARTESIAN_POINT('',(4.258231371738,-1.255866908918));
#2081 = CARTESIAN_POINT('',(4.373413258685,-1.267996752816));
#2082 = CARTESIAN_POINT('',(4.487038121311,-1.275994806033));
#2083 = CARTESIAN_POINT('',(4.599776757407,-1.279985613807));
#2084 = CARTESIAN_POINT('',(4.833025924717,-1.279985613807));
#2085 = CARTESIAN_POINT('',(4.953865835656,-1.275405788374));
#2086 = CARTESIAN_POINT('',(5.075818250855,-1.266217911863));
#2087 = CARTESIAN_POINT('',(5.199668721636,-1.252257391981));
#2088 = CARTESIAN_POINT('',(5.326295063738,-1.233259666342));
#2089 = CARTESIAN_POINT('',(5.456629058426,-1.208866454002));
#2090 = CARTESIAN_POINT('',(5.684944897038,-1.158062872931));
#2091 = CARTESIAN_POINT('',(5.780807935907,-1.134562162991));
#2092 = CARTESIAN_POINT('',(5.878825344191,-1.108354357112));
#2093 = CARTESIAN_POINT('',(5.978450245729,-1.07970372139));
#2094 = CARTESIAN_POINT('',(6.079279777523,-1.049021690692));
#2095 = CARTESIAN_POINT('',(6.180971683308,-1.01685607491));
#2096 = CARTESIAN_POINT('',(6.28318530718,-0.983866769659));
#2097 = ( GEOMETRIC_REPRESENTATION_CONTEXT(2) 
PARAMETRIC_REPRESENTATION_CONTEXT() REPRESENTATION_CONTEXT('2D SPACE',''
  ) );
#2098 = FACE_BOUND('',#2099,.T.);
#2099 = EDGE_LOOP('',(#2100));
#2100 = ORIENTED_EDGE('',*,*,#2101,.F.);
#2101 = EDGE_CURVE('',#2102,#2102,#2104,.T.);
#2102 = VERTEX_POINT('',#2103);
#2103 = CARTESIAN_POINT('',(26.25,47.983866769659,5.0000001));
#2104 = SURFACE_CURVE('',#2105,(#2156,#2210),.PCURVE_S1.);
#2105 = B_SPLINE_CURVE_WITH_KNOTS('',7,(#2106,#2107,#2108,#2109,#2110,
    #2111,#2112,#2113,#2114,#2115,#2116,#2117,#2118,#2119,#2120,#2121,
    #2122,#2123,#2124,#2125,#2126,#2127,#2128,#2129,#2130,#2131,#2132,
    #2133,#2134,#2135,#2136,#2137,#2138,#2139,#2140,#2141,#2142,#2143,
    #2144,#2145,#2146,#2147,#2148,#2149,#2150,#2151,#2152,#2153,#2154,
    #2155),.UNSPECIFIED.,.T.,.F.,(8,6,6,6,6,6,6,6,8),(0.,0.136250972015,
    0.248703867391,0.380038773252,0.51161366028,0.626575484967,
    0.759641297423,0.90218934936,1.),.UNSPECIFIED.);
#2106 = CARTESIAN_POINT('',(26.25,47.983866769659,5.0000001));
#2107 = CARTESIAN_POINT('',(26.25,47.93899011413,5.1738066395));
#2108 = CARTESIAN_POINT('',(26.221805358426,47.893774972186,
    5.344224889029));
#2109 = CARTESIAN_POINT('',(26.167393648347,47.84969063786,
    5.505866341928));
#2110 = CARTESIAN_POINT('',(26.089928144743,47.808248143204,
    5.654044736979));
#2111 = CARTESIAN_POINT('',(25.993648295061,47.770868321454,
    5.785051221235));
#2112 = CARTESIAN_POINT('',(25.883733750322,47.738604160165,
    5.896474006742));
#2113 = CARTESIAN_POINT('',(25.669074304058,47.689876699738,
    6.062980941062));
#2114 = CARTESIAN_POINT('',(25.565431780334,47.671331777592,
    6.125552024051));
#2115 = CARTESIAN_POINT('',(25.45689208313,47.656403307747,
    6.175450340055));
#2116 = CARTESIAN_POINT('',(25.344875947736,47.645170304479,
    6.212765439667));
#2117 = CARTESIAN_POINT('',(25.230628361861,47.637673716283,
    6.23759280331));
#2118 = CARTESIAN_POINT('',(25.115297037456,47.633927270267,6.2500001));
#2119 = CARTESIAN_POINT('',(24.865343391027,47.633927270267,6.2500001));
#2120 = CARTESIAN_POINT('',(24.730704858662,47.639037078446,
    6.233077199325));
#2121 = CARTESIAN_POINT('',(24.598633266894,47.649255880691,
    6.19923605555));
#2122 = CARTESIAN_POINT('',(24.471663510949,47.664368881668,
    6.148970716346));
#2123 = CARTESIAN_POINT('',(24.352207010997,47.683964148969,
    6.083225192103));
#2124 = CARTESIAN_POINT('',(24.242458073124,47.707466462371,
    6.003372314967));
#2125 = CARTESIAN_POINT('',(24.045994832571,47.760958701152,
    5.818881051992));
#2126 = CARTESIAN_POINT('',(23.95558685728,47.791976634808,
    5.710690262608));
#2127 = CARTESIAN_POINT('',(23.877468897748,47.82675509928,
    5.587585228226));
#2128 = CARTESIAN_POINT('',(23.815348653247,47.864422547339,
    5.451689181082));
#2129 = CARTESIAN_POINT('',(23.772165130237,47.903905713371,
    5.305995806818));
#2130 = CARTESIAN_POINT('',(23.75,47.944077068185,5.15410495116));
#2131 = CARTESIAN_POINT('',(23.75,48.018632497289,4.865353015873));
#2132 = CARTESIAN_POINT('',(23.766921737241,48.052669027084,
    4.730710231752));
#2133 = CARTESIAN_POINT('',(23.800760082585,48.085316759199,
    4.598638252602));
#2134 = CARTESIAN_POINT('',(23.851029156875,48.116011504613,
    4.471661543132));
#2135 = CARTESIAN_POINT('',(23.91678138113,48.144294397568,
    4.352196116808));
#2136 = CARTESIAN_POINT('',(23.996632019603,48.169809152023,
    4.242453663764));
#2137 = CARTESIAN_POINT('',(24.195459166454,48.218303891331,
    4.030724257448));
#2138 = CARTESIAN_POINT('',(24.31511370325,48.239397581682,
    3.936410915494));
#2139 = CARTESIAN_POINT('',(24.44399348865,48.255866908918,
    3.861433241441));
#2140 = CARTESIAN_POINT('',(24.579197138787,48.267996752816,
    3.805557608403));
#2141 = CARTESIAN_POINT('',(24.71831112771,48.275994806033,3.76849372786
    ));
#2142 = CARTESIAN_POINT('',(24.859234721278,48.279985613807,3.7500001));
#2143 = CARTESIAN_POINT('',(25.150796180415,48.279985613807,3.7500001));
#2144 = CARTESIAN_POINT('',(25.301846620852,48.275405788374,
    3.771223216849));
#2145 = CARTESIAN_POINT('',(25.450700080558,48.266217911863,
    3.813801143838));
#2146 = CARTESIAN_POINT('',(25.594710661692,48.252257391981,
    3.878053527815));
#2147 = CARTESIAN_POINT('',(25.73080405048,48.233259666342,
    3.964318556061));
#2148 = CARTESIAN_POINT('',(25.855252870119,48.208866454002,
    4.072805097684));
#2149 = CARTESIAN_POINT('',(26.037170361103,48.158062872925,
    4.292705569191));
#2150 = CARTESIAN_POINT('',(26.1038529478,48.134562162996,4.393059908907
    ));
#2151 = CARTESIAN_POINT('',(26.160395852414,48.108354357119,
    4.503168957172));
#2152 = CARTESIAN_POINT('',(26.204572246106,48.079703721385,
    4.62126321149));
#2153 = CARTESIAN_POINT('',(26.23476355756,48.049021690682,
    4.745117595598));
#2154 = CARTESIAN_POINT('',(26.25,48.016856074919,4.872233070126));
#2155 = CARTESIAN_POINT('',(26.25,47.983866769659,5.0000001));
#2156 = PCURVE('',#554,#2157);
#2157 = DEFINITIONAL_REPRESENTATION('',(#2158),#2209);
#2158 = B_SPLINE_CURVE_WITH_KNOTS('',7,(#2159,#2160,#2161,#2162,#2163,
    #2164,#2165,#2166,#2167,#2168,#2169,#2170,#2171,#2172,#2173,#2174,
    #2175,#2176,#2177,#2178,#2179,#2180,#2181,#2182,#2183,#2184,#2185,
    #2186,#2187,#2188,#2189,#2190,#2191,#2192,#2193,#2194,#2195,#2196,
    #2197,#2198,#2199,#2200,#2201,#2202,#2203,#2204,#2205,#2206,#2207,
    #2208),.UNSPECIFIED.,.T.,.F.,(8,6,6,6,6,6,6,6,8),(0.,0.136250972015,
    0.248703867391,0.380038773252,0.51161366028,0.626575484967,
    0.759641297423,0.90218934936,1.),.UNSPECIFIED.);
#2159 = CARTESIAN_POINT('',(-0.252680255142,-27.25));
#2160 = CARTESIAN_POINT('',(-0.258289837083,-27.25));
#2161 = CARTESIAN_POINT('',(-0.263799542137,-27.22180535842));
#2162 = CARTESIAN_POINT('',(-0.269035132345,-27.16739364834));
#2163 = CARTESIAN_POINT('',(-0.273843263359,-27.08992814474));
#2164 = CARTESIAN_POINT('',(-0.278100552185,-26.99364829506));
#2165 = CARTESIAN_POINT('',(-0.281725538924,-26.88373375032));
#2166 = CARTESIAN_POINT('',(-0.287147114436,-26.66907430405));
#2167 = CARTESIAN_POINT('',(-0.289186522153,-26.56543178033));
#2168 = CARTESIAN_POINT('',(-0.290814129264,-26.45689208313));
#2169 = CARTESIAN_POINT('',(-0.29203191576,-26.34487594773));
#2170 = CARTESIAN_POINT('',(-0.292842367977,-26.23062836186));
#2171 = CARTESIAN_POINT('',(-0.293247386391,-26.11529703745));
#2172 = CARTESIAN_POINT('',(-0.293247386391,-25.86534339102));
#2173 = CARTESIAN_POINT('',(-0.292694964376,-25.73070485866));
#2174 = CARTESIAN_POINT('',(-0.29159026446,-25.59863326689));
#2175 = CARTESIAN_POINT('',(-0.289950012548,-25.47166351094));
#2176 = CARTESIAN_POINT('',(-0.287806164838,-25.35220701099));
#2177 = CARTESIAN_POINT('',(-0.285204947224,-25.24245807312));
#2178 = CARTESIAN_POINT('',(-0.279202144679,-25.04599483257));
#2179 = CARTESIAN_POINT('',(-0.275684992956,-24.95558685728));
#2180 = CARTESIAN_POINT('',(-0.271687436804,-24.87746889774));
#2181 = CARTESIAN_POINT('',(-0.267280678566,-24.81534865324));
#2182 = CARTESIAN_POINT('',(-0.262563671725,-24.77216513023));
#2183 = CARTESIAN_POINT('',(-0.257653967826,-24.75));
#2184 = CARTESIAN_POINT('',(-0.248334539188,-24.75));
#2185 = CARTESIAN_POINT('',(-0.243994649864,-24.76692173724));
#2186 = CARTESIAN_POINT('',(-0.239743264704,-24.80076008258));
#2187 = CARTESIAN_POINT('',(-0.23566103828,-24.85102915687));
#2188 = CARTESIAN_POINT('',(-0.23182459992,-24.91678138113));
#2189 = CARTESIAN_POINT('',(-0.228303697741,-24.9966320196));
#2190 = CARTESIAN_POINT('',(-0.221515820705,-25.19545916645));
#2191 = CARTESIAN_POINT('',(-0.218495753561,-25.31511370325));
#2192 = CARTESIAN_POINT('',(-0.216096858869,-25.44399348864));
#2193 = CARTESIAN_POINT('',(-0.214310075925,-25.57919713878));
#2194 = CARTESIAN_POINT('',(-0.213125169302,-25.71831112771));
#2195 = CARTESIAN_POINT('',(-0.212533940404,-25.85923472127));
#2196 = CARTESIAN_POINT('',(-0.212533940404,-26.15079618041));
#2197 = CARTESIAN_POINT('',(-0.213212429348,-26.30184662085));
#2198 = CARTESIAN_POINT('',(-0.214573615653,-26.45070008055));
#2199 = CARTESIAN_POINT('',(-0.216628349981,-26.59471066169));
#2200 = CARTESIAN_POINT('',(-0.21938870378,-26.73080405048));
#2201 = CARTESIAN_POINT('',(-0.222863491776,-26.85525287011));
#2202 = CARTESIAN_POINT('',(-0.229916390478,-27.0371703611));
#2203 = CARTESIAN_POINT('',(-0.233137291344,-27.1038529478));
#2204 = CARTESIAN_POINT('',(-0.236674284236,-27.16039585241));
#2205 = CARTESIAN_POINT('',(-0.240471714512,-27.2045722461));
#2206 = CARTESIAN_POINT('',(-0.244459078294,-27.23476355756));
#2207 = CARTESIAN_POINT('',(-0.248556591985,-27.25));
#2208 = CARTESIAN_POINT('',(-0.252680255142,-27.25));
#2209 = ( GEOMETRIC_REPRESENTATION_CONTEXT(2) 
PARAMETRIC_REPRESENTATION_CONTEXT() REPRESENTATION_CONTEXT('2D SPACE',''
  ) );
#2210 = PCURVE('',#2211,#2216);
#2211 = CYLINDRICAL_SURFACE('',#2212,1.25);
#2212 = AXIS2_PLACEMENT_3D('',#2213,#2214,#2215);
#2213 = CARTESIAN_POINT('',(25.,47.,5.0000001));
#2214 = DIRECTION('',(0.,-1.,0.));
#2215 = DIRECTION('',(1.,0.,0.));
#2216 = DEFINITIONAL_REPRESENTATION('',(#2217),#2268);
#2217 = B_SPLINE_CURVE_WITH_KNOTS('',7,(#2218,#2219,#2220,#2221,#2222,
    #2223,#2224,#2225,#2226,#2227,#2228,#2229,#2230,#2231,#2232,#2233,
    #2234,#2235,#2236,#2237,#2238,#2239,#2240,#2241,#2242,#2243,#2244,
    #2245,#2246,#2247,#2248,#2249,#2250,#2251,#2252,#2253,#2254,#2255,
    #2256,#2257,#2258,#2259,#2260,#2261,#2262,#2263,#2264,#2265,#2266,
    #2267),.UNSPECIFIED.,.F.,.F.,(8,6,6,6,6,6,6,6,8),(0.,0.136250972015,
    0.248703867391,0.380038773252,0.51161366028,0.626575484967,
    0.759641297423,0.90218934936,1.),.UNSPECIFIED.);
#2218 = CARTESIAN_POINT('',(0.,-0.983866769659));
#2219 = CARTESIAN_POINT('',(0.1390452316,-0.93899011413));
#2220 = CARTESIAN_POINT('',(0.275379882132,-0.893774972186));
#2221 = CARTESIAN_POINT('',(0.409083453122,-0.84969063786));
#2222 = CARTESIAN_POINT('',(0.540029854371,-0.808248143204));
#2223 = CARTESIAN_POINT('',(0.667883689928,-0.770868321454));
#2224 = CARTESIAN_POINT('',(0.791996692289,-0.738604160165));
#2225 = CARTESIAN_POINT('',(1.009330701846,-0.689876699738));
#2226 = CARTESIAN_POINT('',(1.10552642892,-0.671331777592));
#2227 = CARTESIAN_POINT('',(1.200151165525,-0.656403307747));
#2228 = CARTESIAN_POINT('',(1.293615140286,-0.645170304479));
#2229 = CARTESIAN_POINT('',(1.386293125314,-0.637673716283));
#2230 = CARTESIAN_POINT('',(1.47855869683,-0.633927270267));
#2231 = CARTESIAN_POINT('',(1.678521613973,-0.633927270267));
#2232 = CARTESIAN_POINT('',(1.78623189743,-0.639037078446));
#2233 = CARTESIAN_POINT('',(1.893932759046,-0.649255880691));
#2234 = CARTESIAN_POINT('',(2.001629922544,-0.664368881668));
#2235 = CARTESIAN_POINT('',(2.109340571174,-0.683964148969));
#2236 = CARTESIAN_POINT('',(2.217073565836,-0.707466462371));
#2237 = CARTESIAN_POINT('',(2.432680364991,-0.760958701152));
#2238 = CARTESIAN_POINT('',(2.544652654685,-0.791976634808));
#2239 = CARTESIAN_POINT('',(2.659680408307,-0.82675509928));
#2240 = CARTESIAN_POINT('',(2.777178813015,-0.864422547339));
#2241 = CARTESIAN_POINT('',(2.896796889379,-0.903905713371));
#2242 = CARTESIAN_POINT('',(3.018308772661,-0.944077068185));
#2243 = CARTESIAN_POINT('',(3.249310320891,-1.018632497289));
#2244 = CARTESIAN_POINT('',(3.357024276823,-1.052669027084));
#2245 = CARTESIAN_POINT('',(3.46472435218,-1.085316759199));
#2246 = CARTESIAN_POINT('',(3.572427451733,-1.116011504613));
#2247 = CARTESIAN_POINT('',(3.680147033535,-1.144294397568));
#2248 = CARTESIAN_POINT('',(3.787874841386,-1.169809152023));
#2249 = CARTESIAN_POINT('',(4.020235355517,-1.218303891331));
#2250 = CARTESIAN_POINT('',(4.140764082453,-1.239397581682));
#2251 = CARTESIAN_POINT('',(4.258231371738,-1.255866908918));
#2252 = CARTESIAN_POINT('',(4.373413258686,-1.267996752816));
#2253 = CARTESIAN_POINT('',(4.487038121311,-1.275994806033));
#2254 = CARTESIAN_POINT('',(4.599776757407,-1.279985613807));
#2255 = CARTESIAN_POINT('',(4.833025924717,-1.279985613807));
#2256 = CARTESIAN_POINT('',(4.953865835656,-1.275405788374));
#2257 = CARTESIAN_POINT('',(5.075818250855,-1.266217911863));
#2258 = CARTESIAN_POINT('',(5.199668721636,-1.252257391981));
#2259 = CARTESIAN_POINT('',(5.326295063738,-1.233259666343));
#2260 = CARTESIAN_POINT('',(5.456629058426,-1.208866454002));
#2261 = CARTESIAN_POINT('',(5.684944897063,-1.158062872925));
#2262 = CARTESIAN_POINT('',(5.780807935882,-1.134562162996));
#2263 = CARTESIAN_POINT('',(5.878825344169,-1.108354357119));
#2264 = CARTESIAN_POINT('',(5.97845024575,-1.079703721385));
#2265 = CARTESIAN_POINT('',(6.079279777551,-1.049021690682));
#2266 = CARTESIAN_POINT('',(6.18097168328,-1.016856074919));
#2267 = CARTESIAN_POINT('',(6.28318530718,-0.983866769659));
#2268 = ( GEOMETRIC_REPRESENTATION_CONTEXT(2) 
PARAMETRIC_REPRESENTATION_CONTEXT() REPRESENTATION_CONTEXT('2D SPACE',''
  ) );
#2269 = FACE_BOUND('',#2270,.T.);
#2270 = EDGE_LOOP('',(#2271));
#2271 = ORIENTED_EDGE('',*,*,#2272,.T.);
#2272 = EDGE_CURVE('',#2273,#2273,#2275,.T.);
#2273 = VERTEX_POINT('',#2274);
#2274 = CARTESIAN_POINT('',(76.25,23.,28.432467391003));
#2275 = SURFACE_CURVE('',#2276,(#2327,#2381),.PCURVE_S1.);
#2276 = B_SPLINE_CURVE_WITH_KNOTS('',7,(#2277,#2278,#2279,#2280,#2281,
    #2282,#2283,#2284,#2285,#2286,#2287,#2288,#2289,#2290,#2291,#2292,
    #2293,#2294,#2295,#2296,#2297,#2298,#2299,#2300,#2301,#2302,#2303,
    #2304,#2305,#2306,#2307,#2308,#2309,#2310,#2311,#2312,#2313,#2314,
    #2315,#2316,#2317,#2318,#2319,#2320,#2321,#2322,#2323,#2324,#2325,
    #2326),.UNSPECIFIED.,.T.,.F.,(8,6,6,6,6,6,6,6,8),(0.,0.135528713633,
    0.248745457043,0.381338645367,0.513018407627,0.627549858009,
    0.760668786852,0.907901473892,1.),.UNSPECIFIED.);
#2277 = CARTESIAN_POINT('',(76.25,23.,28.432467391003));
#2278 = CARTESIAN_POINT('',(76.25,23.17479275505,28.399102000988));
#2279 = CARTESIAN_POINT('',(76.221484509348,23.345881198947,
    28.365268361018));
#2280 = CARTESIAN_POINT('',(76.166627752959,23.507813224483,
    28.332091810564));
#2281 = CARTESIAN_POINT('',(76.088779414765,23.655900984926,
    28.300768695615));
#2282 = CARTESIAN_POINT('',(75.992365501389,23.786477156933,
    28.272450617203));
#2283 = CARTESIAN_POINT('',(75.882761308998,23.897228209553,
    28.247989424503));
#2284 = CARTESIAN_POINT('',(75.668706604229,24.063266058286,
    28.210835874223));
#2285 = CARTESIAN_POINT('',(75.56482115637,24.125890344969,
    28.196598624937));
#2286 = CARTESIAN_POINT('',(75.45619887556,24.175713221575,
    28.185139697665));
#2287 = CARTESIAN_POINT('',(75.344250682081,24.212910422449,
    28.176519598586));
#2288 = CARTESIAN_POINT('',(75.230180898205,24.237639553926,
    28.170767442034));
#2289 = CARTESIAN_POINT('',(75.115079108975,24.25,28.16789223277));
#2290 = CARTESIAN_POINT('',(74.865225712126,24.25,28.16789223277));
#2291 = CARTESIAN_POINT('',(74.730555074409,24.233047379084,
    28.171835476993));
#2292 = CARTESIAN_POINT('',(74.598549761381,24.199186238299,
    28.179712396528));
#2293 = CARTESIAN_POINT('',(74.471706024216,24.148954076312,
    28.191335099015));
#2294 = CARTESIAN_POINT('',(74.352354424435,24.083295685966,
    28.206364327697));
#2295 = CARTESIAN_POINT('',(74.242601893396,24.003507271192,
    28.224346711906));
#2296 = CARTESIAN_POINT('',(74.046707426258,23.819550122006,
    28.265037264287));
#2297 = CARTESIAN_POINT('',(73.956497957444,23.711882456946,
    28.288523250388));
#2298 = CARTESIAN_POINT('',(73.878256263155,23.589062723659,
    28.314828429762));
#2299 = CARTESIAN_POINT('',(73.81585345229,23.45317535458,
    28.343243592459));
#2300 = CARTESIAN_POINT('',(73.772367755229,23.307213521322,
    28.372903414176));
#2301 = CARTESIAN_POINT('',(73.75,23.154807191346,28.402916953888));
#2302 = CARTESIAN_POINT('',(73.75,22.86535294528,28.458169551793));
#2303 = CARTESIAN_POINT('',(73.766921765105,22.730709988494,
    28.483173570687));
#2304 = CARTESIAN_POINT('',(73.800760065898,22.598638122199,
    28.506991508423));
#2305 = CARTESIAN_POINT('',(73.851029187593,22.471661456962,
    28.529224566622));
#2306 = CARTESIAN_POINT('',(73.916781433492,22.352195995517,
    28.549569175207));
#2307 = CARTESIAN_POINT('',(73.996631856076,22.242453737903,
    28.567809103833));
#2308 = CARTESIAN_POINT('',(74.195902929557,22.030251597741,
    28.602372237927));
#2309 = CARTESIAN_POINT('',(74.315901763242,21.935847592513,
    28.617255237399));
#2310 = CARTESIAN_POINT('',(74.444911281936,21.861001588591,
    28.628766784384));
#2311 = CARTESIAN_POINT('',(74.580023425253,21.805327536908,
    28.637192791241));
#2312 = CARTESIAN_POINT('',(74.718884681637,21.768425195543,
    28.64273176677));
#2313 = CARTESIAN_POINT('',(74.859495287152,21.75,28.645497410044));
#2314 = CARTESIAN_POINT('',(75.155401539015,21.75,28.645497410044));
#2315 = CARTESIAN_POINT('',(75.311033594596,21.77253909849,
    28.642114242012));
#2316 = CARTESIAN_POINT('',(75.464347663592,21.817741646383,
    28.63532954049));
#2317 = CARTESIAN_POINT('',(75.612541692537,21.886057370762,
    28.624971348732));
#2318 = CARTESIAN_POINT('',(75.752245253733,21.978016869039,
    28.610752426098));
#2319 = CARTESIAN_POINT('',(75.879228743855,22.094033919648,
    28.592260369488));
#2320 = CARTESIAN_POINT('',(76.055541937135,22.321335518785,
    28.55457582965));
#2321 = CARTESIAN_POINT('',(76.116533721504,22.418625977305,
    28.538155269756));
#2322 = CARTESIAN_POINT('',(76.168184759764,22.52469632615,
    28.519871344965));
#2323 = CARTESIAN_POINT('',(76.208514580747,22.637953722243,
    28.499868253175));
#2324 = CARTESIAN_POINT('',(76.236078671024,22.756417679765,
    28.478390072437));
#2325 = CARTESIAN_POINT('',(76.25,22.877871333856,28.455779973821));
#2326 = CARTESIAN_POINT('',(76.25,23.,28.432467391003));
#2327 = PCURVE('',#554,#2328);
#2328 = DEFINITIONAL_REPRESENTATION('',(#2329),#2380);
#2329 = B_SPLINE_CURVE_WITH_KNOTS('',7,(#2330,#2331,#2332,#2333,#2334,
    #2335,#2336,#2337,#2338,#2339,#2340,#2341,#2342,#2343,#2344,#2345,
    #2346,#2347,#2348,#2349,#2350,#2351,#2352,#2353,#2354,#2355,#2356,
    #2357,#2358,#2359,#2360,#2361,#2362,#2363,#2364,#2365,#2366,#2367,
    #2368,#2369,#2370,#2371,#2372,#2373,#2374,#2375,#2376,#2377,#2378,
    #2379),.UNSPECIFIED.,.T.,.F.,(8,6,6,6,6,6,6,6,8),(0.,0.135528713633,
    0.248745457043,0.381338645367,0.513018407627,0.627549858009,
    0.760668786852,0.907901473892,1.),.UNSPECIFIED.);
#2330 = CARTESIAN_POINT('',(-1.382179940619,-77.25));
#2331 = CARTESIAN_POINT('',(-1.376619042284,-77.25));
#2332 = CARTESIAN_POINT('',(-1.371169106509,-77.22148450934));
#2333 = CARTESIAN_POINT('',(-1.366003806356,-77.16662775295));
#2334 = CARTESIAN_POINT('',(-1.361273804961,-77.08877941476));
#2335 = CARTESIAN_POINT('',(-1.357098492019,-76.99236550138));
#2336 = CARTESIAN_POINT('',(-1.353554124171,-76.88276130899));
#2337 = CARTESIAN_POINT('',(-1.348237126672,-76.66870660422));
#2338 = CARTESIAN_POINT('',(-1.346230192194,-76.56482115637));
#2339 = CARTESIAN_POINT('',(-1.344632583583,-76.45619887556));
#2340 = CARTESIAN_POINT('',(-1.343439366606,-76.34425068208));
#2341 = CARTESIAN_POINT('',(-1.342645950637,-76.2301808982));
#2342 = CARTESIAN_POINT('',(-1.342249374133,-76.11507910897));
#2343 = CARTESIAN_POINT('',(-1.342249374133,-75.86522571212));
#2344 = CARTESIAN_POINT('',(-1.342793285808,-75.7305550744));
#2345 = CARTESIAN_POINT('',(-1.343879701329,-75.59854976138));
#2346 = CARTESIAN_POINT('',(-1.345490925332,-75.47170602421));
#2347 = CARTESIAN_POINT('',(-1.347595804095,-75.35235442443));
#2348 = CARTESIAN_POINT('',(-1.3501517119,-75.24260189339));
#2349 = CARTESIAN_POINT('',(-1.356039327493,-75.04670742625));
#2350 = CARTESIAN_POINT('',(-1.359483045316,-74.95649795744));
#2351 = CARTESIAN_POINT('',(-1.363408159707,-74.87825626315));
#2352 = CARTESIAN_POINT('',(-1.36774638393,-74.81585345229));
#2353 = CARTESIAN_POINT('',(-1.372400777874,-74.77236775522));
#2354 = CARTESIAN_POINT('',(-1.377254867767,-74.75));
#2355 = CARTESIAN_POINT('',(-1.386463634084,-74.75));
#2356 = CARTESIAN_POINT('',(-1.390743111418,-74.7669217651));
#2357 = CARTESIAN_POINT('',(-1.394936844242,-74.80076006589));
#2358 = CARTESIAN_POINT('',(-1.398965148665,-74.85102918759));
#2359 = CARTESIAN_POINT('',(-1.402752141622,-74.91678143349));
#2360 = CARTESIAN_POINT('',(-1.406228615316,-74.99663185607));
#2361 = CARTESIAN_POINT('',(-1.412947318697,-75.19590292955));
#2362 = CARTESIAN_POINT('',(-1.415933841578,-75.31590176324));
#2363 = CARTESIAN_POINT('',(-1.418300266128,-75.44491128193));
#2364 = CARTESIAN_POINT('',(-1.420059891896,-75.58002342525));
#2365 = CARTESIAN_POINT('',(-1.421226008086,-75.71888468163));
#2366 = CARTESIAN_POINT('',(-1.421808245687,-75.85949528715));
#2367 = CARTESIAN_POINT('',(-1.421808245687,-76.15540153901));
#2368 = CARTESIAN_POINT('',(-1.421096008263,-76.31103359459));
#2369 = CARTESIAN_POINT('',(-1.419667605934,-76.46434766359));
#2370 = CARTESIAN_POINT('',(-1.417508340762,-76.61254169253));
#2371 = CARTESIAN_POINT('',(-1.414600486757,-76.75224525373));
#2372 = CARTESIAN_POINT('',(-1.410929260119,-76.87922874385));
#2373 = CARTESIAN_POINT('',(-1.40372912574,-77.05554193713));
#2374 = CARTESIAN_POINT('',(-1.400645812103,-77.1165337215));
#2375 = CARTESIAN_POINT('',(-1.397282263413,-77.16818475976));
#2376 = CARTESIAN_POINT('',(-1.393688251749,-77.20851458074));
#2377 = CARTESIAN_POINT('',(-1.389925965562,-77.23607867102));
#2378 = CARTESIAN_POINT('',(-1.386065371089,-77.25));
#2379 = CARTESIAN_POINT('',(-1.382179940619,-77.25));
#2380 = ( GEOMETRIC_REPRESENTATION_CONTEXT(2) 
PARAMETRIC_REPRESENTATION_CONTEXT() REPRESENTATION_CONTEXT('2D SPACE',''
  ) );
#2381 = PCURVE('',#2382,#2387);
#2382 = CYLINDRICAL_SURFACE('',#2383,1.25);
#2383 = AXIS2_PLACEMENT_3D('',#2384,#2385,#2386);
#2384 = CARTESIAN_POINT('',(75.,23.,22.0000001));
#2385 = DIRECTION('',(-0.,-0.,-1.));
#2386 = DIRECTION('',(1.,0.,0.));
#2387 = DEFINITIONAL_REPRESENTATION('',(#2388),#2439);
#2388 = B_SPLINE_CURVE_WITH_KNOTS('',7,(#2389,#2390,#2391,#2392,#2393,
    #2394,#2395,#2396,#2397,#2398,#2399,#2400,#2401,#2402,#2403,#2404,
    #2405,#2406,#2407,#2408,#2409,#2410,#2411,#2412,#2413,#2414,#2415,
    #2416,#2417,#2418,#2419,#2420,#2421,#2422,#2423,#2424,#2425,#2426,
    #2427,#2428,#2429,#2430,#2431,#2432,#2433,#2434,#2435,#2436,#2437,
    #2438),.UNSPECIFIED.,.F.,.F.,(8,6,6,6,6,6,6,6,8),(0.,0.135528713633,
    0.248745457043,0.381338645367,0.513018407627,0.627549858009,
    0.760668786852,0.907901473892,1.),.UNSPECIFIED.);
#2389 = CARTESIAN_POINT('',(0.,-6.432467291003));
#2390 = CARTESIAN_POINT('',(-0.13983420404,-6.399101900988));
#2391 = CARTESIAN_POINT('',(-0.276704990805,-6.365268261018));
#2392 = CARTESIAN_POINT('',(-0.410716260769,-6.332091710564));
#2393 = CARTESIAN_POINT('',(-0.541734178857,-6.300768595615));
#2394 = CARTESIAN_POINT('',(-0.669393772743,-6.272450517203));
#2395 = CARTESIAN_POINT('',(-0.792981249809,-6.247989324503));
#2396 = CARTESIAN_POINT('',(-1.009702983055,-6.210835774223));
#2397 = CARTESIAN_POINT('',(-1.106078450621,-6.196598524937));
#2398 = CARTESIAN_POINT('',(-1.20073573077,-6.185139597665));
#2399 = CARTESIAN_POINT('',(-1.29412281451,-6.176519498586));
#2400 = CARTESIAN_POINT('',(-1.386651015839,-6.170767342034));
#2401 = CARTESIAN_POINT('',(-1.478733039615,-6.16789213277));
#2402 = CARTESIAN_POINT('',(-1.678615757094,-6.16789213277));
#2403 = CARTESIAN_POINT('',(-1.78635182115,-6.171835376993));
#2404 = CARTESIAN_POINT('',(-1.894004759841,-6.179712296528));
#2405 = CARTESIAN_POINT('',(-2.001605530379,-6.191334999015));
#2406 = CARTESIAN_POINT('',(-2.109215847503,-6.206364227697));
#2407 = CARTESIAN_POINT('',(-2.216915731584,-6.224346611906));
#2408 = CARTESIAN_POINT('',(-2.431898335519,-6.265037164287));
#2409 = CARTESIAN_POINT('',(-2.543468419562,-6.288523150388));
#2410 = CARTESIAN_POINT('',(-2.658367563375,-6.314828329762));
#2411 = CARTESIAN_POINT('',(-2.775947882289,-6.343243492459));
#2412 = CARTESIAN_POINT('',(-2.895822563705,-6.372903314176));
#2413 = CARTESIAN_POINT('',(-3.017746900513,-6.402916853888));
#2414 = CARTESIAN_POINT('',(-3.249310297366,-6.458169451793));
#2415 = CARTESIAN_POINT('',(-3.357024400128,-6.483173470687));
#2416 = CARTESIAN_POINT('',(-3.464724361629,-6.506991408423));
#2417 = CARTESIAN_POINT('',(-3.572427447805,-6.529224466622));
#2418 = CARTESIAN_POINT('',(-3.680147078686,-6.549569075207));
#2419 = CARTESIAN_POINT('',(-3.787874650279,-6.567809003833));
#2420 = CARTESIAN_POINT('',(-4.020753961877,-6.602372137927));
#2421 = CARTESIAN_POINT('',(-4.141524127352,-6.617255137399));
#2422 = CARTESIAN_POINT('',(-4.259025217373,-6.628766684384));
#2423 = CARTESIAN_POINT('',(-4.374087170301,-6.637192691241));
#2424 = CARTESIAN_POINT('',(-4.487496979922,-6.64273166677));
#2425 = CARTESIAN_POINT('',(-4.599985210107,-6.645497310044));
#2426 = CARTESIAN_POINT('',(-4.836710211597,-6.645497310044));
#2427 = CARTESIAN_POINT('',(-4.961215231598,-6.642114142012));
#2428 = CARTESIAN_POINT('',(-5.0870077996,-6.63532944049));
#2429 = CARTESIAN_POINT('',(-5.215014361143,-6.624971248732));
#2430 = CARTESIAN_POINT('',(-5.34627531748,-6.610752326098));
#2431 = CARTESIAN_POINT('',(-5.481876337487,-6.592260269488));
#2432 = CARTESIAN_POINT('',(-5.71201001564,-6.55457572965));
#2433 = CARTESIAN_POINT('',(-5.803415131417,-6.538155169756));
#2434 = CARTESIAN_POINT('',(-5.896926108465,-6.519871244965));
#2435 = CARTESIAN_POINT('',(-5.992023985516,-6.499868153175));
#2436 = CARTESIAN_POINT('',(-6.088319786174,-6.478389972437));
#2437 = CARTESIAN_POINT('',(-6.185482374264,-6.455779873821));
#2438 = CARTESIAN_POINT('',(-6.28318530718,-6.432467291003));
#2439 = ( GEOMETRIC_REPRESENTATION_CONTEXT(2) 
PARAMETRIC_REPRESENTATION_CONTEXT() REPRESENTATION_CONTEXT('2D SPACE',''
  ) );
#2440 = FACE_BOUND('',#2441,.T.);
#2441 = EDGE_LOOP('',(#2442));
#2442 = ORIENTED_EDGE('',*,*,#2443,.T.);
#2443 = EDGE_CURVE('',#2444,#2444,#2446,.T.);
#2444 = VERTEX_POINT('',#2445);
#2445 = CARTESIAN_POINT('',(26.25,23.,28.432467391003));
#2446 = SURFACE_CURVE('',#2447,(#2498,#2552),.PCURVE_S1.);
#2447 = B_SPLINE_CURVE_WITH_KNOTS('',7,(#2448,#2449,#2450,#2451,#2452,
    #2453,#2454,#2455,#2456,#2457,#2458,#2459,#2460,#2461,#2462,#2463,
    #2464,#2465,#2466,#2467,#2468,#2469,#2470,#2471,#2472,#2473,#2474,
    #2475,#2476,#2477,#2478,#2479,#2480,#2481,#2482,#2483,#2484,#2485,
    #2486,#2487,#2488,#2489,#2490,#2491,#2492,#2493,#2494,#2495,#2496,
    #2497),.UNSPECIFIED.,.T.,.F.,(8,6,6,6,6,6,6,6,8),(0.,0.135528713631,
    0.24874545704,0.38133864537,0.513018407627,0.627549858014,
    0.760668786855,0.907901473893,1.),.UNSPECIFIED.);
#2448 = CARTESIAN_POINT('',(26.25,23.,28.432467391003));
#2449 = CARTESIAN_POINT('',(26.25,23.17479275505,28.399102000988));
#2450 = CARTESIAN_POINT('',(26.221484509348,23.345881198948,
    28.365268361018));
#2451 = CARTESIAN_POINT('',(26.166627752959,23.507813224483,
    28.332091810564));
#2452 = CARTESIAN_POINT('',(26.088779414765,23.655900984926,
    28.300768695615));
#2453 = CARTESIAN_POINT('',(25.992365501389,23.786477156933,
    28.272450617203));
#2454 = CARTESIAN_POINT('',(25.882761308999,23.897228209553,
    28.247989424503));
#2455 = CARTESIAN_POINT('',(25.668706604229,24.063266058286,
    28.210835874223));
#2456 = CARTESIAN_POINT('',(25.56482115637,24.125890344969,
    28.196598624937));
#2457 = CARTESIAN_POINT('',(25.45619887556,24.175713221575,
    28.185139697665));
#2458 = CARTESIAN_POINT('',(25.344250682081,24.212910422449,
    28.176519598586));
#2459 = CARTESIAN_POINT('',(25.230180898205,24.237639553926,
    28.170767442034));
#2460 = CARTESIAN_POINT('',(25.115079108975,24.25,28.16789223277));
#2461 = CARTESIAN_POINT('',(24.865225712118,24.25,28.16789223277));
#2462 = CARTESIAN_POINT('',(24.73055507442,24.233047379082,
    28.171835476993));
#2463 = CARTESIAN_POINT('',(24.598549761386,24.199186238304,
    28.179712396527));
#2464 = CARTESIAN_POINT('',(24.471706024209,24.148954076312,
    28.191335099015));
#2465 = CARTESIAN_POINT('',(24.352354424429,24.083295685958,
    28.206364327699));
#2466 = CARTESIAN_POINT('',(24.242601893401,24.003507271197,
    28.224346711905));
#2467 = CARTESIAN_POINT('',(24.046707426258,23.819550122006,
    28.265037264287));
#2468 = CARTESIAN_POINT('',(23.956497957444,23.711882456946,
    28.288523250388));
#2469 = CARTESIAN_POINT('',(23.878256263155,23.589062723659,
    28.314828429762));
#2470 = CARTESIAN_POINT('',(23.81585345229,23.45317535458,
    28.343243592459));
#2471 = CARTESIAN_POINT('',(23.772367755229,23.307213521322,
    28.372903414176));
#2472 = CARTESIAN_POINT('',(23.75,23.154807191346,28.402916953888));
#2473 = CARTESIAN_POINT('',(23.75,22.865352945273,28.458169551794));
#2474 = CARTESIAN_POINT('',(23.766921765106,22.730709988502,
    28.483173570686));
#2475 = CARTESIAN_POINT('',(23.800760065894,22.598638122203,
    28.506991508422));
#2476 = CARTESIAN_POINT('',(23.851029187593,22.471661456956,
    28.529224566623));
#2477 = CARTESIAN_POINT('',(23.916781433499,22.352195995512,
    28.549569175208));
#2478 = CARTESIAN_POINT('',(23.996631856071,22.242453737909,
    28.567809103832));
#2479 = CARTESIAN_POINT('',(24.195902929557,22.03025159774,
    28.602372237927));
#2480 = CARTESIAN_POINT('',(24.315901763242,21.935847592513,
    28.617255237399));
#2481 = CARTESIAN_POINT('',(24.444911281936,21.861001588591,
    28.628766784384));
#2482 = CARTESIAN_POINT('',(24.580023425253,21.805327536908,
    28.637192791241));
#2483 = CARTESIAN_POINT('',(24.718884681637,21.768425195543,
    28.64273176677));
#2484 = CARTESIAN_POINT('',(24.859495287152,21.75,28.645497410044));
#2485 = CARTESIAN_POINT('',(25.155401539016,21.75,28.645497410044));
#2486 = CARTESIAN_POINT('',(25.311033594596,21.77253909849,
    28.642114242012));
#2487 = CARTESIAN_POINT('',(25.464347663592,21.817741646383,
    28.635329540491));
#2488 = CARTESIAN_POINT('',(25.612541692537,21.886057370762,
    28.624971348732));
#2489 = CARTESIAN_POINT('',(25.752245253733,21.978016869039,
    28.610752426098));
#2490 = CARTESIAN_POINT('',(25.879228743855,22.094033919648,
    28.592260369488));
#2491 = CARTESIAN_POINT('',(26.055541937135,22.321335518785,
    28.55457582965));
#2492 = CARTESIAN_POINT('',(26.116533721504,22.418625977305,
    28.538155269756));
#2493 = CARTESIAN_POINT('',(26.168184759764,22.52469632615,
    28.519871344965));
#2494 = CARTESIAN_POINT('',(26.208514580747,22.637953722243,
    28.499868253175));
#2495 = CARTESIAN_POINT('',(26.236078671024,22.756417679765,
    28.478390072437));
#2496 = CARTESIAN_POINT('',(26.25,22.877871333855,28.455779973821));
#2497 = CARTESIAN_POINT('',(26.25,23.,28.432467391003));
#2498 = PCURVE('',#554,#2499);
#2499 = DEFINITIONAL_REPRESENTATION('',(#2500),#2551);
#2500 = B_SPLINE_CURVE_WITH_KNOTS('',7,(#2501,#2502,#2503,#2504,#2505,
    #2506,#2507,#2508,#2509,#2510,#2511,#2512,#2513,#2514,#2515,#2516,
    #2517,#2518,#2519,#2520,#2521,#2522,#2523,#2524,#2525,#2526,#2527,
    #2528,#2529,#2530,#2531,#2532,#2533,#2534,#2535,#2536,#2537,#2538,
    #2539,#2540,#2541,#2542,#2543,#2544,#2545,#2546,#2547,#2548,#2549,
    #2550),.UNSPECIFIED.,.T.,.F.,(8,6,6,6,6,6,6,6,8),(0.,0.135528713631,
    0.24874545704,0.38133864537,0.513018407627,0.627549858014,
    0.760668786855,0.907901473893,1.),.UNSPECIFIED.);
#2501 = CARTESIAN_POINT('',(-1.382179940619,-27.25));
#2502 = CARTESIAN_POINT('',(-1.376619042284,-27.25));
#2503 = CARTESIAN_POINT('',(-1.371169106509,-27.22148450934));
#2504 = CARTESIAN_POINT('',(-1.366003806356,-27.16662775295));
#2505 = CARTESIAN_POINT('',(-1.361273804961,-27.08877941476));
#2506 = CARTESIAN_POINT('',(-1.357098492019,-26.99236550138));
#2507 = CARTESIAN_POINT('',(-1.353554124171,-26.88276130899));
#2508 = CARTESIAN_POINT('',(-1.348237126672,-26.66870660422));
#2509 = CARTESIAN_POINT('',(-1.346230192194,-26.56482115637));
#2510 = CARTESIAN_POINT('',(-1.344632583583,-26.45619887556));
#2511 = CARTESIAN_POINT('',(-1.343439366606,-26.34425068208));
#2512 = CARTESIAN_POINT('',(-1.342645950637,-26.2301808982));
#2513 = CARTESIAN_POINT('',(-1.342249374133,-26.11507910897));
#2514 = CARTESIAN_POINT('',(-1.342249374133,-25.86522571211));
#2515 = CARTESIAN_POINT('',(-1.342793285808,-25.73055507442));
#2516 = CARTESIAN_POINT('',(-1.343879701329,-25.59854976138));
#2517 = CARTESIAN_POINT('',(-1.345490925332,-25.4717060242));
#2518 = CARTESIAN_POINT('',(-1.347595804095,-25.35235442442));
#2519 = CARTESIAN_POINT('',(-1.3501517119,-25.2426018934));
#2520 = CARTESIAN_POINT('',(-1.356039327493,-25.04670742625));
#2521 = CARTESIAN_POINT('',(-1.359483045316,-24.95649795744));
#2522 = CARTESIAN_POINT('',(-1.363408159707,-24.87825626315));
#2523 = CARTESIAN_POINT('',(-1.36774638393,-24.81585345229));
#2524 = CARTESIAN_POINT('',(-1.372400777874,-24.77236775522));
#2525 = CARTESIAN_POINT('',(-1.377254867767,-24.75));
#2526 = CARTESIAN_POINT('',(-1.386463634085,-24.75));
#2527 = CARTESIAN_POINT('',(-1.390743111418,-24.7669217651));
#2528 = CARTESIAN_POINT('',(-1.394936844241,-24.80076006589));
#2529 = CARTESIAN_POINT('',(-1.398965148665,-24.85102918759));
#2530 = CARTESIAN_POINT('',(-1.402752141622,-24.91678143349));
#2531 = CARTESIAN_POINT('',(-1.406228615316,-24.99663185607));
#2532 = CARTESIAN_POINT('',(-1.412947318697,-25.19590292955));
#2533 = CARTESIAN_POINT('',(-1.415933841578,-25.31590176324));
#2534 = CARTESIAN_POINT('',(-1.418300266128,-25.44491128193));
#2535 = CARTESIAN_POINT('',(-1.420059891896,-25.58002342525));
#2536 = CARTESIAN_POINT('',(-1.421226008086,-25.71888468163));
#2537 = CARTESIAN_POINT('',(-1.421808245687,-25.85949528715));
#2538 = CARTESIAN_POINT('',(-1.421808245687,-26.15540153901));
#2539 = CARTESIAN_POINT('',(-1.421096008263,-26.31103359459));
#2540 = CARTESIAN_POINT('',(-1.419667605934,-26.46434766359));
#2541 = CARTESIAN_POINT('',(-1.417508340762,-26.61254169253));
#2542 = CARTESIAN_POINT('',(-1.414600486757,-26.75224525373));
#2543 = CARTESIAN_POINT('',(-1.410929260119,-26.87922874385));
#2544 = CARTESIAN_POINT('',(-1.40372912574,-27.05554193713));
#2545 = CARTESIAN_POINT('',(-1.400645812103,-27.1165337215));
#2546 = CARTESIAN_POINT('',(-1.397282263413,-27.16818475976));
#2547 = CARTESIAN_POINT('',(-1.393688251749,-27.20851458074));
#2548 = CARTESIAN_POINT('',(-1.389925965562,-27.23607867102));
#2549 = CARTESIAN_POINT('',(-1.386065371089,-27.25));
#2550 = CARTESIAN_POINT('',(-1.382179940619,-27.25));
#2551 = ( GEOMETRIC_REPRESENTATION_CONTEXT(2) 
PARAMETRIC_REPRESENTATION_CONTEXT() REPRESENTATION_CONTEXT('2D SPACE',''
  ) );
#2552 = PCURVE('',#2553,#2558);
#2553 = CYLINDRICAL_SURFACE('',#2554,1.25);
#2554 = AXIS2_PLACEMENT_3D('',#2555,#2556,#2557);
#2555 = CARTESIAN_POINT('',(25.,23.,22.0000001));
#2556 = DIRECTION('',(-0.,-0.,-1.));
#2557 = DIRECTION('',(1.,0.,0.));
#2558 = DEFINITIONAL_REPRESENTATION('',(#2559),#2610);
#2559 = B_SPLINE_CURVE_WITH_KNOTS('',7,(#2560,#2561,#2562,#2563,#2564,
    #2565,#2566,#2567,#2568,#2569,#2570,#2571,#2572,#2573,#2574,#2575,
    #2576,#2577,#2578,#2579,#2580,#2581,#2582,#2583,#2584,#2585,#2586,
    #2587,#2588,#2589,#2590,#2591,#2592,#2593,#2594,#2595,#2596,#2597,
    #2598,#2599,#2600,#2601,#2602,#2603,#2604,#2605,#2606,#2607,#2608,
    #2609),.UNSPECIFIED.,.F.,.F.,(8,6,6,6,6,6,6,6,8),(0.,0.135528713631,
    0.24874545704,0.38133864537,0.513018407627,0.627549858014,
    0.760668786855,0.907901473893,1.),.UNSPECIFIED.);
#2560 = CARTESIAN_POINT('',(0.,-6.432467291003));
#2561 = CARTESIAN_POINT('',(-0.13983420404,-6.399101900988));
#2562 = CARTESIAN_POINT('',(-0.276704990805,-6.365268261018));
#2563 = CARTESIAN_POINT('',(-0.410716260769,-6.332091710564));
#2564 = CARTESIAN_POINT('',(-0.541734178857,-6.300768595615));
#2565 = CARTESIAN_POINT('',(-0.669393772743,-6.272450517203));
#2566 = CARTESIAN_POINT('',(-0.792981249809,-6.247989324503));
#2567 = CARTESIAN_POINT('',(-1.009702983055,-6.210835774223));
#2568 = CARTESIAN_POINT('',(-1.106078450621,-6.196598524937));
#2569 = CARTESIAN_POINT('',(-1.20073573077,-6.185139597665));
#2570 = CARTESIAN_POINT('',(-1.29412281451,-6.176519498586));
#2571 = CARTESIAN_POINT('',(-1.386651015839,-6.170767342034));
#2572 = CARTESIAN_POINT('',(-1.478733039615,-6.16789213277));
#2573 = CARTESIAN_POINT('',(-1.6786157571,-6.16789213277));
#2574 = CARTESIAN_POINT('',(-1.786351821142,-6.171835376993));
#2575 = CARTESIAN_POINT('',(-1.894004759835,-6.179712296527));
#2576 = CARTESIAN_POINT('',(-2.001605530385,-6.191334999015));
#2577 = CARTESIAN_POINT('',(-2.109215847511,-6.206364227699));
#2578 = CARTESIAN_POINT('',(-2.216915731579,-6.224346611905));
#2579 = CARTESIAN_POINT('',(-2.431898335519,-6.265037164287));
#2580 = CARTESIAN_POINT('',(-2.543468419562,-6.288523150388));
#2581 = CARTESIAN_POINT('',(-2.658367563375,-6.314828329762));
#2582 = CARTESIAN_POINT('',(-2.775947882289,-6.343243492459));
#2583 = CARTESIAN_POINT('',(-2.895822563705,-6.372903314176));
#2584 = CARTESIAN_POINT('',(-3.017746900513,-6.402916853888));
#2585 = CARTESIAN_POINT('',(-3.249310297371,-6.458169451794));
#2586 = CARTESIAN_POINT('',(-3.357024400123,-6.483173470686));
#2587 = CARTESIAN_POINT('',(-3.464724361624,-6.506991408422));
#2588 = CARTESIAN_POINT('',(-3.572427447809,-6.529224466623));
#2589 = CARTESIAN_POINT('',(-3.680147078692,-6.549569075208));
#2590 = CARTESIAN_POINT('',(-3.787874650273,-6.567809003832));
#2591 = CARTESIAN_POINT('',(-4.020753961877,-6.602372137927));
#2592 = CARTESIAN_POINT('',(-4.141524127351,-6.617255137399));
#2593 = CARTESIAN_POINT('',(-4.259025217374,-6.628766684384));
#2594 = CARTESIAN_POINT('',(-4.374087170301,-6.637192691241));
#2595 = CARTESIAN_POINT('',(-4.487496979922,-6.64273166677));
#2596 = CARTESIAN_POINT('',(-4.599985210106,-6.645497310044));
#2597 = CARTESIAN_POINT('',(-4.836710211597,-6.645497310044));
#2598 = CARTESIAN_POINT('',(-4.961215231598,-6.642114142012));
#2599 = CARTESIAN_POINT('',(-5.087007799601,-6.63532944049));
#2600 = CARTESIAN_POINT('',(-5.215014361142,-6.624971248732));
#2601 = CARTESIAN_POINT('',(-5.34627531748,-6.610752326098));
#2602 = CARTESIAN_POINT('',(-5.481876337486,-6.592260269488));
#2603 = CARTESIAN_POINT('',(-5.71201001564,-6.55457572965));
#2604 = CARTESIAN_POINT('',(-5.803415131417,-6.538155169756));
#2605 = CARTESIAN_POINT('',(-5.896926108465,-6.519871244965));
#2606 = CARTESIAN_POINT('',(-5.992023985516,-6.499868153175));
#2607 = CARTESIAN_POINT('',(-6.088319786174,-6.478389972437));
#2608 = CARTESIAN_POINT('',(-6.185482374264,-6.455779873821));
#2609 = CARTESIAN_POINT('',(-6.28318530718,-6.432467291003));
#2610 = ( GEOMETRIC_REPRESENTATION_CONTEXT(2) 
PARAMETRIC_REPRESENTATION_CONTEXT() REPRESENTATION_CONTEXT('2D SPACE',''
  ) );
#2611 = ADVANCED_FACE('',(#2612),#580,.F.);
#2612 = FACE_BOUND('',#2613,.F.);
#2613 = EDGE_LOOP('',(#2614,#2615,#2616,#2617,#2640));
#2614 = ORIENTED_EDGE('',*,*,#1071,.T.);
#2615 = ORIENTED_EDGE('',*,*,#566,.F.);
#2616 = ORIENTED_EDGE('',*,*,#1537,.T.);
#2617 = ORIENTED_EDGE('',*,*,#2618,.T.);
#2618 = EDGE_CURVE('',#1538,#2619,#2621,.T.);
#2619 = VERTEX_POINT('',#2620);
#2620 = CARTESIAN_POINT('',(10.,60.,9.999999983634E-08));
#2621 = SURFACE_CURVE('',#2622,(#2626,#2633),.PCURVE_S1.);
#2622 = LINE('',#2623,#2624);
#2623 = CARTESIAN_POINT('',(10.,3.,1.000000011686E-07));
#2624 = VECTOR('',#2625,1.);
#2625 = DIRECTION('',(0.,1.,0.));
#2626 = PCURVE('',#580,#2627);
#2627 = DEFINITIONAL_REPRESENTATION('',(#2628),#2632);
#2628 = LINE('',#2629,#2630);
#2629 = CARTESIAN_POINT('',(0.,0.));
#2630 = VECTOR('',#2631,1.);
#2631 = DIRECTION('',(0.,-1.));
#2632 = ( GEOMETRIC_REPRESENTATION_CONTEXT(2) 
PARAMETRIC_REPRESENTATION_CONTEXT() REPRESENTATION_CONTEXT('2D SPACE',''
  ) );
#2633 = PCURVE('',#1499,#2634);
#2634 = DEFINITIONAL_REPRESENTATION('',(#2635),#2639);
#2635 = LINE('',#2636,#2637);
#2636 = CARTESIAN_POINT('',(0.,0.));
#2637 = VECTOR('',#2638,1.);
#2638 = DIRECTION('',(0.,1.));
#2639 = ( GEOMETRIC_REPRESENTATION_CONTEXT(2) 
PARAMETRIC_REPRESENTATION_CONTEXT() REPRESENTATION_CONTEXT('2D SPACE',''
  ) );
#2640 = ORIENTED_EDGE('',*,*,#2641,.T.);
#2641 = EDGE_CURVE('',#2619,#1072,#2642,.T.);
#2642 = SURFACE_CURVE('',#2643,(#2647,#2654),.PCURVE_S1.);
#2643 = LINE('',#2644,#2645);
#2644 = CARTESIAN_POINT('',(10.,60.,1.000000011686E-07));
#2645 = VECTOR('',#2646,1.);
#2646 = DIRECTION('',(0.,0.,1.));
#2647 = PCURVE('',#580,#2648);
#2648 = DEFINITIONAL_REPRESENTATION('',(#2649),#2653);
#2649 = LINE('',#2650,#2651);
#2650 = CARTESIAN_POINT('',(0.,-57.));
#2651 = VECTOR('',#2652,1.);
#2652 = DIRECTION('',(1.,0.));
#2653 = ( GEOMETRIC_REPRESENTATION_CONTEXT(2) 
PARAMETRIC_REPRESENTATION_CONTEXT() REPRESENTATION_CONTEXT('2D SPACE',''
  ) );
#2654 = PCURVE('',#1110,#2655);
#2655 = DEFINITIONAL_REPRESENTATION('',(#2656),#2660);
#2656 = LINE('',#2657,#2658);
#2657 = CARTESIAN_POINT('',(0.,0.));
#2658 = VECTOR('',#2659,1.);
#2659 = DIRECTION('',(1.,0.));
#2660 = ( GEOMETRIC_REPRESENTATION_CONTEXT(2) 
PARAMETRIC_REPRESENTATION_CONTEXT() REPRESENTATION_CONTEXT('2D SPACE',''
  ) );
#2661 = ADVANCED_FACE('',(#2662),#703,.F.);
#2662 = FACE_BOUND('',#2663,.F.);
#2663 = EDGE_LOOP('',(#2664,#2687,#2688,#2689));
#2664 = ORIENTED_EDGE('',*,*,#2665,.F.);
#2665 = EDGE_CURVE('',#655,#2666,#2668,.T.);
#2666 = VERTEX_POINT('',#2667);
#2667 = CARTESIAN_POINT('',(100.2,16.3,33.5000001));
#2668 = SURFACE_CURVE('',#2669,(#2673,#2680),.PCURVE_S1.);
#2669 = LINE('',#2670,#2671);
#2670 = CARTESIAN_POINT('',(100.2,16.3,30.992793453886));
#2671 = VECTOR('',#2672,1.);
#2672 = DIRECTION('',(0.,0.,1.));
#2673 = PCURVE('',#703,#2674);
#2674 = DEFINITIONAL_REPRESENTATION('',(#2675),#2679);
#2675 = LINE('',#2676,#2677);
#2676 = CARTESIAN_POINT('',(33.992793353886,20.4));
#2677 = VECTOR('',#2678,1.);
#2678 = DIRECTION('',(1.,0.));
#2679 = ( GEOMETRIC_REPRESENTATION_CONTEXT(2) 
PARAMETRIC_REPRESENTATION_CONTEXT() REPRESENTATION_CONTEXT('2D SPACE',''
  ) );
#2680 = PCURVE('',#671,#2681);
#2681 = DEFINITIONAL_REPRESENTATION('',(#2682),#2686);
#2682 = LINE('',#2683,#2684);
#2683 = CARTESIAN_POINT('',(33.992793353886,-15.3));
#2684 = VECTOR('',#2685,1.);
#2685 = DIRECTION('',(1.,0.));
#2686 = ( GEOMETRIC_REPRESENTATION_CONTEXT(2) 
PARAMETRIC_REPRESENTATION_CONTEXT() REPRESENTATION_CONTEXT('2D SPACE',''
  ) );
#2687 = ORIENTED_EDGE('',*,*,#687,.T.);
#2688 = ORIENTED_EDGE('',*,*,#744,.T.);
#2689 = ORIENTED_EDGE('',*,*,#2690,.T.);
#2690 = EDGE_CURVE('',#745,#2666,#2691,.T.);
#2691 = SURFACE_CURVE('',#2692,(#2696,#2703),.PCURVE_S1.);
#2692 = LINE('',#2693,#2694);
#2693 = CARTESIAN_POINT('',(79.8,16.3,33.5000001));
#2694 = VECTOR('',#2695,1.);
#2695 = DIRECTION('',(1.,0.,0.));
#2696 = PCURVE('',#703,#2697);
#2697 = DEFINITIONAL_REPRESENTATION('',(#2698),#2702);
#2698 = LINE('',#2699,#2700);
#2699 = CARTESIAN_POINT('',(36.5,0.));
#2700 = VECTOR('',#2701,1.);
#2701 = DIRECTION('',(0.,1.));
#2702 = ( GEOMETRIC_REPRESENTATION_CONTEXT(2) 
PARAMETRIC_REPRESENTATION_CONTEXT() REPRESENTATION_CONTEXT('2D SPACE',''
  ) );
#2703 = PCURVE('',#783,#2704);
#2704 = DEFINITIONAL_REPRESENTATION('',(#2705),#2709);
#2705 = LINE('',#2706,#2707);
#2706 = CARTESIAN_POINT('',(0.,18.3));
#2707 = VECTOR('',#2708,1.);
#2708 = DIRECTION('',(1.,0.));
#2709 = ( GEOMETRIC_REPRESENTATION_CONTEXT(2) 
PARAMETRIC_REPRESENTATION_CONTEXT() REPRESENTATION_CONTEXT('2D SPACE',''
  ) );
#2710 = ADVANCED_FACE('',(#2711),#671,.F.);
#2711 = FACE_BOUND('',#2712,.F.);
#2712 = EDGE_LOOP('',(#2713,#2714,#2735,#2736,#2737,#2758));
#2713 = ORIENTED_EDGE('',*,*,#2665,.T.);
#2714 = ORIENTED_EDGE('',*,*,#2715,.F.);
#2715 = EDGE_CURVE('',#999,#2666,#2716,.T.);
#2716 = SURFACE_CURVE('',#2717,(#2721,#2728),.PCURVE_S1.);
#2717 = LINE('',#2718,#2719);
#2718 = CARTESIAN_POINT('',(100.2,-2.,33.5000001));
#2719 = VECTOR('',#2720,1.);
#2720 = DIRECTION('',(0.,1.,0.));
#2721 = PCURVE('',#671,#2722);
#2722 = DEFINITIONAL_REPRESENTATION('',(#2723),#2727);
#2723 = LINE('',#2724,#2725);
#2724 = CARTESIAN_POINT('',(36.5,3.));
#2725 = VECTOR('',#2726,1.);
#2726 = DIRECTION('',(0.,-1.));
#2727 = ( GEOMETRIC_REPRESENTATION_CONTEXT(2) 
PARAMETRIC_REPRESENTATION_CONTEXT() REPRESENTATION_CONTEXT('2D SPACE',''
  ) );
#2728 = PCURVE('',#783,#2729);
#2729 = DEFINITIONAL_REPRESENTATION('',(#2730),#2734);
#2730 = LINE('',#2731,#2732);
#2731 = CARTESIAN_POINT('',(20.4,0.));
#2732 = VECTOR('',#2733,1.);
#2733 = DIRECTION('',(0.,1.));
#2734 = ( GEOMETRIC_REPRESENTATION_CONTEXT(2) 
PARAMETRIC_REPRESENTATION_CONTEXT() REPRESENTATION_CONTEXT('2D SPACE',''
  ) );
#2735 = ORIENTED_EDGE('',*,*,#998,.T.);
#2736 = ORIENTED_EDGE('',*,*,#1217,.T.);
#2737 = ORIENTED_EDGE('',*,*,#2738,.T.);
#2738 = EDGE_CURVE('',#1218,#627,#2739,.T.);
#2739 = SURFACE_CURVE('',#2740,(#2744,#2751),.PCURVE_S1.);
#2740 = LINE('',#2741,#2742);
#2741 = CARTESIAN_POINT('',(100.2,3.,-1.4999999));
#2742 = VECTOR('',#2743,1.);
#2743 = DIRECTION('',(0.,0.,-1.));
#2744 = PCURVE('',#671,#2745);
#2745 = DEFINITIONAL_REPRESENTATION('',(#2746),#2750);
#2746 = LINE('',#2747,#2748);
#2747 = CARTESIAN_POINT('',(1.5,-2.));
#2748 = VECTOR('',#2749,1.);
#2749 = DIRECTION('',(-1.,0.));
#2750 = ( GEOMETRIC_REPRESENTATION_CONTEXT(2) 
PARAMETRIC_REPRESENTATION_CONTEXT() REPRESENTATION_CONTEXT('2D SPACE',''
  ) );
#2751 = PCURVE('',#642,#2752);
#2752 = DEFINITIONAL_REPRESENTATION('',(#2753),#2757);
#2753 = LINE('',#2754,#2755);
#2754 = CARTESIAN_POINT('',(-1.5,90.2));
#2755 = VECTOR('',#2756,1.);
#2756 = DIRECTION('',(-1.,0.));
#2757 = ( GEOMETRIC_REPRESENTATION_CONTEXT(2) 
PARAMETRIC_REPRESENTATION_CONTEXT() REPRESENTATION_CONTEXT('2D SPACE',''
  ) );
#2758 = ORIENTED_EDGE('',*,*,#654,.T.);
#2759 = ADVANCED_FACE('',(#2760),#642,.F.);
#2760 = FACE_BOUND('',#2761,.F.);
#2761 = EDGE_LOOP('',(#2762,#2763,#2764,#2765));
#2762 = ORIENTED_EDGE('',*,*,#1168,.F.);
#2763 = ORIENTED_EDGE('',*,*,#626,.T.);
#2764 = ORIENTED_EDGE('',*,*,#2738,.F.);
#2765 = ORIENTED_EDGE('',*,*,#1264,.T.);
#2766 = ADVANCED_FACE('',(#2767,#2773),#783,.F.);
#2767 = FACE_BOUND('',#2768,.F.);
#2768 = EDGE_LOOP('',(#2769,#2770,#2771,#2772));
#2769 = ORIENTED_EDGE('',*,*,#767,.F.);
#2770 = ORIENTED_EDGE('',*,*,#1021,.T.);
#2771 = ORIENTED_EDGE('',*,*,#2715,.T.);
#2772 = ORIENTED_EDGE('',*,*,#2690,.F.);
#2773 = FACE_BOUND('',#2774,.F.);
#2774 = EDGE_LOOP('',(#2775));
#2775 = ORIENTED_EDGE('',*,*,#2776,.T.);
#2776 = EDGE_CURVE('',#2777,#2777,#2779,.T.);
#2777 = VERTEX_POINT('',#2778);
#2778 = CARTESIAN_POINT('',(91.7,13.,33.5000001));
#2779 = SURFACE_CURVE('',#2780,(#2785,#2796),.PCURVE_S1.);
#2780 = CIRCLE('',#2781,1.7);
#2781 = AXIS2_PLACEMENT_3D('',#2782,#2783,#2784);
#2782 = CARTESIAN_POINT('',(90.,13.,33.5000001));
#2783 = DIRECTION('',(0.,0.,-1.));
#2784 = DIRECTION('',(1.,0.,0.));
#2785 = PCURVE('',#783,#2786);
#2786 = DEFINITIONAL_REPRESENTATION('',(#2787),#2795);
#2787 = ( BOUNDED_CURVE() B_SPLINE_CURVE(2,(#2788,#2789,#2790,#2791,
#2792,#2793,#2794),.UNSPECIFIED.,.T.,.F.) B_SPLINE_CURVE_WITH_KNOTS((1,2
    ,2,2,2,1),(-2.094395102393,0.,2.094395102393,4.188790204786,
6.28318530718,8.377580409573),.UNSPECIFIED.) CURVE() 
GEOMETRIC_REPRESENTATION_ITEM() RATIONAL_B_SPLINE_CURVE((1.,0.5,1.,0.5,
1.,0.5,1.)) REPRESENTATION_ITEM('') );
#2788 = CARTESIAN_POINT('',(11.9,15.));
#2789 = CARTESIAN_POINT('',(11.9,12.055513627133));
#2790 = CARTESIAN_POINT('',(9.35,13.527756813566));
#2791 = CARTESIAN_POINT('',(6.8,15.));
#2792 = CARTESIAN_POINT('',(9.35,16.472243186434));
#2793 = CARTESIAN_POINT('',(11.9,17.944486372867));
#2794 = CARTESIAN_POINT('',(11.9,15.));
#2795 = ( GEOMETRIC_REPRESENTATION_CONTEXT(2) 
PARAMETRIC_REPRESENTATION_CONTEXT() REPRESENTATION_CONTEXT('2D SPACE',''
  ) );
#2796 = PCURVE('',#2797,#2802);
#2797 = CYLINDRICAL_SURFACE('',#2798,1.7);
#2798 = AXIS2_PLACEMENT_3D('',#2799,#2800,#2801);
#2799 = CARTESIAN_POINT('',(90.,13.,-2.9999999));
#2800 = DIRECTION('',(-0.,-0.,-1.));
#2801 = DIRECTION('',(1.,0.,0.));
#2802 = DEFINITIONAL_REPRESENTATION('',(#2803),#2807);
#2803 = LINE('',#2804,#2805);
#2804 = CARTESIAN_POINT('',(-6.28318530718,-36.5));
#2805 = VECTOR('',#2806,1.);
#2806 = DIRECTION('',(1.,-0.));
#2807 = ( GEOMETRIC_REPRESENTATION_CONTEXT(2) 
PARAMETRIC_REPRESENTATION_CONTEXT() REPRESENTATION_CONTEXT('2D SPACE',''
  ) );
#2808 = ADVANCED_FACE('',(#2809),#886,.T.);
#2809 = FACE_BOUND('',#2810,.T.);
#2810 = EDGE_LOOP('',(#2811,#2812,#2813,#2814));
#2811 = ORIENTED_EDGE('',*,*,#1291,.F.);
#2812 = ORIENTED_EDGE('',*,*,#1046,.F.);
#2813 = ORIENTED_EDGE('',*,*,#870,.F.);
#2814 = ORIENTED_EDGE('',*,*,#2815,.T.);
#2815 = EDGE_CURVE('',#871,#1292,#2816,.T.);
#2816 = SURFACE_CURVE('',#2817,(#2821,#2828),.PCURVE_S1.);
#2817 = LINE('',#2818,#2819);
#2818 = CARTESIAN_POINT('',(0.,111.,67.0000001));
#2819 = VECTOR('',#2820,1.);
#2820 = DIRECTION('',(1.,0.,0.));
#2821 = PCURVE('',#886,#2822);
#2822 = DEFINITIONAL_REPRESENTATION('',(#2823),#2827);
#2823 = LINE('',#2824,#2825);
#2824 = CARTESIAN_POINT('',(35.1,0.));
#2825 = VECTOR('',#2826,1.);
#2826 = DIRECTION('',(0.,1.));
#2827 = ( GEOMETRIC_REPRESENTATION_CONTEXT(2) 
PARAMETRIC_REPRESENTATION_CONTEXT() REPRESENTATION_CONTEXT('2D SPACE',''
  ) );
#2828 = PCURVE('',#912,#2829);
#2829 = DEFINITIONAL_REPRESENTATION('',(#2830),#2834);
#2830 = LINE('',#2831,#2832);
#2831 = CARTESIAN_POINT('',(0.,111.));
#2832 = VECTOR('',#2833,1.);
#2833 = DIRECTION('',(1.,0.));
#2834 = ( GEOMETRIC_REPRESENTATION_CONTEXT(2) 
PARAMETRIC_REPRESENTATION_CONTEXT() REPRESENTATION_CONTEXT('2D SPACE',''
  ) );
#2835 = ADVANCED_FACE('',(#2836,#2842,#2877,#2912,#2947,#3034,#3348),
  #912,.T.);
#2836 = FACE_BOUND('',#2837,.T.);
#2837 = EDGE_LOOP('',(#2838,#2839,#2840,#2841));
#2838 = ORIENTED_EDGE('',*,*,#898,.F.);
#2839 = ORIENTED_EDGE('',*,*,#929,.T.);
#2840 = ORIENTED_EDGE('',*,*,#1314,.T.);
#2841 = ORIENTED_EDGE('',*,*,#2815,.F.);
#2842 = FACE_BOUND('',#2843,.T.);
#2843 = EDGE_LOOP('',(#2844));
#2844 = ORIENTED_EDGE('',*,*,#2845,.T.);
#2845 = EDGE_CURVE('',#2846,#2846,#2848,.T.);
#2846 = VERTEX_POINT('',#2847);
#2847 = CARTESIAN_POINT('',(7.25,29.,67.0000001));
#2848 = SURFACE_CURVE('',#2849,(#2854,#2865),.PCURVE_S1.);
#2849 = CIRCLE('',#2850,1.25);
#2850 = AXIS2_PLACEMENT_3D('',#2851,#2852,#2853);
#2851 = CARTESIAN_POINT('',(6.,29.,67.0000001));
#2852 = DIRECTION('',(0.,0.,-1.));
#2853 = DIRECTION('',(1.,0.,0.));
#2854 = PCURVE('',#912,#2855);
#2855 = DEFINITIONAL_REPRESENTATION('',(#2856),#2864);
#2856 = ( BOUNDED_CURVE() B_SPLINE_CURVE(2,(#2857,#2858,#2859,#2860,
#2861,#2862,#2863),.UNSPECIFIED.,.T.,.F.) B_SPLINE_CURVE_WITH_KNOTS((1,2
    ,2,2,2,1),(-2.094395102393,0.,2.094395102393,4.188790204786,
6.28318530718,8.377580409573),.UNSPECIFIED.) CURVE() 
GEOMETRIC_REPRESENTATION_ITEM() RATIONAL_B_SPLINE_CURVE((1.,0.5,1.,0.5,
1.,0.5,1.)) REPRESENTATION_ITEM('') );
#2857 = CARTESIAN_POINT('',(7.25,29.));
#2858 = CARTESIAN_POINT('',(7.25,26.834936490539));
#2859 = CARTESIAN_POINT('',(5.375,27.917468245269));
#2860 = CARTESIAN_POINT('',(3.5,29.));
#2861 = CARTESIAN_POINT('',(5.375,30.082531754731));
#2862 = CARTESIAN_POINT('',(7.25,31.165063509461));
#2863 = CARTESIAN_POINT('',(7.25,29.));
#2864 = ( GEOMETRIC_REPRESENTATION_CONTEXT(2) 
PARAMETRIC_REPRESENTATION_CONTEXT() REPRESENTATION_CONTEXT('2D SPACE',''
  ) );
#2865 = PCURVE('',#2866,#2871);
#2866 = CYLINDRICAL_SURFACE('',#2867,1.25);
#2867 = AXIS2_PLACEMENT_3D('',#2868,#2869,#2870);
#2868 = CARTESIAN_POINT('',(6.,29.,59.0000001));
#2869 = DIRECTION('',(-0.,-0.,-1.));
#2870 = DIRECTION('',(1.,0.,0.));
#2871 = DEFINITIONAL_REPRESENTATION('',(#2872),#2876);
#2872 = LINE('',#2873,#2874);
#2873 = CARTESIAN_POINT('',(-6.28318530718,-8.));
#2874 = VECTOR('',#2875,1.);
#2875 = DIRECTION('',(1.,-0.));
#2876 = ( GEOMETRIC_REPRESENTATION_CONTEXT(2) 
PARAMETRIC_REPRESENTATION_CONTEXT() REPRESENTATION_CONTEXT('2D SPACE',''
  ) );
#2877 = FACE_BOUND('',#2878,.T.);
#2878 = EDGE_LOOP('',(#2879));
#2879 = ORIENTED_EDGE('',*,*,#2880,.T.);
#2880 = EDGE_CURVE('',#2881,#2881,#2883,.T.);
#2881 = VERTEX_POINT('',#2882);
#2882 = CARTESIAN_POINT('',(165.25,9.,67.0000001));
#2883 = SURFACE_CURVE('',#2884,(#2889,#2900),.PCURVE_S1.);
#2884 = CIRCLE('',#2885,1.25);
#2885 = AXIS2_PLACEMENT_3D('',#2886,#2887,#2888);
#2886 = CARTESIAN_POINT('',(164.,9.,67.0000001));
#2887 = DIRECTION('',(0.,0.,-1.));
#2888 = DIRECTION('',(1.,0.,0.));
#2889 = PCURVE('',#912,#2890);
#2890 = DEFINITIONAL_REPRESENTATION('',(#2891),#2899);
#2891 = ( BOUNDED_CURVE() B_SPLINE_CURVE(2,(#2892,#2893,#2894,#2895,
#2896,#2897,#2898),.UNSPECIFIED.,.T.,.F.) B_SPLINE_CURVE_WITH_KNOTS((1,2
    ,2,2,2,1),(-2.094395102393,0.,2.094395102393,4.188790204786,
6.28318530718,8.377580409573),.UNSPECIFIED.) CURVE() 
GEOMETRIC_REPRESENTATION_ITEM() RATIONAL_B_SPLINE_CURVE((1.,0.5,1.,0.5,
1.,0.5,1.)) REPRESENTATION_ITEM('') );
#2892 = CARTESIAN_POINT('',(165.25,9.));
#2893 = CARTESIAN_POINT('',(165.25,6.834936490539));
#2894 = CARTESIAN_POINT('',(163.375,7.917468245269));
#2895 = CARTESIAN_POINT('',(161.5,9.));
#2896 = CARTESIAN_POINT('',(163.375,10.082531754731));
#2897 = CARTESIAN_POINT('',(165.25,11.165063509461));
#2898 = CARTESIAN_POINT('',(165.25,9.));
#2899 = ( GEOMETRIC_REPRESENTATION_CONTEXT(2) 
PARAMETRIC_REPRESENTATION_CONTEXT() REPRESENTATION_CONTEXT('2D SPACE',''
  ) );
#2900 = PCURVE('',#2901,#2906);
#2901 = CYLINDRICAL_SURFACE('',#2902,1.25);
#2902 = AXIS2_PLACEMENT_3D('',#2903,#2904,#2905);
#2903 = CARTESIAN_POINT('',(164.,9.,59.0000001));
#2904 = DIRECTION('',(-0.,-0.,-1.));
#2905 = DIRECTION('',(1.,0.,0.));
#2906 = DEFINITIONAL_REPRESENTATION('',(#2907),#2911);
#2907 = LINE('',#2908,#2909);
#2908 = CARTESIAN_POINT('',(-6.28318530718,-8.));
#2909 = VECTOR('',#2910,1.);
#2910 = DIRECTION('',(1.,-0.));
#2911 = ( GEOMETRIC_REPRESENTATION_CONTEXT(2) 
PARAMETRIC_REPRESENTATION_CONTEXT() REPRESENTATION_CONTEXT('2D SPACE',''
  ) );
#2912 = FACE_BOUND('',#2913,.T.);
#2913 = EDGE_LOOP('',(#2914));
#2914 = ORIENTED_EDGE('',*,*,#2915,.T.);
#2915 = EDGE_CURVE('',#2916,#2916,#2918,.T.);
#2916 = VERTEX_POINT('',#2917);
#2917 = CARTESIAN_POINT('',(7.25,105.,67.0000001));
#2918 = SURFACE_CURVE('',#2919,(#2924,#2935),.PCURVE_S1.);
#2919 = CIRCLE('',#2920,1.25);
#2920 = AXIS2_PLACEMENT_3D('',#2921,#2922,#2923);
#2921 = CARTESIAN_POINT('',(6.,105.,67.0000001));
#2922 = DIRECTION('',(0.,0.,-1.));
#2923 = DIRECTION('',(1.,0.,0.));
#2924 = PCURVE('',#912,#2925);
#2925 = DEFINITIONAL_REPRESENTATION('',(#2926),#2934);
#2926 = ( BOUNDED_CURVE() B_SPLINE_CURVE(2,(#2927,#2928,#2929,#2930,
#2931,#2932,#2933),.UNSPECIFIED.,.T.,.F.) B_SPLINE_CURVE_WITH_KNOTS((1,2
    ,2,2,2,1),(-2.094395102393,0.,2.094395102393,4.188790204786,
6.28318530718,8.377580409573),.UNSPECIFIED.) CURVE() 
GEOMETRIC_REPRESENTATION_ITEM() RATIONAL_B_SPLINE_CURVE((1.,0.5,1.,0.5,
1.,0.5,1.)) REPRESENTATION_ITEM('') );
#2927 = CARTESIAN_POINT('',(7.25,105.));
#2928 = CARTESIAN_POINT('',(7.25,102.83493649053));
#2929 = CARTESIAN_POINT('',(5.375,103.91746824526));
#2930 = CARTESIAN_POINT('',(3.5,105.));
#2931 = CARTESIAN_POINT('',(5.375,106.08253175473));
#2932 = CARTESIAN_POINT('',(7.25,107.16506350946));
#2933 = CARTESIAN_POINT('',(7.25,105.));
#2934 = ( GEOMETRIC_REPRESENTATION_CONTEXT(2) 
PARAMETRIC_REPRESENTATION_CONTEXT() REPRESENTATION_CONTEXT('2D SPACE',''
  ) );
#2935 = PCURVE('',#2936,#2941);
#2936 = CYLINDRICAL_SURFACE('',#2937,1.25);
#2937 = AXIS2_PLACEMENT_3D('',#2938,#2939,#2940);
#2938 = CARTESIAN_POINT('',(6.,105.,59.0000001));
#2939 = DIRECTION('',(-0.,-0.,-1.));
#2940 = DIRECTION('',(1.,0.,0.));
#2941 = DEFINITIONAL_REPRESENTATION('',(#2942),#2946);
#2942 = LINE('',#2943,#2944);
#2943 = CARTESIAN_POINT('',(-6.28318530718,-8.));
#2944 = VECTOR('',#2945,1.);
#2945 = DIRECTION('',(1.,-0.));
#2946 = ( GEOMETRIC_REPRESENTATION_CONTEXT(2) 
PARAMETRIC_REPRESENTATION_CONTEXT() REPRESENTATION_CONTEXT('2D SPACE',''
  ) );
#2947 = FACE_BOUND('',#2948,.T.);
#2948 = EDGE_LOOP('',(#2949,#2979,#3008));
#2949 = ORIENTED_EDGE('',*,*,#2950,.F.);
#2950 = EDGE_CURVE('',#2951,#2953,#2955,.T.);
#2951 = VERTEX_POINT('',#2952);
#2952 = CARTESIAN_POINT('',(3.354248688935,108.,67.0000001));
#2953 = VERTEX_POINT('',#2954);
#2954 = CARTESIAN_POINT('',(3.,108.,67.0000001));
#2955 = SURFACE_CURVE('',#2956,(#2960,#2967),.PCURVE_S1.);
#2956 = LINE('',#2957,#2958);
#2957 = CARTESIAN_POINT('',(1.5,108.,67.0000001));
#2958 = VECTOR('',#2959,1.);
#2959 = DIRECTION('',(-1.,0.,0.));
#2960 = PCURVE('',#912,#2961);
#2961 = DEFINITIONAL_REPRESENTATION('',(#2962),#2966);
#2962 = LINE('',#2963,#2964);
#2963 = CARTESIAN_POINT('',(1.5,108.));
#2964 = VECTOR('',#2965,1.);
#2965 = DIRECTION('',(-1.,0.));
#2966 = ( GEOMETRIC_REPRESENTATION_CONTEXT(2) 
PARAMETRIC_REPRESENTATION_CONTEXT() REPRESENTATION_CONTEXT('2D SPACE',''
  ) );
#2967 = PCURVE('',#2968,#2973);
#2968 = PLANE('',#2969);
#2969 = AXIS2_PLACEMENT_3D('',#2970,#2971,#2972);
#2970 = CARTESIAN_POINT('',(3.,108.,34.9000001));
#2971 = DIRECTION('',(0.,1.,0.));
#2972 = DIRECTION('',(0.,0.,1.));
#2973 = DEFINITIONAL_REPRESENTATION('',(#2974),#2978);
#2974 = LINE('',#2975,#2976);
#2975 = CARTESIAN_POINT('',(32.1,-1.5));
#2976 = VECTOR('',#2977,1.);
#2977 = DIRECTION('',(0.,-1.));
#2978 = ( GEOMETRIC_REPRESENTATION_CONTEXT(2) 
PARAMETRIC_REPRESENTATION_CONTEXT() REPRESENTATION_CONTEXT('2D SPACE',''
  ) );
#2979 = ORIENTED_EDGE('',*,*,#2980,.T.);
#2980 = EDGE_CURVE('',#2951,#2981,#2983,.T.);
#2981 = VERTEX_POINT('',#2982);
#2982 = CARTESIAN_POINT('',(3.,107.64575131106,67.0000001));
#2983 = SURFACE_CURVE('',#2984,(#2989,#2996),.PCURVE_S1.);
#2984 = CIRCLE('',#2985,4.);
#2985 = AXIS2_PLACEMENT_3D('',#2986,#2987,#2988);
#2986 = CARTESIAN_POINT('',(6.,105.,67.0000001));
#2987 = DIRECTION('',(0.,0.,1.));
#2988 = DIRECTION('',(1.,0.,0.));
#2989 = PCURVE('',#912,#2990);
#2990 = DEFINITIONAL_REPRESENTATION('',(#2991),#2995);
#2991 = CIRCLE('',#2992,4.);
#2992 = AXIS2_PLACEMENT_2D('',#2993,#2994);
#2993 = CARTESIAN_POINT('',(6.,105.));
#2994 = DIRECTION('',(1.,0.));
#2995 = ( GEOMETRIC_REPRESENTATION_CONTEXT(2) 
PARAMETRIC_REPRESENTATION_CONTEXT() REPRESENTATION_CONTEXT('2D SPACE',''
  ) );
#2996 = PCURVE('',#2997,#3002);
#2997 = CYLINDRICAL_SURFACE('',#2998,4.);
#2998 = AXIS2_PLACEMENT_3D('',#2999,#3000,#3001);
#2999 = CARTESIAN_POINT('',(6.,105.,35.0000001));
#3000 = DIRECTION('',(-0.,-0.,-1.));
#3001 = DIRECTION('',(1.,0.,0.));
#3002 = DEFINITIONAL_REPRESENTATION('',(#3003),#3007);
#3003 = LINE('',#3004,#3005);
#3004 = CARTESIAN_POINT('',(-0.,-32.));
#3005 = VECTOR('',#3006,1.);
#3006 = DIRECTION('',(-1.,0.));
#3007 = ( GEOMETRIC_REPRESENTATION_CONTEXT(2) 
PARAMETRIC_REPRESENTATION_CONTEXT() REPRESENTATION_CONTEXT('2D SPACE',''
  ) );
#3008 = ORIENTED_EDGE('',*,*,#3009,.T.);
#3009 = EDGE_CURVE('',#2981,#2953,#3010,.T.);
#3010 = SURFACE_CURVE('',#3011,(#3015,#3022),.PCURVE_S1.);
#3011 = LINE('',#3012,#3013);
#3012 = CARTESIAN_POINT('',(3.,1.5,67.0000001));
#3013 = VECTOR('',#3014,1.);
#3014 = DIRECTION('',(0.,1.,0.));
#3015 = PCURVE('',#912,#3016);
#3016 = DEFINITIONAL_REPRESENTATION('',(#3017),#3021);
#3017 = LINE('',#3018,#3019);
#3018 = CARTESIAN_POINT('',(3.,1.5));
#3019 = VECTOR('',#3020,1.);
#3020 = DIRECTION('',(0.,1.));
#3021 = ( GEOMETRIC_REPRESENTATION_CONTEXT(2) 
PARAMETRIC_REPRESENTATION_CONTEXT() REPRESENTATION_CONTEXT('2D SPACE',''
  ) );
#3022 = PCURVE('',#3023,#3028);
#3023 = PLANE('',#3024);
#3024 = AXIS2_PLACEMENT_3D('',#3025,#3026,#3027);
#3025 = CARTESIAN_POINT('',(3.,3.,34.9000001));
#3026 = DIRECTION('',(1.,0.,0.));
#3027 = DIRECTION('',(0.,0.,1.));
#3028 = DEFINITIONAL_REPRESENTATION('',(#3029),#3033);
#3029 = LINE('',#3030,#3031);
#3030 = CARTESIAN_POINT('',(32.1,1.5));
#3031 = VECTOR('',#3032,1.);
#3032 = DIRECTION('',(0.,-1.));
#3033 = ( GEOMETRIC_REPRESENTATION_CONTEXT(2) 
PARAMETRIC_REPRESENTATION_CONTEXT() REPRESENTATION_CONTEXT('2D SPACE',''
  ) );
#3034 = FACE_BOUND('',#3035,.T.);
#3035 = EDGE_LOOP('',(#3036,#3066,#3094,#3122,#3151,#3179,#3208,#3236,
    #3264,#3293,#3321));
#3036 = ORIENTED_EDGE('',*,*,#3037,.F.);
#3037 = EDGE_CURVE('',#3038,#3040,#3042,.T.);
#3038 = VERTEX_POINT('',#3039);
#3039 = CARTESIAN_POINT('',(167.,3.,67.0000001));
#3040 = VERTEX_POINT('',#3041);
#3041 = CARTESIAN_POINT('',(167.,6.354248688936,67.0000001));
#3042 = SURFACE_CURVE('',#3043,(#3047,#3054),.PCURVE_S1.);
#3043 = LINE('',#3044,#3045);
#3044 = CARTESIAN_POINT('',(167.,1.5,67.0000001));
#3045 = VECTOR('',#3046,1.);
#3046 = DIRECTION('',(0.,1.,0.));
#3047 = PCURVE('',#912,#3048);
#3048 = DEFINITIONAL_REPRESENTATION('',(#3049),#3053);
#3049 = LINE('',#3050,#3051);
#3050 = CARTESIAN_POINT('',(167.,1.5));
#3051 = VECTOR('',#3052,1.);
#3052 = DIRECTION('',(0.,1.));
#3053 = ( GEOMETRIC_REPRESENTATION_CONTEXT(2) 
PARAMETRIC_REPRESENTATION_CONTEXT() REPRESENTATION_CONTEXT('2D SPACE',''
  ) );
#3054 = PCURVE('',#3055,#3060);
#3055 = PLANE('',#3056);
#3056 = AXIS2_PLACEMENT_3D('',#3057,#3058,#3059);
#3057 = CARTESIAN_POINT('',(167.,3.,34.9000001));
#3058 = DIRECTION('',(1.,0.,0.));
#3059 = DIRECTION('',(0.,0.,1.));
#3060 = DEFINITIONAL_REPRESENTATION('',(#3061),#3065);
#3061 = LINE('',#3062,#3063);
#3062 = CARTESIAN_POINT('',(32.1,1.5));
#3063 = VECTOR('',#3064,1.);
#3064 = DIRECTION('',(0.,-1.));
#3065 = ( GEOMETRIC_REPRESENTATION_CONTEXT(2) 
PARAMETRIC_REPRESENTATION_CONTEXT() REPRESENTATION_CONTEXT('2D SPACE',''
  ) );
#3066 = ORIENTED_EDGE('',*,*,#3067,.T.);
#3067 = EDGE_CURVE('',#3038,#3068,#3070,.T.);
#3068 = VERTEX_POINT('',#3069);
#3069 = CARTESIAN_POINT('',(3.,3.,67.0000001));
#3070 = SURFACE_CURVE('',#3071,(#3075,#3082),.PCURVE_S1.);
#3071 = LINE('',#3072,#3073);
#3072 = CARTESIAN_POINT('',(1.5,3.,67.0000001));
#3073 = VECTOR('',#3074,1.);
#3074 = DIRECTION('',(-1.,0.,0.));
#3075 = PCURVE('',#912,#3076);
#3076 = DEFINITIONAL_REPRESENTATION('',(#3077),#3081);
#3077 = LINE('',#3078,#3079);
#3078 = CARTESIAN_POINT('',(1.5,3.));
#3079 = VECTOR('',#3080,1.);
#3080 = DIRECTION('',(-1.,0.));
#3081 = ( GEOMETRIC_REPRESENTATION_CONTEXT(2) 
PARAMETRIC_REPRESENTATION_CONTEXT() REPRESENTATION_CONTEXT('2D SPACE',''
  ) );
#3082 = PCURVE('',#3083,#3088);
#3083 = PLANE('',#3084);
#3084 = AXIS2_PLACEMENT_3D('',#3085,#3086,#3087);
#3085 = CARTESIAN_POINT('',(3.,3.,34.9000001));
#3086 = DIRECTION('',(0.,1.,0.));
#3087 = DIRECTION('',(0.,0.,1.));
#3088 = DEFINITIONAL_REPRESENTATION('',(#3089),#3093);
#3089 = LINE('',#3090,#3091);
#3090 = CARTESIAN_POINT('',(32.1,-1.5));
#3091 = VECTOR('',#3092,1.);
#3092 = DIRECTION('',(0.,-1.));
#3093 = ( GEOMETRIC_REPRESENTATION_CONTEXT(2) 
PARAMETRIC_REPRESENTATION_CONTEXT() REPRESENTATION_CONTEXT('2D SPACE',''
  ) );
#3094 = ORIENTED_EDGE('',*,*,#3095,.T.);
#3095 = EDGE_CURVE('',#3068,#3096,#3098,.T.);
#3096 = VERTEX_POINT('',#3097);
#3097 = CARTESIAN_POINT('',(3.,26.354248688936,67.0000001));
#3098 = SURFACE_CURVE('',#3099,(#3103,#3110),.PCURVE_S1.);
#3099 = LINE('',#3100,#3101);
#3100 = CARTESIAN_POINT('',(3.,1.5,67.0000001));
#3101 = VECTOR('',#3102,1.);
#3102 = DIRECTION('',(0.,1.,0.));
#3103 = PCURVE('',#912,#3104);
#3104 = DEFINITIONAL_REPRESENTATION('',(#3105),#3109);
#3105 = LINE('',#3106,#3107);
#3106 = CARTESIAN_POINT('',(3.,1.5));
#3107 = VECTOR('',#3108,1.);
#3108 = DIRECTION('',(0.,1.));
#3109 = ( GEOMETRIC_REPRESENTATION_CONTEXT(2) 
PARAMETRIC_REPRESENTATION_CONTEXT() REPRESENTATION_CONTEXT('2D SPACE',''
  ) );
#3110 = PCURVE('',#3111,#3116);
#3111 = PLANE('',#3112);
#3112 = AXIS2_PLACEMENT_3D('',#3113,#3114,#3115);
#3113 = CARTESIAN_POINT('',(3.,3.,34.9000001));
#3114 = DIRECTION('',(1.,0.,0.));
#3115 = DIRECTION('',(0.,0.,1.));
#3116 = DEFINITIONAL_REPRESENTATION('',(#3117),#3121);
#3117 = LINE('',#3118,#3119);
#3118 = CARTESIAN_POINT('',(32.1,1.5));
#3119 = VECTOR('',#3120,1.);
#3120 = DIRECTION('',(0.,-1.));
#3121 = ( GEOMETRIC_REPRESENTATION_CONTEXT(2) 
PARAMETRIC_REPRESENTATION_CONTEXT() REPRESENTATION_CONTEXT('2D SPACE',''
  ) );
#3122 = ORIENTED_EDGE('',*,*,#3123,.T.);
#3123 = EDGE_CURVE('',#3096,#3124,#3126,.T.);
#3124 = VERTEX_POINT('',#3125);
#3125 = CARTESIAN_POINT('',(3.,31.645751311064,67.0000001));
#3126 = SURFACE_CURVE('',#3127,(#3132,#3139),.PCURVE_S1.);
#3127 = CIRCLE('',#3128,4.);
#3128 = AXIS2_PLACEMENT_3D('',#3129,#3130,#3131);
#3129 = CARTESIAN_POINT('',(6.,29.,67.0000001));
#3130 = DIRECTION('',(0.,0.,1.));
#3131 = DIRECTION('',(-0.75,-0.661437827766,0.));
#3132 = PCURVE('',#912,#3133);
#3133 = DEFINITIONAL_REPRESENTATION('',(#3134),#3138);
#3134 = CIRCLE('',#3135,4.);
#3135 = AXIS2_PLACEMENT_2D('',#3136,#3137);
#3136 = CARTESIAN_POINT('',(6.,29.));
#3137 = DIRECTION('',(-0.75,-0.661437827766));
#3138 = ( GEOMETRIC_REPRESENTATION_CONTEXT(2) 
PARAMETRIC_REPRESENTATION_CONTEXT() REPRESENTATION_CONTEXT('2D SPACE',''
  ) );
#3139 = PCURVE('',#3140,#3145);
#3140 = CYLINDRICAL_SURFACE('',#3141,4.);
#3141 = AXIS2_PLACEMENT_3D('',#3142,#3143,#3144);
#3142 = CARTESIAN_POINT('',(6.,29.,35.0000001));
#3143 = DIRECTION('',(-0.,-0.,-1.));
#3144 = DIRECTION('',(1.,0.,0.));
#3145 = DEFINITIONAL_REPRESENTATION('',(#3146),#3150);
#3146 = LINE('',#3147,#3148);
#3147 = CARTESIAN_POINT('',(-3.864326901403,-32.));
#3148 = VECTOR('',#3149,1.);
#3149 = DIRECTION('',(-1.,0.));
#3150 = ( GEOMETRIC_REPRESENTATION_CONTEXT(2) 
PARAMETRIC_REPRESENTATION_CONTEXT() REPRESENTATION_CONTEXT('2D SPACE',''
  ) );
#3151 = ORIENTED_EDGE('',*,*,#3152,.T.);
#3152 = EDGE_CURVE('',#3124,#3153,#3155,.T.);
#3153 = VERTEX_POINT('',#3154);
#3154 = CARTESIAN_POINT('',(3.,102.35424868893,67.0000001));
#3155 = SURFACE_CURVE('',#3156,(#3160,#3167),.PCURVE_S1.);
#3156 = LINE('',#3157,#3158);
#3157 = CARTESIAN_POINT('',(3.,1.5,67.0000001));
#3158 = VECTOR('',#3159,1.);
#3159 = DIRECTION('',(0.,1.,0.));
#3160 = PCURVE('',#912,#3161);
#3161 = DEFINITIONAL_REPRESENTATION('',(#3162),#3166);
#3162 = LINE('',#3163,#3164);
#3163 = CARTESIAN_POINT('',(3.,1.5));
#3164 = VECTOR('',#3165,1.);
#3165 = DIRECTION('',(0.,1.));
#3166 = ( GEOMETRIC_REPRESENTATION_CONTEXT(2) 
PARAMETRIC_REPRESENTATION_CONTEXT() REPRESENTATION_CONTEXT('2D SPACE',''
  ) );
#3167 = PCURVE('',#3168,#3173);
#3168 = PLANE('',#3169);
#3169 = AXIS2_PLACEMENT_3D('',#3170,#3171,#3172);
#3170 = CARTESIAN_POINT('',(3.,3.,34.9000001));
#3171 = DIRECTION('',(1.,0.,0.));
#3172 = DIRECTION('',(0.,0.,1.));
#3173 = DEFINITIONAL_REPRESENTATION('',(#3174),#3178);
#3174 = LINE('',#3175,#3176);
#3175 = CARTESIAN_POINT('',(32.1,1.5));
#3176 = VECTOR('',#3177,1.);
#3177 = DIRECTION('',(0.,-1.));
#3178 = ( GEOMETRIC_REPRESENTATION_CONTEXT(2) 
PARAMETRIC_REPRESENTATION_CONTEXT() REPRESENTATION_CONTEXT('2D SPACE',''
  ) );
#3179 = ORIENTED_EDGE('',*,*,#3180,.T.);
#3180 = EDGE_CURVE('',#3153,#3181,#3183,.T.);
#3181 = VERTEX_POINT('',#3182);
#3182 = CARTESIAN_POINT('',(8.645751311064,108.,67.0000001));
#3183 = SURFACE_CURVE('',#3184,(#3189,#3196),.PCURVE_S1.);
#3184 = CIRCLE('',#3185,4.);
#3185 = AXIS2_PLACEMENT_3D('',#3186,#3187,#3188);
#3186 = CARTESIAN_POINT('',(6.,105.,67.0000001));
#3187 = DIRECTION('',(0.,0.,1.));
#3188 = DIRECTION('',(-0.75,-0.661437827766,0.));
#3189 = PCURVE('',#912,#3190);
#3190 = DEFINITIONAL_REPRESENTATION('',(#3191),#3195);
#3191 = CIRCLE('',#3192,4.);
#3192 = AXIS2_PLACEMENT_2D('',#3193,#3194);
#3193 = CARTESIAN_POINT('',(6.,105.));
#3194 = DIRECTION('',(-0.75,-0.661437827766));
#3195 = ( GEOMETRIC_REPRESENTATION_CONTEXT(2) 
PARAMETRIC_REPRESENTATION_CONTEXT() REPRESENTATION_CONTEXT('2D SPACE',''
  ) );
#3196 = PCURVE('',#3197,#3202);
#3197 = CYLINDRICAL_SURFACE('',#3198,4.);
#3198 = AXIS2_PLACEMENT_3D('',#3199,#3200,#3201);
#3199 = CARTESIAN_POINT('',(6.,105.,35.0000001));
#3200 = DIRECTION('',(-0.,-0.,-1.));
#3201 = DIRECTION('',(1.,0.,0.));
#3202 = DEFINITIONAL_REPRESENTATION('',(#3203),#3207);
#3203 = LINE('',#3204,#3205);
#3204 = CARTESIAN_POINT('',(-3.864326901403,-32.));
#3205 = VECTOR('',#3206,1.);
#3206 = DIRECTION('',(-1.,0.));
#3207 = ( GEOMETRIC_REPRESENTATION_CONTEXT(2) 
PARAMETRIC_REPRESENTATION_CONTEXT() REPRESENTATION_CONTEXT('2D SPACE',''
  ) );
#3208 = ORIENTED_EDGE('',*,*,#3209,.F.);
#3209 = EDGE_CURVE('',#3210,#3181,#3212,.T.);
#3210 = VERTEX_POINT('',#3211);
#3211 = CARTESIAN_POINT('',(167.,108.,67.0000001));
#3212 = SURFACE_CURVE('',#3213,(#3217,#3224),.PCURVE_S1.);
#3213 = LINE('',#3214,#3215);
#3214 = CARTESIAN_POINT('',(1.5,108.,67.0000001));
#3215 = VECTOR('',#3216,1.);
#3216 = DIRECTION('',(-1.,0.,0.));
#3217 = PCURVE('',#912,#3218);
#3218 = DEFINITIONAL_REPRESENTATION('',(#3219),#3223);
#3219 = LINE('',#3220,#3221);
#3220 = CARTESIAN_POINT('',(1.5,108.));
#3221 = VECTOR('',#3222,1.);
#3222 = DIRECTION('',(-1.,0.));
#3223 = ( GEOMETRIC_REPRESENTATION_CONTEXT(2) 
PARAMETRIC_REPRESENTATION_CONTEXT() REPRESENTATION_CONTEXT('2D SPACE',''
  ) );
#3224 = PCURVE('',#3225,#3230);
#3225 = PLANE('',#3226);
#3226 = AXIS2_PLACEMENT_3D('',#3227,#3228,#3229);
#3227 = CARTESIAN_POINT('',(3.,108.,34.9000001));
#3228 = DIRECTION('',(0.,1.,0.));
#3229 = DIRECTION('',(0.,0.,1.));
#3230 = DEFINITIONAL_REPRESENTATION('',(#3231),#3235);
#3231 = LINE('',#3232,#3233);
#3232 = CARTESIAN_POINT('',(32.1,-1.5));
#3233 = VECTOR('',#3234,1.);
#3234 = DIRECTION('',(0.,-1.));
#3235 = ( GEOMETRIC_REPRESENTATION_CONTEXT(2) 
PARAMETRIC_REPRESENTATION_CONTEXT() REPRESENTATION_CONTEXT('2D SPACE',''
  ) );
#3236 = ORIENTED_EDGE('',*,*,#3237,.F.);
#3237 = EDGE_CURVE('',#3238,#3210,#3240,.T.);
#3238 = VERTEX_POINT('',#3239);
#3239 = CARTESIAN_POINT('',(167.,79.645751311064,67.0000001));
#3240 = SURFACE_CURVE('',#3241,(#3245,#3252),.PCURVE_S1.);
#3241 = LINE('',#3242,#3243);
#3242 = CARTESIAN_POINT('',(167.,1.5,67.0000001));
#3243 = VECTOR('',#3244,1.);
#3244 = DIRECTION('',(0.,1.,0.));
#3245 = PCURVE('',#912,#3246);
#3246 = DEFINITIONAL_REPRESENTATION('',(#3247),#3251);
#3247 = LINE('',#3248,#3249);
#3248 = CARTESIAN_POINT('',(167.,1.5));
#3249 = VECTOR('',#3250,1.);
#3250 = DIRECTION('',(0.,1.));
#3251 = ( GEOMETRIC_REPRESENTATION_CONTEXT(2) 
PARAMETRIC_REPRESENTATION_CONTEXT() REPRESENTATION_CONTEXT('2D SPACE',''
  ) );
#3252 = PCURVE('',#3253,#3258);
#3253 = PLANE('',#3254);
#3254 = AXIS2_PLACEMENT_3D('',#3255,#3256,#3257);
#3255 = CARTESIAN_POINT('',(167.,3.,34.9000001));
#3256 = DIRECTION('',(1.,0.,0.));
#3257 = DIRECTION('',(0.,0.,1.));
#3258 = DEFINITIONAL_REPRESENTATION('',(#3259),#3263);
#3259 = LINE('',#3260,#3261);
#3260 = CARTESIAN_POINT('',(32.1,1.5));
#3261 = VECTOR('',#3262,1.);
#3262 = DIRECTION('',(0.,-1.));
#3263 = ( GEOMETRIC_REPRESENTATION_CONTEXT(2) 
PARAMETRIC_REPRESENTATION_CONTEXT() REPRESENTATION_CONTEXT('2D SPACE',''
  ) );
#3264 = ORIENTED_EDGE('',*,*,#3265,.T.);
#3265 = EDGE_CURVE('',#3238,#3266,#3268,.T.);
#3266 = VERTEX_POINT('',#3267);
#3267 = CARTESIAN_POINT('',(167.,74.354248688936,67.0000001));
#3268 = SURFACE_CURVE('',#3269,(#3274,#3281),.PCURVE_S1.);
#3269 = CIRCLE('',#3270,4.);
#3270 = AXIS2_PLACEMENT_3D('',#3271,#3272,#3273);
#3271 = CARTESIAN_POINT('',(164.,77.,67.0000001));
#3272 = DIRECTION('',(0.,0.,1.));
#3273 = DIRECTION('',(1.,0.,0.));
#3274 = PCURVE('',#912,#3275);
#3275 = DEFINITIONAL_REPRESENTATION('',(#3276),#3280);
#3276 = CIRCLE('',#3277,4.);
#3277 = AXIS2_PLACEMENT_2D('',#3278,#3279);
#3278 = CARTESIAN_POINT('',(164.,77.));
#3279 = DIRECTION('',(1.,0.));
#3280 = ( GEOMETRIC_REPRESENTATION_CONTEXT(2) 
PARAMETRIC_REPRESENTATION_CONTEXT() REPRESENTATION_CONTEXT('2D SPACE',''
  ) );
#3281 = PCURVE('',#3282,#3287);
#3282 = CYLINDRICAL_SURFACE('',#3283,4.);
#3283 = AXIS2_PLACEMENT_3D('',#3284,#3285,#3286);
#3284 = CARTESIAN_POINT('',(164.,77.,35.0000001));
#3285 = DIRECTION('',(-0.,-0.,-1.));
#3286 = DIRECTION('',(1.,0.,0.));
#3287 = DEFINITIONAL_REPRESENTATION('',(#3288),#3292);
#3288 = LINE('',#3289,#3290);
#3289 = CARTESIAN_POINT('',(-0.,-32.));
#3290 = VECTOR('',#3291,1.);
#3291 = DIRECTION('',(-1.,0.));
#3292 = ( GEOMETRIC_REPRESENTATION_CONTEXT(2) 
PARAMETRIC_REPRESENTATION_CONTEXT() REPRESENTATION_CONTEXT('2D SPACE',''
  ) );
#3293 = ORIENTED_EDGE('',*,*,#3294,.F.);
#3294 = EDGE_CURVE('',#3295,#3266,#3297,.T.);
#3295 = VERTEX_POINT('',#3296);
#3296 = CARTESIAN_POINT('',(167.,11.645751311064,67.0000001));
#3297 = SURFACE_CURVE('',#3298,(#3302,#3309),.PCURVE_S1.);
#3298 = LINE('',#3299,#3300);
#3299 = CARTESIAN_POINT('',(167.,1.5,67.0000001));
#3300 = VECTOR('',#3301,1.);
#3301 = DIRECTION('',(0.,1.,0.));
#3302 = PCURVE('',#912,#3303);
#3303 = DEFINITIONAL_REPRESENTATION('',(#3304),#3308);
#3304 = LINE('',#3305,#3306);
#3305 = CARTESIAN_POINT('',(167.,1.5));
#3306 = VECTOR('',#3307,1.);
#3307 = DIRECTION('',(0.,1.));
#3308 = ( GEOMETRIC_REPRESENTATION_CONTEXT(2) 
PARAMETRIC_REPRESENTATION_CONTEXT() REPRESENTATION_CONTEXT('2D SPACE',''
  ) );
#3309 = PCURVE('',#3310,#3315);
#3310 = PLANE('',#3311);
#3311 = AXIS2_PLACEMENT_3D('',#3312,#3313,#3314);
#3312 = CARTESIAN_POINT('',(167.,3.,34.9000001));
#3313 = DIRECTION('',(1.,0.,0.));
#3314 = DIRECTION('',(0.,0.,1.));
#3315 = DEFINITIONAL_REPRESENTATION('',(#3316),#3320);
#3316 = LINE('',#3317,#3318);
#3317 = CARTESIAN_POINT('',(32.1,1.5));
#3318 = VECTOR('',#3319,1.);
#3319 = DIRECTION('',(0.,-1.));
#3320 = ( GEOMETRIC_REPRESENTATION_CONTEXT(2) 
PARAMETRIC_REPRESENTATION_CONTEXT() REPRESENTATION_CONTEXT('2D SPACE',''
  ) );
#3321 = ORIENTED_EDGE('',*,*,#3322,.T.);
#3322 = EDGE_CURVE('',#3295,#3040,#3323,.T.);
#3323 = SURFACE_CURVE('',#3324,(#3329,#3336),.PCURVE_S1.);
#3324 = CIRCLE('',#3325,4.);
#3325 = AXIS2_PLACEMENT_3D('',#3326,#3327,#3328);
#3326 = CARTESIAN_POINT('',(164.,9.,67.0000001));
#3327 = DIRECTION('',(0.,0.,1.));
#3328 = DIRECTION('',(1.,0.,0.));
#3329 = PCURVE('',#912,#3330);
#3330 = DEFINITIONAL_REPRESENTATION('',(#3331),#3335);
#3331 = CIRCLE('',#3332,4.);
#3332 = AXIS2_PLACEMENT_2D('',#3333,#3334);
#3333 = CARTESIAN_POINT('',(164.,9.));
#3334 = DIRECTION('',(1.,0.));
#3335 = ( GEOMETRIC_REPRESENTATION_CONTEXT(2) 
PARAMETRIC_REPRESENTATION_CONTEXT() REPRESENTATION_CONTEXT('2D SPACE',''
  ) );
#3336 = PCURVE('',#3337,#3342);
#3337 = CYLINDRICAL_SURFACE('',#3338,4.);
#3338 = AXIS2_PLACEMENT_3D('',#3339,#3340,#3341);
#3339 = CARTESIAN_POINT('',(164.,9.,35.0000001));
#3340 = DIRECTION('',(-0.,-0.,-1.));
#3341 = DIRECTION('',(1.,0.,0.));
#3342 = DEFINITIONAL_REPRESENTATION('',(#3343),#3347);
#3343 = LINE('',#3344,#3345);
#3344 = CARTESIAN_POINT('',(-0.,-32.));
#3345 = VECTOR('',#3346,1.);
#3346 = DIRECTION('',(-1.,0.));
#3347 = ( GEOMETRIC_REPRESENTATION_CONTEXT(2) 
PARAMETRIC_REPRESENTATION_CONTEXT() REPRESENTATION_CONTEXT('2D SPACE',''
  ) );
#3348 = FACE_BOUND('',#3349,.T.);
#3349 = EDGE_LOOP('',(#3350));
#3350 = ORIENTED_EDGE('',*,*,#3351,.T.);
#3351 = EDGE_CURVE('',#3352,#3352,#3354,.T.);
#3352 = VERTEX_POINT('',#3353);
#3353 = CARTESIAN_POINT('',(165.25,77.,67.0000001));
#3354 = SURFACE_CURVE('',#3355,(#3360,#3371),.PCURVE_S1.);
#3355 = CIRCLE('',#3356,1.25);
#3356 = AXIS2_PLACEMENT_3D('',#3357,#3358,#3359);
#3357 = CARTESIAN_POINT('',(164.,77.,67.0000001));
#3358 = DIRECTION('',(0.,0.,-1.));
#3359 = DIRECTION('',(1.,0.,0.));
#3360 = PCURVE('',#912,#3361);
#3361 = DEFINITIONAL_REPRESENTATION('',(#3362),#3370);
#3362 = ( BOUNDED_CURVE() B_SPLINE_CURVE(2,(#3363,#3364,#3365,#3366,
#3367,#3368,#3369),.UNSPECIFIED.,.T.,.F.) B_SPLINE_CURVE_WITH_KNOTS((1,2
    ,2,2,2,1),(-2.094395102393,0.,2.094395102393,4.188790204786,
6.28318530718,8.377580409573),.UNSPECIFIED.) CURVE() 
GEOMETRIC_REPRESENTATION_ITEM() RATIONAL_B_SPLINE_CURVE((1.,0.5,1.,0.5,
1.,0.5,1.)) REPRESENTATION_ITEM('') );
#3363 = CARTESIAN_POINT('',(165.25,77.));
#3364 = CARTESIAN_POINT('',(165.25,74.834936490539));
#3365 = CARTESIAN_POINT('',(163.375,75.917468245269));
#3366 = CARTESIAN_POINT('',(161.5,77.));
#3367 = CARTESIAN_POINT('',(163.375,78.082531754731));
#3368 = CARTESIAN_POINT('',(165.25,79.165063509461));
#3369 = CARTESIAN_POINT('',(165.25,77.));
#3370 = ( GEOMETRIC_REPRESENTATION_CONTEXT(2) 
PARAMETRIC_REPRESENTATION_CONTEXT() REPRESENTATION_CONTEXT('2D SPACE',''
  ) );
#3371 = PCURVE('',#3372,#3377);
#3372 = CYLINDRICAL_SURFACE('',#3373,1.25);
#3373 = AXIS2_PLACEMENT_3D('',#3374,#3375,#3376);
#3374 = CARTESIAN_POINT('',(164.,77.,59.0000001));
#3375 = DIRECTION('',(-0.,-0.,-1.));
#3376 = DIRECTION('',(1.,0.,0.));
#3377 = DEFINITIONAL_REPRESENTATION('',(#3378),#3382);
#3378 = LINE('',#3379,#3380);
#3379 = CARTESIAN_POINT('',(-6.28318530718,-8.));
#3380 = VECTOR('',#3381,1.);
#3381 = DIRECTION('',(1.,-0.));
#3382 = ( GEOMETRIC_REPRESENTATION_CONTEXT(2) 
PARAMETRIC_REPRESENTATION_CONTEXT() REPRESENTATION_CONTEXT('2D SPACE',''
  ) );
#3383 = ADVANCED_FACE('',(#3384),#1110,.T.);
#3384 = FACE_BOUND('',#3385,.T.);
#3385 = EDGE_LOOP('',(#3386,#3387,#3408,#3409));
#3386 = ORIENTED_EDGE('',*,*,#1511,.F.);
#3387 = ORIENTED_EDGE('',*,*,#3388,.F.);
#3388 = EDGE_CURVE('',#2619,#1484,#3389,.T.);
#3389 = SURFACE_CURVE('',#3390,(#3394,#3401),.PCURVE_S1.);
#3390 = LINE('',#3391,#3392);
#3391 = CARTESIAN_POINT('',(10.,60.,1.000000011686E-07));
#3392 = VECTOR('',#3393,1.);
#3393 = DIRECTION('',(1.,0.,0.));
#3394 = PCURVE('',#1110,#3395);
#3395 = DEFINITIONAL_REPRESENTATION('',(#3396),#3400);
#3396 = LINE('',#3397,#3398);
#3397 = CARTESIAN_POINT('',(0.,0.));
#3398 = VECTOR('',#3399,1.);
#3399 = DIRECTION('',(0.,1.));
#3400 = ( GEOMETRIC_REPRESENTATION_CONTEXT(2) 
PARAMETRIC_REPRESENTATION_CONTEXT() REPRESENTATION_CONTEXT('2D SPACE',''
  ) );
#3401 = PCURVE('',#1499,#3402);
#3402 = DEFINITIONAL_REPRESENTATION('',(#3403),#3407);
#3403 = LINE('',#3404,#3405);
#3404 = CARTESIAN_POINT('',(0.,57.));
#3405 = VECTOR('',#3406,1.);
#3406 = DIRECTION('',(1.,0.));
#3407 = ( GEOMETRIC_REPRESENTATION_CONTEXT(2) 
PARAMETRIC_REPRESENTATION_CONTEXT() REPRESENTATION_CONTEXT('2D SPACE',''
  ) );
#3408 = ORIENTED_EDGE('',*,*,#2641,.T.);
#3409 = ORIENTED_EDGE('',*,*,#1094,.T.);
#3410 = ADVANCED_FACE('',(#3411),#1356,.T.);
#3411 = FACE_BOUND('',#3412,.T.);
#3412 = EDGE_LOOP('',(#3413,#3436,#3464,#3485));
#3413 = ORIENTED_EDGE('',*,*,#3414,.F.);
#3414 = EDGE_CURVE('',#3415,#1339,#3417,.T.);
#3415 = VERTEX_POINT('',#3416);
#3416 = CARTESIAN_POINT('',(165.,103.2,34.0000001));
#3417 = SURFACE_CURVE('',#3418,(#3422,#3429),.PCURVE_S1.);
#3418 = LINE('',#3419,#3420);
#3419 = CARTESIAN_POINT('',(165.,103.2,34.0000001));
#3420 = VECTOR('',#3421,1.);
#3421 = DIRECTION('',(1.,0.,0.));
#3422 = PCURVE('',#1356,#3423);
#3423 = DEFINITIONAL_REPRESENTATION('',(#3424),#3428);
#3424 = LINE('',#3425,#3426);
#3425 = CARTESIAN_POINT('',(0.,15.4));
#3426 = VECTOR('',#3427,1.);
#3427 = DIRECTION('',(1.,0.));
#3428 = ( GEOMETRIC_REPRESENTATION_CONTEXT(2) 
PARAMETRIC_REPRESENTATION_CONTEXT() REPRESENTATION_CONTEXT('2D SPACE',''
  ) );
#3429 = PCURVE('',#1438,#3430);
#3430 = DEFINITIONAL_REPRESENTATION('',(#3431),#3435);
#3431 = LINE('',#3432,#3433);
#3432 = CARTESIAN_POINT('',(0.,0.));
#3433 = VECTOR('',#3434,1.);
#3434 = DIRECTION('',(0.,1.));
#3435 = ( GEOMETRIC_REPRESENTATION_CONTEXT(2) 
PARAMETRIC_REPRESENTATION_CONTEXT() REPRESENTATION_CONTEXT('2D SPACE',''
  ) );
#3436 = ORIENTED_EDGE('',*,*,#3437,.F.);
#3437 = EDGE_CURVE('',#3438,#3415,#3440,.T.);
#3438 = VERTEX_POINT('',#3439);
#3439 = CARTESIAN_POINT('',(165.,87.8,34.0000001));
#3440 = SURFACE_CURVE('',#3441,(#3445,#3452),.PCURVE_S1.);
#3441 = LINE('',#3442,#3443);
#3442 = CARTESIAN_POINT('',(165.,87.8,34.0000001));
#3443 = VECTOR('',#3444,1.);
#3444 = DIRECTION('',(0.,1.,0.));
#3445 = PCURVE('',#1356,#3446);
#3446 = DEFINITIONAL_REPRESENTATION('',(#3447),#3451);
#3447 = LINE('',#3448,#3449);
#3448 = CARTESIAN_POINT('',(0.,0.));
#3449 = VECTOR('',#3450,1.);
#3450 = DIRECTION('',(0.,1.));
#3451 = ( GEOMETRIC_REPRESENTATION_CONTEXT(2) 
PARAMETRIC_REPRESENTATION_CONTEXT() REPRESENTATION_CONTEXT('2D SPACE',''
  ) );
#3452 = PCURVE('',#3453,#3458);
#3453 = PLANE('',#3454);
#3454 = AXIS2_PLACEMENT_3D('',#3455,#3456,#3457);
#3455 = CARTESIAN_POINT('',(165.,87.8,34.0000001));
#3456 = DIRECTION('',(1.,0.,0.));
#3457 = DIRECTION('',(0.,0.,1.));
#3458 = DEFINITIONAL_REPRESENTATION('',(#3459),#3463);
#3459 = LINE('',#3460,#3461);
#3460 = CARTESIAN_POINT('',(0.,0.));
#3461 = VECTOR('',#3462,1.);
#3462 = DIRECTION('',(0.,-1.));
#3463 = ( GEOMETRIC_REPRESENTATION_CONTEXT(2) 
PARAMETRIC_REPRESENTATION_CONTEXT() REPRESENTATION_CONTEXT('2D SPACE',''
  ) );
#3464 = ORIENTED_EDGE('',*,*,#3465,.T.);
#3465 = EDGE_CURVE('',#3438,#1341,#3466,.T.);
#3466 = SURFACE_CURVE('',#3467,(#3471,#3478),.PCURVE_S1.);
#3467 = LINE('',#3468,#3469);
#3468 = CARTESIAN_POINT('',(165.,87.8,34.0000001));
#3469 = VECTOR('',#3470,1.);
#3470 = DIRECTION('',(1.,0.,0.));
#3471 = PCURVE('',#1356,#3472);
#3472 = DEFINITIONAL_REPRESENTATION('',(#3473),#3477);
#3473 = LINE('',#3474,#3475);
#3474 = CARTESIAN_POINT('',(0.,0.));
#3475 = VECTOR('',#3476,1.);
#3476 = DIRECTION('',(1.,0.));
#3477 = ( GEOMETRIC_REPRESENTATION_CONTEXT(2) 
PARAMETRIC_REPRESENTATION_CONTEXT() REPRESENTATION_CONTEXT('2D SPACE',''
  ) );
#3478 = PCURVE('',#1384,#3479);
#3479 = DEFINITIONAL_REPRESENTATION('',(#3480),#3484);
#3480 = LINE('',#3481,#3482);
#3481 = CARTESIAN_POINT('',(0.,0.));
#3482 = VECTOR('',#3483,1.);
#3483 = DIRECTION('',(0.,1.));
#3484 = ( GEOMETRIC_REPRESENTATION_CONTEXT(2) 
PARAMETRIC_REPRESENTATION_CONTEXT() REPRESENTATION_CONTEXT('2D SPACE',''
  ) );
#3485 = ORIENTED_EDGE('',*,*,#1338,.F.);
#3486 = ADVANCED_FACE('',(#3487),#1438,.F.);
#3487 = FACE_BOUND('',#3488,.F.);
#3488 = EDGE_LOOP('',(#3489,#3490,#3513,#3541,#3564,#3585));
#3489 = ORIENTED_EDGE('',*,*,#3414,.F.);
#3490 = ORIENTED_EDGE('',*,*,#3491,.T.);
#3491 = EDGE_CURVE('',#3415,#3492,#3494,.T.);
#3492 = VERTEX_POINT('',#3493);
#3493 = CARTESIAN_POINT('',(165.,103.2,35.0000001));
#3494 = SURFACE_CURVE('',#3495,(#3499,#3506),.PCURVE_S1.);
#3495 = LINE('',#3496,#3497);
#3496 = CARTESIAN_POINT('',(165.,103.2,34.0000001));
#3497 = VECTOR('',#3498,1.);
#3498 = DIRECTION('',(0.,0.,1.));
#3499 = PCURVE('',#1438,#3500);
#3500 = DEFINITIONAL_REPRESENTATION('',(#3501),#3505);
#3501 = LINE('',#3502,#3503);
#3502 = CARTESIAN_POINT('',(0.,0.));
#3503 = VECTOR('',#3504,1.);
#3504 = DIRECTION('',(1.,0.));
#3505 = ( GEOMETRIC_REPRESENTATION_CONTEXT(2) 
PARAMETRIC_REPRESENTATION_CONTEXT() REPRESENTATION_CONTEXT('2D SPACE',''
  ) );
#3506 = PCURVE('',#3453,#3507);
#3507 = DEFINITIONAL_REPRESENTATION('',(#3508),#3512);
#3508 = LINE('',#3509,#3510);
#3509 = CARTESIAN_POINT('',(0.,-15.4));
#3510 = VECTOR('',#3511,1.);
#3511 = DIRECTION('',(1.,0.));
#3512 = ( GEOMETRIC_REPRESENTATION_CONTEXT(2) 
PARAMETRIC_REPRESENTATION_CONTEXT() REPRESENTATION_CONTEXT('2D SPACE',''
  ) );
#3513 = ORIENTED_EDGE('',*,*,#3514,.F.);
#3514 = EDGE_CURVE('',#3515,#3492,#3517,.T.);
#3515 = VERTEX_POINT('',#3516);
#3516 = CARTESIAN_POINT('',(167.,103.2,35.0000001));
#3517 = SURFACE_CURVE('',#3518,(#3522,#3529),.PCURVE_S1.);
#3518 = LINE('',#3519,#3520);
#3519 = CARTESIAN_POINT('',(82.5,103.2,35.0000001));
#3520 = VECTOR('',#3521,1.);
#3521 = DIRECTION('',(-1.,0.,0.));
#3522 = PCURVE('',#1438,#3523);
#3523 = DEFINITIONAL_REPRESENTATION('',(#3524),#3528);
#3524 = LINE('',#3525,#3526);
#3525 = CARTESIAN_POINT('',(1.,-82.5));
#3526 = VECTOR('',#3527,1.);
#3527 = DIRECTION('',(0.,-1.));
#3528 = ( GEOMETRIC_REPRESENTATION_CONTEXT(2) 
PARAMETRIC_REPRESENTATION_CONTEXT() REPRESENTATION_CONTEXT('2D SPACE',''
  ) );
#3529 = PCURVE('',#3530,#3535);
#3530 = PLANE('',#3531);
#3531 = AXIS2_PLACEMENT_3D('',#3532,#3533,#3534);
#3532 = CARTESIAN_POINT('',(0.,0.,35.0000001));
#3533 = DIRECTION('',(0.,0.,1.));
#3534 = DIRECTION('',(1.,0.,0.));
#3535 = DEFINITIONAL_REPRESENTATION('',(#3536),#3540);
#3536 = LINE('',#3537,#3538);
#3537 = CARTESIAN_POINT('',(82.5,103.2));
#3538 = VECTOR('',#3539,1.);
#3539 = DIRECTION('',(-1.,0.));
#3540 = ( GEOMETRIC_REPRESENTATION_CONTEXT(2) 
PARAMETRIC_REPRESENTATION_CONTEXT() REPRESENTATION_CONTEXT('2D SPACE',''
  ) );
#3541 = ORIENTED_EDGE('',*,*,#3542,.T.);
#3542 = EDGE_CURVE('',#3515,#3543,#3545,.T.);
#3543 = VERTEX_POINT('',#3544);
#3544 = CARTESIAN_POINT('',(167.,103.2,44.4000001));
#3545 = SURFACE_CURVE('',#3546,(#3550,#3557),.PCURVE_S1.);
#3546 = LINE('',#3547,#3548);
#3547 = CARTESIAN_POINT('',(167.,103.2,34.4500001));
#3548 = VECTOR('',#3549,1.);
#3549 = DIRECTION('',(0.,0.,1.));
#3550 = PCURVE('',#1438,#3551);
#3551 = DEFINITIONAL_REPRESENTATION('',(#3552),#3556);
#3552 = LINE('',#3553,#3554);
#3553 = CARTESIAN_POINT('',(0.45,2.));
#3554 = VECTOR('',#3555,1.);
#3555 = DIRECTION('',(1.,0.));
#3556 = ( GEOMETRIC_REPRESENTATION_CONTEXT(2) 
PARAMETRIC_REPRESENTATION_CONTEXT() REPRESENTATION_CONTEXT('2D SPACE',''
  ) );
#3557 = PCURVE('',#3253,#3558);
#3558 = DEFINITIONAL_REPRESENTATION('',(#3559),#3563);
#3559 = LINE('',#3560,#3561);
#3560 = CARTESIAN_POINT('',(-0.45,-100.2));
#3561 = VECTOR('',#3562,1.);
#3562 = DIRECTION('',(1.,0.));
#3563 = ( GEOMETRIC_REPRESENTATION_CONTEXT(2) 
PARAMETRIC_REPRESENTATION_CONTEXT() REPRESENTATION_CONTEXT('2D SPACE',''
  ) );
#3564 = ORIENTED_EDGE('',*,*,#3565,.T.);
#3565 = EDGE_CURVE('',#3543,#1397,#3566,.T.);
#3566 = SURFACE_CURVE('',#3567,(#3571,#3578),.PCURVE_S1.);
#3567 = LINE('',#3568,#3569);
#3568 = CARTESIAN_POINT('',(165.,103.2,44.4000001));
#3569 = VECTOR('',#3570,1.);
#3570 = DIRECTION('',(1.,0.,0.));
#3571 = PCURVE('',#1438,#3572);
#3572 = DEFINITIONAL_REPRESENTATION('',(#3573),#3577);
#3573 = LINE('',#3574,#3575);
#3574 = CARTESIAN_POINT('',(10.4,0.));
#3575 = VECTOR('',#3576,1.);
#3576 = DIRECTION('',(0.,1.));
#3577 = ( GEOMETRIC_REPRESENTATION_CONTEXT(2) 
PARAMETRIC_REPRESENTATION_CONTEXT() REPRESENTATION_CONTEXT('2D SPACE',''
  ) );
#3578 = PCURVE('',#1412,#3579);
#3579 = DEFINITIONAL_REPRESENTATION('',(#3580),#3584);
#3580 = LINE('',#3581,#3582);
#3581 = CARTESIAN_POINT('',(0.,15.4));
#3582 = VECTOR('',#3583,1.);
#3583 = DIRECTION('',(1.,0.));
#3584 = ( GEOMETRIC_REPRESENTATION_CONTEXT(2) 
PARAMETRIC_REPRESENTATION_CONTEXT() REPRESENTATION_CONTEXT('2D SPACE',''
  ) );
#3585 = ORIENTED_EDGE('',*,*,#1424,.F.);
#3586 = ADVANCED_FACE('',(#3587),#1412,.F.);
#3587 = FACE_BOUND('',#3588,.F.);
#3588 = EDGE_LOOP('',(#3589,#3590,#3613,#3634));
#3589 = ORIENTED_EDGE('',*,*,#3565,.F.);
#3590 = ORIENTED_EDGE('',*,*,#3591,.T.);
#3591 = EDGE_CURVE('',#3543,#3592,#3594,.T.);
#3592 = VERTEX_POINT('',#3593);
#3593 = CARTESIAN_POINT('',(167.,87.8,44.4000001));
#3594 = SURFACE_CURVE('',#3595,(#3599,#3606),.PCURVE_S1.);
#3595 = LINE('',#3596,#3597);
#3596 = CARTESIAN_POINT('',(167.,45.4,44.4000001));
#3597 = VECTOR('',#3598,1.);
#3598 = DIRECTION('',(0.,-1.,0.));
#3599 = PCURVE('',#1412,#3600);
#3600 = DEFINITIONAL_REPRESENTATION('',(#3601),#3605);
#3601 = LINE('',#3602,#3603);
#3602 = CARTESIAN_POINT('',(2.,-42.4));
#3603 = VECTOR('',#3604,1.);
#3604 = DIRECTION('',(0.,-1.));
#3605 = ( GEOMETRIC_REPRESENTATION_CONTEXT(2) 
PARAMETRIC_REPRESENTATION_CONTEXT() REPRESENTATION_CONTEXT('2D SPACE',''
  ) );
#3606 = PCURVE('',#3253,#3607);
#3607 = DEFINITIONAL_REPRESENTATION('',(#3608),#3612);
#3608 = LINE('',#3609,#3610);
#3609 = CARTESIAN_POINT('',(9.5,-42.4));
#3610 = VECTOR('',#3611,1.);
#3611 = DIRECTION('',(0.,1.));
#3612 = ( GEOMETRIC_REPRESENTATION_CONTEXT(2) 
PARAMETRIC_REPRESENTATION_CONTEXT() REPRESENTATION_CONTEXT('2D SPACE',''
  ) );
#3613 = ORIENTED_EDGE('',*,*,#3614,.T.);
#3614 = EDGE_CURVE('',#3592,#1369,#3615,.T.);
#3615 = SURFACE_CURVE('',#3616,(#3620,#3627),.PCURVE_S1.);
#3616 = LINE('',#3617,#3618);
#3617 = CARTESIAN_POINT('',(165.,87.8,44.4000001));
#3618 = VECTOR('',#3619,1.);
#3619 = DIRECTION('',(1.,0.,0.));
#3620 = PCURVE('',#1412,#3621);
#3621 = DEFINITIONAL_REPRESENTATION('',(#3622),#3626);
#3622 = LINE('',#3623,#3624);
#3623 = CARTESIAN_POINT('',(0.,0.));
#3624 = VECTOR('',#3625,1.);
#3625 = DIRECTION('',(1.,0.));
#3626 = ( GEOMETRIC_REPRESENTATION_CONTEXT(2) 
PARAMETRIC_REPRESENTATION_CONTEXT() REPRESENTATION_CONTEXT('2D SPACE',''
  ) );
#3627 = PCURVE('',#1384,#3628);
#3628 = DEFINITIONAL_REPRESENTATION('',(#3629),#3633);
#3629 = LINE('',#3630,#3631);
#3630 = CARTESIAN_POINT('',(10.4,0.));
#3631 = VECTOR('',#3632,1.);
#3632 = DIRECTION('',(0.,1.));
#3633 = ( GEOMETRIC_REPRESENTATION_CONTEXT(2) 
PARAMETRIC_REPRESENTATION_CONTEXT() REPRESENTATION_CONTEXT('2D SPACE',''
  ) );
#3634 = ORIENTED_EDGE('',*,*,#1396,.F.);
#3635 = ADVANCED_FACE('',(#3636),#1384,.T.);
#3636 = FACE_BOUND('',#3637,.T.);
#3637 = EDGE_LOOP('',(#3638,#3639,#3662,#3685,#3706,#3707));
#3638 = ORIENTED_EDGE('',*,*,#3465,.F.);
#3639 = ORIENTED_EDGE('',*,*,#3640,.T.);
#3640 = EDGE_CURVE('',#3438,#3641,#3643,.T.);
#3641 = VERTEX_POINT('',#3642);
#3642 = CARTESIAN_POINT('',(165.,87.8,35.0000001));
#3643 = SURFACE_CURVE('',#3644,(#3648,#3655),.PCURVE_S1.);
#3644 = LINE('',#3645,#3646);
#3645 = CARTESIAN_POINT('',(165.,87.8,34.0000001));
#3646 = VECTOR('',#3647,1.);
#3647 = DIRECTION('',(0.,0.,1.));
#3648 = PCURVE('',#1384,#3649);
#3649 = DEFINITIONAL_REPRESENTATION('',(#3650),#3654);
#3650 = LINE('',#3651,#3652);
#3651 = CARTESIAN_POINT('',(0.,0.));
#3652 = VECTOR('',#3653,1.);
#3653 = DIRECTION('',(1.,0.));
#3654 = ( GEOMETRIC_REPRESENTATION_CONTEXT(2) 
PARAMETRIC_REPRESENTATION_CONTEXT() REPRESENTATION_CONTEXT('2D SPACE',''
  ) );
#3655 = PCURVE('',#3453,#3656);
#3656 = DEFINITIONAL_REPRESENTATION('',(#3657),#3661);
#3657 = LINE('',#3658,#3659);
#3658 = CARTESIAN_POINT('',(0.,0.));
#3659 = VECTOR('',#3660,1.);
#3660 = DIRECTION('',(1.,0.));
#3661 = ( GEOMETRIC_REPRESENTATION_CONTEXT(2) 
PARAMETRIC_REPRESENTATION_CONTEXT() REPRESENTATION_CONTEXT('2D SPACE',''
  ) );
#3662 = ORIENTED_EDGE('',*,*,#3663,.F.);
#3663 = EDGE_CURVE('',#3664,#3641,#3666,.T.);
#3664 = VERTEX_POINT('',#3665);
#3665 = CARTESIAN_POINT('',(167.,87.8,35.0000001));
#3666 = SURFACE_CURVE('',#3667,(#3671,#3678),.PCURVE_S1.);
#3667 = LINE('',#3668,#3669);
#3668 = CARTESIAN_POINT('',(82.5,87.8,35.0000001));
#3669 = VECTOR('',#3670,1.);
#3670 = DIRECTION('',(-1.,0.,0.));
#3671 = PCURVE('',#1384,#3672);
#3672 = DEFINITIONAL_REPRESENTATION('',(#3673),#3677);
#3673 = LINE('',#3674,#3675);
#3674 = CARTESIAN_POINT('',(1.,-82.5));
#3675 = VECTOR('',#3676,1.);
#3676 = DIRECTION('',(0.,-1.));
#3677 = ( GEOMETRIC_REPRESENTATION_CONTEXT(2) 
PARAMETRIC_REPRESENTATION_CONTEXT() REPRESENTATION_CONTEXT('2D SPACE',''
  ) );
#3678 = PCURVE('',#3530,#3679);
#3679 = DEFINITIONAL_REPRESENTATION('',(#3680),#3684);
#3680 = LINE('',#3681,#3682);
#3681 = CARTESIAN_POINT('',(82.5,87.8));
#3682 = VECTOR('',#3683,1.);
#3683 = DIRECTION('',(-1.,0.));
#3684 = ( GEOMETRIC_REPRESENTATION_CONTEXT(2) 
PARAMETRIC_REPRESENTATION_CONTEXT() REPRESENTATION_CONTEXT('2D SPACE',''
  ) );
#3685 = ORIENTED_EDGE('',*,*,#3686,.T.);
#3686 = EDGE_CURVE('',#3664,#3592,#3687,.T.);
#3687 = SURFACE_CURVE('',#3688,(#3692,#3699),.PCURVE_S1.);
#3688 = LINE('',#3689,#3690);
#3689 = CARTESIAN_POINT('',(167.,87.8,34.4500001));
#3690 = VECTOR('',#3691,1.);
#3691 = DIRECTION('',(0.,0.,1.));
#3692 = PCURVE('',#1384,#3693);
#3693 = DEFINITIONAL_REPRESENTATION('',(#3694),#3698);
#3694 = LINE('',#3695,#3696);
#3695 = CARTESIAN_POINT('',(0.45,2.));
#3696 = VECTOR('',#3697,1.);
#3697 = DIRECTION('',(1.,0.));
#3698 = ( GEOMETRIC_REPRESENTATION_CONTEXT(2) 
PARAMETRIC_REPRESENTATION_CONTEXT() REPRESENTATION_CONTEXT('2D SPACE',''
  ) );
#3699 = PCURVE('',#3253,#3700);
#3700 = DEFINITIONAL_REPRESENTATION('',(#3701),#3705);
#3701 = LINE('',#3702,#3703);
#3702 = CARTESIAN_POINT('',(-0.45,-84.8));
#3703 = VECTOR('',#3704,1.);
#3704 = DIRECTION('',(1.,0.));
#3705 = ( GEOMETRIC_REPRESENTATION_CONTEXT(2) 
PARAMETRIC_REPRESENTATION_CONTEXT() REPRESENTATION_CONTEXT('2D SPACE',''
  ) );
#3706 = ORIENTED_EDGE('',*,*,#3614,.T.);
#3707 = ORIENTED_EDGE('',*,*,#1368,.F.);
#3708 = ADVANCED_FACE('',(#3709),#1499,.F.);
#3709 = FACE_BOUND('',#3710,.F.);
#3710 = EDGE_LOOP('',(#3711,#3712,#3713,#3714));
#3711 = ORIENTED_EDGE('',*,*,#2618,.F.);
#3712 = ORIENTED_EDGE('',*,*,#1565,.F.);
#3713 = ORIENTED_EDGE('',*,*,#1483,.T.);
#3714 = ORIENTED_EDGE('',*,*,#3388,.F.);
#3715 = ADVANCED_FACE('',(#3716),#1698,.F.);
#3716 = FACE_BOUND('',#3717,.F.);
#3717 = EDGE_LOOP('',(#3718,#3719,#3742,#3769));
#3718 = ORIENTED_EDGE('',*,*,#1588,.F.);
#3719 = ORIENTED_EDGE('',*,*,#3720,.T.);
#3720 = EDGE_CURVE('',#1589,#3721,#3723,.T.);
#3721 = VERTEX_POINT('',#3722);
#3722 = CARTESIAN_POINT('',(136.25,58.5,5.0000001));
#3723 = SEAM_CURVE('',#3724,(#3728,#3735),.PCURVE_S1.);
#3724 = LINE('',#3725,#3726);
#3725 = CARTESIAN_POINT('',(136.25,47.,5.0000001));
#3726 = VECTOR('',#3727,1.);
#3727 = DIRECTION('',(-0.,1.,-0.));
#3728 = PCURVE('',#1698,#3729);
#3729 = DEFINITIONAL_REPRESENTATION('',(#3730),#3734);
#3730 = LINE('',#3731,#3732);
#3731 = CARTESIAN_POINT('',(6.28318530718,0.));
#3732 = VECTOR('',#3733,1.);
#3733 = DIRECTION('',(0.,-1.));
#3734 = ( GEOMETRIC_REPRESENTATION_CONTEXT(2) 
PARAMETRIC_REPRESENTATION_CONTEXT() REPRESENTATION_CONTEXT('2D SPACE',''
  ) );
#3735 = PCURVE('',#1698,#3736);
#3736 = DEFINITIONAL_REPRESENTATION('',(#3737),#3741);
#3737 = LINE('',#3738,#3739);
#3738 = CARTESIAN_POINT('',(0.,0.));
#3739 = VECTOR('',#3740,1.);
#3740 = DIRECTION('',(0.,-1.));
#3741 = ( GEOMETRIC_REPRESENTATION_CONTEXT(2) 
PARAMETRIC_REPRESENTATION_CONTEXT() REPRESENTATION_CONTEXT('2D SPACE',''
  ) );
#3742 = ORIENTED_EDGE('',*,*,#3743,.T.);
#3743 = EDGE_CURVE('',#3721,#3721,#3744,.T.);
#3744 = SURFACE_CURVE('',#3745,(#3750,#3757),.PCURVE_S1.);
#3745 = CIRCLE('',#3746,1.25);
#3746 = AXIS2_PLACEMENT_3D('',#3747,#3748,#3749);
#3747 = CARTESIAN_POINT('',(135.,58.5,5.0000001));
#3748 = DIRECTION('',(0.,-1.,0.));
#3749 = DIRECTION('',(1.,0.,0.));
#3750 = PCURVE('',#1698,#3751);
#3751 = DEFINITIONAL_REPRESENTATION('',(#3752),#3756);
#3752 = LINE('',#3753,#3754);
#3753 = CARTESIAN_POINT('',(0.,-11.5));
#3754 = VECTOR('',#3755,1.);
#3755 = DIRECTION('',(1.,0.));
#3756 = ( GEOMETRIC_REPRESENTATION_CONTEXT(2) 
PARAMETRIC_REPRESENTATION_CONTEXT() REPRESENTATION_CONTEXT('2D SPACE',''
  ) );
#3757 = PCURVE('',#3758,#3763);
#3758 = PLANE('',#3759);
#3759 = AXIS2_PLACEMENT_3D('',#3760,#3761,#3762);
#3760 = CARTESIAN_POINT('',(135.,58.5,5.0000001));
#3761 = DIRECTION('',(-0.,-1.,-0.));
#3762 = DIRECTION('',(0.,0.,-1.));
#3763 = DEFINITIONAL_REPRESENTATION('',(#3764),#3768);
#3764 = CIRCLE('',#3765,1.25);
#3765 = AXIS2_PLACEMENT_2D('',#3766,#3767);
#3766 = CARTESIAN_POINT('',(0.,0.));
#3767 = DIRECTION('',(0.,1.));
#3768 = ( GEOMETRIC_REPRESENTATION_CONTEXT(2) 
PARAMETRIC_REPRESENTATION_CONTEXT() REPRESENTATION_CONTEXT('2D SPACE',''
  ) );
#3769 = ORIENTED_EDGE('',*,*,#3720,.F.);
#3770 = ADVANCED_FACE('',(#3771),#1869,.F.);
#3771 = FACE_BOUND('',#3772,.T.);
#3772 = EDGE_LOOP('',(#3773,#3774,#3797,#3824));
#3773 = ORIENTED_EDGE('',*,*,#1759,.F.);
#3774 = ORIENTED_EDGE('',*,*,#3775,.T.);
#3775 = EDGE_CURVE('',#1760,#3776,#3778,.T.);
#3776 = VERTEX_POINT('',#3777);
#3777 = CARTESIAN_POINT('',(136.25,23.,34.0000001));
#3778 = SEAM_CURVE('',#3779,(#3783,#3790),.PCURVE_S1.);
#3779 = LINE('',#3780,#3781);
#3780 = CARTESIAN_POINT('',(136.25,23.,28.432467391003));
#3781 = VECTOR('',#3782,1.);
#3782 = DIRECTION('',(0.,0.,1.));
#3783 = PCURVE('',#1869,#3784);
#3784 = DEFINITIONAL_REPRESENTATION('',(#3785),#3789);
#3785 = LINE('',#3786,#3787);
#3786 = CARTESIAN_POINT('',(-0.,-6.432467291003));
#3787 = VECTOR('',#3788,1.);
#3788 = DIRECTION('',(-0.,-1.));
#3789 = ( GEOMETRIC_REPRESENTATION_CONTEXT(2) 
PARAMETRIC_REPRESENTATION_CONTEXT() REPRESENTATION_CONTEXT('2D SPACE',''
  ) );
#3790 = PCURVE('',#1869,#3791);
#3791 = DEFINITIONAL_REPRESENTATION('',(#3792),#3796);
#3792 = LINE('',#3793,#3794);
#3793 = CARTESIAN_POINT('',(-6.28318530718,-6.432467291003));
#3794 = VECTOR('',#3795,1.);
#3795 = DIRECTION('',(-0.,-1.));
#3796 = ( GEOMETRIC_REPRESENTATION_CONTEXT(2) 
PARAMETRIC_REPRESENTATION_CONTEXT() REPRESENTATION_CONTEXT('2D SPACE',''
  ) );
#3797 = ORIENTED_EDGE('',*,*,#3798,.T.);
#3798 = EDGE_CURVE('',#3776,#3776,#3799,.T.);
#3799 = SURFACE_CURVE('',#3800,(#3805,#3812),.PCURVE_S1.);
#3800 = CIRCLE('',#3801,1.25);
#3801 = AXIS2_PLACEMENT_3D('',#3802,#3803,#3804);
#3802 = CARTESIAN_POINT('',(135.,23.,34.0000001));
#3803 = DIRECTION('',(0.,0.,1.));
#3804 = DIRECTION('',(1.,0.,0.));
#3805 = PCURVE('',#1869,#3806);
#3806 = DEFINITIONAL_REPRESENTATION('',(#3807),#3811);
#3807 = LINE('',#3808,#3809);
#3808 = CARTESIAN_POINT('',(-0.,-12.));
#3809 = VECTOR('',#3810,1.);
#3810 = DIRECTION('',(-1.,0.));
#3811 = ( GEOMETRIC_REPRESENTATION_CONTEXT(2) 
PARAMETRIC_REPRESENTATION_CONTEXT() REPRESENTATION_CONTEXT('2D SPACE',''
  ) );
#3812 = PCURVE('',#3813,#3818);
#3813 = PLANE('',#3814);
#3814 = AXIS2_PLACEMENT_3D('',#3815,#3816,#3817);
#3815 = CARTESIAN_POINT('',(135.,23.,34.0000001));
#3816 = DIRECTION('',(0.,0.,1.));
#3817 = DIRECTION('',(1.,0.,-0.));
#3818 = DEFINITIONAL_REPRESENTATION('',(#3819),#3823);
#3819 = CIRCLE('',#3820,1.25);
#3820 = AXIS2_PLACEMENT_2D('',#3821,#3822);
#3821 = CARTESIAN_POINT('',(0.,0.));
#3822 = DIRECTION('',(1.,0.));
#3823 = ( GEOMETRIC_REPRESENTATION_CONTEXT(2) 
PARAMETRIC_REPRESENTATION_CONTEXT() REPRESENTATION_CONTEXT('2D SPACE',''
  ) );
#3824 = ORIENTED_EDGE('',*,*,#3775,.F.);
#3825 = ADVANCED_FACE('',(#3826),#2040,.F.);
#3826 = FACE_BOUND('',#3827,.F.);
#3827 = EDGE_LOOP('',(#3828,#3829,#3852,#3879));
#3828 = ORIENTED_EDGE('',*,*,#1930,.F.);
#3829 = ORIENTED_EDGE('',*,*,#3830,.T.);
#3830 = EDGE_CURVE('',#1931,#3831,#3833,.T.);
#3831 = VERTEX_POINT('',#3832);
#3832 = CARTESIAN_POINT('',(76.25,58.5,5.0000001));
#3833 = SEAM_CURVE('',#3834,(#3838,#3845),.PCURVE_S1.);
#3834 = LINE('',#3835,#3836);
#3835 = CARTESIAN_POINT('',(76.25,47.,5.0000001));
#3836 = VECTOR('',#3837,1.);
#3837 = DIRECTION('',(-0.,1.,-0.));
#3838 = PCURVE('',#2040,#3839);
#3839 = DEFINITIONAL_REPRESENTATION('',(#3840),#3844);
#3840 = LINE('',#3841,#3842);
#3841 = CARTESIAN_POINT('',(6.28318530718,0.));
#3842 = VECTOR('',#3843,1.);
#3843 = DIRECTION('',(0.,-1.));
#3844 = ( GEOMETRIC_REPRESENTATION_CONTEXT(2) 
PARAMETRIC_REPRESENTATION_CONTEXT() REPRESENTATION_CONTEXT('2D SPACE',''
  ) );
#3845 = PCURVE('',#2040,#3846);
#3846 = DEFINITIONAL_REPRESENTATION('',(#3847),#3851);
#3847 = LINE('',#3848,#3849);
#3848 = CARTESIAN_POINT('',(0.,0.));
#3849 = VECTOR('',#3850,1.);
#3850 = DIRECTION('',(0.,-1.));
#3851 = ( GEOMETRIC_REPRESENTATION_CONTEXT(2) 
PARAMETRIC_REPRESENTATION_CONTEXT() REPRESENTATION_CONTEXT('2D SPACE',''
  ) );
#3852 = ORIENTED_EDGE('',*,*,#3853,.T.);
#3853 = EDGE_CURVE('',#3831,#3831,#3854,.T.);
#3854 = SURFACE_CURVE('',#3855,(#3860,#3867),.PCURVE_S1.);
#3855 = CIRCLE('',#3856,1.25);
#3856 = AXIS2_PLACEMENT_3D('',#3857,#3858,#3859);
#3857 = CARTESIAN_POINT('',(75.,58.5,5.0000001));
#3858 = DIRECTION('',(0.,-1.,0.));
#3859 = DIRECTION('',(1.,0.,0.));
#3860 = PCURVE('',#2040,#3861);
#3861 = DEFINITIONAL_REPRESENTATION('',(#3862),#3866);
#3862 = LINE('',#3863,#3864);
#3863 = CARTESIAN_POINT('',(0.,-11.5));
#3864 = VECTOR('',#3865,1.);
#3865 = DIRECTION('',(1.,0.));
#3866 = ( GEOMETRIC_REPRESENTATION_CONTEXT(2) 
PARAMETRIC_REPRESENTATION_CONTEXT() REPRESENTATION_CONTEXT('2D SPACE',''
  ) );
#3867 = PCURVE('',#3868,#3873);
#3868 = PLANE('',#3869);
#3869 = AXIS2_PLACEMENT_3D('',#3870,#3871,#3872);
#3870 = CARTESIAN_POINT('',(75.,58.5,5.0000001));
#3871 = DIRECTION('',(-0.,-1.,-0.));
#3872 = DIRECTION('',(0.,0.,-1.));
#3873 = DEFINITIONAL_REPRESENTATION('',(#3874),#3878);
#3874 = CIRCLE('',#3875,1.25);
#3875 = AXIS2_PLACEMENT_2D('',#3876,#3877);
#3876 = CARTESIAN_POINT('',(0.,0.));
#3877 = DIRECTION('',(0.,1.));
#3878 = ( GEOMETRIC_REPRESENTATION_CONTEXT(2) 
PARAMETRIC_REPRESENTATION_CONTEXT() REPRESENTATION_CONTEXT('2D SPACE',''
  ) );
#3879 = ORIENTED_EDGE('',*,*,#3830,.F.);
#3880 = ADVANCED_FACE('',(#3881),#2211,.F.);
#3881 = FACE_BOUND('',#3882,.F.);
#3882 = EDGE_LOOP('',(#3883,#3884,#3907,#3934));
#3883 = ORIENTED_EDGE('',*,*,#2101,.F.);
#3884 = ORIENTED_EDGE('',*,*,#3885,.T.);
#3885 = EDGE_CURVE('',#2102,#3886,#3888,.T.);
#3886 = VERTEX_POINT('',#3887);
#3887 = CARTESIAN_POINT('',(26.25,58.5,5.0000001));
#3888 = SEAM_CURVE('',#3889,(#3893,#3900),.PCURVE_S1.);
#3889 = LINE('',#3890,#3891);
#3890 = CARTESIAN_POINT('',(26.25,47.,5.0000001));
#3891 = VECTOR('',#3892,1.);
#3892 = DIRECTION('',(-0.,1.,-0.));
#3893 = PCURVE('',#2211,#3894);
#3894 = DEFINITIONAL_REPRESENTATION('',(#3895),#3899);
#3895 = LINE('',#3896,#3897);
#3896 = CARTESIAN_POINT('',(6.28318530718,0.));
#3897 = VECTOR('',#3898,1.);
#3898 = DIRECTION('',(0.,-1.));
#3899 = ( GEOMETRIC_REPRESENTATION_CONTEXT(2) 
PARAMETRIC_REPRESENTATION_CONTEXT() REPRESENTATION_CONTEXT('2D SPACE',''
  ) );
#3900 = PCURVE('',#2211,#3901);
#3901 = DEFINITIONAL_REPRESENTATION('',(#3902),#3906);
#3902 = LINE('',#3903,#3904);
#3903 = CARTESIAN_POINT('',(0.,0.));
#3904 = VECTOR('',#3905,1.);
#3905 = DIRECTION('',(0.,-1.));
#3906 = ( GEOMETRIC_REPRESENTATION_CONTEXT(2) 
PARAMETRIC_REPRESENTATION_CONTEXT() REPRESENTATION_CONTEXT('2D SPACE',''
  ) );
#3907 = ORIENTED_EDGE('',*,*,#3908,.T.);
#3908 = EDGE_CURVE('',#3886,#3886,#3909,.T.);
#3909 = SURFACE_CURVE('',#3910,(#3915,#3922),.PCURVE_S1.);
#3910 = CIRCLE('',#3911,1.25);
#3911 = AXIS2_PLACEMENT_3D('',#3912,#3913,#3914);
#3912 = CARTESIAN_POINT('',(25.,58.5,5.0000001));
#3913 = DIRECTION('',(0.,-1.,0.));
#3914 = DIRECTION('',(1.,0.,0.));
#3915 = PCURVE('',#2211,#3916);
#3916 = DEFINITIONAL_REPRESENTATION('',(#3917),#3921);
#3917 = LINE('',#3918,#3919);
#3918 = CARTESIAN_POINT('',(0.,-11.5));
#3919 = VECTOR('',#3920,1.);
#3920 = DIRECTION('',(1.,0.));
#3921 = ( GEOMETRIC_REPRESENTATION_CONTEXT(2) 
PARAMETRIC_REPRESENTATION_CONTEXT() REPRESENTATION_CONTEXT('2D SPACE',''
  ) );
#3922 = PCURVE('',#3923,#3928);
#3923 = PLANE('',#3924);
#3924 = AXIS2_PLACEMENT_3D('',#3925,#3926,#3927);
#3925 = CARTESIAN_POINT('',(25.,58.5,5.0000001));
#3926 = DIRECTION('',(-0.,-1.,-0.));
#3927 = DIRECTION('',(0.,0.,-1.));
#3928 = DEFINITIONAL_REPRESENTATION('',(#3929),#3933);
#3929 = CIRCLE('',#3930,1.25);
#3930 = AXIS2_PLACEMENT_2D('',#3931,#3932);
#3931 = CARTESIAN_POINT('',(0.,-3.552713678801E-15));
#3932 = DIRECTION('',(0.,1.));
#3933 = ( GEOMETRIC_REPRESENTATION_CONTEXT(2) 
PARAMETRIC_REPRESENTATION_CONTEXT() REPRESENTATION_CONTEXT('2D SPACE',''
  ) );
#3934 = ORIENTED_EDGE('',*,*,#3885,.F.);
#3935 = ADVANCED_FACE('',(#3936),#2382,.F.);
#3936 = FACE_BOUND('',#3937,.T.);
#3937 = EDGE_LOOP('',(#3938,#3939,#3962,#3989));
#3938 = ORIENTED_EDGE('',*,*,#2272,.F.);
#3939 = ORIENTED_EDGE('',*,*,#3940,.T.);
#3940 = EDGE_CURVE('',#2273,#3941,#3943,.T.);
#3941 = VERTEX_POINT('',#3942);
#3942 = CARTESIAN_POINT('',(76.25,23.,34.0000001));
#3943 = SEAM_CURVE('',#3944,(#3948,#3955),.PCURVE_S1.);
#3944 = LINE('',#3945,#3946);
#3945 = CARTESIAN_POINT('',(76.25,23.,28.432467391003));
#3946 = VECTOR('',#3947,1.);
#3947 = DIRECTION('',(0.,0.,1.));
#3948 = PCURVE('',#2382,#3949);
#3949 = DEFINITIONAL_REPRESENTATION('',(#3950),#3954);
#3950 = LINE('',#3951,#3952);
#3951 = CARTESIAN_POINT('',(-0.,-6.432467291003));
#3952 = VECTOR('',#3953,1.);
#3953 = DIRECTION('',(-0.,-1.));
#3954 = ( GEOMETRIC_REPRESENTATION_CONTEXT(2) 
PARAMETRIC_REPRESENTATION_CONTEXT() REPRESENTATION_CONTEXT('2D SPACE',''
  ) );
#3955 = PCURVE('',#2382,#3956);
#3956 = DEFINITIONAL_REPRESENTATION('',(#3957),#3961);
#3957 = LINE('',#3958,#3959);
#3958 = CARTESIAN_POINT('',(-6.28318530718,-6.432467291003));
#3959 = VECTOR('',#3960,1.);
#3960 = DIRECTION('',(-0.,-1.));
#3961 = ( GEOMETRIC_REPRESENTATION_CONTEXT(2) 
PARAMETRIC_REPRESENTATION_CONTEXT() REPRESENTATION_CONTEXT('2D SPACE',''
  ) );
#3962 = ORIENTED_EDGE('',*,*,#3963,.T.);
#3963 = EDGE_CURVE('',#3941,#3941,#3964,.T.);
#3964 = SURFACE_CURVE('',#3965,(#3970,#3977),.PCURVE_S1.);
#3965 = CIRCLE('',#3966,1.25);
#3966 = AXIS2_PLACEMENT_3D('',#3967,#3968,#3969);
#3967 = CARTESIAN_POINT('',(75.,23.,34.0000001));
#3968 = DIRECTION('',(0.,0.,1.));
#3969 = DIRECTION('',(1.,0.,0.));
#3970 = PCURVE('',#2382,#3971);
#3971 = DEFINITIONAL_REPRESENTATION('',(#3972),#3976);
#3972 = LINE('',#3973,#3974);
#3973 = CARTESIAN_POINT('',(-0.,-12.));
#3974 = VECTOR('',#3975,1.);
#3975 = DIRECTION('',(-1.,0.));
#3976 = ( GEOMETRIC_REPRESENTATION_CONTEXT(2) 
PARAMETRIC_REPRESENTATION_CONTEXT() REPRESENTATION_CONTEXT('2D SPACE',''
  ) );
#3977 = PCURVE('',#3978,#3983);
#3978 = PLANE('',#3979);
#3979 = AXIS2_PLACEMENT_3D('',#3980,#3981,#3982);
#3980 = CARTESIAN_POINT('',(75.,23.,34.0000001));
#3981 = DIRECTION('',(0.,0.,1.));
#3982 = DIRECTION('',(1.,0.,-0.));
#3983 = DEFINITIONAL_REPRESENTATION('',(#3984),#3988);
#3984 = CIRCLE('',#3985,1.25);
#3985 = AXIS2_PLACEMENT_2D('',#3986,#3987);
#3986 = CARTESIAN_POINT('',(0.,0.));
#3987 = DIRECTION('',(1.,0.));
#3988 = ( GEOMETRIC_REPRESENTATION_CONTEXT(2) 
PARAMETRIC_REPRESENTATION_CONTEXT() REPRESENTATION_CONTEXT('2D SPACE',''
  ) );
#3989 = ORIENTED_EDGE('',*,*,#3940,.F.);
#3990 = ADVANCED_FACE('',(#3991),#2553,.F.);
#3991 = FACE_BOUND('',#3992,.T.);
#3992 = EDGE_LOOP('',(#3993,#3994,#4017,#4044));
#3993 = ORIENTED_EDGE('',*,*,#2443,.F.);
#3994 = ORIENTED_EDGE('',*,*,#3995,.T.);
#3995 = EDGE_CURVE('',#2444,#3996,#3998,.T.);
#3996 = VERTEX_POINT('',#3997);
#3997 = CARTESIAN_POINT('',(26.25,23.,34.0000001));
#3998 = SEAM_CURVE('',#3999,(#4003,#4010),.PCURVE_S1.);
#3999 = LINE('',#4000,#4001);
#4000 = CARTESIAN_POINT('',(26.25,23.,28.432467391003));
#4001 = VECTOR('',#4002,1.);
#4002 = DIRECTION('',(0.,0.,1.));
#4003 = PCURVE('',#2553,#4004);
#4004 = DEFINITIONAL_REPRESENTATION('',(#4005),#4009);
#4005 = LINE('',#4006,#4007);
#4006 = CARTESIAN_POINT('',(-0.,-6.432467291003));
#4007 = VECTOR('',#4008,1.);
#4008 = DIRECTION('',(-0.,-1.));
#4009 = ( GEOMETRIC_REPRESENTATION_CONTEXT(2) 
PARAMETRIC_REPRESENTATION_CONTEXT() REPRESENTATION_CONTEXT('2D SPACE',''
  ) );
#4010 = PCURVE('',#2553,#4011);
#4011 = DEFINITIONAL_REPRESENTATION('',(#4012),#4016);
#4012 = LINE('',#4013,#4014);
#4013 = CARTESIAN_POINT('',(-6.28318530718,-6.432467291003));
#4014 = VECTOR('',#4015,1.);
#4015 = DIRECTION('',(-0.,-1.));
#4016 = ( GEOMETRIC_REPRESENTATION_CONTEXT(2) 
PARAMETRIC_REPRESENTATION_CONTEXT() REPRESENTATION_CONTEXT('2D SPACE',''
  ) );
#4017 = ORIENTED_EDGE('',*,*,#4018,.T.);
#4018 = EDGE_CURVE('',#3996,#3996,#4019,.T.);
#4019 = SURFACE_CURVE('',#4020,(#4025,#4032),.PCURVE_S1.);
#4020 = CIRCLE('',#4021,1.25);
#4021 = AXIS2_PLACEMENT_3D('',#4022,#4023,#4024);
#4022 = CARTESIAN_POINT('',(25.,23.,34.0000001));
#4023 = DIRECTION('',(0.,0.,1.));
#4024 = DIRECTION('',(1.,0.,0.));
#4025 = PCURVE('',#2553,#4026);
#4026 = DEFINITIONAL_REPRESENTATION('',(#4027),#4031);
#4027 = LINE('',#4028,#4029);
#4028 = CARTESIAN_POINT('',(-0.,-12.));
#4029 = VECTOR('',#4030,1.);
#4030 = DIRECTION('',(-1.,0.));
#4031 = ( GEOMETRIC_REPRESENTATION_CONTEXT(2) 
PARAMETRIC_REPRESENTATION_CONTEXT() REPRESENTATION_CONTEXT('2D SPACE',''
  ) );
#4032 = PCURVE('',#4033,#4038);
#4033 = PLANE('',#4034);
#4034 = AXIS2_PLACEMENT_3D('',#4035,#4036,#4037);
#4035 = CARTESIAN_POINT('',(25.,23.,34.0000001));
#4036 = DIRECTION('',(0.,0.,1.));
#4037 = DIRECTION('',(1.,0.,-0.));
#4038 = DEFINITIONAL_REPRESENTATION('',(#4039),#4043);
#4039 = CIRCLE('',#4040,1.25);
#4040 = AXIS2_PLACEMENT_2D('',#4041,#4042);
#4041 = CARTESIAN_POINT('',(3.552713678801E-15,0.));
#4042 = DIRECTION('',(1.,0.));
#4043 = ( GEOMETRIC_REPRESENTATION_CONTEXT(2) 
PARAMETRIC_REPRESENTATION_CONTEXT() REPRESENTATION_CONTEXT('2D SPACE',''
  ) );
#4044 = ORIENTED_EDGE('',*,*,#3995,.F.);
#4045 = ADVANCED_FACE('',(#4046),#2797,.F.);
#4046 = FACE_BOUND('',#4047,.T.);
#4047 = EDGE_LOOP('',(#4048,#4049,#4072,#4103));
#4048 = ORIENTED_EDGE('',*,*,#2776,.T.);
#4049 = ORIENTED_EDGE('',*,*,#4050,.T.);
#4050 = EDGE_CURVE('',#2777,#4051,#4053,.T.);
#4051 = VERTEX_POINT('',#4052);
#4052 = CARTESIAN_POINT('',(91.7,13.,35.0000001));
#4053 = SEAM_CURVE('',#4054,(#4058,#4065),.PCURVE_S1.);
#4054 = LINE('',#4055,#4056);
#4055 = CARTESIAN_POINT('',(91.7,13.,-2.9999999));
#4056 = VECTOR('',#4057,1.);
#4057 = DIRECTION('',(0.,0.,1.));
#4058 = PCURVE('',#2797,#4059);
#4059 = DEFINITIONAL_REPRESENTATION('',(#4060),#4064);
#4060 = LINE('',#4061,#4062);
#4061 = CARTESIAN_POINT('',(-6.28318530718,0.));
#4062 = VECTOR('',#4063,1.);
#4063 = DIRECTION('',(-0.,-1.));
#4064 = ( GEOMETRIC_REPRESENTATION_CONTEXT(2) 
PARAMETRIC_REPRESENTATION_CONTEXT() REPRESENTATION_CONTEXT('2D SPACE',''
  ) );
#4065 = PCURVE('',#2797,#4066);
#4066 = DEFINITIONAL_REPRESENTATION('',(#4067),#4071);
#4067 = LINE('',#4068,#4069);
#4068 = CARTESIAN_POINT('',(-0.,0.));
#4069 = VECTOR('',#4070,1.);
#4070 = DIRECTION('',(-0.,-1.));
#4071 = ( GEOMETRIC_REPRESENTATION_CONTEXT(2) 
PARAMETRIC_REPRESENTATION_CONTEXT() REPRESENTATION_CONTEXT('2D SPACE',''
  ) );
#4072 = ORIENTED_EDGE('',*,*,#4073,.F.);
#4073 = EDGE_CURVE('',#4051,#4051,#4074,.T.);
#4074 = SURFACE_CURVE('',#4075,(#4080,#4087),.PCURVE_S1.);
#4075 = CIRCLE('',#4076,1.7);
#4076 = AXIS2_PLACEMENT_3D('',#4077,#4078,#4079);
#4077 = CARTESIAN_POINT('',(90.,13.,35.0000001));
#4078 = DIRECTION('',(0.,0.,-1.));
#4079 = DIRECTION('',(1.,0.,0.));
#4080 = PCURVE('',#2797,#4081);
#4081 = DEFINITIONAL_REPRESENTATION('',(#4082),#4086);
#4082 = LINE('',#4083,#4084);
#4083 = CARTESIAN_POINT('',(-6.28318530718,-38.));
#4084 = VECTOR('',#4085,1.);
#4085 = DIRECTION('',(1.,-0.));
#4086 = ( GEOMETRIC_REPRESENTATION_CONTEXT(2) 
PARAMETRIC_REPRESENTATION_CONTEXT() REPRESENTATION_CONTEXT('2D SPACE',''
  ) );
#4087 = PCURVE('',#4088,#4093);
#4088 = PLANE('',#4089);
#4089 = AXIS2_PLACEMENT_3D('',#4090,#4091,#4092);
#4090 = CARTESIAN_POINT('',(0.,0.,35.0000001));
#4091 = DIRECTION('',(0.,0.,1.));
#4092 = DIRECTION('',(1.,0.,0.));
#4093 = DEFINITIONAL_REPRESENTATION('',(#4094),#4102);
#4094 = ( BOUNDED_CURVE() B_SPLINE_CURVE(2,(#4095,#4096,#4097,#4098,
#4099,#4100,#4101),.UNSPECIFIED.,.T.,.F.) B_SPLINE_CURVE_WITH_KNOTS((1,2
    ,2,2,2,1),(-2.094395102393,0.,2.094395102393,4.188790204786,
6.28318530718,8.377580409573),.UNSPECIFIED.) CURVE() 
GEOMETRIC_REPRESENTATION_ITEM() RATIONAL_B_SPLINE_CURVE((1.,0.5,1.,0.5,
1.,0.5,1.)) REPRESENTATION_ITEM('') );
#4095 = CARTESIAN_POINT('',(91.7,13.));
#4096 = CARTESIAN_POINT('',(91.7,10.055513627133));
#4097 = CARTESIAN_POINT('',(89.15,11.527756813566));
#4098 = CARTESIAN_POINT('',(86.6,13.));
#4099 = CARTESIAN_POINT('',(89.15,14.472243186434));
#4100 = CARTESIAN_POINT('',(91.7,15.944486372867));
#4101 = CARTESIAN_POINT('',(91.7,13.));
#4102 = ( GEOMETRIC_REPRESENTATION_CONTEXT(2) 
PARAMETRIC_REPRESENTATION_CONTEXT() REPRESENTATION_CONTEXT('2D SPACE',''
  ) );
#4103 = ORIENTED_EDGE('',*,*,#4050,.F.);
#4104 = ADVANCED_FACE('',(#4105),#2866,.F.);
#4105 = FACE_BOUND('',#4106,.T.);
#4106 = EDGE_LOOP('',(#4107,#4136,#4157,#4158));
#4107 = ORIENTED_EDGE('',*,*,#4108,.F.);
#4108 = EDGE_CURVE('',#4109,#4109,#4111,.T.);
#4109 = VERTEX_POINT('',#4110);
#4110 = CARTESIAN_POINT('',(7.25,29.,59.0000001));
#4111 = SURFACE_CURVE('',#4112,(#4117,#4124),.PCURVE_S1.);
#4112 = CIRCLE('',#4113,1.25);
#4113 = AXIS2_PLACEMENT_3D('',#4114,#4115,#4116);
#4114 = CARTESIAN_POINT('',(6.,29.,59.0000001));
#4115 = DIRECTION('',(0.,0.,1.));
#4116 = DIRECTION('',(1.,0.,0.));
#4117 = PCURVE('',#2866,#4118);
#4118 = DEFINITIONAL_REPRESENTATION('',(#4119),#4123);
#4119 = LINE('',#4120,#4121);
#4120 = CARTESIAN_POINT('',(-0.,0.));
#4121 = VECTOR('',#4122,1.);
#4122 = DIRECTION('',(-1.,0.));
#4123 = ( GEOMETRIC_REPRESENTATION_CONTEXT(2) 
PARAMETRIC_REPRESENTATION_CONTEXT() REPRESENTATION_CONTEXT('2D SPACE',''
  ) );
#4124 = PCURVE('',#4125,#4130);
#4125 = PLANE('',#4126);
#4126 = AXIS2_PLACEMENT_3D('',#4127,#4128,#4129);
#4127 = CARTESIAN_POINT('',(6.,29.,59.0000001));
#4128 = DIRECTION('',(0.,0.,1.));
#4129 = DIRECTION('',(1.,0.,-0.));
#4130 = DEFINITIONAL_REPRESENTATION('',(#4131),#4135);
#4131 = CIRCLE('',#4132,1.25);
#4132 = AXIS2_PLACEMENT_2D('',#4133,#4134);
#4133 = CARTESIAN_POINT('',(1.7763568394E-15,0.));
#4134 = DIRECTION('',(1.,0.));
#4135 = ( GEOMETRIC_REPRESENTATION_CONTEXT(2) 
PARAMETRIC_REPRESENTATION_CONTEXT() REPRESENTATION_CONTEXT('2D SPACE',''
  ) );
#4136 = ORIENTED_EDGE('',*,*,#4137,.T.);
#4137 = EDGE_CURVE('',#4109,#2846,#4138,.T.);
#4138 = SEAM_CURVE('',#4139,(#4143,#4150),.PCURVE_S1.);
#4139 = LINE('',#4140,#4141);
#4140 = CARTESIAN_POINT('',(7.25,29.,59.0000001));
#4141 = VECTOR('',#4142,1.);
#4142 = DIRECTION('',(0.,0.,1.));
#4143 = PCURVE('',#2866,#4144);
#4144 = DEFINITIONAL_REPRESENTATION('',(#4145),#4149);
#4145 = LINE('',#4146,#4147);
#4146 = CARTESIAN_POINT('',(-6.28318530718,0.));
#4147 = VECTOR('',#4148,1.);
#4148 = DIRECTION('',(-0.,-1.));
#4149 = ( GEOMETRIC_REPRESENTATION_CONTEXT(2) 
PARAMETRIC_REPRESENTATION_CONTEXT() REPRESENTATION_CONTEXT('2D SPACE',''
  ) );
#4150 = PCURVE('',#2866,#4151);
#4151 = DEFINITIONAL_REPRESENTATION('',(#4152),#4156);
#4152 = LINE('',#4153,#4154);
#4153 = CARTESIAN_POINT('',(-0.,0.));
#4154 = VECTOR('',#4155,1.);
#4155 = DIRECTION('',(-0.,-1.));
#4156 = ( GEOMETRIC_REPRESENTATION_CONTEXT(2) 
PARAMETRIC_REPRESENTATION_CONTEXT() REPRESENTATION_CONTEXT('2D SPACE',''
  ) );
#4157 = ORIENTED_EDGE('',*,*,#2845,.F.);
#4158 = ORIENTED_EDGE('',*,*,#4137,.F.);
#4159 = ADVANCED_FACE('',(#4160),#2901,.F.);
#4160 = FACE_BOUND('',#4161,.T.);
#4161 = EDGE_LOOP('',(#4162,#4191,#4212,#4213));
#4162 = ORIENTED_EDGE('',*,*,#4163,.F.);
#4163 = EDGE_CURVE('',#4164,#4164,#4166,.T.);
#4164 = VERTEX_POINT('',#4165);
#4165 = CARTESIAN_POINT('',(165.25,9.,59.0000001));
#4166 = SURFACE_CURVE('',#4167,(#4172,#4179),.PCURVE_S1.);
#4167 = CIRCLE('',#4168,1.25);
#4168 = AXIS2_PLACEMENT_3D('',#4169,#4170,#4171);
#4169 = CARTESIAN_POINT('',(164.,9.,59.0000001));
#4170 = DIRECTION('',(0.,0.,1.));
#4171 = DIRECTION('',(1.,0.,0.));
#4172 = PCURVE('',#2901,#4173);
#4173 = DEFINITIONAL_REPRESENTATION('',(#4174),#4178);
#4174 = LINE('',#4175,#4176);
#4175 = CARTESIAN_POINT('',(-0.,0.));
#4176 = VECTOR('',#4177,1.);
#4177 = DIRECTION('',(-1.,0.));
#4178 = ( GEOMETRIC_REPRESENTATION_CONTEXT(2) 
PARAMETRIC_REPRESENTATION_CONTEXT() REPRESENTATION_CONTEXT('2D SPACE',''
  ) );
#4179 = PCURVE('',#4180,#4185);
#4180 = PLANE('',#4181);
#4181 = AXIS2_PLACEMENT_3D('',#4182,#4183,#4184);
#4182 = CARTESIAN_POINT('',(164.,9.,59.0000001));
#4183 = DIRECTION('',(0.,0.,1.));
#4184 = DIRECTION('',(1.,0.,-0.));
#4185 = DEFINITIONAL_REPRESENTATION('',(#4186),#4190);
#4186 = CIRCLE('',#4187,1.25);
#4187 = AXIS2_PLACEMENT_2D('',#4188,#4189);
#4188 = CARTESIAN_POINT('',(2.84217094304E-14,0.));
#4189 = DIRECTION('',(1.,0.));
#4190 = ( GEOMETRIC_REPRESENTATION_CONTEXT(2) 
PARAMETRIC_REPRESENTATION_CONTEXT() REPRESENTATION_CONTEXT('2D SPACE',''
  ) );
#4191 = ORIENTED_EDGE('',*,*,#4192,.T.);
#4192 = EDGE_CURVE('',#4164,#2881,#4193,.T.);
#4193 = SEAM_CURVE('',#4194,(#4198,#4205),.PCURVE_S1.);
#4194 = LINE('',#4195,#4196);
#4195 = CARTESIAN_POINT('',(165.25,9.,59.0000001));
#4196 = VECTOR('',#4197,1.);
#4197 = DIRECTION('',(0.,0.,1.));
#4198 = PCURVE('',#2901,#4199);
#4199 = DEFINITIONAL_REPRESENTATION('',(#4200),#4204);
#4200 = LINE('',#4201,#4202);
#4201 = CARTESIAN_POINT('',(-6.28318530718,0.));
#4202 = VECTOR('',#4203,1.);
#4203 = DIRECTION('',(-0.,-1.));
#4204 = ( GEOMETRIC_REPRESENTATION_CONTEXT(2) 
PARAMETRIC_REPRESENTATION_CONTEXT() REPRESENTATION_CONTEXT('2D SPACE',''
  ) );
#4205 = PCURVE('',#2901,#4206);
#4206 = DEFINITIONAL_REPRESENTATION('',(#4207),#4211);
#4207 = LINE('',#4208,#4209);
#4208 = CARTESIAN_POINT('',(-0.,0.));
#4209 = VECTOR('',#4210,1.);
#4210 = DIRECTION('',(-0.,-1.));
#4211 = ( GEOMETRIC_REPRESENTATION_CONTEXT(2) 
PARAMETRIC_REPRESENTATION_CONTEXT() REPRESENTATION_CONTEXT('2D SPACE',''
  ) );
#4212 = ORIENTED_EDGE('',*,*,#2880,.F.);
#4213 = ORIENTED_EDGE('',*,*,#4192,.F.);
#4214 = ADVANCED_FACE('',(#4215),#2936,.F.);
#4215 = FACE_BOUND('',#4216,.T.);
#4216 = EDGE_LOOP('',(#4217,#4246,#4267,#4268));
#4217 = ORIENTED_EDGE('',*,*,#4218,.F.);
#4218 = EDGE_CURVE('',#4219,#4219,#4221,.T.);
#4219 = VERTEX_POINT('',#4220);
#4220 = CARTESIAN_POINT('',(7.25,105.,59.0000001));
#4221 = SURFACE_CURVE('',#4222,(#4227,#4234),.PCURVE_S1.);
#4222 = CIRCLE('',#4223,1.25);
#4223 = AXIS2_PLACEMENT_3D('',#4224,#4225,#4226);
#4224 = CARTESIAN_POINT('',(6.,105.,59.0000001));
#4225 = DIRECTION('',(0.,0.,1.));
#4226 = DIRECTION('',(1.,0.,0.));
#4227 = PCURVE('',#2936,#4228);
#4228 = DEFINITIONAL_REPRESENTATION('',(#4229),#4233);
#4229 = LINE('',#4230,#4231);
#4230 = CARTESIAN_POINT('',(-0.,0.));
#4231 = VECTOR('',#4232,1.);
#4232 = DIRECTION('',(-1.,0.));
#4233 = ( GEOMETRIC_REPRESENTATION_CONTEXT(2) 
PARAMETRIC_REPRESENTATION_CONTEXT() REPRESENTATION_CONTEXT('2D SPACE',''
  ) );
#4234 = PCURVE('',#4235,#4240);
#4235 = PLANE('',#4236);
#4236 = AXIS2_PLACEMENT_3D('',#4237,#4238,#4239);
#4237 = CARTESIAN_POINT('',(6.,105.,59.0000001));
#4238 = DIRECTION('',(0.,0.,1.));
#4239 = DIRECTION('',(1.,0.,-0.));
#4240 = DEFINITIONAL_REPRESENTATION('',(#4241),#4245);
#4241 = CIRCLE('',#4242,1.25);
#4242 = AXIS2_PLACEMENT_2D('',#4243,#4244);
#4243 = CARTESIAN_POINT('',(0.,-1.42108547152E-14));
#4244 = DIRECTION('',(1.,0.));
#4245 = ( GEOMETRIC_REPRESENTATION_CONTEXT(2) 
PARAMETRIC_REPRESENTATION_CONTEXT() REPRESENTATION_CONTEXT('2D SPACE',''
  ) );
#4246 = ORIENTED_EDGE('',*,*,#4247,.T.);
#4247 = EDGE_CURVE('',#4219,#2916,#4248,.T.);
#4248 = SEAM_CURVE('',#4249,(#4253,#4260),.PCURVE_S1.);
#4249 = LINE('',#4250,#4251);
#4250 = CARTESIAN_POINT('',(7.25,105.,59.0000001));
#4251 = VECTOR('',#4252,1.);
#4252 = DIRECTION('',(0.,0.,1.));
#4253 = PCURVE('',#2936,#4254);
#4254 = DEFINITIONAL_REPRESENTATION('',(#4255),#4259);
#4255 = LINE('',#4256,#4257);
#4256 = CARTESIAN_POINT('',(-6.28318530718,0.));
#4257 = VECTOR('',#4258,1.);
#4258 = DIRECTION('',(-0.,-1.));
#4259 = ( GEOMETRIC_REPRESENTATION_CONTEXT(2) 
PARAMETRIC_REPRESENTATION_CONTEXT() REPRESENTATION_CONTEXT('2D SPACE',''
  ) );
#4260 = PCURVE('',#2936,#4261);
#4261 = DEFINITIONAL_REPRESENTATION('',(#4262),#4266);
#4262 = LINE('',#4263,#4264);
#4263 = CARTESIAN_POINT('',(-0.,0.));
#4264 = VECTOR('',#4265,1.);
#4265 = DIRECTION('',(-0.,-1.));
#4266 = ( GEOMETRIC_REPRESENTATION_CONTEXT(2) 
PARAMETRIC_REPRESENTATION_CONTEXT() REPRESENTATION_CONTEXT('2D SPACE',''
  ) );
#4267 = ORIENTED_EDGE('',*,*,#2915,.F.);
#4268 = ORIENTED_EDGE('',*,*,#4247,.F.);
#4269 = ADVANCED_FACE('',(#4270),#2968,.F.);
#4270 = FACE_BOUND('',#4271,.F.);
#4271 = EDGE_LOOP('',(#4272,#4295,#4323,#4344));
#4272 = ORIENTED_EDGE('',*,*,#4273,.T.);
#4273 = EDGE_CURVE('',#2951,#4274,#4276,.T.);
#4274 = VERTEX_POINT('',#4275);
#4275 = CARTESIAN_POINT('',(3.354248688935,108.,35.0000001));
#4276 = SURFACE_CURVE('',#4277,(#4281,#4288),.PCURVE_S1.);
#4277 = LINE('',#4278,#4279);
#4278 = CARTESIAN_POINT('',(3.354248688935,108.,35.0000001));
#4279 = VECTOR('',#4280,1.);
#4280 = DIRECTION('',(-0.,-0.,-1.));
#4281 = PCURVE('',#2968,#4282);
#4282 = DEFINITIONAL_REPRESENTATION('',(#4283),#4287);
#4283 = LINE('',#4284,#4285);
#4284 = CARTESIAN_POINT('',(1.E-01,0.354248688935));
#4285 = VECTOR('',#4286,1.);
#4286 = DIRECTION('',(-1.,0.));
#4287 = ( GEOMETRIC_REPRESENTATION_CONTEXT(2) 
PARAMETRIC_REPRESENTATION_CONTEXT() REPRESENTATION_CONTEXT('2D SPACE',''
  ) );
#4288 = PCURVE('',#2997,#4289);
#4289 = DEFINITIONAL_REPRESENTATION('',(#4290),#4294);
#4290 = LINE('',#4291,#4292);
#4291 = CARTESIAN_POINT('',(-2.293530574608,0.));
#4292 = VECTOR('',#4293,1.);
#4293 = DIRECTION('',(-0.,1.));
#4294 = ( GEOMETRIC_REPRESENTATION_CONTEXT(2) 
PARAMETRIC_REPRESENTATION_CONTEXT() REPRESENTATION_CONTEXT('2D SPACE',''
  ) );
#4295 = ORIENTED_EDGE('',*,*,#4296,.T.);
#4296 = EDGE_CURVE('',#4274,#4297,#4299,.T.);
#4297 = VERTEX_POINT('',#4298);
#4298 = CARTESIAN_POINT('',(3.,108.,35.0000001));
#4299 = SURFACE_CURVE('',#4300,(#4304,#4311),.PCURVE_S1.);
#4300 = LINE('',#4301,#4302);
#4301 = CARTESIAN_POINT('',(1.5,108.,35.0000001));
#4302 = VECTOR('',#4303,1.);
#4303 = DIRECTION('',(-1.,0.,0.));
#4304 = PCURVE('',#2968,#4305);
#4305 = DEFINITIONAL_REPRESENTATION('',(#4306),#4310);
#4306 = LINE('',#4307,#4308);
#4307 = CARTESIAN_POINT('',(1.E-01,-1.5));
#4308 = VECTOR('',#4309,1.);
#4309 = DIRECTION('',(0.,-1.));
#4310 = ( GEOMETRIC_REPRESENTATION_CONTEXT(2) 
PARAMETRIC_REPRESENTATION_CONTEXT() REPRESENTATION_CONTEXT('2D SPACE',''
  ) );
#4311 = PCURVE('',#4312,#4317);
#4312 = PLANE('',#4313);
#4313 = AXIS2_PLACEMENT_3D('',#4314,#4315,#4316);
#4314 = CARTESIAN_POINT('',(0.,0.,35.0000001));
#4315 = DIRECTION('',(0.,0.,1.));
#4316 = DIRECTION('',(1.,0.,0.));
#4317 = DEFINITIONAL_REPRESENTATION('',(#4318),#4322);
#4318 = LINE('',#4319,#4320);
#4319 = CARTESIAN_POINT('',(1.5,108.));
#4320 = VECTOR('',#4321,1.);
#4321 = DIRECTION('',(-1.,0.));
#4322 = ( GEOMETRIC_REPRESENTATION_CONTEXT(2) 
PARAMETRIC_REPRESENTATION_CONTEXT() REPRESENTATION_CONTEXT('2D SPACE',''
  ) );
#4323 = ORIENTED_EDGE('',*,*,#4324,.T.);
#4324 = EDGE_CURVE('',#4297,#2953,#4325,.T.);
#4325 = SURFACE_CURVE('',#4326,(#4330,#4337),.PCURVE_S1.);
#4326 = LINE('',#4327,#4328);
#4327 = CARTESIAN_POINT('',(3.,108.,34.9000001));
#4328 = VECTOR('',#4329,1.);
#4329 = DIRECTION('',(0.,0.,1.));
#4330 = PCURVE('',#2968,#4331);
#4331 = DEFINITIONAL_REPRESENTATION('',(#4332),#4336);
#4332 = LINE('',#4333,#4334);
#4333 = CARTESIAN_POINT('',(0.,0.));
#4334 = VECTOR('',#4335,1.);
#4335 = DIRECTION('',(1.,0.));
#4336 = ( GEOMETRIC_REPRESENTATION_CONTEXT(2) 
PARAMETRIC_REPRESENTATION_CONTEXT() REPRESENTATION_CONTEXT('2D SPACE',''
  ) );
#4337 = PCURVE('',#3023,#4338);
#4338 = DEFINITIONAL_REPRESENTATION('',(#4339),#4343);
#4339 = LINE('',#4340,#4341);
#4340 = CARTESIAN_POINT('',(0.,-105.));
#4341 = VECTOR('',#4342,1.);
#4342 = DIRECTION('',(1.,0.));
#4343 = ( GEOMETRIC_REPRESENTATION_CONTEXT(2) 
PARAMETRIC_REPRESENTATION_CONTEXT() REPRESENTATION_CONTEXT('2D SPACE',''
  ) );
#4344 = ORIENTED_EDGE('',*,*,#2950,.F.);
#4345 = ADVANCED_FACE('',(#4346),#2997,.T.);
#4346 = FACE_BOUND('',#4347,.F.);
#4347 = EDGE_LOOP('',(#4348,#4372,#4373,#4374));
#4348 = ORIENTED_EDGE('',*,*,#4349,.F.);
#4349 = EDGE_CURVE('',#4274,#4350,#4352,.T.);
#4350 = VERTEX_POINT('',#4351);
#4351 = CARTESIAN_POINT('',(3.,107.64575131106,35.0000001));
#4352 = SURFACE_CURVE('',#4353,(#4358,#4365),.PCURVE_S1.);
#4353 = CIRCLE('',#4354,4.);
#4354 = AXIS2_PLACEMENT_3D('',#4355,#4356,#4357);
#4355 = CARTESIAN_POINT('',(6.,105.,35.0000001));
#4356 = DIRECTION('',(0.,0.,1.));
#4357 = DIRECTION('',(1.,0.,0.));
#4358 = PCURVE('',#2997,#4359);
#4359 = DEFINITIONAL_REPRESENTATION('',(#4360),#4364);
#4360 = LINE('',#4361,#4362);
#4361 = CARTESIAN_POINT('',(-0.,0.));
#4362 = VECTOR('',#4363,1.);
#4363 = DIRECTION('',(-1.,0.));
#4364 = ( GEOMETRIC_REPRESENTATION_CONTEXT(2) 
PARAMETRIC_REPRESENTATION_CONTEXT() REPRESENTATION_CONTEXT('2D SPACE',''
  ) );
#4365 = PCURVE('',#4312,#4366);
#4366 = DEFINITIONAL_REPRESENTATION('',(#4367),#4371);
#4367 = CIRCLE('',#4368,4.);
#4368 = AXIS2_PLACEMENT_2D('',#4369,#4370);
#4369 = CARTESIAN_POINT('',(6.,105.));
#4370 = DIRECTION('',(1.,0.));
#4371 = ( GEOMETRIC_REPRESENTATION_CONTEXT(2) 
PARAMETRIC_REPRESENTATION_CONTEXT() REPRESENTATION_CONTEXT('2D SPACE',''
  ) );
#4372 = ORIENTED_EDGE('',*,*,#4273,.F.);
#4373 = ORIENTED_EDGE('',*,*,#2980,.T.);
#4374 = ORIENTED_EDGE('',*,*,#4375,.T.);
#4375 = EDGE_CURVE('',#2981,#4350,#4376,.T.);
#4376 = SURFACE_CURVE('',#4377,(#4381,#4388),.PCURVE_S1.);
#4377 = LINE('',#4378,#4379);
#4378 = CARTESIAN_POINT('',(3.,107.64575131106,35.0000001));
#4379 = VECTOR('',#4380,1.);
#4380 = DIRECTION('',(-0.,-0.,-1.));
#4381 = PCURVE('',#2997,#4382);
#4382 = DEFINITIONAL_REPRESENTATION('',(#4383),#4387);
#4383 = LINE('',#4384,#4385);
#4384 = CARTESIAN_POINT('',(-2.418858405776,0.));
#4385 = VECTOR('',#4386,1.);
#4386 = DIRECTION('',(-0.,1.));
#4387 = ( GEOMETRIC_REPRESENTATION_CONTEXT(2) 
PARAMETRIC_REPRESENTATION_CONTEXT() REPRESENTATION_CONTEXT('2D SPACE',''
  ) );
#4388 = PCURVE('',#3023,#4389);
#4389 = DEFINITIONAL_REPRESENTATION('',(#4390),#4394);
#4390 = LINE('',#4391,#4392);
#4391 = CARTESIAN_POINT('',(1.E-01,-104.645751311));
#4392 = VECTOR('',#4393,1.);
#4393 = DIRECTION('',(-1.,0.));
#4394 = ( GEOMETRIC_REPRESENTATION_CONTEXT(2) 
PARAMETRIC_REPRESENTATION_CONTEXT() REPRESENTATION_CONTEXT('2D SPACE',''
  ) );
#4395 = ADVANCED_FACE('',(#4396),#3023,.T.);
#4396 = FACE_BOUND('',#4397,.T.);
#4397 = EDGE_LOOP('',(#4398,#4399,#4400,#4421));
#4398 = ORIENTED_EDGE('',*,*,#3009,.F.);
#4399 = ORIENTED_EDGE('',*,*,#4375,.T.);
#4400 = ORIENTED_EDGE('',*,*,#4401,.T.);
#4401 = EDGE_CURVE('',#4350,#4297,#4402,.T.);
#4402 = SURFACE_CURVE('',#4403,(#4407,#4414),.PCURVE_S1.);
#4403 = LINE('',#4404,#4405);
#4404 = CARTESIAN_POINT('',(3.,1.5,35.0000001));
#4405 = VECTOR('',#4406,1.);
#4406 = DIRECTION('',(0.,1.,0.));
#4407 = PCURVE('',#3023,#4408);
#4408 = DEFINITIONAL_REPRESENTATION('',(#4409),#4413);
#4409 = LINE('',#4410,#4411);
#4410 = CARTESIAN_POINT('',(1.E-01,1.5));
#4411 = VECTOR('',#4412,1.);
#4412 = DIRECTION('',(0.,-1.));
#4413 = ( GEOMETRIC_REPRESENTATION_CONTEXT(2) 
PARAMETRIC_REPRESENTATION_CONTEXT() REPRESENTATION_CONTEXT('2D SPACE',''
  ) );
#4414 = PCURVE('',#4312,#4415);
#4415 = DEFINITIONAL_REPRESENTATION('',(#4416),#4420);
#4416 = LINE('',#4417,#4418);
#4417 = CARTESIAN_POINT('',(3.,1.5));
#4418 = VECTOR('',#4419,1.);
#4419 = DIRECTION('',(0.,1.));
#4420 = ( GEOMETRIC_REPRESENTATION_CONTEXT(2) 
PARAMETRIC_REPRESENTATION_CONTEXT() REPRESENTATION_CONTEXT('2D SPACE',''
  ) );
#4421 = ORIENTED_EDGE('',*,*,#4324,.T.);
#4422 = ADVANCED_FACE('',(#4423),#3055,.F.);
#4423 = FACE_BOUND('',#4424,.F.);
#4424 = EDGE_LOOP('',(#4425,#4448,#4471,#4492));
#4425 = ORIENTED_EDGE('',*,*,#4426,.F.);
#4426 = EDGE_CURVE('',#4427,#3038,#4429,.T.);
#4427 = VERTEX_POINT('',#4428);
#4428 = CARTESIAN_POINT('',(167.,3.,35.0000001));
#4429 = SURFACE_CURVE('',#4430,(#4434,#4441),.PCURVE_S1.);
#4430 = LINE('',#4431,#4432);
#4431 = CARTESIAN_POINT('',(167.,3.,34.9000001));
#4432 = VECTOR('',#4433,1.);
#4433 = DIRECTION('',(0.,0.,1.));
#4434 = PCURVE('',#3055,#4435);
#4435 = DEFINITIONAL_REPRESENTATION('',(#4436),#4440);
#4436 = LINE('',#4437,#4438);
#4437 = CARTESIAN_POINT('',(0.,0.));
#4438 = VECTOR('',#4439,1.);
#4439 = DIRECTION('',(1.,0.));
#4440 = ( GEOMETRIC_REPRESENTATION_CONTEXT(2) 
PARAMETRIC_REPRESENTATION_CONTEXT() REPRESENTATION_CONTEXT('2D SPACE',''
  ) );
#4441 = PCURVE('',#3083,#4442);
#4442 = DEFINITIONAL_REPRESENTATION('',(#4443),#4447);
#4443 = LINE('',#4444,#4445);
#4444 = CARTESIAN_POINT('',(0.,164.));
#4445 = VECTOR('',#4446,1.);
#4446 = DIRECTION('',(1.,0.));
#4447 = ( GEOMETRIC_REPRESENTATION_CONTEXT(2) 
PARAMETRIC_REPRESENTATION_CONTEXT() REPRESENTATION_CONTEXT('2D SPACE',''
  ) );
#4448 = ORIENTED_EDGE('',*,*,#4449,.T.);
#4449 = EDGE_CURVE('',#4427,#4450,#4452,.T.);
#4450 = VERTEX_POINT('',#4451);
#4451 = CARTESIAN_POINT('',(167.,6.354248688936,35.0000001));
#4452 = SURFACE_CURVE('',#4453,(#4457,#4464),.PCURVE_S1.);
#4453 = LINE('',#4454,#4455);
#4454 = CARTESIAN_POINT('',(167.,1.5,35.0000001));
#4455 = VECTOR('',#4456,1.);
#4456 = DIRECTION('',(0.,1.,0.));
#4457 = PCURVE('',#3055,#4458);
#4458 = DEFINITIONAL_REPRESENTATION('',(#4459),#4463);
#4459 = LINE('',#4460,#4461);
#4460 = CARTESIAN_POINT('',(1.E-01,1.5));
#4461 = VECTOR('',#4462,1.);
#4462 = DIRECTION('',(0.,-1.));
#4463 = ( GEOMETRIC_REPRESENTATION_CONTEXT(2) 
PARAMETRIC_REPRESENTATION_CONTEXT() REPRESENTATION_CONTEXT('2D SPACE',''
  ) );
#4464 = PCURVE('',#3530,#4465);
#4465 = DEFINITIONAL_REPRESENTATION('',(#4466),#4470);
#4466 = LINE('',#4467,#4468);
#4467 = CARTESIAN_POINT('',(167.,1.5));
#4468 = VECTOR('',#4469,1.);
#4469 = DIRECTION('',(0.,1.));
#4470 = ( GEOMETRIC_REPRESENTATION_CONTEXT(2) 
PARAMETRIC_REPRESENTATION_CONTEXT() REPRESENTATION_CONTEXT('2D SPACE',''
  ) );
#4471 = ORIENTED_EDGE('',*,*,#4472,.F.);
#4472 = EDGE_CURVE('',#3040,#4450,#4473,.T.);
#4473 = SURFACE_CURVE('',#4474,(#4478,#4485),.PCURVE_S1.);
#4474 = LINE('',#4475,#4476);
#4475 = CARTESIAN_POINT('',(167.,6.354248688935,35.0000001));
#4476 = VECTOR('',#4477,1.);
#4477 = DIRECTION('',(-0.,-0.,-1.));
#4478 = PCURVE('',#3055,#4479);
#4479 = DEFINITIONAL_REPRESENTATION('',(#4480),#4484);
#4480 = LINE('',#4481,#4482);
#4481 = CARTESIAN_POINT('',(1.E-01,-3.354248688935));
#4482 = VECTOR('',#4483,1.);
#4483 = DIRECTION('',(-1.,0.));
#4484 = ( GEOMETRIC_REPRESENTATION_CONTEXT(2) 
PARAMETRIC_REPRESENTATION_CONTEXT() REPRESENTATION_CONTEXT('2D SPACE',''
  ) );
#4485 = PCURVE('',#3337,#4486);
#4486 = DEFINITIONAL_REPRESENTATION('',(#4487),#4491);
#4487 = LINE('',#4488,#4489);
#4488 = CARTESIAN_POINT('',(-5.560451059366,0.));
#4489 = VECTOR('',#4490,1.);
#4490 = DIRECTION('',(-0.,1.));
#4491 = ( GEOMETRIC_REPRESENTATION_CONTEXT(2) 
PARAMETRIC_REPRESENTATION_CONTEXT() REPRESENTATION_CONTEXT('2D SPACE',''
  ) );
#4492 = ORIENTED_EDGE('',*,*,#3037,.F.);
#4493 = ADVANCED_FACE('',(#4494),#3083,.T.);
#4494 = FACE_BOUND('',#4495,.T.);
#4495 = EDGE_LOOP('',(#4496,#4497,#4520,#4541));
#4496 = ORIENTED_EDGE('',*,*,#4426,.F.);
#4497 = ORIENTED_EDGE('',*,*,#4498,.T.);
#4498 = EDGE_CURVE('',#4427,#4499,#4501,.T.);
#4499 = VERTEX_POINT('',#4500);
#4500 = CARTESIAN_POINT('',(3.,3.,35.0000001));
#4501 = SURFACE_CURVE('',#4502,(#4506,#4513),.PCURVE_S1.);
#4502 = LINE('',#4503,#4504);
#4503 = CARTESIAN_POINT('',(1.5,3.,35.0000001));
#4504 = VECTOR('',#4505,1.);
#4505 = DIRECTION('',(-1.,0.,0.));
#4506 = PCURVE('',#3083,#4507);
#4507 = DEFINITIONAL_REPRESENTATION('',(#4508),#4512);
#4508 = LINE('',#4509,#4510);
#4509 = CARTESIAN_POINT('',(1.E-01,-1.5));
#4510 = VECTOR('',#4511,1.);
#4511 = DIRECTION('',(0.,-1.));
#4512 = ( GEOMETRIC_REPRESENTATION_CONTEXT(2) 
PARAMETRIC_REPRESENTATION_CONTEXT() REPRESENTATION_CONTEXT('2D SPACE',''
  ) );
#4513 = PCURVE('',#3530,#4514);
#4514 = DEFINITIONAL_REPRESENTATION('',(#4515),#4519);
#4515 = LINE('',#4516,#4517);
#4516 = CARTESIAN_POINT('',(1.5,3.));
#4517 = VECTOR('',#4518,1.);
#4518 = DIRECTION('',(-1.,0.));
#4519 = ( GEOMETRIC_REPRESENTATION_CONTEXT(2) 
PARAMETRIC_REPRESENTATION_CONTEXT() REPRESENTATION_CONTEXT('2D SPACE',''
  ) );
#4520 = ORIENTED_EDGE('',*,*,#4521,.T.);
#4521 = EDGE_CURVE('',#4499,#3068,#4522,.T.);
#4522 = SURFACE_CURVE('',#4523,(#4527,#4534),.PCURVE_S1.);
#4523 = LINE('',#4524,#4525);
#4524 = CARTESIAN_POINT('',(3.,3.,34.9000001));
#4525 = VECTOR('',#4526,1.);
#4526 = DIRECTION('',(0.,0.,1.));
#4527 = PCURVE('',#3083,#4528);
#4528 = DEFINITIONAL_REPRESENTATION('',(#4529),#4533);
#4529 = LINE('',#4530,#4531);
#4530 = CARTESIAN_POINT('',(0.,0.));
#4531 = VECTOR('',#4532,1.);
#4532 = DIRECTION('',(1.,0.));
#4533 = ( GEOMETRIC_REPRESENTATION_CONTEXT(2) 
PARAMETRIC_REPRESENTATION_CONTEXT() REPRESENTATION_CONTEXT('2D SPACE',''
  ) );
#4534 = PCURVE('',#3111,#4535);
#4535 = DEFINITIONAL_REPRESENTATION('',(#4536),#4540);
#4536 = LINE('',#4537,#4538);
#4537 = CARTESIAN_POINT('',(0.,0.));
#4538 = VECTOR('',#4539,1.);
#4539 = DIRECTION('',(1.,0.));
#4540 = ( GEOMETRIC_REPRESENTATION_CONTEXT(2) 
PARAMETRIC_REPRESENTATION_CONTEXT() REPRESENTATION_CONTEXT('2D SPACE',''
  ) );
#4541 = ORIENTED_EDGE('',*,*,#3067,.F.);
#4542 = ADVANCED_FACE('',(#4543),#3337,.T.);
#4543 = FACE_BOUND('',#4544,.F.);
#4544 = EDGE_LOOP('',(#4545,#4569,#4590,#4591));
#4545 = ORIENTED_EDGE('',*,*,#4546,.F.);
#4546 = EDGE_CURVE('',#4547,#4450,#4549,.T.);
#4547 = VERTEX_POINT('',#4548);
#4548 = CARTESIAN_POINT('',(167.,11.645751311064,35.0000001));
#4549 = SURFACE_CURVE('',#4550,(#4555,#4562),.PCURVE_S1.);
#4550 = CIRCLE('',#4551,4.);
#4551 = AXIS2_PLACEMENT_3D('',#4552,#4553,#4554);
#4552 = CARTESIAN_POINT('',(164.,9.,35.0000001));
#4553 = DIRECTION('',(0.,0.,1.));
#4554 = DIRECTION('',(1.,0.,0.));
#4555 = PCURVE('',#3337,#4556);
#4556 = DEFINITIONAL_REPRESENTATION('',(#4557),#4561);
#4557 = LINE('',#4558,#4559);
#4558 = CARTESIAN_POINT('',(-0.,0.));
#4559 = VECTOR('',#4560,1.);
#4560 = DIRECTION('',(-1.,0.));
#4561 = ( GEOMETRIC_REPRESENTATION_CONTEXT(2) 
PARAMETRIC_REPRESENTATION_CONTEXT() REPRESENTATION_CONTEXT('2D SPACE',''
  ) );
#4562 = PCURVE('',#3530,#4563);
#4563 = DEFINITIONAL_REPRESENTATION('',(#4564),#4568);
#4564 = CIRCLE('',#4565,4.);
#4565 = AXIS2_PLACEMENT_2D('',#4566,#4567);
#4566 = CARTESIAN_POINT('',(164.,9.));
#4567 = DIRECTION('',(1.,0.));
#4568 = ( GEOMETRIC_REPRESENTATION_CONTEXT(2) 
PARAMETRIC_REPRESENTATION_CONTEXT() REPRESENTATION_CONTEXT('2D SPACE',''
  ) );
#4569 = ORIENTED_EDGE('',*,*,#4570,.F.);
#4570 = EDGE_CURVE('',#3295,#4547,#4571,.T.);
#4571 = SURFACE_CURVE('',#4572,(#4576,#4583),.PCURVE_S1.);
#4572 = LINE('',#4573,#4574);
#4573 = CARTESIAN_POINT('',(167.,11.645751311065,35.0000001));
#4574 = VECTOR('',#4575,1.);
#4575 = DIRECTION('',(-0.,-0.,-1.));
#4576 = PCURVE('',#3337,#4577);
#4577 = DEFINITIONAL_REPRESENTATION('',(#4578),#4582);
#4578 = LINE('',#4579,#4580);
#4579 = CARTESIAN_POINT('',(-0.722734247813,0.));
#4580 = VECTOR('',#4581,1.);
#4581 = DIRECTION('',(-0.,1.));
#4582 = ( GEOMETRIC_REPRESENTATION_CONTEXT(2) 
PARAMETRIC_REPRESENTATION_CONTEXT() REPRESENTATION_CONTEXT('2D SPACE',''
  ) );
#4583 = PCURVE('',#3310,#4584);
#4584 = DEFINITIONAL_REPRESENTATION('',(#4585),#4589);
#4585 = LINE('',#4586,#4587);
#4586 = CARTESIAN_POINT('',(1.E-01,-8.645751311065));
#4587 = VECTOR('',#4588,1.);
#4588 = DIRECTION('',(-1.,0.));
#4589 = ( GEOMETRIC_REPRESENTATION_CONTEXT(2) 
PARAMETRIC_REPRESENTATION_CONTEXT() REPRESENTATION_CONTEXT('2D SPACE',''
  ) );
#4590 = ORIENTED_EDGE('',*,*,#3322,.T.);
#4591 = ORIENTED_EDGE('',*,*,#4472,.T.);
#4592 = ADVANCED_FACE('',(#4593),#3111,.T.);
#4593 = FACE_BOUND('',#4594,.T.);
#4594 = EDGE_LOOP('',(#4595,#4596,#4619,#4640));
#4595 = ORIENTED_EDGE('',*,*,#4521,.F.);
#4596 = ORIENTED_EDGE('',*,*,#4597,.T.);
#4597 = EDGE_CURVE('',#4499,#4598,#4600,.T.);
#4598 = VERTEX_POINT('',#4599);
#4599 = CARTESIAN_POINT('',(3.,26.354248688936,35.0000001));
#4600 = SURFACE_CURVE('',#4601,(#4605,#4612),.PCURVE_S1.);
#4601 = LINE('',#4602,#4603);
#4602 = CARTESIAN_POINT('',(3.,1.5,35.0000001));
#4603 = VECTOR('',#4604,1.);
#4604 = DIRECTION('',(0.,1.,0.));
#4605 = PCURVE('',#3111,#4606);
#4606 = DEFINITIONAL_REPRESENTATION('',(#4607),#4611);
#4607 = LINE('',#4608,#4609);
#4608 = CARTESIAN_POINT('',(1.E-01,1.5));
#4609 = VECTOR('',#4610,1.);
#4610 = DIRECTION('',(0.,-1.));
#4611 = ( GEOMETRIC_REPRESENTATION_CONTEXT(2) 
PARAMETRIC_REPRESENTATION_CONTEXT() REPRESENTATION_CONTEXT('2D SPACE',''
  ) );
#4612 = PCURVE('',#3530,#4613);
#4613 = DEFINITIONAL_REPRESENTATION('',(#4614),#4618);
#4614 = LINE('',#4615,#4616);
#4615 = CARTESIAN_POINT('',(3.,1.5));
#4616 = VECTOR('',#4617,1.);
#4617 = DIRECTION('',(0.,1.));
#4618 = ( GEOMETRIC_REPRESENTATION_CONTEXT(2) 
PARAMETRIC_REPRESENTATION_CONTEXT() REPRESENTATION_CONTEXT('2D SPACE',''
  ) );
#4619 = ORIENTED_EDGE('',*,*,#4620,.F.);
#4620 = EDGE_CURVE('',#3096,#4598,#4621,.T.);
#4621 = SURFACE_CURVE('',#4622,(#4626,#4633),.PCURVE_S1.);
#4622 = LINE('',#4623,#4624);
#4623 = CARTESIAN_POINT('',(3.,26.354248688935,35.0000001));
#4624 = VECTOR('',#4625,1.);
#4625 = DIRECTION('',(-0.,-0.,-1.));
#4626 = PCURVE('',#3111,#4627);
#4627 = DEFINITIONAL_REPRESENTATION('',(#4628),#4632);
#4628 = LINE('',#4629,#4630);
#4629 = CARTESIAN_POINT('',(1.E-01,-23.35424868893));
#4630 = VECTOR('',#4631,1.);
#4631 = DIRECTION('',(-1.,0.));
#4632 = ( GEOMETRIC_REPRESENTATION_CONTEXT(2) 
PARAMETRIC_REPRESENTATION_CONTEXT() REPRESENTATION_CONTEXT('2D SPACE',''
  ) );
#4633 = PCURVE('',#3140,#4634);
#4634 = DEFINITIONAL_REPRESENTATION('',(#4635),#4639);
#4635 = LINE('',#4636,#4637);
#4636 = CARTESIAN_POINT('',(-3.864326901403,0.));
#4637 = VECTOR('',#4638,1.);
#4638 = DIRECTION('',(-0.,1.));
#4639 = ( GEOMETRIC_REPRESENTATION_CONTEXT(2) 
PARAMETRIC_REPRESENTATION_CONTEXT() REPRESENTATION_CONTEXT('2D SPACE',''
  ) );
#4640 = ORIENTED_EDGE('',*,*,#3095,.F.);
#4641 = ADVANCED_FACE('',(#4642),#3310,.F.);
#4642 = FACE_BOUND('',#4643,.F.);
#4643 = EDGE_LOOP('',(#4644,#4645,#4646,#4669));
#4644 = ORIENTED_EDGE('',*,*,#3294,.F.);
#4645 = ORIENTED_EDGE('',*,*,#4570,.T.);
#4646 = ORIENTED_EDGE('',*,*,#4647,.T.);
#4647 = EDGE_CURVE('',#4547,#4648,#4650,.T.);
#4648 = VERTEX_POINT('',#4649);
#4649 = CARTESIAN_POINT('',(167.,74.354248688936,35.0000001));
#4650 = SURFACE_CURVE('',#4651,(#4655,#4662),.PCURVE_S1.);
#4651 = LINE('',#4652,#4653);
#4652 = CARTESIAN_POINT('',(167.,1.5,35.0000001));
#4653 = VECTOR('',#4654,1.);
#4654 = DIRECTION('',(0.,1.,0.));
#4655 = PCURVE('',#3310,#4656);
#4656 = DEFINITIONAL_REPRESENTATION('',(#4657),#4661);
#4657 = LINE('',#4658,#4659);
#4658 = CARTESIAN_POINT('',(1.E-01,1.5));
#4659 = VECTOR('',#4660,1.);
#4660 = DIRECTION('',(0.,-1.));
#4661 = ( GEOMETRIC_REPRESENTATION_CONTEXT(2) 
PARAMETRIC_REPRESENTATION_CONTEXT() REPRESENTATION_CONTEXT('2D SPACE',''
  ) );
#4662 = PCURVE('',#3530,#4663);
#4663 = DEFINITIONAL_REPRESENTATION('',(#4664),#4668);
#4664 = LINE('',#4665,#4666);
#4665 = CARTESIAN_POINT('',(167.,1.5));
#4666 = VECTOR('',#4667,1.);
#4667 = DIRECTION('',(0.,1.));
#4668 = ( GEOMETRIC_REPRESENTATION_CONTEXT(2) 
PARAMETRIC_REPRESENTATION_CONTEXT() REPRESENTATION_CONTEXT('2D SPACE',''
  ) );
#4669 = ORIENTED_EDGE('',*,*,#4670,.F.);
#4670 = EDGE_CURVE('',#3266,#4648,#4671,.T.);
#4671 = SURFACE_CURVE('',#4672,(#4676,#4683),.PCURVE_S1.);
#4672 = LINE('',#4673,#4674);
#4673 = CARTESIAN_POINT('',(167.,74.354248688935,35.0000001));
#4674 = VECTOR('',#4675,1.);
#4675 = DIRECTION('',(-0.,-0.,-1.));
#4676 = PCURVE('',#3310,#4677);
#4677 = DEFINITIONAL_REPRESENTATION('',(#4678),#4682);
#4678 = LINE('',#4679,#4680);
#4679 = CARTESIAN_POINT('',(1.E-01,-71.35424868893));
#4680 = VECTOR('',#4681,1.);
#4681 = DIRECTION('',(-1.,0.));
#4682 = ( GEOMETRIC_REPRESENTATION_CONTEXT(2) 
PARAMETRIC_REPRESENTATION_CONTEXT() REPRESENTATION_CONTEXT('2D SPACE',''
  ) );
#4683 = PCURVE('',#3282,#4684);
#4684 = DEFINITIONAL_REPRESENTATION('',(#4685),#4689);
#4685 = LINE('',#4686,#4687);
#4686 = CARTESIAN_POINT('',(-5.560451059366,0.));
#4687 = VECTOR('',#4688,1.);
#4688 = DIRECTION('',(-0.,1.));
#4689 = ( GEOMETRIC_REPRESENTATION_CONTEXT(2) 
PARAMETRIC_REPRESENTATION_CONTEXT() REPRESENTATION_CONTEXT('2D SPACE',''
  ) );
#4690 = ADVANCED_FACE('',(#4691),#3140,.T.);
#4691 = FACE_BOUND('',#4692,.F.);
#4692 = EDGE_LOOP('',(#4693,#4721,#4722,#4723));
#4693 = ORIENTED_EDGE('',*,*,#4694,.T.);
#4694 = EDGE_CURVE('',#4695,#4598,#4697,.T.);
#4695 = VERTEX_POINT('',#4696);
#4696 = CARTESIAN_POINT('',(3.,31.645751311064,35.0000001));
#4697 = SURFACE_CURVE('',#4698,(#4703,#4710),.PCURVE_S1.);
#4698 = CIRCLE('',#4699,4.);
#4699 = AXIS2_PLACEMENT_3D('',#4700,#4701,#4702);
#4700 = CARTESIAN_POINT('',(6.,29.,35.0000001));
#4701 = DIRECTION('',(0.,0.,-1.));
#4702 = DIRECTION('',(-0.75,0.661437827766,0.));
#4703 = PCURVE('',#3140,#4704);
#4704 = DEFINITIONAL_REPRESENTATION('',(#4705),#4709);
#4705 = LINE('',#4706,#4707);
#4706 = CARTESIAN_POINT('',(-8.702043712956,0.));
#4707 = VECTOR('',#4708,1.);
#4708 = DIRECTION('',(1.,-0.));
#4709 = ( GEOMETRIC_REPRESENTATION_CONTEXT(2) 
PARAMETRIC_REPRESENTATION_CONTEXT() REPRESENTATION_CONTEXT('2D SPACE',''
  ) );
#4710 = PCURVE('',#3530,#4711);
#4711 = DEFINITIONAL_REPRESENTATION('',(#4712),#4720);
#4712 = ( BOUNDED_CURVE() B_SPLINE_CURVE(2,(#4713,#4714,#4715,#4716,
#4717,#4718,#4719),.UNSPECIFIED.,.T.,.F.) B_SPLINE_CURVE_WITH_KNOTS((1,2
    ,2,2,2,1),(-2.094395102393,0.,2.094395102393,4.188790204786,
6.28318530718,8.377580409573),.UNSPECIFIED.) CURVE() 
GEOMETRIC_REPRESENTATION_ITEM() RATIONAL_B_SPLINE_CURVE((1.,0.5,1.,0.5,
1.,0.5,1.)) REPRESENTATION_ITEM('') );
#4713 = CARTESIAN_POINT('',(3.,31.645751311064));
#4714 = CARTESIAN_POINT('',(7.582575694956,36.841903733771));
#4715 = CARTESIAN_POINT('',(9.791287847478,30.275200555821));
#4716 = CARTESIAN_POINT('',(12.,23.708497377871));
#4717 = CARTESIAN_POINT('',(5.208712152522,25.079048133114));
#4718 = CARTESIAN_POINT('',(-1.582575694956,26.449598888358));
#4719 = CARTESIAN_POINT('',(3.,31.645751311064));
#4720 = ( GEOMETRIC_REPRESENTATION_CONTEXT(2) 
PARAMETRIC_REPRESENTATION_CONTEXT() REPRESENTATION_CONTEXT('2D SPACE',''
  ) );
#4721 = ORIENTED_EDGE('',*,*,#4620,.F.);
#4722 = ORIENTED_EDGE('',*,*,#3123,.T.);
#4723 = ORIENTED_EDGE('',*,*,#4724,.T.);
#4724 = EDGE_CURVE('',#3124,#4695,#4725,.T.);
#4725 = SURFACE_CURVE('',#4726,(#4730,#4737),.PCURVE_S1.);
#4726 = LINE('',#4727,#4728);
#4727 = CARTESIAN_POINT('',(3.,31.645751311065,35.0000001));
#4728 = VECTOR('',#4729,1.);
#4729 = DIRECTION('',(-0.,-0.,-1.));
#4730 = PCURVE('',#3140,#4731);
#4731 = DEFINITIONAL_REPRESENTATION('',(#4732),#4736);
#4732 = LINE('',#4733,#4734);
#4733 = CARTESIAN_POINT('',(-8.702043712956,0.));
#4734 = VECTOR('',#4735,1.);
#4735 = DIRECTION('',(-0.,1.));
#4736 = ( GEOMETRIC_REPRESENTATION_CONTEXT(2) 
PARAMETRIC_REPRESENTATION_CONTEXT() REPRESENTATION_CONTEXT('2D SPACE',''
  ) );
#4737 = PCURVE('',#3168,#4738);
#4738 = DEFINITIONAL_REPRESENTATION('',(#4739),#4743);
#4739 = LINE('',#4740,#4741);
#4740 = CARTESIAN_POINT('',(1.E-01,-28.64575131106));
#4741 = VECTOR('',#4742,1.);
#4742 = DIRECTION('',(-1.,0.));
#4743 = ( GEOMETRIC_REPRESENTATION_CONTEXT(2) 
PARAMETRIC_REPRESENTATION_CONTEXT() REPRESENTATION_CONTEXT('2D SPACE',''
  ) );
#4744 = ADVANCED_FACE('',(#4745),#3282,.T.);
#4745 = FACE_BOUND('',#4746,.F.);
#4746 = EDGE_LOOP('',(#4747,#4771,#4792,#4793));
#4747 = ORIENTED_EDGE('',*,*,#4748,.F.);
#4748 = EDGE_CURVE('',#4749,#4648,#4751,.T.);
#4749 = VERTEX_POINT('',#4750);
#4750 = CARTESIAN_POINT('',(167.,79.645751311064,35.0000001));
#4751 = SURFACE_CURVE('',#4752,(#4757,#4764),.PCURVE_S1.);
#4752 = CIRCLE('',#4753,4.);
#4753 = AXIS2_PLACEMENT_3D('',#4754,#4755,#4756);
#4754 = CARTESIAN_POINT('',(164.,77.,35.0000001));
#4755 = DIRECTION('',(0.,0.,1.));
#4756 = DIRECTION('',(1.,0.,0.));
#4757 = PCURVE('',#3282,#4758);
#4758 = DEFINITIONAL_REPRESENTATION('',(#4759),#4763);
#4759 = LINE('',#4760,#4761);
#4760 = CARTESIAN_POINT('',(-0.,0.));
#4761 = VECTOR('',#4762,1.);
#4762 = DIRECTION('',(-1.,0.));
#4763 = ( GEOMETRIC_REPRESENTATION_CONTEXT(2) 
PARAMETRIC_REPRESENTATION_CONTEXT() REPRESENTATION_CONTEXT('2D SPACE',''
  ) );
#4764 = PCURVE('',#3530,#4765);
#4765 = DEFINITIONAL_REPRESENTATION('',(#4766),#4770);
#4766 = CIRCLE('',#4767,4.);
#4767 = AXIS2_PLACEMENT_2D('',#4768,#4769);
#4768 = CARTESIAN_POINT('',(164.,77.));
#4769 = DIRECTION('',(1.,0.));
#4770 = ( GEOMETRIC_REPRESENTATION_CONTEXT(2) 
PARAMETRIC_REPRESENTATION_CONTEXT() REPRESENTATION_CONTEXT('2D SPACE',''
  ) );
#4771 = ORIENTED_EDGE('',*,*,#4772,.F.);
#4772 = EDGE_CURVE('',#3238,#4749,#4773,.T.);
#4773 = SURFACE_CURVE('',#4774,(#4778,#4785),.PCURVE_S1.);
#4774 = LINE('',#4775,#4776);
#4775 = CARTESIAN_POINT('',(167.,79.645751311065,35.0000001));
#4776 = VECTOR('',#4777,1.);
#4777 = DIRECTION('',(-0.,-0.,-1.));
#4778 = PCURVE('',#3282,#4779);
#4779 = DEFINITIONAL_REPRESENTATION('',(#4780),#4784);
#4780 = LINE('',#4781,#4782);
#4781 = CARTESIAN_POINT('',(-0.722734247813,0.));
#4782 = VECTOR('',#4783,1.);
#4783 = DIRECTION('',(-0.,1.));
#4784 = ( GEOMETRIC_REPRESENTATION_CONTEXT(2) 
PARAMETRIC_REPRESENTATION_CONTEXT() REPRESENTATION_CONTEXT('2D SPACE',''
  ) );
#4785 = PCURVE('',#3253,#4786);
#4786 = DEFINITIONAL_REPRESENTATION('',(#4787),#4791);
#4787 = LINE('',#4788,#4789);
#4788 = CARTESIAN_POINT('',(1.E-01,-76.64575131106));
#4789 = VECTOR('',#4790,1.);
#4790 = DIRECTION('',(-1.,0.));
#4791 = ( GEOMETRIC_REPRESENTATION_CONTEXT(2) 
PARAMETRIC_REPRESENTATION_CONTEXT() REPRESENTATION_CONTEXT('2D SPACE',''
  ) );
#4792 = ORIENTED_EDGE('',*,*,#3265,.T.);
#4793 = ORIENTED_EDGE('',*,*,#4670,.T.);
#4794 = ADVANCED_FACE('',(#4795),#3168,.T.);
#4795 = FACE_BOUND('',#4796,.T.);
#4796 = EDGE_LOOP('',(#4797,#4798,#4799,#4822));
#4797 = ORIENTED_EDGE('',*,*,#3152,.F.);
#4798 = ORIENTED_EDGE('',*,*,#4724,.T.);
#4799 = ORIENTED_EDGE('',*,*,#4800,.T.);
#4800 = EDGE_CURVE('',#4695,#4801,#4803,.T.);
#4801 = VERTEX_POINT('',#4802);
#4802 = CARTESIAN_POINT('',(3.,102.35424868893,35.0000001));
#4803 = SURFACE_CURVE('',#4804,(#4808,#4815),.PCURVE_S1.);
#4804 = LINE('',#4805,#4806);
#4805 = CARTESIAN_POINT('',(3.,1.5,35.0000001));
#4806 = VECTOR('',#4807,1.);
#4807 = DIRECTION('',(0.,1.,0.));
#4808 = PCURVE('',#3168,#4809);
#4809 = DEFINITIONAL_REPRESENTATION('',(#4810),#4814);
#4810 = LINE('',#4811,#4812);
#4811 = CARTESIAN_POINT('',(1.E-01,1.5));
#4812 = VECTOR('',#4813,1.);
#4813 = DIRECTION('',(0.,-1.));
#4814 = ( GEOMETRIC_REPRESENTATION_CONTEXT(2) 
PARAMETRIC_REPRESENTATION_CONTEXT() REPRESENTATION_CONTEXT('2D SPACE',''
  ) );
#4815 = PCURVE('',#3530,#4816);
#4816 = DEFINITIONAL_REPRESENTATION('',(#4817),#4821);
#4817 = LINE('',#4818,#4819);
#4818 = CARTESIAN_POINT('',(3.,1.5));
#4819 = VECTOR('',#4820,1.);
#4820 = DIRECTION('',(0.,1.));
#4821 = ( GEOMETRIC_REPRESENTATION_CONTEXT(2) 
PARAMETRIC_REPRESENTATION_CONTEXT() REPRESENTATION_CONTEXT('2D SPACE',''
  ) );
#4822 = ORIENTED_EDGE('',*,*,#4823,.F.);
#4823 = EDGE_CURVE('',#3153,#4801,#4824,.T.);
#4824 = SURFACE_CURVE('',#4825,(#4829,#4836),.PCURVE_S1.);
#4825 = LINE('',#4826,#4827);
#4826 = CARTESIAN_POINT('',(3.,102.35424868893,35.0000001));
#4827 = VECTOR('',#4828,1.);
#4828 = DIRECTION('',(-0.,-0.,-1.));
#4829 = PCURVE('',#3168,#4830);
#4830 = DEFINITIONAL_REPRESENTATION('',(#4831),#4835);
#4831 = LINE('',#4832,#4833);
#4832 = CARTESIAN_POINT('',(1.E-01,-99.35424868893));
#4833 = VECTOR('',#4834,1.);
#4834 = DIRECTION('',(-1.,0.));
#4835 = ( GEOMETRIC_REPRESENTATION_CONTEXT(2) 
PARAMETRIC_REPRESENTATION_CONTEXT() REPRESENTATION_CONTEXT('2D SPACE',''
  ) );
#4836 = PCURVE('',#3197,#4837);
#4837 = DEFINITIONAL_REPRESENTATION('',(#4838),#4842);
#4838 = LINE('',#4839,#4840);
#4839 = CARTESIAN_POINT('',(-3.864326901403,0.));
#4840 = VECTOR('',#4841,1.);
#4841 = DIRECTION('',(-0.,1.));
#4842 = ( GEOMETRIC_REPRESENTATION_CONTEXT(2) 
PARAMETRIC_REPRESENTATION_CONTEXT() REPRESENTATION_CONTEXT('2D SPACE',''
  ) );
#4843 = ADVANCED_FACE('',(#4844),#3253,.F.);
#4844 = FACE_BOUND('',#4845,.F.);
#4845 = EDGE_LOOP('',(#4846,#4847,#4848,#4869,#4870,#4871,#4872,#4895));
#4846 = ORIENTED_EDGE('',*,*,#3237,.F.);
#4847 = ORIENTED_EDGE('',*,*,#4772,.T.);
#4848 = ORIENTED_EDGE('',*,*,#4849,.T.);
#4849 = EDGE_CURVE('',#4749,#3664,#4850,.T.);
#4850 = SURFACE_CURVE('',#4851,(#4855,#4862),.PCURVE_S1.);
#4851 = LINE('',#4852,#4853);
#4852 = CARTESIAN_POINT('',(167.,1.5,35.0000001));
#4853 = VECTOR('',#4854,1.);
#4854 = DIRECTION('',(0.,1.,0.));
#4855 = PCURVE('',#3253,#4856);
#4856 = DEFINITIONAL_REPRESENTATION('',(#4857),#4861);
#4857 = LINE('',#4858,#4859);
#4858 = CARTESIAN_POINT('',(1.E-01,1.5));
#4859 = VECTOR('',#4860,1.);
#4860 = DIRECTION('',(0.,-1.));
#4861 = ( GEOMETRIC_REPRESENTATION_CONTEXT(2) 
PARAMETRIC_REPRESENTATION_CONTEXT() REPRESENTATION_CONTEXT('2D SPACE',''
  ) );
#4862 = PCURVE('',#3530,#4863);
#4863 = DEFINITIONAL_REPRESENTATION('',(#4864),#4868);
#4864 = LINE('',#4865,#4866);
#4865 = CARTESIAN_POINT('',(167.,1.5));
#4866 = VECTOR('',#4867,1.);
#4867 = DIRECTION('',(0.,1.));
#4868 = ( GEOMETRIC_REPRESENTATION_CONTEXT(2) 
PARAMETRIC_REPRESENTATION_CONTEXT() REPRESENTATION_CONTEXT('2D SPACE',''
  ) );
#4869 = ORIENTED_EDGE('',*,*,#3686,.T.);
#4870 = ORIENTED_EDGE('',*,*,#3591,.F.);
#4871 = ORIENTED_EDGE('',*,*,#3542,.F.);
#4872 = ORIENTED_EDGE('',*,*,#4873,.T.);
#4873 = EDGE_CURVE('',#3515,#4874,#4876,.T.);
#4874 = VERTEX_POINT('',#4875);
#4875 = CARTESIAN_POINT('',(167.,108.,35.0000001));
#4876 = SURFACE_CURVE('',#4877,(#4881,#4888),.PCURVE_S1.);
#4877 = LINE('',#4878,#4879);
#4878 = CARTESIAN_POINT('',(167.,1.5,35.0000001));
#4879 = VECTOR('',#4880,1.);
#4880 = DIRECTION('',(0.,1.,0.));
#4881 = PCURVE('',#3253,#4882);
#4882 = DEFINITIONAL_REPRESENTATION('',(#4883),#4887);
#4883 = LINE('',#4884,#4885);
#4884 = CARTESIAN_POINT('',(1.E-01,1.5));
#4885 = VECTOR('',#4886,1.);
#4886 = DIRECTION('',(0.,-1.));
#4887 = ( GEOMETRIC_REPRESENTATION_CONTEXT(2) 
PARAMETRIC_REPRESENTATION_CONTEXT() REPRESENTATION_CONTEXT('2D SPACE',''
  ) );
#4888 = PCURVE('',#3530,#4889);
#4889 = DEFINITIONAL_REPRESENTATION('',(#4890),#4894);
#4890 = LINE('',#4891,#4892);
#4891 = CARTESIAN_POINT('',(167.,1.5));
#4892 = VECTOR('',#4893,1.);
#4893 = DIRECTION('',(0.,1.));
#4894 = ( GEOMETRIC_REPRESENTATION_CONTEXT(2) 
PARAMETRIC_REPRESENTATION_CONTEXT() REPRESENTATION_CONTEXT('2D SPACE',''
  ) );
#4895 = ORIENTED_EDGE('',*,*,#4896,.T.);
#4896 = EDGE_CURVE('',#4874,#3210,#4897,.T.);
#4897 = SURFACE_CURVE('',#4898,(#4902,#4909),.PCURVE_S1.);
#4898 = LINE('',#4899,#4900);
#4899 = CARTESIAN_POINT('',(167.,108.,34.9000001));
#4900 = VECTOR('',#4901,1.);
#4901 = DIRECTION('',(0.,0.,1.));
#4902 = PCURVE('',#3253,#4903);
#4903 = DEFINITIONAL_REPRESENTATION('',(#4904),#4908);
#4904 = LINE('',#4905,#4906);
#4905 = CARTESIAN_POINT('',(0.,-105.));
#4906 = VECTOR('',#4907,1.);
#4907 = DIRECTION('',(1.,0.));
#4908 = ( GEOMETRIC_REPRESENTATION_CONTEXT(2) 
PARAMETRIC_REPRESENTATION_CONTEXT() REPRESENTATION_CONTEXT('2D SPACE',''
  ) );
#4909 = PCURVE('',#3225,#4910);
#4910 = DEFINITIONAL_REPRESENTATION('',(#4911),#4915);
#4911 = LINE('',#4912,#4913);
#4912 = CARTESIAN_POINT('',(0.,164.));
#4913 = VECTOR('',#4914,1.);
#4914 = DIRECTION('',(1.,0.));
#4915 = ( GEOMETRIC_REPRESENTATION_CONTEXT(2) 
PARAMETRIC_REPRESENTATION_CONTEXT() REPRESENTATION_CONTEXT('2D SPACE',''
  ) );
#4916 = ADVANCED_FACE('',(#4917),#3197,.T.);
#4917 = FACE_BOUND('',#4918,.F.);
#4918 = EDGE_LOOP('',(#4919,#4947,#4948,#4949));
#4919 = ORIENTED_EDGE('',*,*,#4920,.T.);
#4920 = EDGE_CURVE('',#4921,#4801,#4923,.T.);
#4921 = VERTEX_POINT('',#4922);
#4922 = CARTESIAN_POINT('',(8.645751311064,108.,35.0000001));
#4923 = SURFACE_CURVE('',#4924,(#4929,#4936),.PCURVE_S1.);
#4924 = CIRCLE('',#4925,4.);
#4925 = AXIS2_PLACEMENT_3D('',#4926,#4927,#4928);
#4926 = CARTESIAN_POINT('',(6.,105.,35.0000001));
#4927 = DIRECTION('',(0.,0.,-1.));
#4928 = DIRECTION('',(0.661437827766,0.75,0.));
#4929 = PCURVE('',#3197,#4930);
#4930 = DEFINITIONAL_REPRESENTATION('',(#4931),#4935);
#4931 = LINE('',#4932,#4933);
#4932 = CARTESIAN_POINT('',(-7.131247386161,0.));
#4933 = VECTOR('',#4934,1.);
#4934 = DIRECTION('',(1.,-0.));
#4935 = ( GEOMETRIC_REPRESENTATION_CONTEXT(2) 
PARAMETRIC_REPRESENTATION_CONTEXT() REPRESENTATION_CONTEXT('2D SPACE',''
  ) );
#4936 = PCURVE('',#3530,#4937);
#4937 = DEFINITIONAL_REPRESENTATION('',(#4938),#4946);
#4938 = ( BOUNDED_CURVE() B_SPLINE_CURVE(2,(#4939,#4940,#4941,#4942,
#4943,#4944,#4945),.UNSPECIFIED.,.T.,.F.) B_SPLINE_CURVE_WITH_KNOTS((1,2
    ,2,2,2,1),(-2.094395102393,0.,2.094395102393,4.188790204786,
6.28318530718,8.377580409573),.UNSPECIFIED.) CURVE() 
GEOMETRIC_REPRESENTATION_ITEM() RATIONAL_B_SPLINE_CURVE((1.,0.5,1.,0.5,
1.,0.5,1.)) REPRESENTATION_ITEM('') );
#4939 = CARTESIAN_POINT('',(8.645751311064,108.));
#4940 = CARTESIAN_POINT('',(13.841903733771,103.41742430504));
#4941 = CARTESIAN_POINT('',(7.275200555821,101.20871215252));
#4942 = CARTESIAN_POINT('',(0.708497377871,99.));
#4943 = CARTESIAN_POINT('',(2.079048133114,105.79128784747));
#4944 = CARTESIAN_POINT('',(3.449598888358,112.58257569495));
#4945 = CARTESIAN_POINT('',(8.645751311064,108.));
#4946 = ( GEOMETRIC_REPRESENTATION_CONTEXT(2) 
PARAMETRIC_REPRESENTATION_CONTEXT() REPRESENTATION_CONTEXT('2D SPACE',''
  ) );
#4947 = ORIENTED_EDGE('',*,*,#4823,.F.);
#4948 = ORIENTED_EDGE('',*,*,#3180,.T.);
#4949 = ORIENTED_EDGE('',*,*,#4950,.T.);
#4950 = EDGE_CURVE('',#3181,#4921,#4951,.T.);
#4951 = SURFACE_CURVE('',#4952,(#4956,#4963),.PCURVE_S1.);
#4952 = LINE('',#4953,#4954);
#4953 = CARTESIAN_POINT('',(8.645751311065,108.,35.0000001));
#4954 = VECTOR('',#4955,1.);
#4955 = DIRECTION('',(-0.,-0.,-1.));
#4956 = PCURVE('',#3197,#4957);
#4957 = DEFINITIONAL_REPRESENTATION('',(#4958),#4962);
#4958 = LINE('',#4959,#4960);
#4959 = CARTESIAN_POINT('',(-7.131247386161,0.));
#4960 = VECTOR('',#4961,1.);
#4961 = DIRECTION('',(-0.,1.));
#4962 = ( GEOMETRIC_REPRESENTATION_CONTEXT(2) 
PARAMETRIC_REPRESENTATION_CONTEXT() REPRESENTATION_CONTEXT('2D SPACE',''
  ) );
#4963 = PCURVE('',#3225,#4964);
#4964 = DEFINITIONAL_REPRESENTATION('',(#4965),#4969);
#4965 = LINE('',#4966,#4967);
#4966 = CARTESIAN_POINT('',(1.E-01,5.645751311065));
#4967 = VECTOR('',#4968,1.);
#4968 = DIRECTION('',(-1.,0.));
#4969 = ( GEOMETRIC_REPRESENTATION_CONTEXT(2) 
PARAMETRIC_REPRESENTATION_CONTEXT() REPRESENTATION_CONTEXT('2D SPACE',''
  ) );
#4970 = ADVANCED_FACE('',(#4971),#3225,.F.);
#4971 = FACE_BOUND('',#4972,.F.);
#4972 = EDGE_LOOP('',(#4973,#4974,#4995,#4996));
#4973 = ORIENTED_EDGE('',*,*,#4896,.F.);
#4974 = ORIENTED_EDGE('',*,*,#4975,.T.);
#4975 = EDGE_CURVE('',#4874,#4921,#4976,.T.);
#4976 = SURFACE_CURVE('',#4977,(#4981,#4988),.PCURVE_S1.);
#4977 = LINE('',#4978,#4979);
#4978 = CARTESIAN_POINT('',(1.5,108.,35.0000001));
#4979 = VECTOR('',#4980,1.);
#4980 = DIRECTION('',(-1.,0.,0.));
#4981 = PCURVE('',#3225,#4982);
#4982 = DEFINITIONAL_REPRESENTATION('',(#4983),#4987);
#4983 = LINE('',#4984,#4985);
#4984 = CARTESIAN_POINT('',(1.E-01,-1.5));
#4985 = VECTOR('',#4986,1.);
#4986 = DIRECTION('',(0.,-1.));
#4987 = ( GEOMETRIC_REPRESENTATION_CONTEXT(2) 
PARAMETRIC_REPRESENTATION_CONTEXT() REPRESENTATION_CONTEXT('2D SPACE',''
  ) );
#4988 = PCURVE('',#3530,#4989);
#4989 = DEFINITIONAL_REPRESENTATION('',(#4990),#4994);
#4990 = LINE('',#4991,#4992);
#4991 = CARTESIAN_POINT('',(1.5,108.));
#4992 = VECTOR('',#4993,1.);
#4993 = DIRECTION('',(-1.,0.));
#4994 = ( GEOMETRIC_REPRESENTATION_CONTEXT(2) 
PARAMETRIC_REPRESENTATION_CONTEXT() REPRESENTATION_CONTEXT('2D SPACE',''
  ) );
#4995 = ORIENTED_EDGE('',*,*,#4950,.F.);
#4996 = ORIENTED_EDGE('',*,*,#3209,.F.);
#4997 = ADVANCED_FACE('',(#4998),#3372,.F.);
#4998 = FACE_BOUND('',#4999,.T.);
#4999 = EDGE_LOOP('',(#5000,#5029,#5050,#5051));
#5000 = ORIENTED_EDGE('',*,*,#5001,.F.);
#5001 = EDGE_CURVE('',#5002,#5002,#5004,.T.);
#5002 = VERTEX_POINT('',#5003);
#5003 = CARTESIAN_POINT('',(165.25,77.,59.0000001));
#5004 = SURFACE_CURVE('',#5005,(#5010,#5017),.PCURVE_S1.);
#5005 = CIRCLE('',#5006,1.25);
#5006 = AXIS2_PLACEMENT_3D('',#5007,#5008,#5009);
#5007 = CARTESIAN_POINT('',(164.,77.,59.0000001));
#5008 = DIRECTION('',(0.,0.,1.));
#5009 = DIRECTION('',(1.,0.,0.));
#5010 = PCURVE('',#3372,#5011);
#5011 = DEFINITIONAL_REPRESENTATION('',(#5012),#5016);
#5012 = LINE('',#5013,#5014);
#5013 = CARTESIAN_POINT('',(-0.,0.));
#5014 = VECTOR('',#5015,1.);
#5015 = DIRECTION('',(-1.,0.));
#5016 = ( GEOMETRIC_REPRESENTATION_CONTEXT(2) 
PARAMETRIC_REPRESENTATION_CONTEXT() REPRESENTATION_CONTEXT('2D SPACE',''
  ) );
#5017 = PCURVE('',#5018,#5023);
#5018 = PLANE('',#5019);
#5019 = AXIS2_PLACEMENT_3D('',#5020,#5021,#5022);
#5020 = CARTESIAN_POINT('',(164.,77.,59.0000001));
#5021 = DIRECTION('',(0.,0.,1.));
#5022 = DIRECTION('',(1.,0.,-0.));
#5023 = DEFINITIONAL_REPRESENTATION('',(#5024),#5028);
#5024 = CIRCLE('',#5025,1.25);
#5025 = AXIS2_PLACEMENT_2D('',#5026,#5027);
#5026 = CARTESIAN_POINT('',(0.,0.));
#5027 = DIRECTION('',(1.,0.));
#5028 = ( GEOMETRIC_REPRESENTATION_CONTEXT(2) 
PARAMETRIC_REPRESENTATION_CONTEXT() REPRESENTATION_CONTEXT('2D SPACE',''
  ) );
#5029 = ORIENTED_EDGE('',*,*,#5030,.T.);
#5030 = EDGE_CURVE('',#5002,#3352,#5031,.T.);
#5031 = SEAM_CURVE('',#5032,(#5036,#5043),.PCURVE_S1.);
#5032 = LINE('',#5033,#5034);
#5033 = CARTESIAN_POINT('',(165.25,77.,59.0000001));
#5034 = VECTOR('',#5035,1.);
#5035 = DIRECTION('',(0.,0.,1.));
#5036 = PCURVE('',#3372,#5037);
#5037 = DEFINITIONAL_REPRESENTATION('',(#5038),#5042);
#5038 = LINE('',#5039,#5040);
#5039 = CARTESIAN_POINT('',(-6.28318530718,0.));
#5040 = VECTOR('',#5041,1.);
#5041 = DIRECTION('',(-0.,-1.));
#5042 = ( GEOMETRIC_REPRESENTATION_CONTEXT(2) 
PARAMETRIC_REPRESENTATION_CONTEXT() REPRESENTATION_CONTEXT('2D SPACE',''
  ) );
#5043 = PCURVE('',#3372,#5044);
#5044 = DEFINITIONAL_REPRESENTATION('',(#5045),#5049);
#5045 = LINE('',#5046,#5047);
#5046 = CARTESIAN_POINT('',(-0.,0.));
#5047 = VECTOR('',#5048,1.);
#5048 = DIRECTION('',(-0.,-1.));
#5049 = ( GEOMETRIC_REPRESENTATION_CONTEXT(2) 
PARAMETRIC_REPRESENTATION_CONTEXT() REPRESENTATION_CONTEXT('2D SPACE',''
  ) );
#5050 = ORIENTED_EDGE('',*,*,#3351,.F.);
#5051 = ORIENTED_EDGE('',*,*,#5030,.F.);
#5052 = ADVANCED_FACE('',(#5053),#3453,.T.);
#5053 = FACE_BOUND('',#5054,.T.);
#5054 = EDGE_LOOP('',(#5055,#5056,#5057,#5058));
#5055 = ORIENTED_EDGE('',*,*,#3640,.F.);
#5056 = ORIENTED_EDGE('',*,*,#3437,.T.);
#5057 = ORIENTED_EDGE('',*,*,#3491,.T.);
#5058 = ORIENTED_EDGE('',*,*,#5059,.F.);
#5059 = EDGE_CURVE('',#3641,#3492,#5060,.T.);
#5060 = SURFACE_CURVE('',#5061,(#5065,#5072),.PCURVE_S1.);
#5061 = LINE('',#5062,#5063);
#5062 = CARTESIAN_POINT('',(165.,43.9,35.0000001));
#5063 = VECTOR('',#5064,1.);
#5064 = DIRECTION('',(0.,1.,0.));
#5065 = PCURVE('',#3453,#5066);
#5066 = DEFINITIONAL_REPRESENTATION('',(#5067),#5071);
#5067 = LINE('',#5068,#5069);
#5068 = CARTESIAN_POINT('',(1.,43.9));
#5069 = VECTOR('',#5070,1.);
#5070 = DIRECTION('',(0.,-1.));
#5071 = ( GEOMETRIC_REPRESENTATION_CONTEXT(2) 
PARAMETRIC_REPRESENTATION_CONTEXT() REPRESENTATION_CONTEXT('2D SPACE',''
  ) );
#5072 = PCURVE('',#3530,#5073);
#5073 = DEFINITIONAL_REPRESENTATION('',(#5074),#5078);
#5074 = LINE('',#5075,#5076);
#5075 = CARTESIAN_POINT('',(165.,43.9));
#5076 = VECTOR('',#5077,1.);
#5077 = DIRECTION('',(0.,1.));
#5078 = ( GEOMETRIC_REPRESENTATION_CONTEXT(2) 
PARAMETRIC_REPRESENTATION_CONTEXT() REPRESENTATION_CONTEXT('2D SPACE',''
  ) );
#5079 = ADVANCED_FACE('',(#5080,#5097,#5132,#5167,#5342,#5377,#5412,
    #5447,#5482,#5517,#5552,#5587,#5622,#5657,#5692,#5727),#3530,.T.);
#5080 = FACE_BOUND('',#5081,.T.);
#5081 = EDGE_LOOP('',(#5082,#5083,#5084,#5085,#5086,#5087,#5088,#5089,
    #5090,#5091,#5092,#5093,#5094,#5095,#5096));
#5082 = ORIENTED_EDGE('',*,*,#4498,.F.);
#5083 = ORIENTED_EDGE('',*,*,#4449,.T.);
#5084 = ORIENTED_EDGE('',*,*,#4546,.F.);
#5085 = ORIENTED_EDGE('',*,*,#4647,.T.);
#5086 = ORIENTED_EDGE('',*,*,#4748,.F.);
#5087 = ORIENTED_EDGE('',*,*,#4849,.T.);
#5088 = ORIENTED_EDGE('',*,*,#3663,.T.);
#5089 = ORIENTED_EDGE('',*,*,#5059,.T.);
#5090 = ORIENTED_EDGE('',*,*,#3514,.F.);
#5091 = ORIENTED_EDGE('',*,*,#4873,.T.);
#5092 = ORIENTED_EDGE('',*,*,#4975,.T.);
#5093 = ORIENTED_EDGE('',*,*,#4920,.T.);
#5094 = ORIENTED_EDGE('',*,*,#4800,.F.);
#5095 = ORIENTED_EDGE('',*,*,#4694,.T.);
#5096 = ORIENTED_EDGE('',*,*,#4597,.F.);
#5097 = FACE_BOUND('',#5098,.T.);
#5098 = EDGE_LOOP('',(#5099));
#5099 = ORIENTED_EDGE('',*,*,#5100,.T.);
#5100 = EDGE_CURVE('',#5101,#5101,#5103,.T.);
#5101 = VERTEX_POINT('',#5102);
#5102 = CARTESIAN_POINT('',(19.8,22.,35.0000001));
#5103 = SURFACE_CURVE('',#5104,(#5109,#5120),.PCURVE_S1.);
#5104 = CIRCLE('',#5105,0.8);
#5105 = AXIS2_PLACEMENT_3D('',#5106,#5107,#5108);
#5106 = CARTESIAN_POINT('',(19.,22.,35.0000001));
#5107 = DIRECTION('',(0.,0.,-1.));
#5108 = DIRECTION('',(1.,0.,0.));
#5109 = PCURVE('',#3530,#5110);
#5110 = DEFINITIONAL_REPRESENTATION('',(#5111),#5119);
#5111 = ( BOUNDED_CURVE() B_SPLINE_CURVE(2,(#5112,#5113,#5114,#5115,
#5116,#5117,#5118),.UNSPECIFIED.,.T.,.F.) B_SPLINE_CURVE_WITH_KNOTS((1,2
    ,2,2,2,1),(-2.094395102393,0.,2.094395102393,4.188790204786,
6.28318530718,8.377580409573),.UNSPECIFIED.) CURVE() 
GEOMETRIC_REPRESENTATION_ITEM() RATIONAL_B_SPLINE_CURVE((1.,0.5,1.,0.5,
1.,0.5,1.)) REPRESENTATION_ITEM('') );
#5112 = CARTESIAN_POINT('',(19.8,22.));
#5113 = CARTESIAN_POINT('',(19.8,20.614359353945));
#5114 = CARTESIAN_POINT('',(18.6,21.307179676972));
#5115 = CARTESIAN_POINT('',(17.4,22.));
#5116 = CARTESIAN_POINT('',(18.6,22.692820323028));
#5117 = CARTESIAN_POINT('',(19.8,23.385640646055));
#5118 = CARTESIAN_POINT('',(19.8,22.));
#5119 = ( GEOMETRIC_REPRESENTATION_CONTEXT(2) 
PARAMETRIC_REPRESENTATION_CONTEXT() REPRESENTATION_CONTEXT('2D SPACE',''
  ) );
#5120 = PCURVE('',#5121,#5126);
#5121 = CYLINDRICAL_SURFACE('',#5122,0.8);
#5122 = AXIS2_PLACEMENT_3D('',#5123,#5124,#5125);
#5123 = CARTESIAN_POINT('',(19.,22.,31.6000001));
#5124 = DIRECTION('',(-0.,-0.,-1.));
#5125 = DIRECTION('',(1.,0.,0.));
#5126 = DEFINITIONAL_REPRESENTATION('',(#5127),#5131);
#5127 = LINE('',#5128,#5129);
#5128 = CARTESIAN_POINT('',(-6.28318530718,-3.4));
#5129 = VECTOR('',#5130,1.);
#5130 = DIRECTION('',(1.,-0.));
#5131 = ( GEOMETRIC_REPRESENTATION_CONTEXT(2) 
PARAMETRIC_REPRESENTATION_CONTEXT() REPRESENTATION_CONTEXT('2D SPACE',''
  ) );
#5132 = FACE_BOUND('',#5133,.T.);
#5133 = EDGE_LOOP('',(#5134));
#5134 = ORIENTED_EDGE('',*,*,#5135,.T.);
#5135 = EDGE_CURVE('',#5136,#5136,#5138,.T.);
#5136 = VERTEX_POINT('',#5137);
#5137 = CARTESIAN_POINT('',(20.8,28.,35.0000001));
#5138 = SURFACE_CURVE('',#5139,(#5144,#5155),.PCURVE_S1.);
#5139 = CIRCLE('',#5140,0.8);
#5140 = AXIS2_PLACEMENT_3D('',#5141,#5142,#5143);
#5141 = CARTESIAN_POINT('',(20.,28.,35.0000001));
#5142 = DIRECTION('',(0.,0.,-1.));
#5143 = DIRECTION('',(1.,0.,0.));
#5144 = PCURVE('',#3530,#5145);
#5145 = DEFINITIONAL_REPRESENTATION('',(#5146),#5154);
#5146 = ( BOUNDED_CURVE() B_SPLINE_CURVE(2,(#5147,#5148,#5149,#5150,
#5151,#5152,#5153),.UNSPECIFIED.,.T.,.F.) B_SPLINE_CURVE_WITH_KNOTS((1,2
    ,2,2,2,1),(-2.094395102393,0.,2.094395102393,4.188790204786,
6.28318530718,8.377580409573),.UNSPECIFIED.) CURVE() 
GEOMETRIC_REPRESENTATION_ITEM() RATIONAL_B_SPLINE_CURVE((1.,0.5,1.,0.5,
1.,0.5,1.)) REPRESENTATION_ITEM('') );
#5147 = CARTESIAN_POINT('',(20.8,28.));
#5148 = CARTESIAN_POINT('',(20.8,26.614359353945));
#5149 = CARTESIAN_POINT('',(19.6,27.307179676972));
#5150 = CARTESIAN_POINT('',(18.4,28.));
#5151 = CARTESIAN_POINT('',(19.6,28.692820323028));
#5152 = CARTESIAN_POINT('',(20.8,29.385640646055));
#5153 = CARTESIAN_POINT('',(20.8,28.));
#5154 = ( GEOMETRIC_REPRESENTATION_CONTEXT(2) 
PARAMETRIC_REPRESENTATION_CONTEXT() REPRESENTATION_CONTEXT('2D SPACE',''
  ) );
#5155 = PCURVE('',#5156,#5161);
#5156 = CYLINDRICAL_SURFACE('',#5157,0.8);
#5157 = AXIS2_PLACEMENT_3D('',#5158,#5159,#5160);
#5158 = CARTESIAN_POINT('',(20.,28.,31.6000001));
#5159 = DIRECTION('',(-0.,-0.,-1.));
#5160 = DIRECTION('',(1.,0.,0.));
#5161 = DEFINITIONAL_REPRESENTATION('',(#5162),#5166);
#5162 = LINE('',#5163,#5164);
#5163 = CARTESIAN_POINT('',(-6.28318530718,-3.4));
#5164 = VECTOR('',#5165,1.);
#5165 = DIRECTION('',(1.,-0.));
#5166 = ( GEOMETRIC_REPRESENTATION_CONTEXT(2) 
PARAMETRIC_REPRESENTATION_CONTEXT() REPRESENTATION_CONTEXT('2D SPACE',''
  ) );
#5167 = FACE_BOUND('',#5168,.T.);
#5168 = EDGE_LOOP('',(#5169,#5204,#5232,#5260,#5288,#5316));
#5169 = ORIENTED_EDGE('',*,*,#5170,.T.);
#5170 = EDGE_CURVE('',#5171,#5173,#5175,.T.);
#5171 = VERTEX_POINT('',#5172);
#5172 = CARTESIAN_POINT('',(84.5,20.745966692414,35.0000001));
#5173 = VERTEX_POINT('',#5174);
#5174 = CARTESIAN_POINT('',(84.5,5.254033307585,35.0000001));
#5175 = SURFACE_CURVE('',#5176,(#5181,#5192),.PCURVE_S1.);
#5176 = CIRCLE('',#5177,9.5);
#5177 = AXIS2_PLACEMENT_3D('',#5178,#5179,#5180);
#5178 = CARTESIAN_POINT('',(90.,13.,35.0000001));
#5179 = DIRECTION('',(0.,0.,-1.));
#5180 = DIRECTION('',(-0.578947368421,0.815364914991,0.));
#5181 = PCURVE('',#3530,#5182);
#5182 = DEFINITIONAL_REPRESENTATION('',(#5183),#5191);
#5183 = ( BOUNDED_CURVE() B_SPLINE_CURVE(2,(#5184,#5185,#5186,#5187,
#5188,#5189,#5190),.UNSPECIFIED.,.T.,.F.) B_SPLINE_CURVE_WITH_KNOTS((1,2
    ,2,2,2,1),(-2.094395102393,0.,2.094395102393,4.188790204786,
6.28318530718,8.377580409573),.UNSPECIFIED.) CURVE() 
GEOMETRIC_REPRESENTATION_ITEM() RATIONAL_B_SPLINE_CURVE((1.,0.5,1.,0.5,
1.,0.5,1.)) REPRESENTATION_ITEM('') );
#5184 = CARTESIAN_POINT('',(84.5,20.745966692415));
#5185 = CARTESIAN_POINT('',(97.916407864998,30.272246134044));
#5186 = CARTESIAN_POINT('',(99.458203932499,13.890156374608));
#5187 = CARTESIAN_POINT('',(101.,-2.491933384829));
#5188 = CARTESIAN_POINT('',(86.041796067501,4.363876932978));
#5189 = CARTESIAN_POINT('',(71.083592135001,11.219687250785));
#5190 = CARTESIAN_POINT('',(84.5,20.745966692415));
#5191 = ( GEOMETRIC_REPRESENTATION_CONTEXT(2) 
PARAMETRIC_REPRESENTATION_CONTEXT() REPRESENTATION_CONTEXT('2D SPACE',''
  ) );
#5192 = PCURVE('',#5193,#5198);
#5193 = CYLINDRICAL_SURFACE('',#5194,9.5);
#5194 = AXIS2_PLACEMENT_3D('',#5195,#5196,#5197);
#5195 = CARTESIAN_POINT('',(90.,13.,35.0000001));
#5196 = DIRECTION('',(-0.,-0.,-1.));
#5197 = DIRECTION('',(1.,0.,0.));
#5198 = DEFINITIONAL_REPRESENTATION('',(#5199),#5203);
#5199 = LINE('',#5200,#5201);
#5200 = CARTESIAN_POINT('',(-8.47141873759,0.));
#5201 = VECTOR('',#5202,1.);
#5202 = DIRECTION('',(1.,-0.));
#5203 = ( GEOMETRIC_REPRESENTATION_CONTEXT(2) 
PARAMETRIC_REPRESENTATION_CONTEXT() REPRESENTATION_CONTEXT('2D SPACE',''
  ) );
#5204 = ORIENTED_EDGE('',*,*,#5205,.F.);
#5205 = EDGE_CURVE('',#5206,#5173,#5208,.T.);
#5206 = VERTEX_POINT('',#5207);
#5207 = CARTESIAN_POINT('',(84.5,4.5,35.0000001));
#5208 = SURFACE_CURVE('',#5209,(#5213,#5220),.PCURVE_S1.);
#5209 = LINE('',#5210,#5211);
#5210 = CARTESIAN_POINT('',(84.5,4.5,35.0000001));
#5211 = VECTOR('',#5212,1.);
#5212 = DIRECTION('',(0.,1.,0.));
#5213 = PCURVE('',#3530,#5214);
#5214 = DEFINITIONAL_REPRESENTATION('',(#5215),#5219);
#5215 = LINE('',#5216,#5217);
#5216 = CARTESIAN_POINT('',(84.5,4.5));
#5217 = VECTOR('',#5218,1.);
#5218 = DIRECTION('',(0.,1.));
#5219 = ( GEOMETRIC_REPRESENTATION_CONTEXT(2) 
PARAMETRIC_REPRESENTATION_CONTEXT() REPRESENTATION_CONTEXT('2D SPACE',''
  ) );
#5220 = PCURVE('',#5221,#5226);
#5221 = PLANE('',#5222);
#5222 = AXIS2_PLACEMENT_3D('',#5223,#5224,#5225);
#5223 = CARTESIAN_POINT('',(84.5,4.5,35.0000001));
#5224 = DIRECTION('',(1.,0.,0.));
#5225 = DIRECTION('',(0.,0.,1.));
#5226 = DEFINITIONAL_REPRESENTATION('',(#5227),#5231);
#5227 = LINE('',#5228,#5229);
#5228 = CARTESIAN_POINT('',(0.,0.));
#5229 = VECTOR('',#5230,1.);
#5230 = DIRECTION('',(0.,-1.));
#5231 = ( GEOMETRIC_REPRESENTATION_CONTEXT(2) 
PARAMETRIC_REPRESENTATION_CONTEXT() REPRESENTATION_CONTEXT('2D SPACE',''
  ) );
#5232 = ORIENTED_EDGE('',*,*,#5233,.F.);
#5233 = EDGE_CURVE('',#5234,#5206,#5236,.T.);
#5234 = VERTEX_POINT('',#5235);
#5235 = CARTESIAN_POINT('',(63.,4.5,35.0000001));
#5236 = SURFACE_CURVE('',#5237,(#5241,#5248),.PCURVE_S1.);
#5237 = LINE('',#5238,#5239);
#5238 = CARTESIAN_POINT('',(63.,4.5,35.0000001));
#5239 = VECTOR('',#5240,1.);
#5240 = DIRECTION('',(1.,0.,0.));
#5241 = PCURVE('',#3530,#5242);
#5242 = DEFINITIONAL_REPRESENTATION('',(#5243),#5247);
#5243 = LINE('',#5244,#5245);
#5244 = CARTESIAN_POINT('',(63.,4.5));
#5245 = VECTOR('',#5246,1.);
#5246 = DIRECTION('',(1.,0.));
#5247 = ( GEOMETRIC_REPRESENTATION_CONTEXT(2) 
PARAMETRIC_REPRESENTATION_CONTEXT() REPRESENTATION_CONTEXT('2D SPACE',''
  ) );
#5248 = PCURVE('',#5249,#5254);
#5249 = PLANE('',#5250);
#5250 = AXIS2_PLACEMENT_3D('',#5251,#5252,#5253);
#5251 = CARTESIAN_POINT('',(63.,4.5,35.0000001));
#5252 = DIRECTION('',(0.,1.,0.));
#5253 = DIRECTION('',(0.,0.,1.));
#5254 = DEFINITIONAL_REPRESENTATION('',(#5255),#5259);
#5255 = LINE('',#5256,#5257);
#5256 = CARTESIAN_POINT('',(0.,0.));
#5257 = VECTOR('',#5258,1.);
#5258 = DIRECTION('',(0.,1.));
#5259 = ( GEOMETRIC_REPRESENTATION_CONTEXT(2) 
PARAMETRIC_REPRESENTATION_CONTEXT() REPRESENTATION_CONTEXT('2D SPACE',''
  ) );
#5260 = ORIENTED_EDGE('',*,*,#5261,.T.);
#5261 = EDGE_CURVE('',#5234,#5262,#5264,.T.);
#5262 = VERTEX_POINT('',#5263);
#5263 = CARTESIAN_POINT('',(63.,27.,35.0000001));
#5264 = SURFACE_CURVE('',#5265,(#5269,#5276),.PCURVE_S1.);
#5265 = LINE('',#5266,#5267);
#5266 = CARTESIAN_POINT('',(63.,4.5,35.0000001));
#5267 = VECTOR('',#5268,1.);
#5268 = DIRECTION('',(0.,1.,0.));
#5269 = PCURVE('',#3530,#5270);
#5270 = DEFINITIONAL_REPRESENTATION('',(#5271),#5275);
#5271 = LINE('',#5272,#5273);
#5272 = CARTESIAN_POINT('',(63.,4.5));
#5273 = VECTOR('',#5274,1.);
#5274 = DIRECTION('',(0.,1.));
#5275 = ( GEOMETRIC_REPRESENTATION_CONTEXT(2) 
PARAMETRIC_REPRESENTATION_CONTEXT() REPRESENTATION_CONTEXT('2D SPACE',''
  ) );
#5276 = PCURVE('',#5277,#5282);
#5277 = PLANE('',#5278);
#5278 = AXIS2_PLACEMENT_3D('',#5279,#5280,#5281);
#5279 = CARTESIAN_POINT('',(63.,4.5,35.0000001));
#5280 = DIRECTION('',(1.,0.,0.));
#5281 = DIRECTION('',(0.,0.,1.));
#5282 = DEFINITIONAL_REPRESENTATION('',(#5283),#5287);
#5283 = LINE('',#5284,#5285);
#5284 = CARTESIAN_POINT('',(0.,0.));
#5285 = VECTOR('',#5286,1.);
#5286 = DIRECTION('',(0.,-1.));
#5287 = ( GEOMETRIC_REPRESENTATION_CONTEXT(2) 
PARAMETRIC_REPRESENTATION_CONTEXT() REPRESENTATION_CONTEXT('2D SPACE',''
  ) );
#5288 = ORIENTED_EDGE('',*,*,#5289,.T.);
#5289 = EDGE_CURVE('',#5262,#5290,#5292,.T.);
#5290 = VERTEX_POINT('',#5291);
#5291 = CARTESIAN_POINT('',(84.5,27.,35.0000001));
#5292 = SURFACE_CURVE('',#5293,(#5297,#5304),.PCURVE_S1.);
#5293 = LINE('',#5294,#5295);
#5294 = CARTESIAN_POINT('',(63.,27.,35.0000001));
#5295 = VECTOR('',#5296,1.);
#5296 = DIRECTION('',(1.,0.,0.));
#5297 = PCURVE('',#3530,#5298);
#5298 = DEFINITIONAL_REPRESENTATION('',(#5299),#5303);
#5299 = LINE('',#5300,#5301);
#5300 = CARTESIAN_POINT('',(63.,27.));
#5301 = VECTOR('',#5302,1.);
#5302 = DIRECTION('',(1.,0.));
#5303 = ( GEOMETRIC_REPRESENTATION_CONTEXT(2) 
PARAMETRIC_REPRESENTATION_CONTEXT() REPRESENTATION_CONTEXT('2D SPACE',''
  ) );
#5304 = PCURVE('',#5305,#5310);
#5305 = PLANE('',#5306);
#5306 = AXIS2_PLACEMENT_3D('',#5307,#5308,#5309);
#5307 = CARTESIAN_POINT('',(63.,27.,35.0000001));
#5308 = DIRECTION('',(0.,1.,0.));
#5309 = DIRECTION('',(0.,0.,1.));
#5310 = DEFINITIONAL_REPRESENTATION('',(#5311),#5315);
#5311 = LINE('',#5312,#5313);
#5312 = CARTESIAN_POINT('',(0.,0.));
#5313 = VECTOR('',#5314,1.);
#5314 = DIRECTION('',(0.,1.));
#5315 = ( GEOMETRIC_REPRESENTATION_CONTEXT(2) 
PARAMETRIC_REPRESENTATION_CONTEXT() REPRESENTATION_CONTEXT('2D SPACE',''
  ) );
#5316 = ORIENTED_EDGE('',*,*,#5317,.F.);
#5317 = EDGE_CURVE('',#5171,#5290,#5318,.T.);
#5318 = SURFACE_CURVE('',#5319,(#5323,#5330),.PCURVE_S1.);
#5319 = LINE('',#5320,#5321);
#5320 = CARTESIAN_POINT('',(84.5,4.5,35.0000001));
#5321 = VECTOR('',#5322,1.);
#5322 = DIRECTION('',(0.,1.,0.));
#5323 = PCURVE('',#3530,#5324);
#5324 = DEFINITIONAL_REPRESENTATION('',(#5325),#5329);
#5325 = LINE('',#5326,#5327);
#5326 = CARTESIAN_POINT('',(84.5,4.5));
#5327 = VECTOR('',#5328,1.);
#5328 = DIRECTION('',(0.,1.));
#5329 = ( GEOMETRIC_REPRESENTATION_CONTEXT(2) 
PARAMETRIC_REPRESENTATION_CONTEXT() REPRESENTATION_CONTEXT('2D SPACE',''
  ) );
#5330 = PCURVE('',#5331,#5336);
#5331 = PLANE('',#5332);
#5332 = AXIS2_PLACEMENT_3D('',#5333,#5334,#5335);
#5333 = CARTESIAN_POINT('',(84.5,4.5,35.0000001));
#5334 = DIRECTION('',(1.,0.,0.));
#5335 = DIRECTION('',(0.,0.,1.));
#5336 = DEFINITIONAL_REPRESENTATION('',(#5337),#5341);
#5337 = LINE('',#5338,#5339);
#5338 = CARTESIAN_POINT('',(0.,0.));
#5339 = VECTOR('',#5340,1.);
#5340 = DIRECTION('',(0.,-1.));
#5341 = ( GEOMETRIC_REPRESENTATION_CONTEXT(2) 
PARAMETRIC_REPRESENTATION_CONTEXT() REPRESENTATION_CONTEXT('2D SPACE',''
  ) );
#5342 = FACE_BOUND('',#5343,.T.);
#5343 = EDGE_LOOP('',(#5344));
#5344 = ORIENTED_EDGE('',*,*,#5345,.T.);
#5345 = EDGE_CURVE('',#5346,#5346,#5348,.T.);
#5346 = VERTEX_POINT('',#5347);
#5347 = CARTESIAN_POINT('',(50.8,28.,35.0000001));
#5348 = SURFACE_CURVE('',#5349,(#5354,#5365),.PCURVE_S1.);
#5349 = CIRCLE('',#5350,0.8);
#5350 = AXIS2_PLACEMENT_3D('',#5351,#5352,#5353);
#5351 = CARTESIAN_POINT('',(50.,28.,35.0000001));
#5352 = DIRECTION('',(0.,0.,-1.));
#5353 = DIRECTION('',(1.,0.,0.));
#5354 = PCURVE('',#3530,#5355);
#5355 = DEFINITIONAL_REPRESENTATION('',(#5356),#5364);
#5356 = ( BOUNDED_CURVE() B_SPLINE_CURVE(2,(#5357,#5358,#5359,#5360,
#5361,#5362,#5363),.UNSPECIFIED.,.T.,.F.) B_SPLINE_CURVE_WITH_KNOTS((1,2
    ,2,2,2,1),(-2.094395102393,0.,2.094395102393,4.188790204786,
6.28318530718,8.377580409573),.UNSPECIFIED.) CURVE() 
GEOMETRIC_REPRESENTATION_ITEM() RATIONAL_B_SPLINE_CURVE((1.,0.5,1.,0.5,
1.,0.5,1.)) REPRESENTATION_ITEM('') );
#5357 = CARTESIAN_POINT('',(50.8,28.));
#5358 = CARTESIAN_POINT('',(50.8,26.614359353945));
#5359 = CARTESIAN_POINT('',(49.6,27.307179676972));
#5360 = CARTESIAN_POINT('',(48.4,28.));
#5361 = CARTESIAN_POINT('',(49.6,28.692820323028));
#5362 = CARTESIAN_POINT('',(50.8,29.385640646055));
#5363 = CARTESIAN_POINT('',(50.8,28.));
#5364 = ( GEOMETRIC_REPRESENTATION_CONTEXT(2) 
PARAMETRIC_REPRESENTATION_CONTEXT() REPRESENTATION_CONTEXT('2D SPACE',''
  ) );
#5365 = PCURVE('',#5366,#5371);
#5366 = CYLINDRICAL_SURFACE('',#5367,0.8);
#5367 = AXIS2_PLACEMENT_3D('',#5368,#5369,#5370);
#5368 = CARTESIAN_POINT('',(50.,28.,31.6000001));
#5369 = DIRECTION('',(-0.,-0.,-1.));
#5370 = DIRECTION('',(1.,0.,0.));
#5371 = DEFINITIONAL_REPRESENTATION('',(#5372),#5376);
#5372 = LINE('',#5373,#5374);
#5373 = CARTESIAN_POINT('',(-6.28318530718,-3.4));
#5374 = VECTOR('',#5375,1.);
#5375 = DIRECTION('',(1.,-0.));
#5376 = ( GEOMETRIC_REPRESENTATION_CONTEXT(2) 
PARAMETRIC_REPRESENTATION_CONTEXT() REPRESENTATION_CONTEXT('2D SPACE',''
  ) );
#5377 = FACE_BOUND('',#5378,.T.);
#5378 = EDGE_LOOP('',(#5379));
#5379 = ORIENTED_EDGE('',*,*,#5380,.T.);
#5380 = EDGE_CURVE('',#5381,#5381,#5383,.T.);
#5381 = VERTEX_POINT('',#5382);
#5382 = CARTESIAN_POINT('',(60.8,22.,35.0000001));
#5383 = SURFACE_CURVE('',#5384,(#5389,#5400),.PCURVE_S1.);
#5384 = CIRCLE('',#5385,0.8);
#5385 = AXIS2_PLACEMENT_3D('',#5386,#5387,#5388);
#5386 = CARTESIAN_POINT('',(60.,22.,35.0000001));
#5387 = DIRECTION('',(0.,0.,-1.));
#5388 = DIRECTION('',(1.,0.,0.));
#5389 = PCURVE('',#3530,#5390);
#5390 = DEFINITIONAL_REPRESENTATION('',(#5391),#5399);
#5391 = ( BOUNDED_CURVE() B_SPLINE_CURVE(2,(#5392,#5393,#5394,#5395,
#5396,#5397,#5398),.UNSPECIFIED.,.T.,.F.) B_SPLINE_CURVE_WITH_KNOTS((1,2
    ,2,2,2,1),(-2.094395102393,0.,2.094395102393,4.188790204786,
6.28318530718,8.377580409573),.UNSPECIFIED.) CURVE() 
GEOMETRIC_REPRESENTATION_ITEM() RATIONAL_B_SPLINE_CURVE((1.,0.5,1.,0.5,
1.,0.5,1.)) REPRESENTATION_ITEM('') );
#5392 = CARTESIAN_POINT('',(60.8,22.));
#5393 = CARTESIAN_POINT('',(60.8,20.614359353945));
#5394 = CARTESIAN_POINT('',(59.6,21.307179676972));
#5395 = CARTESIAN_POINT('',(58.4,22.));
#5396 = CARTESIAN_POINT('',(59.6,22.692820323028));
#5397 = CARTESIAN_POINT('',(60.8,23.385640646055));
#5398 = CARTESIAN_POINT('',(60.8,22.));
#5399 = ( GEOMETRIC_REPRESENTATION_CONTEXT(2) 
PARAMETRIC_REPRESENTATION_CONTEXT() REPRESENTATION_CONTEXT('2D SPACE',''
  ) );
#5400 = PCURVE('',#5401,#5406);
#5401 = CYLINDRICAL_SURFACE('',#5402,0.8);
#5402 = AXIS2_PLACEMENT_3D('',#5403,#5404,#5405);
#5403 = CARTESIAN_POINT('',(60.,22.,31.6000001));
#5404 = DIRECTION('',(-0.,-0.,-1.));
#5405 = DIRECTION('',(1.,0.,0.));
#5406 = DEFINITIONAL_REPRESENTATION('',(#5407),#5411);
#5407 = LINE('',#5408,#5409);
#5408 = CARTESIAN_POINT('',(-6.28318530718,-3.4));
#5409 = VECTOR('',#5410,1.);
#5410 = DIRECTION('',(1.,-0.));
#5411 = ( GEOMETRIC_REPRESENTATION_CONTEXT(2) 
PARAMETRIC_REPRESENTATION_CONTEXT() REPRESENTATION_CONTEXT('2D SPACE',''
  ) );
#5412 = FACE_BOUND('',#5413,.T.);
#5413 = EDGE_LOOP('',(#5414));
#5414 = ORIENTED_EDGE('',*,*,#5415,.T.);
#5415 = EDGE_CURVE('',#5416,#5416,#5418,.T.);
#5416 = VERTEX_POINT('',#5417);
#5417 = CARTESIAN_POINT('',(70.8,34.,35.0000001));
#5418 = SURFACE_CURVE('',#5419,(#5424,#5435),.PCURVE_S1.);
#5419 = CIRCLE('',#5420,0.8);
#5420 = AXIS2_PLACEMENT_3D('',#5421,#5422,#5423);
#5421 = CARTESIAN_POINT('',(70.,34.,35.0000001));
#5422 = DIRECTION('',(0.,0.,-1.));
#5423 = DIRECTION('',(1.,0.,0.));
#5424 = PCURVE('',#3530,#5425);
#5425 = DEFINITIONAL_REPRESENTATION('',(#5426),#5434);
#5426 = ( BOUNDED_CURVE() B_SPLINE_CURVE(2,(#5427,#5428,#5429,#5430,
#5431,#5432,#5433),.UNSPECIFIED.,.T.,.F.) B_SPLINE_CURVE_WITH_KNOTS((1,2
    ,2,2,2,1),(-2.094395102393,0.,2.094395102393,4.188790204786,
6.28318530718,8.377580409573),.UNSPECIFIED.) CURVE() 
GEOMETRIC_REPRESENTATION_ITEM() RATIONAL_B_SPLINE_CURVE((1.,0.5,1.,0.5,
1.,0.5,1.)) REPRESENTATION_ITEM('') );
#5427 = CARTESIAN_POINT('',(70.8,34.));
#5428 = CARTESIAN_POINT('',(70.8,32.614359353945));
#5429 = CARTESIAN_POINT('',(69.6,33.307179676972));
#5430 = CARTESIAN_POINT('',(68.4,34.));
#5431 = CARTESIAN_POINT('',(69.6,34.692820323028));
#5432 = CARTESIAN_POINT('',(70.8,35.385640646055));
#5433 = CARTESIAN_POINT('',(70.8,34.));
#5434 = ( GEOMETRIC_REPRESENTATION_CONTEXT(2) 
PARAMETRIC_REPRESENTATION_CONTEXT() REPRESENTATION_CONTEXT('2D SPACE',''
  ) );
#5435 = PCURVE('',#5436,#5441);
#5436 = CYLINDRICAL_SURFACE('',#5437,0.8);
#5437 = AXIS2_PLACEMENT_3D('',#5438,#5439,#5440);
#5438 = CARTESIAN_POINT('',(70.,34.,31.6000001));
#5439 = DIRECTION('',(-0.,-0.,-1.));
#5440 = DIRECTION('',(1.,0.,0.));
#5441 = DEFINITIONAL_REPRESENTATION('',(#5442),#5446);
#5442 = LINE('',#5443,#5444);
#5443 = CARTESIAN_POINT('',(-6.28318530718,-3.4));
#5444 = VECTOR('',#5445,1.);
#5445 = DIRECTION('',(1.,-0.));
#5446 = ( GEOMETRIC_REPRESENTATION_CONTEXT(2) 
PARAMETRIC_REPRESENTATION_CONTEXT() REPRESENTATION_CONTEXT('2D SPACE',''
  ) );
#5447 = FACE_BOUND('',#5448,.T.);
#5448 = EDGE_LOOP('',(#5449));
#5449 = ORIENTED_EDGE('',*,*,#5450,.T.);
#5450 = EDGE_CURVE('',#5451,#5451,#5453,.T.);
#5451 = VERTEX_POINT('',#5452);
#5452 = CARTESIAN_POINT('',(96.8,34.,35.0000001));
#5453 = SURFACE_CURVE('',#5454,(#5459,#5470),.PCURVE_S1.);
#5454 = CIRCLE('',#5455,0.8);
#5455 = AXIS2_PLACEMENT_3D('',#5456,#5457,#5458);
#5456 = CARTESIAN_POINT('',(96.,34.,35.0000001));
#5457 = DIRECTION('',(0.,0.,-1.));
#5458 = DIRECTION('',(1.,0.,0.));
#5459 = PCURVE('',#3530,#5460);
#5460 = DEFINITIONAL_REPRESENTATION('',(#5461),#5469);
#5461 = ( BOUNDED_CURVE() B_SPLINE_CURVE(2,(#5462,#5463,#5464,#5465,
#5466,#5467,#5468),.UNSPECIFIED.,.T.,.F.) B_SPLINE_CURVE_WITH_KNOTS((1,2
    ,2,2,2,1),(-2.094395102393,0.,2.094395102393,4.188790204786,
6.28318530718,8.377580409573),.UNSPECIFIED.) CURVE() 
GEOMETRIC_REPRESENTATION_ITEM() RATIONAL_B_SPLINE_CURVE((1.,0.5,1.,0.5,
1.,0.5,1.)) REPRESENTATION_ITEM('') );
#5462 = CARTESIAN_POINT('',(96.8,34.));
#5463 = CARTESIAN_POINT('',(96.8,32.614359353945));
#5464 = CARTESIAN_POINT('',(95.6,33.307179676972));
#5465 = CARTESIAN_POINT('',(94.4,34.));
#5466 = CARTESIAN_POINT('',(95.6,34.692820323028));
#5467 = CARTESIAN_POINT('',(96.8,35.385640646055));
#5468 = CARTESIAN_POINT('',(96.8,34.));
#5469 = ( GEOMETRIC_REPRESENTATION_CONTEXT(2) 
PARAMETRIC_REPRESENTATION_CONTEXT() REPRESENTATION_CONTEXT('2D SPACE',''
  ) );
#5470 = PCURVE('',#5471,#5476);
#5471 = CYLINDRICAL_SURFACE('',#5472,0.8);
#5472 = AXIS2_PLACEMENT_3D('',#5473,#5474,#5475);
#5473 = CARTESIAN_POINT('',(96.,34.,31.6000001));
#5474 = DIRECTION('',(-0.,-0.,-1.));
#5475 = DIRECTION('',(1.,0.,0.));
#5476 = DEFINITIONAL_REPRESENTATION('',(#5477),#5481);
#5477 = LINE('',#5478,#5479);
#5478 = CARTESIAN_POINT('',(-6.28318530718,-3.4));
#5479 = VECTOR('',#5480,1.);
#5480 = DIRECTION('',(1.,-0.));
#5481 = ( GEOMETRIC_REPRESENTATION_CONTEXT(2) 
PARAMETRIC_REPRESENTATION_CONTEXT() REPRESENTATION_CONTEXT('2D SPACE',''
  ) );
#5482 = FACE_BOUND('',#5483,.T.);
#5483 = EDGE_LOOP('',(#5484));
#5484 = ORIENTED_EDGE('',*,*,#5485,.T.);
#5485 = EDGE_CURVE('',#5486,#5486,#5488,.T.);
#5486 = VERTEX_POINT('',#5487);
#5487 = CARTESIAN_POINT('',(106.8,34.,35.0000001));
#5488 = SURFACE_CURVE('',#5489,(#5494,#5505),.PCURVE_S1.);
#5489 = CIRCLE('',#5490,0.8);
#5490 = AXIS2_PLACEMENT_3D('',#5491,#5492,#5493);
#5491 = CARTESIAN_POINT('',(106.,34.,35.0000001));
#5492 = DIRECTION('',(0.,0.,-1.));
#5493 = DIRECTION('',(1.,0.,0.));
#5494 = PCURVE('',#3530,#5495);
#5495 = DEFINITIONAL_REPRESENTATION('',(#5496),#5504);
#5496 = ( BOUNDED_CURVE() B_SPLINE_CURVE(2,(#5497,#5498,#5499,#5500,
#5501,#5502,#5503),.UNSPECIFIED.,.T.,.F.) B_SPLINE_CURVE_WITH_KNOTS((1,2
    ,2,2,2,1),(-2.094395102393,0.,2.094395102393,4.188790204786,
6.28318530718,8.377580409573),.UNSPECIFIED.) CURVE() 
GEOMETRIC_REPRESENTATION_ITEM() RATIONAL_B_SPLINE_CURVE((1.,0.5,1.,0.5,
1.,0.5,1.)) REPRESENTATION_ITEM('') );
#5497 = CARTESIAN_POINT('',(106.8,34.));
#5498 = CARTESIAN_POINT('',(106.8,32.614359353945));
#5499 = CARTESIAN_POINT('',(105.6,33.307179676972));
#5500 = CARTESIAN_POINT('',(104.4,34.));
#5501 = CARTESIAN_POINT('',(105.6,34.692820323028));
#5502 = CARTESIAN_POINT('',(106.8,35.385640646055));
#5503 = CARTESIAN_POINT('',(106.8,34.));
#5504 = ( GEOMETRIC_REPRESENTATION_CONTEXT(2) 
PARAMETRIC_REPRESENTATION_CONTEXT() REPRESENTATION_CONTEXT('2D SPACE',''
  ) );
#5505 = PCURVE('',#5506,#5511);
#5506 = CYLINDRICAL_SURFACE('',#5507,0.8);
#5507 = AXIS2_PLACEMENT_3D('',#5508,#5509,#5510);
#5508 = CARTESIAN_POINT('',(106.,34.,31.6000001));
#5509 = DIRECTION('',(-0.,-0.,-1.));
#5510 = DIRECTION('',(1.,0.,0.));
#5511 = DEFINITIONAL_REPRESENTATION('',(#5512),#5516);
#5512 = LINE('',#5513,#5514);
#5513 = CARTESIAN_POINT('',(-6.28318530718,-3.4));
#5514 = VECTOR('',#5515,1.);
#5515 = DIRECTION('',(1.,-0.));
#5516 = ( GEOMETRIC_REPRESENTATION_CONTEXT(2) 
PARAMETRIC_REPRESENTATION_CONTEXT() REPRESENTATION_CONTEXT('2D SPACE',''
  ) );
#5517 = FACE_BOUND('',#5518,.T.);
#5518 = EDGE_LOOP('',(#5519));
#5519 = ORIENTED_EDGE('',*,*,#5520,.T.);
#5520 = EDGE_CURVE('',#5521,#5521,#5523,.T.);
#5521 = VERTEX_POINT('',#5522);
#5522 = CARTESIAN_POINT('',(164.8,34.,35.0000001));
#5523 = SURFACE_CURVE('',#5524,(#5529,#5540),.PCURVE_S1.);
#5524 = CIRCLE('',#5525,0.8);
#5525 = AXIS2_PLACEMENT_3D('',#5526,#5527,#5528);
#5526 = CARTESIAN_POINT('',(164.,34.,35.0000001));
#5527 = DIRECTION('',(0.,0.,-1.));
#5528 = DIRECTION('',(1.,0.,0.));
#5529 = PCURVE('',#3530,#5530);
#5530 = DEFINITIONAL_REPRESENTATION('',(#5531),#5539);
#5531 = ( BOUNDED_CURVE() B_SPLINE_CURVE(2,(#5532,#5533,#5534,#5535,
#5536,#5537,#5538),.UNSPECIFIED.,.T.,.F.) B_SPLINE_CURVE_WITH_KNOTS((1,2
    ,2,2,2,1),(-2.094395102393,0.,2.094395102393,4.188790204786,
6.28318530718,8.377580409573),.UNSPECIFIED.) CURVE() 
GEOMETRIC_REPRESENTATION_ITEM() RATIONAL_B_SPLINE_CURVE((1.,0.5,1.,0.5,
1.,0.5,1.)) REPRESENTATION_ITEM('') );
#5532 = CARTESIAN_POINT('',(164.8,34.));
#5533 = CARTESIAN_POINT('',(164.8,32.614359353945));
#5534 = CARTESIAN_POINT('',(163.6,33.307179676972));
#5535 = CARTESIAN_POINT('',(162.4,34.));
#5536 = CARTESIAN_POINT('',(163.6,34.692820323028));
#5537 = CARTESIAN_POINT('',(164.8,35.385640646055));
#5538 = CARTESIAN_POINT('',(164.8,34.));
#5539 = ( GEOMETRIC_REPRESENTATION_CONTEXT(2) 
PARAMETRIC_REPRESENTATION_CONTEXT() REPRESENTATION_CONTEXT('2D SPACE',''
  ) );
#5540 = PCURVE('',#5541,#5546);
#5541 = CYLINDRICAL_SURFACE('',#5542,0.8);
#5542 = AXIS2_PLACEMENT_3D('',#5543,#5544,#5545);
#5543 = CARTESIAN_POINT('',(164.,34.,31.6000001));
#5544 = DIRECTION('',(-0.,-0.,-1.));
#5545 = DIRECTION('',(1.,0.,0.));
#5546 = DEFINITIONAL_REPRESENTATION('',(#5547),#5551);
#5547 = LINE('',#5548,#5549);
#5548 = CARTESIAN_POINT('',(-6.28318530718,-3.4));
#5549 = VECTOR('',#5550,1.);
#5550 = DIRECTION('',(1.,-0.));
#5551 = ( GEOMETRIC_REPRESENTATION_CONTEXT(2) 
PARAMETRIC_REPRESENTATION_CONTEXT() REPRESENTATION_CONTEXT('2D SPACE',''
  ) );
#5552 = FACE_BOUND('',#5553,.T.);
#5553 = EDGE_LOOP('',(#5554));
#5554 = ORIENTED_EDGE('',*,*,#5555,.T.);
#5555 = EDGE_CURVE('',#5556,#5556,#5558,.T.);
#5556 = VERTEX_POINT('',#5557);
#5557 = CARTESIAN_POINT('',(11.8,82.5,35.0000001));
#5558 = SURFACE_CURVE('',#5559,(#5564,#5575),.PCURVE_S1.);
#5559 = CIRCLE('',#5560,0.8);
#5560 = AXIS2_PLACEMENT_3D('',#5561,#5562,#5563);
#5561 = CARTESIAN_POINT('',(11.,82.5,35.0000001));
#5562 = DIRECTION('',(0.,0.,-1.));
#5563 = DIRECTION('',(1.,0.,0.));
#5564 = PCURVE('',#3530,#5565);
#5565 = DEFINITIONAL_REPRESENTATION('',(#5566),#5574);
#5566 = ( BOUNDED_CURVE() B_SPLINE_CURVE(2,(#5567,#5568,#5569,#5570,
#5571,#5572,#5573),.UNSPECIFIED.,.T.,.F.) B_SPLINE_CURVE_WITH_KNOTS((1,2
    ,2,2,2,1),(-2.094395102393,0.,2.094395102393,4.188790204786,
6.28318530718,8.377580409573),.UNSPECIFIED.) CURVE() 
GEOMETRIC_REPRESENTATION_ITEM() RATIONAL_B_SPLINE_CURVE((1.,0.5,1.,0.5,
1.,0.5,1.)) REPRESENTATION_ITEM('') );
#5567 = CARTESIAN_POINT('',(11.8,82.5));
#5568 = CARTESIAN_POINT('',(11.8,81.114359353945));
#5569 = CARTESIAN_POINT('',(10.6,81.807179676972));
#5570 = CARTESIAN_POINT('',(9.4,82.5));
#5571 = CARTESIAN_POINT('',(10.6,83.192820323028));
#5572 = CARTESIAN_POINT('',(11.8,83.885640646055));
#5573 = CARTESIAN_POINT('',(11.8,82.5));
#5574 = ( GEOMETRIC_REPRESENTATION_CONTEXT(2) 
PARAMETRIC_REPRESENTATION_CONTEXT() REPRESENTATION_CONTEXT('2D SPACE',''
  ) );
#5575 = PCURVE('',#5576,#5581);
#5576 = CYLINDRICAL_SURFACE('',#5577,0.8);
#5577 = AXIS2_PLACEMENT_3D('',#5578,#5579,#5580);
#5578 = CARTESIAN_POINT('',(11.,82.5,31.6000001));
#5579 = DIRECTION('',(-0.,-0.,-1.));
#5580 = DIRECTION('',(1.,0.,0.));
#5581 = DEFINITIONAL_REPRESENTATION('',(#5582),#5586);
#5582 = LINE('',#5583,#5584);
#5583 = CARTESIAN_POINT('',(-6.28318530718,-3.4));
#5584 = VECTOR('',#5585,1.);
#5585 = DIRECTION('',(1.,-0.));
#5586 = ( GEOMETRIC_REPRESENTATION_CONTEXT(2) 
PARAMETRIC_REPRESENTATION_CONTEXT() REPRESENTATION_CONTEXT('2D SPACE',''
  ) );
#5587 = FACE_BOUND('',#5588,.T.);
#5588 = EDGE_LOOP('',(#5589));
#5589 = ORIENTED_EDGE('',*,*,#5590,.T.);
#5590 = EDGE_CURVE('',#5591,#5591,#5593,.T.);
#5591 = VERTEX_POINT('',#5592);
#5592 = CARTESIAN_POINT('',(79.8,82.5,35.0000001));
#5593 = SURFACE_CURVE('',#5594,(#5599,#5610),.PCURVE_S1.);
#5594 = CIRCLE('',#5595,0.8);
#5595 = AXIS2_PLACEMENT_3D('',#5596,#5597,#5598);
#5596 = CARTESIAN_POINT('',(79.,82.5,35.0000001));
#5597 = DIRECTION('',(0.,0.,-1.));
#5598 = DIRECTION('',(1.,0.,0.));
#5599 = PCURVE('',#3530,#5600);
#5600 = DEFINITIONAL_REPRESENTATION('',(#5601),#5609);
#5601 = ( BOUNDED_CURVE() B_SPLINE_CURVE(2,(#5602,#5603,#5604,#5605,
#5606,#5607,#5608),.UNSPECIFIED.,.T.,.F.) B_SPLINE_CURVE_WITH_KNOTS((1,2
    ,2,2,2,1),(-2.094395102393,0.,2.094395102393,4.188790204786,
6.28318530718,8.377580409573),.UNSPECIFIED.) CURVE() 
GEOMETRIC_REPRESENTATION_ITEM() RATIONAL_B_SPLINE_CURVE((1.,0.5,1.,0.5,
1.,0.5,1.)) REPRESENTATION_ITEM('') );
#5602 = CARTESIAN_POINT('',(79.8,82.5));
#5603 = CARTESIAN_POINT('',(79.8,81.114359353945));
#5604 = CARTESIAN_POINT('',(78.6,81.807179676972));
#5605 = CARTESIAN_POINT('',(77.4,82.5));
#5606 = CARTESIAN_POINT('',(78.6,83.192820323028));
#5607 = CARTESIAN_POINT('',(79.8,83.885640646055));
#5608 = CARTESIAN_POINT('',(79.8,82.5));
#5609 = ( GEOMETRIC_REPRESENTATION_CONTEXT(2) 
PARAMETRIC_REPRESENTATION_CONTEXT() REPRESENTATION_CONTEXT('2D SPACE',''
  ) );
#5610 = PCURVE('',#5611,#5616);
#5611 = CYLINDRICAL_SURFACE('',#5612,0.8);
#5612 = AXIS2_PLACEMENT_3D('',#5613,#5614,#5615);
#5613 = CARTESIAN_POINT('',(79.,82.5,31.6000001));
#5614 = DIRECTION('',(-0.,-0.,-1.));
#5615 = DIRECTION('',(1.,0.,0.));
#5616 = DEFINITIONAL_REPRESENTATION('',(#5617),#5621);
#5617 = LINE('',#5618,#5619);
#5618 = CARTESIAN_POINT('',(-6.28318530718,-3.4));
#5619 = VECTOR('',#5620,1.);
#5620 = DIRECTION('',(1.,-0.));
#5621 = ( GEOMETRIC_REPRESENTATION_CONTEXT(2) 
PARAMETRIC_REPRESENTATION_CONTEXT() REPRESENTATION_CONTEXT('2D SPACE',''
  ) );
#5622 = FACE_BOUND('',#5623,.T.);
#5623 = EDGE_LOOP('',(#5624));
#5624 = ORIENTED_EDGE('',*,*,#5625,.T.);
#5625 = EDGE_CURVE('',#5626,#5626,#5628,.T.);
#5626 = VERTEX_POINT('',#5627);
#5627 = CARTESIAN_POINT('',(115.8,56.,35.0000001));
#5628 = SURFACE_CURVE('',#5629,(#5634,#5645),.PCURVE_S1.);
#5629 = CIRCLE('',#5630,0.8);
#5630 = AXIS2_PLACEMENT_3D('',#5631,#5632,#5633);
#5631 = CARTESIAN_POINT('',(115.,56.,35.0000001));
#5632 = DIRECTION('',(0.,0.,-1.));
#5633 = DIRECTION('',(1.,0.,0.));
#5634 = PCURVE('',#3530,#5635);
#5635 = DEFINITIONAL_REPRESENTATION('',(#5636),#5644);
#5636 = ( BOUNDED_CURVE() B_SPLINE_CURVE(2,(#5637,#5638,#5639,#5640,
#5641,#5642,#5643),.UNSPECIFIED.,.T.,.F.) B_SPLINE_CURVE_WITH_KNOTS((1,2
    ,2,2,2,1),(-2.094395102393,0.,2.094395102393,4.188790204786,
6.28318530718,8.377580409573),.UNSPECIFIED.) CURVE() 
GEOMETRIC_REPRESENTATION_ITEM() RATIONAL_B_SPLINE_CURVE((1.,0.5,1.,0.5,
1.,0.5,1.)) REPRESENTATION_ITEM('') );
#5637 = CARTESIAN_POINT('',(115.8,56.));
#5638 = CARTESIAN_POINT('',(115.8,54.614359353945));
#5639 = CARTESIAN_POINT('',(114.6,55.307179676972));
#5640 = CARTESIAN_POINT('',(113.4,56.));
#5641 = CARTESIAN_POINT('',(114.6,56.692820323028));
#5642 = CARTESIAN_POINT('',(115.8,57.385640646055));
#5643 = CARTESIAN_POINT('',(115.8,56.));
#5644 = ( GEOMETRIC_REPRESENTATION_CONTEXT(2) 
PARAMETRIC_REPRESENTATION_CONTEXT() REPRESENTATION_CONTEXT('2D SPACE',''
  ) );
#5645 = PCURVE('',#5646,#5651);
#5646 = CYLINDRICAL_SURFACE('',#5647,0.8);
#5647 = AXIS2_PLACEMENT_3D('',#5648,#5649,#5650);
#5648 = CARTESIAN_POINT('',(115.,56.,31.6000001));
#5649 = DIRECTION('',(-0.,-0.,-1.));
#5650 = DIRECTION('',(1.,0.,0.));
#5651 = DEFINITIONAL_REPRESENTATION('',(#5652),#5656);
#5652 = LINE('',#5653,#5654);
#5653 = CARTESIAN_POINT('',(-6.28318530718,-3.4));
#5654 = VECTOR('',#5655,1.);
#5655 = DIRECTION('',(1.,-0.));
#5656 = ( GEOMETRIC_REPRESENTATION_CONTEXT(2) 
PARAMETRIC_REPRESENTATION_CONTEXT() REPRESENTATION_CONTEXT('2D SPACE',''
  ) );
#5657 = FACE_BOUND('',#5658,.T.);
#5658 = EDGE_LOOP('',(#5659));
#5659 = ORIENTED_EDGE('',*,*,#5660,.T.);
#5660 = EDGE_CURVE('',#5661,#5661,#5663,.T.);
#5661 = VERTEX_POINT('',#5662);
#5662 = CARTESIAN_POINT('',(150.8,56.,35.0000001));
#5663 = SURFACE_CURVE('',#5664,(#5669,#5680),.PCURVE_S1.);
#5664 = CIRCLE('',#5665,0.8);
#5665 = AXIS2_PLACEMENT_3D('',#5666,#5667,#5668);
#5666 = CARTESIAN_POINT('',(150.,56.,35.0000001));
#5667 = DIRECTION('',(0.,0.,-1.));
#5668 = DIRECTION('',(1.,0.,0.));
#5669 = PCURVE('',#3530,#5670);
#5670 = DEFINITIONAL_REPRESENTATION('',(#5671),#5679);
#5671 = ( BOUNDED_CURVE() B_SPLINE_CURVE(2,(#5672,#5673,#5674,#5675,
#5676,#5677,#5678),.UNSPECIFIED.,.T.,.F.) B_SPLINE_CURVE_WITH_KNOTS((1,2
    ,2,2,2,1),(-2.094395102393,0.,2.094395102393,4.188790204786,
6.28318530718,8.377580409573),.UNSPECIFIED.) CURVE() 
GEOMETRIC_REPRESENTATION_ITEM() RATIONAL_B_SPLINE_CURVE((1.,0.5,1.,0.5,
1.,0.5,1.)) REPRESENTATION_ITEM('') );
#5672 = CARTESIAN_POINT('',(150.8,56.));
#5673 = CARTESIAN_POINT('',(150.8,54.614359353945));
#5674 = CARTESIAN_POINT('',(149.6,55.307179676972));
#5675 = CARTESIAN_POINT('',(148.4,56.));
#5676 = CARTESIAN_POINT('',(149.6,56.692820323028));
#5677 = CARTESIAN_POINT('',(150.8,57.385640646055));
#5678 = CARTESIAN_POINT('',(150.8,56.));
#5679 = ( GEOMETRIC_REPRESENTATION_CONTEXT(2) 
PARAMETRIC_REPRESENTATION_CONTEXT() REPRESENTATION_CONTEXT('2D SPACE',''
  ) );
#5680 = PCURVE('',#5681,#5686);
#5681 = CYLINDRICAL_SURFACE('',#5682,0.8);
#5682 = AXIS2_PLACEMENT_3D('',#5683,#5684,#5685);
#5683 = CARTESIAN_POINT('',(150.,56.,31.6000001));
#5684 = DIRECTION('',(-0.,-0.,-1.));
#5685 = DIRECTION('',(1.,0.,0.));
#5686 = DEFINITIONAL_REPRESENTATION('',(#5687),#5691);
#5687 = LINE('',#5688,#5689);
#5688 = CARTESIAN_POINT('',(-6.28318530718,-3.4));
#5689 = VECTOR('',#5690,1.);
#5690 = DIRECTION('',(1.,-0.));
#5691 = ( GEOMETRIC_REPRESENTATION_CONTEXT(2) 
PARAMETRIC_REPRESENTATION_CONTEXT() REPRESENTATION_CONTEXT('2D SPACE',''
  ) );
#5692 = FACE_BOUND('',#5693,.T.);
#5693 = EDGE_LOOP('',(#5694));
#5694 = ORIENTED_EDGE('',*,*,#5695,.T.);
#5695 = EDGE_CURVE('',#5696,#5696,#5698,.T.);
#5696 = VERTEX_POINT('',#5697);
#5697 = CARTESIAN_POINT('',(130.8,90.,35.0000001));
#5698 = SURFACE_CURVE('',#5699,(#5704,#5715),.PCURVE_S1.);
#5699 = CIRCLE('',#5700,0.8);
#5700 = AXIS2_PLACEMENT_3D('',#5701,#5702,#5703);
#5701 = CARTESIAN_POINT('',(130.,90.,35.0000001));
#5702 = DIRECTION('',(0.,0.,-1.));
#5703 = DIRECTION('',(1.,0.,0.));
#5704 = PCURVE('',#3530,#5705);
#5705 = DEFINITIONAL_REPRESENTATION('',(#5706),#5714);
#5706 = ( BOUNDED_CURVE() B_SPLINE_CURVE(2,(#5707,#5708,#5709,#5710,
#5711,#5712,#5713),.UNSPECIFIED.,.T.,.F.) B_SPLINE_CURVE_WITH_KNOTS((1,2
    ,2,2,2,1),(-2.094395102393,0.,2.094395102393,4.188790204786,
6.28318530718,8.377580409573),.UNSPECIFIED.) CURVE() 
GEOMETRIC_REPRESENTATION_ITEM() RATIONAL_B_SPLINE_CURVE((1.,0.5,1.,0.5,
1.,0.5,1.)) REPRESENTATION_ITEM('') );
#5707 = CARTESIAN_POINT('',(130.8,90.));
#5708 = CARTESIAN_POINT('',(130.8,88.614359353945));
#5709 = CARTESIAN_POINT('',(129.6,89.307179676972));
#5710 = CARTESIAN_POINT('',(128.4,90.));
#5711 = CARTESIAN_POINT('',(129.6,90.692820323028));
#5712 = CARTESIAN_POINT('',(130.8,91.385640646055));
#5713 = CARTESIAN_POINT('',(130.8,90.));
#5714 = ( GEOMETRIC_REPRESENTATION_CONTEXT(2) 
PARAMETRIC_REPRESENTATION_CONTEXT() REPRESENTATION_CONTEXT('2D SPACE',''
  ) );
#5715 = PCURVE('',#5716,#5721);
#5716 = CYLINDRICAL_SURFACE('',#5717,0.8);
#5717 = AXIS2_PLACEMENT_3D('',#5718,#5719,#5720);
#5718 = CARTESIAN_POINT('',(130.,90.,31.6000001));
#5719 = DIRECTION('',(-0.,-0.,-1.));
#5720 = DIRECTION('',(1.,0.,0.));
#5721 = DEFINITIONAL_REPRESENTATION('',(#5722),#5726);
#5722 = LINE('',#5723,#5724);
#5723 = CARTESIAN_POINT('',(-6.28318530718,-3.4));
#5724 = VECTOR('',#5725,1.);
#5725 = DIRECTION('',(1.,-0.));
#5726 = ( GEOMETRIC_REPRESENTATION_CONTEXT(2) 
PARAMETRIC_REPRESENTATION_CONTEXT() REPRESENTATION_CONTEXT('2D SPACE',''
  ) );
#5727 = FACE_BOUND('',#5728,.T.);
#5728 = EDGE_LOOP('',(#5729));
#5729 = ORIENTED_EDGE('',*,*,#5730,.T.);
#5730 = EDGE_CURVE('',#5731,#5731,#5733,.T.);
#5731 = VERTEX_POINT('',#5732);
#5732 = CARTESIAN_POINT('',(130.8,101.,35.0000001));
#5733 = SURFACE_CURVE('',#5734,(#5739,#5750),.PCURVE_S1.);
#5734 = CIRCLE('',#5735,0.8);
#5735 = AXIS2_PLACEMENT_3D('',#5736,#5737,#5738);
#5736 = CARTESIAN_POINT('',(130.,101.,35.0000001));
#5737 = DIRECTION('',(0.,0.,-1.));
#5738 = DIRECTION('',(1.,0.,0.));
#5739 = PCURVE('',#3530,#5740);
#5740 = DEFINITIONAL_REPRESENTATION('',(#5741),#5749);
#5741 = ( BOUNDED_CURVE() B_SPLINE_CURVE(2,(#5742,#5743,#5744,#5745,
#5746,#5747,#5748),.UNSPECIFIED.,.T.,.F.) B_SPLINE_CURVE_WITH_KNOTS((1,2
    ,2,2,2,1),(-2.094395102393,0.,2.094395102393,4.188790204786,
6.28318530718,8.377580409573),.UNSPECIFIED.) CURVE() 
GEOMETRIC_REPRESENTATION_ITEM() RATIONAL_B_SPLINE_CURVE((1.,0.5,1.,0.5,
1.,0.5,1.)) REPRESENTATION_ITEM('') );
#5742 = CARTESIAN_POINT('',(130.8,101.));
#5743 = CARTESIAN_POINT('',(130.8,99.614359353945));
#5744 = CARTESIAN_POINT('',(129.6,100.30717967697));
#5745 = CARTESIAN_POINT('',(128.4,101.));
#5746 = CARTESIAN_POINT('',(129.6,101.69282032302));
#5747 = CARTESIAN_POINT('',(130.8,102.38564064605));
#5748 = CARTESIAN_POINT('',(130.8,101.));
#5749 = ( GEOMETRIC_REPRESENTATION_CONTEXT(2) 
PARAMETRIC_REPRESENTATION_CONTEXT() REPRESENTATION_CONTEXT('2D SPACE',''
  ) );
#5750 = PCURVE('',#5751,#5756);
#5751 = CYLINDRICAL_SURFACE('',#5752,0.8);
#5752 = AXIS2_PLACEMENT_3D('',#5753,#5754,#5755);
#5753 = CARTESIAN_POINT('',(130.,101.,31.6000001));
#5754 = DIRECTION('',(-0.,-0.,-1.));
#5755 = DIRECTION('',(1.,0.,0.));
#5756 = DEFINITIONAL_REPRESENTATION('',(#5757),#5761);
#5757 = LINE('',#5758,#5759);
#5758 = CARTESIAN_POINT('',(-6.28318530718,-3.4));
#5759 = VECTOR('',#5760,1.);
#5760 = DIRECTION('',(1.,-0.));
#5761 = ( GEOMETRIC_REPRESENTATION_CONTEXT(2) 
PARAMETRIC_REPRESENTATION_CONTEXT() REPRESENTATION_CONTEXT('2D SPACE',''
  ) );
#5762 = ADVANCED_FACE('',(#5763),#3758,.T.);
#5763 = FACE_BOUND('',#5764,.T.);
#5764 = EDGE_LOOP('',(#5765));
#5765 = ORIENTED_EDGE('',*,*,#3743,.T.);
#5766 = ADVANCED_FACE('',(#5767),#3868,.T.);
#5767 = FACE_BOUND('',#5768,.T.);
#5768 = EDGE_LOOP('',(#5769));
#5769 = ORIENTED_EDGE('',*,*,#3853,.T.);
#5770 = ADVANCED_FACE('',(#5771),#3923,.T.);
#5771 = FACE_BOUND('',#5772,.T.);
#5772 = EDGE_LOOP('',(#5773));
#5773 = ORIENTED_EDGE('',*,*,#3908,.T.);
#5774 = ADVANCED_FACE('',(#5775),#3978,.F.);
#5775 = FACE_BOUND('',#5776,.F.);
#5776 = EDGE_LOOP('',(#5777));
#5777 = ORIENTED_EDGE('',*,*,#3963,.T.);
#5778 = ADVANCED_FACE('',(#5779),#4033,.F.);
#5779 = FACE_BOUND('',#5780,.F.);
#5780 = EDGE_LOOP('',(#5781));
#5781 = ORIENTED_EDGE('',*,*,#4018,.T.);
#5782 = ADVANCED_FACE('',(#5783,#5814),#4088,.T.);
#5783 = FACE_BOUND('',#5784,.T.);
#5784 = EDGE_LOOP('',(#5785));
#5785 = ORIENTED_EDGE('',*,*,#5786,.T.);
#5786 = EDGE_CURVE('',#5787,#5787,#5789,.T.);
#5787 = VERTEX_POINT('',#5788);
#5788 = CARTESIAN_POINT('',(95.5,13.,35.0000001));
#5789 = SURFACE_CURVE('',#5790,(#5795,#5802),.PCURVE_S1.);
#5790 = CIRCLE('',#5791,5.5);
#5791 = AXIS2_PLACEMENT_3D('',#5792,#5793,#5794);
#5792 = CARTESIAN_POINT('',(90.,13.,35.0000001));
#5793 = DIRECTION('',(0.,0.,1.));
#5794 = DIRECTION('',(1.,2.422304781E-16,-0.));
#5795 = PCURVE('',#4088,#5796);
#5796 = DEFINITIONAL_REPRESENTATION('',(#5797),#5801);
#5797 = CIRCLE('',#5798,5.5);
#5798 = AXIS2_PLACEMENT_2D('',#5799,#5800);
#5799 = CARTESIAN_POINT('',(90.,13.));
#5800 = DIRECTION('',(1.,2.422304781E-16));
#5801 = ( GEOMETRIC_REPRESENTATION_CONTEXT(2) 
PARAMETRIC_REPRESENTATION_CONTEXT() REPRESENTATION_CONTEXT('2D SPACE',''
  ) );
#5802 = PCURVE('',#5803,#5808);
#5803 = CYLINDRICAL_SURFACE('',#5804,5.5);
#5804 = AXIS2_PLACEMENT_3D('',#5805,#5806,#5807);
#5805 = CARTESIAN_POINT('',(90.,13.,34.9000001));
#5806 = DIRECTION('',(-0.,-0.,-1.));
#5807 = DIRECTION('',(1.,0.,0.));
#5808 = DEFINITIONAL_REPRESENTATION('',(#5809),#5813);
#5809 = LINE('',#5810,#5811);
#5810 = CARTESIAN_POINT('',(-0.,-0.1));
#5811 = VECTOR('',#5812,1.);
#5812 = DIRECTION('',(-1.,-0.));
#5813 = ( GEOMETRIC_REPRESENTATION_CONTEXT(2) 
PARAMETRIC_REPRESENTATION_CONTEXT() REPRESENTATION_CONTEXT('2D SPACE',''
  ) );
#5814 = FACE_BOUND('',#5815,.T.);
#5815 = EDGE_LOOP('',(#5816));
#5816 = ORIENTED_EDGE('',*,*,#4073,.T.);
#5817 = ADVANCED_FACE('',(#5818),#4125,.T.);
#5818 = FACE_BOUND('',#5819,.T.);
#5819 = EDGE_LOOP('',(#5820));
#5820 = ORIENTED_EDGE('',*,*,#4108,.T.);
#5821 = ADVANCED_FACE('',(#5822),#4180,.T.);
#5822 = FACE_BOUND('',#5823,.T.);
#5823 = EDGE_LOOP('',(#5824));
#5824 = ORIENTED_EDGE('',*,*,#4163,.T.);
#5825 = ADVANCED_FACE('',(#5826),#4235,.T.);
#5826 = FACE_BOUND('',#5827,.T.);
#5827 = EDGE_LOOP('',(#5828));
#5828 = ORIENTED_EDGE('',*,*,#4218,.T.);
#5829 = ADVANCED_FACE('',(#5830),#4312,.T.);
#5830 = FACE_BOUND('',#5831,.T.);
#5831 = EDGE_LOOP('',(#5832,#5833,#5834));
#5832 = ORIENTED_EDGE('',*,*,#4401,.F.);
#5833 = ORIENTED_EDGE('',*,*,#4349,.F.);
#5834 = ORIENTED_EDGE('',*,*,#4296,.T.);
#5835 = ADVANCED_FACE('',(#5836),#5018,.T.);
#5836 = FACE_BOUND('',#5837,.T.);
#5837 = EDGE_LOOP('',(#5838));
#5838 = ORIENTED_EDGE('',*,*,#5001,.T.);
#5839 = ADVANCED_FACE('',(#5840),#5121,.F.);
#5840 = FACE_BOUND('',#5841,.T.);
#5841 = EDGE_LOOP('',(#5842,#5871,#5892,#5893));
#5842 = ORIENTED_EDGE('',*,*,#5843,.F.);
#5843 = EDGE_CURVE('',#5844,#5844,#5846,.T.);
#5844 = VERTEX_POINT('',#5845);
#5845 = CARTESIAN_POINT('',(19.8,22.,31.6000001));
#5846 = SURFACE_CURVE('',#5847,(#5852,#5859),.PCURVE_S1.);
#5847 = CIRCLE('',#5848,0.8);
#5848 = AXIS2_PLACEMENT_3D('',#5849,#5850,#5851);
#5849 = CARTESIAN_POINT('',(19.,22.,31.6000001));
#5850 = DIRECTION('',(0.,0.,1.));
#5851 = DIRECTION('',(1.,0.,0.));
#5852 = PCURVE('',#5121,#5853);
#5853 = DEFINITIONAL_REPRESENTATION('',(#5854),#5858);
#5854 = LINE('',#5855,#5856);
#5855 = CARTESIAN_POINT('',(-0.,0.));
#5856 = VECTOR('',#5857,1.);
#5857 = DIRECTION('',(-1.,0.));
#5858 = ( GEOMETRIC_REPRESENTATION_CONTEXT(2) 
PARAMETRIC_REPRESENTATION_CONTEXT() REPRESENTATION_CONTEXT('2D SPACE',''
  ) );
#5859 = PCURVE('',#5860,#5865);
#5860 = PLANE('',#5861);
#5861 = AXIS2_PLACEMENT_3D('',#5862,#5863,#5864);
#5862 = CARTESIAN_POINT('',(19.,22.,31.6000001));
#5863 = DIRECTION('',(0.,0.,1.));
#5864 = DIRECTION('',(1.,0.,-0.));
#5865 = DEFINITIONAL_REPRESENTATION('',(#5866),#5870);
#5866 = CIRCLE('',#5867,0.8);
#5867 = AXIS2_PLACEMENT_2D('',#5868,#5869);
#5868 = CARTESIAN_POINT('',(0.,0.));
#5869 = DIRECTION('',(1.,0.));
#5870 = ( GEOMETRIC_REPRESENTATION_CONTEXT(2) 
PARAMETRIC_REPRESENTATION_CONTEXT() REPRESENTATION_CONTEXT('2D SPACE',''
  ) );
#5871 = ORIENTED_EDGE('',*,*,#5872,.T.);
#5872 = EDGE_CURVE('',#5844,#5101,#5873,.T.);
#5873 = SEAM_CURVE('',#5874,(#5878,#5885),.PCURVE_S1.);
#5874 = LINE('',#5875,#5876);
#5875 = CARTESIAN_POINT('',(19.8,22.,31.6000001));
#5876 = VECTOR('',#5877,1.);
#5877 = DIRECTION('',(0.,0.,1.));
#5878 = PCURVE('',#5121,#5879);
#5879 = DEFINITIONAL_REPRESENTATION('',(#5880),#5884);
#5880 = LINE('',#5881,#5882);
#5881 = CARTESIAN_POINT('',(-6.28318530718,0.));
#5882 = VECTOR('',#5883,1.);
#5883 = DIRECTION('',(-0.,-1.));
#5884 = ( GEOMETRIC_REPRESENTATION_CONTEXT(2) 
PARAMETRIC_REPRESENTATION_CONTEXT() REPRESENTATION_CONTEXT('2D SPACE',''
  ) );
#5885 = PCURVE('',#5121,#5886);
#5886 = DEFINITIONAL_REPRESENTATION('',(#5887),#5891);
#5887 = LINE('',#5888,#5889);
#5888 = CARTESIAN_POINT('',(-0.,0.));
#5889 = VECTOR('',#5890,1.);
#5890 = DIRECTION('',(-0.,-1.));
#5891 = ( GEOMETRIC_REPRESENTATION_CONTEXT(2) 
PARAMETRIC_REPRESENTATION_CONTEXT() REPRESENTATION_CONTEXT('2D SPACE',''
  ) );
#5892 = ORIENTED_EDGE('',*,*,#5100,.F.);
#5893 = ORIENTED_EDGE('',*,*,#5872,.F.);
#5894 = ADVANCED_FACE('',(#5895),#5156,.F.);
#5895 = FACE_BOUND('',#5896,.T.);
#5896 = EDGE_LOOP('',(#5897,#5926,#5947,#5948));
#5897 = ORIENTED_EDGE('',*,*,#5898,.F.);
#5898 = EDGE_CURVE('',#5899,#5899,#5901,.T.);
#5899 = VERTEX_POINT('',#5900);
#5900 = CARTESIAN_POINT('',(20.8,28.,31.6000001));
#5901 = SURFACE_CURVE('',#5902,(#5907,#5914),.PCURVE_S1.);
#5902 = CIRCLE('',#5903,0.8);
#5903 = AXIS2_PLACEMENT_3D('',#5904,#5905,#5906);
#5904 = CARTESIAN_POINT('',(20.,28.,31.6000001));
#5905 = DIRECTION('',(0.,0.,1.));
#5906 = DIRECTION('',(1.,0.,0.));
#5907 = PCURVE('',#5156,#5908);
#5908 = DEFINITIONAL_REPRESENTATION('',(#5909),#5913);
#5909 = LINE('',#5910,#5911);
#5910 = CARTESIAN_POINT('',(-0.,0.));
#5911 = VECTOR('',#5912,1.);
#5912 = DIRECTION('',(-1.,0.));
#5913 = ( GEOMETRIC_REPRESENTATION_CONTEXT(2) 
PARAMETRIC_REPRESENTATION_CONTEXT() REPRESENTATION_CONTEXT('2D SPACE',''
  ) );
#5914 = PCURVE('',#5915,#5920);
#5915 = PLANE('',#5916);
#5916 = AXIS2_PLACEMENT_3D('',#5917,#5918,#5919);
#5917 = CARTESIAN_POINT('',(20.,28.,31.6000001));
#5918 = DIRECTION('',(0.,0.,1.));
#5919 = DIRECTION('',(1.,0.,-0.));
#5920 = DEFINITIONAL_REPRESENTATION('',(#5921),#5925);
#5921 = CIRCLE('',#5922,0.8);
#5922 = AXIS2_PLACEMENT_2D('',#5923,#5924);
#5923 = CARTESIAN_POINT('',(0.,0.));
#5924 = DIRECTION('',(1.,0.));
#5925 = ( GEOMETRIC_REPRESENTATION_CONTEXT(2) 
PARAMETRIC_REPRESENTATION_CONTEXT() REPRESENTATION_CONTEXT('2D SPACE',''
  ) );
#5926 = ORIENTED_EDGE('',*,*,#5927,.T.);
#5927 = EDGE_CURVE('',#5899,#5136,#5928,.T.);
#5928 = SEAM_CURVE('',#5929,(#5933,#5940),.PCURVE_S1.);
#5929 = LINE('',#5930,#5931);
#5930 = CARTESIAN_POINT('',(20.8,28.,31.6000001));
#5931 = VECTOR('',#5932,1.);
#5932 = DIRECTION('',(0.,0.,1.));
#5933 = PCURVE('',#5156,#5934);
#5934 = DEFINITIONAL_REPRESENTATION('',(#5935),#5939);
#5935 = LINE('',#5936,#5937);
#5936 = CARTESIAN_POINT('',(-6.28318530718,0.));
#5937 = VECTOR('',#5938,1.);
#5938 = DIRECTION('',(-0.,-1.));
#5939 = ( GEOMETRIC_REPRESENTATION_CONTEXT(2) 
PARAMETRIC_REPRESENTATION_CONTEXT() REPRESENTATION_CONTEXT('2D SPACE',''
  ) );
#5940 = PCURVE('',#5156,#5941);
#5941 = DEFINITIONAL_REPRESENTATION('',(#5942),#5946);
#5942 = LINE('',#5943,#5944);
#5943 = CARTESIAN_POINT('',(-0.,0.));
#5944 = VECTOR('',#5945,1.);
#5945 = DIRECTION('',(-0.,-1.));
#5946 = ( GEOMETRIC_REPRESENTATION_CONTEXT(2) 
PARAMETRIC_REPRESENTATION_CONTEXT() REPRESENTATION_CONTEXT('2D SPACE',''
  ) );
#5947 = ORIENTED_EDGE('',*,*,#5135,.F.);
#5948 = ORIENTED_EDGE('',*,*,#5927,.F.);
#5949 = ADVANCED_FACE('',(#5950),#5193,.T.);
#5950 = FACE_BOUND('',#5951,.F.);
#5951 = EDGE_LOOP('',(#5952,#5953,#5976,#6009));
#5952 = ORIENTED_EDGE('',*,*,#5170,.T.);
#5953 = ORIENTED_EDGE('',*,*,#5954,.F.);
#5954 = EDGE_CURVE('',#5955,#5173,#5957,.T.);
#5955 = VERTEX_POINT('',#5956);
#5956 = CARTESIAN_POINT('',(84.5,5.254033307585,49.0000001));
#5957 = SURFACE_CURVE('',#5958,(#5962,#5969),.PCURVE_S1.);
#5958 = LINE('',#5959,#5960);
#5959 = CARTESIAN_POINT('',(84.5,5.254033307585,35.0000001));
#5960 = VECTOR('',#5961,1.);
#5961 = DIRECTION('',(-0.,-0.,-1.));
#5962 = PCURVE('',#5193,#5963);
#5963 = DEFINITIONAL_REPRESENTATION('',(#5964),#5968);
#5964 = LINE('',#5965,#5966);
#5965 = CARTESIAN_POINT('',(-4.094951876769,0.));
#5966 = VECTOR('',#5967,1.);
#5967 = DIRECTION('',(-0.,1.));
#5968 = ( GEOMETRIC_REPRESENTATION_CONTEXT(2) 
PARAMETRIC_REPRESENTATION_CONTEXT() REPRESENTATION_CONTEXT('2D SPACE',''
  ) );
#5969 = PCURVE('',#5221,#5970);
#5970 = DEFINITIONAL_REPRESENTATION('',(#5971),#5975);
#5971 = LINE('',#5972,#5973);
#5972 = CARTESIAN_POINT('',(0.,-0.754033307585));
#5973 = VECTOR('',#5974,1.);
#5974 = DIRECTION('',(-1.,0.));
#5975 = ( GEOMETRIC_REPRESENTATION_CONTEXT(2) 
PARAMETRIC_REPRESENTATION_CONTEXT() REPRESENTATION_CONTEXT('2D SPACE',''
  ) );
#5976 = ORIENTED_EDGE('',*,*,#5977,.F.);
#5977 = EDGE_CURVE('',#5978,#5955,#5980,.T.);
#5978 = VERTEX_POINT('',#5979);
#5979 = CARTESIAN_POINT('',(84.5,20.745966692415,49.0000001));
#5980 = SURFACE_CURVE('',#5981,(#5986,#5993),.PCURVE_S1.);
#5981 = CIRCLE('',#5982,9.5);
#5982 = AXIS2_PLACEMENT_3D('',#5983,#5984,#5985);
#5983 = CARTESIAN_POINT('',(90.,13.,49.0000001));
#5984 = DIRECTION('',(0.,0.,-1.));
#5985 = DIRECTION('',(-0.578947368421,0.815364914991,0.));
#5986 = PCURVE('',#5193,#5987);
#5987 = DEFINITIONAL_REPRESENTATION('',(#5988),#5992);
#5988 = LINE('',#5989,#5990);
#5989 = CARTESIAN_POINT('',(-8.47141873759,-14.));
#5990 = VECTOR('',#5991,1.);
#5991 = DIRECTION('',(1.,-0.));
#5992 = ( GEOMETRIC_REPRESENTATION_CONTEXT(2) 
PARAMETRIC_REPRESENTATION_CONTEXT() REPRESENTATION_CONTEXT('2D SPACE',''
  ) );
#5993 = PCURVE('',#5994,#5999);
#5994 = PLANE('',#5995);
#5995 = AXIS2_PLACEMENT_3D('',#5996,#5997,#5998);
#5996 = CARTESIAN_POINT('',(0.,0.,49.0000001));
#5997 = DIRECTION('',(0.,0.,1.));
#5998 = DIRECTION('',(1.,0.,0.));
#5999 = DEFINITIONAL_REPRESENTATION('',(#6000),#6008);
#6000 = ( BOUNDED_CURVE() B_SPLINE_CURVE(2,(#6001,#6002,#6003,#6004,
#6005,#6006,#6007),.UNSPECIFIED.,.T.,.F.) B_SPLINE_CURVE_WITH_KNOTS((1,2
    ,2,2,2,1),(-2.094395102393,0.,2.094395102393,4.188790204786,
6.28318530718,8.377580409573),.UNSPECIFIED.) CURVE() 
GEOMETRIC_REPRESENTATION_ITEM() RATIONAL_B_SPLINE_CURVE((1.,0.5,1.,0.5,
1.,0.5,1.)) REPRESENTATION_ITEM('') );
#6001 = CARTESIAN_POINT('',(84.5,20.745966692415));
#6002 = CARTESIAN_POINT('',(97.916407864998,30.272246134044));
#6003 = CARTESIAN_POINT('',(99.458203932499,13.890156374607));
#6004 = CARTESIAN_POINT('',(101.,-2.491933384829));
#6005 = CARTESIAN_POINT('',(86.041796067501,4.363876932978));
#6006 = CARTESIAN_POINT('',(71.083592135001,11.219687250786));
#6007 = CARTESIAN_POINT('',(84.5,20.745966692415));
#6008 = ( GEOMETRIC_REPRESENTATION_CONTEXT(2) 
PARAMETRIC_REPRESENTATION_CONTEXT() REPRESENTATION_CONTEXT('2D SPACE',''
  ) );
#6009 = ORIENTED_EDGE('',*,*,#6010,.T.);
#6010 = EDGE_CURVE('',#5978,#5171,#6011,.T.);
#6011 = SURFACE_CURVE('',#6012,(#6016,#6023),.PCURVE_S1.);
#6012 = LINE('',#6013,#6014);
#6013 = CARTESIAN_POINT('',(84.5,20.745966692415,35.0000001));
#6014 = VECTOR('',#6015,1.);
#6015 = DIRECTION('',(-0.,-0.,-1.));
#6016 = PCURVE('',#5193,#6017);
#6017 = DEFINITIONAL_REPRESENTATION('',(#6018),#6022);
#6018 = LINE('',#6019,#6020);
#6019 = CARTESIAN_POINT('',(-8.47141873759,0.));
#6020 = VECTOR('',#6021,1.);
#6021 = DIRECTION('',(-0.,1.));
#6022 = ( GEOMETRIC_REPRESENTATION_CONTEXT(2) 
PARAMETRIC_REPRESENTATION_CONTEXT() REPRESENTATION_CONTEXT('2D SPACE',''
  ) );
#6023 = PCURVE('',#5331,#6024);
#6024 = DEFINITIONAL_REPRESENTATION('',(#6025),#6029);
#6025 = LINE('',#6026,#6027);
#6026 = CARTESIAN_POINT('',(0.,-16.24596669241));
#6027 = VECTOR('',#6028,1.);
#6028 = DIRECTION('',(-1.,0.));
#6029 = ( GEOMETRIC_REPRESENTATION_CONTEXT(2) 
PARAMETRIC_REPRESENTATION_CONTEXT() REPRESENTATION_CONTEXT('2D SPACE',''
  ) );
#6030 = ADVANCED_FACE('',(#6031),#5331,.T.);
#6031 = FACE_BOUND('',#6032,.T.);
#6032 = EDGE_LOOP('',(#6033,#6034,#6035,#6058));
#6033 = ORIENTED_EDGE('',*,*,#6010,.T.);
#6034 = ORIENTED_EDGE('',*,*,#5317,.T.);
#6035 = ORIENTED_EDGE('',*,*,#6036,.T.);
#6036 = EDGE_CURVE('',#5290,#6037,#6039,.T.);
#6037 = VERTEX_POINT('',#6038);
#6038 = CARTESIAN_POINT('',(84.5,27.,49.0000001));
#6039 = SURFACE_CURVE('',#6040,(#6044,#6051),.PCURVE_S1.);
#6040 = LINE('',#6041,#6042);
#6041 = CARTESIAN_POINT('',(84.5,27.,35.0000001));
#6042 = VECTOR('',#6043,1.);
#6043 = DIRECTION('',(0.,0.,1.));
#6044 = PCURVE('',#5331,#6045);
#6045 = DEFINITIONAL_REPRESENTATION('',(#6046),#6050);
#6046 = LINE('',#6047,#6048);
#6047 = CARTESIAN_POINT('',(0.,-22.5));
#6048 = VECTOR('',#6049,1.);
#6049 = DIRECTION('',(1.,0.));
#6050 = ( GEOMETRIC_REPRESENTATION_CONTEXT(2) 
PARAMETRIC_REPRESENTATION_CONTEXT() REPRESENTATION_CONTEXT('2D SPACE',''
  ) );
#6051 = PCURVE('',#5305,#6052);
#6052 = DEFINITIONAL_REPRESENTATION('',(#6053),#6057);
#6053 = LINE('',#6054,#6055);
#6054 = CARTESIAN_POINT('',(0.,21.5));
#6055 = VECTOR('',#6056,1.);
#6056 = DIRECTION('',(1.,0.));
#6057 = ( GEOMETRIC_REPRESENTATION_CONTEXT(2) 
PARAMETRIC_REPRESENTATION_CONTEXT() REPRESENTATION_CONTEXT('2D SPACE',''
  ) );
#6058 = ORIENTED_EDGE('',*,*,#6059,.T.);
#6059 = EDGE_CURVE('',#6037,#5978,#6060,.T.);
#6060 = SURFACE_CURVE('',#6061,(#6065,#6072),.PCURVE_S1.);
#6061 = LINE('',#6062,#6063);
#6062 = CARTESIAN_POINT('',(84.5,3.75,49.0000001));
#6063 = VECTOR('',#6064,1.);
#6064 = DIRECTION('',(0.,-1.,0.));
#6065 = PCURVE('',#5331,#6066);
#6066 = DEFINITIONAL_REPRESENTATION('',(#6067),#6071);
#6067 = LINE('',#6068,#6069);
#6068 = CARTESIAN_POINT('',(14.,0.75));
#6069 = VECTOR('',#6070,1.);
#6070 = DIRECTION('',(0.,1.));
#6071 = ( GEOMETRIC_REPRESENTATION_CONTEXT(2) 
PARAMETRIC_REPRESENTATION_CONTEXT() REPRESENTATION_CONTEXT('2D SPACE',''
  ) );
#6072 = PCURVE('',#5994,#6073);
#6073 = DEFINITIONAL_REPRESENTATION('',(#6074),#6078);
#6074 = LINE('',#6075,#6076);
#6075 = CARTESIAN_POINT('',(84.5,3.75));
#6076 = VECTOR('',#6077,1.);
#6077 = DIRECTION('',(0.,-1.));
#6078 = ( GEOMETRIC_REPRESENTATION_CONTEXT(2) 
PARAMETRIC_REPRESENTATION_CONTEXT() REPRESENTATION_CONTEXT('2D SPACE',''
  ) );
#6079 = ADVANCED_FACE('',(#6080),#5221,.T.);
#6080 = FACE_BOUND('',#6081,.T.);
#6081 = EDGE_LOOP('',(#6082,#6105,#6106,#6107));
#6082 = ORIENTED_EDGE('',*,*,#6083,.F.);
#6083 = EDGE_CURVE('',#5206,#6084,#6086,.T.);
#6084 = VERTEX_POINT('',#6085);
#6085 = CARTESIAN_POINT('',(84.5,4.5,49.0000001));
#6086 = SURFACE_CURVE('',#6087,(#6091,#6098),.PCURVE_S1.);
#6087 = LINE('',#6088,#6089);
#6088 = CARTESIAN_POINT('',(84.5,4.5,35.0000001));
#6089 = VECTOR('',#6090,1.);
#6090 = DIRECTION('',(0.,0.,1.));
#6091 = PCURVE('',#5221,#6092);
#6092 = DEFINITIONAL_REPRESENTATION('',(#6093),#6097);
#6093 = LINE('',#6094,#6095);
#6094 = CARTESIAN_POINT('',(0.,0.));
#6095 = VECTOR('',#6096,1.);
#6096 = DIRECTION('',(1.,0.));
#6097 = ( GEOMETRIC_REPRESENTATION_CONTEXT(2) 
PARAMETRIC_REPRESENTATION_CONTEXT() REPRESENTATION_CONTEXT('2D SPACE',''
  ) );
#6098 = PCURVE('',#5249,#6099);
#6099 = DEFINITIONAL_REPRESENTATION('',(#6100),#6104);
#6100 = LINE('',#6101,#6102);
#6101 = CARTESIAN_POINT('',(0.,21.5));
#6102 = VECTOR('',#6103,1.);
#6103 = DIRECTION('',(1.,0.));
#6104 = ( GEOMETRIC_REPRESENTATION_CONTEXT(2) 
PARAMETRIC_REPRESENTATION_CONTEXT() REPRESENTATION_CONTEXT('2D SPACE',''
  ) );
#6105 = ORIENTED_EDGE('',*,*,#5205,.T.);
#6106 = ORIENTED_EDGE('',*,*,#5954,.F.);
#6107 = ORIENTED_EDGE('',*,*,#6108,.T.);
#6108 = EDGE_CURVE('',#5955,#6084,#6109,.T.);
#6109 = SURFACE_CURVE('',#6110,(#6114,#6121),.PCURVE_S1.);
#6110 = LINE('',#6111,#6112);
#6111 = CARTESIAN_POINT('',(84.5,3.75,49.0000001));
#6112 = VECTOR('',#6113,1.);
#6113 = DIRECTION('',(0.,-1.,0.));
#6114 = PCURVE('',#5221,#6115);
#6115 = DEFINITIONAL_REPRESENTATION('',(#6116),#6120);
#6116 = LINE('',#6117,#6118);
#6117 = CARTESIAN_POINT('',(14.,0.75));
#6118 = VECTOR('',#6119,1.);
#6119 = DIRECTION('',(0.,1.));
#6120 = ( GEOMETRIC_REPRESENTATION_CONTEXT(2) 
PARAMETRIC_REPRESENTATION_CONTEXT() REPRESENTATION_CONTEXT('2D SPACE',''
  ) );
#6121 = PCURVE('',#5994,#6122);
#6122 = DEFINITIONAL_REPRESENTATION('',(#6123),#6127);
#6123 = LINE('',#6124,#6125);
#6124 = CARTESIAN_POINT('',(84.5,3.75));
#6125 = VECTOR('',#6126,1.);
#6126 = DIRECTION('',(0.,-1.));
#6127 = ( GEOMETRIC_REPRESENTATION_CONTEXT(2) 
PARAMETRIC_REPRESENTATION_CONTEXT() REPRESENTATION_CONTEXT('2D SPACE',''
  ) );
#6128 = ADVANCED_FACE('',(#6129),#5305,.T.);
#6129 = FACE_BOUND('',#6130,.T.);
#6130 = EDGE_LOOP('',(#6131,#6132,#6133,#6156));
#6131 = ORIENTED_EDGE('',*,*,#6036,.F.);
#6132 = ORIENTED_EDGE('',*,*,#5289,.F.);
#6133 = ORIENTED_EDGE('',*,*,#6134,.T.);
#6134 = EDGE_CURVE('',#5262,#6135,#6137,.T.);
#6135 = VERTEX_POINT('',#6136);
#6136 = CARTESIAN_POINT('',(63.,27.,49.0000001));
#6137 = SURFACE_CURVE('',#6138,(#6142,#6149),.PCURVE_S1.);
#6138 = LINE('',#6139,#6140);
#6139 = CARTESIAN_POINT('',(63.,27.,35.0000001));
#6140 = VECTOR('',#6141,1.);
#6141 = DIRECTION('',(0.,0.,1.));
#6142 = PCURVE('',#5305,#6143);
#6143 = DEFINITIONAL_REPRESENTATION('',(#6144),#6148);
#6144 = LINE('',#6145,#6146);
#6145 = CARTESIAN_POINT('',(0.,0.));
#6146 = VECTOR('',#6147,1.);
#6147 = DIRECTION('',(1.,0.));
#6148 = ( GEOMETRIC_REPRESENTATION_CONTEXT(2) 
PARAMETRIC_REPRESENTATION_CONTEXT() REPRESENTATION_CONTEXT('2D SPACE',''
  ) );
#6149 = PCURVE('',#5277,#6150);
#6150 = DEFINITIONAL_REPRESENTATION('',(#6151),#6155);
#6151 = LINE('',#6152,#6153);
#6152 = CARTESIAN_POINT('',(0.,-22.5));
#6153 = VECTOR('',#6154,1.);
#6154 = DIRECTION('',(1.,0.));
#6155 = ( GEOMETRIC_REPRESENTATION_CONTEXT(2) 
PARAMETRIC_REPRESENTATION_CONTEXT() REPRESENTATION_CONTEXT('2D SPACE',''
  ) );
#6156 = ORIENTED_EDGE('',*,*,#6157,.T.);
#6157 = EDGE_CURVE('',#6135,#6037,#6158,.T.);
#6158 = SURFACE_CURVE('',#6159,(#6163,#6170),.PCURVE_S1.);
#6159 = LINE('',#6160,#6161);
#6160 = CARTESIAN_POINT('',(62.5,27.,49.0000001));
#6161 = VECTOR('',#6162,1.);
#6162 = DIRECTION('',(1.,0.,0.));
#6163 = PCURVE('',#5305,#6164);
#6164 = DEFINITIONAL_REPRESENTATION('',(#6165),#6169);
#6165 = LINE('',#6166,#6167);
#6166 = CARTESIAN_POINT('',(14.,-0.5));
#6167 = VECTOR('',#6168,1.);
#6168 = DIRECTION('',(0.,1.));
#6169 = ( GEOMETRIC_REPRESENTATION_CONTEXT(2) 
PARAMETRIC_REPRESENTATION_CONTEXT() REPRESENTATION_CONTEXT('2D SPACE',''
  ) );
#6170 = PCURVE('',#5994,#6171);
#6171 = DEFINITIONAL_REPRESENTATION('',(#6172),#6176);
#6172 = LINE('',#6173,#6174);
#6173 = CARTESIAN_POINT('',(62.5,27.));
#6174 = VECTOR('',#6175,1.);
#6175 = DIRECTION('',(1.,0.));
#6176 = ( GEOMETRIC_REPRESENTATION_CONTEXT(2) 
PARAMETRIC_REPRESENTATION_CONTEXT() REPRESENTATION_CONTEXT('2D SPACE',''
  ) );
#6177 = ADVANCED_FACE('',(#6178),#5249,.F.);
#6178 = FACE_BOUND('',#6179,.F.);
#6179 = EDGE_LOOP('',(#6180,#6181,#6182,#6205));
#6180 = ORIENTED_EDGE('',*,*,#6083,.F.);
#6181 = ORIENTED_EDGE('',*,*,#5233,.F.);
#6182 = ORIENTED_EDGE('',*,*,#6183,.T.);
#6183 = EDGE_CURVE('',#5234,#6184,#6186,.T.);
#6184 = VERTEX_POINT('',#6185);
#6185 = CARTESIAN_POINT('',(63.,4.5,49.0000001));
#6186 = SURFACE_CURVE('',#6187,(#6191,#6198),.PCURVE_S1.);
#6187 = LINE('',#6188,#6189);
#6188 = CARTESIAN_POINT('',(63.,4.5,35.0000001));
#6189 = VECTOR('',#6190,1.);
#6190 = DIRECTION('',(0.,0.,1.));
#6191 = PCURVE('',#5249,#6192);
#6192 = DEFINITIONAL_REPRESENTATION('',(#6193),#6197);
#6193 = LINE('',#6194,#6195);
#6194 = CARTESIAN_POINT('',(0.,0.));
#6195 = VECTOR('',#6196,1.);
#6196 = DIRECTION('',(1.,0.));
#6197 = ( GEOMETRIC_REPRESENTATION_CONTEXT(2) 
PARAMETRIC_REPRESENTATION_CONTEXT() REPRESENTATION_CONTEXT('2D SPACE',''
  ) );
#6198 = PCURVE('',#5277,#6199);
#6199 = DEFINITIONAL_REPRESENTATION('',(#6200),#6204);
#6200 = LINE('',#6201,#6202);
#6201 = CARTESIAN_POINT('',(0.,0.));
#6202 = VECTOR('',#6203,1.);
#6203 = DIRECTION('',(1.,0.));
#6204 = ( GEOMETRIC_REPRESENTATION_CONTEXT(2) 
PARAMETRIC_REPRESENTATION_CONTEXT() REPRESENTATION_CONTEXT('2D SPACE',''
  ) );
#6205 = ORIENTED_EDGE('',*,*,#6206,.T.);
#6206 = EDGE_CURVE('',#6184,#6084,#6207,.T.);
#6207 = SURFACE_CURVE('',#6208,(#6212,#6219),.PCURVE_S1.);
#6208 = LINE('',#6209,#6210);
#6209 = CARTESIAN_POINT('',(62.5,4.5,49.0000001));
#6210 = VECTOR('',#6211,1.);
#6211 = DIRECTION('',(1.,0.,0.));
#6212 = PCURVE('',#5249,#6213);
#6213 = DEFINITIONAL_REPRESENTATION('',(#6214),#6218);
#6214 = LINE('',#6215,#6216);
#6215 = CARTESIAN_POINT('',(14.,-0.5));
#6216 = VECTOR('',#6217,1.);
#6217 = DIRECTION('',(0.,1.));
#6218 = ( GEOMETRIC_REPRESENTATION_CONTEXT(2) 
PARAMETRIC_REPRESENTATION_CONTEXT() REPRESENTATION_CONTEXT('2D SPACE',''
  ) );
#6219 = PCURVE('',#5994,#6220);
#6220 = DEFINITIONAL_REPRESENTATION('',(#6221),#6225);
#6221 = LINE('',#6222,#6223);
#6222 = CARTESIAN_POINT('',(62.5,4.5));
#6223 = VECTOR('',#6224,1.);
#6224 = DIRECTION('',(1.,0.));
#6225 = ( GEOMETRIC_REPRESENTATION_CONTEXT(2) 
PARAMETRIC_REPRESENTATION_CONTEXT() REPRESENTATION_CONTEXT('2D SPACE',''
  ) );
#6226 = ADVANCED_FACE('',(#6227),#5277,.F.);
#6227 = FACE_BOUND('',#6228,.F.);
#6228 = EDGE_LOOP('',(#6229,#6230,#6231,#6232,#6255,#6288));
#6229 = ORIENTED_EDGE('',*,*,#6183,.F.);
#6230 = ORIENTED_EDGE('',*,*,#5261,.T.);
#6231 = ORIENTED_EDGE('',*,*,#6134,.T.);
#6232 = ORIENTED_EDGE('',*,*,#6233,.T.);
#6233 = EDGE_CURVE('',#6135,#6234,#6236,.T.);
#6234 = VERTEX_POINT('',#6235);
#6235 = CARTESIAN_POINT('',(63.,19.25,49.0000001));
#6236 = SURFACE_CURVE('',#6237,(#6241,#6248),.PCURVE_S1.);
#6237 = LINE('',#6238,#6239);
#6238 = CARTESIAN_POINT('',(63.,3.75,49.0000001));
#6239 = VECTOR('',#6240,1.);
#6240 = DIRECTION('',(0.,-1.,0.));
#6241 = PCURVE('',#5277,#6242);
#6242 = DEFINITIONAL_REPRESENTATION('',(#6243),#6247);
#6243 = LINE('',#6244,#6245);
#6244 = CARTESIAN_POINT('',(14.,0.75));
#6245 = VECTOR('',#6246,1.);
#6246 = DIRECTION('',(0.,1.));
#6247 = ( GEOMETRIC_REPRESENTATION_CONTEXT(2) 
PARAMETRIC_REPRESENTATION_CONTEXT() REPRESENTATION_CONTEXT('2D SPACE',''
  ) );
#6248 = PCURVE('',#5994,#6249);
#6249 = DEFINITIONAL_REPRESENTATION('',(#6250),#6254);
#6250 = LINE('',#6251,#6252);
#6251 = CARTESIAN_POINT('',(63.,3.75));
#6252 = VECTOR('',#6253,1.);
#6253 = DIRECTION('',(0.,-1.));
#6254 = ( GEOMETRIC_REPRESENTATION_CONTEXT(2) 
PARAMETRIC_REPRESENTATION_CONTEXT() REPRESENTATION_CONTEXT('2D SPACE',''
  ) );
#6255 = ORIENTED_EDGE('',*,*,#6256,.T.);
#6256 = EDGE_CURVE('',#6234,#6257,#6259,.T.);
#6257 = VERTEX_POINT('',#6258);
#6258 = CARTESIAN_POINT('',(63.,6.75,49.0000001));
#6259 = SURFACE_CURVE('',#6260,(#6265,#6276),.PCURVE_S1.);
#6260 = CIRCLE('',#6261,6.25);
#6261 = AXIS2_PLACEMENT_3D('',#6262,#6263,#6264);
#6262 = CARTESIAN_POINT('',(63.,13.,49.0000001));
#6263 = DIRECTION('',(-1.,0.,0.));
#6264 = DIRECTION('',(0.,1.,0.));
#6265 = PCURVE('',#5277,#6266);
#6266 = DEFINITIONAL_REPRESENTATION('',(#6267),#6275);
#6267 = ( BOUNDED_CURVE() B_SPLINE_CURVE(2,(#6268,#6269,#6270,#6271,
#6272,#6273,#6274),.UNSPECIFIED.,.T.,.F.) B_SPLINE_CURVE_WITH_KNOTS((1,2
    ,2,2,2,1),(-2.094395102393,0.,2.094395102393,4.188790204786,
6.28318530718,8.377580409573),.UNSPECIFIED.) CURVE() 
GEOMETRIC_REPRESENTATION_ITEM() RATIONAL_B_SPLINE_CURVE((1.,0.5,1.,0.5,
1.,0.5,1.)) REPRESENTATION_ITEM('') );
#6268 = CARTESIAN_POINT('',(14.,-14.75));
#6269 = CARTESIAN_POINT('',(3.174682452695,-14.75));
#6270 = CARTESIAN_POINT('',(8.587341226347,-5.375));
#6271 = CARTESIAN_POINT('',(14.,4.));
#6272 = CARTESIAN_POINT('',(19.412658773653,-5.375));
#6273 = CARTESIAN_POINT('',(24.825317547305,-14.75));
#6274 = CARTESIAN_POINT('',(14.,-14.75));
#6275 = ( GEOMETRIC_REPRESENTATION_CONTEXT(2) 
PARAMETRIC_REPRESENTATION_CONTEXT() REPRESENTATION_CONTEXT('2D SPACE',''
  ) );
#6276 = PCURVE('',#6277,#6282);
#6277 = CYLINDRICAL_SURFACE('',#6278,6.25);
#6278 = AXIS2_PLACEMENT_3D('',#6279,#6280,#6281);
#6279 = CARTESIAN_POINT('',(62.,13.,49.0000001));
#6280 = DIRECTION('',(-1.,-0.,-0.));
#6281 = DIRECTION('',(0.,1.,0.));
#6282 = DEFINITIONAL_REPRESENTATION('',(#6283),#6287);
#6283 = LINE('',#6284,#6285);
#6284 = CARTESIAN_POINT('',(-6.28318530718,-1.));
#6285 = VECTOR('',#6286,1.);
#6286 = DIRECTION('',(1.,-0.));
#6287 = ( GEOMETRIC_REPRESENTATION_CONTEXT(2) 
PARAMETRIC_REPRESENTATION_CONTEXT() REPRESENTATION_CONTEXT('2D SPACE',''
  ) );
#6288 = ORIENTED_EDGE('',*,*,#6289,.T.);
#6289 = EDGE_CURVE('',#6257,#6184,#6290,.T.);
#6290 = SURFACE_CURVE('',#6291,(#6295,#6302),.PCURVE_S1.);
#6291 = LINE('',#6292,#6293);
#6292 = CARTESIAN_POINT('',(63.,3.75,49.0000001));
#6293 = VECTOR('',#6294,1.);
#6294 = DIRECTION('',(0.,-1.,0.));
#6295 = PCURVE('',#5277,#6296);
#6296 = DEFINITIONAL_REPRESENTATION('',(#6297),#6301);
#6297 = LINE('',#6298,#6299);
#6298 = CARTESIAN_POINT('',(14.,0.75));
#6299 = VECTOR('',#6300,1.);
#6300 = DIRECTION('',(0.,1.));
#6301 = ( GEOMETRIC_REPRESENTATION_CONTEXT(2) 
PARAMETRIC_REPRESENTATION_CONTEXT() REPRESENTATION_CONTEXT('2D SPACE',''
  ) );
#6302 = PCURVE('',#5994,#6303);
#6303 = DEFINITIONAL_REPRESENTATION('',(#6304),#6308);
#6304 = LINE('',#6305,#6306);
#6305 = CARTESIAN_POINT('',(63.,3.75));
#6306 = VECTOR('',#6307,1.);
#6307 = DIRECTION('',(0.,-1.));
#6308 = ( GEOMETRIC_REPRESENTATION_CONTEXT(2) 
PARAMETRIC_REPRESENTATION_CONTEXT() REPRESENTATION_CONTEXT('2D SPACE',''
  ) );
#6309 = ADVANCED_FACE('',(#6310),#5366,.F.);
#6310 = FACE_BOUND('',#6311,.T.);
#6311 = EDGE_LOOP('',(#6312,#6341,#6362,#6363));
#6312 = ORIENTED_EDGE('',*,*,#6313,.F.);
#6313 = EDGE_CURVE('',#6314,#6314,#6316,.T.);
#6314 = VERTEX_POINT('',#6315);
#6315 = CARTESIAN_POINT('',(50.8,28.,31.6000001));
#6316 = SURFACE_CURVE('',#6317,(#6322,#6329),.PCURVE_S1.);
#6317 = CIRCLE('',#6318,0.8);
#6318 = AXIS2_PLACEMENT_3D('',#6319,#6320,#6321);
#6319 = CARTESIAN_POINT('',(50.,28.,31.6000001));
#6320 = DIRECTION('',(0.,0.,1.));
#6321 = DIRECTION('',(1.,0.,0.));
#6322 = PCURVE('',#5366,#6323);
#6323 = DEFINITIONAL_REPRESENTATION('',(#6324),#6328);
#6324 = LINE('',#6325,#6326);
#6325 = CARTESIAN_POINT('',(-0.,0.));
#6326 = VECTOR('',#6327,1.);
#6327 = DIRECTION('',(-1.,0.));
#6328 = ( GEOMETRIC_REPRESENTATION_CONTEXT(2) 
PARAMETRIC_REPRESENTATION_CONTEXT() REPRESENTATION_CONTEXT('2D SPACE',''
  ) );
#6329 = PCURVE('',#6330,#6335);
#6330 = PLANE('',#6331);
#6331 = AXIS2_PLACEMENT_3D('',#6332,#6333,#6334);
#6332 = CARTESIAN_POINT('',(50.,28.,31.6000001));
#6333 = DIRECTION('',(0.,0.,1.));
#6334 = DIRECTION('',(1.,0.,-0.));
#6335 = DEFINITIONAL_REPRESENTATION('',(#6336),#6340);
#6336 = CIRCLE('',#6337,0.8);
#6337 = AXIS2_PLACEMENT_2D('',#6338,#6339);
#6338 = CARTESIAN_POINT('',(0.,0.));
#6339 = DIRECTION('',(1.,0.));
#6340 = ( GEOMETRIC_REPRESENTATION_CONTEXT(2) 
PARAMETRIC_REPRESENTATION_CONTEXT() REPRESENTATION_CONTEXT('2D SPACE',''
  ) );
#6341 = ORIENTED_EDGE('',*,*,#6342,.T.);
#6342 = EDGE_CURVE('',#6314,#5346,#6343,.T.);
#6343 = SEAM_CURVE('',#6344,(#6348,#6355),.PCURVE_S1.);
#6344 = LINE('',#6345,#6346);
#6345 = CARTESIAN_POINT('',(50.8,28.,31.6000001));
#6346 = VECTOR('',#6347,1.);
#6347 = DIRECTION('',(0.,0.,1.));
#6348 = PCURVE('',#5366,#6349);
#6349 = DEFINITIONAL_REPRESENTATION('',(#6350),#6354);
#6350 = LINE('',#6351,#6352);
#6351 = CARTESIAN_POINT('',(-6.28318530718,0.));
#6352 = VECTOR('',#6353,1.);
#6353 = DIRECTION('',(-0.,-1.));
#6354 = ( GEOMETRIC_REPRESENTATION_CONTEXT(2) 
PARAMETRIC_REPRESENTATION_CONTEXT() REPRESENTATION_CONTEXT('2D SPACE',''
  ) );
#6355 = PCURVE('',#5366,#6356);
#6356 = DEFINITIONAL_REPRESENTATION('',(#6357),#6361);
#6357 = LINE('',#6358,#6359);
#6358 = CARTESIAN_POINT('',(-0.,0.));
#6359 = VECTOR('',#6360,1.);
#6360 = DIRECTION('',(-0.,-1.));
#6361 = ( GEOMETRIC_REPRESENTATION_CONTEXT(2) 
PARAMETRIC_REPRESENTATION_CONTEXT() REPRESENTATION_CONTEXT('2D SPACE',''
  ) );
#6362 = ORIENTED_EDGE('',*,*,#5345,.F.);
#6363 = ORIENTED_EDGE('',*,*,#6342,.F.);
#6364 = ADVANCED_FACE('',(#6365),#5401,.F.);
#6365 = FACE_BOUND('',#6366,.T.);
#6366 = EDGE_LOOP('',(#6367,#6396,#6417,#6418));
#6367 = ORIENTED_EDGE('',*,*,#6368,.F.);
#6368 = EDGE_CURVE('',#6369,#6369,#6371,.T.);
#6369 = VERTEX_POINT('',#6370);
#6370 = CARTESIAN_POINT('',(60.8,22.,31.6000001));
#6371 = SURFACE_CURVE('',#6372,(#6377,#6384),.PCURVE_S1.);
#6372 = CIRCLE('',#6373,0.8);
#6373 = AXIS2_PLACEMENT_3D('',#6374,#6375,#6376);
#6374 = CARTESIAN_POINT('',(60.,22.,31.6000001));
#6375 = DIRECTION('',(0.,0.,1.));
#6376 = DIRECTION('',(1.,0.,0.));
#6377 = PCURVE('',#5401,#6378);
#6378 = DEFINITIONAL_REPRESENTATION('',(#6379),#6383);
#6379 = LINE('',#6380,#6381);
#6380 = CARTESIAN_POINT('',(-0.,0.));
#6381 = VECTOR('',#6382,1.);
#6382 = DIRECTION('',(-1.,0.));
#6383 = ( GEOMETRIC_REPRESENTATION_CONTEXT(2) 
PARAMETRIC_REPRESENTATION_CONTEXT() REPRESENTATION_CONTEXT('2D SPACE',''
  ) );
#6384 = PCURVE('',#6385,#6390);
#6385 = PLANE('',#6386);
#6386 = AXIS2_PLACEMENT_3D('',#6387,#6388,#6389);
#6387 = CARTESIAN_POINT('',(60.,22.,31.6000001));
#6388 = DIRECTION('',(0.,0.,1.));
#6389 = DIRECTION('',(1.,0.,-0.));
#6390 = DEFINITIONAL_REPRESENTATION('',(#6391),#6395);
#6391 = CIRCLE('',#6392,0.8);
#6392 = AXIS2_PLACEMENT_2D('',#6393,#6394);
#6393 = CARTESIAN_POINT('',(-7.105427357601E-15,0.));
#6394 = DIRECTION('',(1.,0.));
#6395 = ( GEOMETRIC_REPRESENTATION_CONTEXT(2) 
PARAMETRIC_REPRESENTATION_CONTEXT() REPRESENTATION_CONTEXT('2D SPACE',''
  ) );
#6396 = ORIENTED_EDGE('',*,*,#6397,.T.);
#6397 = EDGE_CURVE('',#6369,#5381,#6398,.T.);
#6398 = SEAM_CURVE('',#6399,(#6403,#6410),.PCURVE_S1.);
#6399 = LINE('',#6400,#6401);
#6400 = CARTESIAN_POINT('',(60.8,22.,31.6000001));
#6401 = VECTOR('',#6402,1.);
#6402 = DIRECTION('',(0.,0.,1.));
#6403 = PCURVE('',#5401,#6404);
#6404 = DEFINITIONAL_REPRESENTATION('',(#6405),#6409);
#6405 = LINE('',#6406,#6407);
#6406 = CARTESIAN_POINT('',(-6.28318530718,0.));
#6407 = VECTOR('',#6408,1.);
#6408 = DIRECTION('',(-0.,-1.));
#6409 = ( GEOMETRIC_REPRESENTATION_CONTEXT(2) 
PARAMETRIC_REPRESENTATION_CONTEXT() REPRESENTATION_CONTEXT('2D SPACE',''
  ) );
#6410 = PCURVE('',#5401,#6411);
#6411 = DEFINITIONAL_REPRESENTATION('',(#6412),#6416);
#6412 = LINE('',#6413,#6414);
#6413 = CARTESIAN_POINT('',(-0.,0.));
#6414 = VECTOR('',#6415,1.);
#6415 = DIRECTION('',(-0.,-1.));
#6416 = ( GEOMETRIC_REPRESENTATION_CONTEXT(2) 
PARAMETRIC_REPRESENTATION_CONTEXT() REPRESENTATION_CONTEXT('2D SPACE',''
  ) );
#6417 = ORIENTED_EDGE('',*,*,#5380,.F.);
#6418 = ORIENTED_EDGE('',*,*,#6397,.F.);
#6419 = ADVANCED_FACE('',(#6420),#5436,.F.);
#6420 = FACE_BOUND('',#6421,.T.);
#6421 = EDGE_LOOP('',(#6422,#6451,#6472,#6473));
#6422 = ORIENTED_EDGE('',*,*,#6423,.F.);
#6423 = EDGE_CURVE('',#6424,#6424,#6426,.T.);
#6424 = VERTEX_POINT('',#6425);
#6425 = CARTESIAN_POINT('',(70.8,34.,31.6000001));
#6426 = SURFACE_CURVE('',#6427,(#6432,#6439),.PCURVE_S1.);
#6427 = CIRCLE('',#6428,0.8);
#6428 = AXIS2_PLACEMENT_3D('',#6429,#6430,#6431);
#6429 = CARTESIAN_POINT('',(70.,34.,31.6000001));
#6430 = DIRECTION('',(0.,0.,1.));
#6431 = DIRECTION('',(1.,0.,0.));
#6432 = PCURVE('',#5436,#6433);
#6433 = DEFINITIONAL_REPRESENTATION('',(#6434),#6438);
#6434 = LINE('',#6435,#6436);
#6435 = CARTESIAN_POINT('',(-0.,0.));
#6436 = VECTOR('',#6437,1.);
#6437 = DIRECTION('',(-1.,0.));
#6438 = ( GEOMETRIC_REPRESENTATION_CONTEXT(2) 
PARAMETRIC_REPRESENTATION_CONTEXT() REPRESENTATION_CONTEXT('2D SPACE',''
  ) );
#6439 = PCURVE('',#6440,#6445);
#6440 = PLANE('',#6441);
#6441 = AXIS2_PLACEMENT_3D('',#6442,#6443,#6444);
#6442 = CARTESIAN_POINT('',(70.,34.,31.6000001));
#6443 = DIRECTION('',(0.,0.,1.));
#6444 = DIRECTION('',(1.,0.,-0.));
#6445 = DEFINITIONAL_REPRESENTATION('',(#6446),#6450);
#6446 = CIRCLE('',#6447,0.8);
#6447 = AXIS2_PLACEMENT_2D('',#6448,#6449);
#6448 = CARTESIAN_POINT('',(0.,0.));
#6449 = DIRECTION('',(1.,0.));
#6450 = ( GEOMETRIC_REPRESENTATION_CONTEXT(2) 
PARAMETRIC_REPRESENTATION_CONTEXT() REPRESENTATION_CONTEXT('2D SPACE',''
  ) );
#6451 = ORIENTED_EDGE('',*,*,#6452,.T.);
#6452 = EDGE_CURVE('',#6424,#5416,#6453,.T.);
#6453 = SEAM_CURVE('',#6454,(#6458,#6465),.PCURVE_S1.);
#6454 = LINE('',#6455,#6456);
#6455 = CARTESIAN_POINT('',(70.8,34.,31.6000001));
#6456 = VECTOR('',#6457,1.);
#6457 = DIRECTION('',(0.,0.,1.));
#6458 = PCURVE('',#5436,#6459);
#6459 = DEFINITIONAL_REPRESENTATION('',(#6460),#6464);
#6460 = LINE('',#6461,#6462);
#6461 = CARTESIAN_POINT('',(-6.28318530718,0.));
#6462 = VECTOR('',#6463,1.);
#6463 = DIRECTION('',(-0.,-1.));
#6464 = ( GEOMETRIC_REPRESENTATION_CONTEXT(2) 
PARAMETRIC_REPRESENTATION_CONTEXT() REPRESENTATION_CONTEXT('2D SPACE',''
  ) );
#6465 = PCURVE('',#5436,#6466);
#6466 = DEFINITIONAL_REPRESENTATION('',(#6467),#6471);
#6467 = LINE('',#6468,#6469);
#6468 = CARTESIAN_POINT('',(-0.,0.));
#6469 = VECTOR('',#6470,1.);
#6470 = DIRECTION('',(-0.,-1.));
#6471 = ( GEOMETRIC_REPRESENTATION_CONTEXT(2) 
PARAMETRIC_REPRESENTATION_CONTEXT() REPRESENTATION_CONTEXT('2D SPACE',''
  ) );
#6472 = ORIENTED_EDGE('',*,*,#5415,.F.);
#6473 = ORIENTED_EDGE('',*,*,#6452,.F.);
#6474 = ADVANCED_FACE('',(#6475),#5471,.F.);
#6475 = FACE_BOUND('',#6476,.T.);
#6476 = EDGE_LOOP('',(#6477,#6506,#6527,#6528));
#6477 = ORIENTED_EDGE('',*,*,#6478,.F.);
#6478 = EDGE_CURVE('',#6479,#6479,#6481,.T.);
#6479 = VERTEX_POINT('',#6480);
#6480 = CARTESIAN_POINT('',(96.8,34.,31.6000001));
#6481 = SURFACE_CURVE('',#6482,(#6487,#6494),.PCURVE_S1.);
#6482 = CIRCLE('',#6483,0.8);
#6483 = AXIS2_PLACEMENT_3D('',#6484,#6485,#6486);
#6484 = CARTESIAN_POINT('',(96.,34.,31.6000001));
#6485 = DIRECTION('',(0.,0.,1.));
#6486 = DIRECTION('',(1.,0.,0.));
#6487 = PCURVE('',#5471,#6488);
#6488 = DEFINITIONAL_REPRESENTATION('',(#6489),#6493);
#6489 = LINE('',#6490,#6491);
#6490 = CARTESIAN_POINT('',(-0.,0.));
#6491 = VECTOR('',#6492,1.);
#6492 = DIRECTION('',(-1.,0.));
#6493 = ( GEOMETRIC_REPRESENTATION_CONTEXT(2) 
PARAMETRIC_REPRESENTATION_CONTEXT() REPRESENTATION_CONTEXT('2D SPACE',''
  ) );
#6494 = PCURVE('',#6495,#6500);
#6495 = PLANE('',#6496);
#6496 = AXIS2_PLACEMENT_3D('',#6497,#6498,#6499);
#6497 = CARTESIAN_POINT('',(96.,34.,31.6000001));
#6498 = DIRECTION('',(0.,0.,1.));
#6499 = DIRECTION('',(1.,0.,-0.));
#6500 = DEFINITIONAL_REPRESENTATION('',(#6501),#6505);
#6501 = CIRCLE('',#6502,0.8);
#6502 = AXIS2_PLACEMENT_2D('',#6503,#6504);
#6503 = CARTESIAN_POINT('',(0.,0.));
#6504 = DIRECTION('',(1.,0.));
#6505 = ( GEOMETRIC_REPRESENTATION_CONTEXT(2) 
PARAMETRIC_REPRESENTATION_CONTEXT() REPRESENTATION_CONTEXT('2D SPACE',''
  ) );
#6506 = ORIENTED_EDGE('',*,*,#6507,.T.);
#6507 = EDGE_CURVE('',#6479,#5451,#6508,.T.);
#6508 = SEAM_CURVE('',#6509,(#6513,#6520),.PCURVE_S1.);
#6509 = LINE('',#6510,#6511);
#6510 = CARTESIAN_POINT('',(96.8,34.,31.6000001));
#6511 = VECTOR('',#6512,1.);
#6512 = DIRECTION('',(0.,0.,1.));
#6513 = PCURVE('',#5471,#6514);
#6514 = DEFINITIONAL_REPRESENTATION('',(#6515),#6519);
#6515 = LINE('',#6516,#6517);
#6516 = CARTESIAN_POINT('',(-6.28318530718,0.));
#6517 = VECTOR('',#6518,1.);
#6518 = DIRECTION('',(-0.,-1.));
#6519 = ( GEOMETRIC_REPRESENTATION_CONTEXT(2) 
PARAMETRIC_REPRESENTATION_CONTEXT() REPRESENTATION_CONTEXT('2D SPACE',''
  ) );
#6520 = PCURVE('',#5471,#6521);
#6521 = DEFINITIONAL_REPRESENTATION('',(#6522),#6526);
#6522 = LINE('',#6523,#6524);
#6523 = CARTESIAN_POINT('',(-0.,0.));
#6524 = VECTOR('',#6525,1.);
#6525 = DIRECTION('',(-0.,-1.));
#6526 = ( GEOMETRIC_REPRESENTATION_CONTEXT(2) 
PARAMETRIC_REPRESENTATION_CONTEXT() REPRESENTATION_CONTEXT('2D SPACE',''
  ) );
#6527 = ORIENTED_EDGE('',*,*,#5450,.F.);
#6528 = ORIENTED_EDGE('',*,*,#6507,.F.);
#6529 = ADVANCED_FACE('',(#6530),#5506,.F.);
#6530 = FACE_BOUND('',#6531,.T.);
#6531 = EDGE_LOOP('',(#6532,#6561,#6582,#6583));
#6532 = ORIENTED_EDGE('',*,*,#6533,.F.);
#6533 = EDGE_CURVE('',#6534,#6534,#6536,.T.);
#6534 = VERTEX_POINT('',#6535);
#6535 = CARTESIAN_POINT('',(106.8,34.,31.6000001));
#6536 = SURFACE_CURVE('',#6537,(#6542,#6549),.PCURVE_S1.);
#6537 = CIRCLE('',#6538,0.8);
#6538 = AXIS2_PLACEMENT_3D('',#6539,#6540,#6541);
#6539 = CARTESIAN_POINT('',(106.,34.,31.6000001));
#6540 = DIRECTION('',(0.,0.,1.));
#6541 = DIRECTION('',(1.,0.,0.));
#6542 = PCURVE('',#5506,#6543);
#6543 = DEFINITIONAL_REPRESENTATION('',(#6544),#6548);
#6544 = LINE('',#6545,#6546);
#6545 = CARTESIAN_POINT('',(-0.,0.));
#6546 = VECTOR('',#6547,1.);
#6547 = DIRECTION('',(-1.,0.));
#6548 = ( GEOMETRIC_REPRESENTATION_CONTEXT(2) 
PARAMETRIC_REPRESENTATION_CONTEXT() REPRESENTATION_CONTEXT('2D SPACE',''
  ) );
#6549 = PCURVE('',#6550,#6555);
#6550 = PLANE('',#6551);
#6551 = AXIS2_PLACEMENT_3D('',#6552,#6553,#6554);
#6552 = CARTESIAN_POINT('',(106.,34.,31.6000001));
#6553 = DIRECTION('',(0.,0.,1.));
#6554 = DIRECTION('',(1.,0.,-0.));
#6555 = DEFINITIONAL_REPRESENTATION('',(#6556),#6560);
#6556 = CIRCLE('',#6557,0.8);
#6557 = AXIS2_PLACEMENT_2D('',#6558,#6559);
#6558 = CARTESIAN_POINT('',(0.,0.));
#6559 = DIRECTION('',(1.,0.));
#6560 = ( GEOMETRIC_REPRESENTATION_CONTEXT(2) 
PARAMETRIC_REPRESENTATION_CONTEXT() REPRESENTATION_CONTEXT('2D SPACE',''
  ) );
#6561 = ORIENTED_EDGE('',*,*,#6562,.T.);
#6562 = EDGE_CURVE('',#6534,#5486,#6563,.T.);
#6563 = SEAM_CURVE('',#6564,(#6568,#6575),.PCURVE_S1.);
#6564 = LINE('',#6565,#6566);
#6565 = CARTESIAN_POINT('',(106.8,34.,31.6000001));
#6566 = VECTOR('',#6567,1.);
#6567 = DIRECTION('',(0.,0.,1.));
#6568 = PCURVE('',#5506,#6569);
#6569 = DEFINITIONAL_REPRESENTATION('',(#6570),#6574);
#6570 = LINE('',#6571,#6572);
#6571 = CARTESIAN_POINT('',(-6.28318530718,0.));
#6572 = VECTOR('',#6573,1.);
#6573 = DIRECTION('',(-0.,-1.));
#6574 = ( GEOMETRIC_REPRESENTATION_CONTEXT(2) 
PARAMETRIC_REPRESENTATION_CONTEXT() REPRESENTATION_CONTEXT('2D SPACE',''
  ) );
#6575 = PCURVE('',#5506,#6576);
#6576 = DEFINITIONAL_REPRESENTATION('',(#6577),#6581);
#6577 = LINE('',#6578,#6579);
#6578 = CARTESIAN_POINT('',(-0.,0.));
#6579 = VECTOR('',#6580,1.);
#6580 = DIRECTION('',(-0.,-1.));
#6581 = ( GEOMETRIC_REPRESENTATION_CONTEXT(2) 
PARAMETRIC_REPRESENTATION_CONTEXT() REPRESENTATION_CONTEXT('2D SPACE',''
  ) );
#6582 = ORIENTED_EDGE('',*,*,#5485,.F.);
#6583 = ORIENTED_EDGE('',*,*,#6562,.F.);
#6584 = ADVANCED_FACE('',(#6585),#5541,.F.);
#6585 = FACE_BOUND('',#6586,.T.);
#6586 = EDGE_LOOP('',(#6587,#6616,#6637,#6638));
#6587 = ORIENTED_EDGE('',*,*,#6588,.F.);
#6588 = EDGE_CURVE('',#6589,#6589,#6591,.T.);
#6589 = VERTEX_POINT('',#6590);
#6590 = CARTESIAN_POINT('',(164.8,34.,31.6000001));
#6591 = SURFACE_CURVE('',#6592,(#6597,#6604),.PCURVE_S1.);
#6592 = CIRCLE('',#6593,0.8);
#6593 = AXIS2_PLACEMENT_3D('',#6594,#6595,#6596);
#6594 = CARTESIAN_POINT('',(164.,34.,31.6000001));
#6595 = DIRECTION('',(0.,0.,1.));
#6596 = DIRECTION('',(1.,0.,0.));
#6597 = PCURVE('',#5541,#6598);
#6598 = DEFINITIONAL_REPRESENTATION('',(#6599),#6603);
#6599 = LINE('',#6600,#6601);
#6600 = CARTESIAN_POINT('',(-0.,0.));
#6601 = VECTOR('',#6602,1.);
#6602 = DIRECTION('',(-1.,0.));
#6603 = ( GEOMETRIC_REPRESENTATION_CONTEXT(2) 
PARAMETRIC_REPRESENTATION_CONTEXT() REPRESENTATION_CONTEXT('2D SPACE',''
  ) );
#6604 = PCURVE('',#6605,#6610);
#6605 = PLANE('',#6606);
#6606 = AXIS2_PLACEMENT_3D('',#6607,#6608,#6609);
#6607 = CARTESIAN_POINT('',(164.,34.,31.6000001));
#6608 = DIRECTION('',(0.,0.,1.));
#6609 = DIRECTION('',(1.,0.,-0.));
#6610 = DEFINITIONAL_REPRESENTATION('',(#6611),#6615);
#6611 = CIRCLE('',#6612,0.8);
#6612 = AXIS2_PLACEMENT_2D('',#6613,#6614);
#6613 = CARTESIAN_POINT('',(0.,0.));
#6614 = DIRECTION('',(1.,0.));
#6615 = ( GEOMETRIC_REPRESENTATION_CONTEXT(2) 
PARAMETRIC_REPRESENTATION_CONTEXT() REPRESENTATION_CONTEXT('2D SPACE',''
  ) );
#6616 = ORIENTED_EDGE('',*,*,#6617,.T.);
#6617 = EDGE_CURVE('',#6589,#5521,#6618,.T.);
#6618 = SEAM_CURVE('',#6619,(#6623,#6630),.PCURVE_S1.);
#6619 = LINE('',#6620,#6621);
#6620 = CARTESIAN_POINT('',(164.8,34.,31.6000001));
#6621 = VECTOR('',#6622,1.);
#6622 = DIRECTION('',(0.,0.,1.));
#6623 = PCURVE('',#5541,#6624);
#6624 = DEFINITIONAL_REPRESENTATION('',(#6625),#6629);
#6625 = LINE('',#6626,#6627);
#6626 = CARTESIAN_POINT('',(-6.28318530718,0.));
#6627 = VECTOR('',#6628,1.);
#6628 = DIRECTION('',(-0.,-1.));
#6629 = ( GEOMETRIC_REPRESENTATION_CONTEXT(2) 
PARAMETRIC_REPRESENTATION_CONTEXT() REPRESENTATION_CONTEXT('2D SPACE',''
  ) );
#6630 = PCURVE('',#5541,#6631);
#6631 = DEFINITIONAL_REPRESENTATION('',(#6632),#6636);
#6632 = LINE('',#6633,#6634);
#6633 = CARTESIAN_POINT('',(-0.,0.));
#6634 = VECTOR('',#6635,1.);
#6635 = DIRECTION('',(-0.,-1.));
#6636 = ( GEOMETRIC_REPRESENTATION_CONTEXT(2) 
PARAMETRIC_REPRESENTATION_CONTEXT() REPRESENTATION_CONTEXT('2D SPACE',''
  ) );
#6637 = ORIENTED_EDGE('',*,*,#5520,.F.);
#6638 = ORIENTED_EDGE('',*,*,#6617,.F.);
#6639 = ADVANCED_FACE('',(#6640),#5576,.F.);
#6640 = FACE_BOUND('',#6641,.T.);
#6641 = EDGE_LOOP('',(#6642,#6671,#6692,#6693));
#6642 = ORIENTED_EDGE('',*,*,#6643,.F.);
#6643 = EDGE_CURVE('',#6644,#6644,#6646,.T.);
#6644 = VERTEX_POINT('',#6645);
#6645 = CARTESIAN_POINT('',(11.8,82.5,31.6000001));
#6646 = SURFACE_CURVE('',#6647,(#6652,#6659),.PCURVE_S1.);
#6647 = CIRCLE('',#6648,0.8);
#6648 = AXIS2_PLACEMENT_3D('',#6649,#6650,#6651);
#6649 = CARTESIAN_POINT('',(11.,82.5,31.6000001));
#6650 = DIRECTION('',(0.,0.,1.));
#6651 = DIRECTION('',(1.,0.,0.));
#6652 = PCURVE('',#5576,#6653);
#6653 = DEFINITIONAL_REPRESENTATION('',(#6654),#6658);
#6654 = LINE('',#6655,#6656);
#6655 = CARTESIAN_POINT('',(-0.,0.));
#6656 = VECTOR('',#6657,1.);
#6657 = DIRECTION('',(-1.,0.));
#6658 = ( GEOMETRIC_REPRESENTATION_CONTEXT(2) 
PARAMETRIC_REPRESENTATION_CONTEXT() REPRESENTATION_CONTEXT('2D SPACE',''
  ) );
#6659 = PCURVE('',#6660,#6665);
#6660 = PLANE('',#6661);
#6661 = AXIS2_PLACEMENT_3D('',#6662,#6663,#6664);
#6662 = CARTESIAN_POINT('',(11.,82.5,31.6000001));
#6663 = DIRECTION('',(0.,0.,1.));
#6664 = DIRECTION('',(1.,0.,-0.));
#6665 = DEFINITIONAL_REPRESENTATION('',(#6666),#6670);
#6666 = CIRCLE('',#6667,0.8);
#6667 = AXIS2_PLACEMENT_2D('',#6668,#6669);
#6668 = CARTESIAN_POINT('',(0.,0.));
#6669 = DIRECTION('',(1.,0.));
#6670 = ( GEOMETRIC_REPRESENTATION_CONTEXT(2) 
PARAMETRIC_REPRESENTATION_CONTEXT() REPRESENTATION_CONTEXT('2D SPACE',''
  ) );
#6671 = ORIENTED_EDGE('',*,*,#6672,.T.);
#6672 = EDGE_CURVE('',#6644,#5556,#6673,.T.);
#6673 = SEAM_CURVE('',#6674,(#6678,#6685),.PCURVE_S1.);
#6674 = LINE('',#6675,#6676);
#6675 = CARTESIAN_POINT('',(11.8,82.5,31.6000001));
#6676 = VECTOR('',#6677,1.);
#6677 = DIRECTION('',(0.,0.,1.));
#6678 = PCURVE('',#5576,#6679);
#6679 = DEFINITIONAL_REPRESENTATION('',(#6680),#6684);
#6680 = LINE('',#6681,#6682);
#6681 = CARTESIAN_POINT('',(-6.28318530718,0.));
#6682 = VECTOR('',#6683,1.);
#6683 = DIRECTION('',(-0.,-1.));
#6684 = ( GEOMETRIC_REPRESENTATION_CONTEXT(2) 
PARAMETRIC_REPRESENTATION_CONTEXT() REPRESENTATION_CONTEXT('2D SPACE',''
  ) );
#6685 = PCURVE('',#5576,#6686);
#6686 = DEFINITIONAL_REPRESENTATION('',(#6687),#6691);
#6687 = LINE('',#6688,#6689);
#6688 = CARTESIAN_POINT('',(-0.,0.));
#6689 = VECTOR('',#6690,1.);
#6690 = DIRECTION('',(-0.,-1.));
#6691 = ( GEOMETRIC_REPRESENTATION_CONTEXT(2) 
PARAMETRIC_REPRESENTATION_CONTEXT() REPRESENTATION_CONTEXT('2D SPACE',''
  ) );
#6692 = ORIENTED_EDGE('',*,*,#5555,.F.);
#6693 = ORIENTED_EDGE('',*,*,#6672,.F.);
#6694 = ADVANCED_FACE('',(#6695),#5611,.F.);
#6695 = FACE_BOUND('',#6696,.T.);
#6696 = EDGE_LOOP('',(#6697,#6726,#6747,#6748));
#6697 = ORIENTED_EDGE('',*,*,#6698,.F.);
#6698 = EDGE_CURVE('',#6699,#6699,#6701,.T.);
#6699 = VERTEX_POINT('',#6700);
#6700 = CARTESIAN_POINT('',(79.8,82.5,31.6000001));
#6701 = SURFACE_CURVE('',#6702,(#6707,#6714),.PCURVE_S1.);
#6702 = CIRCLE('',#6703,0.8);
#6703 = AXIS2_PLACEMENT_3D('',#6704,#6705,#6706);
#6704 = CARTESIAN_POINT('',(79.,82.5,31.6000001));
#6705 = DIRECTION('',(0.,0.,1.));
#6706 = DIRECTION('',(1.,0.,0.));
#6707 = PCURVE('',#5611,#6708);
#6708 = DEFINITIONAL_REPRESENTATION('',(#6709),#6713);
#6709 = LINE('',#6710,#6711);
#6710 = CARTESIAN_POINT('',(-0.,0.));
#6711 = VECTOR('',#6712,1.);
#6712 = DIRECTION('',(-1.,0.));
#6713 = ( GEOMETRIC_REPRESENTATION_CONTEXT(2) 
PARAMETRIC_REPRESENTATION_CONTEXT() REPRESENTATION_CONTEXT('2D SPACE',''
  ) );
#6714 = PCURVE('',#6715,#6720);
#6715 = PLANE('',#6716);
#6716 = AXIS2_PLACEMENT_3D('',#6717,#6718,#6719);
#6717 = CARTESIAN_POINT('',(79.,82.5,31.6000001));
#6718 = DIRECTION('',(0.,0.,1.));
#6719 = DIRECTION('',(1.,0.,-0.));
#6720 = DEFINITIONAL_REPRESENTATION('',(#6721),#6725);
#6721 = CIRCLE('',#6722,0.8);
#6722 = AXIS2_PLACEMENT_2D('',#6723,#6724);
#6723 = CARTESIAN_POINT('',(0.,-1.42108547152E-14));
#6724 = DIRECTION('',(1.,0.));
#6725 = ( GEOMETRIC_REPRESENTATION_CONTEXT(2) 
PARAMETRIC_REPRESENTATION_CONTEXT() REPRESENTATION_CONTEXT('2D SPACE',''
  ) );
#6726 = ORIENTED_EDGE('',*,*,#6727,.T.);
#6727 = EDGE_CURVE('',#6699,#5591,#6728,.T.);
#6728 = SEAM_CURVE('',#6729,(#6733,#6740),.PCURVE_S1.);
#6729 = LINE('',#6730,#6731);
#6730 = CARTESIAN_POINT('',(79.8,82.5,31.6000001));
#6731 = VECTOR('',#6732,1.);
#6732 = DIRECTION('',(0.,0.,1.));
#6733 = PCURVE('',#5611,#6734);
#6734 = DEFINITIONAL_REPRESENTATION('',(#6735),#6739);
#6735 = LINE('',#6736,#6737);
#6736 = CARTESIAN_POINT('',(-6.28318530718,0.));
#6737 = VECTOR('',#6738,1.);
#6738 = DIRECTION('',(-0.,-1.));
#6739 = ( GEOMETRIC_REPRESENTATION_CONTEXT(2) 
PARAMETRIC_REPRESENTATION_CONTEXT() REPRESENTATION_CONTEXT('2D SPACE',''
  ) );
#6740 = PCURVE('',#5611,#6741);
#6741 = DEFINITIONAL_REPRESENTATION('',(#6742),#6746);
#6742 = LINE('',#6743,#6744);
#6743 = CARTESIAN_POINT('',(-0.,0.));
#6744 = VECTOR('',#6745,1.);
#6745 = DIRECTION('',(-0.,-1.));
#6746 = ( GEOMETRIC_REPRESENTATION_CONTEXT(2) 
PARAMETRIC_REPRESENTATION_CONTEXT() REPRESENTATION_CONTEXT('2D SPACE',''
  ) );
#6747 = ORIENTED_EDGE('',*,*,#5590,.F.);
#6748 = ORIENTED_EDGE('',*,*,#6727,.F.);
#6749 = ADVANCED_FACE('',(#6750),#5646,.F.);
#6750 = FACE_BOUND('',#6751,.T.);
#6751 = EDGE_LOOP('',(#6752,#6781,#6802,#6803));
#6752 = ORIENTED_EDGE('',*,*,#6753,.F.);
#6753 = EDGE_CURVE('',#6754,#6754,#6756,.T.);
#6754 = VERTEX_POINT('',#6755);
#6755 = CARTESIAN_POINT('',(115.8,56.,31.6000001));
#6756 = SURFACE_CURVE('',#6757,(#6762,#6769),.PCURVE_S1.);
#6757 = CIRCLE('',#6758,0.8);
#6758 = AXIS2_PLACEMENT_3D('',#6759,#6760,#6761);
#6759 = CARTESIAN_POINT('',(115.,56.,31.6000001));
#6760 = DIRECTION('',(0.,0.,1.));
#6761 = DIRECTION('',(1.,0.,0.));
#6762 = PCURVE('',#5646,#6763);
#6763 = DEFINITIONAL_REPRESENTATION('',(#6764),#6768);
#6764 = LINE('',#6765,#6766);
#6765 = CARTESIAN_POINT('',(-0.,0.));
#6766 = VECTOR('',#6767,1.);
#6767 = DIRECTION('',(-1.,0.));
#6768 = ( GEOMETRIC_REPRESENTATION_CONTEXT(2) 
PARAMETRIC_REPRESENTATION_CONTEXT() REPRESENTATION_CONTEXT('2D SPACE',''
  ) );
#6769 = PCURVE('',#6770,#6775);
#6770 = PLANE('',#6771);
#6771 = AXIS2_PLACEMENT_3D('',#6772,#6773,#6774);
#6772 = CARTESIAN_POINT('',(115.,56.,31.6000001));
#6773 = DIRECTION('',(0.,0.,1.));
#6774 = DIRECTION('',(1.,0.,-0.));
#6775 = DEFINITIONAL_REPRESENTATION('',(#6776),#6780);
#6776 = CIRCLE('',#6777,0.8);
#6777 = AXIS2_PLACEMENT_2D('',#6778,#6779);
#6778 = CARTESIAN_POINT('',(0.,-7.105427357601E-15));
#6779 = DIRECTION('',(1.,0.));
#6780 = ( GEOMETRIC_REPRESENTATION_CONTEXT(2) 
PARAMETRIC_REPRESENTATION_CONTEXT() REPRESENTATION_CONTEXT('2D SPACE',''
  ) );
#6781 = ORIENTED_EDGE('',*,*,#6782,.T.);
#6782 = EDGE_CURVE('',#6754,#5626,#6783,.T.);
#6783 = SEAM_CURVE('',#6784,(#6788,#6795),.PCURVE_S1.);
#6784 = LINE('',#6785,#6786);
#6785 = CARTESIAN_POINT('',(115.8,56.,31.6000001));
#6786 = VECTOR('',#6787,1.);
#6787 = DIRECTION('',(0.,0.,1.));
#6788 = PCURVE('',#5646,#6789);
#6789 = DEFINITIONAL_REPRESENTATION('',(#6790),#6794);
#6790 = LINE('',#6791,#6792);
#6791 = CARTESIAN_POINT('',(-6.28318530718,0.));
#6792 = VECTOR('',#6793,1.);
#6793 = DIRECTION('',(-0.,-1.));
#6794 = ( GEOMETRIC_REPRESENTATION_CONTEXT(2) 
PARAMETRIC_REPRESENTATION_CONTEXT() REPRESENTATION_CONTEXT('2D SPACE',''
  ) );
#6795 = PCURVE('',#5646,#6796);
#6796 = DEFINITIONAL_REPRESENTATION('',(#6797),#6801);
#6797 = LINE('',#6798,#6799);
#6798 = CARTESIAN_POINT('',(-0.,0.));
#6799 = VECTOR('',#6800,1.);
#6800 = DIRECTION('',(-0.,-1.));
#6801 = ( GEOMETRIC_REPRESENTATION_CONTEXT(2) 
PARAMETRIC_REPRESENTATION_CONTEXT() REPRESENTATION_CONTEXT('2D SPACE',''
  ) );
#6802 = ORIENTED_EDGE('',*,*,#5625,.F.);
#6803 = ORIENTED_EDGE('',*,*,#6782,.F.);
#6804 = ADVANCED_FACE('',(#6805),#5681,.F.);
#6805 = FACE_BOUND('',#6806,.T.);
#6806 = EDGE_LOOP('',(#6807,#6836,#6857,#6858));
#6807 = ORIENTED_EDGE('',*,*,#6808,.F.);
#6808 = EDGE_CURVE('',#6809,#6809,#6811,.T.);
#6809 = VERTEX_POINT('',#6810);
#6810 = CARTESIAN_POINT('',(150.8,56.,31.6000001));
#6811 = SURFACE_CURVE('',#6812,(#6817,#6824),.PCURVE_S1.);
#6812 = CIRCLE('',#6813,0.8);
#6813 = AXIS2_PLACEMENT_3D('',#6814,#6815,#6816);
#6814 = CARTESIAN_POINT('',(150.,56.,31.6000001));
#6815 = DIRECTION('',(0.,0.,1.));
#6816 = DIRECTION('',(1.,0.,0.));
#6817 = PCURVE('',#5681,#6818);
#6818 = DEFINITIONAL_REPRESENTATION('',(#6819),#6823);
#6819 = LINE('',#6820,#6821);
#6820 = CARTESIAN_POINT('',(-0.,0.));
#6821 = VECTOR('',#6822,1.);
#6822 = DIRECTION('',(-1.,0.));
#6823 = ( GEOMETRIC_REPRESENTATION_CONTEXT(2) 
PARAMETRIC_REPRESENTATION_CONTEXT() REPRESENTATION_CONTEXT('2D SPACE',''
  ) );
#6824 = PCURVE('',#6825,#6830);
#6825 = PLANE('',#6826);
#6826 = AXIS2_PLACEMENT_3D('',#6827,#6828,#6829);
#6827 = CARTESIAN_POINT('',(150.,56.,31.6000001));
#6828 = DIRECTION('',(0.,0.,1.));
#6829 = DIRECTION('',(1.,0.,-0.));
#6830 = DEFINITIONAL_REPRESENTATION('',(#6831),#6835);
#6831 = CIRCLE('',#6832,0.8);
#6832 = AXIS2_PLACEMENT_2D('',#6833,#6834);
#6833 = CARTESIAN_POINT('',(0.,0.));
#6834 = DIRECTION('',(1.,0.));
#6835 = ( GEOMETRIC_REPRESENTATION_CONTEXT(2) 
PARAMETRIC_REPRESENTATION_CONTEXT() REPRESENTATION_CONTEXT('2D SPACE',''
  ) );
#6836 = ORIENTED_EDGE('',*,*,#6837,.T.);
#6837 = EDGE_CURVE('',#6809,#5661,#6838,.T.);
#6838 = SEAM_CURVE('',#6839,(#6843,#6850),.PCURVE_S1.);
#6839 = LINE('',#6840,#6841);
#6840 = CARTESIAN_POINT('',(150.8,56.,31.6000001));
#6841 = VECTOR('',#6842,1.);
#6842 = DIRECTION('',(0.,0.,1.));
#6843 = PCURVE('',#5681,#6844);
#6844 = DEFINITIONAL_REPRESENTATION('',(#6845),#6849);
#6845 = LINE('',#6846,#6847);
#6846 = CARTESIAN_POINT('',(-6.28318530718,0.));
#6847 = VECTOR('',#6848,1.);
#6848 = DIRECTION('',(-0.,-1.));
#6849 = ( GEOMETRIC_REPRESENTATION_CONTEXT(2) 
PARAMETRIC_REPRESENTATION_CONTEXT() REPRESENTATION_CONTEXT('2D SPACE',''
  ) );
#6850 = PCURVE('',#5681,#6851);
#6851 = DEFINITIONAL_REPRESENTATION('',(#6852),#6856);
#6852 = LINE('',#6853,#6854);
#6853 = CARTESIAN_POINT('',(-0.,0.));
#6854 = VECTOR('',#6855,1.);
#6855 = DIRECTION('',(-0.,-1.));
#6856 = ( GEOMETRIC_REPRESENTATION_CONTEXT(2) 
PARAMETRIC_REPRESENTATION_CONTEXT() REPRESENTATION_CONTEXT('2D SPACE',''
  ) );
#6857 = ORIENTED_EDGE('',*,*,#5660,.F.);
#6858 = ORIENTED_EDGE('',*,*,#6837,.F.);
#6859 = ADVANCED_FACE('',(#6860),#5716,.F.);
#6860 = FACE_BOUND('',#6861,.T.);
#6861 = EDGE_LOOP('',(#6862,#6891,#6912,#6913));
#6862 = ORIENTED_EDGE('',*,*,#6863,.F.);
#6863 = EDGE_CURVE('',#6864,#6864,#6866,.T.);
#6864 = VERTEX_POINT('',#6865);
#6865 = CARTESIAN_POINT('',(130.8,90.,31.6000001));
#6866 = SURFACE_CURVE('',#6867,(#6872,#6879),.PCURVE_S1.);
#6867 = CIRCLE('',#6868,0.8);
#6868 = AXIS2_PLACEMENT_3D('',#6869,#6870,#6871);
#6869 = CARTESIAN_POINT('',(130.,90.,31.6000001));
#6870 = DIRECTION('',(0.,0.,1.));
#6871 = DIRECTION('',(1.,0.,0.));
#6872 = PCURVE('',#5716,#6873);
#6873 = DEFINITIONAL_REPRESENTATION('',(#6874),#6878);
#6874 = LINE('',#6875,#6876);
#6875 = CARTESIAN_POINT('',(-0.,0.));
#6876 = VECTOR('',#6877,1.);
#6877 = DIRECTION('',(-1.,0.));
#6878 = ( GEOMETRIC_REPRESENTATION_CONTEXT(2) 
PARAMETRIC_REPRESENTATION_CONTEXT() REPRESENTATION_CONTEXT('2D SPACE',''
  ) );
#6879 = PCURVE('',#6880,#6885);
#6880 = PLANE('',#6881);
#6881 = AXIS2_PLACEMENT_3D('',#6882,#6883,#6884);
#6882 = CARTESIAN_POINT('',(130.,90.,31.6000001));
#6883 = DIRECTION('',(0.,0.,1.));
#6884 = DIRECTION('',(1.,0.,-0.));
#6885 = DEFINITIONAL_REPRESENTATION('',(#6886),#6890);
#6886 = CIRCLE('',#6887,0.8);
#6887 = AXIS2_PLACEMENT_2D('',#6888,#6889);
#6888 = CARTESIAN_POINT('',(2.84217094304E-14,0.));
#6889 = DIRECTION('',(1.,0.));
#6890 = ( GEOMETRIC_REPRESENTATION_CONTEXT(2) 
PARAMETRIC_REPRESENTATION_CONTEXT() REPRESENTATION_CONTEXT('2D SPACE',''
  ) );
#6891 = ORIENTED_EDGE('',*,*,#6892,.T.);
#6892 = EDGE_CURVE('',#6864,#5696,#6893,.T.);
#6893 = SEAM_CURVE('',#6894,(#6898,#6905),.PCURVE_S1.);
#6894 = LINE('',#6895,#6896);
#6895 = CARTESIAN_POINT('',(130.8,90.,31.6000001));
#6896 = VECTOR('',#6897,1.);
#6897 = DIRECTION('',(0.,0.,1.));
#6898 = PCURVE('',#5716,#6899);
#6899 = DEFINITIONAL_REPRESENTATION('',(#6900),#6904);
#6900 = LINE('',#6901,#6902);
#6901 = CARTESIAN_POINT('',(-6.28318530718,0.));
#6902 = VECTOR('',#6903,1.);
#6903 = DIRECTION('',(-0.,-1.));
#6904 = ( GEOMETRIC_REPRESENTATION_CONTEXT(2) 
PARAMETRIC_REPRESENTATION_CONTEXT() REPRESENTATION_CONTEXT('2D SPACE',''
  ) );
#6905 = PCURVE('',#5716,#6906);
#6906 = DEFINITIONAL_REPRESENTATION('',(#6907),#6911);
#6907 = LINE('',#6908,#6909);
#6908 = CARTESIAN_POINT('',(-0.,0.));
#6909 = VECTOR('',#6910,1.);
#6910 = DIRECTION('',(-0.,-1.));
#6911 = ( GEOMETRIC_REPRESENTATION_CONTEXT(2) 
PARAMETRIC_REPRESENTATION_CONTEXT() REPRESENTATION_CONTEXT('2D SPACE',''
  ) );
#6912 = ORIENTED_EDGE('',*,*,#5695,.F.);
#6913 = ORIENTED_EDGE('',*,*,#6892,.F.);
#6914 = ADVANCED_FACE('',(#6915),#5751,.F.);
#6915 = FACE_BOUND('',#6916,.T.);
#6916 = EDGE_LOOP('',(#6917,#6946,#6967,#6968));
#6917 = ORIENTED_EDGE('',*,*,#6918,.F.);
#6918 = EDGE_CURVE('',#6919,#6919,#6921,.T.);
#6919 = VERTEX_POINT('',#6920);
#6920 = CARTESIAN_POINT('',(130.8,101.,31.6000001));
#6921 = SURFACE_CURVE('',#6922,(#6927,#6934),.PCURVE_S1.);
#6922 = CIRCLE('',#6923,0.8);
#6923 = AXIS2_PLACEMENT_3D('',#6924,#6925,#6926);
#6924 = CARTESIAN_POINT('',(130.,101.,31.6000001));
#6925 = DIRECTION('',(0.,0.,1.));
#6926 = DIRECTION('',(1.,0.,0.));
#6927 = PCURVE('',#5751,#6928);
#6928 = DEFINITIONAL_REPRESENTATION('',(#6929),#6933);
#6929 = LINE('',#6930,#6931);
#6930 = CARTESIAN_POINT('',(-0.,0.));
#6931 = VECTOR('',#6932,1.);
#6932 = DIRECTION('',(-1.,0.));
#6933 = ( GEOMETRIC_REPRESENTATION_CONTEXT(2) 
PARAMETRIC_REPRESENTATION_CONTEXT() REPRESENTATION_CONTEXT('2D SPACE',''
  ) );
#6934 = PCURVE('',#6935,#6940);
#6935 = PLANE('',#6936);
#6936 = AXIS2_PLACEMENT_3D('',#6937,#6938,#6939);
#6937 = CARTESIAN_POINT('',(130.,101.,31.6000001));
#6938 = DIRECTION('',(0.,0.,1.));
#6939 = DIRECTION('',(1.,0.,-0.));
#6940 = DEFINITIONAL_REPRESENTATION('',(#6941),#6945);
#6941 = CIRCLE('',#6942,0.8);
#6942 = AXIS2_PLACEMENT_2D('',#6943,#6944);
#6943 = CARTESIAN_POINT('',(2.84217094304E-14,0.));
#6944 = DIRECTION('',(1.,0.));
#6945 = ( GEOMETRIC_REPRESENTATION_CONTEXT(2) 
PARAMETRIC_REPRESENTATION_CONTEXT() REPRESENTATION_CONTEXT('2D SPACE',''
  ) );
#6946 = ORIENTED_EDGE('',*,*,#6947,.T.);
#6947 = EDGE_CURVE('',#6919,#5731,#6948,.T.);
#6948 = SEAM_CURVE('',#6949,(#6953,#6960),.PCURVE_S1.);
#6949 = LINE('',#6950,#6951);
#6950 = CARTESIAN_POINT('',(130.8,101.,31.6000001));
#6951 = VECTOR('',#6952,1.);
#6952 = DIRECTION('',(0.,0.,1.));
#6953 = PCURVE('',#5751,#6954);
#6954 = DEFINITIONAL_REPRESENTATION('',(#6955),#6959);
#6955 = LINE('',#6956,#6957);
#6956 = CARTESIAN_POINT('',(-6.28318530718,0.));
#6957 = VECTOR('',#6958,1.);
#6958 = DIRECTION('',(-0.,-1.));
#6959 = ( GEOMETRIC_REPRESENTATION_CONTEXT(2) 
PARAMETRIC_REPRESENTATION_CONTEXT() REPRESENTATION_CONTEXT('2D SPACE',''
  ) );
#6960 = PCURVE('',#5751,#6961);
#6961 = DEFINITIONAL_REPRESENTATION('',(#6962),#6966);
#6962 = LINE('',#6963,#6964);
#6963 = CARTESIAN_POINT('',(-0.,0.));
#6964 = VECTOR('',#6965,1.);
#6965 = DIRECTION('',(-0.,-1.));
#6966 = ( GEOMETRIC_REPRESENTATION_CONTEXT(2) 
PARAMETRIC_REPRESENTATION_CONTEXT() REPRESENTATION_CONTEXT('2D SPACE',''
  ) );
#6967 = ORIENTED_EDGE('',*,*,#5730,.F.);
#6968 = ORIENTED_EDGE('',*,*,#6947,.F.);
#6969 = ADVANCED_FACE('',(#6970),#3813,.F.);
#6970 = FACE_BOUND('',#6971,.F.);
#6971 = EDGE_LOOP('',(#6972));
#6972 = ORIENTED_EDGE('',*,*,#3798,.T.);
#6973 = ADVANCED_FACE('',(#6974),#5803,.F.);
#6974 = FACE_BOUND('',#6975,.T.);
#6975 = EDGE_LOOP('',(#6976,#7006,#7027,#7028,#7029,#7057,#7085,#7354));
#6976 = ORIENTED_EDGE('',*,*,#6977,.F.);
#6977 = EDGE_CURVE('',#6978,#6980,#6982,.T.);
#6978 = VERTEX_POINT('',#6979);
#6979 = CARTESIAN_POINT('',(95.5,13.,49.0000001));
#6980 = VERTEX_POINT('',#6981);
#6981 = CARTESIAN_POINT('',(90.,7.5,49.0000001));
#6982 = SURFACE_CURVE('',#6983,(#6988,#6995),.PCURVE_S1.);
#6983 = CIRCLE('',#6984,5.5);
#6984 = AXIS2_PLACEMENT_3D('',#6985,#6986,#6987);
#6985 = CARTESIAN_POINT('',(90.,13.,49.0000001));
#6986 = DIRECTION('',(0.,0.,-1.));
#6987 = DIRECTION('',(1.,0.,0.));
#6988 = PCURVE('',#5803,#6989);
#6989 = DEFINITIONAL_REPRESENTATION('',(#6990),#6994);
#6990 = LINE('',#6991,#6992);
#6991 = CARTESIAN_POINT('',(-6.28318530718,-14.1));
#6992 = VECTOR('',#6993,1.);
#6993 = DIRECTION('',(1.,-0.));
#6994 = ( GEOMETRIC_REPRESENTATION_CONTEXT(2) 
PARAMETRIC_REPRESENTATION_CONTEXT() REPRESENTATION_CONTEXT('2D SPACE',''
  ) );
#6995 = PCURVE('',#5994,#6996);
#6996 = DEFINITIONAL_REPRESENTATION('',(#6997),#7005);
#6997 = ( BOUNDED_CURVE() B_SPLINE_CURVE(2,(#6998,#6999,#7000,#7001,
#7002,#7003,#7004),.UNSPECIFIED.,.T.,.F.) B_SPLINE_CURVE_WITH_KNOTS((1,2
    ,2,2,2,1),(-2.094395102393,0.,2.094395102393,4.188790204786,
6.28318530718,8.377580409573),.UNSPECIFIED.) CURVE() 
GEOMETRIC_REPRESENTATION_ITEM() RATIONAL_B_SPLINE_CURVE((1.,0.5,1.,0.5,
1.,0.5,1.)) REPRESENTATION_ITEM('') );
#6998 = CARTESIAN_POINT('',(95.5,13.));
#6999 = CARTESIAN_POINT('',(95.5,3.473720558371));
#7000 = CARTESIAN_POINT('',(87.25,8.236860279186));
#7001 = CARTESIAN_POINT('',(79.,13.));
#7002 = CARTESIAN_POINT('',(87.25,17.763139720814));
#7003 = CARTESIAN_POINT('',(95.5,22.526279441629));
#7004 = CARTESIAN_POINT('',(95.5,13.));
#7005 = ( GEOMETRIC_REPRESENTATION_CONTEXT(2) 
PARAMETRIC_REPRESENTATION_CONTEXT() REPRESENTATION_CONTEXT('2D SPACE',''
  ) );
#7006 = ORIENTED_EDGE('',*,*,#7007,.F.);
#7007 = EDGE_CURVE('',#5787,#6978,#7008,.T.);
#7008 = SEAM_CURVE('',#7009,(#7013,#7020),.PCURVE_S1.);
#7009 = LINE('',#7010,#7011);
#7010 = CARTESIAN_POINT('',(95.5,13.,34.9000001));
#7011 = VECTOR('',#7012,1.);
#7012 = DIRECTION('',(0.,0.,1.));
#7013 = PCURVE('',#5803,#7014);
#7014 = DEFINITIONAL_REPRESENTATION('',(#7015),#7019);
#7015 = LINE('',#7016,#7017);
#7016 = CARTESIAN_POINT('',(-6.28318530718,0.));
#7017 = VECTOR('',#7018,1.);
#7018 = DIRECTION('',(-0.,-1.));
#7019 = ( GEOMETRIC_REPRESENTATION_CONTEXT(2) 
PARAMETRIC_REPRESENTATION_CONTEXT() REPRESENTATION_CONTEXT('2D SPACE',''
  ) );
#7020 = PCURVE('',#5803,#7021);
#7021 = DEFINITIONAL_REPRESENTATION('',(#7022),#7026);
#7022 = LINE('',#7023,#7024);
#7023 = CARTESIAN_POINT('',(-0.,0.));
#7024 = VECTOR('',#7025,1.);
#7025 = DIRECTION('',(-0.,-1.));
#7026 = ( GEOMETRIC_REPRESENTATION_CONTEXT(2) 
PARAMETRIC_REPRESENTATION_CONTEXT() REPRESENTATION_CONTEXT('2D SPACE',''
  ) );
#7027 = ORIENTED_EDGE('',*,*,#5786,.F.);
#7028 = ORIENTED_EDGE('',*,*,#7007,.T.);
#7029 = ORIENTED_EDGE('',*,*,#7030,.F.);
#7030 = EDGE_CURVE('',#7031,#6978,#7033,.T.);
#7031 = VERTEX_POINT('',#7032);
#7032 = CARTESIAN_POINT('',(90.,18.5,49.0000001));
#7033 = SURFACE_CURVE('',#7034,(#7039,#7046),.PCURVE_S1.);
#7034 = CIRCLE('',#7035,5.5);
#7035 = AXIS2_PLACEMENT_3D('',#7036,#7037,#7038);
#7036 = CARTESIAN_POINT('',(90.,13.,49.0000001));
#7037 = DIRECTION('',(0.,0.,-1.));
#7038 = DIRECTION('',(1.,0.,0.));
#7039 = PCURVE('',#5803,#7040);
#7040 = DEFINITIONAL_REPRESENTATION('',(#7041),#7045);
#7041 = LINE('',#7042,#7043);
#7042 = CARTESIAN_POINT('',(-6.28318530718,-14.1));
#7043 = VECTOR('',#7044,1.);
#7044 = DIRECTION('',(1.,-0.));
#7045 = ( GEOMETRIC_REPRESENTATION_CONTEXT(2) 
PARAMETRIC_REPRESENTATION_CONTEXT() REPRESENTATION_CONTEXT('2D SPACE',''
  ) );
#7046 = PCURVE('',#5994,#7047);
#7047 = DEFINITIONAL_REPRESENTATION('',(#7048),#7056);
#7048 = ( BOUNDED_CURVE() B_SPLINE_CURVE(2,(#7049,#7050,#7051,#7052,
#7053,#7054,#7055),.UNSPECIFIED.,.T.,.F.) B_SPLINE_CURVE_WITH_KNOTS((1,2
    ,2,2,2,1),(-2.094395102393,0.,2.094395102393,4.188790204786,
6.28318530718,8.377580409573),.UNSPECIFIED.) CURVE() 
GEOMETRIC_REPRESENTATION_ITEM() RATIONAL_B_SPLINE_CURVE((1.,0.5,1.,0.5,
1.,0.5,1.)) REPRESENTATION_ITEM('') );
#7049 = CARTESIAN_POINT('',(95.5,13.));
#7050 = CARTESIAN_POINT('',(95.5,3.473720558371));
#7051 = CARTESIAN_POINT('',(87.25,8.236860279186));
#7052 = CARTESIAN_POINT('',(79.,13.));
#7053 = CARTESIAN_POINT('',(87.25,17.763139720814));
#7054 = CARTESIAN_POINT('',(95.5,22.526279441629));
#7055 = CARTESIAN_POINT('',(95.5,13.));
#7056 = ( GEOMETRIC_REPRESENTATION_CONTEXT(2) 
PARAMETRIC_REPRESENTATION_CONTEXT() REPRESENTATION_CONTEXT('2D SPACE',''
  ) );
#7057 = ORIENTED_EDGE('',*,*,#7058,.T.);
#7058 = EDGE_CURVE('',#7031,#7059,#7061,.T.);
#7059 = VERTEX_POINT('',#7060);
#7060 = CARTESIAN_POINT('',(90.,18.5,46.031414578241));
#7061 = SURFACE_CURVE('',#7062,(#7066,#7073),.PCURVE_S1.);
#7062 = LINE('',#7063,#7064);
#7063 = CARTESIAN_POINT('',(90.,18.5,34.9000001));
#7064 = VECTOR('',#7065,1.);
#7065 = DIRECTION('',(-0.,-0.,-1.));
#7066 = PCURVE('',#5803,#7067);
#7067 = DEFINITIONAL_REPRESENTATION('',(#7068),#7072);
#7068 = LINE('',#7069,#7070);
#7069 = CARTESIAN_POINT('',(-1.570796326795,0.));
#7070 = VECTOR('',#7071,1.);
#7071 = DIRECTION('',(-0.,1.));
#7072 = ( GEOMETRIC_REPRESENTATION_CONTEXT(2) 
PARAMETRIC_REPRESENTATION_CONTEXT() REPRESENTATION_CONTEXT('2D SPACE',''
  ) );
#7073 = PCURVE('',#7074,#7079);
#7074 = PLANE('',#7075);
#7075 = AXIS2_PLACEMENT_3D('',#7076,#7077,#7078);
#7076 = CARTESIAN_POINT('',(90.,13.,49.0000001));
#7077 = DIRECTION('',(1.,0.,0.));
#7078 = DIRECTION('',(-0.,0.,1.));
#7079 = DEFINITIONAL_REPRESENTATION('',(#7080),#7084);
#7080 = LINE('',#7081,#7082);
#7081 = CARTESIAN_POINT('',(-14.1,-5.5));
#7082 = VECTOR('',#7083,1.);
#7083 = DIRECTION('',(-1.,0.));
#7084 = ( GEOMETRIC_REPRESENTATION_CONTEXT(2) 
PARAMETRIC_REPRESENTATION_CONTEXT() REPRESENTATION_CONTEXT('2D SPACE',''
  ) );
#7085 = ORIENTED_EDGE('',*,*,#7086,.T.);
#7086 = EDGE_CURVE('',#7059,#7087,#7089,.T.);
#7087 = VERTEX_POINT('',#7088);
#7088 = CARTESIAN_POINT('',(90.,7.5,46.031414578241));
#7089 = SURFACE_CURVE('',#7090,(#7159,#7254),.PCURVE_S1.);
#7090 = B_SPLINE_CURVE_WITH_KNOTS('',7,(#7091,#7092,#7093,#7094,#7095,
    #7096,#7097,#7098,#7099,#7100,#7101,#7102,#7103,#7104,#7105,#7106,
    #7107,#7108,#7109,#7110,#7111,#7112,#7113,#7114,#7115,#7116,#7117,
    #7118,#7119,#7120,#7121,#7122,#7123,#7124,#7125,#7126,#7127,#7128,
    #7129,#7130,#7131,#7132,#7133,#7134,#7135,#7136,#7137,#7138,#7139,
    #7140,#7141,#7142,#7143,#7144,#7145,#7146,#7147,#7148,#7149,#7150,
    #7151,#7152,#7153,#7154,#7155,#7156,#7157,#7158),.UNSPECIFIED.,.F.,
  .F.,(8,6,6,6,6,6,6,6,6,6,6,8),(3.608407900144E-08,7.511175291213E-02,
    0.206372814859,0.350626887431,0.44017343911,0.543163513782,
    0.600938582004,0.652017693388,0.794049020698,0.924975631048,
    0.983329828838,0.999999963966),.UNSPECIFIED.);
#7091 = CARTESIAN_POINT('',(90.,18.5,46.031414578241));
#7092 = CARTESIAN_POINT('',(89.821579286711,18.5,46.031414578242));
#7093 = CARTESIAN_POINT('',(89.644294191087,18.493247334927,
    46.018904217335));
#7094 = CARTESIAN_POINT('',(89.468409707972,18.479896751267,
    45.994167376347));
#7095 = CARTESIAN_POINT('',(89.294299767656,18.460109508234,
    45.957937803294));
#7096 = CARTESIAN_POINT('',(89.122560753328,18.434098876838,
    45.911408751775));
#7097 = CARTESIAN_POINT('',(88.954119822596,18.40225162934,
    45.856218825159));
#7098 = CARTESIAN_POINT('',(88.504122080021,18.300795501011,
    45.686407395386));
#7099 = CARTESIAN_POINT('',(88.228077525203,18.219840466969,
    45.556670012463));
#7100 = CARTESIAN_POINT('',(87.961407486417,18.12372784457,
    45.411791538039));
#7101 = CARTESIAN_POINT('',(87.703864839228,18.013230476105,
    45.257240781895));
#7102 = CARTESIAN_POINT('',(87.45485072166,17.888839676956,
    45.096544092029));
#7103 = CARTESIAN_POINT('',(87.213146675124,17.750055828449,
    44.93161247075));
#7104 = CARTESIAN_POINT('',(86.718446849883,17.424649758955,
    44.578671013534));
#7105 = CARTESIAN_POINT('',(86.468632307091,17.235922271475,
    44.391371275294));
#7106 = CARTESIAN_POINT('',(86.227039570529,17.027516045835,
    44.203684539907));
#7107 = CARTESIAN_POINT('',(85.99373312405,16.797499875652,
    44.017310306777));
#7108 = CARTESIAN_POINT('',(85.769812908278,16.543570428441,
    43.834440880817));
#7109 = CARTESIAN_POINT('',(85.55764001832,16.26334590768,
    43.658106392861));
#7110 = CARTESIAN_POINT('',(85.238935458569,15.762950478269,
    43.389660827782));
#7111 = CARTESIAN_POINT('',(85.122413773474,15.559613327326,
    43.290597326479));
#7112 = CARTESIAN_POINT('',(85.012594241884,15.34419169658,
    43.196484092521));
#7113 = CARTESIAN_POINT('',(84.910811959424,15.116354685151,
    43.108671165733));
#7114 = CARTESIAN_POINT('',(84.818591747606,14.875876888503,
    43.028673705362));
#7115 = CARTESIAN_POINT('',(84.737665878665,14.622676559556,
    42.958181148651));
#7116 = CARTESIAN_POINT('',(84.592167234186,14.051128669335,
    42.83106817501));
#7117 = CARTESIAN_POINT('',(84.53142055913,13.726929554435,
    42.777723275343));
#7118 = CARTESIAN_POINT('',(84.492703903124,13.390313098491,
    42.743580504289));
#7119 = CARTESIAN_POINT('',(84.478817734904,13.047575595147,
    42.731321094438));
#7120 = CARTESIAN_POINT('',(84.490500815044,12.705169126015,
    42.741657242289));
#7121 = CARTESIAN_POINT('',(84.526441238873,12.369539792537,
    42.773315501804));
#7122 = CARTESIAN_POINT('',(84.61506052656,11.865891663418,
    42.851029546708));
#7123 = CARTESIAN_POINT('',(84.653423905706,11.689204240866,
    42.884627753926));
#7124 = CARTESIAN_POINT('',(84.697802103755,11.517151737119,
    42.923423021377));
#7125 = CARTESIAN_POINT('',(84.747673683921,11.350028602256,
    42.96691714667));
#7126 = CARTESIAN_POINT('',(84.802495067301,11.188100167337,
    43.014588305014));
#7127 = CARTESIAN_POINT('',(84.861698876182,11.031602572669,
    43.065893013023));
#7128 = CARTESIAN_POINT('',(84.980384932542,10.74736702595,
    43.168341263666));
#7129 = CARTESIAN_POINT('',(85.039121266416,10.618202369898,
    43.218884857354));
#7130 = CARTESIAN_POINT('',(85.100612326348,10.493164875003,
    43.271613050682));
#7131 = CARTESIAN_POINT('',(85.164598619524,10.372161214525,
    43.326265201869));
#7132 = CARTESIAN_POINT('',(85.230850231518,10.255088840338,
    43.382605594018));
#7133 = CARTESIAN_POINT('',(85.299166944882,10.141836235378,
    43.440423178866));
#7134 = CARTESIAN_POINT('',(85.564609243546,9.727658292618,
    43.663888287432));
#7135 = CARTESIAN_POINT('',(85.774953862586,9.450913943058,
    43.83861457796));
#7136 = CARTESIAN_POINT('',(85.996773894655,9.199889563966,
    44.019692386737));
#7137 = CARTESIAN_POINT('',(86.227796018699,8.972277107052,
    44.204192662533));
#7138 = CARTESIAN_POINT('',(86.466955604032,8.765847068474,
    44.389987215169));
#7139 = CARTESIAN_POINT('',(86.714183186626,8.578726864969,
    44.57541718109));
#7140 = CARTESIAN_POINT('',(87.206601387314,8.253737155664,
    44.927132600266));
#7141 = CARTESIAN_POINT('',(87.448837098399,8.114218903062,
    45.092635614631));
#7142 = CARTESIAN_POINT('',(87.698411484528,7.989184775699,
    45.253919290455));
#7143 = CARTESIAN_POINT('',(87.9565546099,7.878120944066,45.4090724174)
  );
#7144 = CARTESIAN_POINT('',(88.22387093534,7.781518620378,
    45.554556146974));
#7145 = CARTESIAN_POINT('',(88.500606681212,7.700154008217,
    45.684866603538));
#7146 = CARTESIAN_POINT('',(88.915455105992,7.606396835408,
    45.841722268848));
#7147 = CARTESIAN_POINT('',(89.045842327789,7.580667798806,
    45.885921614931));
#7148 = CARTESIAN_POINT('',(89.17825337898,7.55839791337,45.925105361458
    ));
#7149 = CARTESIAN_POINT('',(89.312348166037,7.539772025458,
    45.958524875279));
#7150 = CARTESIAN_POINT('',(89.447897310413,7.524920514022,
    45.985549188958));
#7151 = CARTESIAN_POINT('',(89.584764297,7.513953542865,46.005670854374)
  );
#7152 = CARTESIAN_POINT('',(89.762344655056,7.504994921705,
    46.022175961214));
#7153 = CARTESIAN_POINT('',(89.801866477954,7.50333261313,
    46.025245392689));
#7154 = CARTESIAN_POINT('',(89.841440315995,7.50200065327,
    46.027708958393));
#7155 = CARTESIAN_POINT('',(89.881053676402,7.501000612429,
    46.02956069206));
#7156 = CARTESIAN_POINT('',(89.920693668794,7.500333547107,
    46.030796583428));
#7157 = CARTESIAN_POINT('',(89.960347005188,7.5,46.03141457824));
#7158 = CARTESIAN_POINT('',(90.,7.5,46.031414578241));
#7159 = PCURVE('',#5803,#7160);
#7160 = DEFINITIONAL_REPRESENTATION('',(#7161),#7253);
#7161 = B_SPLINE_CURVE_WITH_KNOTS('',3,(#7162,#7163,#7164,#7165,#7166,
    #7167,#7168,#7169,#7170,#7171,#7172,#7173,#7174,#7175,#7176,#7177,
    #7178,#7179,#7180,#7181,#7182,#7183,#7184,#7185,#7186,#7187,#7188,
    #7189,#7190,#7191,#7192,#7193,#7194,#7195,#7196,#7197,#7198,#7199,
    #7200,#7201,#7202,#7203,#7204,#7205,#7206,#7207,#7208,#7209,#7210,
    #7211,#7212,#7213,#7214,#7215,#7216,#7217,#7218,#7219,#7220,#7221,
    #7222,#7223,#7224,#7225,#7226,#7227,#7228,#7229,#7230,#7231,#7232,
    #7233,#7234,#7235,#7236,#7237,#7238,#7239,#7240,#7241,#7242,#7243,
    #7244,#7245,#7246,#7247,#7248,#7249,#7250,#7251,#7252),
  .UNSPECIFIED.,.F.,.F.,(4,1,1,1,1,1,1,1,1,1,1,1,1,1,1,1,1,1,1,1,1,1,1,1
    ,1,1,1,1,1,1,1,1,1,1,1,1,1,1,1,1,1,1,1,1,1,1,1,1,1,1,1,1,1,1,1,1,1,1
    ,1,1,1,1,1,1,1,1,1,1,1,1,1,1,1,1,1,1,1,1,1,1,1,1,1,1,1,1,1,1,4),(
    3.608407900144E-08,1.136367162819E-02,2.27273071723E-02,
    3.409094271641E-02,4.545457826052E-02,5.681821380462E-02,
    6.818184934873E-02,7.954548489284E-02,9.090912043695E-02,
    0.102272755981,0.113636391525,0.125000027069,0.136363662613,
    0.147727298157,0.159090933702,0.170454569246,0.18181820479,
    0.193181840334,0.204545475878,0.215909111422,0.227272746966,
    0.23863638251,0.250000018054,0.261363653599,0.272727289143,
    0.284090924687,0.295454560231,0.306818195775,0.318181831319,
    0.329545466863,0.340909102407,0.352272737951,0.363636373496,
    0.37500000904,0.386363644584,0.397727280128,0.409090915672,
    0.420454551216,0.43181818676,0.443181822304,0.454545457848,
    0.465909093393,0.477272728937,0.488636364481,0.500000000025,
    0.511363635569,0.522727271113,0.534090906657,0.545454542201,
    0.556818177745,0.56818181329,0.579545448834,0.590909084378,
    0.602272719922,0.613636355466,0.62499999101,0.636363626554,
    0.647727262098,0.659090897642,0.670454533187,0.681818168731,
    0.693181804275,0.704545439819,0.715909075363,0.727272710907,
    0.738636346451,0.749999981995,0.761363617539,0.772727253083,
    0.784090888628,0.795454524172,0.806818159716,0.81818179526,
    0.829545430804,0.840909066348,0.852272701892,0.863636337436,
    0.87499997298,0.886363608525,0.897727244069,0.909090879613,
    0.920454515157,0.931818150701,0.943181786245,0.954545421789,
    0.965909057333,0.977272692877,0.988636328422,0.999999963966),
  .QUASI_UNIFORM_KNOTS.);
#7162 = CARTESIAN_POINT('',(-1.570796326795,-11.13141447824));
#7163 = CARTESIAN_POINT('',(-1.582246737077,-11.13143106849));
#7164 = CARTESIAN_POINT('',(-1.605086067023,-11.12739246811));
#7165 = CARTESIAN_POINT('',(-1.639144058519,-11.10964321647));
#7166 = CARTESIAN_POINT('',(-1.672991036155,-11.08064951944));
#7167 = CARTESIAN_POINT('',(-1.706594165557,-11.04112808329));
#7168 = CARTESIAN_POINT('',(-1.739893133236,-10.99198573224));
#7169 = CARTESIAN_POINT('',(-1.772819916474,-10.93428123308));
#7170 = CARTESIAN_POINT('',(-1.805193772601,-10.86943903202));
#7171 = CARTESIAN_POINT('',(-1.837209438159,-10.79814893787));
#7172 = CARTESIAN_POINT('',(-1.868927668428,-10.72120557582));
#7173 = CARTESIAN_POINT('',(-1.900382128812,-10.63940594969));
#7174 = CARTESIAN_POINT('',(-1.931611976037,-10.55345881621));
#7175 = CARTESIAN_POINT('',(-1.962655348213,-10.46400381317));
#7176 = CARTESIAN_POINT('',(-1.993553066611,-10.37160378643));
#7177 = CARTESIAN_POINT('',(-2.024349462707,-10.27674637697));
#7178 = CARTESIAN_POINT('',(-2.05509344643,-10.1798463477));
#7179 = CARTESIAN_POINT('',(-2.085840484382,-10.08124583934));
#7180 = CARTESIAN_POINT('',(-2.116649717758,-9.981231487869));
#7181 = CARTESIAN_POINT('',(-2.14759862984,-9.879994654202));
#7182 = CARTESIAN_POINT('',(-2.17873137106,-9.777809999754));
#7183 = CARTESIAN_POINT('',(-2.210007513783,-9.67521357717));
#7184 = CARTESIAN_POINT('',(-2.241507029325,-9.572331382337));
#7185 = CARTESIAN_POINT('',(-2.273277354264,-9.469387903013));
#7186 = CARTESIAN_POINT('',(-2.305372440371,-9.366584392787));
#7187 = CARTESIAN_POINT('',(-2.337842571621,-9.264137933366));
#7188 = CARTESIAN_POINT('',(-2.370737324613,-9.162276813308));
#7189 = CARTESIAN_POINT('',(-2.404105047077,-9.061246894251));
#7190 = CARTESIAN_POINT('',(-2.437993048224,-8.96131505103));
#7191 = CARTESIAN_POINT('',(-2.472448422696,-8.862770967859));
#7192 = CARTESIAN_POINT('',(-2.507515700232,-8.765936374228));
#7193 = CARTESIAN_POINT('',(-2.543246703688,-8.671144402498));
#7194 = CARTESIAN_POINT('',(-2.579664963924,-8.578829554356));
#7195 = CARTESIAN_POINT('',(-2.616906298101,-8.489188341651));
#7196 = CARTESIAN_POINT('',(-2.655032036557,-8.402675691466));
#7197 = CARTESIAN_POINT('',(-2.694061863763,-8.319883222324));
#7198 = CARTESIAN_POINT('',(-2.734027867466,-8.241410470949));
#7199 = CARTESIAN_POINT('',(-2.774960948104,-8.167900039022));
#7200 = CARTESIAN_POINT('',(-2.816892617835,-8.100030989602));
#7201 = CARTESIAN_POINT('',(-2.859863259657,-8.038514820917));
#7202 = CARTESIAN_POINT('',(-2.903889627383,-7.984122377032));
#7203 = CARTESIAN_POINT('',(-2.94911947073,-7.937549979888));
#7204 = CARTESIAN_POINT('',(-2.995285078911,-7.899930365022));
#7205 = CARTESIAN_POINT('',(-3.042143657858,-7.872123765728));
#7206 = CARTESIAN_POINT('',(-3.089462390195,-7.854759557393));
#7207 = CARTESIAN_POINT('',(-3.137017233081,-7.848222457174));
#7208 = CARTESIAN_POINT('',(-3.1845878804,-7.852654181442));
#7209 = CARTESIAN_POINT('',(-3.231954725458,-7.867953127744));
#7210 = CARTESIAN_POINT('',(-3.278892240874,-7.893770911856));
#7211 = CARTESIAN_POINT('',(-3.32517543154,-7.929527870838));
#7212 = CARTESIAN_POINT('',(-3.370531998772,-7.974354628505));
#7213 = CARTESIAN_POINT('',(-3.414940197253,-8.027464229257));
#7214 = CARTESIAN_POINT('',(-3.458367178881,-8.088048885773));
#7215 = CARTESIAN_POINT('',(-3.500781420509,-8.155280886493));
#7216 = CARTESIAN_POINT('',(-3.5421191716,-8.228259297641));
#7217 = CARTESIAN_POINT('',(-3.582408185869,-8.306237438825));
#7218 = CARTESIAN_POINT('',(-3.621739116851,-8.388654868023));
#7219 = CARTESIAN_POINT('',(-3.660153288009,-8.474915727507));
#7220 = CARTESIAN_POINT('',(-3.697704438024,-8.56449827079));
#7221 = CARTESIAN_POINT('',(-3.734444986422,-8.656926137652));
#7222 = CARTESIAN_POINT('',(-3.770472910573,-8.75189316517));
#7223 = CARTESIAN_POINT('',(-3.805826137628,-8.848987417922));
#7224 = CARTESIAN_POINT('',(-3.840553596762,-8.947856410068));
#7225 = CARTESIAN_POINT('',(-3.87470150177,-9.048171589836));
#7226 = CARTESIAN_POINT('',(-3.908317367553,-9.149634329787));
#7227 = CARTESIAN_POINT('',(-3.94144923876,-9.251970553534));
#7228 = CARTESIAN_POINT('',(-3.974146102023,-9.354927841619));
#7229 = CARTESIAN_POINT('',(-4.006458191184,-9.458272204931));
#7230 = CARTESIAN_POINT('',(-4.038436452021,-9.56178161942));
#7231 = CARTESIAN_POINT('',(-4.070135466833,-9.665250448652));
#7232 = CARTESIAN_POINT('',(-4.101603445382,-9.768450844195));
#7233 = CARTESIAN_POINT('',(-4.132920627714,-9.871252327341));
#7234 = CARTESIAN_POINT('',(-4.164052151955,-9.973131852846));
#7235 = CARTESIAN_POINT('',(-4.195035894319,-10.07378897798));
#7236 = CARTESIAN_POINT('',(-4.225952932055,-10.17303919795));
#7237 = CARTESIAN_POINT('',(-4.256863142735,-10.27059320186));
#7238 = CARTESIAN_POINT('',(-4.28782328474,-10.36610761774));
#7239 = CARTESIAN_POINT('',(-4.318883207272,-10.45916465557));
#7240 = CARTESIAN_POINT('',(-4.350088099343,-10.54927251049));
#7241 = CARTESIAN_POINT('',(-4.381479466779,-10.6358625315));
#7242 = CARTESIAN_POINT('',(-4.413096167583,-10.71828813513));
#7243 = CARTESIAN_POINT('',(-4.444977515106,-10.79583040379));
#7244 = CARTESIAN_POINT('',(-4.477159127025,-10.86768649303));
#7245 = CARTESIAN_POINT('',(-4.509696872762,-10.93303227404));
#7246 = CARTESIAN_POINT('',(-4.542702455347,-10.99103573924));
#7247 = CARTESIAN_POINT('',(-4.576061082016,-11.0404290717));
#7248 = CARTESIAN_POINT('',(-4.609738644368,-11.08019248938));
#7249 = CARTESIAN_POINT('',(-4.64370271647,-11.10943122818));
#7250 = CARTESIAN_POINT('',(-4.677985918302,-11.12737061254));
#7251 = CARTESIAN_POINT('',(-4.700922429884,-11.13144675514));
#7252 = CARTESIAN_POINT('',(-4.712388980385,-11.13141447824));
#7253 = ( GEOMETRIC_REPRESENTATION_CONTEXT(2) 
PARAMETRIC_REPRESENTATION_CONTEXT() REPRESENTATION_CONTEXT('2D SPACE',''
  ) );
#7254 = PCURVE('',#7255,#7260);
#7255 = CYLINDRICAL_SURFACE('',#7256,6.25);
#7256 = AXIS2_PLACEMENT_3D('',#7257,#7258,#7259);
#7257 = CARTESIAN_POINT('',(63.,13.,49.0000001));
#7258 = DIRECTION('',(-1.,-0.,-0.));
#7259 = DIRECTION('',(0.,1.,0.));
#7260 = DEFINITIONAL_REPRESENTATION('',(#7261),#7353);
#7261 = B_SPLINE_CURVE_WITH_KNOTS('',3,(#7262,#7263,#7264,#7265,#7266,
    #7267,#7268,#7269,#7270,#7271,#7272,#7273,#7274,#7275,#7276,#7277,
    #7278,#7279,#7280,#7281,#7282,#7283,#7284,#7285,#7286,#7287,#7288,
    #7289,#7290,#7291,#7292,#7293,#7294,#7295,#7296,#7297,#7298,#7299,
    #7300,#7301,#7302,#7303,#7304,#7305,#7306,#7307,#7308,#7309,#7310,
    #7311,#7312,#7313,#7314,#7315,#7316,#7317,#7318,#7319,#7320,#7321,
    #7322,#7323,#7324,#7325,#7326,#7327,#7328,#7329,#7330,#7331,#7332,
    #7333,#7334,#7335,#7336,#7337,#7338,#7339,#7340,#7341,#7342,#7343,
    #7344,#7345,#7346,#7347,#7348,#7349,#7350,#7351,#7352),
  .UNSPECIFIED.,.F.,.F.,(4,1,1,1,1,1,1,1,1,1,1,1,1,1,1,1,1,1,1,1,1,1,1,1
    ,1,1,1,1,1,1,1,1,1,1,1,1,1,1,1,1,1,1,1,1,1,1,1,1,1,1,1,1,1,1,1,1,1,1
    ,1,1,1,1,1,1,1,1,1,1,1,1,1,1,1,1,1,1,1,1,1,1,1,1,1,1,1,1,1,1,4),(
    3.608407900144E-08,1.136367162819E-02,2.27273071723E-02,
    3.409094271641E-02,4.545457826052E-02,5.681821380462E-02,
    6.818184934873E-02,7.954548489284E-02,9.090912043695E-02,
    0.102272755981,0.113636391525,0.125000027069,0.136363662613,
    0.147727298157,0.159090933702,0.170454569246,0.18181820479,
    0.193181840334,0.204545475878,0.215909111422,0.227272746966,
    0.23863638251,0.250000018054,0.261363653599,0.272727289143,
    0.284090924687,0.295454560231,0.306818195775,0.318181831319,
    0.329545466863,0.340909102407,0.352272737951,0.363636373496,
    0.37500000904,0.386363644584,0.397727280128,0.409090915672,
    0.420454551216,0.43181818676,0.443181822304,0.454545457848,
    0.465909093393,0.477272728937,0.488636364481,0.500000000025,
    0.511363635569,0.522727271113,0.534090906657,0.545454542201,
    0.556818177745,0.56818181329,0.579545448834,0.590909084378,
    0.602272719922,0.613636355466,0.62499999101,0.636363626554,
    0.647727262098,0.659090897642,0.670454533187,0.681818168731,
    0.693181804275,0.704545439819,0.715909075363,0.727272710907,
    0.738636346451,0.749999981995,0.761363617539,0.772727253083,
    0.784090888628,0.795454524172,0.806818159716,0.81818179526,
    0.829545430804,0.840909066348,0.852272701892,0.863636337436,
    0.87499997298,0.886363608525,0.897727244069,0.909090879613,
    0.920454515157,0.931818150701,0.943181786245,0.954545421789,
    0.965909057333,0.977272692877,0.988636328422,0.999999963966),
  .QUASI_UNIFORM_KNOTS.);
#7262 = CARTESIAN_POINT('',(-5.788251180839,-27.));
#7263 = CARTESIAN_POINT('',(-5.788253618371,-26.93702203361));
#7264 = CARTESIAN_POINT('',(-5.787520383918,-26.81140696831));
#7265 = CARTESIAN_POINT('',(-5.784290044371,-26.62430773559));
#7266 = CARTESIAN_POINT('',(-5.779001539331,-26.43880044266));
#7267 = CARTESIAN_POINT('',(-5.771767505268,-26.25526632296));
#7268 = CARTESIAN_POINT('',(-5.762731147012,-26.07422379045));
#7269 = CARTESIAN_POINT('',(-5.752059856451,-25.89621683447));
#7270 = CARTESIAN_POINT('',(-5.739987890739,-25.72236636303));
#7271 = CARTESIAN_POINT('',(-5.72661298127,-25.55175452499));
#7272 = CARTESIAN_POINT('',(-5.712051146582,-25.38419166291));
#7273 = CARTESIAN_POINT('',(-5.696419063829,-25.21962726417));
#7274 = CARTESIAN_POINT('',(-5.679817179703,-25.05798017555));
#7275 = CARTESIAN_POINT('',(-5.662333339282,-24.89917479006));
#7276 = CARTESIAN_POINT('',(-5.644041170117,-24.74312398903));
#7277 = CARTESIAN_POINT('',(-5.625000020847,-24.58972783478));
#7278 = CARTESIAN_POINT('',(-5.605254885624,-24.43887144899));
#7279 = CARTESIAN_POINT('',(-5.584835659931,-24.29041954047));
#7280 = CARTESIAN_POINT('',(-5.563759794532,-24.14423449226));
#7281 = CARTESIAN_POINT('',(-5.542022631713,-24.00011310424));
#7282 = CARTESIAN_POINT('',(-5.519634138029,-23.85803489596));
#7283 = CARTESIAN_POINT('',(-5.496661973017,-23.7183676668));
#7284 = CARTESIAN_POINT('',(-5.473082406596,-23.58094418438));
#7285 = CARTESIAN_POINT('',(-5.448889314642,-23.44577332585));
#7286 = CARTESIAN_POINT('',(-5.424067429985,-23.31286050919));
#7287 = CARTESIAN_POINT('',(-5.398600239344,-23.18225666283));
#7288 = CARTESIAN_POINT('',(-5.372468495513,-23.05404623095));
#7289 = CARTESIAN_POINT('',(-5.345651087364,-22.92835153771));
#7290 = CARTESIAN_POINT('',(-5.318125360717,-22.80533355145));
#7291 = CARTESIAN_POINT('',(-5.289866803739,-22.68519139429));
#7292 = CARTESIAN_POINT('',(-5.260851372994,-22.56817100585));
#7293 = CARTESIAN_POINT('',(-5.231047460289,-22.45453881354));
#7294 = CARTESIAN_POINT('',(-5.20044623597,-22.34468642223));
#7295 = CARTESIAN_POINT('',(-5.16894310529,-22.23872775917));
#7296 = CARTESIAN_POINT('',(-5.136494301175,-22.13708985321));
#7297 = CARTESIAN_POINT('',(-5.103091446243,-22.04036019541));
#7298 = CARTESIAN_POINT('',(-5.068715875683,-21.94913505411));
#7299 = CARTESIAN_POINT('',(-5.033350237848,-21.86406126054));
#7300 = CARTESIAN_POINT('',(-4.996977163649,-21.78582886064));
#7301 = CARTESIAN_POINT('',(-4.959572139069,-21.7151673801));
#7302 = CARTESIAN_POINT('',(-4.921132222188,-21.65287731959));
#7303 = CARTESIAN_POINT('',(-4.88154066007,-21.59967885546));
#7304 = CARTESIAN_POINT('',(-4.841046073478,-21.55679611377));
#7305 = CARTESIAN_POINT('',(-4.799878840718,-21.52514922598));
#7306 = CARTESIAN_POINT('',(-4.758262820194,-21.50540809042));
#7307 = CARTESIAN_POINT('',(-4.71641569044,-21.49798032465));
#7308 = CARTESIAN_POINT('',(-4.674552593738,-21.50301561319));
#7309 = CARTESIAN_POINT('',(-4.632888116027,-21.52040621457));
#7310 = CARTESIAN_POINT('',(-4.591641383909,-21.54978236741));
#7311 = CARTESIAN_POINT('',(-4.551029726844,-21.59052787224));
#7312 = CARTESIAN_POINT('',(-4.511309606739,-21.64170959058));
#7313 = CARTESIAN_POINT('',(-4.472515506364,-21.70249784693));
#7314 = CARTESIAN_POINT('',(-4.434690162985,-21.77204670074));
#7315 = CARTESIAN_POINT('',(-4.397873596241,-21.84949223812));
#7316 = CARTESIAN_POINT('',(-4.362131998578,-21.93388795057));
#7317 = CARTESIAN_POINT('',(-4.327450683877,-22.02446502399));
#7318 = CARTESIAN_POINT('',(-4.293760615329,-22.12067205251));
#7319 = CARTESIAN_POINT('',(-4.261035297157,-22.22191793355));
#7320 = CARTESIAN_POINT('',(-4.229237709205,-22.3276993078));
#7321 = CARTESIAN_POINT('',(-4.198332307005,-22.4375673194));
#7322 = CARTESIAN_POINT('',(-4.168246391987,-22.55127929626));
#7323 = CARTESIAN_POINT('',(-4.138959044636,-22.66847186357));
#7324 = CARTESIAN_POINT('',(-4.110441117151,-22.78885692307));
#7325 = CARTESIAN_POINT('',(-4.082667161832,-22.91218164048));
#7326 = CARTESIAN_POINT('',(-4.055612321879,-23.03823739492));
#7327 = CARTESIAN_POINT('',(-4.02925333074,-23.16685571584));
#7328 = CARTESIAN_POINT('',(-4.00356854775,-23.29790748644));
#7329 = CARTESIAN_POINT('',(-3.978538184743,-23.43130244667));
#7330 = CARTESIAN_POINT('',(-3.954145195273,-23.5669847588));
#7331 = CARTESIAN_POINT('',(-3.930373809154,-23.70494472568));
#7332 = CARTESIAN_POINT('',(-3.907217338726,-23.84517071196));
#7333 = CARTESIAN_POINT('',(-3.884651801756,-23.98782515227));
#7334 = CARTESIAN_POINT('',(-3.86274117331,-24.13256210497));
#7335 = CARTESIAN_POINT('',(-3.841500026387,-24.27936856605));
#7336 = CARTESIAN_POINT('',(-3.820921279062,-24.42845997215));
#7337 = CARTESIAN_POINT('',(-3.801022174745,-24.57997399992));
#7338 = CARTESIAN_POINT('',(-3.78183215654,-24.73404910693));
#7339 = CARTESIAN_POINT('',(-3.763396196465,-24.8908021648));
#7340 = CARTESIAN_POINT('',(-3.74577387422,-25.05033503042));
#7341 = CARTESIAN_POINT('',(-3.729039381581,-25.21273611423));
#7342 = CARTESIAN_POINT('',(-3.713281346988,-25.37808265579));
#7343 = CARTESIAN_POINT('',(-3.698601602345,-25.54645459946));
#7344 = CARTESIAN_POINT('',(-3.685117374588,-25.71791058099));
#7345 = CARTESIAN_POINT('',(-3.6729497104,-25.89261288162));
#7346 = CARTESIAN_POINT('',(-3.662221928853,-26.07102561097));
#7347 = CARTESIAN_POINT('',(-3.653138636849,-26.25237684643));
#7348 = CARTESIAN_POINT('',(-3.645859888938,-26.43630660912));
#7349 = CARTESIAN_POINT('',(-3.640526513077,-26.62244900575));
#7350 = CARTESIAN_POINT('',(-3.637261539141,-26.81078358138));
#7351 = CARTESIAN_POINT('',(-3.636521494398,-26.93693304181));
#7352 = CARTESIAN_POINT('',(-3.636526779931,-27.));
#7353 = ( GEOMETRIC_REPRESENTATION_CONTEXT(2) 
PARAMETRIC_REPRESENTATION_CONTEXT() REPRESENTATION_CONTEXT('2D SPACE',''
  ) );
#7354 = ORIENTED_EDGE('',*,*,#7355,.F.);
#7355 = EDGE_CURVE('',#6980,#7087,#7356,.T.);
#7356 = SURFACE_CURVE('',#7357,(#7361,#7368),.PCURVE_S1.);
#7357 = LINE('',#7358,#7359);
#7358 = CARTESIAN_POINT('',(90.,7.5,34.9000001));
#7359 = VECTOR('',#7360,1.);
#7360 = DIRECTION('',(-0.,-0.,-1.));
#7361 = PCURVE('',#5803,#7362);
#7362 = DEFINITIONAL_REPRESENTATION('',(#7363),#7367);
#7363 = LINE('',#7364,#7365);
#7364 = CARTESIAN_POINT('',(-4.712388980385,0.));
#7365 = VECTOR('',#7366,1.);
#7366 = DIRECTION('',(-0.,1.));
#7367 = ( GEOMETRIC_REPRESENTATION_CONTEXT(2) 
PARAMETRIC_REPRESENTATION_CONTEXT() REPRESENTATION_CONTEXT('2D SPACE',''
  ) );
#7368 = PCURVE('',#7369,#7374);
#7369 = PLANE('',#7370);
#7370 = AXIS2_PLACEMENT_3D('',#7371,#7372,#7373);
#7371 = CARTESIAN_POINT('',(90.,13.,49.0000001));
#7372 = DIRECTION('',(1.,0.,0.));
#7373 = DIRECTION('',(-0.,0.,1.));
#7374 = DEFINITIONAL_REPRESENTATION('',(#7375),#7379);
#7375 = LINE('',#7376,#7377);
#7376 = CARTESIAN_POINT('',(-14.1,5.5));
#7377 = VECTOR('',#7378,1.);
#7378 = DIRECTION('',(-1.,0.));
#7379 = ( GEOMETRIC_REPRESENTATION_CONTEXT(2) 
PARAMETRIC_REPRESENTATION_CONTEXT() REPRESENTATION_CONTEXT('2D SPACE',''
  ) );
#7380 = ADVANCED_FACE('',(#7381),#5860,.T.);
#7381 = FACE_BOUND('',#7382,.T.);
#7382 = EDGE_LOOP('',(#7383));
#7383 = ORIENTED_EDGE('',*,*,#5843,.T.);
#7384 = ADVANCED_FACE('',(#7385),#5915,.T.);
#7385 = FACE_BOUND('',#7386,.T.);
#7386 = EDGE_LOOP('',(#7387));
#7387 = ORIENTED_EDGE('',*,*,#5898,.T.);
#7388 = ADVANCED_FACE('',(#7389,#7534,#7569),#5994,.T.);
#7389 = FACE_BOUND('',#7390,.T.);
#7390 = EDGE_LOOP('',(#7391,#7392,#7393,#7394,#7395,#7418,#7441,#7462,
    #7463,#7464,#7487,#7510,#7531,#7532,#7533));
#7391 = ORIENTED_EDGE('',*,*,#5977,.F.);
#7392 = ORIENTED_EDGE('',*,*,#6059,.F.);
#7393 = ORIENTED_EDGE('',*,*,#6157,.F.);
#7394 = ORIENTED_EDGE('',*,*,#6233,.T.);
#7395 = ORIENTED_EDGE('',*,*,#7396,.T.);
#7396 = EDGE_CURVE('',#6234,#7397,#7399,.T.);
#7397 = VERTEX_POINT('',#7398);
#7398 = CARTESIAN_POINT('',(82.845455989373,19.25,49.0000001));
#7399 = SURFACE_CURVE('',#7400,(#7404,#7411),.PCURVE_S1.);
#7400 = LINE('',#7401,#7402);
#7401 = CARTESIAN_POINT('',(62.,19.25,49.0000001));
#7402 = VECTOR('',#7403,1.);
#7403 = DIRECTION('',(1.,0.,0.));
#7404 = PCURVE('',#5994,#7405);
#7405 = DEFINITIONAL_REPRESENTATION('',(#7406),#7410);
#7406 = LINE('',#7407,#7408);
#7407 = CARTESIAN_POINT('',(62.,19.25));
#7408 = VECTOR('',#7409,1.);
#7409 = DIRECTION('',(1.,0.));
#7410 = ( GEOMETRIC_REPRESENTATION_CONTEXT(2) 
PARAMETRIC_REPRESENTATION_CONTEXT() REPRESENTATION_CONTEXT('2D SPACE',''
  ) );
#7411 = PCURVE('',#6277,#7412);
#7412 = DEFINITIONAL_REPRESENTATION('',(#7413),#7417);
#7413 = LINE('',#7414,#7415);
#7414 = CARTESIAN_POINT('',(-6.28318530718,0.));
#7415 = VECTOR('',#7416,1.);
#7416 = DIRECTION('',(-0.,-1.));
#7417 = ( GEOMETRIC_REPRESENTATION_CONTEXT(2) 
PARAMETRIC_REPRESENTATION_CONTEXT() REPRESENTATION_CONTEXT('2D SPACE',''
  ) );
#7418 = ORIENTED_EDGE('',*,*,#7419,.T.);
#7419 = EDGE_CURVE('',#7397,#7420,#7422,.T.);
#7420 = VERTEX_POINT('',#7421);
#7421 = CARTESIAN_POINT('',(90.,19.25,49.0000001));
#7422 = SURFACE_CURVE('',#7423,(#7427,#7434),.PCURVE_S1.);
#7423 = LINE('',#7424,#7425);
#7424 = CARTESIAN_POINT('',(82.845455989373,19.25,49.0000001));
#7425 = VECTOR('',#7426,1.);
#7426 = DIRECTION('',(1.,0.,0.));
#7427 = PCURVE('',#5994,#7428);
#7428 = DEFINITIONAL_REPRESENTATION('',(#7429),#7433);
#7429 = LINE('',#7430,#7431);
#7430 = CARTESIAN_POINT('',(82.845455989373,19.25));
#7431 = VECTOR('',#7432,1.);
#7432 = DIRECTION('',(1.,0.));
#7433 = ( GEOMETRIC_REPRESENTATION_CONTEXT(2) 
PARAMETRIC_REPRESENTATION_CONTEXT() REPRESENTATION_CONTEXT('2D SPACE',''
  ) );
#7434 = PCURVE('',#7255,#7435);
#7435 = DEFINITIONAL_REPRESENTATION('',(#7436),#7440);
#7436 = LINE('',#7437,#7438);
#7437 = CARTESIAN_POINT('',(-6.28318530718,-19.84545598937));
#7438 = VECTOR('',#7439,1.);
#7439 = DIRECTION('',(-0.,-1.));
#7440 = ( GEOMETRIC_REPRESENTATION_CONTEXT(2) 
PARAMETRIC_REPRESENTATION_CONTEXT() REPRESENTATION_CONTEXT('2D SPACE',''
  ) );
#7441 = ORIENTED_EDGE('',*,*,#7442,.T.);
#7442 = EDGE_CURVE('',#7420,#7031,#7443,.T.);
#7443 = SURFACE_CURVE('',#7444,(#7448,#7455),.PCURVE_S1.);
#7444 = LINE('',#7445,#7446);
#7445 = CARTESIAN_POINT('',(90.,6.5,49.0000001));
#7446 = VECTOR('',#7447,1.);
#7447 = DIRECTION('',(0.,-1.,0.));
#7448 = PCURVE('',#5994,#7449);
#7449 = DEFINITIONAL_REPRESENTATION('',(#7450),#7454);
#7450 = LINE('',#7451,#7452);
#7451 = CARTESIAN_POINT('',(90.,6.5));
#7452 = VECTOR('',#7453,1.);
#7453 = DIRECTION('',(0.,-1.));
#7454 = ( GEOMETRIC_REPRESENTATION_CONTEXT(2) 
PARAMETRIC_REPRESENTATION_CONTEXT() REPRESENTATION_CONTEXT('2D SPACE',''
  ) );
#7455 = PCURVE('',#7074,#7456);
#7456 = DEFINITIONAL_REPRESENTATION('',(#7457),#7461);
#7457 = LINE('',#7458,#7459);
#7458 = CARTESIAN_POINT('',(0.,6.5));
#7459 = VECTOR('',#7460,1.);
#7460 = DIRECTION('',(0.,1.));
#7461 = ( GEOMETRIC_REPRESENTATION_CONTEXT(2) 
PARAMETRIC_REPRESENTATION_CONTEXT() REPRESENTATION_CONTEXT('2D SPACE',''
  ) );
#7462 = ORIENTED_EDGE('',*,*,#7030,.T.);
#7463 = ORIENTED_EDGE('',*,*,#6977,.T.);
#7464 = ORIENTED_EDGE('',*,*,#7465,.T.);
#7465 = EDGE_CURVE('',#6980,#7466,#7468,.T.);
#7466 = VERTEX_POINT('',#7467);
#7467 = CARTESIAN_POINT('',(90.,6.75,49.0000001));
#7468 = SURFACE_CURVE('',#7469,(#7473,#7480),.PCURVE_S1.);
#7469 = LINE('',#7470,#7471);
#7470 = CARTESIAN_POINT('',(90.,6.5,49.0000001));
#7471 = VECTOR('',#7472,1.);
#7472 = DIRECTION('',(0.,-1.,0.));
#7473 = PCURVE('',#5994,#7474);
#7474 = DEFINITIONAL_REPRESENTATION('',(#7475),#7479);
#7475 = LINE('',#7476,#7477);
#7476 = CARTESIAN_POINT('',(90.,6.5));
#7477 = VECTOR('',#7478,1.);
#7478 = DIRECTION('',(0.,-1.));
#7479 = ( GEOMETRIC_REPRESENTATION_CONTEXT(2) 
PARAMETRIC_REPRESENTATION_CONTEXT() REPRESENTATION_CONTEXT('2D SPACE',''
  ) );
#7480 = PCURVE('',#7369,#7481);
#7481 = DEFINITIONAL_REPRESENTATION('',(#7482),#7486);
#7482 = LINE('',#7483,#7484);
#7483 = CARTESIAN_POINT('',(0.,6.5));
#7484 = VECTOR('',#7485,1.);
#7485 = DIRECTION('',(0.,1.));
#7486 = ( GEOMETRIC_REPRESENTATION_CONTEXT(2) 
PARAMETRIC_REPRESENTATION_CONTEXT() REPRESENTATION_CONTEXT('2D SPACE',''
  ) );
#7487 = ORIENTED_EDGE('',*,*,#7488,.T.);
#7488 = EDGE_CURVE('',#7466,#7489,#7491,.T.);
#7489 = VERTEX_POINT('',#7490);
#7490 = CARTESIAN_POINT('',(82.845455989373,6.75,49.0000001));
#7491 = SURFACE_CURVE('',#7492,(#7496,#7503),.PCURVE_S1.);
#7492 = LINE('',#7493,#7494);
#7493 = CARTESIAN_POINT('',(90.,6.75,49.0000001));
#7494 = VECTOR('',#7495,1.);
#7495 = DIRECTION('',(-1.,0.,0.));
#7496 = PCURVE('',#5994,#7497);
#7497 = DEFINITIONAL_REPRESENTATION('',(#7498),#7502);
#7498 = LINE('',#7499,#7500);
#7499 = CARTESIAN_POINT('',(90.,6.75));
#7500 = VECTOR('',#7501,1.);
#7501 = DIRECTION('',(-1.,0.));
#7502 = ( GEOMETRIC_REPRESENTATION_CONTEXT(2) 
PARAMETRIC_REPRESENTATION_CONTEXT() REPRESENTATION_CONTEXT('2D SPACE',''
  ) );
#7503 = PCURVE('',#7255,#7504);
#7504 = DEFINITIONAL_REPRESENTATION('',(#7505),#7509);
#7505 = LINE('',#7506,#7507);
#7506 = CARTESIAN_POINT('',(-3.14159265359,-27.));
#7507 = VECTOR('',#7508,1.);
#7508 = DIRECTION('',(-0.,1.));
#7509 = ( GEOMETRIC_REPRESENTATION_CONTEXT(2) 
PARAMETRIC_REPRESENTATION_CONTEXT() REPRESENTATION_CONTEXT('2D SPACE',''
  ) );
#7510 = ORIENTED_EDGE('',*,*,#7511,.T.);
#7511 = EDGE_CURVE('',#7489,#6257,#7512,.T.);
#7512 = SURFACE_CURVE('',#7513,(#7517,#7524),.PCURVE_S1.);
#7513 = LINE('',#7514,#7515);
#7514 = CARTESIAN_POINT('',(62.,6.75,49.0000001));
#7515 = VECTOR('',#7516,1.);
#7516 = DIRECTION('',(-1.,-0.,-0.));
#7517 = PCURVE('',#5994,#7518);
#7518 = DEFINITIONAL_REPRESENTATION('',(#7519),#7523);
#7519 = LINE('',#7520,#7521);
#7520 = CARTESIAN_POINT('',(62.,6.75));
#7521 = VECTOR('',#7522,1.);
#7522 = DIRECTION('',(-1.,0.));
#7523 = ( GEOMETRIC_REPRESENTATION_CONTEXT(2) 
PARAMETRIC_REPRESENTATION_CONTEXT() REPRESENTATION_CONTEXT('2D SPACE',''
  ) );
#7524 = PCURVE('',#6277,#7525);
#7525 = DEFINITIONAL_REPRESENTATION('',(#7526),#7530);
#7526 = LINE('',#7527,#7528);
#7527 = CARTESIAN_POINT('',(-3.14159265359,0.));
#7528 = VECTOR('',#7529,1.);
#7529 = DIRECTION('',(-0.,1.));
#7530 = ( GEOMETRIC_REPRESENTATION_CONTEXT(2) 
PARAMETRIC_REPRESENTATION_CONTEXT() REPRESENTATION_CONTEXT('2D SPACE',''
  ) );
#7531 = ORIENTED_EDGE('',*,*,#6289,.T.);
#7532 = ORIENTED_EDGE('',*,*,#6206,.T.);
#7533 = ORIENTED_EDGE('',*,*,#6108,.F.);
#7534 = FACE_BOUND('',#7535,.T.);
#7535 = EDGE_LOOP('',(#7536));
#7536 = ORIENTED_EDGE('',*,*,#7537,.T.);
#7537 = EDGE_CURVE('',#7538,#7538,#7540,.T.);
#7538 = VERTEX_POINT('',#7539);
#7539 = CARTESIAN_POINT('',(80.8,24.,49.0000001));
#7540 = SURFACE_CURVE('',#7541,(#7546,#7557),.PCURVE_S1.);
#7541 = CIRCLE('',#7542,0.8);
#7542 = AXIS2_PLACEMENT_3D('',#7543,#7544,#7545);
#7543 = CARTESIAN_POINT('',(80.,24.,49.0000001));
#7544 = DIRECTION('',(0.,0.,-1.));
#7545 = DIRECTION('',(1.,0.,0.));
#7546 = PCURVE('',#5994,#7547);
#7547 = DEFINITIONAL_REPRESENTATION('',(#7548),#7556);
#7548 = ( BOUNDED_CURVE() B_SPLINE_CURVE(2,(#7549,#7550,#7551,#7552,
#7553,#7554,#7555),.UNSPECIFIED.,.T.,.F.) B_SPLINE_CURVE_WITH_KNOTS((1,2
    ,2,2,2,1),(-2.094395102393,0.,2.094395102393,4.188790204786,
6.28318530718,8.377580409573),.UNSPECIFIED.) CURVE() 
GEOMETRIC_REPRESENTATION_ITEM() RATIONAL_B_SPLINE_CURVE((1.,0.5,1.,0.5,
1.,0.5,1.)) REPRESENTATION_ITEM('') );
#7549 = CARTESIAN_POINT('',(80.8,24.));
#7550 = CARTESIAN_POINT('',(80.8,22.614359353945));
#7551 = CARTESIAN_POINT('',(79.6,23.307179676972));
#7552 = CARTESIAN_POINT('',(78.4,24.));
#7553 = CARTESIAN_POINT('',(79.6,24.692820323028));
#7554 = CARTESIAN_POINT('',(80.8,25.385640646055));
#7555 = CARTESIAN_POINT('',(80.8,24.));
#7556 = ( GEOMETRIC_REPRESENTATION_CONTEXT(2) 
PARAMETRIC_REPRESENTATION_CONTEXT() REPRESENTATION_CONTEXT('2D SPACE',''
  ) );
#7557 = PCURVE('',#7558,#7563);
#7558 = CYLINDRICAL_SURFACE('',#7559,0.8);
#7559 = AXIS2_PLACEMENT_3D('',#7560,#7561,#7562);
#7560 = CARTESIAN_POINT('',(80.,24.,43.6000001));
#7561 = DIRECTION('',(-0.,-0.,-1.));
#7562 = DIRECTION('',(1.,0.,0.));
#7563 = DEFINITIONAL_REPRESENTATION('',(#7564),#7568);
#7564 = LINE('',#7565,#7566);
#7565 = CARTESIAN_POINT('',(-6.28318530718,-5.4));
#7566 = VECTOR('',#7567,1.);
#7567 = DIRECTION('',(1.,-0.));
#7568 = ( GEOMETRIC_REPRESENTATION_CONTEXT(2) 
PARAMETRIC_REPRESENTATION_CONTEXT() REPRESENTATION_CONTEXT('2D SPACE',''
  ) );
#7569 = FACE_BOUND('',#7570,.T.);
#7570 = EDGE_LOOP('',(#7571));
#7571 = ORIENTED_EDGE('',*,*,#7572,.T.);
#7572 = EDGE_CURVE('',#7573,#7573,#7575,.T.);
#7573 = VERTEX_POINT('',#7574);
#7574 = CARTESIAN_POINT('',(66.8,24.,49.0000001));
#7575 = SURFACE_CURVE('',#7576,(#7581,#7592),.PCURVE_S1.);
#7576 = CIRCLE('',#7577,0.8);
#7577 = AXIS2_PLACEMENT_3D('',#7578,#7579,#7580);
#7578 = CARTESIAN_POINT('',(66.,24.,49.0000001));
#7579 = DIRECTION('',(0.,0.,-1.));
#7580 = DIRECTION('',(1.,0.,0.));
#7581 = PCURVE('',#5994,#7582);
#7582 = DEFINITIONAL_REPRESENTATION('',(#7583),#7591);
#7583 = ( BOUNDED_CURVE() B_SPLINE_CURVE(2,(#7584,#7585,#7586,#7587,
#7588,#7589,#7590),.UNSPECIFIED.,.T.,.F.) B_SPLINE_CURVE_WITH_KNOTS((1,2
    ,2,2,2,1),(-2.094395102393,0.,2.094395102393,4.188790204786,
6.28318530718,8.377580409573),.UNSPECIFIED.) CURVE() 
GEOMETRIC_REPRESENTATION_ITEM() RATIONAL_B_SPLINE_CURVE((1.,0.5,1.,0.5,
1.,0.5,1.)) REPRESENTATION_ITEM('') );
#7584 = CARTESIAN_POINT('',(66.8,24.));
#7585 = CARTESIAN_POINT('',(66.8,22.614359353945));
#7586 = CARTESIAN_POINT('',(65.6,23.307179676972));
#7587 = CARTESIAN_POINT('',(64.4,24.));
#7588 = CARTESIAN_POINT('',(65.6,24.692820323028));
#7589 = CARTESIAN_POINT('',(66.8,25.385640646055));
#7590 = CARTESIAN_POINT('',(66.8,24.));
#7591 = ( GEOMETRIC_REPRESENTATION_CONTEXT(2) 
PARAMETRIC_REPRESENTATION_CONTEXT() REPRESENTATION_CONTEXT('2D SPACE',''
  ) );
#7592 = PCURVE('',#7593,#7598);
#7593 = CYLINDRICAL_SURFACE('',#7594,0.8);
#7594 = AXIS2_PLACEMENT_3D('',#7595,#7596,#7597);
#7595 = CARTESIAN_POINT('',(66.,24.,43.6000001));
#7596 = DIRECTION('',(-0.,-0.,-1.));
#7597 = DIRECTION('',(1.,0.,0.));
#7598 = DEFINITIONAL_REPRESENTATION('',(#7599),#7603);
#7599 = LINE('',#7600,#7601);
#7600 = CARTESIAN_POINT('',(-6.28318530718,-5.4));
#7601 = VECTOR('',#7602,1.);
#7602 = DIRECTION('',(1.,-0.));
#7603 = ( GEOMETRIC_REPRESENTATION_CONTEXT(2) 
PARAMETRIC_REPRESENTATION_CONTEXT() REPRESENTATION_CONTEXT('2D SPACE',''
  ) );
#7604 = ADVANCED_FACE('',(#7605),#6277,.F.);
#7605 = FACE_BOUND('',#7606,.T.);
#7606 = EDGE_LOOP('',(#7607,#7608,#7609,#7610));
#7607 = ORIENTED_EDGE('',*,*,#7396,.F.);
#7608 = ORIENTED_EDGE('',*,*,#6256,.T.);
#7609 = ORIENTED_EDGE('',*,*,#7511,.F.);
#7610 = ORIENTED_EDGE('',*,*,#7611,.T.);
#7611 = EDGE_CURVE('',#7489,#7397,#7612,.T.);
#7612 = SURFACE_CURVE('',#7613,(#7716,#7929),.PCURVE_S1.);
#7613 = B_SPLINE_CURVE_WITH_KNOTS('',6,(#7614,#7615,#7616,#7617,#7618,
    #7619,#7620,#7621,#7622,#7623,#7624,#7625,#7626,#7627,#7628,#7629,
    #7630,#7631,#7632,#7633,#7634,#7635,#7636,#7637,#7638,#7639,#7640,
    #7641,#7642,#7643,#7644,#7645,#7646,#7647,#7648,#7649,#7650,#7651,
    #7652,#7653,#7654,#7655,#7656,#7657,#7658,#7659,#7660,#7661,#7662,
    #7663,#7664,#7665,#7666,#7667,#7668,#7669,#7670,#7671,#7672,#7673,
    #7674,#7675,#7676,#7677,#7678,#7679,#7680,#7681,#7682,#7683,#7684,
    #7685,#7686,#7687,#7688,#7689,#7690,#7691,#7692,#7693,#7694,#7695,
    #7696,#7697,#7698,#7699,#7700,#7701,#7702,#7703,#7704,#7705,#7706,
    #7707,#7708,#7709,#7710,#7711,#7712,#7713,#7714,#7715),
  .UNSPECIFIED.,.T.,.F.,(7,5,5,5,5,5,5,5,5,5,5,5,5,5,5,5,5,5,5,5,7),(0.,
    5.107982989067E-02,0.103960149811,0.154000589516,0.197089336223,
    0.250120213275,0.302930797862,0.346810152754,0.396254585556,
    0.449391488259,0.500216686,0.533943540077,0.551266539421,
    0.604080116094,0.673287133857,0.72827564991,0.782298501832,
    0.828161478814,0.896204737347,0.949256366249,1.),.UNSPECIFIED.);
#7614 = CARTESIAN_POINT('',(82.845455989373,19.25,49.0000001));
#7615 = CARTESIAN_POINT('',(82.845455989373,19.25,49.301884146504));
#7616 = CARTESIAN_POINT('',(82.830170661763,19.232502439126,
    49.603333383857));
#7617 = CARTESIAN_POINT('',(82.799681426736,19.197600737839,
    49.903172704823));
#7618 = CARTESIAN_POINT('',(82.754715914567,19.145479400599,
    50.200177750514));
#7619 = CARTESIAN_POINT('',(82.696650039452,19.076442230222,
    50.49297813824));
#7620 = CARTESIAN_POINT('',(82.555632053092,18.902907982523,
    51.077075261168));
#7621 = CARTESIAN_POINT('',(82.471825333918,18.797185751567,
    51.368161276144));
#7622 = CARTESIAN_POINT('',(82.377644765034,18.674298701565,
    51.652886561107));
#7623 = CARTESIAN_POINT('',(82.274917411468,18.534320741715,
    51.930762088515));
#7624 = CARTESIAN_POINT('',(82.16551893038,18.377206536091,
    52.201126085432));
#7625 = CARTESIAN_POINT('',(81.943348036102,18.037783440266,
    52.711056800648));
#7626 = CARTESIAN_POINT('',(81.831021946804,17.85720338304,
    52.951613648812));
#7627 = CARTESIAN_POINT('',(81.715798258715,17.660603004247,
    53.184543578577));
#7628 = CARTESIAN_POINT('',(81.599093642227,17.447261991416,
    53.409290872785));
#7629 = CARTESIAN_POINT('',(81.482477818261,17.216303960192,
    53.624882017177));
#7630 = CARTESIAN_POINT('',(81.269087173537,16.751942081946,
    54.006269047969));
#7631 = CARTESIAN_POINT('',(81.171724995034,16.523158236726,
    54.174967155212));
#7632 = CARTESIAN_POINT('',(81.076930874508,16.279807075722,
    54.334911304557));
#7633 = CARTESIAN_POINT('',(80.986097407429,16.021269902677,
    54.484765006062));
#7634 = CARTESIAN_POINT('',(80.900868652153,15.747021187132,
    54.622815439964));
#7635 = CARTESIAN_POINT('',(80.727502763218,15.099428186676,
    54.899651302692));
#7636 = CARTESIAN_POINT('',(80.642145126724,14.713760870215,
    55.032991646348));
#7637 = CARTESIAN_POINT('',(80.572953504225,14.304879807137,
    55.139108551066));
#7638 = CARTESIAN_POINT('',(80.524618194012,13.878629319837,
    55.212581013261));
#7639 = CARTESIAN_POINT('',(80.5,13.441466282172,55.2500001));
#7640 = CARTESIAN_POINT('',(80.5,12.560367587093,55.2500001));
#7641 = CARTESIAN_POINT('',(80.524414599458,12.125026254776,
    55.212890457768));
#7642 = CARTESIAN_POINT('',(80.572345438157,11.700514157439,
    55.140032883916));
#7643 = CARTESIAN_POINT('',(80.640979168512,11.293152234983,
    55.03477948465));
#7644 = CARTESIAN_POINT('',(80.725697233741,10.908746691035,
    54.902471458658));
#7645 = CARTESIAN_POINT('',(80.899678633736,10.256268444488,
    54.624766560879));
#7646 = CARTESIAN_POINT('',(80.986467856359,9.976827120287,
    54.484222400159));
#7647 = CARTESIAN_POINT('',(81.079071583851,9.713687988493,
    54.331435773208));
#7648 = CARTESIAN_POINT('',(81.175753843816,9.46629386144,
    54.168214179607));
#7649 = CARTESIAN_POINT('',(81.275049624914,9.233987959083,
    53.99596041026));
#7650 = CARTESIAN_POINT('',(81.489116672595,8.770578145844,
    53.612594472279));
#7651 = CARTESIAN_POINT('',(81.60436113467,8.543130863455,
    53.399132555464));
#7652 = CARTESIAN_POINT('',(81.719641534388,8.332856904134,
    53.176758613796));
#7653 = CARTESIAN_POINT('',(81.833445569753,8.138915576308,
    52.94640383103));
#7654 = CARTESIAN_POINT('',(81.944405007241,7.960616053761,
    52.708603348831));
#7655 = CARTESIAN_POINT('',(82.165886679037,7.622216306375,
    52.200311490175));
#7656 = CARTESIAN_POINT('',(82.275817963075,7.464376715157,
    51.928565825288));
#7657 = CARTESIAN_POINT('',(82.379004327961,7.323844181871,
    51.649235438964));
#7658 = CARTESIAN_POINT('',(82.473540936926,7.20057431459,
    51.362993626942));
#7659 = CARTESIAN_POINT('',(82.557573235201,7.094643463639,
    51.070337575952));
#7660 = CARTESIAN_POINT('',(82.698053335631,6.921889730178,
    50.485883505213));
#7661 = CARTESIAN_POINT('',(82.755584955149,6.853513276316,
    50.194423196976));
#7662 = CARTESIAN_POINT('',(82.800123829827,6.801892835765,
    49.898814183972));
#7663 = CARTESIAN_POINT('',(82.830318865136,6.767327907257,
    49.60040893263));
#7664 = CARTESIAN_POINT('',(82.845455989373,6.75,49.300417035262));
#7665 = CARTESIAN_POINT('',(82.845455989373,6.75,48.800647837972));
#7666 = CARTESIAN_POINT('',(82.838790814687,6.757630435351,
    48.601361775485));
#7667 = CARTESIAN_POINT('',(82.825466530637,6.772881331884,
    48.402535398011));
#7668 = CARTESIAN_POINT('',(82.805630173901,6.795713516514,
    48.204582910741));
#7669 = CARTESIAN_POINT('',(82.779562059725,6.826045507043,
    48.007939841921));
#7670 = CARTESIAN_POINT('',(82.731286506958,6.883101491435,
    47.712970106408));
#7671 = CARTESIAN_POINT('',(82.713365378917,6.904407685364,
    47.613327967775));
#7672 = CARTESIAN_POINT('',(82.693954574284,6.92764687394,
    47.514173417823));
#7673 = CARTESIAN_POINT('',(82.673109255721,6.952805671415,
    47.415544932464));
#7674 = CARTESIAN_POINT('',(82.650889879273,6.979869416088,
    47.317483275998));
#7675 = CARTESIAN_POINT('',(82.555632053077,7.097092017495,
    46.922924938773));
#7676 = CARTESIAN_POINT('',(82.471825333917,7.202814248435,
    46.631838923873));
#7677 = CARTESIAN_POINT('',(82.377644765054,7.32570129841,
    46.347113638949));
#7678 = CARTESIAN_POINT('',(82.274917411478,7.465679258265,46.0692381115
    ));
#7679 = CARTESIAN_POINT('',(82.165518930356,7.622793463946,
    45.798874114512));
#7680 = CARTESIAN_POINT('',(81.901785119408,8.025714588588,
    45.193547429936));
#7681 = CARTESIAN_POINT('',(81.74407208796,8.283867026668,
    44.864653633889));
#7682 = CARTESIAN_POINT('',(81.58187028249,8.572995279839,
    44.550520975393));
#7683 = CARTESIAN_POINT('',(81.418809888831,8.8954376037,44.252801135724
    ));
#7684 = CARTESIAN_POINT('',(81.259444867587,9.253965230251,
    43.974968868298));
#7685 = CARTESIAN_POINT('',(80.990990762407,9.966612542558,
    43.522709131565));
#7686 = CARTESIAN_POINT('',(80.877448707432,10.308761451181,
    43.337332985992));
#7687 = CARTESIAN_POINT('',(80.773341239255,10.677041292076,
    43.171752766114));
#7688 = CARTESIAN_POINT('',(80.683016749487,11.070447559766,
    43.030830357068));
#7689 = CARTESIAN_POINT('',(80.61083950227,11.487364941253,
    42.919523693712));
#7690 = CARTESIAN_POINT('',(80.511972046677,12.355828128249,
    42.76795260368));
#7691 = CARTESIAN_POINT('',(80.484882684905,12.803321085775,
    42.727054376473));
#7692 = CARTESIAN_POINT('',(80.483875839527,13.257578258513,
    42.725680369758));
#7693 = CARTESIAN_POINT('',(80.50984030276,13.707816826046,
    42.764689551946));
#7694 = CARTESIAN_POINT('',(80.55986488229,14.14339300453,
    42.840849329955));
#7695 = CARTESIAN_POINT('',(80.685870207526,14.903163407545,
    43.035925213348));
#7696 = CARTESIAN_POINT('',(80.756960239443,15.235272308631,
    43.14691024217));
#7697 = CARTESIAN_POINT('',(80.838731887397,15.54994173325,
    43.276216957999));
#7698 = CARTESIAN_POINT('',(80.928721865233,15.846821008218,
    43.421062786103));
#7699 = CARTESIAN_POINT('',(81.024622422474,16.125825021373,
    43.578898614385));
#7700 = CARTESIAN_POINT('',(81.272219836997,16.774645437482,
    43.997277595175));
#7701 = CARTESIAN_POINT('',(81.429205515731,17.125048919016,
    44.271815947087));
#7702 = CARTESIAN_POINT('',(81.589563273403,17.440680758374,
    44.565450528409));
#7703 = CARTESIAN_POINT('',(81.748987998332,17.724155557959,
    44.874932075046));
#7704 = CARTESIAN_POINT('',(81.904012447937,17.977668537673,
    45.198697491993));
#7705 = CARTESIAN_POINT('',(82.165886679037,18.377783693625,
    45.799688709825));
#7706 = CARTESIAN_POINT('',(82.275817963075,18.535623284843,
    46.071434374712));
#7707 = CARTESIAN_POINT('',(82.379004327961,18.676155818129,
    46.350764761036));
#7708 = CARTESIAN_POINT('',(82.473540936926,18.79942568541,
    46.637006573058));
#7709 = CARTESIAN_POINT('',(82.557573235201,18.905356536361,
    46.929662624048));
#7710 = CARTESIAN_POINT('',(82.698053335631,19.078110269822,
    47.514116694787));
#7711 = CARTESIAN_POINT('',(82.755584955149,19.146486723684,
    47.805577003024));
#7712 = CARTESIAN_POINT('',(82.800123829827,19.198107164235,
    48.101186016027));
#7713 = CARTESIAN_POINT('',(82.830318865136,19.232672092743,
    48.39959126737));
#7714 = CARTESIAN_POINT('',(82.845455989373,19.25,48.699583164738));
#7715 = CARTESIAN_POINT('',(82.845455989373,19.25,49.0000001));
#7716 = PCURVE('',#6277,#7717);
#7717 = DEFINITIONAL_REPRESENTATION('',(#7718),#7928);
#7718 = B_SPLINE_CURVE_WITH_KNOTS('',10,(#7719,#7720,#7721,#7722,#7723,
    #7724,#7725,#7726,#7727,#7728,#7729,#7730,#7731,#7732,#7733,#7734,
    #7735,#7736,#7737,#7738,#7739,#7740,#7741,#7742,#7743,#7744,#7745,
    #7746,#7747,#7748,#7749,#7750,#7751,#7752,#7753,#7754,#7755,#7756,
    #7757,#7758,#7759,#7760,#7761,#7762,#7763,#7764,#7765,#7766,#7767,
    #7768,#7769,#7770,#7771,#7772,#7773,#7774,#7775,#7776,#7777,#7778,
    #7779,#7780,#7781,#7782,#7783,#7784,#7785,#7786,#7787,#7788,#7789,
    #7790,#7791,#7792,#7793,#7794,#7795,#7796,#7797,#7798,#7799,#7800,
    #7801,#7802,#7803,#7804,#7805,#7806,#7807,#7808,#7809,#7810,#7811,
    #7812,#7813,#7814,#7815,#7816,#7817,#7818,#7819,#7820,#7821,#7822,
    #7823,#7824,#7825,#7826,#7827,#7828,#7829,#7830,#7831,#7832,#7833,
    #7834,#7835,#7836,#7837,#7838,#7839,#7840,#7841,#7842,#7843,#7844,
    #7845,#7846,#7847,#7848,#7849,#7850,#7851,#7852,#7853,#7854,#7855,
    #7856,#7857,#7858,#7859,#7860,#7861,#7862,#7863,#7864,#7865,#7866,
    #7867,#7868,#7869,#7870,#7871,#7872,#7873,#7874,#7875,#7876,#7877,
    #7878,#7879,#7880,#7881,#7882,#7883,#7884,#7885,#7886,#7887,#7888,
    #7889,#7890,#7891,#7892,#7893,#7894,#7895,#7896,#7897,#7898,#7899,
    #7900,#7901,#7902,#7903,#7904,#7905,#7906,#7907,#7908,#7909,#7910,
    #7911,#7912,#7913,#7914,#7915,#7916,#7917,#7918,#7919,#7920,#7921,
    #7922,#7923,#7924,#7925,#7926,#7927),.UNSPECIFIED.,.F.,.F.,(11,9,9,9
    ,9,9,9,9,9,9,9,9,9,9,9,9,9,9,9,9,9,9,9,11),(0.500216686,
    0.531453143125,0.546095232402,0.56027975639,0.587762271616,
    0.61352712964,0.661836238435,0.672403855984,0.677522545734,
    0.717832227517,0.726649970407,0.73092106462,0.764555931542,
    0.779271185821,0.786168961264,0.812897841106,0.824591726037,
    0.830073234598,0.872554925949,0.888485560205,0.916364170154,
    0.937273127615,0.952954845712,1.),.UNSPECIFIED.);
#7719 = CARTESIAN_POINT('',(-3.14159265359,-20.84545598937));
#7720 = CARTESIAN_POINT('',(-3.159317330895,-20.84545598937));
#7721 = CARTESIAN_POINT('',(-3.1770389836,-20.84355025593));
#7722 = CARTESIAN_POINT('',(-3.194757000348,-20.83973959214));
#7723 = CARTESIAN_POINT('',(-3.212470596961,-20.83403220986));
#7724 = CARTESIAN_POINT('',(-3.230178796117,-20.8264436049));
#7725 = CARTESIAN_POINT('',(-3.247880407019,-20.81699643226));
#7726 = CARTESIAN_POINT('',(-3.265574005078,-20.80572038123));
#7727 = CARTESIAN_POINT('',(-3.28325791158,-20.79265205065));
#7728 = CARTESIAN_POINT('',(-3.300930173368,-20.77783482405));
#7729 = CARTESIAN_POINT('',(-3.326865903045,-20.75357683275));
#7730 = CARTESIAN_POINT('',(-3.335139930622,-20.74546191517));
#7731 = CARTESIAN_POINT('',(-3.343410941355,-20.73697864115));
#7732 = CARTESIAN_POINT('',(-3.351679200329,-20.72813189648));
#7733 = CARTESIAN_POINT('',(-3.359944926212,-20.71892679685));
#7734 = CARTESIAN_POINT('',(-3.368208295879,-20.70936868099));
#7735 = CARTESIAN_POINT('',(-3.37646944903,-20.69946310389));
#7736 = CARTESIAN_POINT('',(-3.384728492811,-20.68921582991));
#7737 = CARTESIAN_POINT('',(-3.39298550643,-20.67863282595));
#7738 = CARTESIAN_POINT('',(-3.409237615152,-20.65714870117));
#7739 = CARTESIAN_POINT('',(-3.417233207118,-20.64626732544));
#7740 = CARTESIAN_POINT('',(-3.425224645495,-20.63508565682));
#7741 = CARTESIAN_POINT('',(-3.433220332584,-20.62359757581));
#7742 = CARTESIAN_POINT('',(-3.441209666053,-20.61182388122));
#7743 = CARTESIAN_POINT('',(-3.449193650731,-20.59976978352));
#7744 = CARTESIAN_POINT('',(-3.457178777943,-20.58743255294));
#7745 = CARTESIAN_POINT('',(-3.465161209545,-20.57482339759));
#7746 = CARTESIAN_POINT('',(-3.4731426461,-20.56194657772));
#7747 = CARTESIAN_POINT('',(-3.496586340948,-20.52335134942));
#7748 = CARTESIAN_POINT('',(-3.512046865459,-20.4969116167));
#7749 = CARTESIAN_POINT('',(-3.52750847129,-20.46952993074));
#7750 = CARTESIAN_POINT('',(-3.542974499553,-20.4412481489));
#7751 = CARTESIAN_POINT('',(-3.558448222028,-20.41210859245));
#7752 = CARTESIAN_POINT('',(-3.573932850089,-20.38215400532));
#7753 = CARTESIAN_POINT('',(-3.589431543625,-20.35142751285));
#7754 = CARTESIAN_POINT('',(-3.604947419966,-20.31997258059));
#7755 = CARTESIAN_POINT('',(-3.620483562809,-20.28783297312));
#7756 = CARTESIAN_POINT('',(-3.650630032698,-20.22432121866));
#7757 = CARTESIAN_POINT('',(-3.665237636451,-20.1930264233));
#7758 = CARTESIAN_POINT('',(-3.679867197265,-20.16120729351));
#7759 = CARTESIAN_POINT('',(-3.694527305022,-20.12888636998));
#7760 = CARTESIAN_POINT('',(-3.709201597259,-20.096143506));
#7761 = CARTESIAN_POINT('',(-3.723930342938,-20.06292928755));
#7762 = CARTESIAN_POINT('',(-3.738666739053,-20.02939304546));
#7763 = CARTESIAN_POINT('',(-3.75345115368,-19.99548620637));
#7764 = CARTESIAN_POINT('',(-3.768275446303,-19.96126981489));
#7765 = CARTESIAN_POINT('',(-3.811032083042,-19.86208144288));
#7766 = CARTESIAN_POINT('',(-3.839083236649,-19.79639735356));
#7767 = CARTESIAN_POINT('',(-3.867333785819,-19.72992583931));
#7768 = CARTESIAN_POINT('',(-3.895816222661,-19.66288012938));
#7769 = CARTESIAN_POINT('',(-3.924562673811,-19.59548112938));
#7770 = CARTESIAN_POINT('',(-3.953605047914,-19.52796046425));
#7771 = CARTESIAN_POINT('',(-3.982975183089,-19.4605635211));
#7772 = CARTESIAN_POINT('',(-4.012704994406,-19.39355249207));
#7773 = CARTESIAN_POINT('',(-4.042826621354,-19.32720941725));
#7774 = CARTESIAN_POINT('',(-4.080054502747,-19.24753949854));
#7775 = CARTESIAN_POINT('',(-4.086756736757,-19.23328631457));
#7776 = CARTESIAN_POINT('',(-4.093479618833,-19.21908286256));
#7777 = CARTESIAN_POINT('',(-4.100223491599,-19.20493238056));
#7778 = CARTESIAN_POINT('',(-4.106988698992,-19.19083815897));
#7779 = CARTESIAN_POINT('',(-4.113775586434,-19.17680354179));
#7780 = CARTESIAN_POINT('',(-4.120584501009,-19.16283192785));
#7781 = CARTESIAN_POINT('',(-4.127415791638,-19.14892677208));
#7782 = CARTESIAN_POINT('',(-4.134269809248,-19.13509158668));
#7783 = CARTESIAN_POINT('',(-4.144478001152,-19.11466414604));
#7784 = CARTESIAN_POINT('',(-4.147814667384,-19.10801529627));
#7785 = CARTESIAN_POINT('',(-4.151155314295,-19.10138701907));
#7786 = CARTESIAN_POINT('',(-4.154504822003,-19.09477012165));
#7787 = CARTESIAN_POINT('',(-4.157861922054,-19.08816767505));
#7788 = CARTESIAN_POINT('',(-4.161224185176,-19.08158505053));
#7789 = CARTESIAN_POINT('',(-4.164592637284,-19.07502072579));
#7790 = CARTESIAN_POINT('',(-4.167969230539,-19.0684713413));
#7791 = CARTESIAN_POINT('',(-4.17135160256,-19.06194215066));
#7792 = CARTESIAN_POINT('',(-4.201430403438,-19.00416166005));
#7793 = CARTESIAN_POINT('',(-4.228530661805,-18.95407282706));
#7794 = CARTESIAN_POINT('',(-4.256036087845,-18.90543869541));
#7795 = CARTESIAN_POINT('',(-4.283942816898,-18.85853689554));
#7796 = CARTESIAN_POINT('',(-4.312248560401,-18.81364806537));
#7797 = CARTESIAN_POINT('',(-4.340952596164,-18.77105474883));
#7798 = CARTESIAN_POINT('',(-4.370055758637,-18.73104029436));
#7799 = CARTESIAN_POINT('',(-4.399560429193,-18.69388775349));
#7800 = CARTESIAN_POINT('',(-4.429470526396,-18.65987877939));
#7801 = CARTESIAN_POINT('',(-4.466424208442,-18.62260178228));
#7802 = CARTESIAN_POINT('',(-4.473076583553,-18.61607482151));
#7803 = CARTESIAN_POINT('',(-4.479748679845,-18.60971456496));
#7804 = CARTESIAN_POINT('',(-4.486440559337,-18.60352392881));
#7805 = CARTESIAN_POINT('',(-4.493152287919,-18.59750582293));
#7806 = CARTESIAN_POINT('',(-4.499883935433,-18.59166315032));
#7807 = CARTESIAN_POINT('',(-4.506635575752,-18.58599880654));
#7808 = CARTESIAN_POINT('',(-4.513407286868,-18.58051567916));
#7809 = CARTESIAN_POINT('',(-4.520199150966,-18.57521664722));
#7810 = CARTESIAN_POINT('',(-4.530310867165,-18.56762842342));
#7811 = CARTESIAN_POINT('',(-4.533615408659,-18.56519601201));
#7812 = CARTESIAN_POINT('',(-4.536923561598,-18.56280856879));
#7813 = CARTESIAN_POINT('',(-4.540238828262,-18.5604640217));
#7814 = CARTESIAN_POINT('',(-4.543558534944,-18.55816459872));
#7815 = CARTESIAN_POINT('',(-4.546879779492,-18.55591260711));
#7816 = CARTESIAN_POINT('',(-4.550203938202,-18.55370730213));
#7817 = CARTESIAN_POINT('',(-4.553533249952,-18.55154735547));
#7818 = CARTESIAN_POINT('',(-4.556864897235,-18.54943503907));
#7819 = CARTESIAN_POINT('',(-4.586463095761,-18.53110644589));
#7820 = CARTESIAN_POINT('',(-4.612924060858,-18.51777317778));
#7821 = CARTESIAN_POINT('',(-4.639537234773,-18.50751845165));
#7822 = CARTESIAN_POINT('',(-4.666259007078,-18.50045489007));
#7823 = CARTESIAN_POINT('',(-4.693047167194,-18.49665832618));
#7824 = CARTESIAN_POINT('',(-4.719860347231,-18.49616715959));
#7825 = CARTESIAN_POINT('',(-4.746657463443,-18.49898206978));
#7826 = CARTESIAN_POINT('',(-4.773397156297,-18.50506608684));
#7827 = CARTESIAN_POINT('',(-4.800037229146,-18.51434501977));
#7828 = CARTESIAN_POINT('',(-4.838126460186,-18.53211715188));
#7829 = CARTESIAN_POINT('',(-4.84969142238,-18.53811641136));
#7830 = CARTESIAN_POINT('',(-4.861225320938,-18.54469676297));
#7831 = CARTESIAN_POINT('',(-4.872724453454,-18.5518476062));
#7832 = CARTESIAN_POINT('',(-4.884185057016,-18.55955701648));
#7833 = CARTESIAN_POINT('',(-4.89560329893,-18.567811764));
#7834 = CARTESIAN_POINT('',(-4.90697526746,-18.57659733263));
#7835 = CARTESIAN_POINT('',(-4.91829696255,-18.58589793873));
#7836 = CARTESIAN_POINT('',(-4.92956428656,-18.59569655004));
#7837 = CARTESIAN_POINT('',(-4.946027135824,-18.61079288316));
#7838 = CARTESIAN_POINT('',(-4.951268034558,-18.61571594265));
#7839 = CARTESIAN_POINT('',(-4.95649720919,-18.62074410259));
#7840 = CARTESIAN_POINT('',(-4.96171051598,-18.62587179573));
#7841 = CARTESIAN_POINT('',(-4.966908798,-18.63109816673));
#7842 = CARTESIAN_POINT('',(-4.972094702072,-18.63642422255));
#7843 = CARTESIAN_POINT('',(-4.97726855855,-18.64184888974));
#7844 = CARTESIAN_POINT('',(-4.982428945236,-18.64736936056));
#7845 = CARTESIAN_POINT('',(-4.987576323517,-18.65298443665));
#7846 = CARTESIAN_POINT('',(-5.012607391728,-18.68081322239));
#7847 = CARTESIAN_POINT('',(-5.032310751756,-18.70433478836));
#7848 = CARTESIAN_POINT('',(-5.051824406237,-18.72917416624));
#7849 = CARTESIAN_POINT('',(-5.071151505417,-18.75524876458));
#7850 = CARTESIAN_POINT('',(-5.090294939646,-18.78247692391));
#7851 = CARTESIAN_POINT('',(-5.109257353778,-18.81077800288));
#7852 = CARTESIAN_POINT('',(-5.128041161577,-18.84007246442));
#7853 = CARTESIAN_POINT('',(-5.146648560118,-18.87028196199));
#7854 = CARTESIAN_POINT('',(-5.165081544186,-18.90132942569));
#7855 = CARTESIAN_POINT('',(-5.191330835396,-18.94705590215));
#7856 = CARTESIAN_POINT('',(-5.199286711148,-18.96111855584));
#7857 = CARTESIAN_POINT('',(-5.207209698366,-18.97532076838));
#7858 = CARTESIAN_POINT('',(-5.215099940191,-18.98965624798));
#7859 = CARTESIAN_POINT('',(-5.222957572518,-19.00411875321));
#7860 = CARTESIAN_POINT('',(-5.23078272404,-19.01870209404));
#7861 = CARTESIAN_POINT('',(-5.238575516289,-19.03340013285));
#7862 = CARTESIAN_POINT('',(-5.246336063678,-19.04820678547));
#7863 = CARTESIAN_POINT('',(-5.254064473544,-19.06311602222));
#7864 = CARTESIAN_POINT('',(-5.26536852087,-19.08515585951));
#7865 = CARTESIAN_POINT('',(-5.268969145323,-19.09221105389));
#7866 = CARTESIAN_POINT('',(-5.272562925819,-19.0992872477));
#7867 = CARTESIAN_POINT('',(-5.276148759242,-19.10638153773));
#7868 = CARTESIAN_POINT('',(-5.27972960574,-19.11349932383));
#7869 = CARTESIAN_POINT('',(-5.28330200988,-19.12063299944));
#7870 = CARTESIAN_POINT('',(-5.28686534866,-19.12778063225));
#7871 = CARTESIAN_POINT('',(-5.29042600848,-19.13495450899));
#7872 = CARTESIAN_POINT('',(-5.293979202133,-19.14214441998));
#7873 = CARTESIAN_POINT('',(-5.32501833001,-19.20521941925));
#7874 = CARTESIAN_POINT('',(-5.352146192109,-19.26218325352));
#7875 = CARTESIAN_POINT('',(-5.378932901225,-19.320017507));
#7876 = CARTESIAN_POINT('',(-5.405400796951,-19.37851033008));
#7877 = CARTESIAN_POINT('',(-5.431571880256,-19.437463517));
#7878 = CARTESIAN_POINT('',(-5.457467919164,-19.49669101205));
#7879 = CARTESIAN_POINT('',(-5.483110554423,-19.55601741583));
#7880 = CARTESIAN_POINT('',(-5.508521405184,-19.61527649152));
#7881 = CARTESIAN_POINT('',(-5.533722174677,-19.67430967111));
#7882 = CARTESIAN_POINT('',(-5.568114473837,-19.75496014563));
#7883 = CARTESIAN_POINT('',(-5.577467724197,-19.77690252149));
#7884 = CARTESIAN_POINT('',(-5.586795658278,-19.79878364177));
#7885 = CARTESIAN_POINT('',(-5.596099429771,-19.82059557678));
#7886 = CARTESIAN_POINT('',(-5.605380195139,-19.84233050146));
#7887 = CARTESIAN_POINT('',(-5.614639114008,-19.8639806823));
#7888 = CARTESIAN_POINT('',(-5.623877349568,-19.88553846425));
#7889 = CARTESIAN_POINT('',(-5.633096068959,-19.90699625757));
#7890 = CARTESIAN_POINT('',(-5.642296443672,-19.92834652476));
#7891 = CARTESIAN_POINT('',(-5.667550260912,-19.98674344213));
#7892 = CARTESIAN_POINT('',(-5.683568464869,-20.02355324753));
#7893 = CARTESIAN_POINT('',(-5.699539404042,-20.05996828374));
#7894 = CARTESIAN_POINT('',(-5.715470958035,-20.09595260536));
#7895 = CARTESIAN_POINT('',(-5.731378328986,-20.13148533226));
#7896 = CARTESIAN_POINT('',(-5.747234110604,-20.16645119153));
#7897 = CARTESIAN_POINT('',(-5.763074186863,-20.20087727054));
#7898 = CARTESIAN_POINT('',(-5.778880740421,-20.23466984255));
#7899 = CARTESIAN_POINT('',(-5.794665320254,-20.26780173026));
#7900 = CARTESIAN_POINT('',(-5.822252123802,-20.32453859238));
#7901 = CARTESIAN_POINT('',(-5.834063512783,-20.34845480538));
#7902 = CARTESIAN_POINT('',(-5.845864732096,-20.37195213056));
#7903 = CARTESIAN_POINT('',(-5.857657149833,-20.3950113632));
#7904 = CARTESIAN_POINT('',(-5.869442147289,-20.4176134074));
#7905 = CARTESIAN_POINT('',(-5.881221121227,-20.43973928687));
#7906 = CARTESIAN_POINT('',(-5.892995486151,-20.46137015572));
#7907 = CARTESIAN_POINT('',(-5.904766676574,-20.48248730924));
#7908 = CARTESIAN_POINT('',(-5.916536149282,-20.50307219468));
#7909 = CARTESIAN_POINT('',(-5.937132312846,-20.53813209257));
#7910 = CARTESIAN_POINT('',(-5.945959163516,-20.55284808363));
#7911 = CARTESIAN_POINT('',(-5.954786252191,-20.56724626396));
#7912 = CARTESIAN_POINT('',(-5.963614765336,-20.58131962803));
#7913 = CARTESIAN_POINT('',(-5.97244522739,-20.59506035553));
#7914 = CARTESIAN_POINT('',(-5.981277734211,-20.60846014254));
#7915 = CARTESIAN_POINT('',(-5.990112866534,-20.62151139185));
#7916 = CARTESIAN_POINT('',(-5.998952196119,-20.63420785005));
#7917 = CARTESIAN_POINT('',(-6.007797297241,-20.64654327925));
#7918 = CARTESIAN_POINT('',(-6.043192813032,-20.69439716535));
#7919 = CARTESIAN_POINT('',(-6.069776417436,-20.72694430511));
#7920 = CARTESIAN_POINT('',(-6.096388208314,-20.75591764014));
#7921 = CARTESIAN_POINT('',(-6.123022167211,-20.78111381851));
#7922 = CARTESIAN_POINT('',(-6.149674520972,-20.80235880986));
#7923 = CARTESIAN_POINT('',(-6.176343287115,-20.81950961324));
#7924 = CARTESIAN_POINT('',(-6.203027881904,-20.83245552912));
#7925 = CARTESIAN_POINT('',(-6.229728791125,-20.84111899571));
#7926 = CARTESIAN_POINT('',(-6.256447303563,-20.84545598937));
#7927 = CARTESIAN_POINT('',(-6.28318530718,-20.84545598937));
#7928 = ( GEOMETRIC_REPRESENTATION_CONTEXT(2) 
PARAMETRIC_REPRESENTATION_CONTEXT() REPRESENTATION_CONTEXT('2D SPACE',''
  ) );
#7929 = PCURVE('',#7255,#7930);
#7930 = DEFINITIONAL_REPRESENTATION('',(#7931),#8034);
#7931 = B_SPLINE_CURVE_WITH_KNOTS('',6,(#7932,#7933,#7934,#7935,#7936,
    #7937,#7938,#7939,#7940,#7941,#7942,#7943,#7944,#7945,#7946,#7947,
    #7948,#7949,#7950,#7951,#7952,#7953,#7954,#7955,#7956,#7957,#7958,
    #7959,#7960,#7961,#7962,#7963,#7964,#7965,#7966,#7967,#7968,#7969,
    #7970,#7971,#7972,#7973,#7974,#7975,#7976,#7977,#7978,#7979,#7980,
    #7981,#7982,#7983,#7984,#7985,#7986,#7987,#7988,#7989,#7990,#7991,
    #7992,#7993,#7994,#7995,#7996,#7997,#7998,#7999,#8000,#8001,#8002,
    #8003,#8004,#8005,#8006,#8007,#8008,#8009,#8010,#8011,#8012,#8013,
    #8014,#8015,#8016,#8017,#8018,#8019,#8020,#8021,#8022,#8023,#8024,
    #8025,#8026,#8027,#8028,#8029,#8030,#8031,#8032,#8033),
  .UNSPECIFIED.,.F.,.F.,(7,5,5,5,5,5,5,5,5,5,5,5,5,5,5,5,5,5,5,5,7),(0.,
    5.107982989067E-02,0.103960149811,0.154000589516,0.197089336223,
    0.250120213275,0.302930797862,0.346810152754,0.396254585556,
    0.449391488259,0.500216686,0.533943540077,0.551266539421,
    0.604080116094,0.673287133857,0.72827564991,0.782298501832,
    0.828161478814,0.896204737347,0.949256366249,1.),.UNSPECIFIED.);
#7932 = CARTESIAN_POINT('',(0.,-19.84545598937));
#7933 = CARTESIAN_POINT('',(-4.830144744059E-02,-19.84545598937));
#7934 = CARTESIAN_POINT('',(-9.653328782785E-02,-19.83017066176));
#7935 = CARTESIAN_POINT('',(-0.144710598877,-19.79968142673));
#7936 = CARTESIAN_POINT('',(-0.192836538214,-19.75471591456));
#7937 = CARTESIAN_POINT('',(-0.240890346381,-19.69665003945));
#7938 = CARTESIAN_POINT('',(-0.338383216654,-19.55563205309));
#7939 = CARTESIAN_POINT('',(-0.387845771468,-19.47182533391));
#7940 = CARTESIAN_POINT('',(-0.437334317947,-19.37764476503));
#7941 = CARTESIAN_POINT('',(-0.486984777704,-19.27491741146));
#7942 = CARTESIAN_POINT('',(-0.536924238029,-19.16551893038));
#7943 = CARTESIAN_POINT('',(-0.634934833022,-18.9433480361));
#7944 = CARTESIAN_POINT('',(-0.682984426862,-18.8310219468));
#7945 = CARTESIAN_POINT('',(-0.731633849265,-18.71579825871));
#7946 = CARTESIAN_POINT('',(-0.78108261389,-18.59909364222));
#7947 = CARTESIAN_POINT('',(-0.831532448895,-18.48247781826));
#7948 = CARTESIAN_POINT('',(-0.927677408946,-18.26908717353));
#7949 = CARTESIAN_POINT('',(-0.973096245691,-18.17172499503));
#7950 = CARTESIAN_POINT('',(-1.01958562865,-18.0769308745));
#7951 = CARTESIAN_POINT('',(-1.067278420536,-17.98609740742));
#7952 = CARTESIAN_POINT('',(-1.116308455839,-17.90086865215));
#7953 = CARTESIAN_POINT('',(-1.228993763673,-17.72750276321));
#7954 = CARTESIAN_POINT('',(-1.294119567892,-17.64214512672));
#7955 = CARTESIAN_POINT('',(-1.361381031465,-17.57295350422));
#7956 = CARTESIAN_POINT('',(-1.430215676236,-17.52461819401));
#7957 = CARTESIAN_POINT('',(-1.500161721647,-17.5));
#7958 = CARTESIAN_POINT('',(-1.64113751286,-17.5));
#7959 = CARTESIAN_POINT('',(-1.710792100454,-17.52441459945));
#7960 = CARTESIAN_POINT('',(-1.779340679096,-17.57234543815));
#7961 = CARTESIAN_POINT('',(-1.846336152244,-17.64097916851));
#7962 = CARTESIAN_POINT('',(-1.911218750116,-17.72569723374));
#7963 = CARTESIAN_POINT('',(-2.024677577605,-17.89967863373));
#7964 = CARTESIAN_POINT('',(-2.074623424712,-17.98646785635));
#7965 = CARTESIAN_POINT('',(-2.123181962411,-18.07907158385));
#7966 = CARTESIAN_POINT('',(-2.170494491112,-18.17575384381));
#7967 = CARTESIAN_POINT('',(-2.216701462007,-18.27504962491));
#7968 = CARTESIAN_POINT('',(-2.312930268991,-18.48911667259));
#7969 = CARTESIAN_POINT('',(-2.362741164479,-18.60436113467));
#7970 = CARTESIAN_POINT('',(-2.411581588474,-18.71964153438));
#7971 = CARTESIAN_POINT('',(-2.459645953182,-18.83344556975));
#7972 = CARTESIAN_POINT('',(-2.507126495023,-18.94440500724));
#7973 = CARTESIAN_POINT('',(-2.604828081841,-19.16588667903));
#7974 = CARTESIAN_POINT('',(-2.655015596992,-19.27581796307));
#7975 = CARTESIAN_POINT('',(-2.704911903113,-19.37900432796));
#7976 = CARTESIAN_POINT('',(-2.754645593201,-19.47354093692));
#7977 = CARTESIAN_POINT('',(-2.804354349424,-19.5575732352));
#7978 = CARTESIAN_POINT('',(-2.901866495224,-19.69805333563));
#7979 = CARTESIAN_POINT('',(-2.949688513171,-19.75558495514));
#7980 = CARTESIAN_POINT('',(-2.997582365216,-19.80012382982));
#7981 = CARTESIAN_POINT('',(-3.04552727683,-19.83031886513));
#7982 = CARTESIAN_POINT('',(-3.093525943948,-19.84545598937));
#7983 = CARTESIAN_POINT('',(-3.173489015514,-19.84545598937));
#7984 = CARTESIAN_POINT('',(-3.205374804599,-19.83879081468));
#7985 = CARTESIAN_POINT('',(-3.237245384293,-19.82546653063));
#7986 = CARTESIAN_POINT('',(-3.269092867671,-19.8056301739));
#7987 = CARTESIAN_POINT('',(-3.300904819884,-19.77956205972));
#7988 = CARTESIAN_POINT('',(-3.348974776964,-19.73128650695));
#7989 = CARTESIAN_POINT('',(-3.365274787088,-19.71336537891));
#7990 = CARTESIAN_POINT('',(-3.381564748446,-19.69395457428));
#7991 = CARTESIAN_POINT('',(-3.397845970447,-19.67310925572));
#7992 = CARTESIAN_POINT('',(-3.414119314424,-19.65088987927));
#7993 = CARTESIAN_POINT('',(-3.479975870253,-19.55563205307));
#7994 = CARTESIAN_POINT('',(-3.529438425055,-19.47182533391));
#7995 = CARTESIAN_POINT('',(-3.578926971527,-19.37764476505));
#7996 = CARTESIAN_POINT('',(-3.62857743129,-19.27491741147));
#7997 = CARTESIAN_POINT('',(-3.67851689163,-19.16551893035));
#7998 = CARTESIAN_POINT('',(-3.794862949536,-18.9017851194));
#7999 = CARTESIAN_POINT('',(-3.86155594109,-18.74407208796));
#8000 = CARTESIAN_POINT('',(-3.929545127856,-18.58187028249));
#8001 = CARTESIAN_POINT('',(-3.999394838912,-18.41880988883));
#8002 = CARTESIAN_POINT('',(-4.071648640907,-18.25944486758));
#8003 = CARTESIAN_POINT('',(-4.206695186834,-17.9909907624));
#8004 = CARTESIAN_POINT('',(-4.268809714116,-17.87744870743));
#8005 = CARTESIAN_POINT('',(-4.333141594309,-17.77334123925));
#8006 = CARTESIAN_POINT('',(-4.399673941218,-17.68301674948));
#8007 = CARTESIAN_POINT('',(-4.468449373935,-17.61083950227));
#8008 = CARTESIAN_POINT('',(-4.609503880506,-17.51197204667));
#8009 = CARTESIAN_POINT('',(-4.68116159385,-17.4848826849));
#8010 = CARTESIAN_POINT('',(-4.753413403223,-17.48387583952));
#8011 = CARTESIAN_POINT('',(-4.825303781369,-17.50984030276));
#8012 = CARTESIAN_POINT('',(-4.895836824785,-17.55986488229));
#8013 = CARTESIAN_POINT('',(-5.021343099683,-17.68587020752));
#8014 = CARTESIAN_POINT('',(-5.077227273691,-17.75696023944));
#8015 = CARTESIAN_POINT('',(-5.131482143044,-17.83873188739));
#8016 = CARTESIAN_POINT('',(-5.184183575423,-17.92872186523));
#8017 = CARTESIAN_POINT('',(-5.235386403353,-18.02462242247));
#8018 = CARTESIAN_POINT('',(-5.358908984044,-18.27221983699));
#8019 = CARTESIAN_POINT('',(-5.42983205762,-18.42920551573));
#8020 = CARTESIAN_POINT('',(-5.498457220473,-18.5895632734));
#8021 = CARTESIAN_POINT('',(-5.565301834873,-18.74898799833));
#8022 = CARTESIAN_POINT('',(-5.630900892557,-18.90401244793));
#8023 = CARTESIAN_POINT('',(-5.74642073543,-19.16588667903));
#8024 = CARTESIAN_POINT('',(-5.796608250582,-19.27581796307));
#8025 = CARTESIAN_POINT('',(-5.846504556703,-19.37900432796));
#8026 = CARTESIAN_POINT('',(-5.896238246791,-19.47354093692));
#8027 = CARTESIAN_POINT('',(-5.945947003013,-19.5575732352));
#8028 = CARTESIAN_POINT('',(-6.043459148814,-19.69805333563));
#8029 = CARTESIAN_POINT('',(-6.091281166761,-19.75558495514));
#8030 = CARTESIAN_POINT('',(-6.139175018805,-19.80012382982));
#8031 = CARTESIAN_POINT('',(-6.18711993042,-19.83031886513));
#8032 = CARTESIAN_POINT('',(-6.235118597538,-19.84545598937));
#8033 = CARTESIAN_POINT('',(-6.28318530718,-19.84545598937));
#8034 = ( GEOMETRIC_REPRESENTATION_CONTEXT(2) 
PARAMETRIC_REPRESENTATION_CONTEXT() REPRESENTATION_CONTEXT('2D SPACE',''
  ) );
#8035 = ADVANCED_FACE('',(#8036),#6330,.T.);
#8036 = FACE_BOUND('',#8037,.T.);
#8037 = EDGE_LOOP('',(#8038));
#8038 = ORIENTED_EDGE('',*,*,#6313,.T.);
#8039 = ADVANCED_FACE('',(#8040),#6385,.T.);
#8040 = FACE_BOUND('',#8041,.T.);
#8041 = EDGE_LOOP('',(#8042));
#8042 = ORIENTED_EDGE('',*,*,#6368,.T.);
#8043 = ADVANCED_FACE('',(#8044),#6440,.T.);
#8044 = FACE_BOUND('',#8045,.T.);
#8045 = EDGE_LOOP('',(#8046));
#8046 = ORIENTED_EDGE('',*,*,#6423,.T.);
#8047 = ADVANCED_FACE('',(#8048),#6495,.T.);
#8048 = FACE_BOUND('',#8049,.T.);
#8049 = EDGE_LOOP('',(#8050));
#8050 = ORIENTED_EDGE('',*,*,#6478,.T.);
#8051 = ADVANCED_FACE('',(#8052),#6550,.T.);
#8052 = FACE_BOUND('',#8053,.T.);
#8053 = EDGE_LOOP('',(#8054));
#8054 = ORIENTED_EDGE('',*,*,#6533,.T.);
#8055 = ADVANCED_FACE('',(#8056),#6605,.T.);
#8056 = FACE_BOUND('',#8057,.T.);
#8057 = EDGE_LOOP('',(#8058));
#8058 = ORIENTED_EDGE('',*,*,#6588,.T.);
#8059 = ADVANCED_FACE('',(#8060),#6660,.T.);
#8060 = FACE_BOUND('',#8061,.T.);
#8061 = EDGE_LOOP('',(#8062));
#8062 = ORIENTED_EDGE('',*,*,#6643,.T.);
#8063 = ADVANCED_FACE('',(#8064),#6715,.T.);
#8064 = FACE_BOUND('',#8065,.T.);
#8065 = EDGE_LOOP('',(#8066));
#8066 = ORIENTED_EDGE('',*,*,#6698,.T.);
#8067 = ADVANCED_FACE('',(#8068),#6770,.T.);
#8068 = FACE_BOUND('',#8069,.T.);
#8069 = EDGE_LOOP('',(#8070));
#8070 = ORIENTED_EDGE('',*,*,#6753,.T.);
#8071 = ADVANCED_FACE('',(#8072),#6825,.T.);
#8072 = FACE_BOUND('',#8073,.T.);
#8073 = EDGE_LOOP('',(#8074));
#8074 = ORIENTED_EDGE('',*,*,#6808,.T.);
#8075 = ADVANCED_FACE('',(#8076),#6880,.T.);
#8076 = FACE_BOUND('',#8077,.T.);
#8077 = EDGE_LOOP('',(#8078));
#8078 = ORIENTED_EDGE('',*,*,#6863,.T.);
#8079 = ADVANCED_FACE('',(#8080),#6935,.T.);
#8080 = FACE_BOUND('',#8081,.T.);
#8081 = EDGE_LOOP('',(#8082));
#8082 = ORIENTED_EDGE('',*,*,#6918,.T.);
#8083 = ADVANCED_FACE('',(#8084),#7074,.F.);
#8084 = FACE_BOUND('',#8085,.F.);
#8085 = EDGE_LOOP('',(#8086,#8087,#8109));
#8086 = ORIENTED_EDGE('',*,*,#7058,.T.);
#8087 = ORIENTED_EDGE('',*,*,#8088,.T.);
#8088 = EDGE_CURVE('',#7059,#7420,#8089,.T.);
#8089 = SURFACE_CURVE('',#8090,(#8095,#8102),.PCURVE_S1.);
#8090 = CIRCLE('',#8091,6.25);
#8091 = AXIS2_PLACEMENT_3D('',#8092,#8093,#8094);
#8092 = CARTESIAN_POINT('',(90.,13.,49.0000001));
#8093 = DIRECTION('',(1.,0.,0.));
#8094 = DIRECTION('',(0.,1.,0.));
#8095 = PCURVE('',#7074,#8096);
#8096 = DEFINITIONAL_REPRESENTATION('',(#8097),#8101);
#8097 = CIRCLE('',#8098,6.25);
#8098 = AXIS2_PLACEMENT_2D('',#8099,#8100);
#8099 = CARTESIAN_POINT('',(0.,0.));
#8100 = DIRECTION('',(0.,-1.));
#8101 = ( GEOMETRIC_REPRESENTATION_CONTEXT(2) 
PARAMETRIC_REPRESENTATION_CONTEXT() REPRESENTATION_CONTEXT('2D SPACE',''
  ) );
#8102 = PCURVE('',#7255,#8103);
#8103 = DEFINITIONAL_REPRESENTATION('',(#8104),#8108);
#8104 = LINE('',#8105,#8106);
#8105 = CARTESIAN_POINT('',(-0.,-27.));
#8106 = VECTOR('',#8107,1.);
#8107 = DIRECTION('',(-1.,0.));
#8108 = ( GEOMETRIC_REPRESENTATION_CONTEXT(2) 
PARAMETRIC_REPRESENTATION_CONTEXT() REPRESENTATION_CONTEXT('2D SPACE',''
  ) );
#8109 = ORIENTED_EDGE('',*,*,#7442,.T.);
#8110 = ADVANCED_FACE('',(#8111),#7255,.F.);
#8111 = FACE_BOUND('',#8112,.T.);
#8112 = EDGE_LOOP('',(#8113,#8114,#8115,#8116,#8117,#8118));
#8113 = ORIENTED_EDGE('',*,*,#7086,.F.);
#8114 = ORIENTED_EDGE('',*,*,#8088,.T.);
#8115 = ORIENTED_EDGE('',*,*,#7419,.F.);
#8116 = ORIENTED_EDGE('',*,*,#7611,.F.);
#8117 = ORIENTED_EDGE('',*,*,#7488,.F.);
#8118 = ORIENTED_EDGE('',*,*,#8119,.T.);
#8119 = EDGE_CURVE('',#7466,#7087,#8120,.T.);
#8120 = SURFACE_CURVE('',#8121,(#8126,#8133),.PCURVE_S1.);
#8121 = CIRCLE('',#8122,6.25);
#8122 = AXIS2_PLACEMENT_3D('',#8123,#8124,#8125);
#8123 = CARTESIAN_POINT('',(90.,13.,49.0000001));
#8124 = DIRECTION('',(1.,0.,0.));
#8125 = DIRECTION('',(0.,1.,0.));
#8126 = PCURVE('',#7255,#8127);
#8127 = DEFINITIONAL_REPRESENTATION('',(#8128),#8132);
#8128 = LINE('',#8129,#8130);
#8129 = CARTESIAN_POINT('',(-0.,-27.));
#8130 = VECTOR('',#8131,1.);
#8131 = DIRECTION('',(-1.,0.));
#8132 = ( GEOMETRIC_REPRESENTATION_CONTEXT(2) 
PARAMETRIC_REPRESENTATION_CONTEXT() REPRESENTATION_CONTEXT('2D SPACE',''
  ) );
#8133 = PCURVE('',#7369,#8134);
#8134 = DEFINITIONAL_REPRESENTATION('',(#8135),#8139);
#8135 = CIRCLE('',#8136,6.25);
#8136 = AXIS2_PLACEMENT_2D('',#8137,#8138);
#8137 = CARTESIAN_POINT('',(0.,0.));
#8138 = DIRECTION('',(0.,-1.));
#8139 = ( GEOMETRIC_REPRESENTATION_CONTEXT(2) 
PARAMETRIC_REPRESENTATION_CONTEXT() REPRESENTATION_CONTEXT('2D SPACE',''
  ) );
#8140 = ADVANCED_FACE('',(#8141),#7369,.F.);
#8141 = FACE_BOUND('',#8142,.F.);
#8142 = EDGE_LOOP('',(#8143,#8144,#8145));
#8143 = ORIENTED_EDGE('',*,*,#7355,.F.);
#8144 = ORIENTED_EDGE('',*,*,#7465,.T.);
#8145 = ORIENTED_EDGE('',*,*,#8119,.T.);
#8146 = ADVANCED_FACE('',(#8147),#7558,.F.);
#8147 = FACE_BOUND('',#8148,.T.);
#8148 = EDGE_LOOP('',(#8149,#8178,#8199,#8200));
#8149 = ORIENTED_EDGE('',*,*,#8150,.F.);
#8150 = EDGE_CURVE('',#8151,#8151,#8153,.T.);
#8151 = VERTEX_POINT('',#8152);
#8152 = CARTESIAN_POINT('',(80.8,24.,43.6000001));
#8153 = SURFACE_CURVE('',#8154,(#8159,#8166),.PCURVE_S1.);
#8154 = CIRCLE('',#8155,0.8);
#8155 = AXIS2_PLACEMENT_3D('',#8156,#8157,#8158);
#8156 = CARTESIAN_POINT('',(80.,24.,43.6000001));
#8157 = DIRECTION('',(0.,0.,1.));
#8158 = DIRECTION('',(1.,0.,0.));
#8159 = PCURVE('',#7558,#8160);
#8160 = DEFINITIONAL_REPRESENTATION('',(#8161),#8165);
#8161 = LINE('',#8162,#8163);
#8162 = CARTESIAN_POINT('',(-0.,0.));
#8163 = VECTOR('',#8164,1.);
#8164 = DIRECTION('',(-1.,0.));
#8165 = ( GEOMETRIC_REPRESENTATION_CONTEXT(2) 
PARAMETRIC_REPRESENTATION_CONTEXT() REPRESENTATION_CONTEXT('2D SPACE',''
  ) );
#8166 = PCURVE('',#8167,#8172);
#8167 = PLANE('',#8168);
#8168 = AXIS2_PLACEMENT_3D('',#8169,#8170,#8171);
#8169 = CARTESIAN_POINT('',(80.,24.,43.6000001));
#8170 = DIRECTION('',(0.,0.,1.));
#8171 = DIRECTION('',(1.,0.,-0.));
#8172 = DEFINITIONAL_REPRESENTATION('',(#8173),#8177);
#8173 = CIRCLE('',#8174,0.8);
#8174 = AXIS2_PLACEMENT_2D('',#8175,#8176);
#8175 = CARTESIAN_POINT('',(0.,0.));
#8176 = DIRECTION('',(1.,0.));
#8177 = ( GEOMETRIC_REPRESENTATION_CONTEXT(2) 
PARAMETRIC_REPRESENTATION_CONTEXT() REPRESENTATION_CONTEXT('2D SPACE',''
  ) );
#8178 = ORIENTED_EDGE('',*,*,#8179,.T.);
#8179 = EDGE_CURVE('',#8151,#7538,#8180,.T.);
#8180 = SEAM_CURVE('',#8181,(#8185,#8192),.PCURVE_S1.);
#8181 = LINE('',#8182,#8183);
#8182 = CARTESIAN_POINT('',(80.8,24.,43.6000001));
#8183 = VECTOR('',#8184,1.);
#8184 = DIRECTION('',(0.,0.,1.));
#8185 = PCURVE('',#7558,#8186);
#8186 = DEFINITIONAL_REPRESENTATION('',(#8187),#8191);
#8187 = LINE('',#8188,#8189);
#8188 = CARTESIAN_POINT('',(-6.28318530718,0.));
#8189 = VECTOR('',#8190,1.);
#8190 = DIRECTION('',(-0.,-1.));
#8191 = ( GEOMETRIC_REPRESENTATION_CONTEXT(2) 
PARAMETRIC_REPRESENTATION_CONTEXT() REPRESENTATION_CONTEXT('2D SPACE',''
  ) );
#8192 = PCURVE('',#7558,#8193);
#8193 = DEFINITIONAL_REPRESENTATION('',(#8194),#8198);
#8194 = LINE('',#8195,#8196);
#8195 = CARTESIAN_POINT('',(-0.,0.));
#8196 = VECTOR('',#8197,1.);
#8197 = DIRECTION('',(-0.,-1.));
#8198 = ( GEOMETRIC_REPRESENTATION_CONTEXT(2) 
PARAMETRIC_REPRESENTATION_CONTEXT() REPRESENTATION_CONTEXT('2D SPACE',''
  ) );
#8199 = ORIENTED_EDGE('',*,*,#7537,.F.);
#8200 = ORIENTED_EDGE('',*,*,#8179,.F.);
#8201 = ADVANCED_FACE('',(#8202),#7593,.F.);
#8202 = FACE_BOUND('',#8203,.T.);
#8203 = EDGE_LOOP('',(#8204,#8233,#8254,#8255));
#8204 = ORIENTED_EDGE('',*,*,#8205,.F.);
#8205 = EDGE_CURVE('',#8206,#8206,#8208,.T.);
#8206 = VERTEX_POINT('',#8207);
#8207 = CARTESIAN_POINT('',(66.8,24.,43.6000001));
#8208 = SURFACE_CURVE('',#8209,(#8214,#8221),.PCURVE_S1.);
#8209 = CIRCLE('',#8210,0.8);
#8210 = AXIS2_PLACEMENT_3D('',#8211,#8212,#8213);
#8211 = CARTESIAN_POINT('',(66.,24.,43.6000001));
#8212 = DIRECTION('',(0.,0.,1.));
#8213 = DIRECTION('',(1.,0.,0.));
#8214 = PCURVE('',#7593,#8215);
#8215 = DEFINITIONAL_REPRESENTATION('',(#8216),#8220);
#8216 = LINE('',#8217,#8218);
#8217 = CARTESIAN_POINT('',(-0.,0.));
#8218 = VECTOR('',#8219,1.);
#8219 = DIRECTION('',(-1.,0.));
#8220 = ( GEOMETRIC_REPRESENTATION_CONTEXT(2) 
PARAMETRIC_REPRESENTATION_CONTEXT() REPRESENTATION_CONTEXT('2D SPACE',''
  ) );
#8221 = PCURVE('',#8222,#8227);
#8222 = PLANE('',#8223);
#8223 = AXIS2_PLACEMENT_3D('',#8224,#8225,#8226);
#8224 = CARTESIAN_POINT('',(66.,24.,43.6000001));
#8225 = DIRECTION('',(0.,0.,1.));
#8226 = DIRECTION('',(1.,0.,-0.));
#8227 = DEFINITIONAL_REPRESENTATION('',(#8228),#8232);
#8228 = CIRCLE('',#8229,0.8);
#8229 = AXIS2_PLACEMENT_2D('',#8230,#8231);
#8230 = CARTESIAN_POINT('',(0.,0.));
#8231 = DIRECTION('',(1.,0.));
#8232 = ( GEOMETRIC_REPRESENTATION_CONTEXT(2) 
PARAMETRIC_REPRESENTATION_CONTEXT() REPRESENTATION_CONTEXT('2D SPACE',''
  ) );
#8233 = ORIENTED_EDGE('',*,*,#8234,.T.);
#8234 = EDGE_CURVE('',#8206,#7573,#8235,.T.);
#8235 = SEAM_CURVE('',#8236,(#8240,#8247),.PCURVE_S1.);
#8236 = LINE('',#8237,#8238);
#8237 = CARTESIAN_POINT('',(66.8,24.,43.6000001));
#8238 = VECTOR('',#8239,1.);
#8239 = DIRECTION('',(0.,0.,1.));
#8240 = PCURVE('',#7593,#8241);
#8241 = DEFINITIONAL_REPRESENTATION('',(#8242),#8246);
#8242 = LINE('',#8243,#8244);
#8243 = CARTESIAN_POINT('',(-6.28318530718,0.));
#8244 = VECTOR('',#8245,1.);
#8245 = DIRECTION('',(-0.,-1.));
#8246 = ( GEOMETRIC_REPRESENTATION_CONTEXT(2) 
PARAMETRIC_REPRESENTATION_CONTEXT() REPRESENTATION_CONTEXT('2D SPACE',''
  ) );
#8247 = PCURVE('',#7593,#8248);
#8248 = DEFINITIONAL_REPRESENTATION('',(#8249),#8253);
#8249 = LINE('',#8250,#8251);
#8250 = CARTESIAN_POINT('',(-0.,0.));
#8251 = VECTOR('',#8252,1.);
#8252 = DIRECTION('',(-0.,-1.));
#8253 = ( GEOMETRIC_REPRESENTATION_CONTEXT(2) 
PARAMETRIC_REPRESENTATION_CONTEXT() REPRESENTATION_CONTEXT('2D SPACE',''
  ) );
#8254 = ORIENTED_EDGE('',*,*,#7572,.F.);
#8255 = ORIENTED_EDGE('',*,*,#8234,.F.);
#8256 = ADVANCED_FACE('',(#8257),#8167,.T.);
#8257 = FACE_BOUND('',#8258,.T.);
#8258 = EDGE_LOOP('',(#8259));
#8259 = ORIENTED_EDGE('',*,*,#8150,.T.);
#8260 = ADVANCED_FACE('',(#8261),#8222,.T.);
#8261 = FACE_BOUND('',#8262,.T.);
#8262 = EDGE_LOOP('',(#8263));
#8263 = ORIENTED_EDGE('',*,*,#8205,.T.);
#8264 = ORIENTED_CLOSED_SHELL('',*,#8265,.F.);
#8265 = CLOSED_SHELL('',(#8266,#8358,#8362));
#8266 = ADVANCED_FACE('',(#8267),#8280,.T.);
#8267 = FACE_BOUND('',#8268,.F.);
#8268 = EDGE_LOOP('',(#8269,#8303,#8326,#8357));
#8269 = ORIENTED_EDGE('',*,*,#8270,.F.);
#8270 = EDGE_CURVE('',#8271,#8271,#8273,.T.);
#8271 = VERTEX_POINT('',#8272);
#8272 = CARTESIAN_POINT('',(120.1,8.75,31.6000001));
#8273 = SURFACE_CURVE('',#8274,(#8279,#8291),.PCURVE_S1.);
#8274 = CIRCLE('',#8275,0.8);
#8275 = AXIS2_PLACEMENT_3D('',#8276,#8277,#8278);
#8276 = CARTESIAN_POINT('',(119.3,8.75,31.6000001));
#8277 = DIRECTION('',(0.,0.,1.));
#8278 = DIRECTION('',(1.,0.,0.));
#8279 = PCURVE('',#8280,#8285);
#8280 = CYLINDRICAL_SURFACE('',#8281,0.8);
#8281 = AXIS2_PLACEMENT_3D('',#8282,#8283,#8284);
#8282 = CARTESIAN_POINT('',(119.3,8.75,31.6000001));
#8283 = DIRECTION('',(-0.,-0.,-1.));
#8284 = DIRECTION('',(1.,0.,0.));
#8285 = DEFINITIONAL_REPRESENTATION('',(#8286),#8290);
#8286 = LINE('',#8287,#8288);
#8287 = CARTESIAN_POINT('',(-0.,0.));
#8288 = VECTOR('',#8289,1.);
#8289 = DIRECTION('',(-1.,0.));
#8290 = ( GEOMETRIC_REPRESENTATION_CONTEXT(2) 
PARAMETRIC_REPRESENTATION_CONTEXT() REPRESENTATION_CONTEXT('2D SPACE',''
  ) );
#8291 = PCURVE('',#8292,#8297);
#8292 = PLANE('',#8293);
#8293 = AXIS2_PLACEMENT_3D('',#8294,#8295,#8296);
#8294 = CARTESIAN_POINT('',(119.3,8.75,31.6000001));
#8295 = DIRECTION('',(0.,0.,1.));
#8296 = DIRECTION('',(1.,0.,-0.));
#8297 = DEFINITIONAL_REPRESENTATION('',(#8298),#8302);
#8298 = CIRCLE('',#8299,0.8);
#8299 = AXIS2_PLACEMENT_2D('',#8300,#8301);
#8300 = CARTESIAN_POINT('',(-1.42108547152E-14,0.));
#8301 = DIRECTION('',(1.,0.));
#8302 = ( GEOMETRIC_REPRESENTATION_CONTEXT(2) 
PARAMETRIC_REPRESENTATION_CONTEXT() REPRESENTATION_CONTEXT('2D SPACE',''
  ) );
#8303 = ORIENTED_EDGE('',*,*,#8304,.T.);
#8304 = EDGE_CURVE('',#8271,#8305,#8307,.T.);
#8305 = VERTEX_POINT('',#8306);
#8306 = CARTESIAN_POINT('',(120.1,8.75,31.9000001));
#8307 = SEAM_CURVE('',#8308,(#8312,#8319),.PCURVE_S1.);
#8308 = LINE('',#8309,#8310);
#8309 = CARTESIAN_POINT('',(120.1,8.75,31.6000001));
#8310 = VECTOR('',#8311,1.);
#8311 = DIRECTION('',(0.,0.,1.));
#8312 = PCURVE('',#8280,#8313);
#8313 = DEFINITIONAL_REPRESENTATION('',(#8314),#8318);
#8314 = LINE('',#8315,#8316);
#8315 = CARTESIAN_POINT('',(-6.28318530718,0.));
#8316 = VECTOR('',#8317,1.);
#8317 = DIRECTION('',(-0.,-1.));
#8318 = ( GEOMETRIC_REPRESENTATION_CONTEXT(2) 
PARAMETRIC_REPRESENTATION_CONTEXT() REPRESENTATION_CONTEXT('2D SPACE',''
  ) );
#8319 = PCURVE('',#8280,#8320);
#8320 = DEFINITIONAL_REPRESENTATION('',(#8321),#8325);
#8321 = LINE('',#8322,#8323);
#8322 = CARTESIAN_POINT('',(-0.,0.));
#8323 = VECTOR('',#8324,1.);
#8324 = DIRECTION('',(-0.,-1.));
#8325 = ( GEOMETRIC_REPRESENTATION_CONTEXT(2) 
PARAMETRIC_REPRESENTATION_CONTEXT() REPRESENTATION_CONTEXT('2D SPACE',''
  ) );
#8326 = ORIENTED_EDGE('',*,*,#8327,.F.);
#8327 = EDGE_CURVE('',#8305,#8305,#8328,.T.);
#8328 = SURFACE_CURVE('',#8329,(#8334,#8341),.PCURVE_S1.);
#8329 = CIRCLE('',#8330,0.8);
#8330 = AXIS2_PLACEMENT_3D('',#8331,#8332,#8333);
#8331 = CARTESIAN_POINT('',(119.3,8.75,31.9000001));
#8332 = DIRECTION('',(0.,0.,-1.));
#8333 = DIRECTION('',(1.,0.,0.));
#8334 = PCURVE('',#8280,#8335);
#8335 = DEFINITIONAL_REPRESENTATION('',(#8336),#8340);
#8336 = LINE('',#8337,#8338);
#8337 = CARTESIAN_POINT('',(-6.28318530718,-0.3));
#8338 = VECTOR('',#8339,1.);
#8339 = DIRECTION('',(1.,-0.));
#8340 = ( GEOMETRIC_REPRESENTATION_CONTEXT(2) 
PARAMETRIC_REPRESENTATION_CONTEXT() REPRESENTATION_CONTEXT('2D SPACE',''
  ) );
#8341 = PCURVE('',#8342,#8347);
#8342 = PLANE('',#8343);
#8343 = AXIS2_PLACEMENT_3D('',#8344,#8345,#8346);
#8344 = CARTESIAN_POINT('',(0.,0.,31.9000001));
#8345 = DIRECTION('',(0.,0.,1.));
#8346 = DIRECTION('',(1.,0.,0.));
#8347 = DEFINITIONAL_REPRESENTATION('',(#8348),#8356);
#8348 = ( BOUNDED_CURVE() B_SPLINE_CURVE(2,(#8349,#8350,#8351,#8352,
#8353,#8354,#8355),.UNSPECIFIED.,.T.,.F.) B_SPLINE_CURVE_WITH_KNOTS((1,2
    ,2,2,2,1),(-2.094395102393,0.,2.094395102393,4.188790204786,
6.28318530718,8.377580409573),.UNSPECIFIED.) CURVE() 
GEOMETRIC_REPRESENTATION_ITEM() RATIONAL_B_SPLINE_CURVE((1.,0.5,1.,0.5,
1.,0.5,1.)) REPRESENTATION_ITEM('') );
#8349 = CARTESIAN_POINT('',(120.1,8.75));
#8350 = CARTESIAN_POINT('',(120.1,7.364359353945));
#8351 = CARTESIAN_POINT('',(118.9,8.057179676972));
#8352 = CARTESIAN_POINT('',(117.7,8.75));
#8353 = CARTESIAN_POINT('',(118.9,9.442820323028));
#8354 = CARTESIAN_POINT('',(120.1,10.135640646055));
#8355 = CARTESIAN_POINT('',(120.1,8.75));
#8356 = ( GEOMETRIC_REPRESENTATION_CONTEXT(2) 
PARAMETRIC_REPRESENTATION_CONTEXT() REPRESENTATION_CONTEXT('2D SPACE',''
  ) );
#8357 = ORIENTED_EDGE('',*,*,#8304,.F.);
#8358 = ADVANCED_FACE('',(#8359),#8292,.F.);
#8359 = FACE_BOUND('',#8360,.F.);
#8360 = EDGE_LOOP('',(#8361));
#8361 = ORIENTED_EDGE('',*,*,#8270,.T.);
#8362 = ADVANCED_FACE('',(#8363),#8342,.T.);
#8363 = FACE_BOUND('',#8364,.T.);
#8364 = EDGE_LOOP('',(#8365));
#8365 = ORIENTED_EDGE('',*,*,#8327,.F.);
#8366 = ORIENTED_CLOSED_SHELL('',*,#8367,.F.);
#8367 = CLOSED_SHELL('',(#8368,#8460,#8464));
#8368 = ADVANCED_FACE('',(#8369),#8382,.T.);
#8369 = FACE_BOUND('',#8370,.F.);
#8370 = EDGE_LOOP('',(#8371,#8405,#8428,#8459));
#8371 = ORIENTED_EDGE('',*,*,#8372,.F.);
#8372 = EDGE_CURVE('',#8373,#8373,#8375,.T.);
#8373 = VERTEX_POINT('',#8374);
#8374 = CARTESIAN_POINT('',(132.2,8.75,31.6000001));
#8375 = SURFACE_CURVE('',#8376,(#8381,#8393),.PCURVE_S1.);
#8376 = CIRCLE('',#8377,0.8);
#8377 = AXIS2_PLACEMENT_3D('',#8378,#8379,#8380);
#8378 = CARTESIAN_POINT('',(131.4,8.75,31.6000001));
#8379 = DIRECTION('',(0.,0.,1.));
#8380 = DIRECTION('',(1.,0.,0.));
#8381 = PCURVE('',#8382,#8387);
#8382 = CYLINDRICAL_SURFACE('',#8383,0.8);
#8383 = AXIS2_PLACEMENT_3D('',#8384,#8385,#8386);
#8384 = CARTESIAN_POINT('',(131.4,8.75,31.6000001));
#8385 = DIRECTION('',(-0.,-0.,-1.));
#8386 = DIRECTION('',(1.,0.,0.));
#8387 = DEFINITIONAL_REPRESENTATION('',(#8388),#8392);
#8388 = LINE('',#8389,#8390);
#8389 = CARTESIAN_POINT('',(-0.,0.));
#8390 = VECTOR('',#8391,1.);
#8391 = DIRECTION('',(-1.,0.));
#8392 = ( GEOMETRIC_REPRESENTATION_CONTEXT(2) 
PARAMETRIC_REPRESENTATION_CONTEXT() REPRESENTATION_CONTEXT('2D SPACE',''
  ) );
#8393 = PCURVE('',#8394,#8399);
#8394 = PLANE('',#8395);
#8395 = AXIS2_PLACEMENT_3D('',#8396,#8397,#8398);
#8396 = CARTESIAN_POINT('',(131.4,8.75,31.6000001));
#8397 = DIRECTION('',(0.,0.,1.));
#8398 = DIRECTION('',(1.,0.,-0.));
#8399 = DEFINITIONAL_REPRESENTATION('',(#8400),#8404);
#8400 = CIRCLE('',#8401,0.8);
#8401 = AXIS2_PLACEMENT_2D('',#8402,#8403);
#8402 = CARTESIAN_POINT('',(-2.84217094304E-14,0.));
#8403 = DIRECTION('',(1.,0.));
#8404 = ( GEOMETRIC_REPRESENTATION_CONTEXT(2) 
PARAMETRIC_REPRESENTATION_CONTEXT() REPRESENTATION_CONTEXT('2D SPACE',''
  ) );
#8405 = ORIENTED_EDGE('',*,*,#8406,.T.);
#8406 = EDGE_CURVE('',#8373,#8407,#8409,.T.);
#8407 = VERTEX_POINT('',#8408);
#8408 = CARTESIAN_POINT('',(132.2,8.75,31.9000001));
#8409 = SEAM_CURVE('',#8410,(#8414,#8421),.PCURVE_S1.);
#8410 = LINE('',#8411,#8412);
#8411 = CARTESIAN_POINT('',(132.2,8.75,31.6000001));
#8412 = VECTOR('',#8413,1.);
#8413 = DIRECTION('',(0.,0.,1.));
#8414 = PCURVE('',#8382,#8415);
#8415 = DEFINITIONAL_REPRESENTATION('',(#8416),#8420);
#8416 = LINE('',#8417,#8418);
#8417 = CARTESIAN_POINT('',(-6.28318530718,0.));
#8418 = VECTOR('',#8419,1.);
#8419 = DIRECTION('',(-0.,-1.));
#8420 = ( GEOMETRIC_REPRESENTATION_CONTEXT(2) 
PARAMETRIC_REPRESENTATION_CONTEXT() REPRESENTATION_CONTEXT('2D SPACE',''
  ) );
#8421 = PCURVE('',#8382,#8422);
#8422 = DEFINITIONAL_REPRESENTATION('',(#8423),#8427);
#8423 = LINE('',#8424,#8425);
#8424 = CARTESIAN_POINT('',(-0.,0.));
#8425 = VECTOR('',#8426,1.);
#8426 = DIRECTION('',(-0.,-1.));
#8427 = ( GEOMETRIC_REPRESENTATION_CONTEXT(2) 
PARAMETRIC_REPRESENTATION_CONTEXT() REPRESENTATION_CONTEXT('2D SPACE',''
  ) );
#8428 = ORIENTED_EDGE('',*,*,#8429,.F.);
#8429 = EDGE_CURVE('',#8407,#8407,#8430,.T.);
#8430 = SURFACE_CURVE('',#8431,(#8436,#8443),.PCURVE_S1.);
#8431 = CIRCLE('',#8432,0.8);
#8432 = AXIS2_PLACEMENT_3D('',#8433,#8434,#8435);
#8433 = CARTESIAN_POINT('',(131.4,8.75,31.9000001));
#8434 = DIRECTION('',(0.,0.,-1.));
#8435 = DIRECTION('',(1.,0.,0.));
#8436 = PCURVE('',#8382,#8437);
#8437 = DEFINITIONAL_REPRESENTATION('',(#8438),#8442);
#8438 = LINE('',#8439,#8440);
#8439 = CARTESIAN_POINT('',(-6.28318530718,-0.3));
#8440 = VECTOR('',#8441,1.);
#8441 = DIRECTION('',(1.,-0.));
#8442 = ( GEOMETRIC_REPRESENTATION_CONTEXT(2) 
PARAMETRIC_REPRESENTATION_CONTEXT() REPRESENTATION_CONTEXT('2D SPACE',''
  ) );
#8443 = PCURVE('',#8444,#8449);
#8444 = PLANE('',#8445);
#8445 = AXIS2_PLACEMENT_3D('',#8446,#8447,#8448);
#8446 = CARTESIAN_POINT('',(0.,0.,31.9000001));
#8447 = DIRECTION('',(0.,0.,1.));
#8448 = DIRECTION('',(1.,0.,0.));
#8449 = DEFINITIONAL_REPRESENTATION('',(#8450),#8458);
#8450 = ( BOUNDED_CURVE() B_SPLINE_CURVE(2,(#8451,#8452,#8453,#8454,
#8455,#8456,#8457),.UNSPECIFIED.,.T.,.F.) B_SPLINE_CURVE_WITH_KNOTS((1,2
    ,2,2,2,1),(-2.094395102393,0.,2.094395102393,4.188790204786,
6.28318530718,8.377580409573),.UNSPECIFIED.) CURVE() 
GEOMETRIC_REPRESENTATION_ITEM() RATIONAL_B_SPLINE_CURVE((1.,0.5,1.,0.5,
1.,0.5,1.)) REPRESENTATION_ITEM('') );
#8451 = CARTESIAN_POINT('',(132.2,8.75));
#8452 = CARTESIAN_POINT('',(132.2,7.364359353945));
#8453 = CARTESIAN_POINT('',(131.,8.057179676972));
#8454 = CARTESIAN_POINT('',(129.8,8.75));
#8455 = CARTESIAN_POINT('',(131.,9.442820323028));
#8456 = CARTESIAN_POINT('',(132.2,10.135640646055));
#8457 = CARTESIAN_POINT('',(132.2,8.75));
#8458 = ( GEOMETRIC_REPRESENTATION_CONTEXT(2) 
PARAMETRIC_REPRESENTATION_CONTEXT() REPRESENTATION_CONTEXT('2D SPACE',''
  ) );
#8459 = ORIENTED_EDGE('',*,*,#8406,.F.);
#8460 = ADVANCED_FACE('',(#8461),#8394,.F.);
#8461 = FACE_BOUND('',#8462,.F.);
#8462 = EDGE_LOOP('',(#8463));
#8463 = ORIENTED_EDGE('',*,*,#8372,.T.);
#8464 = ADVANCED_FACE('',(#8465),#8444,.T.);
#8465 = FACE_BOUND('',#8466,.T.);
#8466 = EDGE_LOOP('',(#8467));
#8467 = ORIENTED_EDGE('',*,*,#8429,.F.);
#8468 = ( GEOMETRIC_REPRESENTATION_CONTEXT(3) 
GLOBAL_UNCERTAINTY_ASSIGNED_CONTEXT((#8472)) 
GLOBAL_UNIT_ASSIGNED_CONTEXT((#8469,#8470,#8471)) REPRESENTATION_CONTEXT
('Context #1','3D Context with UNIT and UNCERTAINTY') );
#8469 = ( LENGTH_UNIT() NAMED_UNIT(*) SI_UNIT(.MILLI.,.METRE.) );
#8470 = ( NAMED_UNIT(*) PLANE_ANGLE_UNIT() SI_UNIT($,.RADIAN.) );
#8471 = ( NAMED_UNIT(*) SI_UNIT($,.STERADIAN.) SOLID_ANGLE_UNIT() );
#8472 = UNCERTAINTY_MEASURE_WITH_UNIT(LENGTH_MEASURE(1.E-07),#8469,
  'distance_accuracy_value','confusion accuracy');
#8473 = PRODUCT_RELATED_PRODUCT_CATEGORY('part',$,(#7));
ENDSEC;
END-ISO-10303-21;
