ISO-10303-21;
HEADER;
FILE_DESCRIPTION(('Open CASCADE Model'),'2;1');
FILE_NAME('Open CASCADE Shape Model','2026-10-01T13:56:44',('Author'),(
    'Open CASCADE'),'Open CASCADE STEP processor 7.8','Open CASCADE 7.8'
  ,'Unknown');
FILE_SCHEMA(('AUTOMOTIVE_DESIGN { 1 0 10303 214 1 1 1 1 }'));
ENDSEC;
DATA;
#1 = APPLICATION_PROTOCOL_DEFINITION('international standard',
  'automotive_design',2000,#2);
#2 = APPLICATION_CONTEXT(
  'core data for automotive mechanical design processes');
#3 = SHAPE_DEFINITION_REPRESENTATION(#4,#10);
#4 = PRODUCT_DEFINITION_SHAPE('','',#5);
#5 = PRODUCT_DEFINITION('design','',#6,#9);
#6 = PRODUCT_DEFINITION_FORMATION('','',#7);
#7 = PRODUCT('Open CASCADE STEP translator 7.8 3',
  'Open CASCADE STEP translator 7.8 3','',(#8));
#8 = PRODUCT_CONTEXT('',#2,'mechanical');
#9 = PRODUCT_DEFINITION_CONTEXT('part definition',#2,'design');
#10 = ADVANCED_BREP_SHAPE_REPRESENTATION('',(#11,#15),#8748);
#11 = AXIS2_PLACEMENT_3D('',#12,#13,#14);
#12 = CARTESIAN_POINT('',(0.,0.,0.));
#13 = DIRECTION('',(0.,0.,1.));
#14 = DIRECTION('',(1.,0.,-0.));
#15 = MANIFOLD_SOLID_BREP('',#16);
#16 = CLOSED_SHELL('',(#17,#231,#445,#1013,#1062,#1111,#2191,#2240,#2355
    ,#2595,#2644,#2728,#2755,#3078,#3133,#3188,#3243,#3298,#3375,#3670,
    #3719,#3773,#3827,#4044,#4093,#4203,#4257,#4306,#4355,#4387,#4442,
    #4497,#4552,#4607,#4662,#4717,#4772,#4779,#4856,#4905,#4955,#5004,
    #5054,#5103,#5157,#5184,#5263,#5776,#5780,#5787,#5791,#5795,#6520,
    #6592,#6641,#6691,#6740,#6790,#6839,#6889,#6916,#7016,#7116,#7165,
    #7214,#7285,#7369,#7376,#7380,#7384,#7388,#7392,#7396,#7400,#7404,
    #7425,#7434,#7491,#7546,#7622,#7671,#7720,#7747,#7823,#7872,#7921,
    #7948,#8003,#8058,#8134,#8183,#8232,#8259,#8314,#8390,#8439,#8488,
    #8515,#8570,#8625,#8632,#8639,#8689,#8696,#8700,#8707,#8714,#8718,
    #8722,#8729,#8733,#8740,#8744));
#17 = ADVANCED_FACE('',(#18),#32,.F.);
#18 = FACE_BOUND('',#19,.F.);
#19 = EDGE_LOOP('',(#20,#55,#88,#116,#149,#177,#205));
#20 = ORIENTED_EDGE('',*,*,#21,.F.);
#21 = EDGE_CURVE('',#22,#24,#26,.T.);
#22 = VERTEX_POINT('',#23);
#23 = CARTESIAN_POINT('',(9.999999939225E-08,9.999999939225E-08,
    27.983866869659));
#24 = VERTEX_POINT('',#25);
#25 = CARTESIAN_POINT('',(9.999999939225E-08,9.999999939225E-08,
    61.0000001));
#26 = SURFACE_CURVE('',#27,(#31,#43),.PCURVE_S1.);
#27 = LINE('',#28,#29);
#28 = CARTESIAN_POINT('',(9.999999406318E-08,9.999999939225E-08,
    1.000000011686E-07));
#29 = VECTOR('',#30,1.);
#30 = DIRECTION('',(0.,0.,1.));
#31 = PCURVE('',#32,#37);
#32 = PLANE('',#33);
#33 = AXIS2_PLACEMENT_3D('',#34,#35,#36);
#34 = CARTESIAN_POINT('',(9.999999406318E-08,9.999999939225E-08,
    1.000000011686E-07));
#35 = DIRECTION('',(1.,0.,0.));
#36 = DIRECTION('',(0.,0.,1.));
#37 = DEFINITIONAL_REPRESENTATION('',(#38),#42);
#38 = LINE('',#39,#40);
#39 = CARTESIAN_POINT('',(0.,0.));
#40 = VECTOR('',#41,1.);
#41 = DIRECTION('',(1.,0.));
#42 = ( GEOMETRIC_REPRESENTATION_CONTEXT(2) 
PARAMETRIC_REPRESENTATION_CONTEXT() REPRESENTATION_CONTEXT('2D SPACE',''
  ) );
#43 = PCURVE('',#44,#49);
#44 = PLANE('',#45);
#45 = AXIS2_PLACEMENT_3D('',#46,#47,#48);
#46 = CARTESIAN_POINT('',(9.999999406318E-08,9.999999939225E-08,
    1.000000011686E-07));
#47 = DIRECTION('',(0.,1.,0.));
#48 = DIRECTION('',(0.,0.,1.));
#49 = DEFINITIONAL_REPRESENTATION('',(#50),#54);
#50 = LINE('',#51,#52);
#51 = CARTESIAN_POINT('',(0.,0.));
#52 = VECTOR('',#53,1.);
#53 = DIRECTION('',(1.,0.));
#54 = ( GEOMETRIC_REPRESENTATION_CONTEXT(2) 
PARAMETRIC_REPRESENTATION_CONTEXT() REPRESENTATION_CONTEXT('2D SPACE',''
  ) );
#55 = ORIENTED_EDGE('',*,*,#56,.T.);
#56 = EDGE_CURVE('',#22,#57,#59,.T.);
#57 = VERTEX_POINT('',#58);
#58 = CARTESIAN_POINT('',(9.999999939225E-08,14.3000001,30.998676544826)
  );
#59 = SURFACE_CURVE('',#60,(#65,#76),.PCURVE_S1.);
#60 = CIRCLE('',#61,34.);
#61 = AXIS2_PLACEMENT_3D('',#62,#63,#64);
#62 = CARTESIAN_POINT('',(9.999999939225E-08,14.0000001,-2.9999999));
#63 = DIRECTION('',(-1.,0.,0.));
#64 = DIRECTION('',(0.,1.,0.));
#65 = PCURVE('',#32,#66);
#66 = DEFINITIONAL_REPRESENTATION('',(#67),#75);
#67 = ( BOUNDED_CURVE() B_SPLINE_CURVE(2,(#68,#69,#70,#71,#72,#73,#74),
.UNSPECIFIED.,.T.,.F.) B_SPLINE_CURVE_WITH_KNOTS((1,2,2,2,2,1),(
    -2.094395102393,0.,2.094395102393,4.188790204786,6.28318530718,
8.377580409573),.UNSPECIFIED.) CURVE() GEOMETRIC_REPRESENTATION_ITEM() 
RATIONAL_B_SPLINE_CURVE((1.,0.5,1.,0.5,1.,0.5,1.)) REPRESENTATION_ITEM(
  '') );
#68 = CARTESIAN_POINT('',(-3.,-48.));
#69 = CARTESIAN_POINT('',(-61.88972745734,-48.));
#70 = CARTESIAN_POINT('',(-32.44486372867,3.));
#71 = CARTESIAN_POINT('',(-3.,54.));
#72 = CARTESIAN_POINT('',(26.444863728671,3.));
#73 = CARTESIAN_POINT('',(55.889727457342,-48.));
#74 = CARTESIAN_POINT('',(-3.,-48.));
#75 = ( GEOMETRIC_REPRESENTATION_CONTEXT(2) 
PARAMETRIC_REPRESENTATION_CONTEXT() REPRESENTATION_CONTEXT('2D SPACE',''
  ) );
#76 = PCURVE('',#77,#82);
#77 = CYLINDRICAL_SURFACE('',#78,34.);
#78 = AXIS2_PLACEMENT_3D('',#79,#80,#81);
#79 = CARTESIAN_POINT('',(-10.9999999,14.0000001,-2.9999999));
#80 = DIRECTION('',(-1.,-0.,-0.));
#81 = DIRECTION('',(0.,1.,0.));
#82 = DEFINITIONAL_REPRESENTATION('',(#83),#87);
#83 = LINE('',#84,#85);
#84 = CARTESIAN_POINT('',(-6.28318530718,-11.));
#85 = VECTOR('',#86,1.);
#86 = DIRECTION('',(1.,-0.));
#87 = ( GEOMETRIC_REPRESENTATION_CONTEXT(2) 
PARAMETRIC_REPRESENTATION_CONTEXT() REPRESENTATION_CONTEXT('2D SPACE',''
  ) );
#88 = ORIENTED_EDGE('',*,*,#89,.F.);
#89 = EDGE_CURVE('',#90,#57,#92,.T.);
#90 = VERTEX_POINT('',#91);
#91 = CARTESIAN_POINT('',(9.999999939225E-08,14.3000001,28.9985938191));
#92 = SURFACE_CURVE('',#93,(#97,#104),.PCURVE_S1.);
#93 = LINE('',#94,#95);
#94 = CARTESIAN_POINT('',(9.999999939225E-08,14.3000001,-101.4999999));
#95 = VECTOR('',#96,1.);
#96 = DIRECTION('',(0.,0.,1.));
#97 = PCURVE('',#32,#98);
#98 = DEFINITIONAL_REPRESENTATION('',(#99),#103);
#99 = LINE('',#100,#101);
#100 = CARTESIAN_POINT('',(-101.5,-14.3));
#101 = VECTOR('',#102,1.);
#102 = DIRECTION('',(1.,0.));
#103 = ( GEOMETRIC_REPRESENTATION_CONTEXT(2) 
PARAMETRIC_REPRESENTATION_CONTEXT() REPRESENTATION_CONTEXT('2D SPACE',''
  ) );
#104 = PCURVE('',#105,#110);
#105 = PLANE('',#106);
#106 = AXIS2_PLACEMENT_3D('',#107,#108,#109);
#107 = CARTESIAN_POINT('',(-19.9999999,14.3000001,-202.9999999));
#108 = DIRECTION('',(0.,1.,0.));
#109 = DIRECTION('',(0.,0.,1.));
#110 = DEFINITIONAL_REPRESENTATION('',(#111),#115);
#111 = LINE('',#112,#113);
#112 = CARTESIAN_POINT('',(101.5,20.));
#113 = VECTOR('',#114,1.);
#114 = DIRECTION('',(1.,0.));
#115 = ( GEOMETRIC_REPRESENTATION_CONTEXT(2) 
PARAMETRIC_REPRESENTATION_CONTEXT() REPRESENTATION_CONTEXT('2D SPACE',''
  ) );
#116 = ORIENTED_EDGE('',*,*,#117,.T.);
#117 = EDGE_CURVE('',#90,#118,#120,.T.);
#118 = VERTEX_POINT('',#119);
#119 = CARTESIAN_POINT('',(9.999999939225E-08,45.859064744148,
    9.999999983634E-08));
#120 = SURFACE_CURVE('',#121,(#126,#137),.PCURVE_S1.);
#121 = CIRCLE('',#122,32.);
#122 = AXIS2_PLACEMENT_3D('',#123,#124,#125);
#123 = CARTESIAN_POINT('',(9.999999939225E-08,14.0000001,-2.9999999));
#124 = DIRECTION('',(-1.,0.,0.));
#125 = DIRECTION('',(0.,1.,0.));
#126 = PCURVE('',#32,#127);
#127 = DEFINITIONAL_REPRESENTATION('',(#128),#136);
#128 = ( BOUNDED_CURVE() B_SPLINE_CURVE(2,(#129,#130,#131,#132,#133,#134
,#135),.UNSPECIFIED.,.T.,.F.) B_SPLINE_CURVE_WITH_KNOTS((1,2,2,2,2,1),(
    -2.094395102393,0.,2.094395102393,4.188790204786,6.28318530718,
8.377580409573),.UNSPECIFIED.) CURVE() GEOMETRIC_REPRESENTATION_ITEM() 
RATIONAL_B_SPLINE_CURVE((1.,0.5,1.,0.5,1.,0.5,1.)) REPRESENTATION_ITEM(
  '') );
#129 = CARTESIAN_POINT('',(-3.,-46.));
#130 = CARTESIAN_POINT('',(-58.4256258422,-46.));
#131 = CARTESIAN_POINT('',(-30.7128129211,2.));
#132 = CARTESIAN_POINT('',(-3.,50.));
#133 = CARTESIAN_POINT('',(24.712812921102,2.));
#134 = CARTESIAN_POINT('',(52.425625842204,-46.));
#135 = CARTESIAN_POINT('',(-3.,-46.));
#136 = ( GEOMETRIC_REPRESENTATION_CONTEXT(2) 
PARAMETRIC_REPRESENTATION_CONTEXT() REPRESENTATION_CONTEXT('2D SPACE',''
  ) );
#137 = PCURVE('',#138,#143);
#138 = CYLINDRICAL_SURFACE('',#139,32.);
#139 = AXIS2_PLACEMENT_3D('',#140,#141,#142);
#140 = CARTESIAN_POINT('',(-10.9999999,14.0000001,-2.9999999));
#141 = DIRECTION('',(-1.,-0.,-0.));
#142 = DIRECTION('',(0.,1.,0.));
#143 = DEFINITIONAL_REPRESENTATION('',(#144),#148);
#144 = LINE('',#145,#146);
#145 = CARTESIAN_POINT('',(-6.28318530718,-11.));
#146 = VECTOR('',#147,1.);
#147 = DIRECTION('',(1.,-0.));
#148 = ( GEOMETRIC_REPRESENTATION_CONTEXT(2) 
PARAMETRIC_REPRESENTATION_CONTEXT() REPRESENTATION_CONTEXT('2D SPACE',''
  ) );
#149 = ORIENTED_EDGE('',*,*,#150,.T.);
#150 = EDGE_CURVE('',#118,#151,#153,.T.);
#151 = VERTEX_POINT('',#152);
#152 = CARTESIAN_POINT('',(9.999999939225E-08,57.0000001,
    9.999999983634E-08));
#153 = SURFACE_CURVE('',#154,(#158,#165),.PCURVE_S1.);
#154 = LINE('',#155,#156);
#155 = CARTESIAN_POINT('',(9.999999406318E-08,9.999999939225E-08,
    1.000000011686E-07));
#156 = VECTOR('',#157,1.);
#157 = DIRECTION('',(0.,1.,0.));
#158 = PCURVE('',#32,#159);
#159 = DEFINITIONAL_REPRESENTATION('',(#160),#164);
#160 = LINE('',#161,#162);
#161 = CARTESIAN_POINT('',(0.,0.));
#162 = VECTOR('',#163,1.);
#163 = DIRECTION('',(0.,-1.));
#164 = ( GEOMETRIC_REPRESENTATION_CONTEXT(2) 
PARAMETRIC_REPRESENTATION_CONTEXT() REPRESENTATION_CONTEXT('2D SPACE',''
  ) );
#165 = PCURVE('',#166,#171);
#166 = PLANE('',#167);
#167 = AXIS2_PLACEMENT_3D('',#168,#169,#170);
#168 = CARTESIAN_POINT('',(9.999999406318E-08,9.999999939225E-08,
    1.000000011686E-07));
#169 = DIRECTION('',(0.,0.,1.));
#170 = DIRECTION('',(1.,0.,0.));
#171 = DEFINITIONAL_REPRESENTATION('',(#172),#176);
#172 = LINE('',#173,#174);
#173 = CARTESIAN_POINT('',(0.,0.));
#174 = VECTOR('',#175,1.);
#175 = DIRECTION('',(0.,1.));
#176 = ( GEOMETRIC_REPRESENTATION_CONTEXT(2) 
PARAMETRIC_REPRESENTATION_CONTEXT() REPRESENTATION_CONTEXT('2D SPACE',''
  ) );
#177 = ORIENTED_EDGE('',*,*,#178,.T.);
#178 = EDGE_CURVE('',#151,#179,#181,.T.);
#179 = VERTEX_POINT('',#180);
#180 = CARTESIAN_POINT('',(9.999999939225E-08,57.0000001,61.0000001));
#181 = SURFACE_CURVE('',#182,(#186,#193),.PCURVE_S1.);
#182 = LINE('',#183,#184);
#183 = CARTESIAN_POINT('',(9.999999406318E-08,57.0000001,
    1.000000011686E-07));
#184 = VECTOR('',#185,1.);
#185 = DIRECTION('',(0.,0.,1.));
#186 = PCURVE('',#32,#187);
#187 = DEFINITIONAL_REPRESENTATION('',(#188),#192);
#188 = LINE('',#189,#190);
#189 = CARTESIAN_POINT('',(0.,-57.));
#190 = VECTOR('',#191,1.);
#191 = DIRECTION('',(1.,0.));
#192 = ( GEOMETRIC_REPRESENTATION_CONTEXT(2) 
PARAMETRIC_REPRESENTATION_CONTEXT() REPRESENTATION_CONTEXT('2D SPACE',''
  ) );
#193 = PCURVE('',#194,#199);
#194 = PLANE('',#195);
#195 = AXIS2_PLACEMENT_3D('',#196,#197,#198);
#196 = CARTESIAN_POINT('',(9.999999406318E-08,57.0000001,
    1.000000011686E-07));
#197 = DIRECTION('',(0.,1.,0.));
#198 = DIRECTION('',(0.,0.,1.));
#199 = DEFINITIONAL_REPRESENTATION('',(#200),#204);
#200 = LINE('',#201,#202);
#201 = CARTESIAN_POINT('',(0.,0.));
#202 = VECTOR('',#203,1.);
#203 = DIRECTION('',(1.,0.));
#204 = ( GEOMETRIC_REPRESENTATION_CONTEXT(2) 
PARAMETRIC_REPRESENTATION_CONTEXT() REPRESENTATION_CONTEXT('2D SPACE',''
  ) );
#205 = ORIENTED_EDGE('',*,*,#206,.F.);
#206 = EDGE_CURVE('',#24,#179,#207,.T.);
#207 = SURFACE_CURVE('',#208,(#212,#219),.PCURVE_S1.);
#208 = LINE('',#209,#210);
#209 = CARTESIAN_POINT('',(9.999999406318E-08,9.999999939225E-08,
    61.0000001));
#210 = VECTOR('',#211,1.);
#211 = DIRECTION('',(0.,1.,0.));
#212 = PCURVE('',#32,#213);
#213 = DEFINITIONAL_REPRESENTATION('',(#214),#218);
#214 = LINE('',#215,#216);
#215 = CARTESIAN_POINT('',(61.,0.));
#216 = VECTOR('',#217,1.);
#217 = DIRECTION('',(0.,-1.));
#218 = ( GEOMETRIC_REPRESENTATION_CONTEXT(2) 
PARAMETRIC_REPRESENTATION_CONTEXT() REPRESENTATION_CONTEXT('2D SPACE',''
  ) );
#219 = PCURVE('',#220,#225);
#220 = PLANE('',#221);
#221 = AXIS2_PLACEMENT_3D('',#222,#223,#224);
#222 = CARTESIAN_POINT('',(9.999999939225E-08,9.999999939225E-08,
    61.0000001));
#223 = DIRECTION('',(0.,0.,1.));
#224 = DIRECTION('',(1.,0.,0.));
#225 = DEFINITIONAL_REPRESENTATION('',(#226),#230);
#226 = LINE('',#227,#228);
#227 = CARTESIAN_POINT('',(-5.329070518201E-15,0.));
#228 = VECTOR('',#229,1.);
#229 = DIRECTION('',(0.,1.));
#230 = ( GEOMETRIC_REPRESENTATION_CONTEXT(2) 
PARAMETRIC_REPRESENTATION_CONTEXT() REPRESENTATION_CONTEXT('2D SPACE',''
  ) );
#231 = ADVANCED_FACE('',(#232,#414),#44,.F.);
#232 = FACE_BOUND('',#233,.F.);
#233 = EDGE_LOOP('',(#234,#264,#287,#315,#343,#371,#392,#393));
#234 = ORIENTED_EDGE('',*,*,#235,.F.);
#235 = EDGE_CURVE('',#236,#238,#240,.T.);
#236 = VERTEX_POINT('',#237);
#237 = CARTESIAN_POINT('',(140.0000001,9.999999939225E-08,
    27.983866869659));
#238 = VERTEX_POINT('',#239);
#239 = CARTESIAN_POINT('',(140.0000001,9.999999939225E-08,61.0000001));
#240 = SURFACE_CURVE('',#241,(#245,#252),.PCURVE_S1.);
#241 = LINE('',#242,#243);
#242 = CARTESIAN_POINT('',(140.0000001,9.999999939225E-08,
    1.000000011686E-07));
#243 = VECTOR('',#244,1.);
#244 = DIRECTION('',(0.,0.,1.));
#245 = PCURVE('',#44,#246);
#246 = DEFINITIONAL_REPRESENTATION('',(#247),#251);
#247 = LINE('',#248,#249);
#248 = CARTESIAN_POINT('',(0.,140.));
#249 = VECTOR('',#250,1.);
#250 = DIRECTION('',(1.,0.));
#251 = ( GEOMETRIC_REPRESENTATION_CONTEXT(2) 
PARAMETRIC_REPRESENTATION_CONTEXT() REPRESENTATION_CONTEXT('2D SPACE',''
  ) );
#252 = PCURVE('',#253,#258);
#253 = PLANE('',#254);
#254 = AXIS2_PLACEMENT_3D('',#255,#256,#257);
#255 = CARTESIAN_POINT('',(140.0000001,9.999999939225E-08,
    1.000000011686E-07));
#256 = DIRECTION('',(1.,0.,0.));
#257 = DIRECTION('',(0.,0.,1.));
#258 = DEFINITIONAL_REPRESENTATION('',(#259),#263);
#259 = LINE('',#260,#261);
#260 = CARTESIAN_POINT('',(0.,0.));
#261 = VECTOR('',#262,1.);
#262 = DIRECTION('',(1.,0.));
#263 = ( GEOMETRIC_REPRESENTATION_CONTEXT(2) 
PARAMETRIC_REPRESENTATION_CONTEXT() REPRESENTATION_CONTEXT('2D SPACE',''
  ) );
#264 = ORIENTED_EDGE('',*,*,#265,.T.);
#265 = EDGE_CURVE('',#236,#266,#268,.T.);
#266 = VERTEX_POINT('',#267);
#267 = CARTESIAN_POINT('',(90.2000001,9.999999939225E-08,27.983866869659
    ));
#268 = SURFACE_CURVE('',#269,(#273,#280),.PCURVE_S1.);
#269 = LINE('',#270,#271);
#270 = CARTESIAN_POINT('',(-10.9999999,9.999999939225E-08,
    27.983866869659));
#271 = VECTOR('',#272,1.);
#272 = DIRECTION('',(-1.,-0.,-0.));
#273 = PCURVE('',#44,#274);
#274 = DEFINITIONAL_REPRESENTATION('',(#275),#279);
#275 = LINE('',#276,#277);
#276 = CARTESIAN_POINT('',(27.983866769659,-11.));
#277 = VECTOR('',#278,1.);
#278 = DIRECTION('',(0.,-1.));
#279 = ( GEOMETRIC_REPRESENTATION_CONTEXT(2) 
PARAMETRIC_REPRESENTATION_CONTEXT() REPRESENTATION_CONTEXT('2D SPACE',''
  ) );
#280 = PCURVE('',#77,#281);
#281 = DEFINITIONAL_REPRESENTATION('',(#282),#286);
#282 = LINE('',#283,#284);
#283 = CARTESIAN_POINT('',(-1.995186035388,0.));
#284 = VECTOR('',#285,1.);
#285 = DIRECTION('',(-0.,1.));
#286 = ( GEOMETRIC_REPRESENTATION_CONTEXT(2) 
PARAMETRIC_REPRESENTATION_CONTEXT() REPRESENTATION_CONTEXT('2D SPACE',''
  ) );
#287 = ORIENTED_EDGE('',*,*,#288,.F.);
#288 = EDGE_CURVE('',#289,#266,#291,.T.);
#289 = VERTEX_POINT('',#290);
#290 = CARTESIAN_POINT('',(90.2000001,9.999999939225E-08,33.5000001));
#291 = SURFACE_CURVE('',#292,(#296,#303),.PCURVE_S1.);
#292 = LINE('',#293,#294);
#293 = CARTESIAN_POINT('',(90.2000001,9.999999939225E-08,-1.4999999));
#294 = VECTOR('',#295,1.);
#295 = DIRECTION('',(0.,0.,-1.));
#296 = PCURVE('',#44,#297);
#297 = DEFINITIONAL_REPRESENTATION('',(#298),#302);
#298 = LINE('',#299,#300);
#299 = CARTESIAN_POINT('',(-1.5,90.2));
#300 = VECTOR('',#301,1.);
#301 = DIRECTION('',(-1.,0.));
#302 = ( GEOMETRIC_REPRESENTATION_CONTEXT(2) 
PARAMETRIC_REPRESENTATION_CONTEXT() REPRESENTATION_CONTEXT('2D SPACE',''
  ) );
#303 = PCURVE('',#304,#309);
#304 = PLANE('',#305);
#305 = AXIS2_PLACEMENT_3D('',#306,#307,#308);
#306 = CARTESIAN_POINT('',(90.2000001,-1.9999999,-2.9999999));
#307 = DIRECTION('',(1.,0.,0.));
#308 = DIRECTION('',(0.,0.,1.));
#309 = DEFINITIONAL_REPRESENTATION('',(#310),#314);
#310 = LINE('',#311,#312);
#311 = CARTESIAN_POINT('',(1.5,-2.));
#312 = VECTOR('',#313,1.);
#313 = DIRECTION('',(-1.,0.));
#314 = ( GEOMETRIC_REPRESENTATION_CONTEXT(2) 
PARAMETRIC_REPRESENTATION_CONTEXT() REPRESENTATION_CONTEXT('2D SPACE',''
  ) );
#315 = ORIENTED_EDGE('',*,*,#316,.F.);
#316 = EDGE_CURVE('',#317,#289,#319,.T.);
#317 = VERTEX_POINT('',#318);
#318 = CARTESIAN_POINT('',(69.8000001,9.999999939225E-08,33.5000001));
#319 = SURFACE_CURVE('',#320,(#324,#331),.PCURVE_S1.);
#320 = LINE('',#321,#322);
#321 = CARTESIAN_POINT('',(34.9000001,9.999999939225E-08,33.5000001));
#322 = VECTOR('',#323,1.);
#323 = DIRECTION('',(1.,0.,0.));
#324 = PCURVE('',#44,#325);
#325 = DEFINITIONAL_REPRESENTATION('',(#326),#330);
#326 = LINE('',#327,#328);
#327 = CARTESIAN_POINT('',(33.5,34.9));
#328 = VECTOR('',#329,1.);
#329 = DIRECTION('',(0.,1.));
#330 = ( GEOMETRIC_REPRESENTATION_CONTEXT(2) 
PARAMETRIC_REPRESENTATION_CONTEXT() REPRESENTATION_CONTEXT('2D SPACE',''
  ) );
#331 = PCURVE('',#332,#337);
#332 = PLANE('',#333);
#333 = AXIS2_PLACEMENT_3D('',#334,#335,#336);
#334 = CARTESIAN_POINT('',(69.8000001,-1.9999999,33.5000001));
#335 = DIRECTION('',(0.,0.,1.));
#336 = DIRECTION('',(1.,0.,0.));
#337 = DEFINITIONAL_REPRESENTATION('',(#338),#342);
#338 = LINE('',#339,#340);
#339 = CARTESIAN_POINT('',(-34.9,2.));
#340 = VECTOR('',#341,1.);
#341 = DIRECTION('',(1.,0.));
#342 = ( GEOMETRIC_REPRESENTATION_CONTEXT(2) 
PARAMETRIC_REPRESENTATION_CONTEXT() REPRESENTATION_CONTEXT('2D SPACE',''
  ) );
#343 = ORIENTED_EDGE('',*,*,#344,.T.);
#344 = EDGE_CURVE('',#317,#345,#347,.T.);
#345 = VERTEX_POINT('',#346);
#346 = CARTESIAN_POINT('',(69.8000001,9.999999939225E-08,27.983866869659
    ));
#347 = SURFACE_CURVE('',#348,(#352,#359),.PCURVE_S1.);
#348 = LINE('',#349,#350);
#349 = CARTESIAN_POINT('',(69.8000001,9.999999939225E-08,-1.4999999));
#350 = VECTOR('',#351,1.);
#351 = DIRECTION('',(0.,0.,-1.));
#352 = PCURVE('',#44,#353);
#353 = DEFINITIONAL_REPRESENTATION('',(#354),#358);
#354 = LINE('',#355,#356);
#355 = CARTESIAN_POINT('',(-1.5,69.8));
#356 = VECTOR('',#357,1.);
#357 = DIRECTION('',(-1.,0.));
#358 = ( GEOMETRIC_REPRESENTATION_CONTEXT(2) 
PARAMETRIC_REPRESENTATION_CONTEXT() REPRESENTATION_CONTEXT('2D SPACE',''
  ) );
#359 = PCURVE('',#360,#365);
#360 = PLANE('',#361);
#361 = AXIS2_PLACEMENT_3D('',#362,#363,#364);
#362 = CARTESIAN_POINT('',(69.8000001,-1.9999999,-2.9999999));
#363 = DIRECTION('',(1.,0.,0.));
#364 = DIRECTION('',(0.,0.,1.));
#365 = DEFINITIONAL_REPRESENTATION('',(#366),#370);
#366 = LINE('',#367,#368);
#367 = CARTESIAN_POINT('',(1.5,-2.));
#368 = VECTOR('',#369,1.);
#369 = DIRECTION('',(-1.,0.));
#370 = ( GEOMETRIC_REPRESENTATION_CONTEXT(2) 
PARAMETRIC_REPRESENTATION_CONTEXT() REPRESENTATION_CONTEXT('2D SPACE',''
  ) );
#371 = ORIENTED_EDGE('',*,*,#372,.T.);
#372 = EDGE_CURVE('',#345,#22,#373,.T.);
#373 = SURFACE_CURVE('',#374,(#378,#385),.PCURVE_S1.);
#374 = LINE('',#375,#376);
#375 = CARTESIAN_POINT('',(-10.9999999,9.999999939225E-08,
    27.983866869659));
#376 = VECTOR('',#377,1.);
#377 = DIRECTION('',(-1.,-0.,-0.));
#378 = PCURVE('',#44,#379);
#379 = DEFINITIONAL_REPRESENTATION('',(#380),#384);
#380 = LINE('',#381,#382);
#381 = CARTESIAN_POINT('',(27.983866769659,-11.));
#382 = VECTOR('',#383,1.);
#383 = DIRECTION('',(0.,-1.));
#384 = ( GEOMETRIC_REPRESENTATION_CONTEXT(2) 
PARAMETRIC_REPRESENTATION_CONTEXT() REPRESENTATION_CONTEXT('2D SPACE',''
  ) );
#385 = PCURVE('',#77,#386);
#386 = DEFINITIONAL_REPRESENTATION('',(#387),#391);
#387 = LINE('',#388,#389);
#388 = CARTESIAN_POINT('',(-1.995186035388,0.));
#389 = VECTOR('',#390,1.);
#390 = DIRECTION('',(-0.,1.));
#391 = ( GEOMETRIC_REPRESENTATION_CONTEXT(2) 
PARAMETRIC_REPRESENTATION_CONTEXT() REPRESENTATION_CONTEXT('2D SPACE',''
  ) );
#392 = ORIENTED_EDGE('',*,*,#21,.T.);
#393 = ORIENTED_EDGE('',*,*,#394,.T.);
#394 = EDGE_CURVE('',#24,#238,#395,.T.);
#395 = SURFACE_CURVE('',#396,(#400,#407),.PCURVE_S1.);
#396 = LINE('',#397,#398);
#397 = CARTESIAN_POINT('',(9.999999406318E-08,9.999999939225E-08,
    61.0000001));
#398 = VECTOR('',#399,1.);
#399 = DIRECTION('',(1.,0.,0.));
#400 = PCURVE('',#44,#401);
#401 = DEFINITIONAL_REPRESENTATION('',(#402),#406);
#402 = LINE('',#403,#404);
#403 = CARTESIAN_POINT('',(61.,0.));
#404 = VECTOR('',#405,1.);
#405 = DIRECTION('',(0.,1.));
#406 = ( GEOMETRIC_REPRESENTATION_CONTEXT(2) 
PARAMETRIC_REPRESENTATION_CONTEXT() REPRESENTATION_CONTEXT('2D SPACE',''
  ) );
#407 = PCURVE('',#220,#408);
#408 = DEFINITIONAL_REPRESENTATION('',(#409),#413);
#409 = LINE('',#410,#411);
#410 = CARTESIAN_POINT('',(-5.329070518201E-15,0.));
#411 = VECTOR('',#412,1.);
#412 = DIRECTION('',(1.,0.));
#413 = ( GEOMETRIC_REPRESENTATION_CONTEXT(2) 
PARAMETRIC_REPRESENTATION_CONTEXT() REPRESENTATION_CONTEXT('2D SPACE',''
  ) );
#414 = FACE_BOUND('',#415,.F.);
#415 = EDGE_LOOP('',(#416));
#416 = ORIENTED_EDGE('',*,*,#417,.F.);
#417 = EDGE_CURVE('',#418,#418,#420,.T.);
#418 = VERTEX_POINT('',#419);
#419 = CARTESIAN_POINT('',(81.0000001,9.999999939225E-08,36.0000001));
#420 = SURFACE_CURVE('',#421,(#426,#433),.PCURVE_S1.);
#421 = CIRCLE('',#422,1.);
#422 = AXIS2_PLACEMENT_3D('',#423,#424,#425);
#423 = CARTESIAN_POINT('',(80.0000001,9.999999939225E-08,36.0000001));
#424 = DIRECTION('',(-0.,1.,0.));
#425 = DIRECTION('',(1.,0.,0.));
#426 = PCURVE('',#44,#427);
#427 = DEFINITIONAL_REPRESENTATION('',(#428),#432);
#428 = CIRCLE('',#429,1.);
#429 = AXIS2_PLACEMENT_2D('',#430,#431);
#430 = CARTESIAN_POINT('',(36.,80.));
#431 = DIRECTION('',(0.,1.));
#432 = ( GEOMETRIC_REPRESENTATION_CONTEXT(2) 
PARAMETRIC_REPRESENTATION_CONTEXT() REPRESENTATION_CONTEXT('2D SPACE',''
  ) );
#433 = PCURVE('',#434,#439);
#434 = CYLINDRICAL_SURFACE('',#435,1.);
#435 = AXIS2_PLACEMENT_3D('',#436,#437,#438);
#436 = CARTESIAN_POINT('',(80.0000001,11.0000001,36.0000001));
#437 = DIRECTION('',(0.,1.,0.));
#438 = DIRECTION('',(1.,0.,0.));
#439 = DEFINITIONAL_REPRESENTATION('',(#440),#444);
#440 = LINE('',#441,#442);
#441 = CARTESIAN_POINT('',(-6.28318530718,-11.));
#442 = VECTOR('',#443,1.);
#443 = DIRECTION('',(1.,-0.));
#444 = ( GEOMETRIC_REPRESENTATION_CONTEXT(2) 
PARAMETRIC_REPRESENTATION_CONTEXT() REPRESENTATION_CONTEXT('2D SPACE',''
  ) );
#445 = ADVANCED_FACE('',(#446,#494,#529,#564,#599,#634,#978),#220,.T.);
#446 = FACE_BOUND('',#447,.T.);
#447 = EDGE_LOOP('',(#448,#449,#450,#473));
#448 = ORIENTED_EDGE('',*,*,#206,.F.);
#449 = ORIENTED_EDGE('',*,*,#394,.T.);
#450 = ORIENTED_EDGE('',*,*,#451,.T.);
#451 = EDGE_CURVE('',#238,#452,#454,.T.);
#452 = VERTEX_POINT('',#453);
#453 = CARTESIAN_POINT('',(140.0000001,57.0000001,61.0000001));
#454 = SURFACE_CURVE('',#455,(#459,#466),.PCURVE_S1.);
#455 = LINE('',#456,#457);
#456 = CARTESIAN_POINT('',(140.0000001,9.999999939225E-08,61.0000001));
#457 = VECTOR('',#458,1.);
#458 = DIRECTION('',(0.,1.,0.));
#459 = PCURVE('',#220,#460);
#460 = DEFINITIONAL_REPRESENTATION('',(#461),#465);
#461 = LINE('',#462,#463);
#462 = CARTESIAN_POINT('',(140.,0.));
#463 = VECTOR('',#464,1.);
#464 = DIRECTION('',(0.,1.));
#465 = ( GEOMETRIC_REPRESENTATION_CONTEXT(2) 
PARAMETRIC_REPRESENTATION_CONTEXT() REPRESENTATION_CONTEXT('2D SPACE',''
  ) );
#466 = PCURVE('',#253,#467);
#467 = DEFINITIONAL_REPRESENTATION('',(#468),#472);
#468 = LINE('',#469,#470);
#469 = CARTESIAN_POINT('',(61.,0.));
#470 = VECTOR('',#471,1.);
#471 = DIRECTION('',(0.,-1.));
#472 = ( GEOMETRIC_REPRESENTATION_CONTEXT(2) 
PARAMETRIC_REPRESENTATION_CONTEXT() REPRESENTATION_CONTEXT('2D SPACE',''
  ) );
#473 = ORIENTED_EDGE('',*,*,#474,.F.);
#474 = EDGE_CURVE('',#179,#452,#475,.T.);
#475 = SURFACE_CURVE('',#476,(#480,#487),.PCURVE_S1.);
#476 = LINE('',#477,#478);
#477 = CARTESIAN_POINT('',(9.999999406318E-08,57.0000001,61.0000001));
#478 = VECTOR('',#479,1.);
#479 = DIRECTION('',(1.,0.,0.));
#480 = PCURVE('',#220,#481);
#481 = DEFINITIONAL_REPRESENTATION('',(#482),#486);
#482 = LINE('',#483,#484);
#483 = CARTESIAN_POINT('',(-5.329070518201E-15,57.));
#484 = VECTOR('',#485,1.);
#485 = DIRECTION('',(1.,0.));
#486 = ( GEOMETRIC_REPRESENTATION_CONTEXT(2) 
PARAMETRIC_REPRESENTATION_CONTEXT() REPRESENTATION_CONTEXT('2D SPACE',''
  ) );
#487 = PCURVE('',#194,#488);
#488 = DEFINITIONAL_REPRESENTATION('',(#489),#493);
#489 = LINE('',#490,#491);
#490 = CARTESIAN_POINT('',(61.,0.));
#491 = VECTOR('',#492,1.);
#492 = DIRECTION('',(0.,1.));
#493 = ( GEOMETRIC_REPRESENTATION_CONTEXT(2) 
PARAMETRIC_REPRESENTATION_CONTEXT() REPRESENTATION_CONTEXT('2D SPACE',''
  ) );
#494 = FACE_BOUND('',#495,.T.);
#495 = EDGE_LOOP('',(#496));
#496 = ORIENTED_EDGE('',*,*,#497,.T.);
#497 = EDGE_CURVE('',#498,#498,#500,.T.);
#498 = VERTEX_POINT('',#499);
#499 = CARTESIAN_POINT('',(5.7500001,4.5000001,61.0000001));
#500 = SURFACE_CURVE('',#501,(#506,#517),.PCURVE_S1.);
#501 = CIRCLE('',#502,1.25);
#502 = AXIS2_PLACEMENT_3D('',#503,#504,#505);
#503 = CARTESIAN_POINT('',(4.5000001,4.5000001,61.0000001));
#504 = DIRECTION('',(0.,0.,-1.));
#505 = DIRECTION('',(1.,0.,0.));
#506 = PCURVE('',#220,#507);
#507 = DEFINITIONAL_REPRESENTATION('',(#508),#516);
#508 = ( BOUNDED_CURVE() B_SPLINE_CURVE(2,(#509,#510,#511,#512,#513,#514
,#515),.UNSPECIFIED.,.T.,.F.) B_SPLINE_CURVE_WITH_KNOTS((1,2,2,2,2,1),(
    -2.094395102393,0.,2.094395102393,4.188790204786,6.28318530718,
8.377580409573),.UNSPECIFIED.) CURVE() GEOMETRIC_REPRESENTATION_ITEM() 
RATIONAL_B_SPLINE_CURVE((1.,0.5,1.,0.5,1.,0.5,1.)) REPRESENTATION_ITEM(
  '') );
#509 = CARTESIAN_POINT('',(5.75,4.5));
#510 = CARTESIAN_POINT('',(5.75,2.334936490539));
#511 = CARTESIAN_POINT('',(3.875,3.417468245269));
#512 = CARTESIAN_POINT('',(2.,4.5));
#513 = CARTESIAN_POINT('',(3.875,5.582531754731));
#514 = CARTESIAN_POINT('',(5.75,6.665063509461));
#515 = CARTESIAN_POINT('',(5.75,4.5));
#516 = ( GEOMETRIC_REPRESENTATION_CONTEXT(2) 
PARAMETRIC_REPRESENTATION_CONTEXT() REPRESENTATION_CONTEXT('2D SPACE',''
  ) );
#517 = PCURVE('',#518,#523);
#518 = CYLINDRICAL_SURFACE('',#519,1.25);
#519 = AXIS2_PLACEMENT_3D('',#520,#521,#522);
#520 = CARTESIAN_POINT('',(4.5000001,4.5000001,53.0000001));
#521 = DIRECTION('',(-0.,-0.,-1.));
#522 = DIRECTION('',(1.,0.,0.));
#523 = DEFINITIONAL_REPRESENTATION('',(#524),#528);
#524 = LINE('',#525,#526);
#525 = CARTESIAN_POINT('',(-6.28318530718,-8.));
#526 = VECTOR('',#527,1.);
#527 = DIRECTION('',(1.,-0.));
#528 = ( GEOMETRIC_REPRESENTATION_CONTEXT(2) 
PARAMETRIC_REPRESENTATION_CONTEXT() REPRESENTATION_CONTEXT('2D SPACE',''
  ) );
#529 = FACE_BOUND('',#530,.T.);
#530 = EDGE_LOOP('',(#531));
#531 = ORIENTED_EDGE('',*,*,#532,.T.);
#532 = EDGE_CURVE('',#533,#533,#535,.T.);
#533 = VERTEX_POINT('',#534);
#534 = CARTESIAN_POINT('',(87.1500001,10.0000001,61.0000001));
#535 = SURFACE_CURVE('',#536,(#541,#552),.PCURVE_S1.);
#536 = CIRCLE('',#537,7.15);
#537 = AXIS2_PLACEMENT_3D('',#538,#539,#540);
#538 = CARTESIAN_POINT('',(80.0000001,10.0000001,61.0000001));
#539 = DIRECTION('',(0.,0.,-1.));
#540 = DIRECTION('',(1.,0.,0.));
#541 = PCURVE('',#220,#542);
#542 = DEFINITIONAL_REPRESENTATION('',(#543),#551);
#543 = ( BOUNDED_CURVE() B_SPLINE_CURVE(2,(#544,#545,#546,#547,#548,#549
,#550),.UNSPECIFIED.,.T.,.F.) B_SPLINE_CURVE_WITH_KNOTS((1,2,2,2,2,1),(
    -2.094395102393,0.,2.094395102393,4.188790204786,6.28318530718,
8.377580409573),.UNSPECIFIED.) CURVE() GEOMETRIC_REPRESENTATION_ITEM() 
RATIONAL_B_SPLINE_CURVE((1.,0.5,1.,0.5,1.,0.5,1.)) REPRESENTATION_ITEM(
  '') );
#544 = CARTESIAN_POINT('',(87.15,10.));
#545 = CARTESIAN_POINT('',(87.15,-2.384163274117));
#546 = CARTESIAN_POINT('',(76.425,3.807918362941));
#547 = CARTESIAN_POINT('',(65.7,10.));
#548 = CARTESIAN_POINT('',(76.425,16.192081637059));
#549 = CARTESIAN_POINT('',(87.15,22.384163274117));
#550 = CARTESIAN_POINT('',(87.15,10.));
#551 = ( GEOMETRIC_REPRESENTATION_CONTEXT(2) 
PARAMETRIC_REPRESENTATION_CONTEXT() REPRESENTATION_CONTEXT('2D SPACE',''
  ) );
#552 = PCURVE('',#553,#558);
#553 = CYLINDRICAL_SURFACE('',#554,7.15);
#554 = AXIS2_PLACEMENT_3D('',#555,#556,#557);
#555 = CARTESIAN_POINT('',(80.0000001,10.0000001,53.5750001));
#556 = DIRECTION('',(-0.,-0.,-1.));
#557 = DIRECTION('',(1.,0.,0.));
#558 = DEFINITIONAL_REPRESENTATION('',(#559),#563);
#559 = LINE('',#560,#561);
#560 = CARTESIAN_POINT('',(-6.28318530718,-7.425));
#561 = VECTOR('',#562,1.);
#562 = DIRECTION('',(1.,-0.));
#563 = ( GEOMETRIC_REPRESENTATION_CONTEXT(2) 
PARAMETRIC_REPRESENTATION_CONTEXT() REPRESENTATION_CONTEXT('2D SPACE',''
  ) );
#564 = FACE_BOUND('',#565,.T.);
#565 = EDGE_LOOP('',(#566));
#566 = ORIENTED_EDGE('',*,*,#567,.T.);
#567 = EDGE_CURVE('',#568,#568,#570,.T.);
#568 = VERTEX_POINT('',#569);
#569 = CARTESIAN_POINT('',(136.7500001,4.5000001,61.0000001));
#570 = SURFACE_CURVE('',#571,(#576,#587),.PCURVE_S1.);
#571 = CIRCLE('',#572,1.25);
#572 = AXIS2_PLACEMENT_3D('',#573,#574,#575);
#573 = CARTESIAN_POINT('',(135.5000001,4.5000001,61.0000001));
#574 = DIRECTION('',(0.,0.,-1.));
#575 = DIRECTION('',(1.,0.,0.));
#576 = PCURVE('',#220,#577);
#577 = DEFINITIONAL_REPRESENTATION('',(#578),#586);
#578 = ( BOUNDED_CURVE() B_SPLINE_CURVE(2,(#579,#580,#581,#582,#583,#584
,#585),.UNSPECIFIED.,.T.,.F.) B_SPLINE_CURVE_WITH_KNOTS((1,2,2,2,2,1),(
    -2.094395102393,0.,2.094395102393,4.188790204786,6.28318530718,
8.377580409573),.UNSPECIFIED.) CURVE() GEOMETRIC_REPRESENTATION_ITEM() 
RATIONAL_B_SPLINE_CURVE((1.,0.5,1.,0.5,1.,0.5,1.)) REPRESENTATION_ITEM(
  '') );
#579 = CARTESIAN_POINT('',(136.75,4.5));
#580 = CARTESIAN_POINT('',(136.75,2.334936490539));
#581 = CARTESIAN_POINT('',(134.875,3.417468245269));
#582 = CARTESIAN_POINT('',(133.,4.5));
#583 = CARTESIAN_POINT('',(134.875,5.582531754731));
#584 = CARTESIAN_POINT('',(136.75,6.665063509461));
#585 = CARTESIAN_POINT('',(136.75,4.5));
#586 = ( GEOMETRIC_REPRESENTATION_CONTEXT(2) 
PARAMETRIC_REPRESENTATION_CONTEXT() REPRESENTATION_CONTEXT('2D SPACE',''
  ) );
#587 = PCURVE('',#588,#593);
#588 = CYLINDRICAL_SURFACE('',#589,1.25);
#589 = AXIS2_PLACEMENT_3D('',#590,#591,#592);
#590 = CARTESIAN_POINT('',(135.5000001,4.5000001,53.0000001));
#591 = DIRECTION('',(-0.,-0.,-1.));
#592 = DIRECTION('',(1.,0.,0.));
#593 = DEFINITIONAL_REPRESENTATION('',(#594),#598);
#594 = LINE('',#595,#596);
#595 = CARTESIAN_POINT('',(-6.28318530718,-8.));
#596 = VECTOR('',#597,1.);
#597 = DIRECTION('',(1.,-0.));
#598 = ( GEOMETRIC_REPRESENTATION_CONTEXT(2) 
PARAMETRIC_REPRESENTATION_CONTEXT() REPRESENTATION_CONTEXT('2D SPACE',''
  ) );
#599 = FACE_BOUND('',#600,.T.);
#600 = EDGE_LOOP('',(#601));
#601 = ORIENTED_EDGE('',*,*,#602,.T.);
#602 = EDGE_CURVE('',#603,#603,#605,.T.);
#603 = VERTEX_POINT('',#604);
#604 = CARTESIAN_POINT('',(5.7500001,52.5000001,61.0000001));
#605 = SURFACE_CURVE('',#606,(#611,#622),.PCURVE_S1.);
#606 = CIRCLE('',#607,1.25);
#607 = AXIS2_PLACEMENT_3D('',#608,#609,#610);
#608 = CARTESIAN_POINT('',(4.5000001,52.5000001,61.0000001));
#609 = DIRECTION('',(0.,0.,-1.));
#610 = DIRECTION('',(1.,0.,0.));
#611 = PCURVE('',#220,#612);
#612 = DEFINITIONAL_REPRESENTATION('',(#613),#621);
#613 = ( BOUNDED_CURVE() B_SPLINE_CURVE(2,(#614,#615,#616,#617,#618,#619
,#620),.UNSPECIFIED.,.T.,.F.) B_SPLINE_CURVE_WITH_KNOTS((1,2,2,2,2,1),(
    -2.094395102393,0.,2.094395102393,4.188790204786,6.28318530718,
8.377580409573),.UNSPECIFIED.) CURVE() GEOMETRIC_REPRESENTATION_ITEM() 
RATIONAL_B_SPLINE_CURVE((1.,0.5,1.,0.5,1.,0.5,1.)) REPRESENTATION_ITEM(
  '') );
#614 = CARTESIAN_POINT('',(5.75,52.5));
#615 = CARTESIAN_POINT('',(5.75,50.334936490539));
#616 = CARTESIAN_POINT('',(3.875,51.417468245269));
#617 = CARTESIAN_POINT('',(2.,52.5));
#618 = CARTESIAN_POINT('',(3.875,53.582531754731));
#619 = CARTESIAN_POINT('',(5.75,54.665063509461));
#620 = CARTESIAN_POINT('',(5.75,52.5));
#621 = ( GEOMETRIC_REPRESENTATION_CONTEXT(2) 
PARAMETRIC_REPRESENTATION_CONTEXT() REPRESENTATION_CONTEXT('2D SPACE',''
  ) );
#622 = PCURVE('',#623,#628);
#623 = CYLINDRICAL_SURFACE('',#624,1.25);
#624 = AXIS2_PLACEMENT_3D('',#625,#626,#627);
#625 = CARTESIAN_POINT('',(4.5000001,52.5000001,53.0000001));
#626 = DIRECTION('',(-0.,-0.,-1.));
#627 = DIRECTION('',(1.,0.,0.));
#628 = DEFINITIONAL_REPRESENTATION('',(#629),#633);
#629 = LINE('',#630,#631);
#630 = CARTESIAN_POINT('',(-6.28318530718,-8.));
#631 = VECTOR('',#632,1.);
#632 = DIRECTION('',(1.,-0.));
#633 = ( GEOMETRIC_REPRESENTATION_CONTEXT(2) 
PARAMETRIC_REPRESENTATION_CONTEXT() REPRESENTATION_CONTEXT('2D SPACE',''
  ) );
#634 = FACE_BOUND('',#635,.T.);
#635 = EDGE_LOOP('',(#636,#667,#695,#724,#752,#781,#809,#838,#866,#895,
    #923,#952));
#636 = ORIENTED_EDGE('',*,*,#637,.F.);
#637 = EDGE_CURVE('',#638,#640,#642,.T.);
#638 = VERTEX_POINT('',#639);
#639 = CARTESIAN_POINT('',(137.0000001,50.0000001,61.0000001));
#640 = VERTEX_POINT('',#641);
#641 = CARTESIAN_POINT('',(133.0000001,54.0000001,61.0000001));
#642 = SURFACE_CURVE('',#643,(#648,#655),.PCURVE_S1.);
#643 = CIRCLE('',#644,4.);
#644 = AXIS2_PLACEMENT_3D('',#645,#646,#647);
#645 = CARTESIAN_POINT('',(133.0000001,50.0000001,61.0000001));
#646 = DIRECTION('',(0.,0.,1.));
#647 = DIRECTION('',(1.,0.,0.));
#648 = PCURVE('',#220,#649);
#649 = DEFINITIONAL_REPRESENTATION('',(#650),#654);
#650 = CIRCLE('',#651,4.);
#651 = AXIS2_PLACEMENT_2D('',#652,#653);
#652 = CARTESIAN_POINT('',(133.,50.));
#653 = DIRECTION('',(1.,0.));
#654 = ( GEOMETRIC_REPRESENTATION_CONTEXT(2) 
PARAMETRIC_REPRESENTATION_CONTEXT() REPRESENTATION_CONTEXT('2D SPACE',''
  ) );
#655 = PCURVE('',#656,#661);
#656 = CYLINDRICAL_SURFACE('',#657,4.);
#657 = AXIS2_PLACEMENT_3D('',#658,#659,#660);
#658 = CARTESIAN_POINT('',(133.0000001,50.0000001,35.0000001));
#659 = DIRECTION('',(0.,0.,1.));
#660 = DIRECTION('',(1.,0.,0.));
#661 = DEFINITIONAL_REPRESENTATION('',(#662),#666);
#662 = LINE('',#663,#664);
#663 = CARTESIAN_POINT('',(0.,26.));
#664 = VECTOR('',#665,1.);
#665 = DIRECTION('',(1.,0.));
#666 = ( GEOMETRIC_REPRESENTATION_CONTEXT(2) 
PARAMETRIC_REPRESENTATION_CONTEXT() REPRESENTATION_CONTEXT('2D SPACE',''
  ) );
#667 = ORIENTED_EDGE('',*,*,#668,.T.);
#668 = EDGE_CURVE('',#638,#669,#671,.T.);
#669 = VERTEX_POINT('',#670);
#670 = CARTESIAN_POINT('',(137.0000001,8.208099343548,61.0000001));
#671 = SURFACE_CURVE('',#672,(#676,#683),.PCURVE_S1.);
#672 = LINE('',#673,#674);
#673 = CARTESIAN_POINT('',(137.0000001,1.5000001,61.0000001));
#674 = VECTOR('',#675,1.);
#675 = DIRECTION('',(0.,-1.,0.));
#676 = PCURVE('',#220,#677);
#677 = DEFINITIONAL_REPRESENTATION('',(#678),#682);
#678 = LINE('',#679,#680);
#679 = CARTESIAN_POINT('',(137.,1.5));
#680 = VECTOR('',#681,1.);
#681 = DIRECTION('',(0.,-1.));
#682 = ( GEOMETRIC_REPRESENTATION_CONTEXT(2) 
PARAMETRIC_REPRESENTATION_CONTEXT() REPRESENTATION_CONTEXT('2D SPACE',''
  ) );
#683 = PCURVE('',#684,#689);
#684 = PLANE('',#685);
#685 = AXIS2_PLACEMENT_3D('',#686,#687,#688);
#686 = CARTESIAN_POINT('',(137.0000001,3.0000001,35.0000001));
#687 = DIRECTION('',(-1.,0.,0.));
#688 = DIRECTION('',(0.,1.,0.));
#689 = DEFINITIONAL_REPRESENTATION('',(#690),#694);
#690 = LINE('',#691,#692);
#691 = CARTESIAN_POINT('',(-1.5,-26.));
#692 = VECTOR('',#693,1.);
#693 = DIRECTION('',(-1.,0.));
#694 = ( GEOMETRIC_REPRESENTATION_CONTEXT(2) 
PARAMETRIC_REPRESENTATION_CONTEXT() REPRESENTATION_CONTEXT('2D SPACE',''
  ) );
#695 = ORIENTED_EDGE('',*,*,#696,.T.);
#696 = EDGE_CURVE('',#669,#697,#699,.T.);
#697 = VERTEX_POINT('',#698);
#698 = CARTESIAN_POINT('',(131.79190085645,3.0000001,61.0000001));
#699 = SURFACE_CURVE('',#700,(#705,#712),.PCURVE_S1.);
#700 = CIRCLE('',#701,4.);
#701 = AXIS2_PLACEMENT_3D('',#702,#703,#704);
#702 = CARTESIAN_POINT('',(135.5000001,4.5000001,61.0000001));
#703 = DIRECTION('',(0.,0.,1.));
#704 = DIRECTION('',(1.,0.,0.));
#705 = PCURVE('',#220,#706);
#706 = DEFINITIONAL_REPRESENTATION('',(#707),#711);
#707 = CIRCLE('',#708,4.);
#708 = AXIS2_PLACEMENT_2D('',#709,#710);
#709 = CARTESIAN_POINT('',(135.5,4.5));
#710 = DIRECTION('',(1.,0.));
#711 = ( GEOMETRIC_REPRESENTATION_CONTEXT(2) 
PARAMETRIC_REPRESENTATION_CONTEXT() REPRESENTATION_CONTEXT('2D SPACE',''
  ) );
#712 = PCURVE('',#713,#718);
#713 = CYLINDRICAL_SURFACE('',#714,4.);
#714 = AXIS2_PLACEMENT_3D('',#715,#716,#717);
#715 = CARTESIAN_POINT('',(135.5000001,4.5000001,34.0000001));
#716 = DIRECTION('',(-0.,-0.,-1.));
#717 = DIRECTION('',(1.,0.,0.));
#718 = DEFINITIONAL_REPRESENTATION('',(#719),#723);
#719 = LINE('',#720,#721);
#720 = CARTESIAN_POINT('',(-0.,-27.));
#721 = VECTOR('',#722,1.);
#722 = DIRECTION('',(-1.,0.));
#723 = ( GEOMETRIC_REPRESENTATION_CONTEXT(2) 
PARAMETRIC_REPRESENTATION_CONTEXT() REPRESENTATION_CONTEXT('2D SPACE',''
  ) );
#724 = ORIENTED_EDGE('',*,*,#725,.T.);
#725 = EDGE_CURVE('',#697,#726,#728,.T.);
#726 = VERTEX_POINT('',#727);
#727 = CARTESIAN_POINT('',(86.422616389333,3.0000001,61.0000001));
#728 = SURFACE_CURVE('',#729,(#733,#740),.PCURVE_S1.);
#729 = LINE('',#730,#731);
#730 = CARTESIAN_POINT('',(1.5000001,3.0000001,61.0000001));
#731 = VECTOR('',#732,1.);
#732 = DIRECTION('',(-1.,0.,0.));
#733 = PCURVE('',#220,#734);
#734 = DEFINITIONAL_REPRESENTATION('',(#735),#739);
#735 = LINE('',#736,#737);
#736 = CARTESIAN_POINT('',(1.5,3.));
#737 = VECTOR('',#738,1.);
#738 = DIRECTION('',(-1.,0.));
#739 = ( GEOMETRIC_REPRESENTATION_CONTEXT(2) 
PARAMETRIC_REPRESENTATION_CONTEXT() REPRESENTATION_CONTEXT('2D SPACE',''
  ) );
#740 = PCURVE('',#741,#746);
#741 = PLANE('',#742);
#742 = AXIS2_PLACEMENT_3D('',#743,#744,#745);
#743 = CARTESIAN_POINT('',(3.0000001,3.0000001,35.0000001));
#744 = DIRECTION('',(0.,1.,0.));
#745 = DIRECTION('',(1.,0.,0.));
#746 = DEFINITIONAL_REPRESENTATION('',(#747),#751);
#747 = LINE('',#748,#749);
#748 = CARTESIAN_POINT('',(-1.5,-26.));
#749 = VECTOR('',#750,1.);
#750 = DIRECTION('',(-1.,0.));
#751 = ( GEOMETRIC_REPRESENTATION_CONTEXT(2) 
PARAMETRIC_REPRESENTATION_CONTEXT() REPRESENTATION_CONTEXT('2D SPACE',''
  ) );
#752 = ORIENTED_EDGE('',*,*,#753,.T.);
#753 = EDGE_CURVE('',#726,#754,#756,.T.);
#754 = VERTEX_POINT('',#755);
#755 = CARTESIAN_POINT('',(73.577383810667,3.0000001,61.0000001));
#756 = SURFACE_CURVE('',#757,(#762,#769),.PCURVE_S1.);
#757 = CIRCLE('',#758,9.5);
#758 = AXIS2_PLACEMENT_3D('',#759,#760,#761);
#759 = CARTESIAN_POINT('',(80.0000001,10.0000001,61.0000001));
#760 = DIRECTION('',(-0.,0.,1.));
#761 = DIRECTION('',(0.676064872561,-0.736842105263,0.));
#762 = PCURVE('',#220,#763);
#763 = DEFINITIONAL_REPRESENTATION('',(#764),#768);
#764 = CIRCLE('',#765,9.5);
#765 = AXIS2_PLACEMENT_2D('',#766,#767);
#766 = CARTESIAN_POINT('',(80.,10.));
#767 = DIRECTION('',(0.676064872561,-0.736842105263));
#768 = ( GEOMETRIC_REPRESENTATION_CONTEXT(2) 
PARAMETRIC_REPRESENTATION_CONTEXT() REPRESENTATION_CONTEXT('2D SPACE',''
  ) );
#769 = PCURVE('',#770,#775);
#770 = CYLINDRICAL_SURFACE('',#771,9.5);
#771 = AXIS2_PLACEMENT_3D('',#772,#773,#774);
#772 = CARTESIAN_POINT('',(80.0000001,10.0000001,34.0000001));
#773 = DIRECTION('',(-0.,-0.,-1.));
#774 = DIRECTION('',(1.,0.,0.));
#775 = DEFINITIONAL_REPRESENTATION('',(#776),#780);
#776 = LINE('',#777,#778);
#777 = CARTESIAN_POINT('',(-5.454797910405,-27.));
#778 = VECTOR('',#779,1.);
#779 = DIRECTION('',(-1.,0.));
#780 = ( GEOMETRIC_REPRESENTATION_CONTEXT(2) 
PARAMETRIC_REPRESENTATION_CONTEXT() REPRESENTATION_CONTEXT('2D SPACE',''
  ) );
#781 = ORIENTED_EDGE('',*,*,#782,.T.);
#782 = EDGE_CURVE('',#754,#783,#785,.T.);
#783 = VERTEX_POINT('',#784);
#784 = CARTESIAN_POINT('',(8.208099343548,3.0000001,61.0000001));
#785 = SURFACE_CURVE('',#786,(#790,#797),.PCURVE_S1.);
#786 = LINE('',#787,#788);
#787 = CARTESIAN_POINT('',(1.5000001,3.0000001,61.0000001));
#788 = VECTOR('',#789,1.);
#789 = DIRECTION('',(-1.,0.,0.));
#790 = PCURVE('',#220,#791);
#791 = DEFINITIONAL_REPRESENTATION('',(#792),#796);
#792 = LINE('',#793,#794);
#793 = CARTESIAN_POINT('',(1.5,3.));
#794 = VECTOR('',#795,1.);
#795 = DIRECTION('',(-1.,0.));
#796 = ( GEOMETRIC_REPRESENTATION_CONTEXT(2) 
PARAMETRIC_REPRESENTATION_CONTEXT() REPRESENTATION_CONTEXT('2D SPACE',''
  ) );
#797 = PCURVE('',#798,#803);
#798 = PLANE('',#799);
#799 = AXIS2_PLACEMENT_3D('',#800,#801,#802);
#800 = CARTESIAN_POINT('',(3.0000001,3.0000001,35.0000001));
#801 = DIRECTION('',(0.,1.,0.));
#802 = DIRECTION('',(1.,0.,0.));
#803 = DEFINITIONAL_REPRESENTATION('',(#804),#808);
#804 = LINE('',#805,#806);
#805 = CARTESIAN_POINT('',(-1.5,-26.));
#806 = VECTOR('',#807,1.);
#807 = DIRECTION('',(-1.,0.));
#808 = ( GEOMETRIC_REPRESENTATION_CONTEXT(2) 
PARAMETRIC_REPRESENTATION_CONTEXT() REPRESENTATION_CONTEXT('2D SPACE',''
  ) );
#809 = ORIENTED_EDGE('',*,*,#810,.T.);
#810 = EDGE_CURVE('',#783,#811,#813,.T.);
#811 = VERTEX_POINT('',#812);
#812 = CARTESIAN_POINT('',(3.0000001,8.208099343548,61.0000001));
#813 = SURFACE_CURVE('',#814,(#819,#826),.PCURVE_S1.);
#814 = CIRCLE('',#815,4.);
#815 = AXIS2_PLACEMENT_3D('',#816,#817,#818);
#816 = CARTESIAN_POINT('',(4.5000001,4.5000001,61.0000001));
#817 = DIRECTION('',(-0.,0.,1.));
#818 = DIRECTION('',(0.927024810887,-0.375,0.));
#819 = PCURVE('',#220,#820);
#820 = DEFINITIONAL_REPRESENTATION('',(#821),#825);
#821 = CIRCLE('',#822,4.);
#822 = AXIS2_PLACEMENT_2D('',#823,#824);
#823 = CARTESIAN_POINT('',(4.5,4.5));
#824 = DIRECTION('',(0.927024810887,-0.375));
#825 = ( GEOMETRIC_REPRESENTATION_CONTEXT(2) 
PARAMETRIC_REPRESENTATION_CONTEXT() REPRESENTATION_CONTEXT('2D SPACE',''
  ) );
#826 = PCURVE('',#827,#832);
#827 = CYLINDRICAL_SURFACE('',#828,4.);
#828 = AXIS2_PLACEMENT_3D('',#829,#830,#831);
#829 = CARTESIAN_POINT('',(4.5000001,4.5000001,34.0000001));
#830 = DIRECTION('',(-0.,-0.,-1.));
#831 = DIRECTION('',(1.,0.,0.));
#832 = DEFINITIONAL_REPRESENTATION('',(#833),#837);
#833 = LINE('',#834,#835);
#834 = CARTESIAN_POINT('',(-5.898788532684,-27.));
#835 = VECTOR('',#836,1.);
#836 = DIRECTION('',(-1.,0.));
#837 = ( GEOMETRIC_REPRESENTATION_CONTEXT(2) 
PARAMETRIC_REPRESENTATION_CONTEXT() REPRESENTATION_CONTEXT('2D SPACE',''
  ) );
#838 = ORIENTED_EDGE('',*,*,#839,.T.);
#839 = EDGE_CURVE('',#811,#840,#842,.T.);
#840 = VERTEX_POINT('',#841);
#841 = CARTESIAN_POINT('',(3.0000001,48.791900856452,61.0000001));
#842 = SURFACE_CURVE('',#843,(#847,#854),.PCURVE_S1.);
#843 = LINE('',#844,#845);
#844 = CARTESIAN_POINT('',(3.0000001,27.0000001,61.0000001));
#845 = VECTOR('',#846,1.);
#846 = DIRECTION('',(0.,1.,0.));
#847 = PCURVE('',#220,#848);
#848 = DEFINITIONAL_REPRESENTATION('',(#849),#853);
#849 = LINE('',#850,#851);
#850 = CARTESIAN_POINT('',(3.,27.));
#851 = VECTOR('',#852,1.);
#852 = DIRECTION('',(0.,1.));
#853 = ( GEOMETRIC_REPRESENTATION_CONTEXT(2) 
PARAMETRIC_REPRESENTATION_CONTEXT() REPRESENTATION_CONTEXT('2D SPACE',''
  ) );
#854 = PCURVE('',#855,#860);
#855 = PLANE('',#856);
#856 = AXIS2_PLACEMENT_3D('',#857,#858,#859);
#857 = CARTESIAN_POINT('',(3.0000001,54.0000001,35.0000001));
#858 = DIRECTION('',(1.,0.,0.));
#859 = DIRECTION('',(0.,-1.,0.));
#860 = DEFINITIONAL_REPRESENTATION('',(#861),#865);
#861 = LINE('',#862,#863);
#862 = CARTESIAN_POINT('',(27.,-26.));
#863 = VECTOR('',#864,1.);
#864 = DIRECTION('',(-1.,0.));
#865 = ( GEOMETRIC_REPRESENTATION_CONTEXT(2) 
PARAMETRIC_REPRESENTATION_CONTEXT() REPRESENTATION_CONTEXT('2D SPACE',''
  ) );
#866 = ORIENTED_EDGE('',*,*,#867,.T.);
#867 = EDGE_CURVE('',#840,#868,#870,.T.);
#868 = VERTEX_POINT('',#869);
#869 = CARTESIAN_POINT('',(8.208099343548,54.0000001,61.0000001));
#870 = SURFACE_CURVE('',#871,(#876,#883),.PCURVE_S1.);
#871 = CIRCLE('',#872,4.);
#872 = AXIS2_PLACEMENT_3D('',#873,#874,#875);
#873 = CARTESIAN_POINT('',(4.5000001,52.5000001,61.0000001));
#874 = DIRECTION('',(0.,0.,1.));
#875 = DIRECTION('',(-0.375,-0.927024810887,0.));
#876 = PCURVE('',#220,#877);
#877 = DEFINITIONAL_REPRESENTATION('',(#878),#882);
#878 = CIRCLE('',#879,4.);
#879 = AXIS2_PLACEMENT_2D('',#880,#881);
#880 = CARTESIAN_POINT('',(4.5,52.5));
#881 = DIRECTION('',(-0.375,-0.927024810887));
#882 = ( GEOMETRIC_REPRESENTATION_CONTEXT(2) 
PARAMETRIC_REPRESENTATION_CONTEXT() REPRESENTATION_CONTEXT('2D SPACE',''
  ) );
#883 = PCURVE('',#884,#889);
#884 = CYLINDRICAL_SURFACE('',#885,4.);
#885 = AXIS2_PLACEMENT_3D('',#886,#887,#888);
#886 = CARTESIAN_POINT('',(4.5000001,52.5000001,34.0000001));
#887 = DIRECTION('',(-0.,-0.,-1.));
#888 = DIRECTION('',(1.,0.,0.));
#889 = DEFINITIONAL_REPRESENTATION('',(#890),#894);
#890 = LINE('',#891,#892);
#891 = CARTESIAN_POINT('',(-4.327992205889,-27.));
#892 = VECTOR('',#893,1.);
#893 = DIRECTION('',(-1.,0.));
#894 = ( GEOMETRIC_REPRESENTATION_CONTEXT(2) 
PARAMETRIC_REPRESENTATION_CONTEXT() REPRESENTATION_CONTEXT('2D SPACE',''
  ) );
#895 = ORIENTED_EDGE('',*,*,#896,.T.);
#896 = EDGE_CURVE('',#868,#897,#899,.T.);
#897 = VERTEX_POINT('',#898);
#898 = CARTESIAN_POINT('',(92.755005667936,54.0000001,61.0000001));
#899 = SURFACE_CURVE('',#900,(#904,#911),.PCURVE_S1.);
#900 = LINE('',#901,#902);
#901 = CARTESIAN_POINT('',(68.5000001,54.0000001,61.0000001));
#902 = VECTOR('',#903,1.);
#903 = DIRECTION('',(1.,0.,0.));
#904 = PCURVE('',#220,#905);
#905 = DEFINITIONAL_REPRESENTATION('',(#906),#910);
#906 = LINE('',#907,#908);
#907 = CARTESIAN_POINT('',(68.5,54.));
#908 = VECTOR('',#909,1.);
#909 = DIRECTION('',(1.,0.));
#910 = ( GEOMETRIC_REPRESENTATION_CONTEXT(2) 
PARAMETRIC_REPRESENTATION_CONTEXT() REPRESENTATION_CONTEXT('2D SPACE',''
  ) );
#911 = PCURVE('',#912,#917);
#912 = PLANE('',#913);
#913 = AXIS2_PLACEMENT_3D('',#914,#915,#916);
#914 = CARTESIAN_POINT('',(137.0000001,54.0000001,35.0000001));
#915 = DIRECTION('',(0.,-1.,0.));
#916 = DIRECTION('',(-1.,0.,0.));
#917 = DEFINITIONAL_REPRESENTATION('',(#918),#922);
#918 = LINE('',#919,#920);
#919 = CARTESIAN_POINT('',(68.5,-26.));
#920 = VECTOR('',#921,1.);
#921 = DIRECTION('',(-1.,-0.));
#922 = ( GEOMETRIC_REPRESENTATION_CONTEXT(2) 
PARAMETRIC_REPRESENTATION_CONTEXT() REPRESENTATION_CONTEXT('2D SPACE',''
  ) );
#923 = ORIENTED_EDGE('',*,*,#924,.T.);
#924 = EDGE_CURVE('',#897,#925,#927,.T.);
#925 = VERTEX_POINT('',#926);
#926 = CARTESIAN_POINT('',(97.244994532064,54.0000001,61.0000001));
#927 = SURFACE_CURVE('',#928,(#933,#940),.PCURVE_S1.);
#928 = CIRCLE('',#929,2.7);
#929 = AXIS2_PLACEMENT_3D('',#930,#931,#932);
#930 = CARTESIAN_POINT('',(95.0000001,52.5000001,61.0000001));
#931 = DIRECTION('',(0.,0.,1.));
#932 = DIRECTION('',(-0.831479419283,0.555555555556,0.));
#933 = PCURVE('',#220,#934);
#934 = DEFINITIONAL_REPRESENTATION('',(#935),#939);
#935 = CIRCLE('',#936,2.7);
#936 = AXIS2_PLACEMENT_2D('',#937,#938);
#937 = CARTESIAN_POINT('',(95.,52.5));
#938 = DIRECTION('',(-0.831479419283,0.555555555556));
#939 = ( GEOMETRIC_REPRESENTATION_CONTEXT(2) 
PARAMETRIC_REPRESENTATION_CONTEXT() REPRESENTATION_CONTEXT('2D SPACE',''
  ) );
#940 = PCURVE('',#941,#946);
#941 = CYLINDRICAL_SURFACE('',#942,2.7);
#942 = AXIS2_PLACEMENT_3D('',#943,#944,#945);
#943 = CARTESIAN_POINT('',(95.0000001,52.5000001,34.0000001));
#944 = DIRECTION('',(-0.,-0.,-1.));
#945 = DIRECTION('',(1.,0.,0.));
#946 = DEFINITIONAL_REPRESENTATION('',(#947),#951);
#947 = LINE('',#948,#949);
#948 = CARTESIAN_POINT('',(-2.552561683374,-27.));
#949 = VECTOR('',#950,1.);
#950 = DIRECTION('',(-1.,0.));
#951 = ( GEOMETRIC_REPRESENTATION_CONTEXT(2) 
PARAMETRIC_REPRESENTATION_CONTEXT() REPRESENTATION_CONTEXT('2D SPACE',''
  ) );
#952 = ORIENTED_EDGE('',*,*,#953,.T.);
#953 = EDGE_CURVE('',#925,#640,#954,.T.);
#954 = SURFACE_CURVE('',#955,(#959,#966),.PCURVE_S1.);
#955 = LINE('',#956,#957);
#956 = CARTESIAN_POINT('',(68.5000001,54.0000001,61.0000001));
#957 = VECTOR('',#958,1.);
#958 = DIRECTION('',(1.,0.,0.));
#959 = PCURVE('',#220,#960);
#960 = DEFINITIONAL_REPRESENTATION('',(#961),#965);
#961 = LINE('',#962,#963);
#962 = CARTESIAN_POINT('',(68.5,54.));
#963 = VECTOR('',#964,1.);
#964 = DIRECTION('',(1.,0.));
#965 = ( GEOMETRIC_REPRESENTATION_CONTEXT(2) 
PARAMETRIC_REPRESENTATION_CONTEXT() REPRESENTATION_CONTEXT('2D SPACE',''
  ) );
#966 = PCURVE('',#967,#972);
#967 = PLANE('',#968);
#968 = AXIS2_PLACEMENT_3D('',#969,#970,#971);
#969 = CARTESIAN_POINT('',(137.0000001,54.0000001,35.0000001));
#970 = DIRECTION('',(0.,-1.,0.));
#971 = DIRECTION('',(-1.,0.,0.));
#972 = DEFINITIONAL_REPRESENTATION('',(#973),#977);
#973 = LINE('',#974,#975);
#974 = CARTESIAN_POINT('',(68.5,-26.));
#975 = VECTOR('',#976,1.);
#976 = DIRECTION('',(-1.,-0.));
#977 = ( GEOMETRIC_REPRESENTATION_CONTEXT(2) 
PARAMETRIC_REPRESENTATION_CONTEXT() REPRESENTATION_CONTEXT('2D SPACE',''
  ) );
#978 = FACE_BOUND('',#979,.T.);
#979 = EDGE_LOOP('',(#980));
#980 = ORIENTED_EDGE('',*,*,#981,.T.);
#981 = EDGE_CURVE('',#982,#982,#984,.T.);
#982 = VERTEX_POINT('',#983);
#983 = CARTESIAN_POINT('',(96.2500001,52.5000001,61.0000001));
#984 = SURFACE_CURVE('',#985,(#990,#1001),.PCURVE_S1.);
#985 = CIRCLE('',#986,1.25);
#986 = AXIS2_PLACEMENT_3D('',#987,#988,#989);
#987 = CARTESIAN_POINT('',(95.0000001,52.5000001,61.0000001));
#988 = DIRECTION('',(0.,0.,-1.));
#989 = DIRECTION('',(1.,0.,0.));
#990 = PCURVE('',#220,#991);
#991 = DEFINITIONAL_REPRESENTATION('',(#992),#1000);
#992 = ( BOUNDED_CURVE() B_SPLINE_CURVE(2,(#993,#994,#995,#996,#997,#998
,#999),.UNSPECIFIED.,.T.,.F.) B_SPLINE_CURVE_WITH_KNOTS((1,2,2,2,2,1),(
    -2.094395102393,0.,2.094395102393,4.188790204786,6.28318530718,
8.377580409573),.UNSPECIFIED.) CURVE() GEOMETRIC_REPRESENTATION_ITEM() 
RATIONAL_B_SPLINE_CURVE((1.,0.5,1.,0.5,1.,0.5,1.)) REPRESENTATION_ITEM(
  '') );
#993 = CARTESIAN_POINT('',(96.25,52.5));
#994 = CARTESIAN_POINT('',(96.25,50.334936490539));
#995 = CARTESIAN_POINT('',(94.375,51.417468245269));
#996 = CARTESIAN_POINT('',(92.5,52.5));
#997 = CARTESIAN_POINT('',(94.375,53.582531754731));
#998 = CARTESIAN_POINT('',(96.25,54.665063509461));
#999 = CARTESIAN_POINT('',(96.25,52.5));
#1000 = ( GEOMETRIC_REPRESENTATION_CONTEXT(2) 
PARAMETRIC_REPRESENTATION_CONTEXT() REPRESENTATION_CONTEXT('2D SPACE',''
  ) );
#1001 = PCURVE('',#1002,#1007);
#1002 = CYLINDRICAL_SURFACE('',#1003,1.25);
#1003 = AXIS2_PLACEMENT_3D('',#1004,#1005,#1006);
#1004 = CARTESIAN_POINT('',(95.0000001,52.5000001,53.0000001));
#1005 = DIRECTION('',(-0.,-0.,-1.));
#1006 = DIRECTION('',(1.,0.,0.));
#1007 = DEFINITIONAL_REPRESENTATION('',(#1008),#1012);
#1008 = LINE('',#1009,#1010);
#1009 = CARTESIAN_POINT('',(-6.28318530718,-8.));
#1010 = VECTOR('',#1011,1.);
#1011 = DIRECTION('',(1.,-0.));
#1012 = ( GEOMETRIC_REPRESENTATION_CONTEXT(2) 
PARAMETRIC_REPRESENTATION_CONTEXT() REPRESENTATION_CONTEXT('2D SPACE',''
  ) );
#1013 = ADVANCED_FACE('',(#1014),#194,.T.);
#1014 = FACE_BOUND('',#1015,.T.);
#1015 = EDGE_LOOP('',(#1016,#1039,#1040,#1041));
#1016 = ORIENTED_EDGE('',*,*,#1017,.F.);
#1017 = EDGE_CURVE('',#151,#1018,#1020,.T.);
#1018 = VERTEX_POINT('',#1019);
#1019 = CARTESIAN_POINT('',(140.0000001,57.0000001,9.999999983634E-08));
#1020 = SURFACE_CURVE('',#1021,(#1025,#1032),.PCURVE_S1.);
#1021 = LINE('',#1022,#1023);
#1022 = CARTESIAN_POINT('',(9.999999406318E-08,57.0000001,
    1.000000011686E-07));
#1023 = VECTOR('',#1024,1.);
#1024 = DIRECTION('',(1.,0.,0.));
#1025 = PCURVE('',#194,#1026);
#1026 = DEFINITIONAL_REPRESENTATION('',(#1027),#1031);
#1027 = LINE('',#1028,#1029);
#1028 = CARTESIAN_POINT('',(0.,0.));
#1029 = VECTOR('',#1030,1.);
#1030 = DIRECTION('',(0.,1.));
#1031 = ( GEOMETRIC_REPRESENTATION_CONTEXT(2) 
PARAMETRIC_REPRESENTATION_CONTEXT() REPRESENTATION_CONTEXT('2D SPACE',''
  ) );
#1032 = PCURVE('',#166,#1033);
#1033 = DEFINITIONAL_REPRESENTATION('',(#1034),#1038);
#1034 = LINE('',#1035,#1036);
#1035 = CARTESIAN_POINT('',(0.,57.));
#1036 = VECTOR('',#1037,1.);
#1037 = DIRECTION('',(1.,0.));
#1038 = ( GEOMETRIC_REPRESENTATION_CONTEXT(2) 
PARAMETRIC_REPRESENTATION_CONTEXT() REPRESENTATION_CONTEXT('2D SPACE',''
  ) );
#1039 = ORIENTED_EDGE('',*,*,#178,.T.);
#1040 = ORIENTED_EDGE('',*,*,#474,.T.);
#1041 = ORIENTED_EDGE('',*,*,#1042,.F.);
#1042 = EDGE_CURVE('',#1018,#452,#1043,.T.);
#1043 = SURFACE_CURVE('',#1044,(#1048,#1055),.PCURVE_S1.);
#1044 = LINE('',#1045,#1046);
#1045 = CARTESIAN_POINT('',(140.0000001,57.0000001,1.000000011686E-07));
#1046 = VECTOR('',#1047,1.);
#1047 = DIRECTION('',(0.,0.,1.));
#1048 = PCURVE('',#194,#1049);
#1049 = DEFINITIONAL_REPRESENTATION('',(#1050),#1054);
#1050 = LINE('',#1051,#1052);
#1051 = CARTESIAN_POINT('',(0.,140.));
#1052 = VECTOR('',#1053,1.);
#1053 = DIRECTION('',(1.,0.));
#1054 = ( GEOMETRIC_REPRESENTATION_CONTEXT(2) 
PARAMETRIC_REPRESENTATION_CONTEXT() REPRESENTATION_CONTEXT('2D SPACE',''
  ) );
#1055 = PCURVE('',#253,#1056);
#1056 = DEFINITIONAL_REPRESENTATION('',(#1057),#1061);
#1057 = LINE('',#1058,#1059);
#1058 = CARTESIAN_POINT('',(0.,-57.));
#1059 = VECTOR('',#1060,1.);
#1060 = DIRECTION('',(1.,0.));
#1061 = ( GEOMETRIC_REPRESENTATION_CONTEXT(2) 
PARAMETRIC_REPRESENTATION_CONTEXT() REPRESENTATION_CONTEXT('2D SPACE',''
  ) );
#1062 = ADVANCED_FACE('',(#1063),#166,.F.);
#1063 = FACE_BOUND('',#1064,.F.);
#1064 = EDGE_LOOP('',(#1065,#1066,#1089,#1110));
#1065 = ORIENTED_EDGE('',*,*,#150,.F.);
#1066 = ORIENTED_EDGE('',*,*,#1067,.F.);
#1067 = EDGE_CURVE('',#1068,#118,#1070,.T.);
#1068 = VERTEX_POINT('',#1069);
#1069 = CARTESIAN_POINT('',(140.0000001,45.859064744148,
    9.999999983634E-08));
#1070 = SURFACE_CURVE('',#1071,(#1075,#1082),.PCURVE_S1.);
#1071 = LINE('',#1072,#1073);
#1072 = CARTESIAN_POINT('',(-10.9999999,45.859064744148,
    9.999999983634E-08));
#1073 = VECTOR('',#1074,1.);
#1074 = DIRECTION('',(-1.,-0.,-0.));
#1075 = PCURVE('',#166,#1076);
#1076 = DEFINITIONAL_REPRESENTATION('',(#1077),#1081);
#1077 = LINE('',#1078,#1079);
#1078 = CARTESIAN_POINT('',(-11.,45.859064644148));
#1079 = VECTOR('',#1080,1.);
#1080 = DIRECTION('',(-1.,0.));
#1081 = ( GEOMETRIC_REPRESENTATION_CONTEXT(2) 
PARAMETRIC_REPRESENTATION_CONTEXT() REPRESENTATION_CONTEXT('2D SPACE',''
  ) );
#1082 = PCURVE('',#138,#1083);
#1083 = DEFINITIONAL_REPRESENTATION('',(#1084),#1088);
#1084 = LINE('',#1085,#1086);
#1085 = CARTESIAN_POINT('',(-9.388787510752E-02,0.));
#1086 = VECTOR('',#1087,1.);
#1087 = DIRECTION('',(-0.,1.));
#1088 = ( GEOMETRIC_REPRESENTATION_CONTEXT(2) 
PARAMETRIC_REPRESENTATION_CONTEXT() REPRESENTATION_CONTEXT('2D SPACE',''
  ) );
#1089 = ORIENTED_EDGE('',*,*,#1090,.T.);
#1090 = EDGE_CURVE('',#1068,#1018,#1091,.T.);
#1091 = SURFACE_CURVE('',#1092,(#1096,#1103),.PCURVE_S1.);
#1092 = LINE('',#1093,#1094);
#1093 = CARTESIAN_POINT('',(140.0000001,9.999999939225E-08,
    1.000000011686E-07));
#1094 = VECTOR('',#1095,1.);
#1095 = DIRECTION('',(0.,1.,0.));
#1096 = PCURVE('',#166,#1097);
#1097 = DEFINITIONAL_REPRESENTATION('',(#1098),#1102);
#1098 = LINE('',#1099,#1100);
#1099 = CARTESIAN_POINT('',(140.,0.));
#1100 = VECTOR('',#1101,1.);
#1101 = DIRECTION('',(0.,1.));
#1102 = ( GEOMETRIC_REPRESENTATION_CONTEXT(2) 
PARAMETRIC_REPRESENTATION_CONTEXT() REPRESENTATION_CONTEXT('2D SPACE',''
  ) );
#1103 = PCURVE('',#253,#1104);
#1104 = DEFINITIONAL_REPRESENTATION('',(#1105),#1109);
#1105 = LINE('',#1106,#1107);
#1106 = CARTESIAN_POINT('',(0.,0.));
#1107 = VECTOR('',#1108,1.);
#1108 = DIRECTION('',(0.,-1.));
#1109 = ( GEOMETRIC_REPRESENTATION_CONTEXT(2) 
PARAMETRIC_REPRESENTATION_CONTEXT() REPRESENTATION_CONTEXT('2D SPACE',''
  ) );
#1110 = ORIENTED_EDGE('',*,*,#1017,.F.);
#1111 = ADVANCED_FACE('',(#1112,#1165,#1336,#1507,#1678,#1849,#2020),
  #138,.F.);
#1112 = FACE_BOUND('',#1113,.T.);
#1113 = EDGE_LOOP('',(#1114,#1142,#1163,#1164));
#1114 = ORIENTED_EDGE('',*,*,#1115,.F.);
#1115 = EDGE_CURVE('',#1116,#1068,#1118,.T.);
#1116 = VERTEX_POINT('',#1117);
#1117 = CARTESIAN_POINT('',(140.0000001,14.3000001,28.9985938191));
#1118 = SURFACE_CURVE('',#1119,(#1124,#1131),.PCURVE_S1.);
#1119 = CIRCLE('',#1120,32.);
#1120 = AXIS2_PLACEMENT_3D('',#1121,#1122,#1123);
#1121 = CARTESIAN_POINT('',(140.0000001,14.0000001,-2.9999999));
#1122 = DIRECTION('',(-1.,0.,0.));
#1123 = DIRECTION('',(0.,1.,0.));
#1124 = PCURVE('',#138,#1125);
#1125 = DEFINITIONAL_REPRESENTATION('',(#1126),#1130);
#1126 = LINE('',#1127,#1128);
#1127 = CARTESIAN_POINT('',(-6.28318530718,-151.));
#1128 = VECTOR('',#1129,1.);
#1129 = DIRECTION('',(1.,-0.));
#1130 = ( GEOMETRIC_REPRESENTATION_CONTEXT(2) 
PARAMETRIC_REPRESENTATION_CONTEXT() REPRESENTATION_CONTEXT('2D SPACE',''
  ) );
#1131 = PCURVE('',#253,#1132);
#1132 = DEFINITIONAL_REPRESENTATION('',(#1133),#1141);
#1133 = ( BOUNDED_CURVE() B_SPLINE_CURVE(2,(#1134,#1135,#1136,#1137,
#1138,#1139,#1140),.UNSPECIFIED.,.T.,.F.) B_SPLINE_CURVE_WITH_KNOTS((1,2
    ,2,2,2,1),(-2.094395102393,0.,2.094395102393,4.188790204786,
6.28318530718,8.377580409573),.UNSPECIFIED.) CURVE() 
GEOMETRIC_REPRESENTATION_ITEM() RATIONAL_B_SPLINE_CURVE((1.,0.5,1.,0.5,
1.,0.5,1.)) REPRESENTATION_ITEM('') );
#1134 = CARTESIAN_POINT('',(-3.,-46.));
#1135 = CARTESIAN_POINT('',(-58.4256258422,-46.));
#1136 = CARTESIAN_POINT('',(-30.7128129211,2.));
#1137 = CARTESIAN_POINT('',(-3.,50.));
#1138 = CARTESIAN_POINT('',(24.712812921102,2.));
#1139 = CARTESIAN_POINT('',(52.425625842204,-46.));
#1140 = CARTESIAN_POINT('',(-3.,-46.));
#1141 = ( GEOMETRIC_REPRESENTATION_CONTEXT(2) 
PARAMETRIC_REPRESENTATION_CONTEXT() REPRESENTATION_CONTEXT('2D SPACE',''
  ) );
#1142 = ORIENTED_EDGE('',*,*,#1143,.T.);
#1143 = EDGE_CURVE('',#1116,#90,#1144,.T.);
#1144 = SURFACE_CURVE('',#1145,(#1149,#1156),.PCURVE_S1.);
#1145 = LINE('',#1146,#1147);
#1146 = CARTESIAN_POINT('',(-10.9999999,14.3000001,28.9985938191));
#1147 = VECTOR('',#1148,1.);
#1148 = DIRECTION('',(-1.,-0.,-0.));
#1149 = PCURVE('',#138,#1150);
#1150 = DEFINITIONAL_REPRESENTATION('',(#1151),#1155);
#1151 = LINE('',#1152,#1153);
#1152 = CARTESIAN_POINT('',(-1.56142118946,0.));
#1153 = VECTOR('',#1154,1.);
#1154 = DIRECTION('',(-0.,1.));
#1155 = ( GEOMETRIC_REPRESENTATION_CONTEXT(2) 
PARAMETRIC_REPRESENTATION_CONTEXT() REPRESENTATION_CONTEXT('2D SPACE',''
  ) );
#1156 = PCURVE('',#105,#1157);
#1157 = DEFINITIONAL_REPRESENTATION('',(#1158),#1162);
#1158 = LINE('',#1159,#1160);
#1159 = CARTESIAN_POINT('',(231.9985937191,9.));
#1160 = VECTOR('',#1161,1.);
#1161 = DIRECTION('',(0.,-1.));
#1162 = ( GEOMETRIC_REPRESENTATION_CONTEXT(2) 
PARAMETRIC_REPRESENTATION_CONTEXT() REPRESENTATION_CONTEXT('2D SPACE',''
  ) );
#1163 = ORIENTED_EDGE('',*,*,#117,.T.);
#1164 = ORIENTED_EDGE('',*,*,#1067,.F.);
#1165 = FACE_BOUND('',#1166,.T.);
#1166 = EDGE_LOOP('',(#1167));
#1167 = ORIENTED_EDGE('',*,*,#1168,.F.);
#1168 = EDGE_CURVE('',#1169,#1169,#1171,.T.);
#1169 = VERTEX_POINT('',#1170);
#1170 = CARTESIAN_POINT('',(126.2500001,44.983866869659,5.0000001));
#1171 = SURFACE_CURVE('',#1172,(#1223,#1277),.PCURVE_S1.);
#1172 = B_SPLINE_CURVE_WITH_KNOTS('',7,(#1173,#1174,#1175,#1176,#1177,
    #1178,#1179,#1180,#1181,#1182,#1183,#1184,#1185,#1186,#1187,#1188,
    #1189,#1190,#1191,#1192,#1193,#1194,#1195,#1196,#1197,#1198,#1199,
    #1200,#1201,#1202,#1203,#1204,#1205,#1206,#1207,#1208,#1209,#1210,
    #1211,#1212,#1213,#1214,#1215,#1216,#1217,#1218,#1219,#1220,#1221,
    #1222),.UNSPECIFIED.,.T.,.F.,(8,6,6,6,6,6,6,6,8),(0.,0.136250972023,
    0.248703867405,0.380038773274,0.511613660309,0.626575484957,
    0.759641297423,0.902189349371,1.),.UNSPECIFIED.);
#1173 = CARTESIAN_POINT('',(126.2500001,44.983866869659,5.0000001));
#1174 = CARTESIAN_POINT('',(126.2500001,44.93899021413,5.1738066395));
#1175 = CARTESIAN_POINT('',(126.22180545842,44.893775072186,
    5.344224889029));
#1176 = CARTESIAN_POINT('',(126.16739374834,44.84969073786,
    5.505866341928));
#1177 = CARTESIAN_POINT('',(126.08992824474,44.808248243204,
    5.654044736979));
#1178 = CARTESIAN_POINT('',(125.99364839506,44.770868421454,
    5.785051221235));
#1179 = CARTESIAN_POINT('',(125.88373385032,44.738604260165,
    5.896474006742));
#1180 = CARTESIAN_POINT('',(125.66907440405,44.689876799738,
    6.062980941062));
#1181 = CARTESIAN_POINT('',(125.56543188033,44.671331877592,
    6.125552024051));
#1182 = CARTESIAN_POINT('',(125.45689218313,44.656403407747,
    6.175450340055));
#1183 = CARTESIAN_POINT('',(125.34487604773,44.645170404479,
    6.212765439667));
#1184 = CARTESIAN_POINT('',(125.23062846186,44.637673816283,
    6.23759280331));
#1185 = CARTESIAN_POINT('',(125.11529713745,44.633927370267,6.2500001));
#1186 = CARTESIAN_POINT('',(124.86534349102,44.633927370267,6.2500001));
#1187 = CARTESIAN_POINT('',(124.73070495866,44.639037178446,
    6.233077199325));
#1188 = CARTESIAN_POINT('',(124.59863336689,44.649255980691,
    6.19923605555));
#1189 = CARTESIAN_POINT('',(124.47166361094,44.664368981668,
    6.148970716346));
#1190 = CARTESIAN_POINT('',(124.35220711099,44.683964248969,
    6.083225192103));
#1191 = CARTESIAN_POINT('',(124.24245817312,44.707466562371,
    6.003372314967));
#1192 = CARTESIAN_POINT('',(124.04599493257,44.760958801152,
    5.818881051992));
#1193 = CARTESIAN_POINT('',(123.95558695728,44.791976734808,
    5.710690262608));
#1194 = CARTESIAN_POINT('',(123.87746899774,44.82675519928,
    5.587585228226));
#1195 = CARTESIAN_POINT('',(123.81534875324,44.864422647339,
    5.451689181082));
#1196 = CARTESIAN_POINT('',(123.77216523023,44.903905813371,
    5.305995806818));
#1197 = CARTESIAN_POINT('',(123.7500001,44.944077168185,5.154104951161)
  );
#1198 = CARTESIAN_POINT('',(123.7500001,45.018632597275,4.865353015927)
  );
#1199 = CARTESIAN_POINT('',(123.76692183722,45.0526691271,4.730710231694
    ));
#1200 = CARTESIAN_POINT('',(123.80076018261,45.085316859207,
    4.598638252568));
#1201 = CARTESIAN_POINT('',(123.85102925687,45.116011604602,
    4.471661543175));
#1202 = CARTESIAN_POINT('',(123.91678148107,45.14429449756,
    4.352196116846));
#1203 = CARTESIAN_POINT('',(123.99663211964,45.169809252032,
    4.242453663723));
#1204 = CARTESIAN_POINT('',(124.19545926645,45.218303991331,
    4.030724257448));
#1205 = CARTESIAN_POINT('',(124.31511380325,45.239397681682,
    3.936410915494));
#1206 = CARTESIAN_POINT('',(124.44399358865,45.255867008918,
    3.861433241441));
#1207 = CARTESIAN_POINT('',(124.57919723878,45.267996852816,
    3.805557608404));
#1208 = CARTESIAN_POINT('',(124.71831122771,45.275994906033,
    3.76849372786));
#1209 = CARTESIAN_POINT('',(124.85923482127,45.279985713807,3.7500001));
#1210 = CARTESIAN_POINT('',(125.15079628041,45.279985713807,3.7500001));
#1211 = CARTESIAN_POINT('',(125.30184672085,45.275405888374,
    3.771223216849));
#1212 = CARTESIAN_POINT('',(125.45070018055,45.266218011863,
    3.813801143838));
#1213 = CARTESIAN_POINT('',(125.59471076169,45.252257491981,
    3.878053527815));
#1214 = CARTESIAN_POINT('',(125.73080415048,45.233259766342,
    3.964318556061));
#1215 = CARTESIAN_POINT('',(125.85525297011,45.208866554002,
    4.072805097683));
#1216 = CARTESIAN_POINT('',(126.03717046108,45.158062972929,
    4.292705569174));
#1217 = CARTESIAN_POINT('',(126.10385304781,45.134562262993,
    4.393059908921));
#1218 = CARTESIAN_POINT('',(126.16039595241,45.108354457114,
    4.50316895719));
#1219 = CARTESIAN_POINT('',(126.20457234609,45.079703821388,
    4.621263211477));
#1220 = CARTESIAN_POINT('',(126.23476365756,45.049021790689,
    4.745117595572));
#1221 = CARTESIAN_POINT('',(126.2500001,45.016856174913,4.87223307015));
#1222 = CARTESIAN_POINT('',(126.2500001,44.983866869659,5.0000001));
#1223 = PCURVE('',#138,#1224);
#1224 = DEFINITIONAL_REPRESENTATION('',(#1225),#1276);
#1225 = B_SPLINE_CURVE_WITH_KNOTS('',7,(#1226,#1227,#1228,#1229,#1230,
    #1231,#1232,#1233,#1234,#1235,#1236,#1237,#1238,#1239,#1240,#1241,
    #1242,#1243,#1244,#1245,#1246,#1247,#1248,#1249,#1250,#1251,#1252,
    #1253,#1254,#1255,#1256,#1257,#1258,#1259,#1260,#1261,#1262,#1263,
    #1264,#1265,#1266,#1267,#1268,#1269,#1270,#1271,#1272,#1273,#1274,
    #1275),.UNSPECIFIED.,.T.,.F.,(8,6,6,6,6,6,6,6,8),(0.,0.136250972023,
    0.248703867405,0.380038773274,0.511613660309,0.626575484957,
    0.759641297423,0.902189349371,1.),.UNSPECIFIED.);
#1226 = CARTESIAN_POINT('',(-0.252680255142,-137.25));
#1227 = CARTESIAN_POINT('',(-0.258289837083,-137.25));
#1228 = CARTESIAN_POINT('',(-0.263799542137,-137.2218053584));
#1229 = CARTESIAN_POINT('',(-0.269035132345,-137.1673936483));
#1230 = CARTESIAN_POINT('',(-0.273843263359,-137.0899281447));
#1231 = CARTESIAN_POINT('',(-0.278100552185,-136.993648295));
#1232 = CARTESIAN_POINT('',(-0.281725538924,-136.8837337503));
#1233 = CARTESIAN_POINT('',(-0.287147114436,-136.669074304));
#1234 = CARTESIAN_POINT('',(-0.289186522153,-136.5654317803));
#1235 = CARTESIAN_POINT('',(-0.290814129264,-136.4568920831));
#1236 = CARTESIAN_POINT('',(-0.29203191576,-136.3448759477));
#1237 = CARTESIAN_POINT('',(-0.292842367977,-136.2306283618));
#1238 = CARTESIAN_POINT('',(-0.293247386391,-136.1152970374));
#1239 = CARTESIAN_POINT('',(-0.293247386391,-135.865343391));
#1240 = CARTESIAN_POINT('',(-0.292694964376,-135.7307048586));
#1241 = CARTESIAN_POINT('',(-0.29159026446,-135.5986332668));
#1242 = CARTESIAN_POINT('',(-0.289950012548,-135.4716635109));
#1243 = CARTESIAN_POINT('',(-0.287806164838,-135.3522070109));
#1244 = CARTESIAN_POINT('',(-0.285204947224,-135.2424580731));
#1245 = CARTESIAN_POINT('',(-0.279202144679,-135.0459948325));
#1246 = CARTESIAN_POINT('',(-0.275684992956,-134.9555868572));
#1247 = CARTESIAN_POINT('',(-0.271687436804,-134.8774688977));
#1248 = CARTESIAN_POINT('',(-0.267280678566,-134.8153486532));
#1249 = CARTESIAN_POINT('',(-0.262563671725,-134.7721651302));
#1250 = CARTESIAN_POINT('',(-0.257653967826,-134.75));
#1251 = CARTESIAN_POINT('',(-0.24833453919,-134.75));
#1252 = CARTESIAN_POINT('',(-0.243994649862,-134.7669217372));
#1253 = CARTESIAN_POINT('',(-0.239743264703,-134.8007600826));
#1254 = CARTESIAN_POINT('',(-0.235661038281,-134.8510291568));
#1255 = CARTESIAN_POINT('',(-0.231824599922,-134.916781381));
#1256 = CARTESIAN_POINT('',(-0.228303697739,-134.9966320196));
#1257 = CARTESIAN_POINT('',(-0.221515820705,-135.1954591664));
#1258 = CARTESIAN_POINT('',(-0.218495753561,-135.3151137032));
#1259 = CARTESIAN_POINT('',(-0.216096858869,-135.4439934886));
#1260 = CARTESIAN_POINT('',(-0.214310075925,-135.5791971387));
#1261 = CARTESIAN_POINT('',(-0.213125169302,-135.7183111277));
#1262 = CARTESIAN_POINT('',(-0.212533940404,-135.8592347212));
#1263 = CARTESIAN_POINT('',(-0.212533940404,-136.1507961804));
#1264 = CARTESIAN_POINT('',(-0.213212429348,-136.3018466208));
#1265 = CARTESIAN_POINT('',(-0.214573615653,-136.4507000805));
#1266 = CARTESIAN_POINT('',(-0.216628349981,-136.5947106616));
#1267 = CARTESIAN_POINT('',(-0.21938870378,-136.7308040504));
#1268 = CARTESIAN_POINT('',(-0.222863491776,-136.8552528701));
#1269 = CARTESIAN_POINT('',(-0.229916390477,-137.037170361));
#1270 = CARTESIAN_POINT('',(-0.233137291345,-137.1038529478));
#1271 = CARTESIAN_POINT('',(-0.236674284237,-137.1603958524));
#1272 = CARTESIAN_POINT('',(-0.240471714512,-137.204572246));
#1273 = CARTESIAN_POINT('',(-0.244459078293,-137.2347635575));
#1274 = CARTESIAN_POINT('',(-0.248556591985,-137.25));
#1275 = CARTESIAN_POINT('',(-0.252680255142,-137.25));
#1276 = ( GEOMETRIC_REPRESENTATION_CONTEXT(2) 
PARAMETRIC_REPRESENTATION_CONTEXT() REPRESENTATION_CONTEXT('2D SPACE',''
  ) );
#1277 = PCURVE('',#1278,#1283);
#1278 = CYLINDRICAL_SURFACE('',#1279,1.25);
#1279 = AXIS2_PLACEMENT_3D('',#1280,#1281,#1282);
#1280 = CARTESIAN_POINT('',(125.0000001,44.0000001,5.0000001));
#1281 = DIRECTION('',(0.,-1.,0.));
#1282 = DIRECTION('',(1.,0.,0.));
#1283 = DEFINITIONAL_REPRESENTATION('',(#1284),#1335);
#1284 = B_SPLINE_CURVE_WITH_KNOTS('',7,(#1285,#1286,#1287,#1288,#1289,
    #1290,#1291,#1292,#1293,#1294,#1295,#1296,#1297,#1298,#1299,#1300,
    #1301,#1302,#1303,#1304,#1305,#1306,#1307,#1308,#1309,#1310,#1311,
    #1312,#1313,#1314,#1315,#1316,#1317,#1318,#1319,#1320,#1321,#1322,
    #1323,#1324,#1325,#1326,#1327,#1328,#1329,#1330,#1331,#1332,#1333,
    #1334),.UNSPECIFIED.,.F.,.F.,(8,6,6,6,6,6,6,6,8),(0.,0.136250972023,
    0.248703867405,0.380038773274,0.511613660309,0.626575484957,
    0.759641297423,0.902189349371,1.),.UNSPECIFIED.);
#1285 = CARTESIAN_POINT('',(0.,-0.983866769659));
#1286 = CARTESIAN_POINT('',(0.1390452316,-0.93899011413));
#1287 = CARTESIAN_POINT('',(0.275379882132,-0.893774972186));
#1288 = CARTESIAN_POINT('',(0.409083453122,-0.84969063786));
#1289 = CARTESIAN_POINT('',(0.540029854371,-0.808248143204));
#1290 = CARTESIAN_POINT('',(0.667883689928,-0.770868321454));
#1291 = CARTESIAN_POINT('',(0.791996692289,-0.738604160165));
#1292 = CARTESIAN_POINT('',(1.009330701846,-0.689876699738));
#1293 = CARTESIAN_POINT('',(1.10552642892,-0.671331777592));
#1294 = CARTESIAN_POINT('',(1.200151165525,-0.656403307747));
#1295 = CARTESIAN_POINT('',(1.293615140286,-0.645170304479));
#1296 = CARTESIAN_POINT('',(1.386293125314,-0.637673716283));
#1297 = CARTESIAN_POINT('',(1.47855869683,-0.633927270267));
#1298 = CARTESIAN_POINT('',(1.678521613973,-0.633927270267));
#1299 = CARTESIAN_POINT('',(1.78623189743,-0.639037078446));
#1300 = CARTESIAN_POINT('',(1.893932759046,-0.649255880691));
#1301 = CARTESIAN_POINT('',(2.001629922544,-0.664368881668));
#1302 = CARTESIAN_POINT('',(2.109340571174,-0.683964148969));
#1303 = CARTESIAN_POINT('',(2.217073565836,-0.707466462371));
#1304 = CARTESIAN_POINT('',(2.432680364991,-0.760958701152));
#1305 = CARTESIAN_POINT('',(2.544652654685,-0.791976634808));
#1306 = CARTESIAN_POINT('',(2.659680408307,-0.82675509928));
#1307 = CARTESIAN_POINT('',(2.777178813016,-0.864422547339));
#1308 = CARTESIAN_POINT('',(2.896796889379,-0.903905713371));
#1309 = CARTESIAN_POINT('',(3.018308772661,-0.944077068185));
#1310 = CARTESIAN_POINT('',(3.249310320848,-1.018632497275));
#1311 = CARTESIAN_POINT('',(3.357024276864,-1.0526690271));
#1312 = CARTESIAN_POINT('',(3.464724352217,-1.085316759207));
#1313 = CARTESIAN_POINT('',(3.572427451699,-1.116011504602));
#1314 = CARTESIAN_POINT('',(3.680147033488,-1.14429439756));
#1315 = CARTESIAN_POINT('',(3.787874841431,-1.169809152032));
#1316 = CARTESIAN_POINT('',(4.020235355518,-1.218303891331));
#1317 = CARTESIAN_POINT('',(4.140764082453,-1.239397581682));
#1318 = CARTESIAN_POINT('',(4.258231371738,-1.255866908918));
#1319 = CARTESIAN_POINT('',(4.373413258685,-1.267996752816));
#1320 = CARTESIAN_POINT('',(4.487038121311,-1.275994806033));
#1321 = CARTESIAN_POINT('',(4.599776757407,-1.279985613807));
#1322 = CARTESIAN_POINT('',(4.833025924717,-1.279985613807));
#1323 = CARTESIAN_POINT('',(4.953865835655,-1.275405788374));
#1324 = CARTESIAN_POINT('',(5.075818250856,-1.266217911863));
#1325 = CARTESIAN_POINT('',(5.199668721635,-1.252257391981));
#1326 = CARTESIAN_POINT('',(5.326295063738,-1.233259666342));
#1327 = CARTESIAN_POINT('',(5.456629058425,-1.208866454002));
#1328 = CARTESIAN_POINT('',(5.684944897046,-1.158062872929));
#1329 = CARTESIAN_POINT('',(5.780807935899,-1.134562162993));
#1330 = CARTESIAN_POINT('',(5.878825344184,-1.108354357114));
#1331 = CARTESIAN_POINT('',(5.978450245736,-1.079703721388));
#1332 = CARTESIAN_POINT('',(6.079279777532,-1.049021690689));
#1333 = CARTESIAN_POINT('',(6.180971683299,-1.016856074913));
#1334 = CARTESIAN_POINT('',(6.28318530718,-0.983866769659));
#1335 = ( GEOMETRIC_REPRESENTATION_CONTEXT(2) 
PARAMETRIC_REPRESENTATION_CONTEXT() REPRESENTATION_CONTEXT('2D SPACE',''
  ) );
#1336 = FACE_BOUND('',#1337,.T.);
#1337 = EDGE_LOOP('',(#1338));
#1338 = ORIENTED_EDGE('',*,*,#1339,.T.);
#1339 = EDGE_CURVE('',#1340,#1340,#1342,.T.);
#1340 = VERTEX_POINT('',#1341);
#1341 = CARTESIAN_POINT('',(126.2500001,20.0000001,28.432467391003));
#1342 = SURFACE_CURVE('',#1343,(#1394,#1448),.PCURVE_S1.);
#1343 = B_SPLINE_CURVE_WITH_KNOTS('',7,(#1344,#1345,#1346,#1347,#1348,
    #1349,#1350,#1351,#1352,#1353,#1354,#1355,#1356,#1357,#1358,#1359,
    #1360,#1361,#1362,#1363,#1364,#1365,#1366,#1367,#1368,#1369,#1370,
    #1371,#1372,#1373,#1374,#1375,#1376,#1377,#1378,#1379,#1380,#1381,
    #1382,#1383,#1384,#1385,#1386,#1387,#1388,#1389,#1390,#1391,#1392,
    #1393),.UNSPECIFIED.,.T.,.F.,(8,6,6,6,6,6,6,6,8),(0.,0.13552871364,
    0.248745457056,0.381338645384,0.51301840765,0.627549858038,
    0.760668786888,0.907901473935,1.),.UNSPECIFIED.);
#1344 = CARTESIAN_POINT('',(126.2500001,20.0000001,28.432467391003));
#1345 = CARTESIAN_POINT('',(126.2500001,20.17479285505,28.399102000988)
  );
#1346 = CARTESIAN_POINT('',(126.22148460934,20.345881298948,
    28.365268361018));
#1347 = CARTESIAN_POINT('',(126.16662785295,20.507813324483,
    28.332091810564));
#1348 = CARTESIAN_POINT('',(126.08877951476,20.655901084926,
    28.300768695615));
#1349 = CARTESIAN_POINT('',(125.99236560138,20.786477256933,
    28.272450617203));
#1350 = CARTESIAN_POINT('',(125.88276140899,20.897228309553,
    28.247989424503));
#1351 = CARTESIAN_POINT('',(125.66870670422,21.063266158286,
    28.210835874223));
#1352 = CARTESIAN_POINT('',(125.56482125637,21.125890444969,
    28.196598624937));
#1353 = CARTESIAN_POINT('',(125.45619897556,21.175713321575,
    28.185139697665));
#1354 = CARTESIAN_POINT('',(125.34425078208,21.212910522449,
    28.176519598586));
#1355 = CARTESIAN_POINT('',(125.2301809982,21.237639653926,
    28.170767442034));
#1356 = CARTESIAN_POINT('',(125.11507920897,21.2500001,28.16789223277));
#1357 = CARTESIAN_POINT('',(124.86522581212,21.2500001,28.16789223277));
#1358 = CARTESIAN_POINT('',(124.73055517441,21.233047479085,
    28.171835476993));
#1359 = CARTESIAN_POINT('',(124.59854986138,21.1991863383,
    28.179712396528));
#1360 = CARTESIAN_POINT('',(124.47170612421,21.148954176312,
    28.191335099015));
#1361 = CARTESIAN_POINT('',(124.35235452443,21.083295785965,
    28.206364327697));
#1362 = CARTESIAN_POINT('',(124.24260199339,21.00350737119,
    28.224346711907));
#1363 = CARTESIAN_POINT('',(124.04670752625,20.819550222006,
    28.265037264287));
#1364 = CARTESIAN_POINT('',(123.95649805744,20.711882556946,
    28.288523250388));
#1365 = CARTESIAN_POINT('',(123.87825636315,20.589062823659,
    28.314828429762));
#1366 = CARTESIAN_POINT('',(123.81585355228,20.45317545458,
    28.343243592459));
#1367 = CARTESIAN_POINT('',(123.77236785522,20.307213621322,
    28.372903414176));
#1368 = CARTESIAN_POINT('',(123.7500001,20.154807291346,28.402916953888)
  );
#1369 = CARTESIAN_POINT('',(123.7500001,19.86535304528,28.458169551793)
  );
#1370 = CARTESIAN_POINT('',(123.7669218651,19.730710088494,
    28.483173570687));
#1371 = CARTESIAN_POINT('',(123.80076016589,19.598638222199,
    28.506991508423));
#1372 = CARTESIAN_POINT('',(123.85102928759,19.471661556962,
    28.529224566622));
#1373 = CARTESIAN_POINT('',(123.91678153349,19.352196095517,
    28.549569175207));
#1374 = CARTESIAN_POINT('',(123.99663195607,19.242453837903,
    28.567809103833));
#1375 = CARTESIAN_POINT('',(124.19590302955,19.030251697741,
    28.602372237927));
#1376 = CARTESIAN_POINT('',(124.31590186324,18.935847692512,
    28.617255237399));
#1377 = CARTESIAN_POINT('',(124.44491138193,18.861001688592,
    28.628766784384));
#1378 = CARTESIAN_POINT('',(124.58002352525,18.805327636908,
    28.637192791241));
#1379 = CARTESIAN_POINT('',(124.71888478163,18.768425295543,
    28.64273176677));
#1380 = CARTESIAN_POINT('',(124.85949538715,18.7500001,28.645497410044)
  );
#1381 = CARTESIAN_POINT('',(125.15540163901,18.7500001,28.645497410044)
  );
#1382 = CARTESIAN_POINT('',(125.31103369459,18.77253919849,
    28.642114242012));
#1383 = CARTESIAN_POINT('',(125.46434776359,18.817741746384,
    28.63532954049));
#1384 = CARTESIAN_POINT('',(125.61254179253,18.886057470761,
    28.624971348732));
#1385 = CARTESIAN_POINT('',(125.75224535373,18.978016969039,
    28.610752426098));
#1386 = CARTESIAN_POINT('',(125.87922884385,19.094034019648,
    28.592260369488));
#1387 = CARTESIAN_POINT('',(126.05554203709,19.32133561874,
    28.554575829658));
#1388 = CARTESIAN_POINT('',(126.11653382155,19.418626077345,
    28.53815526975));
#1389 = CARTESIAN_POINT('',(126.16818485976,19.5246964262,
    28.519871344956));
#1390 = CARTESIAN_POINT('',(126.20851468071,19.637953822205,
    28.499868253181));
#1391 = CARTESIAN_POINT('',(126.23607877103,19.756417779697,
    28.478390072451));
#1392 = CARTESIAN_POINT('',(126.2500001,19.87787143392,28.455779973808)
  );
#1393 = CARTESIAN_POINT('',(126.2500001,20.0000001,28.432467391003));
#1394 = PCURVE('',#138,#1395);
#1395 = DEFINITIONAL_REPRESENTATION('',(#1396),#1447);
#1396 = B_SPLINE_CURVE_WITH_KNOTS('',7,(#1397,#1398,#1399,#1400,#1401,
    #1402,#1403,#1404,#1405,#1406,#1407,#1408,#1409,#1410,#1411,#1412,
    #1413,#1414,#1415,#1416,#1417,#1418,#1419,#1420,#1421,#1422,#1423,
    #1424,#1425,#1426,#1427,#1428,#1429,#1430,#1431,#1432,#1433,#1434,
    #1435,#1436,#1437,#1438,#1439,#1440,#1441,#1442,#1443,#1444,#1445,
    #1446),.UNSPECIFIED.,.T.,.F.,(8,6,6,6,6,6,6,6,8),(0.,0.13552871364,
    0.248745457056,0.381338645384,0.51301840765,0.627549858038,
    0.760668786888,0.907901473935,1.),.UNSPECIFIED.);
#1397 = CARTESIAN_POINT('',(-1.382179940619,-137.25));
#1398 = CARTESIAN_POINT('',(-1.376619042284,-137.25));
#1399 = CARTESIAN_POINT('',(-1.371169106509,-137.2214845093));
#1400 = CARTESIAN_POINT('',(-1.366003806356,-137.1666277529));
#1401 = CARTESIAN_POINT('',(-1.361273804961,-137.0887794147));
#1402 = CARTESIAN_POINT('',(-1.357098492019,-136.9923655013));
#1403 = CARTESIAN_POINT('',(-1.353554124171,-136.8827613089));
#1404 = CARTESIAN_POINT('',(-1.348237126672,-136.6687066042));
#1405 = CARTESIAN_POINT('',(-1.346230192194,-136.5648211563));
#1406 = CARTESIAN_POINT('',(-1.344632583583,-136.4561988755));
#1407 = CARTESIAN_POINT('',(-1.343439366606,-136.344250682));
#1408 = CARTESIAN_POINT('',(-1.342645950637,-136.2301808982));
#1409 = CARTESIAN_POINT('',(-1.342249374133,-136.1150791089));
#1410 = CARTESIAN_POINT('',(-1.342249374133,-135.8652257121));
#1411 = CARTESIAN_POINT('',(-1.342793285808,-135.7305550744));
#1412 = CARTESIAN_POINT('',(-1.343879701329,-135.5985497613));
#1413 = CARTESIAN_POINT('',(-1.345490925332,-135.4717060242));
#1414 = CARTESIAN_POINT('',(-1.347595804095,-135.3523544244));
#1415 = CARTESIAN_POINT('',(-1.3501517119,-135.2426018933));
#1416 = CARTESIAN_POINT('',(-1.356039327493,-135.0467074262));
#1417 = CARTESIAN_POINT('',(-1.359483045316,-134.9564979574));
#1418 = CARTESIAN_POINT('',(-1.363408159707,-134.8782562631));
#1419 = CARTESIAN_POINT('',(-1.36774638393,-134.8158534522));
#1420 = CARTESIAN_POINT('',(-1.372400777874,-134.7723677552));
#1421 = CARTESIAN_POINT('',(-1.377254867767,-134.75));
#1422 = CARTESIAN_POINT('',(-1.386463634084,-134.75));
#1423 = CARTESIAN_POINT('',(-1.390743111418,-134.7669217651));
#1424 = CARTESIAN_POINT('',(-1.394936844242,-134.8007600658));
#1425 = CARTESIAN_POINT('',(-1.398965148665,-134.8510291875));
#1426 = CARTESIAN_POINT('',(-1.402752141622,-134.9167814334));
#1427 = CARTESIAN_POINT('',(-1.406228615316,-134.996631856));
#1428 = CARTESIAN_POINT('',(-1.412947318697,-135.1959029295));
#1429 = CARTESIAN_POINT('',(-1.415933841578,-135.3159017632));
#1430 = CARTESIAN_POINT('',(-1.418300266128,-135.4449112819));
#1431 = CARTESIAN_POINT('',(-1.420059891896,-135.5800234252));
#1432 = CARTESIAN_POINT('',(-1.421226008086,-135.7188846816));
#1433 = CARTESIAN_POINT('',(-1.421808245687,-135.8594952871));
#1434 = CARTESIAN_POINT('',(-1.421808245687,-136.155401539));
#1435 = CARTESIAN_POINT('',(-1.421096008263,-136.3110335945));
#1436 = CARTESIAN_POINT('',(-1.419667605934,-136.4643476635));
#1437 = CARTESIAN_POINT('',(-1.417508340762,-136.6125416925));
#1438 = CARTESIAN_POINT('',(-1.414600486757,-136.7522452537));
#1439 = CARTESIAN_POINT('',(-1.410929260119,-136.8792287438));
#1440 = CARTESIAN_POINT('',(-1.403729125741,-137.055541937));
#1441 = CARTESIAN_POINT('',(-1.400645812102,-137.1165337215));
#1442 = CARTESIAN_POINT('',(-1.397282263411,-137.1681847597));
#1443 = CARTESIAN_POINT('',(-1.393688251751,-137.2085145807));
#1444 = CARTESIAN_POINT('',(-1.389925965564,-137.236078671));
#1445 = CARTESIAN_POINT('',(-1.386065371087,-137.25));
#1446 = CARTESIAN_POINT('',(-1.382179940619,-137.25));
#1447 = ( GEOMETRIC_REPRESENTATION_CONTEXT(2) 
PARAMETRIC_REPRESENTATION_CONTEXT() REPRESENTATION_CONTEXT('2D SPACE',''
  ) );
#1448 = PCURVE('',#1449,#1454);
#1449 = CYLINDRICAL_SURFACE('',#1450,1.25);
#1450 = AXIS2_PLACEMENT_3D('',#1451,#1452,#1453);
#1451 = CARTESIAN_POINT('',(125.0000001,20.0000001,22.0000001));
#1452 = DIRECTION('',(-0.,-0.,-1.));
#1453 = DIRECTION('',(1.,0.,0.));
#1454 = DEFINITIONAL_REPRESENTATION('',(#1455),#1506);
#1455 = B_SPLINE_CURVE_WITH_KNOTS('',7,(#1456,#1457,#1458,#1459,#1460,
    #1461,#1462,#1463,#1464,#1465,#1466,#1467,#1468,#1469,#1470,#1471,
    #1472,#1473,#1474,#1475,#1476,#1477,#1478,#1479,#1480,#1481,#1482,
    #1483,#1484,#1485,#1486,#1487,#1488,#1489,#1490,#1491,#1492,#1493,
    #1494,#1495,#1496,#1497,#1498,#1499,#1500,#1501,#1502,#1503,#1504,
    #1505),.UNSPECIFIED.,.F.,.F.,(8,6,6,6,6,6,6,6,8),(0.,0.13552871364,
    0.248745457056,0.381338645384,0.51301840765,0.627549858038,
    0.760668786888,0.907901473935,1.),.UNSPECIFIED.);
#1456 = CARTESIAN_POINT('',(0.,-6.432467291003));
#1457 = CARTESIAN_POINT('',(-0.13983420404,-6.399101900988));
#1458 = CARTESIAN_POINT('',(-0.276704990806,-6.365268261018));
#1459 = CARTESIAN_POINT('',(-0.410716260769,-6.332091710564));
#1460 = CARTESIAN_POINT('',(-0.541734178857,-6.300768595615));
#1461 = CARTESIAN_POINT('',(-0.669393772744,-6.272450517203));
#1462 = CARTESIAN_POINT('',(-0.792981249809,-6.247989324503));
#1463 = CARTESIAN_POINT('',(-1.009702983055,-6.210835774223));
#1464 = CARTESIAN_POINT('',(-1.106078450622,-6.196598524937));
#1465 = CARTESIAN_POINT('',(-1.20073573077,-6.185139597665));
#1466 = CARTESIAN_POINT('',(-1.29412281451,-6.176519498586));
#1467 = CARTESIAN_POINT('',(-1.386651015839,-6.170767342034));
#1468 = CARTESIAN_POINT('',(-1.478733039615,-6.16789213277));
#1469 = CARTESIAN_POINT('',(-1.678615757092,-6.16789213277));
#1470 = CARTESIAN_POINT('',(-1.786351821148,-6.171835376993));
#1471 = CARTESIAN_POINT('',(-1.89400475984,-6.179712296528));
#1472 = CARTESIAN_POINT('',(-2.00160553038,-6.191334999015));
#1473 = CARTESIAN_POINT('',(-2.109215847506,-6.206364227697));
#1474 = CARTESIAN_POINT('',(-2.216915731587,-6.224346611907));
#1475 = CARTESIAN_POINT('',(-2.431898335519,-6.265037164287));
#1476 = CARTESIAN_POINT('',(-2.543468419562,-6.288523150388));
#1477 = CARTESIAN_POINT('',(-2.658367563375,-6.314828329762));
#1478 = CARTESIAN_POINT('',(-2.775947882289,-6.343243492459));
#1479 = CARTESIAN_POINT('',(-2.895822563704,-6.372903314176));
#1480 = CARTESIAN_POINT('',(-3.017746900513,-6.402916853888));
#1481 = CARTESIAN_POINT('',(-3.249310297366,-6.458169451793));
#1482 = CARTESIAN_POINT('',(-3.357024400128,-6.483173470687));
#1483 = CARTESIAN_POINT('',(-3.464724361629,-6.506991408423));
#1484 = CARTESIAN_POINT('',(-3.572427447805,-6.529224466622));
#1485 = CARTESIAN_POINT('',(-3.680147078686,-6.549569075207));
#1486 = CARTESIAN_POINT('',(-3.787874650279,-6.567809003833));
#1487 = CARTESIAN_POINT('',(-4.020753961877,-6.602372137927));
#1488 = CARTESIAN_POINT('',(-4.141524127352,-6.617255137399));
#1489 = CARTESIAN_POINT('',(-4.259025217373,-6.628766684384));
#1490 = CARTESIAN_POINT('',(-4.374087170302,-6.637192691241));
#1491 = CARTESIAN_POINT('',(-4.487496979922,-6.64273166677));
#1492 = CARTESIAN_POINT('',(-4.599985210107,-6.645497310044));
#1493 = CARTESIAN_POINT('',(-4.836710211597,-6.645497310044));
#1494 = CARTESIAN_POINT('',(-4.961215231598,-6.642114142012));
#1495 = CARTESIAN_POINT('',(-5.087007799601,-6.63532944049));
#1496 = CARTESIAN_POINT('',(-5.215014361142,-6.624971248732));
#1497 = CARTESIAN_POINT('',(-5.34627531748,-6.610752326098));
#1498 = CARTESIAN_POINT('',(-5.481876337486,-6.592260269488));
#1499 = CARTESIAN_POINT('',(-5.712010015594,-6.554575729658));
#1500 = CARTESIAN_POINT('',(-5.803415131462,-6.53815516975));
#1501 = CARTESIAN_POINT('',(-5.896926108505,-6.519871244956));
#1502 = CARTESIAN_POINT('',(-5.992023985478,-6.499868153181));
#1503 = CARTESIAN_POINT('',(-6.088319786123,-6.478389972451));
#1504 = CARTESIAN_POINT('',(-6.185482374315,-6.455779873808));
#1505 = CARTESIAN_POINT('',(-6.28318530718,-6.432467291003));
#1506 = ( GEOMETRIC_REPRESENTATION_CONTEXT(2) 
PARAMETRIC_REPRESENTATION_CONTEXT() REPRESENTATION_CONTEXT('2D SPACE',''
  ) );
#1507 = FACE_BOUND('',#1508,.T.);
#1508 = EDGE_LOOP('',(#1509));
#1509 = ORIENTED_EDGE('',*,*,#1510,.F.);
#1510 = EDGE_CURVE('',#1511,#1511,#1513,.T.);
#1511 = VERTEX_POINT('',#1512);
#1512 = CARTESIAN_POINT('',(66.2500001,44.983866869659,5.0000001));
#1513 = SURFACE_CURVE('',#1514,(#1565,#1619),.PCURVE_S1.);
#1514 = B_SPLINE_CURVE_WITH_KNOTS('',7,(#1515,#1516,#1517,#1518,#1519,
    #1520,#1521,#1522,#1523,#1524,#1525,#1526,#1527,#1528,#1529,#1530,
    #1531,#1532,#1533,#1534,#1535,#1536,#1537,#1538,#1539,#1540,#1541,
    #1542,#1543,#1544,#1545,#1546,#1547,#1548,#1549,#1550,#1551,#1552,
    #1553,#1554,#1555,#1556,#1557,#1558,#1559,#1560,#1561,#1562,#1563,
    #1564),.UNSPECIFIED.,.T.,.F.,(8,6,6,6,6,6,6,6,8),(0.,0.136250972024,
    0.248703867407,0.380038773245,0.511613660278,0.626575484972,
    0.759641297436,0.902189349381,1.),.UNSPECIFIED.);
#1515 = CARTESIAN_POINT('',(66.2500001,44.983866869659,5.0000001));
#1516 = CARTESIAN_POINT('',(66.2500001,44.93899021413,5.173806639499));
#1517 = CARTESIAN_POINT('',(66.221805458426,44.893775072186,
    5.344224889029));
#1518 = CARTESIAN_POINT('',(66.167393748347,44.84969073786,
    5.505866341928));
#1519 = CARTESIAN_POINT('',(66.089928244743,44.808248243204,
    5.654044736979));
#1520 = CARTESIAN_POINT('',(65.993648395061,44.770868421454,
    5.785051221235));
#1521 = CARTESIAN_POINT('',(65.883733850322,44.738604260165,
    5.896474006742));
#1522 = CARTESIAN_POINT('',(65.669074404058,44.689876799738,
    6.062980941062));
#1523 = CARTESIAN_POINT('',(65.565431880334,44.671331877592,
    6.125552024051));
#1524 = CARTESIAN_POINT('',(65.45689218313,44.656403407747,
    6.175450340055));
#1525 = CARTESIAN_POINT('',(65.344876047736,44.645170404479,
    6.212765439667));
#1526 = CARTESIAN_POINT('',(65.230628461861,44.637673816283,
    6.23759280331));
#1527 = CARTESIAN_POINT('',(65.115297137456,44.633927370267,6.2500001));
#1528 = CARTESIAN_POINT('',(64.86534349106,44.633927370267,6.2500001));
#1529 = CARTESIAN_POINT('',(64.730704958626,44.639037178444,
    6.233077199332));
#1530 = CARTESIAN_POINT('',(64.598633366876,44.649255980696,
    6.199236055533));
#1531 = CARTESIAN_POINT('',(64.471663610976,44.664368981668,
    6.148970716346));
#1532 = CARTESIAN_POINT('',(64.352207111016,44.68396424896,
    6.083225192132));
#1533 = CARTESIAN_POINT('',(64.242458173101,44.707466562377,
    6.003372314945));
#1534 = CARTESIAN_POINT('',(64.045994932572,44.760958801151,
    5.818881051994));
#1535 = CARTESIAN_POINT('',(63.955586957278,44.791976734808,
    5.710690262607));
#1536 = CARTESIAN_POINT('',(63.877468997748,44.826755199281,
    5.587585228224));
#1537 = CARTESIAN_POINT('',(63.815348753249,44.864422647339,
    5.451689181083));
#1538 = CARTESIAN_POINT('',(63.772165230236,44.90390581337,
    5.305995806821));
#1539 = CARTESIAN_POINT('',(63.7500001,44.944077168186,5.154104951158));
#1540 = CARTESIAN_POINT('',(63.7500001,45.018632597289,4.865353015873));
#1541 = CARTESIAN_POINT('',(63.766921837241,45.052669127084,
    4.730710231752));
#1542 = CARTESIAN_POINT('',(63.800760182585,45.085316859199,
    4.598638252602));
#1543 = CARTESIAN_POINT('',(63.851029256875,45.116011604613,
    4.471661543132));
#1544 = CARTESIAN_POINT('',(63.91678148113,45.144294497568,
    4.352196116808));
#1545 = CARTESIAN_POINT('',(63.996632119603,45.169809252023,
    4.242453663764));
#1546 = CARTESIAN_POINT('',(64.195459266454,45.218303991331,
    4.030724257448));
#1547 = CARTESIAN_POINT('',(64.31511380325,45.239397681682,
    3.936410915494));
#1548 = CARTESIAN_POINT('',(64.44399358865,45.255867008918,
    3.861433241441));
#1549 = CARTESIAN_POINT('',(64.579197238786,45.267996852816,
    3.805557608403));
#1550 = CARTESIAN_POINT('',(64.71831122771,45.275994906033,3.76849372786
    ));
#1551 = CARTESIAN_POINT('',(64.859234821278,45.279985713807,3.7500001));
#1552 = CARTESIAN_POINT('',(65.150796280415,45.279985713807,3.7500001));
#1553 = CARTESIAN_POINT('',(65.301846720852,45.275405888374,
    3.771223216849));
#1554 = CARTESIAN_POINT('',(65.450700180558,45.266218011863,
    3.813801143838));
#1555 = CARTESIAN_POINT('',(65.594710761692,45.252257491981,
    3.878053527815));
#1556 = CARTESIAN_POINT('',(65.73080415048,45.233259766343,
    3.964318556061));
#1557 = CARTESIAN_POINT('',(65.855252970119,45.208866554002,
    4.072805097684));
#1558 = CARTESIAN_POINT('',(66.037170461082,45.158062972931,
    4.292705569166));
#1559 = CARTESIAN_POINT('',(66.103853047827,45.134562262991,
    4.393059908928));
#1560 = CARTESIAN_POINT('',(66.160395952414,45.108354457112,
    4.503168957199));
#1561 = CARTESIAN_POINT('',(66.204572346089,45.07970382139,4.62126321147
    ));
#1562 = CARTESIAN_POINT('',(66.234763657566,45.049021790692,
    4.74511759556));
#1563 = CARTESIAN_POINT('',(66.2500001,45.01685617491,4.872233070161));
#1564 = CARTESIAN_POINT('',(66.2500001,44.983866869659,5.0000001));
#1565 = PCURVE('',#138,#1566);
#1566 = DEFINITIONAL_REPRESENTATION('',(#1567),#1618);
#1567 = B_SPLINE_CURVE_WITH_KNOTS('',7,(#1568,#1569,#1570,#1571,#1572,
    #1573,#1574,#1575,#1576,#1577,#1578,#1579,#1580,#1581,#1582,#1583,
    #1584,#1585,#1586,#1587,#1588,#1589,#1590,#1591,#1592,#1593,#1594,
    #1595,#1596,#1597,#1598,#1599,#1600,#1601,#1602,#1603,#1604,#1605,
    #1606,#1607,#1608,#1609,#1610,#1611,#1612,#1613,#1614,#1615,#1616,
    #1617),.UNSPECIFIED.,.T.,.F.,(8,6,6,6,6,6,6,6,8),(0.,0.136250972024,
    0.248703867407,0.380038773245,0.511613660278,0.626575484972,
    0.759641297436,0.902189349381,1.),.UNSPECIFIED.);
#1568 = CARTESIAN_POINT('',(-0.252680255142,-77.25));
#1569 = CARTESIAN_POINT('',(-0.258289837083,-77.25));
#1570 = CARTESIAN_POINT('',(-0.263799542137,-77.22180535842));
#1571 = CARTESIAN_POINT('',(-0.269035132345,-77.16739364834));
#1572 = CARTESIAN_POINT('',(-0.273843263359,-77.08992814474));
#1573 = CARTESIAN_POINT('',(-0.278100552185,-76.99364829506));
#1574 = CARTESIAN_POINT('',(-0.281725538924,-76.88373375032));
#1575 = CARTESIAN_POINT('',(-0.287147114436,-76.66907430405));
#1576 = CARTESIAN_POINT('',(-0.289186522153,-76.56543178033));
#1577 = CARTESIAN_POINT('',(-0.290814129264,-76.45689208313));
#1578 = CARTESIAN_POINT('',(-0.29203191576,-76.34487594773));
#1579 = CARTESIAN_POINT('',(-0.292842367977,-76.23062836186));
#1580 = CARTESIAN_POINT('',(-0.293247386391,-76.11529703745));
#1581 = CARTESIAN_POINT('',(-0.293247386391,-75.86534339106));
#1582 = CARTESIAN_POINT('',(-0.292694964376,-75.73070485862));
#1583 = CARTESIAN_POINT('',(-0.291590264459,-75.59863326687));
#1584 = CARTESIAN_POINT('',(-0.289950012548,-75.47166351097));
#1585 = CARTESIAN_POINT('',(-0.287806164839,-75.35220701101));
#1586 = CARTESIAN_POINT('',(-0.285204947224,-75.2424580731));
#1587 = CARTESIAN_POINT('',(-0.279202144679,-75.04599483257));
#1588 = CARTESIAN_POINT('',(-0.275684992956,-74.95558685727));
#1589 = CARTESIAN_POINT('',(-0.271687436804,-74.87746889774));
#1590 = CARTESIAN_POINT('',(-0.267280678566,-74.81534865324));
#1591 = CARTESIAN_POINT('',(-0.262563671725,-74.77216513023));
#1592 = CARTESIAN_POINT('',(-0.257653967826,-74.75));
#1593 = CARTESIAN_POINT('',(-0.248334539188,-74.75));
#1594 = CARTESIAN_POINT('',(-0.243994649864,-74.76692173724));
#1595 = CARTESIAN_POINT('',(-0.239743264704,-74.80076008258));
#1596 = CARTESIAN_POINT('',(-0.23566103828,-74.85102915687));
#1597 = CARTESIAN_POINT('',(-0.23182459992,-74.91678138113));
#1598 = CARTESIAN_POINT('',(-0.228303697741,-74.9966320196));
#1599 = CARTESIAN_POINT('',(-0.221515820705,-75.19545916645));
#1600 = CARTESIAN_POINT('',(-0.218495753561,-75.31511370325));
#1601 = CARTESIAN_POINT('',(-0.216096858869,-75.44399348865));
#1602 = CARTESIAN_POINT('',(-0.214310075925,-75.57919713878));
#1603 = CARTESIAN_POINT('',(-0.213125169302,-75.71831112771));
#1604 = CARTESIAN_POINT('',(-0.212533940404,-75.85923472127));
#1605 = CARTESIAN_POINT('',(-0.212533940404,-76.15079618041));
#1606 = CARTESIAN_POINT('',(-0.213212429348,-76.30184662085));
#1607 = CARTESIAN_POINT('',(-0.214573615653,-76.45070008055));
#1608 = CARTESIAN_POINT('',(-0.216628349981,-76.59471066169));
#1609 = CARTESIAN_POINT('',(-0.21938870378,-76.73080405048));
#1610 = CARTESIAN_POINT('',(-0.222863491776,-76.85525287011));
#1611 = CARTESIAN_POINT('',(-0.229916390477,-77.03717036108));
#1612 = CARTESIAN_POINT('',(-0.233137291345,-77.10385294782));
#1613 = CARTESIAN_POINT('',(-0.236674284237,-77.16039585241));
#1614 = CARTESIAN_POINT('',(-0.240471714512,-77.20457224608));
#1615 = CARTESIAN_POINT('',(-0.244459078293,-77.23476355756));
#1616 = CARTESIAN_POINT('',(-0.248556591986,-77.25));
#1617 = CARTESIAN_POINT('',(-0.252680255142,-77.25));
#1618 = ( GEOMETRIC_REPRESENTATION_CONTEXT(2) 
PARAMETRIC_REPRESENTATION_CONTEXT() REPRESENTATION_CONTEXT('2D SPACE',''
  ) );
#1619 = PCURVE('',#1620,#1625);
#1620 = CYLINDRICAL_SURFACE('',#1621,1.25);
#1621 = AXIS2_PLACEMENT_3D('',#1622,#1623,#1624);
#1622 = CARTESIAN_POINT('',(65.0000001,44.0000001,5.0000001));
#1623 = DIRECTION('',(0.,-1.,0.));
#1624 = DIRECTION('',(1.,0.,0.));
#1625 = DEFINITIONAL_REPRESENTATION('',(#1626),#1677);
#1626 = B_SPLINE_CURVE_WITH_KNOTS('',7,(#1627,#1628,#1629,#1630,#1631,
    #1632,#1633,#1634,#1635,#1636,#1637,#1638,#1639,#1640,#1641,#1642,
    #1643,#1644,#1645,#1646,#1647,#1648,#1649,#1650,#1651,#1652,#1653,
    #1654,#1655,#1656,#1657,#1658,#1659,#1660,#1661,#1662,#1663,#1664,
    #1665,#1666,#1667,#1668,#1669,#1670,#1671,#1672,#1673,#1674,#1675,
    #1676),.UNSPECIFIED.,.F.,.F.,(8,6,6,6,6,6,6,6,8),(0.,0.136250972024,
    0.248703867407,0.380038773245,0.511613660278,0.626575484972,
    0.759641297436,0.902189349381,1.),.UNSPECIFIED.);
#1627 = CARTESIAN_POINT('',(0.,-0.983866769659));
#1628 = CARTESIAN_POINT('',(0.1390452316,-0.93899011413));
#1629 = CARTESIAN_POINT('',(0.275379882132,-0.893774972186));
#1630 = CARTESIAN_POINT('',(0.409083453121,-0.84969063786));
#1631 = CARTESIAN_POINT('',(0.540029854371,-0.808248143204));
#1632 = CARTESIAN_POINT('',(0.667883689928,-0.770868321454));
#1633 = CARTESIAN_POINT('',(0.791996692289,-0.738604160165));
#1634 = CARTESIAN_POINT('',(1.009330701846,-0.689876699738));
#1635 = CARTESIAN_POINT('',(1.10552642892,-0.671331777592));
#1636 = CARTESIAN_POINT('',(1.200151165525,-0.656403307747));
#1637 = CARTESIAN_POINT('',(1.293615140286,-0.645170304479));
#1638 = CARTESIAN_POINT('',(1.386293125314,-0.637673716283));
#1639 = CARTESIAN_POINT('',(1.47855869683,-0.633927270267));
#1640 = CARTESIAN_POINT('',(1.678521613947,-0.633927270267));
#1641 = CARTESIAN_POINT('',(1.786231897457,-0.639037078444));
#1642 = CARTESIAN_POINT('',(1.893932759065,-0.649255880696));
#1643 = CARTESIAN_POINT('',(2.001629922523,-0.664368881668));
#1644 = CARTESIAN_POINT('',(2.10934057115,-0.68396414896));
#1645 = CARTESIAN_POINT('',(2.217073565861,-0.707466462377));
#1646 = CARTESIAN_POINT('',(2.432680364989,-0.760958701151));
#1647 = CARTESIAN_POINT('',(2.544652654687,-0.791976634808));
#1648 = CARTESIAN_POINT('',(2.659680408308,-0.826755099281));
#1649 = CARTESIAN_POINT('',(2.777178813014,-0.864422547339));
#1650 = CARTESIAN_POINT('',(2.896796889377,-0.90390571337));
#1651 = CARTESIAN_POINT('',(3.018308772663,-0.944077068186));
#1652 = CARTESIAN_POINT('',(3.249310320891,-1.018632497289));
#1653 = CARTESIAN_POINT('',(3.357024276823,-1.052669027084));
#1654 = CARTESIAN_POINT('',(3.46472435218,-1.085316759199));
#1655 = CARTESIAN_POINT('',(3.572427451733,-1.116011504613));
#1656 = CARTESIAN_POINT('',(3.680147033535,-1.144294397568));
#1657 = CARTESIAN_POINT('',(3.787874841386,-1.169809152023));
#1658 = CARTESIAN_POINT('',(4.020235355517,-1.218303891331));
#1659 = CARTESIAN_POINT('',(4.140764082453,-1.239397581682));
#1660 = CARTESIAN_POINT('',(4.258231371738,-1.255866908918));
#1661 = CARTESIAN_POINT('',(4.373413258685,-1.267996752816));
#1662 = CARTESIAN_POINT('',(4.487038121311,-1.275994806033));
#1663 = CARTESIAN_POINT('',(4.599776757407,-1.279985613807));
#1664 = CARTESIAN_POINT('',(4.833025924717,-1.279985613807));
#1665 = CARTESIAN_POINT('',(4.953865835656,-1.275405788374));
#1666 = CARTESIAN_POINT('',(5.075818250855,-1.266217911863));
#1667 = CARTESIAN_POINT('',(5.199668721636,-1.252257391981));
#1668 = CARTESIAN_POINT('',(5.326295063738,-1.233259666342));
#1669 = CARTESIAN_POINT('',(5.456629058426,-1.208866454002));
#1670 = CARTESIAN_POINT('',(5.684944897038,-1.158062872931));
#1671 = CARTESIAN_POINT('',(5.780807935907,-1.134562162991));
#1672 = CARTESIAN_POINT('',(5.878825344191,-1.108354357112));
#1673 = CARTESIAN_POINT('',(5.978450245729,-1.07970372139));
#1674 = CARTESIAN_POINT('',(6.079279777523,-1.049021690692));
#1675 = CARTESIAN_POINT('',(6.180971683308,-1.01685607491));
#1676 = CARTESIAN_POINT('',(6.28318530718,-0.983866769659));
#1677 = ( GEOMETRIC_REPRESENTATION_CONTEXT(2) 
PARAMETRIC_REPRESENTATION_CONTEXT() REPRESENTATION_CONTEXT('2D SPACE',''
  ) );
#1678 = FACE_BOUND('',#1679,.T.);
#1679 = EDGE_LOOP('',(#1680));
#1680 = ORIENTED_EDGE('',*,*,#1681,.F.);
#1681 = EDGE_CURVE('',#1682,#1682,#1684,.T.);
#1682 = VERTEX_POINT('',#1683);
#1683 = CARTESIAN_POINT('',(16.2500001,44.983866869659,5.0000001));
#1684 = SURFACE_CURVE('',#1685,(#1736,#1790),.PCURVE_S1.);
#1685 = B_SPLINE_CURVE_WITH_KNOTS('',7,(#1686,#1687,#1688,#1689,#1690,
    #1691,#1692,#1693,#1694,#1695,#1696,#1697,#1698,#1699,#1700,#1701,
    #1702,#1703,#1704,#1705,#1706,#1707,#1708,#1709,#1710,#1711,#1712,
    #1713,#1714,#1715,#1716,#1717,#1718,#1719,#1720,#1721,#1722,#1723,
    #1724,#1725,#1726,#1727,#1728,#1729,#1730,#1731,#1732,#1733,#1734,
    #1735),.UNSPECIFIED.,.T.,.F.,(8,6,6,6,6,6,6,6,8),(0.,0.136250972015,
    0.248703867391,0.380038773252,0.51161366028,0.626575484967,
    0.759641297423,0.90218934936,1.),.UNSPECIFIED.);
#1686 = CARTESIAN_POINT('',(16.2500001,44.983866869659,5.0000001));
#1687 = CARTESIAN_POINT('',(16.2500001,44.93899021413,5.1738066395));
#1688 = CARTESIAN_POINT('',(16.221805458426,44.893775072186,
    5.344224889029));
#1689 = CARTESIAN_POINT('',(16.167393748347,44.84969073786,
    5.505866341928));
#1690 = CARTESIAN_POINT('',(16.089928244743,44.808248243204,
    5.654044736979));
#1691 = CARTESIAN_POINT('',(15.993648395061,44.770868421454,
    5.785051221235));
#1692 = CARTESIAN_POINT('',(15.883733850322,44.738604260165,
    5.896474006742));
#1693 = CARTESIAN_POINT('',(15.669074404058,44.689876799738,
    6.062980941062));
#1694 = CARTESIAN_POINT('',(15.565431880334,44.671331877592,
    6.125552024051));
#1695 = CARTESIAN_POINT('',(15.45689218313,44.656403407747,
    6.175450340055));
#1696 = CARTESIAN_POINT('',(15.344876047736,44.645170404479,
    6.212765439667));
#1697 = CARTESIAN_POINT('',(15.230628461861,44.637673816283,
    6.23759280331));
#1698 = CARTESIAN_POINT('',(15.115297137456,44.633927370267,6.2500001));
#1699 = CARTESIAN_POINT('',(14.865343491027,44.633927370267,6.2500001));
#1700 = CARTESIAN_POINT('',(14.730704958662,44.639037178446,
    6.233077199325));
#1701 = CARTESIAN_POINT('',(14.598633366894,44.649255980691,
    6.19923605555));
#1702 = CARTESIAN_POINT('',(14.471663610949,44.664368981668,
    6.148970716346));
#1703 = CARTESIAN_POINT('',(14.352207110997,44.683964248969,
    6.083225192103));
#1704 = CARTESIAN_POINT('',(14.242458173124,44.707466562371,
    6.003372314967));
#1705 = CARTESIAN_POINT('',(14.045994932571,44.760958801152,
    5.818881051992));
#1706 = CARTESIAN_POINT('',(13.95558695728,44.791976734808,
    5.710690262608));
#1707 = CARTESIAN_POINT('',(13.877468997748,44.82675519928,
    5.587585228226));
#1708 = CARTESIAN_POINT('',(13.815348753247,44.864422647339,
    5.451689181082));
#1709 = CARTESIAN_POINT('',(13.772165230237,44.903905813371,
    5.305995806818));
#1710 = CARTESIAN_POINT('',(13.7500001,44.944077168185,5.15410495116));
#1711 = CARTESIAN_POINT('',(13.7500001,45.018632597289,4.865353015873));
#1712 = CARTESIAN_POINT('',(13.766921837241,45.052669127084,
    4.730710231752));
#1713 = CARTESIAN_POINT('',(13.800760182585,45.085316859199,
    4.598638252602));
#1714 = CARTESIAN_POINT('',(13.851029256875,45.116011604613,
    4.471661543132));
#1715 = CARTESIAN_POINT('',(13.91678148113,45.144294497568,
    4.352196116808));
#1716 = CARTESIAN_POINT('',(13.996632119603,45.169809252023,
    4.242453663764));
#1717 = CARTESIAN_POINT('',(14.195459266454,45.218303991331,
    4.030724257448));
#1718 = CARTESIAN_POINT('',(14.31511380325,45.239397681682,
    3.936410915494));
#1719 = CARTESIAN_POINT('',(14.443993588649,45.255867008918,
    3.861433241441));
#1720 = CARTESIAN_POINT('',(14.579197238787,45.267996852816,
    3.805557608403));
#1721 = CARTESIAN_POINT('',(14.71831122771,45.275994906033,3.76849372786
    ));
#1722 = CARTESIAN_POINT('',(14.859234821278,45.279985713807,3.7500001));
#1723 = CARTESIAN_POINT('',(15.150796280415,45.279985713807,3.7500001));
#1724 = CARTESIAN_POINT('',(15.301846720852,45.275405888374,
    3.771223216849));
#1725 = CARTESIAN_POINT('',(15.450700180558,45.266218011863,
    3.813801143838));
#1726 = CARTESIAN_POINT('',(15.594710761692,45.252257491981,
    3.878053527815));
#1727 = CARTESIAN_POINT('',(15.73080415048,45.233259766342,
    3.964318556061));
#1728 = CARTESIAN_POINT('',(15.855252970119,45.208866554002,
    4.072805097684));
#1729 = CARTESIAN_POINT('',(16.037170461103,45.158062972925,
    4.292705569191));
#1730 = CARTESIAN_POINT('',(16.1038530478,45.134562262996,4.393059908907
    ));
#1731 = CARTESIAN_POINT('',(16.160395952414,45.108354457119,
    4.503168957172));
#1732 = CARTESIAN_POINT('',(16.204572346106,45.079703821385,
    4.62126321149));
#1733 = CARTESIAN_POINT('',(16.23476365756,45.049021790682,
    4.745117595598));
#1734 = CARTESIAN_POINT('',(16.2500001,45.016856174919,4.872233070126));
#1735 = CARTESIAN_POINT('',(16.2500001,44.983866869659,5.0000001));
#1736 = PCURVE('',#138,#1737);
#1737 = DEFINITIONAL_REPRESENTATION('',(#1738),#1789);
#1738 = B_SPLINE_CURVE_WITH_KNOTS('',7,(#1739,#1740,#1741,#1742,#1743,
    #1744,#1745,#1746,#1747,#1748,#1749,#1750,#1751,#1752,#1753,#1754,
    #1755,#1756,#1757,#1758,#1759,#1760,#1761,#1762,#1763,#1764,#1765,
    #1766,#1767,#1768,#1769,#1770,#1771,#1772,#1773,#1774,#1775,#1776,
    #1777,#1778,#1779,#1780,#1781,#1782,#1783,#1784,#1785,#1786,#1787,
    #1788),.UNSPECIFIED.,.T.,.F.,(8,6,6,6,6,6,6,6,8),(0.,0.136250972015,
    0.248703867391,0.380038773252,0.51161366028,0.626575484967,
    0.759641297423,0.90218934936,1.),.UNSPECIFIED.);
#1739 = CARTESIAN_POINT('',(-0.252680255142,-27.25));
#1740 = CARTESIAN_POINT('',(-0.258289837083,-27.25));
#1741 = CARTESIAN_POINT('',(-0.263799542137,-27.22180535842));
#1742 = CARTESIAN_POINT('',(-0.269035132345,-27.16739364834));
#1743 = CARTESIAN_POINT('',(-0.273843263359,-27.08992814474));
#1744 = CARTESIAN_POINT('',(-0.278100552185,-26.99364829506));
#1745 = CARTESIAN_POINT('',(-0.281725538924,-26.88373375032));
#1746 = CARTESIAN_POINT('',(-0.287147114436,-26.66907430405));
#1747 = CARTESIAN_POINT('',(-0.289186522153,-26.56543178033));
#1748 = CARTESIAN_POINT('',(-0.290814129264,-26.45689208313));
#1749 = CARTESIAN_POINT('',(-0.29203191576,-26.34487594773));
#1750 = CARTESIAN_POINT('',(-0.292842367977,-26.23062836186));
#1751 = CARTESIAN_POINT('',(-0.293247386391,-26.11529703745));
#1752 = CARTESIAN_POINT('',(-0.293247386391,-25.86534339102));
#1753 = CARTESIAN_POINT('',(-0.292694964376,-25.73070485866));
#1754 = CARTESIAN_POINT('',(-0.29159026446,-25.59863326689));
#1755 = CARTESIAN_POINT('',(-0.289950012548,-25.47166351094));
#1756 = CARTESIAN_POINT('',(-0.287806164838,-25.35220701099));
#1757 = CARTESIAN_POINT('',(-0.285204947224,-25.24245807312));
#1758 = CARTESIAN_POINT('',(-0.279202144679,-25.04599483257));
#1759 = CARTESIAN_POINT('',(-0.275684992956,-24.95558685728));
#1760 = CARTESIAN_POINT('',(-0.271687436804,-24.87746889774));
#1761 = CARTESIAN_POINT('',(-0.267280678566,-24.81534865324));
#1762 = CARTESIAN_POINT('',(-0.262563671725,-24.77216513023));
#1763 = CARTESIAN_POINT('',(-0.257653967826,-24.75));
#1764 = CARTESIAN_POINT('',(-0.248334539188,-24.75));
#1765 = CARTESIAN_POINT('',(-0.243994649864,-24.76692173724));
#1766 = CARTESIAN_POINT('',(-0.239743264704,-24.80076008258));
#1767 = CARTESIAN_POINT('',(-0.23566103828,-24.85102915687));
#1768 = CARTESIAN_POINT('',(-0.23182459992,-24.91678138113));
#1769 = CARTESIAN_POINT('',(-0.228303697741,-24.9966320196));
#1770 = CARTESIAN_POINT('',(-0.221515820705,-25.19545916645));
#1771 = CARTESIAN_POINT('',(-0.218495753561,-25.31511370325));
#1772 = CARTESIAN_POINT('',(-0.216096858869,-25.44399348864));
#1773 = CARTESIAN_POINT('',(-0.214310075925,-25.57919713878));
#1774 = CARTESIAN_POINT('',(-0.213125169302,-25.71831112771));
#1775 = CARTESIAN_POINT('',(-0.212533940404,-25.85923472127));
#1776 = CARTESIAN_POINT('',(-0.212533940404,-26.15079618041));
#1777 = CARTESIAN_POINT('',(-0.213212429348,-26.30184662085));
#1778 = CARTESIAN_POINT('',(-0.214573615653,-26.45070008055));
#1779 = CARTESIAN_POINT('',(-0.216628349981,-26.59471066169));
#1780 = CARTESIAN_POINT('',(-0.21938870378,-26.73080405048));
#1781 = CARTESIAN_POINT('',(-0.222863491776,-26.85525287011));
#1782 = CARTESIAN_POINT('',(-0.229916390478,-27.0371703611));
#1783 = CARTESIAN_POINT('',(-0.233137291344,-27.1038529478));
#1784 = CARTESIAN_POINT('',(-0.236674284236,-27.16039585241));
#1785 = CARTESIAN_POINT('',(-0.240471714512,-27.2045722461));
#1786 = CARTESIAN_POINT('',(-0.244459078294,-27.23476355756));
#1787 = CARTESIAN_POINT('',(-0.248556591985,-27.25));
#1788 = CARTESIAN_POINT('',(-0.252680255142,-27.25));
#1789 = ( GEOMETRIC_REPRESENTATION_CONTEXT(2) 
PARAMETRIC_REPRESENTATION_CONTEXT() REPRESENTATION_CONTEXT('2D SPACE',''
  ) );
#1790 = PCURVE('',#1791,#1796);
#1791 = CYLINDRICAL_SURFACE('',#1792,1.25);
#1792 = AXIS2_PLACEMENT_3D('',#1793,#1794,#1795);
#1793 = CARTESIAN_POINT('',(15.0000001,44.0000001,5.0000001));
#1794 = DIRECTION('',(0.,-1.,0.));
#1795 = DIRECTION('',(1.,0.,0.));
#1796 = DEFINITIONAL_REPRESENTATION('',(#1797),#1848);
#1797 = B_SPLINE_CURVE_WITH_KNOTS('',7,(#1798,#1799,#1800,#1801,#1802,
    #1803,#1804,#1805,#1806,#1807,#1808,#1809,#1810,#1811,#1812,#1813,
    #1814,#1815,#1816,#1817,#1818,#1819,#1820,#1821,#1822,#1823,#1824,
    #1825,#1826,#1827,#1828,#1829,#1830,#1831,#1832,#1833,#1834,#1835,
    #1836,#1837,#1838,#1839,#1840,#1841,#1842,#1843,#1844,#1845,#1846,
    #1847),.UNSPECIFIED.,.F.,.F.,(8,6,6,6,6,6,6,6,8),(0.,0.136250972015,
    0.248703867391,0.380038773252,0.51161366028,0.626575484967,
    0.759641297423,0.90218934936,1.),.UNSPECIFIED.);
#1798 = CARTESIAN_POINT('',(0.,-0.983866769659));
#1799 = CARTESIAN_POINT('',(0.1390452316,-0.93899011413));
#1800 = CARTESIAN_POINT('',(0.275379882132,-0.893774972186));
#1801 = CARTESIAN_POINT('',(0.409083453122,-0.84969063786));
#1802 = CARTESIAN_POINT('',(0.540029854371,-0.808248143204));
#1803 = CARTESIAN_POINT('',(0.667883689928,-0.770868321454));
#1804 = CARTESIAN_POINT('',(0.791996692289,-0.738604160165));
#1805 = CARTESIAN_POINT('',(1.009330701846,-0.689876699738));
#1806 = CARTESIAN_POINT('',(1.10552642892,-0.671331777592));
#1807 = CARTESIAN_POINT('',(1.200151165525,-0.656403307747));
#1808 = CARTESIAN_POINT('',(1.293615140286,-0.645170304479));
#1809 = CARTESIAN_POINT('',(1.386293125314,-0.637673716283));
#1810 = CARTESIAN_POINT('',(1.47855869683,-0.633927270267));
#1811 = CARTESIAN_POINT('',(1.678521613973,-0.633927270267));
#1812 = CARTESIAN_POINT('',(1.78623189743,-0.639037078446));
#1813 = CARTESIAN_POINT('',(1.893932759046,-0.649255880691));
#1814 = CARTESIAN_POINT('',(2.001629922544,-0.664368881668));
#1815 = CARTESIAN_POINT('',(2.109340571174,-0.683964148969));
#1816 = CARTESIAN_POINT('',(2.217073565836,-0.707466462371));
#1817 = CARTESIAN_POINT('',(2.432680364991,-0.760958701152));
#1818 = CARTESIAN_POINT('',(2.544652654685,-0.791976634808));
#1819 = CARTESIAN_POINT('',(2.659680408307,-0.82675509928));
#1820 = CARTESIAN_POINT('',(2.777178813015,-0.864422547339));
#1821 = CARTESIAN_POINT('',(2.896796889379,-0.903905713371));
#1822 = CARTESIAN_POINT('',(3.018308772661,-0.944077068185));
#1823 = CARTESIAN_POINT('',(3.249310320891,-1.018632497289));
#1824 = CARTESIAN_POINT('',(3.357024276823,-1.052669027084));
#1825 = CARTESIAN_POINT('',(3.46472435218,-1.085316759199));
#1826 = CARTESIAN_POINT('',(3.572427451733,-1.116011504613));
#1827 = CARTESIAN_POINT('',(3.680147033535,-1.144294397568));
#1828 = CARTESIAN_POINT('',(3.787874841386,-1.169809152023));
#1829 = CARTESIAN_POINT('',(4.020235355517,-1.218303891331));
#1830 = CARTESIAN_POINT('',(4.140764082453,-1.239397581682));
#1831 = CARTESIAN_POINT('',(4.258231371738,-1.255866908918));
#1832 = CARTESIAN_POINT('',(4.373413258686,-1.267996752816));
#1833 = CARTESIAN_POINT('',(4.487038121311,-1.275994806033));
#1834 = CARTESIAN_POINT('',(4.599776757407,-1.279985613807));
#1835 = CARTESIAN_POINT('',(4.833025924717,-1.279985613807));
#1836 = CARTESIAN_POINT('',(4.953865835656,-1.275405788374));
#1837 = CARTESIAN_POINT('',(5.075818250855,-1.266217911863));
#1838 = CARTESIAN_POINT('',(5.199668721636,-1.252257391981));
#1839 = CARTESIAN_POINT('',(5.326295063738,-1.233259666343));
#1840 = CARTESIAN_POINT('',(5.456629058426,-1.208866454002));
#1841 = CARTESIAN_POINT('',(5.684944897063,-1.158062872925));
#1842 = CARTESIAN_POINT('',(5.780807935882,-1.134562162996));
#1843 = CARTESIAN_POINT('',(5.878825344169,-1.108354357119));
#1844 = CARTESIAN_POINT('',(5.97845024575,-1.079703721385));
#1845 = CARTESIAN_POINT('',(6.079279777551,-1.049021690682));
#1846 = CARTESIAN_POINT('',(6.18097168328,-1.016856074919));
#1847 = CARTESIAN_POINT('',(6.28318530718,-0.983866769659));
#1848 = ( GEOMETRIC_REPRESENTATION_CONTEXT(2) 
PARAMETRIC_REPRESENTATION_CONTEXT() REPRESENTATION_CONTEXT('2D SPACE',''
  ) );
#1849 = FACE_BOUND('',#1850,.T.);
#1850 = EDGE_LOOP('',(#1851));
#1851 = ORIENTED_EDGE('',*,*,#1852,.T.);
#1852 = EDGE_CURVE('',#1853,#1853,#1855,.T.);
#1853 = VERTEX_POINT('',#1854);
#1854 = CARTESIAN_POINT('',(66.2500001,20.0000001,28.432467391003));
#1855 = SURFACE_CURVE('',#1856,(#1907,#1961),.PCURVE_S1.);
#1856 = B_SPLINE_CURVE_WITH_KNOTS('',7,(#1857,#1858,#1859,#1860,#1861,
    #1862,#1863,#1864,#1865,#1866,#1867,#1868,#1869,#1870,#1871,#1872,
    #1873,#1874,#1875,#1876,#1877,#1878,#1879,#1880,#1881,#1882,#1883,
    #1884,#1885,#1886,#1887,#1888,#1889,#1890,#1891,#1892,#1893,#1894,
    #1895,#1896,#1897,#1898,#1899,#1900,#1901,#1902,#1903,#1904,#1905,
    #1906),.UNSPECIFIED.,.T.,.F.,(8,6,6,6,6,6,6,6,8),(0.,0.135528713633,
    0.248745457043,0.381338645367,0.513018407627,0.627549858009,
    0.760668786852,0.907901473892,1.),.UNSPECIFIED.);
#1857 = CARTESIAN_POINT('',(66.2500001,20.0000001,28.432467391003));
#1858 = CARTESIAN_POINT('',(66.2500001,20.17479285505,28.399102000988));
#1859 = CARTESIAN_POINT('',(66.221484609348,20.345881298947,
    28.365268361018));
#1860 = CARTESIAN_POINT('',(66.166627852959,20.507813324483,
    28.332091810564));
#1861 = CARTESIAN_POINT('',(66.088779514765,20.655901084926,
    28.300768695615));
#1862 = CARTESIAN_POINT('',(65.992365601389,20.786477256933,
    28.272450617203));
#1863 = CARTESIAN_POINT('',(65.882761408998,20.897228309553,
    28.247989424503));
#1864 = CARTESIAN_POINT('',(65.668706704229,21.063266158286,
    28.210835874223));
#1865 = CARTESIAN_POINT('',(65.56482125637,21.125890444969,
    28.196598624937));
#1866 = CARTESIAN_POINT('',(65.45619897556,21.175713321575,
    28.185139697665));
#1867 = CARTESIAN_POINT('',(65.344250782081,21.212910522449,
    28.176519598586));
#1868 = CARTESIAN_POINT('',(65.230180998205,21.237639653926,
    28.170767442034));
#1869 = CARTESIAN_POINT('',(65.115079208975,21.2500001,28.16789223277));
#1870 = CARTESIAN_POINT('',(64.865225812126,21.2500001,28.16789223277));
#1871 = CARTESIAN_POINT('',(64.730555174409,21.233047479084,
    28.171835476993));
#1872 = CARTESIAN_POINT('',(64.598549861381,21.199186338299,
    28.179712396528));
#1873 = CARTESIAN_POINT('',(64.471706124216,21.148954176312,
    28.191335099015));
#1874 = CARTESIAN_POINT('',(64.352354524435,21.083295785966,
    28.206364327697));
#1875 = CARTESIAN_POINT('',(64.242601993396,21.003507371192,
    28.224346711906));
#1876 = CARTESIAN_POINT('',(64.046707526258,20.819550222006,
    28.265037264287));
#1877 = CARTESIAN_POINT('',(63.956498057444,20.711882556946,
    28.288523250388));
#1878 = CARTESIAN_POINT('',(63.878256363155,20.589062823659,
    28.314828429762));
#1879 = CARTESIAN_POINT('',(63.81585355229,20.45317545458,
    28.343243592459));
#1880 = CARTESIAN_POINT('',(63.772367855229,20.307213621322,
    28.372903414176));
#1881 = CARTESIAN_POINT('',(63.7500001,20.154807291346,28.402916953888)
  );
#1882 = CARTESIAN_POINT('',(63.7500001,19.86535304528,28.458169551793));
#1883 = CARTESIAN_POINT('',(63.766921865105,19.730710088494,
    28.483173570687));
#1884 = CARTESIAN_POINT('',(63.800760165898,19.598638222199,
    28.506991508423));
#1885 = CARTESIAN_POINT('',(63.851029287593,19.471661556962,
    28.529224566622));
#1886 = CARTESIAN_POINT('',(63.916781533492,19.352196095517,
    28.549569175207));
#1887 = CARTESIAN_POINT('',(63.996631956076,19.242453837903,
    28.567809103833));
#1888 = CARTESIAN_POINT('',(64.195903029557,19.030251697741,
    28.602372237927));
#1889 = CARTESIAN_POINT('',(64.315901863242,18.935847692513,
    28.617255237399));
#1890 = CARTESIAN_POINT('',(64.444911381936,18.861001688591,
    28.628766784384));
#1891 = CARTESIAN_POINT('',(64.580023525253,18.805327636908,
    28.637192791241));
#1892 = CARTESIAN_POINT('',(64.718884781637,18.768425295543,
    28.64273176677));
#1893 = CARTESIAN_POINT('',(64.859495387152,18.7500001,28.645497410044)
  );
#1894 = CARTESIAN_POINT('',(65.155401639015,18.7500001,28.645497410044)
  );
#1895 = CARTESIAN_POINT('',(65.311033694596,18.77253919849,
    28.642114242012));
#1896 = CARTESIAN_POINT('',(65.464347763592,18.817741746383,
    28.63532954049));
#1897 = CARTESIAN_POINT('',(65.612541792537,18.886057470762,
    28.624971348732));
#1898 = CARTESIAN_POINT('',(65.752245353733,18.978016969039,
    28.610752426098));
#1899 = CARTESIAN_POINT('',(65.879228843855,19.094034019648,
    28.592260369488));
#1900 = CARTESIAN_POINT('',(66.055542037135,19.321335618785,
    28.55457582965));
#1901 = CARTESIAN_POINT('',(66.116533821504,19.418626077305,
    28.538155269756));
#1902 = CARTESIAN_POINT('',(66.168184859764,19.52469642615,
    28.519871344965));
#1903 = CARTESIAN_POINT('',(66.208514680747,19.637953822243,
    28.499868253175));
#1904 = CARTESIAN_POINT('',(66.236078771024,19.756417779765,
    28.478390072437));
#1905 = CARTESIAN_POINT('',(66.2500001,19.877871433856,28.455779973821)
  );
#1906 = CARTESIAN_POINT('',(66.2500001,20.0000001,28.432467391003));
#1907 = PCURVE('',#138,#1908);
#1908 = DEFINITIONAL_REPRESENTATION('',(#1909),#1960);
#1909 = B_SPLINE_CURVE_WITH_KNOTS('',7,(#1910,#1911,#1912,#1913,#1914,
    #1915,#1916,#1917,#1918,#1919,#1920,#1921,#1922,#1923,#1924,#1925,
    #1926,#1927,#1928,#1929,#1930,#1931,#1932,#1933,#1934,#1935,#1936,
    #1937,#1938,#1939,#1940,#1941,#1942,#1943,#1944,#1945,#1946,#1947,
    #1948,#1949,#1950,#1951,#1952,#1953,#1954,#1955,#1956,#1957,#1958,
    #1959),.UNSPECIFIED.,.T.,.F.,(8,6,6,6,6,6,6,6,8),(0.,0.135528713633,
    0.248745457043,0.381338645367,0.513018407627,0.627549858009,
    0.760668786852,0.907901473892,1.),.UNSPECIFIED.);
#1910 = CARTESIAN_POINT('',(-1.382179940619,-77.25));
#1911 = CARTESIAN_POINT('',(-1.376619042284,-77.25));
#1912 = CARTESIAN_POINT('',(-1.371169106509,-77.22148450934));
#1913 = CARTESIAN_POINT('',(-1.366003806356,-77.16662775295));
#1914 = CARTESIAN_POINT('',(-1.361273804961,-77.08877941476));
#1915 = CARTESIAN_POINT('',(-1.357098492019,-76.99236550138));
#1916 = CARTESIAN_POINT('',(-1.353554124171,-76.88276130899));
#1917 = CARTESIAN_POINT('',(-1.348237126672,-76.66870660422));
#1918 = CARTESIAN_POINT('',(-1.346230192194,-76.56482115637));
#1919 = CARTESIAN_POINT('',(-1.344632583583,-76.45619887556));
#1920 = CARTESIAN_POINT('',(-1.343439366606,-76.34425068208));
#1921 = CARTESIAN_POINT('',(-1.342645950637,-76.2301808982));
#1922 = CARTESIAN_POINT('',(-1.342249374133,-76.11507910897));
#1923 = CARTESIAN_POINT('',(-1.342249374133,-75.86522571212));
#1924 = CARTESIAN_POINT('',(-1.342793285808,-75.7305550744));
#1925 = CARTESIAN_POINT('',(-1.343879701329,-75.59854976138));
#1926 = CARTESIAN_POINT('',(-1.345490925332,-75.47170602421));
#1927 = CARTESIAN_POINT('',(-1.347595804095,-75.35235442443));
#1928 = CARTESIAN_POINT('',(-1.3501517119,-75.24260189339));
#1929 = CARTESIAN_POINT('',(-1.356039327493,-75.04670742625));
#1930 = CARTESIAN_POINT('',(-1.359483045316,-74.95649795744));
#1931 = CARTESIAN_POINT('',(-1.363408159707,-74.87825626315));
#1932 = CARTESIAN_POINT('',(-1.36774638393,-74.81585345229));
#1933 = CARTESIAN_POINT('',(-1.372400777874,-74.77236775522));
#1934 = CARTESIAN_POINT('',(-1.377254867767,-74.75));
#1935 = CARTESIAN_POINT('',(-1.386463634084,-74.75));
#1936 = CARTESIAN_POINT('',(-1.390743111418,-74.7669217651));
#1937 = CARTESIAN_POINT('',(-1.394936844242,-74.80076006589));
#1938 = CARTESIAN_POINT('',(-1.398965148665,-74.85102918759));
#1939 = CARTESIAN_POINT('',(-1.402752141622,-74.91678143349));
#1940 = CARTESIAN_POINT('',(-1.406228615316,-74.99663185607));
#1941 = CARTESIAN_POINT('',(-1.412947318697,-75.19590292955));
#1942 = CARTESIAN_POINT('',(-1.415933841578,-75.31590176324));
#1943 = CARTESIAN_POINT('',(-1.418300266128,-75.44491128193));
#1944 = CARTESIAN_POINT('',(-1.420059891896,-75.58002342525));
#1945 = CARTESIAN_POINT('',(-1.421226008086,-75.71888468163));
#1946 = CARTESIAN_POINT('',(-1.421808245687,-75.85949528715));
#1947 = CARTESIAN_POINT('',(-1.421808245687,-76.15540153901));
#1948 = CARTESIAN_POINT('',(-1.421096008263,-76.31103359459));
#1949 = CARTESIAN_POINT('',(-1.419667605934,-76.46434766359));
#1950 = CARTESIAN_POINT('',(-1.417508340762,-76.61254169253));
#1951 = CARTESIAN_POINT('',(-1.414600486757,-76.75224525373));
#1952 = CARTESIAN_POINT('',(-1.410929260119,-76.87922874385));
#1953 = CARTESIAN_POINT('',(-1.40372912574,-77.05554193713));
#1954 = CARTESIAN_POINT('',(-1.400645812103,-77.1165337215));
#1955 = CARTESIAN_POINT('',(-1.397282263413,-77.16818475976));
#1956 = CARTESIAN_POINT('',(-1.393688251749,-77.20851458074));
#1957 = CARTESIAN_POINT('',(-1.389925965562,-77.23607867102));
#1958 = CARTESIAN_POINT('',(-1.386065371089,-77.25));
#1959 = CARTESIAN_POINT('',(-1.382179940619,-77.25));
#1960 = ( GEOMETRIC_REPRESENTATION_CONTEXT(2) 
PARAMETRIC_REPRESENTATION_CONTEXT() REPRESENTATION_CONTEXT('2D SPACE',''
  ) );
#1961 = PCURVE('',#1962,#1967);
#1962 = CYLINDRICAL_SURFACE('',#1963,1.25);
#1963 = AXIS2_PLACEMENT_3D('',#1964,#1965,#1966);
#1964 = CARTESIAN_POINT('',(65.0000001,20.0000001,22.0000001));
#1965 = DIRECTION('',(-0.,-0.,-1.));
#1966 = DIRECTION('',(1.,0.,0.));
#1967 = DEFINITIONAL_REPRESENTATION('',(#1968),#2019);
#1968 = B_SPLINE_CURVE_WITH_KNOTS('',7,(#1969,#1970,#1971,#1972,#1973,
    #1974,#1975,#1976,#1977,#1978,#1979,#1980,#1981,#1982,#1983,#1984,
    #1985,#1986,#1987,#1988,#1989,#1990,#1991,#1992,#1993,#1994,#1995,
    #1996,#1997,#1998,#1999,#2000,#2001,#2002,#2003,#2004,#2005,#2006,
    #2007,#2008,#2009,#2010,#2011,#2012,#2013,#2014,#2015,#2016,#2017,
    #2018),.UNSPECIFIED.,.F.,.F.,(8,6,6,6,6,6,6,6,8),(0.,0.135528713633,
    0.248745457043,0.381338645367,0.513018407627,0.627549858009,
    0.760668786852,0.907901473892,1.),.UNSPECIFIED.);
#1969 = CARTESIAN_POINT('',(0.,-6.432467291003));
#1970 = CARTESIAN_POINT('',(-0.13983420404,-6.399101900988));
#1971 = CARTESIAN_POINT('',(-0.276704990805,-6.365268261018));
#1972 = CARTESIAN_POINT('',(-0.410716260769,-6.332091710564));
#1973 = CARTESIAN_POINT('',(-0.541734178857,-6.300768595615));
#1974 = CARTESIAN_POINT('',(-0.669393772743,-6.272450517203));
#1975 = CARTESIAN_POINT('',(-0.792981249809,-6.247989324503));
#1976 = CARTESIAN_POINT('',(-1.009702983055,-6.210835774223));
#1977 = CARTESIAN_POINT('',(-1.106078450621,-6.196598524937));
#1978 = CARTESIAN_POINT('',(-1.20073573077,-6.185139597665));
#1979 = CARTESIAN_POINT('',(-1.29412281451,-6.176519498586));
#1980 = CARTESIAN_POINT('',(-1.386651015839,-6.170767342034));
#1981 = CARTESIAN_POINT('',(-1.478733039615,-6.16789213277));
#1982 = CARTESIAN_POINT('',(-1.678615757094,-6.16789213277));
#1983 = CARTESIAN_POINT('',(-1.78635182115,-6.171835376993));
#1984 = CARTESIAN_POINT('',(-1.894004759841,-6.179712296528));
#1985 = CARTESIAN_POINT('',(-2.001605530379,-6.191334999015));
#1986 = CARTESIAN_POINT('',(-2.109215847503,-6.206364227697));
#1987 = CARTESIAN_POINT('',(-2.216915731584,-6.224346611906));
#1988 = CARTESIAN_POINT('',(-2.431898335519,-6.265037164287));
#1989 = CARTESIAN_POINT('',(-2.543468419562,-6.288523150388));
#1990 = CARTESIAN_POINT('',(-2.658367563375,-6.314828329762));
#1991 = CARTESIAN_POINT('',(-2.775947882289,-6.343243492459));
#1992 = CARTESIAN_POINT('',(-2.895822563705,-6.372903314176));
#1993 = CARTESIAN_POINT('',(-3.017746900513,-6.402916853888));
#1994 = CARTESIAN_POINT('',(-3.249310297366,-6.458169451793));
#1995 = CARTESIAN_POINT('',(-3.357024400128,-6.483173470687));
#1996 = CARTESIAN_POINT('',(-3.464724361629,-6.506991408423));
#1997 = CARTESIAN_POINT('',(-3.572427447805,-6.529224466622));
#1998 = CARTESIAN_POINT('',(-3.680147078686,-6.549569075207));
#1999 = CARTESIAN_POINT('',(-3.787874650279,-6.567809003833));
#2000 = CARTESIAN_POINT('',(-4.020753961877,-6.602372137927));
#2001 = CARTESIAN_POINT('',(-4.141524127352,-6.617255137399));
#2002 = CARTESIAN_POINT('',(-4.259025217373,-6.628766684384));
#2003 = CARTESIAN_POINT('',(-4.374087170301,-6.637192691241));
#2004 = CARTESIAN_POINT('',(-4.487496979922,-6.64273166677));
#2005 = CARTESIAN_POINT('',(-4.599985210107,-6.645497310044));
#2006 = CARTESIAN_POINT('',(-4.836710211597,-6.645497310044));
#2007 = CARTESIAN_POINT('',(-4.961215231598,-6.642114142012));
#2008 = CARTESIAN_POINT('',(-5.0870077996,-6.63532944049));
#2009 = CARTESIAN_POINT('',(-5.215014361143,-6.624971248732));
#2010 = CARTESIAN_POINT('',(-5.34627531748,-6.610752326098));
#2011 = CARTESIAN_POINT('',(-5.481876337487,-6.592260269488));
#2012 = CARTESIAN_POINT('',(-5.71201001564,-6.55457572965));
#2013 = CARTESIAN_POINT('',(-5.803415131417,-6.538155169756));
#2014 = CARTESIAN_POINT('',(-5.896926108465,-6.519871244965));
#2015 = CARTESIAN_POINT('',(-5.992023985516,-6.499868153175));
#2016 = CARTESIAN_POINT('',(-6.088319786174,-6.478389972437));
#2017 = CARTESIAN_POINT('',(-6.185482374264,-6.455779873821));
#2018 = CARTESIAN_POINT('',(-6.28318530718,-6.432467291003));
#2019 = ( GEOMETRIC_REPRESENTATION_CONTEXT(2) 
PARAMETRIC_REPRESENTATION_CONTEXT() REPRESENTATION_CONTEXT('2D SPACE',''
  ) );
#2020 = FACE_BOUND('',#2021,.T.);
#2021 = EDGE_LOOP('',(#2022));
#2022 = ORIENTED_EDGE('',*,*,#2023,.T.);
#2023 = EDGE_CURVE('',#2024,#2024,#2026,.T.);
#2024 = VERTEX_POINT('',#2025);
#2025 = CARTESIAN_POINT('',(16.2500001,20.0000001,28.432467391003));
#2026 = SURFACE_CURVE('',#2027,(#2078,#2132),.PCURVE_S1.);
#2027 = B_SPLINE_CURVE_WITH_KNOTS('',7,(#2028,#2029,#2030,#2031,#2032,
    #2033,#2034,#2035,#2036,#2037,#2038,#2039,#2040,#2041,#2042,#2043,
    #2044,#2045,#2046,#2047,#2048,#2049,#2050,#2051,#2052,#2053,#2054,
    #2055,#2056,#2057,#2058,#2059,#2060,#2061,#2062,#2063,#2064,#2065,
    #2066,#2067,#2068,#2069,#2070,#2071,#2072,#2073,#2074,#2075,#2076,
    #2077),.UNSPECIFIED.,.T.,.F.,(8,6,6,6,6,6,6,6,8),(0.,0.135528713631,
    0.24874545704,0.38133864537,0.513018407627,0.627549858014,
    0.760668786855,0.907901473893,1.),.UNSPECIFIED.);
#2028 = CARTESIAN_POINT('',(16.2500001,20.0000001,28.432467391003));
#2029 = CARTESIAN_POINT('',(16.2500001,20.17479285505,28.399102000988));
#2030 = CARTESIAN_POINT('',(16.221484609348,20.345881298948,
    28.365268361018));
#2031 = CARTESIAN_POINT('',(16.166627852959,20.507813324483,
    28.332091810564));
#2032 = CARTESIAN_POINT('',(16.088779514765,20.655901084926,
    28.300768695615));
#2033 = CARTESIAN_POINT('',(15.992365601389,20.786477256933,
    28.272450617203));
#2034 = CARTESIAN_POINT('',(15.882761408999,20.897228309553,
    28.247989424503));
#2035 = CARTESIAN_POINT('',(15.668706704229,21.063266158286,
    28.210835874223));
#2036 = CARTESIAN_POINT('',(15.56482125637,21.125890444969,
    28.196598624937));
#2037 = CARTESIAN_POINT('',(15.45619897556,21.175713321575,
    28.185139697665));
#2038 = CARTESIAN_POINT('',(15.344250782081,21.212910522449,
    28.176519598586));
#2039 = CARTESIAN_POINT('',(15.230180998205,21.237639653926,
    28.170767442034));
#2040 = CARTESIAN_POINT('',(15.115079208975,21.2500001,28.16789223277));
#2041 = CARTESIAN_POINT('',(14.865225812118,21.2500001,28.16789223277));
#2042 = CARTESIAN_POINT('',(14.73055517442,21.233047479082,
    28.171835476993));
#2043 = CARTESIAN_POINT('',(14.598549861386,21.199186338304,
    28.179712396527));
#2044 = CARTESIAN_POINT('',(14.471706124209,21.148954176312,
    28.191335099015));
#2045 = CARTESIAN_POINT('',(14.352354524429,21.083295785958,
    28.206364327699));
#2046 = CARTESIAN_POINT('',(14.242601993401,21.003507371197,
    28.224346711905));
#2047 = CARTESIAN_POINT('',(14.046707526258,20.819550222006,
    28.265037264287));
#2048 = CARTESIAN_POINT('',(13.956498057444,20.711882556946,
    28.288523250388));
#2049 = CARTESIAN_POINT('',(13.878256363155,20.589062823659,
    28.314828429762));
#2050 = CARTESIAN_POINT('',(13.81585355229,20.45317545458,
    28.343243592459));
#2051 = CARTESIAN_POINT('',(13.772367855229,20.307213621322,
    28.372903414176));
#2052 = CARTESIAN_POINT('',(13.7500001,20.154807291346,28.402916953888)
  );
#2053 = CARTESIAN_POINT('',(13.7500001,19.865353045273,28.458169551794)
  );
#2054 = CARTESIAN_POINT('',(13.766921865106,19.730710088502,
    28.483173570686));
#2055 = CARTESIAN_POINT('',(13.800760165894,19.598638222203,
    28.506991508422));
#2056 = CARTESIAN_POINT('',(13.851029287593,19.471661556956,
    28.529224566623));
#2057 = CARTESIAN_POINT('',(13.916781533499,19.352196095512,
    28.549569175208));
#2058 = CARTESIAN_POINT('',(13.996631956071,19.242453837909,
    28.567809103832));
#2059 = CARTESIAN_POINT('',(14.195903029557,19.03025169774,
    28.602372237927));
#2060 = CARTESIAN_POINT('',(14.315901863242,18.935847692513,
    28.617255237399));
#2061 = CARTESIAN_POINT('',(14.444911381936,18.861001688591,
    28.628766784384));
#2062 = CARTESIAN_POINT('',(14.580023525253,18.805327636908,
    28.637192791241));
#2063 = CARTESIAN_POINT('',(14.718884781637,18.768425295543,
    28.64273176677));
#2064 = CARTESIAN_POINT('',(14.859495387152,18.7500001,28.645497410044)
  );
#2065 = CARTESIAN_POINT('',(15.155401639016,18.7500001,28.645497410044)
  );
#2066 = CARTESIAN_POINT('',(15.311033694596,18.77253919849,
    28.642114242012));
#2067 = CARTESIAN_POINT('',(15.464347763592,18.817741746383,
    28.635329540491));
#2068 = CARTESIAN_POINT('',(15.612541792537,18.886057470762,
    28.624971348732));
#2069 = CARTESIAN_POINT('',(15.752245353733,18.978016969039,
    28.610752426098));
#2070 = CARTESIAN_POINT('',(15.879228843855,19.094034019648,
    28.592260369488));
#2071 = CARTESIAN_POINT('',(16.055542037135,19.321335618785,
    28.55457582965));
#2072 = CARTESIAN_POINT('',(16.116533821504,19.418626077305,
    28.538155269756));
#2073 = CARTESIAN_POINT('',(16.168184859764,19.52469642615,
    28.519871344965));
#2074 = CARTESIAN_POINT('',(16.208514680747,19.637953822243,
    28.499868253175));
#2075 = CARTESIAN_POINT('',(16.236078771024,19.756417779765,
    28.478390072437));
#2076 = CARTESIAN_POINT('',(16.2500001,19.877871433855,28.455779973821)
  );
#2077 = CARTESIAN_POINT('',(16.2500001,20.0000001,28.432467391003));
#2078 = PCURVE('',#138,#2079);
#2079 = DEFINITIONAL_REPRESENTATION('',(#2080),#2131);
#2080 = B_SPLINE_CURVE_WITH_KNOTS('',7,(#2081,#2082,#2083,#2084,#2085,
    #2086,#2087,#2088,#2089,#2090,#2091,#2092,#2093,#2094,#2095,#2096,
    #2097,#2098,#2099,#2100,#2101,#2102,#2103,#2104,#2105,#2106,#2107,
    #2108,#2109,#2110,#2111,#2112,#2113,#2114,#2115,#2116,#2117,#2118,
    #2119,#2120,#2121,#2122,#2123,#2124,#2125,#2126,#2127,#2128,#2129,
    #2130),.UNSPECIFIED.,.T.,.F.,(8,6,6,6,6,6,6,6,8),(0.,0.135528713631,
    0.24874545704,0.38133864537,0.513018407627,0.627549858014,
    0.760668786855,0.907901473893,1.),.UNSPECIFIED.);
#2081 = CARTESIAN_POINT('',(-1.382179940619,-27.25));
#2082 = CARTESIAN_POINT('',(-1.376619042284,-27.25));
#2083 = CARTESIAN_POINT('',(-1.371169106509,-27.22148450934));
#2084 = CARTESIAN_POINT('',(-1.366003806356,-27.16662775295));
#2085 = CARTESIAN_POINT('',(-1.361273804961,-27.08877941476));
#2086 = CARTESIAN_POINT('',(-1.357098492019,-26.99236550138));
#2087 = CARTESIAN_POINT('',(-1.353554124171,-26.88276130899));
#2088 = CARTESIAN_POINT('',(-1.348237126672,-26.66870660422));
#2089 = CARTESIAN_POINT('',(-1.346230192194,-26.56482115637));
#2090 = CARTESIAN_POINT('',(-1.344632583583,-26.45619887556));
#2091 = CARTESIAN_POINT('',(-1.343439366606,-26.34425068208));
#2092 = CARTESIAN_POINT('',(-1.342645950637,-26.2301808982));
#2093 = CARTESIAN_POINT('',(-1.342249374133,-26.11507910897));
#2094 = CARTESIAN_POINT('',(-1.342249374133,-25.86522571211));
#2095 = CARTESIAN_POINT('',(-1.342793285808,-25.73055507442));
#2096 = CARTESIAN_POINT('',(-1.343879701329,-25.59854976138));
#2097 = CARTESIAN_POINT('',(-1.345490925332,-25.4717060242));
#2098 = CARTESIAN_POINT('',(-1.347595804095,-25.35235442442));
#2099 = CARTESIAN_POINT('',(-1.3501517119,-25.2426018934));
#2100 = CARTESIAN_POINT('',(-1.356039327493,-25.04670742625));
#2101 = CARTESIAN_POINT('',(-1.359483045316,-24.95649795744));
#2102 = CARTESIAN_POINT('',(-1.363408159707,-24.87825626315));
#2103 = CARTESIAN_POINT('',(-1.36774638393,-24.81585345229));
#2104 = CARTESIAN_POINT('',(-1.372400777874,-24.77236775522));
#2105 = CARTESIAN_POINT('',(-1.377254867767,-24.75));
#2106 = CARTESIAN_POINT('',(-1.386463634085,-24.75));
#2107 = CARTESIAN_POINT('',(-1.390743111418,-24.7669217651));
#2108 = CARTESIAN_POINT('',(-1.394936844241,-24.80076006589));
#2109 = CARTESIAN_POINT('',(-1.398965148665,-24.85102918759));
#2110 = CARTESIAN_POINT('',(-1.402752141622,-24.91678143349));
#2111 = CARTESIAN_POINT('',(-1.406228615316,-24.99663185607));
#2112 = CARTESIAN_POINT('',(-1.412947318697,-25.19590292955));
#2113 = CARTESIAN_POINT('',(-1.415933841578,-25.31590176324));
#2114 = CARTESIAN_POINT('',(-1.418300266128,-25.44491128193));
#2115 = CARTESIAN_POINT('',(-1.420059891896,-25.58002342525));
#2116 = CARTESIAN_POINT('',(-1.421226008086,-25.71888468163));
#2117 = CARTESIAN_POINT('',(-1.421808245687,-25.85949528715));
#2118 = CARTESIAN_POINT('',(-1.421808245687,-26.15540153901));
#2119 = CARTESIAN_POINT('',(-1.421096008263,-26.31103359459));
#2120 = CARTESIAN_POINT('',(-1.419667605934,-26.46434766359));
#2121 = CARTESIAN_POINT('',(-1.417508340762,-26.61254169253));
#2122 = CARTESIAN_POINT('',(-1.414600486757,-26.75224525373));
#2123 = CARTESIAN_POINT('',(-1.410929260119,-26.87922874385));
#2124 = CARTESIAN_POINT('',(-1.40372912574,-27.05554193713));
#2125 = CARTESIAN_POINT('',(-1.400645812103,-27.1165337215));
#2126 = CARTESIAN_POINT('',(-1.397282263413,-27.16818475976));
#2127 = CARTESIAN_POINT('',(-1.393688251749,-27.20851458074));
#2128 = CARTESIAN_POINT('',(-1.389925965562,-27.23607867102));
#2129 = CARTESIAN_POINT('',(-1.386065371089,-27.25));
#2130 = CARTESIAN_POINT('',(-1.382179940619,-27.25));
#2131 = ( GEOMETRIC_REPRESENTATION_CONTEXT(2) 
PARAMETRIC_REPRESENTATION_CONTEXT() REPRESENTATION_CONTEXT('2D SPACE',''
  ) );
#2132 = PCURVE('',#2133,#2138);
#2133 = CYLINDRICAL_SURFACE('',#2134,1.25);
#2134 = AXIS2_PLACEMENT_3D('',#2135,#2136,#2137);
#2135 = CARTESIAN_POINT('',(15.0000001,20.0000001,22.0000001));
#2136 = DIRECTION('',(-0.,-0.,-1.));
#2137 = DIRECTION('',(1.,0.,0.));
#2138 = DEFINITIONAL_REPRESENTATION('',(#2139),#2190);
#2139 = B_SPLINE_CURVE_WITH_KNOTS('',7,(#2140,#2141,#2142,#2143,#2144,
    #2145,#2146,#2147,#2148,#2149,#2150,#2151,#2152,#2153,#2154,#2155,
    #2156,#2157,#2158,#2159,#2160,#2161,#2162,#2163,#2164,#2165,#2166,
    #2167,#2168,#2169,#2170,#2171,#2172,#2173,#2174,#2175,#2176,#2177,
    #2178,#2179,#2180,#2181,#2182,#2183,#2184,#2185,#2186,#2187,#2188,
    #2189),.UNSPECIFIED.,.F.,.F.,(8,6,6,6,6,6,6,6,8),(0.,0.135528713631,
    0.24874545704,0.38133864537,0.513018407627,0.627549858014,
    0.760668786855,0.907901473893,1.),.UNSPECIFIED.);
#2140 = CARTESIAN_POINT('',(0.,-6.432467291003));
#2141 = CARTESIAN_POINT('',(-0.13983420404,-6.399101900988));
#2142 = CARTESIAN_POINT('',(-0.276704990805,-6.365268261018));
#2143 = CARTESIAN_POINT('',(-0.410716260769,-6.332091710564));
#2144 = CARTESIAN_POINT('',(-0.541734178857,-6.300768595615));
#2145 = CARTESIAN_POINT('',(-0.669393772743,-6.272450517203));
#2146 = CARTESIAN_POINT('',(-0.792981249809,-6.247989324503));
#2147 = CARTESIAN_POINT('',(-1.009702983055,-6.210835774223));
#2148 = CARTESIAN_POINT('',(-1.106078450621,-6.196598524937));
#2149 = CARTESIAN_POINT('',(-1.20073573077,-6.185139597665));
#2150 = CARTESIAN_POINT('',(-1.29412281451,-6.176519498586));
#2151 = CARTESIAN_POINT('',(-1.386651015839,-6.170767342034));
#2152 = CARTESIAN_POINT('',(-1.478733039615,-6.16789213277));
#2153 = CARTESIAN_POINT('',(-1.6786157571,-6.16789213277));
#2154 = CARTESIAN_POINT('',(-1.786351821142,-6.171835376993));
#2155 = CARTESIAN_POINT('',(-1.894004759835,-6.179712296527));
#2156 = CARTESIAN_POINT('',(-2.001605530385,-6.191334999015));
#2157 = CARTESIAN_POINT('',(-2.109215847511,-6.206364227699));
#2158 = CARTESIAN_POINT('',(-2.216915731579,-6.224346611905));
#2159 = CARTESIAN_POINT('',(-2.431898335519,-6.265037164287));
#2160 = CARTESIAN_POINT('',(-2.543468419562,-6.288523150388));
#2161 = CARTESIAN_POINT('',(-2.658367563375,-6.314828329762));
#2162 = CARTESIAN_POINT('',(-2.775947882289,-6.343243492459));
#2163 = CARTESIAN_POINT('',(-2.895822563705,-6.372903314176));
#2164 = CARTESIAN_POINT('',(-3.017746900513,-6.402916853888));
#2165 = CARTESIAN_POINT('',(-3.249310297371,-6.458169451794));
#2166 = CARTESIAN_POINT('',(-3.357024400123,-6.483173470686));
#2167 = CARTESIAN_POINT('',(-3.464724361624,-6.506991408422));
#2168 = CARTESIAN_POINT('',(-3.572427447809,-6.529224466623));
#2169 = CARTESIAN_POINT('',(-3.680147078692,-6.549569075208));
#2170 = CARTESIAN_POINT('',(-3.787874650273,-6.567809003832));
#2171 = CARTESIAN_POINT('',(-4.020753961877,-6.602372137927));
#2172 = CARTESIAN_POINT('',(-4.141524127351,-6.617255137399));
#2173 = CARTESIAN_POINT('',(-4.259025217374,-6.628766684384));
#2174 = CARTESIAN_POINT('',(-4.374087170301,-6.637192691241));
#2175 = CARTESIAN_POINT('',(-4.487496979922,-6.64273166677));
#2176 = CARTESIAN_POINT('',(-4.599985210106,-6.645497310044));
#2177 = CARTESIAN_POINT('',(-4.836710211597,-6.645497310044));
#2178 = CARTESIAN_POINT('',(-4.961215231598,-6.642114142012));
#2179 = CARTESIAN_POINT('',(-5.087007799601,-6.63532944049));
#2180 = CARTESIAN_POINT('',(-5.215014361142,-6.624971248732));
#2181 = CARTESIAN_POINT('',(-5.34627531748,-6.610752326098));
#2182 = CARTESIAN_POINT('',(-5.481876337486,-6.592260269488));
#2183 = CARTESIAN_POINT('',(-5.71201001564,-6.55457572965));
#2184 = CARTESIAN_POINT('',(-5.803415131417,-6.538155169756));
#2185 = CARTESIAN_POINT('',(-5.896926108465,-6.519871244965));
#2186 = CARTESIAN_POINT('',(-5.992023985516,-6.499868153175));
#2187 = CARTESIAN_POINT('',(-6.088319786174,-6.478389972437));
#2188 = CARTESIAN_POINT('',(-6.185482374264,-6.455779873821));
#2189 = CARTESIAN_POINT('',(-6.28318530718,-6.432467291003));
#2190 = ( GEOMETRIC_REPRESENTATION_CONTEXT(2) 
PARAMETRIC_REPRESENTATION_CONTEXT() REPRESENTATION_CONTEXT('2D SPACE',''
  ) );
#2191 = ADVANCED_FACE('',(#2192),#105,.F.);
#2192 = FACE_BOUND('',#2193,.F.);
#2193 = EDGE_LOOP('',(#2194,#2217,#2238,#2239));
#2194 = ORIENTED_EDGE('',*,*,#2195,.F.);
#2195 = EDGE_CURVE('',#2196,#57,#2198,.T.);
#2196 = VERTEX_POINT('',#2197);
#2197 = CARTESIAN_POINT('',(140.0000001,14.3000001,30.998676544826));
#2198 = SURFACE_CURVE('',#2199,(#2203,#2210),.PCURVE_S1.);
#2199 = LINE('',#2200,#2201);
#2200 = CARTESIAN_POINT('',(-10.9999999,14.3000001,30.998676544826));
#2201 = VECTOR('',#2202,1.);
#2202 = DIRECTION('',(-1.,-0.,-0.));
#2203 = PCURVE('',#105,#2204);
#2204 = DEFINITIONAL_REPRESENTATION('',(#2205),#2209);
#2205 = LINE('',#2206,#2207);
#2206 = CARTESIAN_POINT('',(233.99867644482,9.));
#2207 = VECTOR('',#2208,1.);
#2208 = DIRECTION('',(0.,-1.));
#2209 = ( GEOMETRIC_REPRESENTATION_CONTEXT(2) 
PARAMETRIC_REPRESENTATION_CONTEXT() REPRESENTATION_CONTEXT('2D SPACE',''
  ) );
#2210 = PCURVE('',#77,#2211);
#2211 = DEFINITIONAL_REPRESENTATION('',(#2212),#2216);
#2212 = LINE('',#2213,#2214);
#2213 = CARTESIAN_POINT('',(-1.561972682887,0.));
#2214 = VECTOR('',#2215,1.);
#2215 = DIRECTION('',(-0.,1.));
#2216 = ( GEOMETRIC_REPRESENTATION_CONTEXT(2) 
PARAMETRIC_REPRESENTATION_CONTEXT() REPRESENTATION_CONTEXT('2D SPACE',''
  ) );
#2217 = ORIENTED_EDGE('',*,*,#2218,.F.);
#2218 = EDGE_CURVE('',#1116,#2196,#2219,.T.);
#2219 = SURFACE_CURVE('',#2220,(#2224,#2231),.PCURVE_S1.);
#2220 = LINE('',#2221,#2222);
#2221 = CARTESIAN_POINT('',(140.0000001,14.3000001,-101.4999999));
#2222 = VECTOR('',#2223,1.);
#2223 = DIRECTION('',(0.,0.,1.));
#2224 = PCURVE('',#105,#2225);
#2225 = DEFINITIONAL_REPRESENTATION('',(#2226),#2230);
#2226 = LINE('',#2227,#2228);
#2227 = CARTESIAN_POINT('',(101.5,160.));
#2228 = VECTOR('',#2229,1.);
#2229 = DIRECTION('',(1.,0.));
#2230 = ( GEOMETRIC_REPRESENTATION_CONTEXT(2) 
PARAMETRIC_REPRESENTATION_CONTEXT() REPRESENTATION_CONTEXT('2D SPACE',''
  ) );
#2231 = PCURVE('',#253,#2232);
#2232 = DEFINITIONAL_REPRESENTATION('',(#2233),#2237);
#2233 = LINE('',#2234,#2235);
#2234 = CARTESIAN_POINT('',(-101.5,-14.3));
#2235 = VECTOR('',#2236,1.);
#2236 = DIRECTION('',(1.,0.));
#2237 = ( GEOMETRIC_REPRESENTATION_CONTEXT(2) 
PARAMETRIC_REPRESENTATION_CONTEXT() REPRESENTATION_CONTEXT('2D SPACE',''
  ) );
#2238 = ORIENTED_EDGE('',*,*,#1143,.T.);
#2239 = ORIENTED_EDGE('',*,*,#89,.T.);
#2240 = ADVANCED_FACE('',(#2241),#77,.F.);
#2241 = FACE_BOUND('',#2242,.T.);
#2242 = EDGE_LOOP('',(#2243,#2244,#2245,#2246,#2272,#2273,#2301,#2329));
#2243 = ORIENTED_EDGE('',*,*,#372,.T.);
#2244 = ORIENTED_EDGE('',*,*,#56,.T.);
#2245 = ORIENTED_EDGE('',*,*,#2195,.F.);
#2246 = ORIENTED_EDGE('',*,*,#2247,.F.);
#2247 = EDGE_CURVE('',#236,#2196,#2248,.T.);
#2248 = SURFACE_CURVE('',#2249,(#2254,#2261),.PCURVE_S1.);
#2249 = CIRCLE('',#2250,34.);
#2250 = AXIS2_PLACEMENT_3D('',#2251,#2252,#2253);
#2251 = CARTESIAN_POINT('',(140.0000001,14.0000001,-2.9999999));
#2252 = DIRECTION('',(-1.,0.,0.));
#2253 = DIRECTION('',(0.,1.,0.));
#2254 = PCURVE('',#77,#2255);
#2255 = DEFINITIONAL_REPRESENTATION('',(#2256),#2260);
#2256 = LINE('',#2257,#2258);
#2257 = CARTESIAN_POINT('',(-6.28318530718,-151.));
#2258 = VECTOR('',#2259,1.);
#2259 = DIRECTION('',(1.,-0.));
#2260 = ( GEOMETRIC_REPRESENTATION_CONTEXT(2) 
PARAMETRIC_REPRESENTATION_CONTEXT() REPRESENTATION_CONTEXT('2D SPACE',''
  ) );
#2261 = PCURVE('',#253,#2262);
#2262 = DEFINITIONAL_REPRESENTATION('',(#2263),#2271);
#2263 = ( BOUNDED_CURVE() B_SPLINE_CURVE(2,(#2264,#2265,#2266,#2267,
#2268,#2269,#2270),.UNSPECIFIED.,.T.,.F.) B_SPLINE_CURVE_WITH_KNOTS((1,2
    ,2,2,2,1),(-2.094395102393,0.,2.094395102393,4.188790204786,
6.28318530718,8.377580409573),.UNSPECIFIED.) CURVE() 
GEOMETRIC_REPRESENTATION_ITEM() RATIONAL_B_SPLINE_CURVE((1.,0.5,1.,0.5,
1.,0.5,1.)) REPRESENTATION_ITEM('') );
#2264 = CARTESIAN_POINT('',(-3.,-48.));
#2265 = CARTESIAN_POINT('',(-61.88972745734,-48.));
#2266 = CARTESIAN_POINT('',(-32.44486372867,3.));
#2267 = CARTESIAN_POINT('',(-3.,54.));
#2268 = CARTESIAN_POINT('',(26.444863728671,3.));
#2269 = CARTESIAN_POINT('',(55.889727457342,-48.));
#2270 = CARTESIAN_POINT('',(-3.,-48.));
#2271 = ( GEOMETRIC_REPRESENTATION_CONTEXT(2) 
PARAMETRIC_REPRESENTATION_CONTEXT() REPRESENTATION_CONTEXT('2D SPACE',''
  ) );
#2272 = ORIENTED_EDGE('',*,*,#265,.T.);
#2273 = ORIENTED_EDGE('',*,*,#2274,.T.);
#2274 = EDGE_CURVE('',#266,#2275,#2277,.T.);
#2275 = VERTEX_POINT('',#2276);
#2276 = CARTESIAN_POINT('',(90.2000001,13.3000001,30.992793453886));
#2277 = SURFACE_CURVE('',#2278,(#2283,#2290),.PCURVE_S1.);
#2278 = CIRCLE('',#2279,34.);
#2279 = AXIS2_PLACEMENT_3D('',#2280,#2281,#2282);
#2280 = CARTESIAN_POINT('',(90.2000001,14.0000001,-2.9999999));
#2281 = DIRECTION('',(-1.,0.,0.));
#2282 = DIRECTION('',(0.,1.,0.));
#2283 = PCURVE('',#77,#2284);
#2284 = DEFINITIONAL_REPRESENTATION('',(#2285),#2289);
#2285 = LINE('',#2286,#2287);
#2286 = CARTESIAN_POINT('',(-6.28318530718,-101.2));
#2287 = VECTOR('',#2288,1.);
#2288 = DIRECTION('',(1.,-0.));
#2289 = ( GEOMETRIC_REPRESENTATION_CONTEXT(2) 
PARAMETRIC_REPRESENTATION_CONTEXT() REPRESENTATION_CONTEXT('2D SPACE',''
  ) );
#2290 = PCURVE('',#304,#2291);
#2291 = DEFINITIONAL_REPRESENTATION('',(#2292),#2300);
#2292 = ( BOUNDED_CURVE() B_SPLINE_CURVE(2,(#2293,#2294,#2295,#2296,
#2297,#2298,#2299),.UNSPECIFIED.,.T.,.F.) B_SPLINE_CURVE_WITH_KNOTS((1,2
    ,2,2,2,1),(-2.094395102393,0.,2.094395102393,4.188790204786,
6.28318530718,8.377580409573),.UNSPECIFIED.) CURVE() 
GEOMETRIC_REPRESENTATION_ITEM() RATIONAL_B_SPLINE_CURVE((1.,0.5,1.,0.5,
1.,0.5,1.)) REPRESENTATION_ITEM('') );
#2293 = CARTESIAN_POINT('',(0.,-50.));
#2294 = CARTESIAN_POINT('',(-58.88972745734,-50.));
#2295 = CARTESIAN_POINT('',(-29.44486372867,1.));
#2296 = CARTESIAN_POINT('',(-8.327598234202E-15,52.));
#2297 = CARTESIAN_POINT('',(29.444863728671,1.));
#2298 = CARTESIAN_POINT('',(58.889727457342,-50.));
#2299 = CARTESIAN_POINT('',(0.,-50.));
#2300 = ( GEOMETRIC_REPRESENTATION_CONTEXT(2) 
PARAMETRIC_REPRESENTATION_CONTEXT() REPRESENTATION_CONTEXT('2D SPACE',''
  ) );
#2301 = ORIENTED_EDGE('',*,*,#2302,.T.);
#2302 = EDGE_CURVE('',#2275,#2303,#2305,.T.);
#2303 = VERTEX_POINT('',#2304);
#2304 = CARTESIAN_POINT('',(69.8000001,13.3000001,30.992793453886));
#2305 = SURFACE_CURVE('',#2306,(#2310,#2317),.PCURVE_S1.);
#2306 = LINE('',#2307,#2308);
#2307 = CARTESIAN_POINT('',(-10.9999999,13.3000001,30.992793453886));
#2308 = VECTOR('',#2309,1.);
#2309 = DIRECTION('',(-1.,-0.,-0.));
#2310 = PCURVE('',#77,#2311);
#2311 = DEFINITIONAL_REPRESENTATION('',(#2312),#2316);
#2312 = LINE('',#2313,#2314);
#2313 = CARTESIAN_POINT('',(-1.591386016841,0.));
#2314 = VECTOR('',#2315,1.);
#2315 = DIRECTION('',(-0.,1.));
#2316 = ( GEOMETRIC_REPRESENTATION_CONTEXT(2) 
PARAMETRIC_REPRESENTATION_CONTEXT() REPRESENTATION_CONTEXT('2D SPACE',''
  ) );
#2317 = PCURVE('',#2318,#2323);
#2318 = PLANE('',#2319);
#2319 = AXIS2_PLACEMENT_3D('',#2320,#2321,#2322);
#2320 = CARTESIAN_POINT('',(69.8000001,13.3000001,-2.9999999));
#2321 = DIRECTION('',(0.,1.,0.));
#2322 = DIRECTION('',(0.,0.,1.));
#2323 = DEFINITIONAL_REPRESENTATION('',(#2324),#2328);
#2324 = LINE('',#2325,#2326);
#2325 = CARTESIAN_POINT('',(33.992793353886,-80.8));
#2326 = VECTOR('',#2327,1.);
#2327 = DIRECTION('',(0.,-1.));
#2328 = ( GEOMETRIC_REPRESENTATION_CONTEXT(2) 
PARAMETRIC_REPRESENTATION_CONTEXT() REPRESENTATION_CONTEXT('2D SPACE',''
  ) );
#2329 = ORIENTED_EDGE('',*,*,#2330,.F.);
#2330 = EDGE_CURVE('',#345,#2303,#2331,.T.);
#2331 = SURFACE_CURVE('',#2332,(#2337,#2344),.PCURVE_S1.);
#2332 = CIRCLE('',#2333,34.);
#2333 = AXIS2_PLACEMENT_3D('',#2334,#2335,#2336);
#2334 = CARTESIAN_POINT('',(69.8000001,14.0000001,-2.9999999));
#2335 = DIRECTION('',(-1.,0.,0.));
#2336 = DIRECTION('',(0.,1.,0.));
#2337 = PCURVE('',#77,#2338);
#2338 = DEFINITIONAL_REPRESENTATION('',(#2339),#2343);
#2339 = LINE('',#2340,#2341);
#2340 = CARTESIAN_POINT('',(-6.28318530718,-80.8));
#2341 = VECTOR('',#2342,1.);
#2342 = DIRECTION('',(1.,-0.));
#2343 = ( GEOMETRIC_REPRESENTATION_CONTEXT(2) 
PARAMETRIC_REPRESENTATION_CONTEXT() REPRESENTATION_CONTEXT('2D SPACE',''
  ) );
#2344 = PCURVE('',#360,#2345);
#2345 = DEFINITIONAL_REPRESENTATION('',(#2346),#2354);
#2346 = ( BOUNDED_CURVE() B_SPLINE_CURVE(2,(#2347,#2348,#2349,#2350,
#2351,#2352,#2353),.UNSPECIFIED.,.T.,.F.) B_SPLINE_CURVE_WITH_KNOTS((1,2
    ,2,2,2,1),(-2.094395102393,0.,2.094395102393,4.188790204786,
6.28318530718,8.377580409573),.UNSPECIFIED.) CURVE() 
GEOMETRIC_REPRESENTATION_ITEM() RATIONAL_B_SPLINE_CURVE((1.,0.5,1.,0.5,
1.,0.5,1.)) REPRESENTATION_ITEM('') );
#2347 = CARTESIAN_POINT('',(0.,-50.));
#2348 = CARTESIAN_POINT('',(-58.88972745734,-50.));
#2349 = CARTESIAN_POINT('',(-29.44486372867,1.));
#2350 = CARTESIAN_POINT('',(-8.327598234202E-15,52.));
#2351 = CARTESIAN_POINT('',(29.444863728671,1.));
#2352 = CARTESIAN_POINT('',(58.889727457342,-50.));
#2353 = CARTESIAN_POINT('',(0.,-50.));
#2354 = ( GEOMETRIC_REPRESENTATION_CONTEXT(2) 
PARAMETRIC_REPRESENTATION_CONTEXT() REPRESENTATION_CONTEXT('2D SPACE',''
  ) );
#2355 = ADVANCED_FACE('',(#2356,#2365),#253,.T.);
#2356 = FACE_BOUND('',#2357,.T.);
#2357 = EDGE_LOOP('',(#2358,#2359,#2360,#2361,#2362,#2363,#2364));
#2358 = ORIENTED_EDGE('',*,*,#235,.F.);
#2359 = ORIENTED_EDGE('',*,*,#2247,.T.);
#2360 = ORIENTED_EDGE('',*,*,#2218,.F.);
#2361 = ORIENTED_EDGE('',*,*,#1115,.T.);
#2362 = ORIENTED_EDGE('',*,*,#1090,.T.);
#2363 = ORIENTED_EDGE('',*,*,#1042,.T.);
#2364 = ORIENTED_EDGE('',*,*,#451,.F.);
#2365 = FACE_BOUND('',#2366,.T.);
#2366 = EDGE_LOOP('',(#2367,#2398,#2426,#2455,#2483,#2512,#2540,#2569));
#2367 = ORIENTED_EDGE('',*,*,#2368,.F.);
#2368 = EDGE_CURVE('',#2369,#2371,#2373,.T.);
#2369 = VERTEX_POINT('',#2370);
#2370 = CARTESIAN_POINT('',(140.0000001,22.3500001,32.8500001));
#2371 = VERTEX_POINT('',#2372);
#2372 = CARTESIAN_POINT('',(140.0000001,24.8500001,35.3500001));
#2373 = SURFACE_CURVE('',#2374,(#2379,#2386),.PCURVE_S1.);
#2374 = CIRCLE('',#2375,2.5);
#2375 = AXIS2_PLACEMENT_3D('',#2376,#2377,#2378);
#2376 = CARTESIAN_POINT('',(140.0000001,22.3500001,35.3500001));
#2377 = DIRECTION('',(1.,-0.,0.));
#2378 = DIRECTION('',(0.,0.,-1.));
#2379 = PCURVE('',#253,#2380);
#2380 = DEFINITIONAL_REPRESENTATION('',(#2381),#2385);
#2381 = CIRCLE('',#2382,2.5);
#2382 = AXIS2_PLACEMENT_2D('',#2383,#2384);
#2383 = CARTESIAN_POINT('',(35.35,-22.35));
#2384 = DIRECTION('',(-1.,0.));
#2385 = ( GEOMETRIC_REPRESENTATION_CONTEXT(2) 
PARAMETRIC_REPRESENTATION_CONTEXT() REPRESENTATION_CONTEXT('2D SPACE',''
  ) );
#2386 = PCURVE('',#2387,#2392);
#2387 = CYLINDRICAL_SURFACE('',#2388,2.5);
#2388 = AXIS2_PLACEMENT_3D('',#2389,#2390,#2391);
#2389 = CARTESIAN_POINT('',(138.0000001,22.3500001,35.3500001));
#2390 = DIRECTION('',(1.,0.,0.));
#2391 = DIRECTION('',(0.,0.,-1.));
#2392 = DEFINITIONAL_REPRESENTATION('',(#2393),#2397);
#2393 = LINE('',#2394,#2395);
#2394 = CARTESIAN_POINT('',(0.,2.));
#2395 = VECTOR('',#2396,1.);
#2396 = DIRECTION('',(1.,0.));
#2397 = ( GEOMETRIC_REPRESENTATION_CONTEXT(2) 
PARAMETRIC_REPRESENTATION_CONTEXT() REPRESENTATION_CONTEXT('2D SPACE',''
  ) );
#2398 = ORIENTED_EDGE('',*,*,#2399,.T.);
#2399 = EDGE_CURVE('',#2369,#2400,#2402,.T.);
#2400 = VERTEX_POINT('',#2401);
#2401 = CARTESIAN_POINT('',(140.0000001,11.9500001,32.8500001));
#2402 = SURFACE_CURVE('',#2403,(#2407,#2414),.PCURVE_S1.);
#2403 = LINE('',#2404,#2405);
#2404 = CARTESIAN_POINT('',(140.0000001,4.7250001,32.8500001));
#2405 = VECTOR('',#2406,1.);
#2406 = DIRECTION('',(0.,-1.,0.));
#2407 = PCURVE('',#253,#2408);
#2408 = DEFINITIONAL_REPRESENTATION('',(#2409),#2413);
#2409 = LINE('',#2410,#2411);
#2410 = CARTESIAN_POINT('',(32.85,-4.725));
#2411 = VECTOR('',#2412,1.);
#2412 = DIRECTION('',(0.,1.));
#2413 = ( GEOMETRIC_REPRESENTATION_CONTEXT(2) 
PARAMETRIC_REPRESENTATION_CONTEXT() REPRESENTATION_CONTEXT('2D SPACE',''
  ) );
#2414 = PCURVE('',#2415,#2420);
#2415 = PLANE('',#2416);
#2416 = AXIS2_PLACEMENT_3D('',#2417,#2418,#2419);
#2417 = CARTESIAN_POINT('',(138.0000001,9.4500001,32.8500001));
#2418 = DIRECTION('',(0.,0.,1.));
#2419 = DIRECTION('',(0.,1.,0.));
#2420 = DEFINITIONAL_REPRESENTATION('',(#2421),#2425);
#2421 = LINE('',#2422,#2423);
#2422 = CARTESIAN_POINT('',(-4.725,-2.));
#2423 = VECTOR('',#2424,1.);
#2424 = DIRECTION('',(-1.,0.));
#2425 = ( GEOMETRIC_REPRESENTATION_CONTEXT(2) 
PARAMETRIC_REPRESENTATION_CONTEXT() REPRESENTATION_CONTEXT('2D SPACE',''
  ) );
#2426 = ORIENTED_EDGE('',*,*,#2427,.F.);
#2427 = EDGE_CURVE('',#2428,#2400,#2430,.T.);
#2428 = VERTEX_POINT('',#2429);
#2429 = CARTESIAN_POINT('',(140.0000001,9.4500001,35.3500001));
#2430 = SURFACE_CURVE('',#2431,(#2436,#2443),.PCURVE_S1.);
#2431 = CIRCLE('',#2432,2.5);
#2432 = AXIS2_PLACEMENT_3D('',#2433,#2434,#2435);
#2433 = CARTESIAN_POINT('',(140.0000001,11.9500001,35.3500001));
#2434 = DIRECTION('',(1.,-0.,0.));
#2435 = DIRECTION('',(0.,0.,-1.));
#2436 = PCURVE('',#253,#2437);
#2437 = DEFINITIONAL_REPRESENTATION('',(#2438),#2442);
#2438 = CIRCLE('',#2439,2.5);
#2439 = AXIS2_PLACEMENT_2D('',#2440,#2441);
#2440 = CARTESIAN_POINT('',(35.35,-11.95));
#2441 = DIRECTION('',(-1.,0.));
#2442 = ( GEOMETRIC_REPRESENTATION_CONTEXT(2) 
PARAMETRIC_REPRESENTATION_CONTEXT() REPRESENTATION_CONTEXT('2D SPACE',''
  ) );
#2443 = PCURVE('',#2444,#2449);
#2444 = CYLINDRICAL_SURFACE('',#2445,2.5);
#2445 = AXIS2_PLACEMENT_3D('',#2446,#2447,#2448);
#2446 = CARTESIAN_POINT('',(138.0000001,11.9500001,35.3500001));
#2447 = DIRECTION('',(1.,0.,0.));
#2448 = DIRECTION('',(0.,0.,-1.));
#2449 = DEFINITIONAL_REPRESENTATION('',(#2450),#2454);
#2450 = LINE('',#2451,#2452);
#2451 = CARTESIAN_POINT('',(-6.28318530718,2.));
#2452 = VECTOR('',#2453,1.);
#2453 = DIRECTION('',(1.,-0.));
#2454 = ( GEOMETRIC_REPRESENTATION_CONTEXT(2) 
PARAMETRIC_REPRESENTATION_CONTEXT() REPRESENTATION_CONTEXT('2D SPACE',''
  ) );
#2455 = ORIENTED_EDGE('',*,*,#2456,.T.);
#2456 = EDGE_CURVE('',#2428,#2457,#2459,.T.);
#2457 = VERTEX_POINT('',#2458);
#2458 = CARTESIAN_POINT('',(140.0000001,9.4500001,39.9500001));
#2459 = SURFACE_CURVE('',#2460,(#2464,#2471),.PCURVE_S1.);
#2460 = LINE('',#2461,#2462);
#2461 = CARTESIAN_POINT('',(140.0000001,9.4500001,21.2250001));
#2462 = VECTOR('',#2463,1.);
#2463 = DIRECTION('',(0.,0.,1.));
#2464 = PCURVE('',#253,#2465);
#2465 = DEFINITIONAL_REPRESENTATION('',(#2466),#2470);
#2466 = LINE('',#2467,#2468);
#2467 = CARTESIAN_POINT('',(21.225,-9.45));
#2468 = VECTOR('',#2469,1.);
#2469 = DIRECTION('',(1.,0.));
#2470 = ( GEOMETRIC_REPRESENTATION_CONTEXT(2) 
PARAMETRIC_REPRESENTATION_CONTEXT() REPRESENTATION_CONTEXT('2D SPACE',''
  ) );
#2471 = PCURVE('',#2472,#2477);
#2472 = PLANE('',#2473);
#2473 = AXIS2_PLACEMENT_3D('',#2474,#2475,#2476);
#2474 = CARTESIAN_POINT('',(138.0000001,9.4500001,42.4500001));
#2475 = DIRECTION('',(0.,1.,0.));
#2476 = DIRECTION('',(0.,0.,-1.));
#2477 = DEFINITIONAL_REPRESENTATION('',(#2478),#2482);
#2478 = LINE('',#2479,#2480);
#2479 = CARTESIAN_POINT('',(21.225,-2.));
#2480 = VECTOR('',#2481,1.);
#2481 = DIRECTION('',(-1.,0.));
#2482 = ( GEOMETRIC_REPRESENTATION_CONTEXT(2) 
PARAMETRIC_REPRESENTATION_CONTEXT() REPRESENTATION_CONTEXT('2D SPACE',''
  ) );
#2483 = ORIENTED_EDGE('',*,*,#2484,.F.);
#2484 = EDGE_CURVE('',#2485,#2457,#2487,.T.);
#2485 = VERTEX_POINT('',#2486);
#2486 = CARTESIAN_POINT('',(140.0000001,11.9500001,42.4500001));
#2487 = SURFACE_CURVE('',#2488,(#2493,#2500),.PCURVE_S1.);
#2488 = CIRCLE('',#2489,2.5);
#2489 = AXIS2_PLACEMENT_3D('',#2490,#2491,#2492);
#2490 = CARTESIAN_POINT('',(140.0000001,11.9500001,39.9500001));
#2491 = DIRECTION('',(1.,0.,-0.));
#2492 = DIRECTION('',(0.,0.,1.));
#2493 = PCURVE('',#253,#2494);
#2494 = DEFINITIONAL_REPRESENTATION('',(#2495),#2499);
#2495 = CIRCLE('',#2496,2.5);
#2496 = AXIS2_PLACEMENT_2D('',#2497,#2498);
#2497 = CARTESIAN_POINT('',(39.95,-11.95));
#2498 = DIRECTION('',(1.,0.));
#2499 = ( GEOMETRIC_REPRESENTATION_CONTEXT(2) 
PARAMETRIC_REPRESENTATION_CONTEXT() REPRESENTATION_CONTEXT('2D SPACE',''
  ) );
#2500 = PCURVE('',#2501,#2506);
#2501 = CYLINDRICAL_SURFACE('',#2502,2.5);
#2502 = AXIS2_PLACEMENT_3D('',#2503,#2504,#2505);
#2503 = CARTESIAN_POINT('',(138.0000001,11.9500001,39.9500001));
#2504 = DIRECTION('',(1.,0.,0.));
#2505 = DIRECTION('',(0.,0.,1.));
#2506 = DEFINITIONAL_REPRESENTATION('',(#2507),#2511);
#2507 = LINE('',#2508,#2509);
#2508 = CARTESIAN_POINT('',(0.,2.));
#2509 = VECTOR('',#2510,1.);
#2510 = DIRECTION('',(1.,0.));
#2511 = ( GEOMETRIC_REPRESENTATION_CONTEXT(2) 
PARAMETRIC_REPRESENTATION_CONTEXT() REPRESENTATION_CONTEXT('2D SPACE',''
  ) );
#2512 = ORIENTED_EDGE('',*,*,#2513,.T.);
#2513 = EDGE_CURVE('',#2485,#2514,#2516,.T.);
#2514 = VERTEX_POINT('',#2515);
#2515 = CARTESIAN_POINT('',(140.0000001,22.3500001,42.4500001));
#2516 = SURFACE_CURVE('',#2517,(#2521,#2528),.PCURVE_S1.);
#2517 = LINE('',#2518,#2519);
#2518 = CARTESIAN_POINT('',(140.0000001,12.4250001,42.4500001));
#2519 = VECTOR('',#2520,1.);
#2520 = DIRECTION('',(0.,1.,0.));
#2521 = PCURVE('',#253,#2522);
#2522 = DEFINITIONAL_REPRESENTATION('',(#2523),#2527);
#2523 = LINE('',#2524,#2525);
#2524 = CARTESIAN_POINT('',(42.45,-12.425));
#2525 = VECTOR('',#2526,1.);
#2526 = DIRECTION('',(0.,-1.));
#2527 = ( GEOMETRIC_REPRESENTATION_CONTEXT(2) 
PARAMETRIC_REPRESENTATION_CONTEXT() REPRESENTATION_CONTEXT('2D SPACE',''
  ) );
#2528 = PCURVE('',#2529,#2534);
#2529 = PLANE('',#2530);
#2530 = AXIS2_PLACEMENT_3D('',#2531,#2532,#2533);
#2531 = CARTESIAN_POINT('',(138.0000001,24.8500001,42.4500001));
#2532 = DIRECTION('',(0.,0.,-1.));
#2533 = DIRECTION('',(0.,-1.,0.));
#2534 = DEFINITIONAL_REPRESENTATION('',(#2535),#2539);
#2535 = LINE('',#2536,#2537);
#2536 = CARTESIAN_POINT('',(12.425,-2.));
#2537 = VECTOR('',#2538,1.);
#2538 = DIRECTION('',(-1.,-0.));
#2539 = ( GEOMETRIC_REPRESENTATION_CONTEXT(2) 
PARAMETRIC_REPRESENTATION_CONTEXT() REPRESENTATION_CONTEXT('2D SPACE',''
  ) );
#2540 = ORIENTED_EDGE('',*,*,#2541,.F.);
#2541 = EDGE_CURVE('',#2542,#2514,#2544,.T.);
#2542 = VERTEX_POINT('',#2543);
#2543 = CARTESIAN_POINT('',(140.0000001,24.8500001,39.9500001));
#2544 = SURFACE_CURVE('',#2545,(#2550,#2557),.PCURVE_S1.);
#2545 = CIRCLE('',#2546,2.5);
#2546 = AXIS2_PLACEMENT_3D('',#2547,#2548,#2549);
#2547 = CARTESIAN_POINT('',(140.0000001,22.3500001,39.9500001));
#2548 = DIRECTION('',(1.,0.,0.));
#2549 = DIRECTION('',(0.,1.,0.));
#2550 = PCURVE('',#253,#2551);
#2551 = DEFINITIONAL_REPRESENTATION('',(#2552),#2556);
#2552 = CIRCLE('',#2553,2.5);
#2553 = AXIS2_PLACEMENT_2D('',#2554,#2555);
#2554 = CARTESIAN_POINT('',(39.95,-22.35));
#2555 = DIRECTION('',(0.,-1.));
#2556 = ( GEOMETRIC_REPRESENTATION_CONTEXT(2) 
PARAMETRIC_REPRESENTATION_CONTEXT() REPRESENTATION_CONTEXT('2D SPACE',''
  ) );
#2557 = PCURVE('',#2558,#2563);
#2558 = CYLINDRICAL_SURFACE('',#2559,2.5);
#2559 = AXIS2_PLACEMENT_3D('',#2560,#2561,#2562);
#2560 = CARTESIAN_POINT('',(138.0000001,22.3500001,39.9500001));
#2561 = DIRECTION('',(1.,0.,0.));
#2562 = DIRECTION('',(0.,1.,0.));
#2563 = DEFINITIONAL_REPRESENTATION('',(#2564),#2568);
#2564 = LINE('',#2565,#2566);
#2565 = CARTESIAN_POINT('',(0.,2.));
#2566 = VECTOR('',#2567,1.);
#2567 = DIRECTION('',(1.,0.));
#2568 = ( GEOMETRIC_REPRESENTATION_CONTEXT(2) 
PARAMETRIC_REPRESENTATION_CONTEXT() REPRESENTATION_CONTEXT('2D SPACE',''
  ) );
#2569 = ORIENTED_EDGE('',*,*,#2570,.T.);
#2570 = EDGE_CURVE('',#2542,#2371,#2571,.T.);
#2571 = SURFACE_CURVE('',#2572,(#2576,#2583),.PCURVE_S1.);
#2572 = LINE('',#2573,#2574);
#2573 = CARTESIAN_POINT('',(140.0000001,24.8500001,16.4250001));
#2574 = VECTOR('',#2575,1.);
#2575 = DIRECTION('',(0.,0.,-1.));
#2576 = PCURVE('',#253,#2577);
#2577 = DEFINITIONAL_REPRESENTATION('',(#2578),#2582);
#2578 = LINE('',#2579,#2580);
#2579 = CARTESIAN_POINT('',(16.425,-24.85));
#2580 = VECTOR('',#2581,1.);
#2581 = DIRECTION('',(-1.,0.));
#2582 = ( GEOMETRIC_REPRESENTATION_CONTEXT(2) 
PARAMETRIC_REPRESENTATION_CONTEXT() REPRESENTATION_CONTEXT('2D SPACE',''
  ) );
#2583 = PCURVE('',#2584,#2589);
#2584 = PLANE('',#2585);
#2585 = AXIS2_PLACEMENT_3D('',#2586,#2587,#2588);
#2586 = CARTESIAN_POINT('',(138.0000001,24.8500001,32.8500001));
#2587 = DIRECTION('',(0.,-1.,0.));
#2588 = DIRECTION('',(0.,0.,1.));
#2589 = DEFINITIONAL_REPRESENTATION('',(#2590),#2594);
#2590 = LINE('',#2591,#2592);
#2591 = CARTESIAN_POINT('',(-16.425,-2.));
#2592 = VECTOR('',#2593,1.);
#2593 = DIRECTION('',(-1.,0.));
#2594 = ( GEOMETRIC_REPRESENTATION_CONTEXT(2) 
PARAMETRIC_REPRESENTATION_CONTEXT() REPRESENTATION_CONTEXT('2D SPACE',''
  ) );
#2595 = ADVANCED_FACE('',(#2596),#360,.T.);
#2596 = FACE_BOUND('',#2597,.T.);
#2597 = EDGE_LOOP('',(#2598,#2621,#2622,#2623));
#2598 = ORIENTED_EDGE('',*,*,#2599,.F.);
#2599 = EDGE_CURVE('',#317,#2600,#2602,.T.);
#2600 = VERTEX_POINT('',#2601);
#2601 = CARTESIAN_POINT('',(69.8000001,13.3000001,33.5000001));
#2602 = SURFACE_CURVE('',#2603,(#2607,#2614),.PCURVE_S1.);
#2603 = LINE('',#2604,#2605);
#2604 = CARTESIAN_POINT('',(69.8000001,-1.9999999,33.5000001));
#2605 = VECTOR('',#2606,1.);
#2606 = DIRECTION('',(0.,1.,0.));
#2607 = PCURVE('',#360,#2608);
#2608 = DEFINITIONAL_REPRESENTATION('',(#2609),#2613);
#2609 = LINE('',#2610,#2611);
#2610 = CARTESIAN_POINT('',(36.5,0.));
#2611 = VECTOR('',#2612,1.);
#2612 = DIRECTION('',(0.,-1.));
#2613 = ( GEOMETRIC_REPRESENTATION_CONTEXT(2) 
PARAMETRIC_REPRESENTATION_CONTEXT() REPRESENTATION_CONTEXT('2D SPACE',''
  ) );
#2614 = PCURVE('',#332,#2615);
#2615 = DEFINITIONAL_REPRESENTATION('',(#2616),#2620);
#2616 = LINE('',#2617,#2618);
#2617 = CARTESIAN_POINT('',(0.,0.));
#2618 = VECTOR('',#2619,1.);
#2619 = DIRECTION('',(0.,1.));
#2620 = ( GEOMETRIC_REPRESENTATION_CONTEXT(2) 
PARAMETRIC_REPRESENTATION_CONTEXT() REPRESENTATION_CONTEXT('2D SPACE',''
  ) );
#2621 = ORIENTED_EDGE('',*,*,#344,.T.);
#2622 = ORIENTED_EDGE('',*,*,#2330,.T.);
#2623 = ORIENTED_EDGE('',*,*,#2624,.T.);
#2624 = EDGE_CURVE('',#2303,#2600,#2625,.T.);
#2625 = SURFACE_CURVE('',#2626,(#2630,#2637),.PCURVE_S1.);
#2626 = LINE('',#2627,#2628);
#2627 = CARTESIAN_POINT('',(69.8000001,13.3000001,-2.9999999));
#2628 = VECTOR('',#2629,1.);
#2629 = DIRECTION('',(0.,0.,1.));
#2630 = PCURVE('',#360,#2631);
#2631 = DEFINITIONAL_REPRESENTATION('',(#2632),#2636);
#2632 = LINE('',#2633,#2634);
#2633 = CARTESIAN_POINT('',(0.,-15.3));
#2634 = VECTOR('',#2635,1.);
#2635 = DIRECTION('',(1.,0.));
#2636 = ( GEOMETRIC_REPRESENTATION_CONTEXT(2) 
PARAMETRIC_REPRESENTATION_CONTEXT() REPRESENTATION_CONTEXT('2D SPACE',''
  ) );
#2637 = PCURVE('',#2318,#2638);
#2638 = DEFINITIONAL_REPRESENTATION('',(#2639),#2643);
#2639 = LINE('',#2640,#2641);
#2640 = CARTESIAN_POINT('',(0.,0.));
#2641 = VECTOR('',#2642,1.);
#2642 = DIRECTION('',(1.,0.));
#2643 = ( GEOMETRIC_REPRESENTATION_CONTEXT(2) 
PARAMETRIC_REPRESENTATION_CONTEXT() REPRESENTATION_CONTEXT('2D SPACE',''
  ) );
#2644 = ADVANCED_FACE('',(#2645,#2693),#332,.F.);
#2645 = FACE_BOUND('',#2646,.F.);
#2646 = EDGE_LOOP('',(#2647,#2648,#2649,#2672));
#2647 = ORIENTED_EDGE('',*,*,#2599,.F.);
#2648 = ORIENTED_EDGE('',*,*,#316,.T.);
#2649 = ORIENTED_EDGE('',*,*,#2650,.T.);
#2650 = EDGE_CURVE('',#289,#2651,#2653,.T.);
#2651 = VERTEX_POINT('',#2652);
#2652 = CARTESIAN_POINT('',(90.2000001,13.3000001,33.5000001));
#2653 = SURFACE_CURVE('',#2654,(#2658,#2665),.PCURVE_S1.);
#2654 = LINE('',#2655,#2656);
#2655 = CARTESIAN_POINT('',(90.2000001,-1.9999999,33.5000001));
#2656 = VECTOR('',#2657,1.);
#2657 = DIRECTION('',(0.,1.,0.));
#2658 = PCURVE('',#332,#2659);
#2659 = DEFINITIONAL_REPRESENTATION('',(#2660),#2664);
#2660 = LINE('',#2661,#2662);
#2661 = CARTESIAN_POINT('',(20.4,0.));
#2662 = VECTOR('',#2663,1.);
#2663 = DIRECTION('',(0.,1.));
#2664 = ( GEOMETRIC_REPRESENTATION_CONTEXT(2) 
PARAMETRIC_REPRESENTATION_CONTEXT() REPRESENTATION_CONTEXT('2D SPACE',''
  ) );
#2665 = PCURVE('',#304,#2666);
#2666 = DEFINITIONAL_REPRESENTATION('',(#2667),#2671);
#2667 = LINE('',#2668,#2669);
#2668 = CARTESIAN_POINT('',(36.5,0.));
#2669 = VECTOR('',#2670,1.);
#2670 = DIRECTION('',(0.,-1.));
#2671 = ( GEOMETRIC_REPRESENTATION_CONTEXT(2) 
PARAMETRIC_REPRESENTATION_CONTEXT() REPRESENTATION_CONTEXT('2D SPACE',''
  ) );
#2672 = ORIENTED_EDGE('',*,*,#2673,.F.);
#2673 = EDGE_CURVE('',#2600,#2651,#2674,.T.);
#2674 = SURFACE_CURVE('',#2675,(#2679,#2686),.PCURVE_S1.);
#2675 = LINE('',#2676,#2677);
#2676 = CARTESIAN_POINT('',(69.8000001,13.3000001,33.5000001));
#2677 = VECTOR('',#2678,1.);
#2678 = DIRECTION('',(1.,0.,0.));
#2679 = PCURVE('',#332,#2680);
#2680 = DEFINITIONAL_REPRESENTATION('',(#2681),#2685);
#2681 = LINE('',#2682,#2683);
#2682 = CARTESIAN_POINT('',(0.,15.3));
#2683 = VECTOR('',#2684,1.);
#2684 = DIRECTION('',(1.,0.));
#2685 = ( GEOMETRIC_REPRESENTATION_CONTEXT(2) 
PARAMETRIC_REPRESENTATION_CONTEXT() REPRESENTATION_CONTEXT('2D SPACE',''
  ) );
#2686 = PCURVE('',#2318,#2687);
#2687 = DEFINITIONAL_REPRESENTATION('',(#2688),#2692);
#2688 = LINE('',#2689,#2690);
#2689 = CARTESIAN_POINT('',(36.5,0.));
#2690 = VECTOR('',#2691,1.);
#2691 = DIRECTION('',(0.,1.));
#2692 = ( GEOMETRIC_REPRESENTATION_CONTEXT(2) 
PARAMETRIC_REPRESENTATION_CONTEXT() REPRESENTATION_CONTEXT('2D SPACE',''
  ) );
#2693 = FACE_BOUND('',#2694,.F.);
#2694 = EDGE_LOOP('',(#2695));
#2695 = ORIENTED_EDGE('',*,*,#2696,.T.);
#2696 = EDGE_CURVE('',#2697,#2697,#2699,.T.);
#2697 = VERTEX_POINT('',#2698);
#2698 = CARTESIAN_POINT('',(81.7000001,10.0000001,33.5000001));
#2699 = SURFACE_CURVE('',#2700,(#2705,#2716),.PCURVE_S1.);
#2700 = CIRCLE('',#2701,1.7);
#2701 = AXIS2_PLACEMENT_3D('',#2702,#2703,#2704);
#2702 = CARTESIAN_POINT('',(80.0000001,10.0000001,33.5000001));
#2703 = DIRECTION('',(0.,0.,-1.));
#2704 = DIRECTION('',(1.,0.,0.));
#2705 = PCURVE('',#332,#2706);
#2706 = DEFINITIONAL_REPRESENTATION('',(#2707),#2715);
#2707 = ( BOUNDED_CURVE() B_SPLINE_CURVE(2,(#2708,#2709,#2710,#2711,
#2712,#2713,#2714),.UNSPECIFIED.,.T.,.F.) B_SPLINE_CURVE_WITH_KNOTS((1,2
    ,2,2,2,1),(-2.094395102393,0.,2.094395102393,4.188790204786,
6.28318530718,8.377580409573),.UNSPECIFIED.) CURVE() 
GEOMETRIC_REPRESENTATION_ITEM() RATIONAL_B_SPLINE_CURVE((1.,0.5,1.,0.5,
1.,0.5,1.)) REPRESENTATION_ITEM('') );
#2708 = CARTESIAN_POINT('',(11.9,12.));
#2709 = CARTESIAN_POINT('',(11.9,9.055513627133));
#2710 = CARTESIAN_POINT('',(9.35,10.527756813566));
#2711 = CARTESIAN_POINT('',(6.8,12.));
#2712 = CARTESIAN_POINT('',(9.35,13.472243186434));
#2713 = CARTESIAN_POINT('',(11.9,14.944486372867));
#2714 = CARTESIAN_POINT('',(11.9,12.));
#2715 = ( GEOMETRIC_REPRESENTATION_CONTEXT(2) 
PARAMETRIC_REPRESENTATION_CONTEXT() REPRESENTATION_CONTEXT('2D SPACE',''
  ) );
#2716 = PCURVE('',#2717,#2722);
#2717 = CYLINDRICAL_SURFACE('',#2718,1.7);
#2718 = AXIS2_PLACEMENT_3D('',#2719,#2720,#2721);
#2719 = CARTESIAN_POINT('',(80.0000001,10.0000001,-2.9999999));
#2720 = DIRECTION('',(-0.,-0.,-1.));
#2721 = DIRECTION('',(1.,0.,0.));
#2722 = DEFINITIONAL_REPRESENTATION('',(#2723),#2727);
#2723 = LINE('',#2724,#2725);
#2724 = CARTESIAN_POINT('',(-6.28318530718,-36.5));
#2725 = VECTOR('',#2726,1.);
#2726 = DIRECTION('',(1.,-0.));
#2727 = ( GEOMETRIC_REPRESENTATION_CONTEXT(2) 
PARAMETRIC_REPRESENTATION_CONTEXT() REPRESENTATION_CONTEXT('2D SPACE',''
  ) );
#2728 = ADVANCED_FACE('',(#2729),#304,.F.);
#2729 = FACE_BOUND('',#2730,.F.);
#2730 = EDGE_LOOP('',(#2731,#2732,#2733,#2734));
#2731 = ORIENTED_EDGE('',*,*,#2650,.F.);
#2732 = ORIENTED_EDGE('',*,*,#288,.T.);
#2733 = ORIENTED_EDGE('',*,*,#2274,.T.);
#2734 = ORIENTED_EDGE('',*,*,#2735,.T.);
#2735 = EDGE_CURVE('',#2275,#2651,#2736,.T.);
#2736 = SURFACE_CURVE('',#2737,(#2741,#2748),.PCURVE_S1.);
#2737 = LINE('',#2738,#2739);
#2738 = CARTESIAN_POINT('',(90.2000001,13.3000001,-2.9999999));
#2739 = VECTOR('',#2740,1.);
#2740 = DIRECTION('',(0.,0.,1.));
#2741 = PCURVE('',#304,#2742);
#2742 = DEFINITIONAL_REPRESENTATION('',(#2743),#2747);
#2743 = LINE('',#2744,#2745);
#2744 = CARTESIAN_POINT('',(0.,-15.3));
#2745 = VECTOR('',#2746,1.);
#2746 = DIRECTION('',(1.,0.));
#2747 = ( GEOMETRIC_REPRESENTATION_CONTEXT(2) 
PARAMETRIC_REPRESENTATION_CONTEXT() REPRESENTATION_CONTEXT('2D SPACE',''
  ) );
#2748 = PCURVE('',#2318,#2749);
#2749 = DEFINITIONAL_REPRESENTATION('',(#2750),#2754);
#2750 = LINE('',#2751,#2752);
#2751 = CARTESIAN_POINT('',(0.,20.4));
#2752 = VECTOR('',#2753,1.);
#2753 = DIRECTION('',(1.,0.));
#2754 = ( GEOMETRIC_REPRESENTATION_CONTEXT(2) 
PARAMETRIC_REPRESENTATION_CONTEXT() REPRESENTATION_CONTEXT('2D SPACE',''
  ) );
#2755 = ADVANCED_FACE('',(#2756),#434,.F.);
#2756 = FACE_BOUND('',#2757,.T.);
#2757 = EDGE_LOOP('',(#2758,#2911,#2932,#2933,#2934));
#2758 = ORIENTED_EDGE('',*,*,#2759,.F.);
#2759 = EDGE_CURVE('',#2760,#2762,#2764,.T.);
#2760 = VERTEX_POINT('',#2761);
#2761 = CARTESIAN_POINT('',(81.0000001,4.591673186804,36.0000001));
#2762 = VERTEX_POINT('',#2763);
#2763 = CARTESIAN_POINT('',(80.0000001,4.5000001,35.0000001));
#2764 = SURFACE_CURVE('',#2765,(#2810,#2858),.PCURVE_S1.);
#2765 = B_SPLINE_CURVE_WITH_KNOTS('',7,(#2766,#2767,#2768,#2769,#2770,
    #2771,#2772,#2773,#2774,#2775,#2776,#2777,#2778,#2779,#2780,#2781,
    #2782,#2783,#2784,#2785,#2786,#2787,#2788,#2789,#2790,#2791,#2792,
    #2793,#2794,#2795,#2796,#2797,#2798,#2799,#2800,#2801,#2802,#2803,
    #2804,#2805,#2806,#2807,#2808,#2809),.UNSPECIFIED.,.T.,.F.,(8,6,6,6,
    6,6,6,8),(0.,0.149179391023,0.287432850713,0.425272597077,
    0.586638664005,0.713645140307,0.84172016685,1.),.UNSPECIFIED.);
#2766 = CARTESIAN_POINT('',(81.0000001,4.591673186804,36.0000001));
#2767 = CARTESIAN_POINT('',(81.0000001,4.591673186804,36.121170410065));
#2768 = CARTESIAN_POINT('',(80.982870941307,4.588506067353,
    36.242443158453));
#2769 = CARTESIAN_POINT('',(80.948559590445,4.582161577623,
    36.361772922926));
#2770 = CARTESIAN_POINT('',(80.896903401918,4.572964591114,
    36.476989836487));
#2771 = CARTESIAN_POINT('',(80.827766858125,4.561599980637,
    36.585617679047));
#2772 = CARTESIAN_POINT('',(80.741132883019,4.549163086885,
    36.684717967553));
#2773 = CARTESIAN_POINT('',(80.541310951255,4.525847556857,
    36.850025045891));
#2774 = CARTESIAN_POINT('',(80.428531246645,4.514688553413,
    36.919765811932));
#2775 = CARTESIAN_POINT('',(80.301518622312,4.505095463525,
    36.97321661394));
#2776 = CARTESIAN_POINT('',(80.164743776618,4.498837621973,
    37.006002325916));
#2777 = CARTESIAN_POINT('',(80.023673412776,4.497050752085,
    37.015870522583));
#2778 = CARTESIAN_POINT('',(79.884113588184,4.499614369401,
    37.002681372428));
#2779 = CARTESIAN_POINT('',(79.618904241835,4.511618443754,
    36.934587185924));
#2780 = CARTESIAN_POINT('',(79.496350322325,4.520895867564,
    36.880612121155));
#2781 = CARTESIAN_POINT('',(79.38622146537,4.532358286323,
    36.810028519185));
#2782 = CARTESIAN_POINT('',(79.290247630418,4.544629553837,
    36.726061242554));
#2783 = CARTESIAN_POINT('',(79.209542851652,4.556403486637,
    36.631919973856));
#2784 = CARTESIAN_POINT('',(79.144588354327,4.566697186919,
    36.53079226391));
#2785 = CARTESIAN_POINT('',(79.03732359617,4.584587502449,36.30284304966
    ));
#2786 = CARTESIAN_POINT('',(78.99959555502,4.591619693955,
    36.172085488335));
#2787 = CARTESIAN_POINT('',(78.982729810508,4.594991596029,
    36.03707837965));
#2788 = CARTESIAN_POINT('',(78.986868836278,4.594167376067,
    35.901147630186));
#2789 = CARTESIAN_POINT('',(79.011869561987,4.589272084088,
    35.767358067336));
#2790 = CARTESIAN_POINT('',(79.057510088802,4.580940504177,
    35.63863345835));
#2791 = CARTESIAN_POINT('',(79.175784369682,4.561852200759,
    35.423493340103));
#2792 = CARTESIAN_POINT('',(79.241218780295,4.551890254457,
    35.332782498742));
#2793 = CARTESIAN_POINT('',(79.320044300109,4.540911662577,
    35.248746888904));
#2794 = CARTESIAN_POINT('',(79.411737357501,4.529759842483,
    35.174012814729));
#2795 = CARTESIAN_POINT('',(79.515285082149,4.519482101658,
    35.111168712263));
#2796 = CARTESIAN_POINT('',(79.629177530127,4.511153447636,
    35.062775281966));
#2797 = CARTESIAN_POINT('',(79.874470440841,4.500050843678,
    34.999794766986));
#2798 = CARTESIAN_POINT('',(80.00375312479,4.497426984382,
    34.986075353212));
#2799 = CARTESIAN_POINT('',(80.134846000818,4.498510064684,
    34.992182401977));
#2800 = CARTESIAN_POINT('',(80.262957581137,4.503461914056,
    35.018206615567));
#2801 = CARTESIAN_POINT('',(80.383497514939,4.511497006866,
    35.062528601041));
#2802 = CARTESIAN_POINT('',(80.492582182258,4.521265643072,
    35.121813953794));
#2803 = CARTESIAN_POINT('',(80.705440934924,4.544144897283,
    35.276464890064));
#2804 = CARTESIAN_POINT('',(80.804003080042,4.557726462488,
    35.378573927331));
#2805 = CARTESIAN_POINT('',(80.882713189252,4.570444265167,
    35.492479491816));
#2806 = CARTESIAN_POINT('',(80.941511136431,4.580858090656,
    35.614482928085));
#2807 = CARTESIAN_POINT('',(80.980534992265,4.58807420652,
    35.741492525218));
#2808 = CARTESIAN_POINT('',(81.0000001,4.591673186804,35.870831516566));
#2809 = CARTESIAN_POINT('',(81.0000001,4.591673186804,36.0000001));
#2810 = PCURVE('',#434,#2811);
#2811 = DEFINITIONAL_REPRESENTATION('',(#2812),#2857);
#2812 = B_SPLINE_CURVE_WITH_KNOTS('',7,(#2813,#2814,#2815,#2816,#2817,
    #2818,#2819,#2820,#2821,#2822,#2823,#2824,#2825,#2826,#2827,#2828,
    #2829,#2830,#2831,#2832,#2833,#2834,#2835,#2836,#2837,#2838,#2839,
    #2840,#2841,#2842,#2843,#2844,#2845,#2846,#2847,#2848,#2849,#2850,
    #2851,#2852,#2853,#2854,#2855,#2856),.UNSPECIFIED.,.F.,.F.,(8,6,6,6,
    6,6,6,8),(0.,0.149179391023,0.287432850713,0.425272597077,
    0.586638664005,0.713645140307,0.84172016685,1.),.UNSPECIFIED.);
#2813 = CARTESIAN_POINT('',(0.,-6.408326913196));
#2814 = CARTESIAN_POINT('',(-0.121170310065,-6.408326913196));
#2815 = CARTESIAN_POINT('',(-0.242442810394,-6.411494032647));
#2816 = CARTESIAN_POINT('',(-0.364679497559,-6.417838522377));
#2817 = CARTESIAN_POINT('',(-0.488633692201,-6.427035508886));
#2818 = CARTESIAN_POINT('',(-0.615127078877,-6.438400119363));
#2819 = CARTESIAN_POINT('',(-0.745048914022,-6.450837013115));
#2820 = CARTESIAN_POINT('',(-1.004385056051,-6.474152543143));
#2821 = CARTESIAN_POINT('',(-1.135738174536,-6.485311546587));
#2822 = CARTESIAN_POINT('',(-1.27084128258,-6.494904636475));
#2823 = CARTESIAN_POINT('',(-1.408160924125,-6.501162478027));
#2824 = CARTESIAN_POINT('',(-1.546558030872,-6.502949347915));
#2825 = CARTESIAN_POINT('',(-1.685012770527,-6.500385730599));
#2826 = CARTESIAN_POINT('',(-1.958824413132,-6.488381656246));
#2827 = CARTESIAN_POINT('',(-2.090951523475,-6.479104232436));
#2828 = CARTESIAN_POINT('',(-2.219343970382,-6.467641813677));
#2829 = CARTESIAN_POINT('',(-2.344453122894,-6.455370546163));
#2830 = CARTESIAN_POINT('',(-2.46655215139,-6.443596613363));
#2831 = CARTESIAN_POINT('',(-2.585711180014,-6.433302913081));
#2832 = CARTESIAN_POINT('',(-2.837636908393,-6.415412597551));
#2833 = CARTESIAN_POINT('',(-2.972013128186,-6.408380406045));
#2834 = CARTESIAN_POINT('',(-3.10545181553,-6.405008503971));
#2835 = CARTESIAN_POINT('',(-3.238560864518,-6.405832723933));
#2836 = CARTESIAN_POINT('',(-3.372077127789,-6.410728015912));
#2837 = CARTESIAN_POINT('',(-3.506867454488,-6.419059595823));
#2838 = CARTESIAN_POINT('',(-3.752375246619,-6.438147899241));
#2839 = CARTESIAN_POINT('',(-3.863389766546,-6.448109845543));
#2840 = CARTESIAN_POINT('',(-3.977067907831,-6.459088437423));
#2841 = CARTESIAN_POINT('',(-4.093423441238,-6.470240257517));
#2842 = CARTESIAN_POINT('',(-4.212617132772,-6.480517998342));
#2843 = CARTESIAN_POINT('',(-4.334967405397,-6.488846652364));
#2844 = CARTESIAN_POINT('',(-4.588216605423,-6.499949256322));
#2845 = CARTESIAN_POINT('',(-4.716849180837,-6.502573115618));
#2846 = CARTESIAN_POINT('',(-4.845664349959,-6.501490035316));
#2847 = CARTESIAN_POINT('',(-4.973700580136,-6.496538185944));
#2848 = CARTESIAN_POINT('',(-5.099931262307,-6.488503093134));
#2849 = CARTESIAN_POINT('',(-5.223029921267,-6.478734456928));
#2850 = CARTESIAN_POINT('',(-5.486137809168,-6.455855202717));
#2851 = CARTESIAN_POINT('',(-5.625895009024,-6.442273637512));
#2852 = CARTESIAN_POINT('',(-5.761545145132,-6.429555834833));
#2853 = CARTESIAN_POINT('',(-5.894146545903,-6.419142009344));
#2854 = CARTESIAN_POINT('',(-6.024678167403,-6.41192589348));
#2855 = CARTESIAN_POINT('',(-6.154016723746,-6.408326913196));
#2856 = CARTESIAN_POINT('',(-6.28318530718,-6.408326913196));
#2857 = ( GEOMETRIC_REPRESENTATION_CONTEXT(2) 
PARAMETRIC_REPRESENTATION_CONTEXT() REPRESENTATION_CONTEXT('2D SPACE',''
  ) );
#2858 = PCURVE('',#2859,#2864);
#2859 = CYLINDRICAL_SURFACE('',#2860,5.5);
#2860 = AXIS2_PLACEMENT_3D('',#2861,#2862,#2863);
#2861 = CARTESIAN_POINT('',(80.0000001,10.0000001,35.0000001));
#2862 = DIRECTION('',(-0.,-0.,-1.));
#2863 = DIRECTION('',(1.,0.,0.));
#2864 = DEFINITIONAL_REPRESENTATION('',(#2865),#2910);
#2865 = B_SPLINE_CURVE_WITH_KNOTS('',7,(#2866,#2867,#2868,#2869,#2870,
    #2871,#2872,#2873,#2874,#2875,#2876,#2877,#2878,#2879,#2880,#2881,
    #2882,#2883,#2884,#2885,#2886,#2887,#2888,#2889,#2890,#2891,#2892,
    #2893,#2894,#2895,#2896,#2897,#2898,#2899,#2900,#2901,#2902,#2903,
    #2904,#2905,#2906,#2907,#2908,#2909),.UNSPECIFIED.,.T.,.F.,(8,6,6,6,
    6,6,6,8),(0.,0.149179391023,0.287432850713,0.425272597077,
    0.586638664005,0.713645140307,0.84172016685,1.),.UNSPECIFIED.);
#2866 = CARTESIAN_POINT('',(-4.895224117378,-1.));
#2867 = CARTESIAN_POINT('',(-4.895224117378,-1.121170310065));
#2868 = CARTESIAN_POINT('',(-4.892056929596,-1.242443058453));
#2869 = CARTESIAN_POINT('',(-4.885712785661,-1.361772822926));
#2870 = CARTESIAN_POINT('',(-4.876173166649,-1.476989736487));
#2871 = CARTESIAN_POINT('',(-4.863436895822,-1.585617579047));
#2872 = CARTESIAN_POINT('',(-4.847529346953,-1.684717867553));
#2873 = CARTESIAN_POINT('',(-4.810951605288,-1.850024945891));
#2874 = CARTESIAN_POINT('',(-4.790349309714,-1.919765711932));
#2875 = CARTESIAN_POINT('',(-4.767200290269,-1.97321651394));
#2876 = CARTESIAN_POINT('',(-4.742328660747,-2.006002225916));
#2877 = CARTESIAN_POINT('',(-4.71669771002,-2.015870422583));
#2878 = CARTESIAN_POINT('',(-4.69132800516,-2.002681272428));
#2879 = CARTESIAN_POINT('',(-4.643058755091,-1.934587085924));
#2880 = CARTESIAN_POINT('',(-4.620722744512,-1.880612021155));
#2881 = CARTESIAN_POINT('',(-4.60060269744,-1.810028419185));
#2882 = CARTESIAN_POINT('',(-4.583016354981,-1.726061142554));
#2883 = CARTESIAN_POINT('',(-4.568189304357,-1.631919873856));
#2884 = CARTESIAN_POINT('',(-4.556232402728,-1.53079216391));
#2885 = CARTESIAN_POINT('',(-4.536460319785,-1.30284294966));
#2886 = CARTESIAN_POINT('',(-4.52948380828,-1.172085388335));
#2887 = CARTESIAN_POINT('',(-4.526356180274,-1.03707827965));
#2888 = CARTESIAN_POINT('',(-4.527123578542,-0.901147530186));
#2889 = CARTESIAN_POINT('',(-4.53175590622,-0.767357967336));
#2890 = CARTESIAN_POINT('',(-4.54018952638,-0.63863335835));
#2891 = CARTESIAN_POINT('',(-4.561972201158,-0.423493240103));
#2892 = CARTESIAN_POINT('',(-4.574005886023,-0.332782398742));
#2893 = CARTESIAN_POINT('',(-4.588474500205,-0.248746788904));
#2894 = CARTESIAN_POINT('',(-4.605263262664,-0.174012714729));
#2895 = CARTESIAN_POINT('',(-4.62417361915,-0.111168612263));
#2896 = CARTESIAN_POINT('',(-4.64492853807,-6.277518196552E-02));
#2897 = CARTESIAN_POINT('',(-4.689572910564,2.053330135841E-04));
#2898 = CARTESIAN_POINT('',(-4.713076419403,1.392474678855E-02));
#2899 = CARTESIAN_POINT('',(-4.736896416753,7.817698022366E-03));
#2900 = CARTESIAN_POINT('',(-4.76018857299,-1.82065155664E-02));
#2901 = CARTESIAN_POINT('',(-4.782144374732,-6.252850104132E-02));
#2902 = CARTESIAN_POINT('',(-4.802054138984,-0.121813853794));
#2903 = CARTESIAN_POINT('',(-4.840978651161,-0.276464790064));
#2904 = CARTESIAN_POINT('',(-4.859060297127,-0.378573827331));
#2905 = CARTESIAN_POINT('',(-4.873552746189,-0.492479391816));
#2906 = CARTESIAN_POINT('',(-4.884409549437,-0.614482828085));
#2907 = CARTESIAN_POINT('',(-4.891625006914,-0.741492425218));
#2908 = CARTESIAN_POINT('',(-4.895224117378,-0.870831416566));
#2909 = CARTESIAN_POINT('',(-4.895224117378,-1.));
#2910 = ( GEOMETRIC_REPRESENTATION_CONTEXT(2) 
PARAMETRIC_REPRESENTATION_CONTEXT() REPRESENTATION_CONTEXT('2D SPACE',''
  ) );
#2911 = ORIENTED_EDGE('',*,*,#2912,.T.);
#2912 = EDGE_CURVE('',#2760,#418,#2913,.T.);
#2913 = SEAM_CURVE('',#2914,(#2918,#2925),.PCURVE_S1.);
#2914 = LINE('',#2915,#2916);
#2915 = CARTESIAN_POINT('',(81.0000001,11.0000001,36.0000001));
#2916 = VECTOR('',#2917,1.);
#2917 = DIRECTION('',(0.,-1.,0.));
#2918 = PCURVE('',#434,#2919);
#2919 = DEFINITIONAL_REPRESENTATION('',(#2920),#2924);
#2920 = LINE('',#2921,#2922);
#2921 = CARTESIAN_POINT('',(-6.28318530718,0.));
#2922 = VECTOR('',#2923,1.);
#2923 = DIRECTION('',(-0.,-1.));
#2924 = ( GEOMETRIC_REPRESENTATION_CONTEXT(2) 
PARAMETRIC_REPRESENTATION_CONTEXT() REPRESENTATION_CONTEXT('2D SPACE',''
  ) );
#2925 = PCURVE('',#434,#2926);
#2926 = DEFINITIONAL_REPRESENTATION('',(#2927),#2931);
#2927 = LINE('',#2928,#2929);
#2928 = CARTESIAN_POINT('',(-0.,0.));
#2929 = VECTOR('',#2930,1.);
#2930 = DIRECTION('',(-0.,-1.));
#2931 = ( GEOMETRIC_REPRESENTATION_CONTEXT(2) 
PARAMETRIC_REPRESENTATION_CONTEXT() REPRESENTATION_CONTEXT('2D SPACE',''
  ) );
#2932 = ORIENTED_EDGE('',*,*,#417,.F.);
#2933 = ORIENTED_EDGE('',*,*,#2912,.F.);
#2934 = ORIENTED_EDGE('',*,*,#2935,.F.);
#2935 = EDGE_CURVE('',#2762,#2760,#2936,.T.);
#2936 = SURFACE_CURVE('',#2937,(#2982,#3030),.PCURVE_S1.);
#2937 = B_SPLINE_CURVE_WITH_KNOTS('',7,(#2938,#2939,#2940,#2941,#2942,
    #2943,#2944,#2945,#2946,#2947,#2948,#2949,#2950,#2951,#2952,#2953,
    #2954,#2955,#2956,#2957,#2958,#2959,#2960,#2961,#2962,#2963,#2964,
    #2965,#2966,#2967,#2968,#2969,#2970,#2971,#2972,#2973,#2974,#2975,
    #2976,#2977,#2978,#2979,#2980,#2981),.UNSPECIFIED.,.T.,.F.,(8,6,6,6,
    6,6,6,8),(0.,0.149179391023,0.287432850713,0.425272597077,
    0.586638664005,0.713645140307,0.84172016685,1.),.UNSPECIFIED.);
#2938 = CARTESIAN_POINT('',(81.0000001,4.591673186804,36.0000001));
#2939 = CARTESIAN_POINT('',(81.0000001,4.591673186804,36.121170410065));
#2940 = CARTESIAN_POINT('',(80.982870941307,4.588506067353,
    36.242443158453));
#2941 = CARTESIAN_POINT('',(80.948559590445,4.582161577623,
    36.361772922926));
#2942 = CARTESIAN_POINT('',(80.896903401918,4.572964591114,
    36.476989836487));
#2943 = CARTESIAN_POINT('',(80.827766858125,4.561599980637,
    36.585617679047));
#2944 = CARTESIAN_POINT('',(80.741132883019,4.549163086885,
    36.684717967553));
#2945 = CARTESIAN_POINT('',(80.541310951255,4.525847556857,
    36.850025045891));
#2946 = CARTESIAN_POINT('',(80.428531246645,4.514688553413,
    36.919765811932));
#2947 = CARTESIAN_POINT('',(80.301518622312,4.505095463525,
    36.97321661394));
#2948 = CARTESIAN_POINT('',(80.164743776618,4.498837621973,
    37.006002325916));
#2949 = CARTESIAN_POINT('',(80.023673412776,4.497050752085,
    37.015870522583));
#2950 = CARTESIAN_POINT('',(79.884113588184,4.499614369401,
    37.002681372428));
#2951 = CARTESIAN_POINT('',(79.618904241835,4.511618443754,
    36.934587185924));
#2952 = CARTESIAN_POINT('',(79.496350322325,4.520895867564,
    36.880612121155));
#2953 = CARTESIAN_POINT('',(79.38622146537,4.532358286323,
    36.810028519185));
#2954 = CARTESIAN_POINT('',(79.290247630418,4.544629553837,
    36.726061242554));
#2955 = CARTESIAN_POINT('',(79.209542851652,4.556403486637,
    36.631919973856));
#2956 = CARTESIAN_POINT('',(79.144588354327,4.566697186919,
    36.53079226391));
#2957 = CARTESIAN_POINT('',(79.03732359617,4.584587502449,36.30284304966
    ));
#2958 = CARTESIAN_POINT('',(78.99959555502,4.591619693955,
    36.172085488335));
#2959 = CARTESIAN_POINT('',(78.982729810508,4.594991596029,
    36.03707837965));
#2960 = CARTESIAN_POINT('',(78.986868836278,4.594167376067,
    35.901147630186));
#2961 = CARTESIAN_POINT('',(79.011869561987,4.589272084088,
    35.767358067336));
#2962 = CARTESIAN_POINT('',(79.057510088802,4.580940504177,
    35.63863345835));
#2963 = CARTESIAN_POINT('',(79.175784369682,4.561852200759,
    35.423493340103));
#2964 = CARTESIAN_POINT('',(79.241218780295,4.551890254457,
    35.332782498742));
#2965 = CARTESIAN_POINT('',(79.320044300109,4.540911662577,
    35.248746888904));
#2966 = CARTESIAN_POINT('',(79.411737357501,4.529759842483,
    35.174012814729));
#2967 = CARTESIAN_POINT('',(79.515285082149,4.519482101658,
    35.111168712263));
#2968 = CARTESIAN_POINT('',(79.629177530127,4.511153447636,
    35.062775281966));
#2969 = CARTESIAN_POINT('',(79.874470440841,4.500050843678,
    34.999794766986));
#2970 = CARTESIAN_POINT('',(80.00375312479,4.497426984382,
    34.986075353212));
#2971 = CARTESIAN_POINT('',(80.134846000818,4.498510064684,
    34.992182401977));
#2972 = CARTESIAN_POINT('',(80.262957581137,4.503461914056,
    35.018206615567));
#2973 = CARTESIAN_POINT('',(80.383497514939,4.511497006866,
    35.062528601041));
#2974 = CARTESIAN_POINT('',(80.492582182258,4.521265643072,
    35.121813953794));
#2975 = CARTESIAN_POINT('',(80.705440934924,4.544144897283,
    35.276464890064));
#2976 = CARTESIAN_POINT('',(80.804003080042,4.557726462488,
    35.378573927331));
#2977 = CARTESIAN_POINT('',(80.882713189252,4.570444265167,
    35.492479491816));
#2978 = CARTESIAN_POINT('',(80.941511136431,4.580858090656,
    35.614482928085));
#2979 = CARTESIAN_POINT('',(80.980534992265,4.58807420652,
    35.741492525218));
#2980 = CARTESIAN_POINT('',(81.0000001,4.591673186804,35.870831516566));
#2981 = CARTESIAN_POINT('',(81.0000001,4.591673186804,36.0000001));
#2982 = PCURVE('',#434,#2983);
#2983 = DEFINITIONAL_REPRESENTATION('',(#2984),#3029);
#2984 = B_SPLINE_CURVE_WITH_KNOTS('',7,(#2985,#2986,#2987,#2988,#2989,
    #2990,#2991,#2992,#2993,#2994,#2995,#2996,#2997,#2998,#2999,#3000,
    #3001,#3002,#3003,#3004,#3005,#3006,#3007,#3008,#3009,#3010,#3011,
    #3012,#3013,#3014,#3015,#3016,#3017,#3018,#3019,#3020,#3021,#3022,
    #3023,#3024,#3025,#3026,#3027,#3028),.UNSPECIFIED.,.F.,.F.,(8,6,6,6,
    6,6,6,8),(0.,0.149179391023,0.287432850713,0.425272597077,
    0.586638664005,0.713645140307,0.84172016685,1.),.UNSPECIFIED.);
#2985 = CARTESIAN_POINT('',(0.,-6.408326913196));
#2986 = CARTESIAN_POINT('',(-0.121170310065,-6.408326913196));
#2987 = CARTESIAN_POINT('',(-0.242442810394,-6.411494032647));
#2988 = CARTESIAN_POINT('',(-0.364679497559,-6.417838522377));
#2989 = CARTESIAN_POINT('',(-0.488633692201,-6.427035508886));
#2990 = CARTESIAN_POINT('',(-0.615127078877,-6.438400119363));
#2991 = CARTESIAN_POINT('',(-0.745048914022,-6.450837013115));
#2992 = CARTESIAN_POINT('',(-1.004385056051,-6.474152543143));
#2993 = CARTESIAN_POINT('',(-1.135738174536,-6.485311546587));
#2994 = CARTESIAN_POINT('',(-1.27084128258,-6.494904636475));
#2995 = CARTESIAN_POINT('',(-1.408160924125,-6.501162478027));
#2996 = CARTESIAN_POINT('',(-1.546558030872,-6.502949347915));
#2997 = CARTESIAN_POINT('',(-1.685012770527,-6.500385730599));
#2998 = CARTESIAN_POINT('',(-1.958824413132,-6.488381656246));
#2999 = CARTESIAN_POINT('',(-2.090951523475,-6.479104232436));
#3000 = CARTESIAN_POINT('',(-2.219343970382,-6.467641813677));
#3001 = CARTESIAN_POINT('',(-2.344453122894,-6.455370546163));
#3002 = CARTESIAN_POINT('',(-2.46655215139,-6.443596613363));
#3003 = CARTESIAN_POINT('',(-2.585711180014,-6.433302913081));
#3004 = CARTESIAN_POINT('',(-2.837636908393,-6.415412597551));
#3005 = CARTESIAN_POINT('',(-2.972013128186,-6.408380406045));
#3006 = CARTESIAN_POINT('',(-3.10545181553,-6.405008503971));
#3007 = CARTESIAN_POINT('',(-3.238560864518,-6.405832723933));
#3008 = CARTESIAN_POINT('',(-3.372077127789,-6.410728015912));
#3009 = CARTESIAN_POINT('',(-3.506867454488,-6.419059595823));
#3010 = CARTESIAN_POINT('',(-3.752375246619,-6.438147899241));
#3011 = CARTESIAN_POINT('',(-3.863389766546,-6.448109845543));
#3012 = CARTESIAN_POINT('',(-3.977067907831,-6.459088437423));
#3013 = CARTESIAN_POINT('',(-4.093423441238,-6.470240257517));
#3014 = CARTESIAN_POINT('',(-4.212617132772,-6.480517998342));
#3015 = CARTESIAN_POINT('',(-4.334967405397,-6.488846652364));
#3016 = CARTESIAN_POINT('',(-4.588216605423,-6.499949256322));
#3017 = CARTESIAN_POINT('',(-4.716849180837,-6.502573115618));
#3018 = CARTESIAN_POINT('',(-4.845664349959,-6.501490035316));
#3019 = CARTESIAN_POINT('',(-4.973700580136,-6.496538185944));
#3020 = CARTESIAN_POINT('',(-5.099931262307,-6.488503093134));
#3021 = CARTESIAN_POINT('',(-5.223029921267,-6.478734456928));
#3022 = CARTESIAN_POINT('',(-5.486137809168,-6.455855202717));
#3023 = CARTESIAN_POINT('',(-5.625895009024,-6.442273637512));
#3024 = CARTESIAN_POINT('',(-5.761545145132,-6.429555834833));
#3025 = CARTESIAN_POINT('',(-5.894146545903,-6.419142009344));
#3026 = CARTESIAN_POINT('',(-6.024678167403,-6.41192589348));
#3027 = CARTESIAN_POINT('',(-6.154016723746,-6.408326913196));
#3028 = CARTESIAN_POINT('',(-6.28318530718,-6.408326913196));
#3029 = ( GEOMETRIC_REPRESENTATION_CONTEXT(2) 
PARAMETRIC_REPRESENTATION_CONTEXT() REPRESENTATION_CONTEXT('2D SPACE',''
  ) );
#3030 = PCURVE('',#2859,#3031);
#3031 = DEFINITIONAL_REPRESENTATION('',(#3032),#3077);
#3032 = B_SPLINE_CURVE_WITH_KNOTS('',7,(#3033,#3034,#3035,#3036,#3037,
    #3038,#3039,#3040,#3041,#3042,#3043,#3044,#3045,#3046,#3047,#3048,
    #3049,#3050,#3051,#3052,#3053,#3054,#3055,#3056,#3057,#3058,#3059,
    #3060,#3061,#3062,#3063,#3064,#3065,#3066,#3067,#3068,#3069,#3070,
    #3071,#3072,#3073,#3074,#3075,#3076),.UNSPECIFIED.,.T.,.F.,(8,6,6,6,
    6,6,6,8),(0.,0.149179391023,0.287432850713,0.425272597077,
    0.586638664005,0.713645140307,0.84172016685,1.),.UNSPECIFIED.);
#3033 = CARTESIAN_POINT('',(-4.895224117378,-1.));
#3034 = CARTESIAN_POINT('',(-4.895224117378,-1.121170310065));
#3035 = CARTESIAN_POINT('',(-4.892056929596,-1.242443058453));
#3036 = CARTESIAN_POINT('',(-4.885712785661,-1.361772822926));
#3037 = CARTESIAN_POINT('',(-4.876173166649,-1.476989736487));
#3038 = CARTESIAN_POINT('',(-4.863436895822,-1.585617579047));
#3039 = CARTESIAN_POINT('',(-4.847529346953,-1.684717867553));
#3040 = CARTESIAN_POINT('',(-4.810951605288,-1.850024945891));
#3041 = CARTESIAN_POINT('',(-4.790349309714,-1.919765711932));
#3042 = CARTESIAN_POINT('',(-4.767200290269,-1.97321651394));
#3043 = CARTESIAN_POINT('',(-4.742328660747,-2.006002225916));
#3044 = CARTESIAN_POINT('',(-4.71669771002,-2.015870422583));
#3045 = CARTESIAN_POINT('',(-4.69132800516,-2.002681272428));
#3046 = CARTESIAN_POINT('',(-4.643058755091,-1.934587085924));
#3047 = CARTESIAN_POINT('',(-4.620722744512,-1.880612021155));
#3048 = CARTESIAN_POINT('',(-4.60060269744,-1.810028419185));
#3049 = CARTESIAN_POINT('',(-4.583016354981,-1.726061142554));
#3050 = CARTESIAN_POINT('',(-4.568189304357,-1.631919873856));
#3051 = CARTESIAN_POINT('',(-4.556232402728,-1.53079216391));
#3052 = CARTESIAN_POINT('',(-4.536460319785,-1.30284294966));
#3053 = CARTESIAN_POINT('',(-4.52948380828,-1.172085388335));
#3054 = CARTESIAN_POINT('',(-4.526356180274,-1.03707827965));
#3055 = CARTESIAN_POINT('',(-4.527123578542,-0.901147530186));
#3056 = CARTESIAN_POINT('',(-4.53175590622,-0.767357967336));
#3057 = CARTESIAN_POINT('',(-4.54018952638,-0.63863335835));
#3058 = CARTESIAN_POINT('',(-4.561972201158,-0.423493240103));
#3059 = CARTESIAN_POINT('',(-4.574005886023,-0.332782398742));
#3060 = CARTESIAN_POINT('',(-4.588474500205,-0.248746788904));
#3061 = CARTESIAN_POINT('',(-4.605263262664,-0.174012714729));
#3062 = CARTESIAN_POINT('',(-4.62417361915,-0.111168612263));
#3063 = CARTESIAN_POINT('',(-4.64492853807,-6.277518196552E-02));
#3064 = CARTESIAN_POINT('',(-4.689572910564,2.053330135841E-04));
#3065 = CARTESIAN_POINT('',(-4.713076419403,1.392474678855E-02));
#3066 = CARTESIAN_POINT('',(-4.736896416753,7.817698022366E-03));
#3067 = CARTESIAN_POINT('',(-4.76018857299,-1.82065155664E-02));
#3068 = CARTESIAN_POINT('',(-4.782144374732,-6.252850104132E-02));
#3069 = CARTESIAN_POINT('',(-4.802054138984,-0.121813853794));
#3070 = CARTESIAN_POINT('',(-4.840978651161,-0.276464790064));
#3071 = CARTESIAN_POINT('',(-4.859060297127,-0.378573827331));
#3072 = CARTESIAN_POINT('',(-4.873552746189,-0.492479391816));
#3073 = CARTESIAN_POINT('',(-4.884409549437,-0.614482828085));
#3074 = CARTESIAN_POINT('',(-4.891625006914,-0.741492425218));
#3075 = CARTESIAN_POINT('',(-4.895224117378,-0.870831416566));
#3076 = CARTESIAN_POINT('',(-4.895224117378,-1.));
#3077 = ( GEOMETRIC_REPRESENTATION_CONTEXT(2) 
PARAMETRIC_REPRESENTATION_CONTEXT() REPRESENTATION_CONTEXT('2D SPACE',''
  ) );
#3078 = ADVANCED_FACE('',(#3079),#518,.F.);
#3079 = FACE_BOUND('',#3080,.T.);
#3080 = EDGE_LOOP('',(#3081,#3110,#3131,#3132));
#3081 = ORIENTED_EDGE('',*,*,#3082,.F.);
#3082 = EDGE_CURVE('',#3083,#3083,#3085,.T.);
#3083 = VERTEX_POINT('',#3084);
#3084 = CARTESIAN_POINT('',(5.7500001,4.5000001,53.0000001));
#3085 = SURFACE_CURVE('',#3086,(#3091,#3098),.PCURVE_S1.);
#3086 = CIRCLE('',#3087,1.25);
#3087 = AXIS2_PLACEMENT_3D('',#3088,#3089,#3090);
#3088 = CARTESIAN_POINT('',(4.5000001,4.5000001,53.0000001));
#3089 = DIRECTION('',(0.,0.,1.));
#3090 = DIRECTION('',(1.,0.,0.));
#3091 = PCURVE('',#518,#3092);
#3092 = DEFINITIONAL_REPRESENTATION('',(#3093),#3097);
#3093 = LINE('',#3094,#3095);
#3094 = CARTESIAN_POINT('',(-0.,0.));
#3095 = VECTOR('',#3096,1.);
#3096 = DIRECTION('',(-1.,0.));
#3097 = ( GEOMETRIC_REPRESENTATION_CONTEXT(2) 
PARAMETRIC_REPRESENTATION_CONTEXT() REPRESENTATION_CONTEXT('2D SPACE',''
  ) );
#3098 = PCURVE('',#3099,#3104);
#3099 = PLANE('',#3100);
#3100 = AXIS2_PLACEMENT_3D('',#3101,#3102,#3103);
#3101 = CARTESIAN_POINT('',(4.5000001,4.5000001,53.0000001));
#3102 = DIRECTION('',(0.,0.,1.));
#3103 = DIRECTION('',(1.,0.,0.));
#3104 = DEFINITIONAL_REPRESENTATION('',(#3105),#3109);
#3105 = CIRCLE('',#3106,1.25);
#3106 = AXIS2_PLACEMENT_2D('',#3107,#3108);
#3107 = CARTESIAN_POINT('',(1.7763568394E-15,0.));
#3108 = DIRECTION('',(1.,0.));
#3109 = ( GEOMETRIC_REPRESENTATION_CONTEXT(2) 
PARAMETRIC_REPRESENTATION_CONTEXT() REPRESENTATION_CONTEXT('2D SPACE',''
  ) );
#3110 = ORIENTED_EDGE('',*,*,#3111,.T.);
#3111 = EDGE_CURVE('',#3083,#498,#3112,.T.);
#3112 = SEAM_CURVE('',#3113,(#3117,#3124),.PCURVE_S1.);
#3113 = LINE('',#3114,#3115);
#3114 = CARTESIAN_POINT('',(5.7500001,4.5000001,53.0000001));
#3115 = VECTOR('',#3116,1.);
#3116 = DIRECTION('',(0.,0.,1.));
#3117 = PCURVE('',#518,#3118);
#3118 = DEFINITIONAL_REPRESENTATION('',(#3119),#3123);
#3119 = LINE('',#3120,#3121);
#3120 = CARTESIAN_POINT('',(-6.28318530718,0.));
#3121 = VECTOR('',#3122,1.);
#3122 = DIRECTION('',(-0.,-1.));
#3123 = ( GEOMETRIC_REPRESENTATION_CONTEXT(2) 
PARAMETRIC_REPRESENTATION_CONTEXT() REPRESENTATION_CONTEXT('2D SPACE',''
  ) );
#3124 = PCURVE('',#518,#3125);
#3125 = DEFINITIONAL_REPRESENTATION('',(#3126),#3130);
#3126 = LINE('',#3127,#3128);
#3127 = CARTESIAN_POINT('',(-0.,0.));
#3128 = VECTOR('',#3129,1.);
#3129 = DIRECTION('',(-0.,-1.));
#3130 = ( GEOMETRIC_REPRESENTATION_CONTEXT(2) 
PARAMETRIC_REPRESENTATION_CONTEXT() REPRESENTATION_CONTEXT('2D SPACE',''
  ) );
#3131 = ORIENTED_EDGE('',*,*,#497,.F.);
#3132 = ORIENTED_EDGE('',*,*,#3111,.F.);
#3133 = ADVANCED_FACE('',(#3134),#553,.F.);
#3134 = FACE_BOUND('',#3135,.T.);
#3135 = EDGE_LOOP('',(#3136,#3165,#3186,#3187));
#3136 = ORIENTED_EDGE('',*,*,#3137,.F.);
#3137 = EDGE_CURVE('',#3138,#3138,#3140,.T.);
#3138 = VERTEX_POINT('',#3139);
#3139 = CARTESIAN_POINT('',(87.1500001,10.0000001,53.5750001));
#3140 = SURFACE_CURVE('',#3141,(#3146,#3153),.PCURVE_S1.);
#3141 = CIRCLE('',#3142,7.15);
#3142 = AXIS2_PLACEMENT_3D('',#3143,#3144,#3145);
#3143 = CARTESIAN_POINT('',(80.0000001,10.0000001,53.5750001));
#3144 = DIRECTION('',(0.,0.,1.));
#3145 = DIRECTION('',(1.,0.,0.));
#3146 = PCURVE('',#553,#3147);
#3147 = DEFINITIONAL_REPRESENTATION('',(#3148),#3152);
#3148 = LINE('',#3149,#3150);
#3149 = CARTESIAN_POINT('',(-0.,0.));
#3150 = VECTOR('',#3151,1.);
#3151 = DIRECTION('',(-1.,0.));
#3152 = ( GEOMETRIC_REPRESENTATION_CONTEXT(2) 
PARAMETRIC_REPRESENTATION_CONTEXT() REPRESENTATION_CONTEXT('2D SPACE',''
  ) );
#3153 = PCURVE('',#3154,#3159);
#3154 = PLANE('',#3155);
#3155 = AXIS2_PLACEMENT_3D('',#3156,#3157,#3158);
#3156 = CARTESIAN_POINT('',(80.0000001,10.0000001,53.5750001));
#3157 = DIRECTION('',(0.,0.,1.));
#3158 = DIRECTION('',(1.,0.,0.));
#3159 = DEFINITIONAL_REPRESENTATION('',(#3160),#3164);
#3160 = CIRCLE('',#3161,7.15);
#3161 = AXIS2_PLACEMENT_2D('',#3162,#3163);
#3162 = CARTESIAN_POINT('',(0.,-1.7763568394E-15));
#3163 = DIRECTION('',(1.,0.));
#3164 = ( GEOMETRIC_REPRESENTATION_CONTEXT(2) 
PARAMETRIC_REPRESENTATION_CONTEXT() REPRESENTATION_CONTEXT('2D SPACE',''
  ) );
#3165 = ORIENTED_EDGE('',*,*,#3166,.T.);
#3166 = EDGE_CURVE('',#3138,#533,#3167,.T.);
#3167 = SEAM_CURVE('',#3168,(#3172,#3179),.PCURVE_S1.);
#3168 = LINE('',#3169,#3170);
#3169 = CARTESIAN_POINT('',(87.1500001,10.0000001,53.5750001));
#3170 = VECTOR('',#3171,1.);
#3171 = DIRECTION('',(0.,0.,1.));
#3172 = PCURVE('',#553,#3173);
#3173 = DEFINITIONAL_REPRESENTATION('',(#3174),#3178);
#3174 = LINE('',#3175,#3176);
#3175 = CARTESIAN_POINT('',(-6.28318530718,0.));
#3176 = VECTOR('',#3177,1.);
#3177 = DIRECTION('',(-0.,-1.));
#3178 = ( GEOMETRIC_REPRESENTATION_CONTEXT(2) 
PARAMETRIC_REPRESENTATION_CONTEXT() REPRESENTATION_CONTEXT('2D SPACE',''
  ) );
#3179 = PCURVE('',#553,#3180);
#3180 = DEFINITIONAL_REPRESENTATION('',(#3181),#3185);
#3181 = LINE('',#3182,#3183);
#3182 = CARTESIAN_POINT('',(-0.,0.));
#3183 = VECTOR('',#3184,1.);
#3184 = DIRECTION('',(-0.,-1.));
#3185 = ( GEOMETRIC_REPRESENTATION_CONTEXT(2) 
PARAMETRIC_REPRESENTATION_CONTEXT() REPRESENTATION_CONTEXT('2D SPACE',''
  ) );
#3186 = ORIENTED_EDGE('',*,*,#532,.F.);
#3187 = ORIENTED_EDGE('',*,*,#3166,.F.);
#3188 = ADVANCED_FACE('',(#3189),#588,.F.);
#3189 = FACE_BOUND('',#3190,.T.);
#3190 = EDGE_LOOP('',(#3191,#3220,#3241,#3242));
#3191 = ORIENTED_EDGE('',*,*,#3192,.F.);
#3192 = EDGE_CURVE('',#3193,#3193,#3195,.T.);
#3193 = VERTEX_POINT('',#3194);
#3194 = CARTESIAN_POINT('',(136.7500001,4.5000001,53.0000001));
#3195 = SURFACE_CURVE('',#3196,(#3201,#3208),.PCURVE_S1.);
#3196 = CIRCLE('',#3197,1.25);
#3197 = AXIS2_PLACEMENT_3D('',#3198,#3199,#3200);
#3198 = CARTESIAN_POINT('',(135.5000001,4.5000001,53.0000001));
#3199 = DIRECTION('',(0.,0.,1.));
#3200 = DIRECTION('',(1.,0.,0.));
#3201 = PCURVE('',#588,#3202);
#3202 = DEFINITIONAL_REPRESENTATION('',(#3203),#3207);
#3203 = LINE('',#3204,#3205);
#3204 = CARTESIAN_POINT('',(-0.,0.));
#3205 = VECTOR('',#3206,1.);
#3206 = DIRECTION('',(-1.,0.));
#3207 = ( GEOMETRIC_REPRESENTATION_CONTEXT(2) 
PARAMETRIC_REPRESENTATION_CONTEXT() REPRESENTATION_CONTEXT('2D SPACE',''
  ) );
#3208 = PCURVE('',#3209,#3214);
#3209 = PLANE('',#3210);
#3210 = AXIS2_PLACEMENT_3D('',#3211,#3212,#3213);
#3211 = CARTESIAN_POINT('',(135.5000001,4.5000001,53.0000001));
#3212 = DIRECTION('',(0.,0.,1.));
#3213 = DIRECTION('',(1.,0.,0.));
#3214 = DEFINITIONAL_REPRESENTATION('',(#3215),#3219);
#3215 = CIRCLE('',#3216,1.25);
#3216 = AXIS2_PLACEMENT_2D('',#3217,#3218);
#3217 = CARTESIAN_POINT('',(0.,0.));
#3218 = DIRECTION('',(1.,0.));
#3219 = ( GEOMETRIC_REPRESENTATION_CONTEXT(2) 
PARAMETRIC_REPRESENTATION_CONTEXT() REPRESENTATION_CONTEXT('2D SPACE',''
  ) );
#3220 = ORIENTED_EDGE('',*,*,#3221,.T.);
#3221 = EDGE_CURVE('',#3193,#568,#3222,.T.);
#3222 = SEAM_CURVE('',#3223,(#3227,#3234),.PCURVE_S1.);
#3223 = LINE('',#3224,#3225);
#3224 = CARTESIAN_POINT('',(136.7500001,4.5000001,53.0000001));
#3225 = VECTOR('',#3226,1.);
#3226 = DIRECTION('',(0.,0.,1.));
#3227 = PCURVE('',#588,#3228);
#3228 = DEFINITIONAL_REPRESENTATION('',(#3229),#3233);
#3229 = LINE('',#3230,#3231);
#3230 = CARTESIAN_POINT('',(-6.28318530718,0.));
#3231 = VECTOR('',#3232,1.);
#3232 = DIRECTION('',(-0.,-1.));
#3233 = ( GEOMETRIC_REPRESENTATION_CONTEXT(2) 
PARAMETRIC_REPRESENTATION_CONTEXT() REPRESENTATION_CONTEXT('2D SPACE',''
  ) );
#3234 = PCURVE('',#588,#3235);
#3235 = DEFINITIONAL_REPRESENTATION('',(#3236),#3240);
#3236 = LINE('',#3237,#3238);
#3237 = CARTESIAN_POINT('',(-0.,0.));
#3238 = VECTOR('',#3239,1.);
#3239 = DIRECTION('',(-0.,-1.));
#3240 = ( GEOMETRIC_REPRESENTATION_CONTEXT(2) 
PARAMETRIC_REPRESENTATION_CONTEXT() REPRESENTATION_CONTEXT('2D SPACE',''
  ) );
#3241 = ORIENTED_EDGE('',*,*,#567,.F.);
#3242 = ORIENTED_EDGE('',*,*,#3221,.F.);
#3243 = ADVANCED_FACE('',(#3244),#623,.F.);
#3244 = FACE_BOUND('',#3245,.T.);
#3245 = EDGE_LOOP('',(#3246,#3275,#3296,#3297));
#3246 = ORIENTED_EDGE('',*,*,#3247,.F.);
#3247 = EDGE_CURVE('',#3248,#3248,#3250,.T.);
#3248 = VERTEX_POINT('',#3249);
#3249 = CARTESIAN_POINT('',(5.7500001,52.5000001,53.0000001));
#3250 = SURFACE_CURVE('',#3251,(#3256,#3263),.PCURVE_S1.);
#3251 = CIRCLE('',#3252,1.25);
#3252 = AXIS2_PLACEMENT_3D('',#3253,#3254,#3255);
#3253 = CARTESIAN_POINT('',(4.5000001,52.5000001,53.0000001));
#3254 = DIRECTION('',(0.,0.,1.));
#3255 = DIRECTION('',(1.,0.,0.));
#3256 = PCURVE('',#623,#3257);
#3257 = DEFINITIONAL_REPRESENTATION('',(#3258),#3262);
#3258 = LINE('',#3259,#3260);
#3259 = CARTESIAN_POINT('',(-0.,0.));
#3260 = VECTOR('',#3261,1.);
#3261 = DIRECTION('',(-1.,0.));
#3262 = ( GEOMETRIC_REPRESENTATION_CONTEXT(2) 
PARAMETRIC_REPRESENTATION_CONTEXT() REPRESENTATION_CONTEXT('2D SPACE',''
  ) );
#3263 = PCURVE('',#3264,#3269);
#3264 = PLANE('',#3265);
#3265 = AXIS2_PLACEMENT_3D('',#3266,#3267,#3268);
#3266 = CARTESIAN_POINT('',(4.5000001,52.5000001,53.0000001));
#3267 = DIRECTION('',(0.,0.,1.));
#3268 = DIRECTION('',(1.,0.,0.));
#3269 = DEFINITIONAL_REPRESENTATION('',(#3270),#3274);
#3270 = CIRCLE('',#3271,1.25);
#3271 = AXIS2_PLACEMENT_2D('',#3272,#3273);
#3272 = CARTESIAN_POINT('',(0.,-7.105427357601E-15));
#3273 = DIRECTION('',(1.,0.));
#3274 = ( GEOMETRIC_REPRESENTATION_CONTEXT(2) 
PARAMETRIC_REPRESENTATION_CONTEXT() REPRESENTATION_CONTEXT('2D SPACE',''
  ) );
#3275 = ORIENTED_EDGE('',*,*,#3276,.T.);
#3276 = EDGE_CURVE('',#3248,#603,#3277,.T.);
#3277 = SEAM_CURVE('',#3278,(#3282,#3289),.PCURVE_S1.);
#3278 = LINE('',#3279,#3280);
#3279 = CARTESIAN_POINT('',(5.7500001,52.5000001,53.0000001));
#3280 = VECTOR('',#3281,1.);
#3281 = DIRECTION('',(0.,0.,1.));
#3282 = PCURVE('',#623,#3283);
#3283 = DEFINITIONAL_REPRESENTATION('',(#3284),#3288);
#3284 = LINE('',#3285,#3286);
#3285 = CARTESIAN_POINT('',(-6.28318530718,0.));
#3286 = VECTOR('',#3287,1.);
#3287 = DIRECTION('',(-0.,-1.));
#3288 = ( GEOMETRIC_REPRESENTATION_CONTEXT(2) 
PARAMETRIC_REPRESENTATION_CONTEXT() REPRESENTATION_CONTEXT('2D SPACE',''
  ) );
#3289 = PCURVE('',#623,#3290);
#3290 = DEFINITIONAL_REPRESENTATION('',(#3291),#3295);
#3291 = LINE('',#3292,#3293);
#3292 = CARTESIAN_POINT('',(-0.,0.));
#3293 = VECTOR('',#3294,1.);
#3294 = DIRECTION('',(-0.,-1.));
#3295 = ( GEOMETRIC_REPRESENTATION_CONTEXT(2) 
PARAMETRIC_REPRESENTATION_CONTEXT() REPRESENTATION_CONTEXT('2D SPACE',''
  ) );
#3296 = ORIENTED_EDGE('',*,*,#602,.F.);
#3297 = ORIENTED_EDGE('',*,*,#3276,.F.);
#3298 = ADVANCED_FACE('',(#3299),#656,.F.);
#3299 = FACE_BOUND('',#3300,.F.);
#3300 = EDGE_LOOP('',(#3301,#3324,#3353,#3374));
#3301 = ORIENTED_EDGE('',*,*,#3302,.F.);
#3302 = EDGE_CURVE('',#3303,#638,#3305,.T.);
#3303 = VERTEX_POINT('',#3304);
#3304 = CARTESIAN_POINT('',(137.0000001,50.0000001,35.0000001));
#3305 = SURFACE_CURVE('',#3306,(#3310,#3317),.PCURVE_S1.);
#3306 = LINE('',#3307,#3308);
#3307 = CARTESIAN_POINT('',(137.0000001,50.0000001,35.0000001));
#3308 = VECTOR('',#3309,1.);
#3309 = DIRECTION('',(0.,0.,1.));
#3310 = PCURVE('',#656,#3311);
#3311 = DEFINITIONAL_REPRESENTATION('',(#3312),#3316);
#3312 = LINE('',#3313,#3314);
#3313 = CARTESIAN_POINT('',(0.,0.));
#3314 = VECTOR('',#3315,1.);
#3315 = DIRECTION('',(0.,1.));
#3316 = ( GEOMETRIC_REPRESENTATION_CONTEXT(2) 
PARAMETRIC_REPRESENTATION_CONTEXT() REPRESENTATION_CONTEXT('2D SPACE',''
  ) );
#3317 = PCURVE('',#684,#3318);
#3318 = DEFINITIONAL_REPRESENTATION('',(#3319),#3323);
#3319 = LINE('',#3320,#3321);
#3320 = CARTESIAN_POINT('',(47.,0.));
#3321 = VECTOR('',#3322,1.);
#3322 = DIRECTION('',(0.,-1.));
#3323 = ( GEOMETRIC_REPRESENTATION_CONTEXT(2) 
PARAMETRIC_REPRESENTATION_CONTEXT() REPRESENTATION_CONTEXT('2D SPACE',''
  ) );
#3324 = ORIENTED_EDGE('',*,*,#3325,.T.);
#3325 = EDGE_CURVE('',#3303,#3326,#3328,.T.);
#3326 = VERTEX_POINT('',#3327);
#3327 = CARTESIAN_POINT('',(133.0000001,54.0000001,35.0000001));
#3328 = SURFACE_CURVE('',#3329,(#3334,#3341),.PCURVE_S1.);
#3329 = CIRCLE('',#3330,4.);
#3330 = AXIS2_PLACEMENT_3D('',#3331,#3332,#3333);
#3331 = CARTESIAN_POINT('',(133.0000001,50.0000001,35.0000001));
#3332 = DIRECTION('',(-0.,0.,1.));
#3333 = DIRECTION('',(0.,-1.,0.));
#3334 = PCURVE('',#656,#3335);
#3335 = DEFINITIONAL_REPRESENTATION('',(#3336),#3340);
#3336 = LINE('',#3337,#3338);
#3337 = CARTESIAN_POINT('',(-1.570796326795,0.));
#3338 = VECTOR('',#3339,1.);
#3339 = DIRECTION('',(1.,0.));
#3340 = ( GEOMETRIC_REPRESENTATION_CONTEXT(2) 
PARAMETRIC_REPRESENTATION_CONTEXT() REPRESENTATION_CONTEXT('2D SPACE',''
  ) );
#3341 = PCURVE('',#3342,#3347);
#3342 = PLANE('',#3343);
#3343 = AXIS2_PLACEMENT_3D('',#3344,#3345,#3346);
#3344 = CARTESIAN_POINT('',(70.0000001,28.5000001,35.0000001));
#3345 = DIRECTION('',(0.,0.,1.));
#3346 = DIRECTION('',(1.,0.,0.));
#3347 = DEFINITIONAL_REPRESENTATION('',(#3348),#3352);
#3348 = CIRCLE('',#3349,4.);
#3349 = AXIS2_PLACEMENT_2D('',#3350,#3351);
#3350 = CARTESIAN_POINT('',(63.,21.5));
#3351 = DIRECTION('',(0.,-1.));
#3352 = ( GEOMETRIC_REPRESENTATION_CONTEXT(2) 
PARAMETRIC_REPRESENTATION_CONTEXT() REPRESENTATION_CONTEXT('2D SPACE',''
  ) );
#3353 = ORIENTED_EDGE('',*,*,#3354,.T.);
#3354 = EDGE_CURVE('',#3326,#640,#3355,.T.);
#3355 = SURFACE_CURVE('',#3356,(#3360,#3367),.PCURVE_S1.);
#3356 = LINE('',#3357,#3358);
#3357 = CARTESIAN_POINT('',(133.0000001,54.0000001,35.0000001));
#3358 = VECTOR('',#3359,1.);
#3359 = DIRECTION('',(0.,0.,1.));
#3360 = PCURVE('',#656,#3361);
#3361 = DEFINITIONAL_REPRESENTATION('',(#3362),#3366);
#3362 = LINE('',#3363,#3364);
#3363 = CARTESIAN_POINT('',(1.570796326795,0.));
#3364 = VECTOR('',#3365,1.);
#3365 = DIRECTION('',(0.,1.));
#3366 = ( GEOMETRIC_REPRESENTATION_CONTEXT(2) 
PARAMETRIC_REPRESENTATION_CONTEXT() REPRESENTATION_CONTEXT('2D SPACE',''
  ) );
#3367 = PCURVE('',#967,#3368);
#3368 = DEFINITIONAL_REPRESENTATION('',(#3369),#3373);
#3369 = LINE('',#3370,#3371);
#3370 = CARTESIAN_POINT('',(4.,0.));
#3371 = VECTOR('',#3372,1.);
#3372 = DIRECTION('',(0.,-1.));
#3373 = ( GEOMETRIC_REPRESENTATION_CONTEXT(2) 
PARAMETRIC_REPRESENTATION_CONTEXT() REPRESENTATION_CONTEXT('2D SPACE',''
  ) );
#3374 = ORIENTED_EDGE('',*,*,#637,.F.);
#3375 = ADVANCED_FACE('',(#3376,#3424),#684,.T.);
#3376 = FACE_BOUND('',#3377,.T.);
#3377 = EDGE_LOOP('',(#3378,#3401,#3422,#3423));
#3378 = ORIENTED_EDGE('',*,*,#3379,.F.);
#3379 = EDGE_CURVE('',#3380,#3303,#3382,.T.);
#3380 = VERTEX_POINT('',#3381);
#3381 = CARTESIAN_POINT('',(137.0000001,8.208099343548,35.0000001));
#3382 = SURFACE_CURVE('',#3383,(#3387,#3394),.PCURVE_S1.);
#3383 = LINE('',#3384,#3385);
#3384 = CARTESIAN_POINT('',(137.0000001,3.0000001,35.0000001));
#3385 = VECTOR('',#3386,1.);
#3386 = DIRECTION('',(0.,1.,0.));
#3387 = PCURVE('',#684,#3388);
#3388 = DEFINITIONAL_REPRESENTATION('',(#3389),#3393);
#3389 = LINE('',#3390,#3391);
#3390 = CARTESIAN_POINT('',(0.,0.));
#3391 = VECTOR('',#3392,1.);
#3392 = DIRECTION('',(1.,0.));
#3393 = ( GEOMETRIC_REPRESENTATION_CONTEXT(2) 
PARAMETRIC_REPRESENTATION_CONTEXT() REPRESENTATION_CONTEXT('2D SPACE',''
  ) );
#3394 = PCURVE('',#3342,#3395);
#3395 = DEFINITIONAL_REPRESENTATION('',(#3396),#3400);
#3396 = LINE('',#3397,#3398);
#3397 = CARTESIAN_POINT('',(67.,-25.5));
#3398 = VECTOR('',#3399,1.);
#3399 = DIRECTION('',(0.,1.));
#3400 = ( GEOMETRIC_REPRESENTATION_CONTEXT(2) 
PARAMETRIC_REPRESENTATION_CONTEXT() REPRESENTATION_CONTEXT('2D SPACE',''
  ) );
#3401 = ORIENTED_EDGE('',*,*,#3402,.F.);
#3402 = EDGE_CURVE('',#669,#3380,#3403,.T.);
#3403 = SURFACE_CURVE('',#3404,(#3408,#3415),.PCURVE_S1.);
#3404 = LINE('',#3405,#3406);
#3405 = CARTESIAN_POINT('',(137.0000001,8.208099343548,34.0000001));
#3406 = VECTOR('',#3407,1.);
#3407 = DIRECTION('',(-0.,-0.,-1.));
#3408 = PCURVE('',#684,#3409);
#3409 = DEFINITIONAL_REPRESENTATION('',(#3410),#3414);
#3410 = LINE('',#3411,#3412);
#3411 = CARTESIAN_POINT('',(5.208099243548,1.));
#3412 = VECTOR('',#3413,1.);
#3413 = DIRECTION('',(0.,1.));
#3414 = ( GEOMETRIC_REPRESENTATION_CONTEXT(2) 
PARAMETRIC_REPRESENTATION_CONTEXT() REPRESENTATION_CONTEXT('2D SPACE',''
  ) );
#3415 = PCURVE('',#713,#3416);
#3416 = DEFINITIONAL_REPRESENTATION('',(#3417),#3421);
#3417 = LINE('',#3418,#3419);
#3418 = CARTESIAN_POINT('',(-1.186399552299,0.));
#3419 = VECTOR('',#3420,1.);
#3420 = DIRECTION('',(-0.,1.));
#3421 = ( GEOMETRIC_REPRESENTATION_CONTEXT(2) 
PARAMETRIC_REPRESENTATION_CONTEXT() REPRESENTATION_CONTEXT('2D SPACE',''
  ) );
#3422 = ORIENTED_EDGE('',*,*,#668,.F.);
#3423 = ORIENTED_EDGE('',*,*,#3302,.F.);
#3424 = FACE_BOUND('',#3425,.T.);
#3425 = EDGE_LOOP('',(#3426,#3461,#3489,#3522,#3550,#3583,#3611,#3644));
#3426 = ORIENTED_EDGE('',*,*,#3427,.T.);
#3427 = EDGE_CURVE('',#3428,#3430,#3432,.T.);
#3428 = VERTEX_POINT('',#3429);
#3429 = CARTESIAN_POINT('',(137.0000001,12.1500001,36.9500001));
#3430 = VERTEX_POINT('',#3431);
#3431 = CARTESIAN_POINT('',(137.0000001,13.5500001,35.5500001));
#3432 = SURFACE_CURVE('',#3433,(#3438,#3449),.PCURVE_S1.);
#3433 = CIRCLE('',#3434,1.4);
#3434 = AXIS2_PLACEMENT_3D('',#3435,#3436,#3437);
#3435 = CARTESIAN_POINT('',(137.0000001,13.5500001,36.9500001));
#3436 = DIRECTION('',(1.,-0.,0.));
#3437 = DIRECTION('',(0.,0.,-1.));
#3438 = PCURVE('',#684,#3439);
#3439 = DEFINITIONAL_REPRESENTATION('',(#3440),#3448);
#3440 = ( BOUNDED_CURVE() B_SPLINE_CURVE(2,(#3441,#3442,#3443,#3444,
#3445,#3446,#3447),.UNSPECIFIED.,.T.,.F.) B_SPLINE_CURVE_WITH_KNOTS((1,2
    ,2,2,2,1),(-2.094395102393,0.,2.094395102393,4.188790204786,
6.28318530718,8.377580409573),.UNSPECIFIED.) CURVE() 
GEOMETRIC_REPRESENTATION_ITEM() RATIONAL_B_SPLINE_CURVE((1.,0.5,1.,0.5,
1.,0.5,1.)) REPRESENTATION_ITEM('') );
#3441 = CARTESIAN_POINT('',(10.55,-0.55));
#3442 = CARTESIAN_POINT('',(12.974871130596,-0.55));
#3443 = CARTESIAN_POINT('',(11.762435565298,-2.65));
#3444 = CARTESIAN_POINT('',(10.55,-4.75));
#3445 = CARTESIAN_POINT('',(9.337564434702,-2.65));
#3446 = CARTESIAN_POINT('',(8.125128869404,-0.55));
#3447 = CARTESIAN_POINT('',(10.55,-0.55));
#3448 = ( GEOMETRIC_REPRESENTATION_CONTEXT(2) 
PARAMETRIC_REPRESENTATION_CONTEXT() REPRESENTATION_CONTEXT('2D SPACE',''
  ) );
#3449 = PCURVE('',#3450,#3455);
#3450 = CYLINDRICAL_SURFACE('',#3451,1.4);
#3451 = AXIS2_PLACEMENT_3D('',#3452,#3453,#3454);
#3452 = CARTESIAN_POINT('',(136.5000001,13.5500001,36.9500001));
#3453 = DIRECTION('',(1.,0.,0.));
#3454 = DIRECTION('',(0.,0.,-1.));
#3455 = DEFINITIONAL_REPRESENTATION('',(#3456),#3460);
#3456 = LINE('',#3457,#3458);
#3457 = CARTESIAN_POINT('',(-6.28318530718,0.5));
#3458 = VECTOR('',#3459,1.);
#3459 = DIRECTION('',(1.,-0.));
#3460 = ( GEOMETRIC_REPRESENTATION_CONTEXT(2) 
PARAMETRIC_REPRESENTATION_CONTEXT() REPRESENTATION_CONTEXT('2D SPACE',''
  ) );
#3461 = ORIENTED_EDGE('',*,*,#3462,.T.);
#3462 = EDGE_CURVE('',#3430,#3463,#3465,.T.);
#3463 = VERTEX_POINT('',#3464);
#3464 = CARTESIAN_POINT('',(137.0000001,20.7500001,35.5500001));
#3465 = SURFACE_CURVE('',#3466,(#3470,#3477),.PCURVE_S1.);
#3466 = LINE('',#3467,#3468);
#3467 = CARTESIAN_POINT('',(137.0000001,7.5750001,35.5500001));
#3468 = VECTOR('',#3469,1.);
#3469 = DIRECTION('',(0.,1.,0.));
#3470 = PCURVE('',#684,#3471);
#3471 = DEFINITIONAL_REPRESENTATION('',(#3472),#3476);
#3472 = LINE('',#3473,#3474);
#3473 = CARTESIAN_POINT('',(4.575,-0.55));
#3474 = VECTOR('',#3475,1.);
#3475 = DIRECTION('',(1.,0.));
#3476 = ( GEOMETRIC_REPRESENTATION_CONTEXT(2) 
PARAMETRIC_REPRESENTATION_CONTEXT() REPRESENTATION_CONTEXT('2D SPACE',''
  ) );
#3477 = PCURVE('',#3478,#3483);
#3478 = PLANE('',#3479);
#3479 = AXIS2_PLACEMENT_3D('',#3480,#3481,#3482);
#3480 = CARTESIAN_POINT('',(136.5000001,12.1500001,35.5500001));
#3481 = DIRECTION('',(0.,0.,1.));
#3482 = DIRECTION('',(0.,1.,0.));
#3483 = DEFINITIONAL_REPRESENTATION('',(#3484),#3488);
#3484 = LINE('',#3485,#3486);
#3485 = CARTESIAN_POINT('',(-4.575,-0.5));
#3486 = VECTOR('',#3487,1.);
#3487 = DIRECTION('',(1.,0.));
#3488 = ( GEOMETRIC_REPRESENTATION_CONTEXT(2) 
PARAMETRIC_REPRESENTATION_CONTEXT() REPRESENTATION_CONTEXT('2D SPACE',''
  ) );
#3489 = ORIENTED_EDGE('',*,*,#3490,.T.);
#3490 = EDGE_CURVE('',#3463,#3491,#3493,.T.);
#3491 = VERTEX_POINT('',#3492);
#3492 = CARTESIAN_POINT('',(137.0000001,22.1500001,36.9500001));
#3493 = SURFACE_CURVE('',#3494,(#3499,#3510),.PCURVE_S1.);
#3494 = CIRCLE('',#3495,1.4);
#3495 = AXIS2_PLACEMENT_3D('',#3496,#3497,#3498);
#3496 = CARTESIAN_POINT('',(137.0000001,20.7500001,36.9500001));
#3497 = DIRECTION('',(1.,-0.,0.));
#3498 = DIRECTION('',(0.,0.,-1.));
#3499 = PCURVE('',#684,#3500);
#3500 = DEFINITIONAL_REPRESENTATION('',(#3501),#3509);
#3501 = ( BOUNDED_CURVE() B_SPLINE_CURVE(2,(#3502,#3503,#3504,#3505,
#3506,#3507,#3508),.UNSPECIFIED.,.T.,.F.) B_SPLINE_CURVE_WITH_KNOTS((1,2
    ,2,2,2,1),(-2.094395102393,0.,2.094395102393,4.188790204786,
6.28318530718,8.377580409573),.UNSPECIFIED.) CURVE() 
GEOMETRIC_REPRESENTATION_ITEM() RATIONAL_B_SPLINE_CURVE((1.,0.5,1.,0.5,
1.,0.5,1.)) REPRESENTATION_ITEM('') );
#3502 = CARTESIAN_POINT('',(17.75,-0.55));
#3503 = CARTESIAN_POINT('',(20.174871130596,-0.55));
#3504 = CARTESIAN_POINT('',(18.962435565298,-2.65));
#3505 = CARTESIAN_POINT('',(17.75,-4.75));
#3506 = CARTESIAN_POINT('',(16.537564434702,-2.65));
#3507 = CARTESIAN_POINT('',(15.325128869404,-0.55));
#3508 = CARTESIAN_POINT('',(17.75,-0.55));
#3509 = ( GEOMETRIC_REPRESENTATION_CONTEXT(2) 
PARAMETRIC_REPRESENTATION_CONTEXT() REPRESENTATION_CONTEXT('2D SPACE',''
  ) );
#3510 = PCURVE('',#3511,#3516);
#3511 = CYLINDRICAL_SURFACE('',#3512,1.4);
#3512 = AXIS2_PLACEMENT_3D('',#3513,#3514,#3515);
#3513 = CARTESIAN_POINT('',(136.5000001,20.7500001,36.9500001));
#3514 = DIRECTION('',(1.,0.,0.));
#3515 = DIRECTION('',(0.,0.,-1.));
#3516 = DEFINITIONAL_REPRESENTATION('',(#3517),#3521);
#3517 = LINE('',#3518,#3519);
#3518 = CARTESIAN_POINT('',(0.,0.5));
#3519 = VECTOR('',#3520,1.);
#3520 = DIRECTION('',(1.,0.));
#3521 = ( GEOMETRIC_REPRESENTATION_CONTEXT(2) 
PARAMETRIC_REPRESENTATION_CONTEXT() REPRESENTATION_CONTEXT('2D SPACE',''
  ) );
#3522 = ORIENTED_EDGE('',*,*,#3523,.T.);
#3523 = EDGE_CURVE('',#3491,#3524,#3526,.T.);
#3524 = VERTEX_POINT('',#3525);
#3525 = CARTESIAN_POINT('',(137.0000001,22.1500001,38.3500001));
#3526 = SURFACE_CURVE('',#3527,(#3531,#3538),.PCURVE_S1.);
#3527 = LINE('',#3528,#3529);
#3528 = CARTESIAN_POINT('',(137.0000001,22.1500001,35.2750001));
#3529 = VECTOR('',#3530,1.);
#3530 = DIRECTION('',(0.,0.,1.));
#3531 = PCURVE('',#684,#3532);
#3532 = DEFINITIONAL_REPRESENTATION('',(#3533),#3537);
#3533 = LINE('',#3534,#3535);
#3534 = CARTESIAN_POINT('',(19.15,-0.275));
#3535 = VECTOR('',#3536,1.);
#3536 = DIRECTION('',(0.,-1.));
#3537 = ( GEOMETRIC_REPRESENTATION_CONTEXT(2) 
PARAMETRIC_REPRESENTATION_CONTEXT() REPRESENTATION_CONTEXT('2D SPACE',''
  ) );
#3538 = PCURVE('',#3539,#3544);
#3539 = PLANE('',#3540);
#3540 = AXIS2_PLACEMENT_3D('',#3541,#3542,#3543);
#3541 = CARTESIAN_POINT('',(136.5000001,22.1500001,35.5500001));
#3542 = DIRECTION('',(0.,-1.,0.));
#3543 = DIRECTION('',(0.,0.,1.));
#3544 = DEFINITIONAL_REPRESENTATION('',(#3545),#3549);
#3545 = LINE('',#3546,#3547);
#3546 = CARTESIAN_POINT('',(-0.275,-0.5));
#3547 = VECTOR('',#3548,1.);
#3548 = DIRECTION('',(1.,0.));
#3549 = ( GEOMETRIC_REPRESENTATION_CONTEXT(2) 
PARAMETRIC_REPRESENTATION_CONTEXT() REPRESENTATION_CONTEXT('2D SPACE',''
  ) );
#3550 = ORIENTED_EDGE('',*,*,#3551,.T.);
#3551 = EDGE_CURVE('',#3524,#3552,#3554,.T.);
#3552 = VERTEX_POINT('',#3553);
#3553 = CARTESIAN_POINT('',(137.0000001,20.7500001,39.7500001));
#3554 = SURFACE_CURVE('',#3555,(#3560,#3571),.PCURVE_S1.);
#3555 = CIRCLE('',#3556,1.4);
#3556 = AXIS2_PLACEMENT_3D('',#3557,#3558,#3559);
#3557 = CARTESIAN_POINT('',(137.0000001,20.7500001,38.3500001));
#3558 = DIRECTION('',(1.,0.,0.));
#3559 = DIRECTION('',(0.,1.,0.));
#3560 = PCURVE('',#684,#3561);
#3561 = DEFINITIONAL_REPRESENTATION('',(#3562),#3570);
#3562 = ( BOUNDED_CURVE() B_SPLINE_CURVE(2,(#3563,#3564,#3565,#3566,
#3567,#3568,#3569),.UNSPECIFIED.,.T.,.F.) B_SPLINE_CURVE_WITH_KNOTS((1,2
    ,2,2,2,1),(-2.094395102393,0.,2.094395102393,4.188790204786,
6.28318530718,8.377580409573),.UNSPECIFIED.) CURVE() 
GEOMETRIC_REPRESENTATION_ITEM() RATIONAL_B_SPLINE_CURVE((1.,0.5,1.,0.5,
1.,0.5,1.)) REPRESENTATION_ITEM('') );
#3563 = CARTESIAN_POINT('',(19.15,-3.35));
#3564 = CARTESIAN_POINT('',(19.15,-5.774871130596));
#3565 = CARTESIAN_POINT('',(17.05,-4.562435565298));
#3566 = CARTESIAN_POINT('',(14.95,-3.35));
#3567 = CARTESIAN_POINT('',(17.05,-2.137564434702));
#3568 = CARTESIAN_POINT('',(19.15,-0.925128869404));
#3569 = CARTESIAN_POINT('',(19.15,-3.35));
#3570 = ( GEOMETRIC_REPRESENTATION_CONTEXT(2) 
PARAMETRIC_REPRESENTATION_CONTEXT() REPRESENTATION_CONTEXT('2D SPACE',''
  ) );
#3571 = PCURVE('',#3572,#3577);
#3572 = CYLINDRICAL_SURFACE('',#3573,1.4);
#3573 = AXIS2_PLACEMENT_3D('',#3574,#3575,#3576);
#3574 = CARTESIAN_POINT('',(136.5000001,20.7500001,38.3500001));
#3575 = DIRECTION('',(1.,0.,0.));
#3576 = DIRECTION('',(0.,1.,0.));
#3577 = DEFINITIONAL_REPRESENTATION('',(#3578),#3582);
#3578 = LINE('',#3579,#3580);
#3579 = CARTESIAN_POINT('',(0.,0.5));
#3580 = VECTOR('',#3581,1.);
#3581 = DIRECTION('',(1.,0.));
#3582 = ( GEOMETRIC_REPRESENTATION_CONTEXT(2) 
PARAMETRIC_REPRESENTATION_CONTEXT() REPRESENTATION_CONTEXT('2D SPACE',''
  ) );
#3583 = ORIENTED_EDGE('',*,*,#3584,.T.);
#3584 = EDGE_CURVE('',#3552,#3585,#3587,.T.);
#3585 = VERTEX_POINT('',#3586);
#3586 = CARTESIAN_POINT('',(137.0000001,13.5500001,39.7500001));
#3587 = SURFACE_CURVE('',#3588,(#3592,#3599),.PCURVE_S1.);
#3588 = LINE('',#3589,#3590);
#3589 = CARTESIAN_POINT('',(137.0000001,12.5750001,39.7500001));
#3590 = VECTOR('',#3591,1.);
#3591 = DIRECTION('',(-0.,-1.,-0.));
#3592 = PCURVE('',#684,#3593);
#3593 = DEFINITIONAL_REPRESENTATION('',(#3594),#3598);
#3594 = LINE('',#3595,#3596);
#3595 = CARTESIAN_POINT('',(9.575,-4.75));
#3596 = VECTOR('',#3597,1.);
#3597 = DIRECTION('',(-1.,0.));
#3598 = ( GEOMETRIC_REPRESENTATION_CONTEXT(2) 
PARAMETRIC_REPRESENTATION_CONTEXT() REPRESENTATION_CONTEXT('2D SPACE',''
  ) );
#3599 = PCURVE('',#3600,#3605);
#3600 = PLANE('',#3601);
#3601 = AXIS2_PLACEMENT_3D('',#3602,#3603,#3604);
#3602 = CARTESIAN_POINT('',(136.5000001,22.1500001,39.7500001));
#3603 = DIRECTION('',(0.,0.,-1.));
#3604 = DIRECTION('',(0.,-1.,0.));
#3605 = DEFINITIONAL_REPRESENTATION('',(#3606),#3610);
#3606 = LINE('',#3607,#3608);
#3607 = CARTESIAN_POINT('',(9.575,-0.5));
#3608 = VECTOR('',#3609,1.);
#3609 = DIRECTION('',(1.,0.));
#3610 = ( GEOMETRIC_REPRESENTATION_CONTEXT(2) 
PARAMETRIC_REPRESENTATION_CONTEXT() REPRESENTATION_CONTEXT('2D SPACE',''
  ) );
#3611 = ORIENTED_EDGE('',*,*,#3612,.T.);
#3612 = EDGE_CURVE('',#3585,#3613,#3615,.T.);
#3613 = VERTEX_POINT('',#3614);
#3614 = CARTESIAN_POINT('',(137.0000001,12.1500001,38.3500001));
#3615 = SURFACE_CURVE('',#3616,(#3621,#3632),.PCURVE_S1.);
#3616 = CIRCLE('',#3617,1.4);
#3617 = AXIS2_PLACEMENT_3D('',#3618,#3619,#3620);
#3618 = CARTESIAN_POINT('',(137.0000001,13.5500001,38.3500001));
#3619 = DIRECTION('',(1.,0.,-0.));
#3620 = DIRECTION('',(0.,0.,1.));
#3621 = PCURVE('',#684,#3622);
#3622 = DEFINITIONAL_REPRESENTATION('',(#3623),#3631);
#3623 = ( BOUNDED_CURVE() B_SPLINE_CURVE(2,(#3624,#3625,#3626,#3627,
#3628,#3629,#3630),.UNSPECIFIED.,.T.,.F.) B_SPLINE_CURVE_WITH_KNOTS((1,2
    ,2,2,2,1),(-2.094395102393,0.,2.094395102393,4.188790204786,
6.28318530718,8.377580409573),.UNSPECIFIED.) CURVE() 
GEOMETRIC_REPRESENTATION_ITEM() RATIONAL_B_SPLINE_CURVE((1.,0.5,1.,0.5,
1.,0.5,1.)) REPRESENTATION_ITEM('') );
#3624 = CARTESIAN_POINT('',(10.55,-4.75));
#3625 = CARTESIAN_POINT('',(8.125128869404,-4.75));
#3626 = CARTESIAN_POINT('',(9.337564434702,-2.65));
#3627 = CARTESIAN_POINT('',(10.55,-0.55));
#3628 = CARTESIAN_POINT('',(11.762435565298,-2.65));
#3629 = CARTESIAN_POINT('',(12.974871130596,-4.75));
#3630 = CARTESIAN_POINT('',(10.55,-4.75));
#3631 = ( GEOMETRIC_REPRESENTATION_CONTEXT(2) 
PARAMETRIC_REPRESENTATION_CONTEXT() REPRESENTATION_CONTEXT('2D SPACE',''
  ) );
#3632 = PCURVE('',#3633,#3638);
#3633 = CYLINDRICAL_SURFACE('',#3634,1.4);
#3634 = AXIS2_PLACEMENT_3D('',#3635,#3636,#3637);
#3635 = CARTESIAN_POINT('',(136.5000001,13.5500001,38.3500001));
#3636 = DIRECTION('',(1.,0.,0.));
#3637 = DIRECTION('',(0.,0.,1.));
#3638 = DEFINITIONAL_REPRESENTATION('',(#3639),#3643);
#3639 = LINE('',#3640,#3641);
#3640 = CARTESIAN_POINT('',(0.,0.5));
#3641 = VECTOR('',#3642,1.);
#3642 = DIRECTION('',(1.,0.));
#3643 = ( GEOMETRIC_REPRESENTATION_CONTEXT(2) 
PARAMETRIC_REPRESENTATION_CONTEXT() REPRESENTATION_CONTEXT('2D SPACE',''
  ) );
#3644 = ORIENTED_EDGE('',*,*,#3645,.T.);
#3645 = EDGE_CURVE('',#3613,#3428,#3646,.T.);
#3646 = SURFACE_CURVE('',#3647,(#3651,#3658),.PCURVE_S1.);
#3647 = LINE('',#3648,#3649);
#3648 = CARTESIAN_POINT('',(137.0000001,12.1500001,37.3750001));
#3649 = VECTOR('',#3650,1.);
#3650 = DIRECTION('',(0.,0.,-1.));
#3651 = PCURVE('',#684,#3652);
#3652 = DEFINITIONAL_REPRESENTATION('',(#3653),#3657);
#3653 = LINE('',#3654,#3655);
#3654 = CARTESIAN_POINT('',(9.15,-2.375));
#3655 = VECTOR('',#3656,1.);
#3656 = DIRECTION('',(0.,1.));
#3657 = ( GEOMETRIC_REPRESENTATION_CONTEXT(2) 
PARAMETRIC_REPRESENTATION_CONTEXT() REPRESENTATION_CONTEXT('2D SPACE',''
  ) );
#3658 = PCURVE('',#3659,#3664);
#3659 = PLANE('',#3660);
#3660 = AXIS2_PLACEMENT_3D('',#3661,#3662,#3663);
#3661 = CARTESIAN_POINT('',(136.5000001,12.1500001,39.7500001));
#3662 = DIRECTION('',(0.,1.,0.));
#3663 = DIRECTION('',(0.,0.,-1.));
#3664 = DEFINITIONAL_REPRESENTATION('',(#3665),#3669);
#3665 = LINE('',#3666,#3667);
#3666 = CARTESIAN_POINT('',(2.375,-0.5));
#3667 = VECTOR('',#3668,1.);
#3668 = DIRECTION('',(1.,0.));
#3669 = ( GEOMETRIC_REPRESENTATION_CONTEXT(2) 
PARAMETRIC_REPRESENTATION_CONTEXT() REPRESENTATION_CONTEXT('2D SPACE',''
  ) );
#3670 = ADVANCED_FACE('',(#3671),#967,.T.);
#3671 = FACE_BOUND('',#3672,.T.);
#3672 = EDGE_LOOP('',(#3673,#3696,#3697,#3698));
#3673 = ORIENTED_EDGE('',*,*,#3674,.F.);
#3674 = EDGE_CURVE('',#3326,#3675,#3677,.T.);
#3675 = VERTEX_POINT('',#3676);
#3676 = CARTESIAN_POINT('',(97.244994532065,54.0000001,35.0000001));
#3677 = SURFACE_CURVE('',#3678,(#3682,#3689),.PCURVE_S1.);
#3678 = LINE('',#3679,#3680);
#3679 = CARTESIAN_POINT('',(137.0000001,54.0000001,35.0000001));
#3680 = VECTOR('',#3681,1.);
#3681 = DIRECTION('',(-1.,0.,0.));
#3682 = PCURVE('',#967,#3683);
#3683 = DEFINITIONAL_REPRESENTATION('',(#3684),#3688);
#3684 = LINE('',#3685,#3686);
#3685 = CARTESIAN_POINT('',(0.,-0.));
#3686 = VECTOR('',#3687,1.);
#3687 = DIRECTION('',(1.,0.));
#3688 = ( GEOMETRIC_REPRESENTATION_CONTEXT(2) 
PARAMETRIC_REPRESENTATION_CONTEXT() REPRESENTATION_CONTEXT('2D SPACE',''
  ) );
#3689 = PCURVE('',#3342,#3690);
#3690 = DEFINITIONAL_REPRESENTATION('',(#3691),#3695);
#3691 = LINE('',#3692,#3693);
#3692 = CARTESIAN_POINT('',(67.,25.5));
#3693 = VECTOR('',#3694,1.);
#3694 = DIRECTION('',(-1.,0.));
#3695 = ( GEOMETRIC_REPRESENTATION_CONTEXT(2) 
PARAMETRIC_REPRESENTATION_CONTEXT() REPRESENTATION_CONTEXT('2D SPACE',''
  ) );
#3696 = ORIENTED_EDGE('',*,*,#3354,.T.);
#3697 = ORIENTED_EDGE('',*,*,#953,.F.);
#3698 = ORIENTED_EDGE('',*,*,#3699,.T.);
#3699 = EDGE_CURVE('',#925,#3675,#3700,.T.);
#3700 = SURFACE_CURVE('',#3701,(#3705,#3712),.PCURVE_S1.);
#3701 = LINE('',#3702,#3703);
#3702 = CARTESIAN_POINT('',(97.244994532064,54.0000001,34.0000001));
#3703 = VECTOR('',#3704,1.);
#3704 = DIRECTION('',(-0.,-0.,-1.));
#3705 = PCURVE('',#967,#3706);
#3706 = DEFINITIONAL_REPRESENTATION('',(#3707),#3711);
#3707 = LINE('',#3708,#3709);
#3708 = CARTESIAN_POINT('',(39.755005567936,1.));
#3709 = VECTOR('',#3710,1.);
#3710 = DIRECTION('',(0.,1.));
#3711 = ( GEOMETRIC_REPRESENTATION_CONTEXT(2) 
PARAMETRIC_REPRESENTATION_CONTEXT() REPRESENTATION_CONTEXT('2D SPACE',''
  ) );
#3712 = PCURVE('',#941,#3713);
#3713 = DEFINITIONAL_REPRESENTATION('',(#3714),#3718);
#3714 = LINE('',#3715,#3716);
#3715 = CARTESIAN_POINT('',(-6.872216277396,0.));
#3716 = VECTOR('',#3717,1.);
#3717 = DIRECTION('',(-0.,1.));
#3718 = ( GEOMETRIC_REPRESENTATION_CONTEXT(2) 
PARAMETRIC_REPRESENTATION_CONTEXT() REPRESENTATION_CONTEXT('2D SPACE',''
  ) );
#3719 = ADVANCED_FACE('',(#3720),#713,.T.);
#3720 = FACE_BOUND('',#3721,.F.);
#3721 = EDGE_LOOP('',(#3722,#3723,#3724,#3747));
#3722 = ORIENTED_EDGE('',*,*,#3402,.F.);
#3723 = ORIENTED_EDGE('',*,*,#696,.T.);
#3724 = ORIENTED_EDGE('',*,*,#3725,.T.);
#3725 = EDGE_CURVE('',#697,#3726,#3728,.T.);
#3726 = VERTEX_POINT('',#3727);
#3727 = CARTESIAN_POINT('',(131.79190085645,3.0000001,35.0000001));
#3728 = SURFACE_CURVE('',#3729,(#3733,#3740),.PCURVE_S1.);
#3729 = LINE('',#3730,#3731);
#3730 = CARTESIAN_POINT('',(131.79190085645,3.0000001,34.0000001));
#3731 = VECTOR('',#3732,1.);
#3732 = DIRECTION('',(-0.,-0.,-1.));
#3733 = PCURVE('',#713,#3734);
#3734 = DEFINITIONAL_REPRESENTATION('',(#3735),#3739);
#3735 = LINE('',#3736,#3737);
#3736 = CARTESIAN_POINT('',(-3.525989428085,0.));
#3737 = VECTOR('',#3738,1.);
#3738 = DIRECTION('',(-0.,1.));
#3739 = ( GEOMETRIC_REPRESENTATION_CONTEXT(2) 
PARAMETRIC_REPRESENTATION_CONTEXT() REPRESENTATION_CONTEXT('2D SPACE',''
  ) );
#3740 = PCURVE('',#741,#3741);
#3741 = DEFINITIONAL_REPRESENTATION('',(#3742),#3746);
#3742 = LINE('',#3743,#3744);
#3743 = CARTESIAN_POINT('',(128.79190075645,1.));
#3744 = VECTOR('',#3745,1.);
#3745 = DIRECTION('',(0.,1.));
#3746 = ( GEOMETRIC_REPRESENTATION_CONTEXT(2) 
PARAMETRIC_REPRESENTATION_CONTEXT() REPRESENTATION_CONTEXT('2D SPACE',''
  ) );
#3747 = ORIENTED_EDGE('',*,*,#3748,.T.);
#3748 = EDGE_CURVE('',#3726,#3380,#3749,.T.);
#3749 = SURFACE_CURVE('',#3750,(#3755,#3762),.PCURVE_S1.);
#3750 = CIRCLE('',#3751,4.);
#3751 = AXIS2_PLACEMENT_3D('',#3752,#3753,#3754);
#3752 = CARTESIAN_POINT('',(135.5000001,4.5000001,35.0000001));
#3753 = DIRECTION('',(0.,0.,-1.));
#3754 = DIRECTION('',(1.,0.,0.));
#3755 = PCURVE('',#713,#3756);
#3756 = DEFINITIONAL_REPRESENTATION('',(#3757),#3761);
#3757 = LINE('',#3758,#3759);
#3758 = CARTESIAN_POINT('',(-6.28318530718,-1.));
#3759 = VECTOR('',#3760,1.);
#3760 = DIRECTION('',(1.,-0.));
#3761 = ( GEOMETRIC_REPRESENTATION_CONTEXT(2) 
PARAMETRIC_REPRESENTATION_CONTEXT() REPRESENTATION_CONTEXT('2D SPACE',''
  ) );
#3762 = PCURVE('',#3342,#3763);
#3763 = DEFINITIONAL_REPRESENTATION('',(#3764),#3772);
#3764 = ( BOUNDED_CURVE() B_SPLINE_CURVE(2,(#3765,#3766,#3767,#3768,
#3769,#3770,#3771),.UNSPECIFIED.,.T.,.F.) B_SPLINE_CURVE_WITH_KNOTS((1,2
    ,2,2,2,1),(-2.094395102393,0.,2.094395102393,4.188790204786,
6.28318530718,8.377580409573),.UNSPECIFIED.) CURVE() 
GEOMETRIC_REPRESENTATION_ITEM() RATIONAL_B_SPLINE_CURVE((1.,0.5,1.,0.5,
1.,0.5,1.)) REPRESENTATION_ITEM('') );
#3765 = CARTESIAN_POINT('',(69.5,-24.));
#3766 = CARTESIAN_POINT('',(69.5,-30.92820323027));
#3767 = CARTESIAN_POINT('',(63.5,-27.46410161513));
#3768 = CARTESIAN_POINT('',(57.5,-24.));
#3769 = CARTESIAN_POINT('',(63.5,-20.53589838486));
#3770 = CARTESIAN_POINT('',(69.5,-17.07179676972));
#3771 = CARTESIAN_POINT('',(69.5,-24.));
#3772 = ( GEOMETRIC_REPRESENTATION_CONTEXT(2) 
PARAMETRIC_REPRESENTATION_CONTEXT() REPRESENTATION_CONTEXT('2D SPACE',''
  ) );
#3773 = ADVANCED_FACE('',(#3774),#941,.T.);
#3774 = FACE_BOUND('',#3775,.F.);
#3775 = EDGE_LOOP('',(#3776,#3804,#3825,#3826));
#3776 = ORIENTED_EDGE('',*,*,#3777,.T.);
#3777 = EDGE_CURVE('',#3675,#3778,#3780,.T.);
#3778 = VERTEX_POINT('',#3779);
#3779 = CARTESIAN_POINT('',(92.755005667935,54.0000001,35.0000001));
#3780 = SURFACE_CURVE('',#3781,(#3786,#3793),.PCURVE_S1.);
#3781 = CIRCLE('',#3782,2.7);
#3782 = AXIS2_PLACEMENT_3D('',#3783,#3784,#3785);
#3783 = CARTESIAN_POINT('',(95.0000001,52.5000001,35.0000001));
#3784 = DIRECTION('',(0.,0.,-1.));
#3785 = DIRECTION('',(0.831479419283,0.555555555556,0.));
#3786 = PCURVE('',#941,#3787);
#3787 = DEFINITIONAL_REPRESENTATION('',(#3788),#3792);
#3788 = LINE('',#3789,#3790);
#3789 = CARTESIAN_POINT('',(-6.872216277396,-1.));
#3790 = VECTOR('',#3791,1.);
#3791 = DIRECTION('',(1.,-0.));
#3792 = ( GEOMETRIC_REPRESENTATION_CONTEXT(2) 
PARAMETRIC_REPRESENTATION_CONTEXT() REPRESENTATION_CONTEXT('2D SPACE',''
  ) );
#3793 = PCURVE('',#3342,#3794);
#3794 = DEFINITIONAL_REPRESENTATION('',(#3795),#3803);
#3795 = ( BOUNDED_CURVE() B_SPLINE_CURVE(2,(#3796,#3797,#3798,#3799,
#3800,#3801,#3802),.UNSPECIFIED.,.T.,.F.) B_SPLINE_CURVE_WITH_KNOTS((1,2
    ,2,2,2,1),(-2.094395102393,0.,2.094395102393,4.188790204786,
6.28318530718,8.377580409573),.UNSPECIFIED.) CURVE() 
GEOMETRIC_REPRESENTATION_ITEM() RATIONAL_B_SPLINE_CURVE((1.,0.5,1.,0.5,
1.,0.5,1.)) REPRESENTATION_ITEM('') );
#3796 = CARTESIAN_POINT('',(27.244994432064,25.5));
#3797 = CARTESIAN_POINT('',(29.843070643418,21.611555580955));
#3798 = CARTESIAN_POINT('',(25.176540889644,21.305777790478));
#3799 = CARTESIAN_POINT('',(20.510011135871,21.));
#3800 = CARTESIAN_POINT('',(22.578464678291,25.194222209522));
#3801 = CARTESIAN_POINT('',(24.646918220711,29.388444419045));
#3802 = CARTESIAN_POINT('',(27.244994432064,25.5));
#3803 = ( GEOMETRIC_REPRESENTATION_CONTEXT(2) 
PARAMETRIC_REPRESENTATION_CONTEXT() REPRESENTATION_CONTEXT('2D SPACE',''
  ) );
#3804 = ORIENTED_EDGE('',*,*,#3805,.F.);
#3805 = EDGE_CURVE('',#897,#3778,#3806,.T.);
#3806 = SURFACE_CURVE('',#3807,(#3811,#3818),.PCURVE_S1.);
#3807 = LINE('',#3808,#3809);
#3808 = CARTESIAN_POINT('',(92.755005667936,54.0000001,34.0000001));
#3809 = VECTOR('',#3810,1.);
#3810 = DIRECTION('',(-0.,-0.,-1.));
#3811 = PCURVE('',#941,#3812);
#3812 = DEFINITIONAL_REPRESENTATION('',(#3813),#3817);
#3813 = LINE('',#3814,#3815);
#3814 = CARTESIAN_POINT('',(-2.552561683374,0.));
#3815 = VECTOR('',#3816,1.);
#3816 = DIRECTION('',(-0.,1.));
#3817 = ( GEOMETRIC_REPRESENTATION_CONTEXT(2) 
PARAMETRIC_REPRESENTATION_CONTEXT() REPRESENTATION_CONTEXT('2D SPACE',''
  ) );
#3818 = PCURVE('',#912,#3819);
#3819 = DEFINITIONAL_REPRESENTATION('',(#3820),#3824);
#3820 = LINE('',#3821,#3822);
#3821 = CARTESIAN_POINT('',(44.244994432064,1.));
#3822 = VECTOR('',#3823,1.);
#3823 = DIRECTION('',(0.,1.));
#3824 = ( GEOMETRIC_REPRESENTATION_CONTEXT(2) 
PARAMETRIC_REPRESENTATION_CONTEXT() REPRESENTATION_CONTEXT('2D SPACE',''
  ) );
#3825 = ORIENTED_EDGE('',*,*,#924,.T.);
#3826 = ORIENTED_EDGE('',*,*,#3699,.T.);
#3827 = ADVANCED_FACE('',(#3828),#741,.T.);
#3828 = FACE_BOUND('',#3829,.T.);
#3829 = EDGE_LOOP('',(#3830,#3853,#3881,#3909,#3937,#3965,#3993,#4021,
    #4042,#4043));
#3830 = ORIENTED_EDGE('',*,*,#3831,.F.);
#3831 = EDGE_CURVE('',#3832,#3726,#3834,.T.);
#3832 = VERTEX_POINT('',#3833);
#3833 = CARTESIAN_POINT('',(99.8000001,3.0000001,35.0000001));
#3834 = SURFACE_CURVE('',#3835,(#3839,#3846),.PCURVE_S1.);
#3835 = LINE('',#3836,#3837);
#3836 = CARTESIAN_POINT('',(3.0000001,3.0000001,35.0000001));
#3837 = VECTOR('',#3838,1.);
#3838 = DIRECTION('',(1.,0.,0.));
#3839 = PCURVE('',#741,#3840);
#3840 = DEFINITIONAL_REPRESENTATION('',(#3841),#3845);
#3841 = LINE('',#3842,#3843);
#3842 = CARTESIAN_POINT('',(0.,0.));
#3843 = VECTOR('',#3844,1.);
#3844 = DIRECTION('',(1.,0.));
#3845 = ( GEOMETRIC_REPRESENTATION_CONTEXT(2) 
PARAMETRIC_REPRESENTATION_CONTEXT() REPRESENTATION_CONTEXT('2D SPACE',''
  ) );
#3846 = PCURVE('',#3342,#3847);
#3847 = DEFINITIONAL_REPRESENTATION('',(#3848),#3852);
#3848 = LINE('',#3849,#3850);
#3849 = CARTESIAN_POINT('',(-67.,-25.5));
#3850 = VECTOR('',#3851,1.);
#3851 = DIRECTION('',(1.,0.));
#3852 = ( GEOMETRIC_REPRESENTATION_CONTEXT(2) 
PARAMETRIC_REPRESENTATION_CONTEXT() REPRESENTATION_CONTEXT('2D SPACE',''
  ) );
#3853 = ORIENTED_EDGE('',*,*,#3854,.T.);
#3854 = EDGE_CURVE('',#3832,#3855,#3857,.T.);
#3855 = VERTEX_POINT('',#3856);
#3856 = CARTESIAN_POINT('',(99.8000001,3.0000001,40.6500001));
#3857 = SURFACE_CURVE('',#3858,(#3862,#3869),.PCURVE_S1.);
#3858 = LINE('',#3859,#3860);
#3859 = CARTESIAN_POINT('',(99.8000001,3.0000001,34.0000001));
#3860 = VECTOR('',#3861,1.);
#3861 = DIRECTION('',(0.,0.,1.));
#3862 = PCURVE('',#741,#3863);
#3863 = DEFINITIONAL_REPRESENTATION('',(#3864),#3868);
#3864 = LINE('',#3865,#3866);
#3865 = CARTESIAN_POINT('',(96.8,1.));
#3866 = VECTOR('',#3867,1.);
#3867 = DIRECTION('',(0.,-1.));
#3868 = ( GEOMETRIC_REPRESENTATION_CONTEXT(2) 
PARAMETRIC_REPRESENTATION_CONTEXT() REPRESENTATION_CONTEXT('2D SPACE',''
  ) );
#3869 = PCURVE('',#3870,#3875);
#3870 = PLANE('',#3871);
#3871 = AXIS2_PLACEMENT_3D('',#3872,#3873,#3874);
#3872 = CARTESIAN_POINT('',(99.8000001,3.0000001,34.0000001));
#3873 = DIRECTION('',(1.,0.,0.));
#3874 = DIRECTION('',(0.,0.,1.));
#3875 = DEFINITIONAL_REPRESENTATION('',(#3876),#3880);
#3876 = LINE('',#3877,#3878);
#3877 = CARTESIAN_POINT('',(0.,0.));
#3878 = VECTOR('',#3879,1.);
#3879 = DIRECTION('',(1.,0.));
#3880 = ( GEOMETRIC_REPRESENTATION_CONTEXT(2) 
PARAMETRIC_REPRESENTATION_CONTEXT() REPRESENTATION_CONTEXT('2D SPACE',''
  ) );
#3881 = ORIENTED_EDGE('',*,*,#3882,.T.);
#3882 = EDGE_CURVE('',#3855,#3883,#3885,.T.);
#3883 = VERTEX_POINT('',#3884);
#3884 = CARTESIAN_POINT('',(131.4000001,3.0000001,40.6500001));
#3885 = SURFACE_CURVE('',#3886,(#3890,#3897),.PCURVE_S1.);
#3886 = LINE('',#3887,#3888);
#3887 = CARTESIAN_POINT('',(50.9000001,3.0000001,40.6500001));
#3888 = VECTOR('',#3889,1.);
#3889 = DIRECTION('',(1.,0.,0.));
#3890 = PCURVE('',#741,#3891);
#3891 = DEFINITIONAL_REPRESENTATION('',(#3892),#3896);
#3892 = LINE('',#3893,#3894);
#3893 = CARTESIAN_POINT('',(47.9,-5.65));
#3894 = VECTOR('',#3895,1.);
#3895 = DIRECTION('',(1.,0.));
#3896 = ( GEOMETRIC_REPRESENTATION_CONTEXT(2) 
PARAMETRIC_REPRESENTATION_CONTEXT() REPRESENTATION_CONTEXT('2D SPACE',''
  ) );
#3897 = PCURVE('',#3898,#3903);
#3898 = PLANE('',#3899);
#3899 = AXIS2_PLACEMENT_3D('',#3900,#3901,#3902);
#3900 = CARTESIAN_POINT('',(98.8000001,1.0000001,40.6500001));
#3901 = DIRECTION('',(0.,0.,1.));
#3902 = DIRECTION('',(1.,0.,0.));
#3903 = DEFINITIONAL_REPRESENTATION('',(#3904),#3908);
#3904 = LINE('',#3905,#3906);
#3905 = CARTESIAN_POINT('',(-47.9,2.));
#3906 = VECTOR('',#3907,1.);
#3907 = DIRECTION('',(1.,0.));
#3908 = ( GEOMETRIC_REPRESENTATION_CONTEXT(2) 
PARAMETRIC_REPRESENTATION_CONTEXT() REPRESENTATION_CONTEXT('2D SPACE',''
  ) );
#3909 = ORIENTED_EDGE('',*,*,#3910,.F.);
#3910 = EDGE_CURVE('',#3911,#3883,#3913,.T.);
#3911 = VERTEX_POINT('',#3912);
#3912 = CARTESIAN_POINT('',(131.4000001,3.0000001,60.5000001));
#3913 = SURFACE_CURVE('',#3914,(#3918,#3925),.PCURVE_S1.);
#3914 = LINE('',#3915,#3916);
#3915 = CARTESIAN_POINT('',(131.4000001,3.0000001,37.8250001));
#3916 = VECTOR('',#3917,1.);
#3917 = DIRECTION('',(0.,0.,-1.));
#3918 = PCURVE('',#741,#3919);
#3919 = DEFINITIONAL_REPRESENTATION('',(#3920),#3924);
#3920 = LINE('',#3921,#3922);
#3921 = CARTESIAN_POINT('',(128.4,-2.825));
#3922 = VECTOR('',#3923,1.);
#3923 = DIRECTION('',(0.,1.));
#3924 = ( GEOMETRIC_REPRESENTATION_CONTEXT(2) 
PARAMETRIC_REPRESENTATION_CONTEXT() REPRESENTATION_CONTEXT('2D SPACE',''
  ) );
#3925 = PCURVE('',#3926,#3931);
#3926 = PLANE('',#3927);
#3927 = AXIS2_PLACEMENT_3D('',#3928,#3929,#3930);
#3928 = CARTESIAN_POINT('',(131.4000001,1.0000001,40.6500001));
#3929 = DIRECTION('',(1.,0.,0.));
#3930 = DIRECTION('',(0.,0.,1.));
#3931 = DEFINITIONAL_REPRESENTATION('',(#3932),#3936);
#3932 = LINE('',#3933,#3934);
#3933 = CARTESIAN_POINT('',(-2.825,-2.));
#3934 = VECTOR('',#3935,1.);
#3935 = DIRECTION('',(-1.,0.));
#3936 = ( GEOMETRIC_REPRESENTATION_CONTEXT(2) 
PARAMETRIC_REPRESENTATION_CONTEXT() REPRESENTATION_CONTEXT('2D SPACE',''
  ) );
#3937 = ORIENTED_EDGE('',*,*,#3938,.F.);
#3938 = EDGE_CURVE('',#3939,#3911,#3941,.T.);
#3939 = VERTEX_POINT('',#3940);
#3940 = CARTESIAN_POINT('',(98.8000001,3.0000001,60.5000001));
#3941 = SURFACE_CURVE('',#3942,(#3946,#3953),.PCURVE_S1.);
#3942 = LINE('',#3943,#3944);
#3943 = CARTESIAN_POINT('',(50.9000001,3.0000001,60.5000001));
#3944 = VECTOR('',#3945,1.);
#3945 = DIRECTION('',(1.,0.,0.));
#3946 = PCURVE('',#741,#3947);
#3947 = DEFINITIONAL_REPRESENTATION('',(#3948),#3952);
#3948 = LINE('',#3949,#3950);
#3949 = CARTESIAN_POINT('',(47.9,-25.5));
#3950 = VECTOR('',#3951,1.);
#3951 = DIRECTION('',(1.,0.));
#3952 = ( GEOMETRIC_REPRESENTATION_CONTEXT(2) 
PARAMETRIC_REPRESENTATION_CONTEXT() REPRESENTATION_CONTEXT('2D SPACE',''
  ) );
#3953 = PCURVE('',#3954,#3959);
#3954 = PLANE('',#3955);
#3955 = AXIS2_PLACEMENT_3D('',#3956,#3957,#3958);
#3956 = CARTESIAN_POINT('',(98.8000001,1.0000001,60.5000001));
#3957 = DIRECTION('',(0.,0.,1.));
#3958 = DIRECTION('',(1.,0.,0.));
#3959 = DEFINITIONAL_REPRESENTATION('',(#3960),#3964);
#3960 = LINE('',#3961,#3962);
#3961 = CARTESIAN_POINT('',(-47.9,2.));
#3962 = VECTOR('',#3963,1.);
#3963 = DIRECTION('',(1.,0.));
#3964 = ( GEOMETRIC_REPRESENTATION_CONTEXT(2) 
PARAMETRIC_REPRESENTATION_CONTEXT() REPRESENTATION_CONTEXT('2D SPACE',''
  ) );
#3965 = ORIENTED_EDGE('',*,*,#3966,.T.);
#3966 = EDGE_CURVE('',#3939,#3967,#3969,.T.);
#3967 = VERTEX_POINT('',#3968);
#3968 = CARTESIAN_POINT('',(98.8000001,3.0000001,55.0000001));
#3969 = SURFACE_CURVE('',#3970,(#3974,#3981),.PCURVE_S1.);
#3970 = LINE('',#3971,#3972);
#3971 = CARTESIAN_POINT('',(98.8000001,3.0000001,37.8250001));
#3972 = VECTOR('',#3973,1.);
#3973 = DIRECTION('',(0.,0.,-1.));
#3974 = PCURVE('',#741,#3975);
#3975 = DEFINITIONAL_REPRESENTATION('',(#3976),#3980);
#3976 = LINE('',#3977,#3978);
#3977 = CARTESIAN_POINT('',(95.8,-2.825));
#3978 = VECTOR('',#3979,1.);
#3979 = DIRECTION('',(0.,1.));
#3980 = ( GEOMETRIC_REPRESENTATION_CONTEXT(2) 
PARAMETRIC_REPRESENTATION_CONTEXT() REPRESENTATION_CONTEXT('2D SPACE',''
  ) );
#3981 = PCURVE('',#3982,#3987);
#3982 = PLANE('',#3983);
#3983 = AXIS2_PLACEMENT_3D('',#3984,#3985,#3986);
#3984 = CARTESIAN_POINT('',(98.8000001,1.0000001,40.6500001));
#3985 = DIRECTION('',(1.,0.,0.));
#3986 = DIRECTION('',(0.,0.,1.));
#3987 = DEFINITIONAL_REPRESENTATION('',(#3988),#3992);
#3988 = LINE('',#3989,#3990);
#3989 = CARTESIAN_POINT('',(-2.825,-2.));
#3990 = VECTOR('',#3991,1.);
#3991 = DIRECTION('',(-1.,0.));
#3992 = ( GEOMETRIC_REPRESENTATION_CONTEXT(2) 
PARAMETRIC_REPRESENTATION_CONTEXT() REPRESENTATION_CONTEXT('2D SPACE',''
  ) );
#3993 = ORIENTED_EDGE('',*,*,#3994,.F.);
#3994 = EDGE_CURVE('',#3995,#3967,#3997,.T.);
#3995 = VERTEX_POINT('',#3996);
#3996 = CARTESIAN_POINT('',(86.422616389333,3.0000001,55.0000001));
#3997 = SURFACE_CURVE('',#3998,(#4002,#4009),.PCURVE_S1.);
#3998 = LINE('',#3999,#4000);
#3999 = CARTESIAN_POINT('',(80.0000001,3.0000001,55.0000001));
#4000 = VECTOR('',#4001,1.);
#4001 = DIRECTION('',(1.,0.,0.));
#4002 = PCURVE('',#741,#4003);
#4003 = DEFINITIONAL_REPRESENTATION('',(#4004),#4008);
#4004 = LINE('',#4005,#4006);
#4005 = CARTESIAN_POINT('',(77.,-20.));
#4006 = VECTOR('',#4007,1.);
#4007 = DIRECTION('',(1.,0.));
#4008 = ( GEOMETRIC_REPRESENTATION_CONTEXT(2) 
PARAMETRIC_REPRESENTATION_CONTEXT() REPRESENTATION_CONTEXT('2D SPACE',''
  ) );
#4009 = PCURVE('',#4010,#4015);
#4010 = PLANE('',#4011);
#4011 = AXIS2_PLACEMENT_3D('',#4012,#4013,#4014);
#4012 = CARTESIAN_POINT('',(80.0000001,3.0000001,55.0000001));
#4013 = DIRECTION('',(0.,0.,1.));
#4014 = DIRECTION('',(1.,0.,0.));
#4015 = DEFINITIONAL_REPRESENTATION('',(#4016),#4020);
#4016 = LINE('',#4017,#4018);
#4017 = CARTESIAN_POINT('',(0.,0.));
#4018 = VECTOR('',#4019,1.);
#4019 = DIRECTION('',(1.,0.));
#4020 = ( GEOMETRIC_REPRESENTATION_CONTEXT(2) 
PARAMETRIC_REPRESENTATION_CONTEXT() REPRESENTATION_CONTEXT('2D SPACE',''
  ) );
#4021 = ORIENTED_EDGE('',*,*,#4022,.F.);
#4022 = EDGE_CURVE('',#726,#3995,#4023,.T.);
#4023 = SURFACE_CURVE('',#4024,(#4028,#4035),.PCURVE_S1.);
#4024 = LINE('',#4025,#4026);
#4025 = CARTESIAN_POINT('',(86.422616389333,3.0000001,34.0000001));
#4026 = VECTOR('',#4027,1.);
#4027 = DIRECTION('',(-0.,-0.,-1.));
#4028 = PCURVE('',#741,#4029);
#4029 = DEFINITIONAL_REPRESENTATION('',(#4030),#4034);
#4030 = LINE('',#4031,#4032);
#4031 = CARTESIAN_POINT('',(83.422616289333,1.));
#4032 = VECTOR('',#4033,1.);
#4033 = DIRECTION('',(0.,1.));
#4034 = ( GEOMETRIC_REPRESENTATION_CONTEXT(2) 
PARAMETRIC_REPRESENTATION_CONTEXT() REPRESENTATION_CONTEXT('2D SPACE',''
  ) );
#4035 = PCURVE('',#770,#4036);
#4036 = DEFINITIONAL_REPRESENTATION('',(#4037),#4041);
#4037 = LINE('',#4038,#4039);
#4038 = CARTESIAN_POINT('',(-5.454797910405,0.));
#4039 = VECTOR('',#4040,1.);
#4040 = DIRECTION('',(-0.,1.));
#4041 = ( GEOMETRIC_REPRESENTATION_CONTEXT(2) 
PARAMETRIC_REPRESENTATION_CONTEXT() REPRESENTATION_CONTEXT('2D SPACE',''
  ) );
#4042 = ORIENTED_EDGE('',*,*,#725,.F.);
#4043 = ORIENTED_EDGE('',*,*,#3725,.T.);
#4044 = ADVANCED_FACE('',(#4045),#912,.T.);
#4045 = FACE_BOUND('',#4046,.T.);
#4046 = EDGE_LOOP('',(#4047,#4070,#4071,#4072));
#4047 = ORIENTED_EDGE('',*,*,#4048,.F.);
#4048 = EDGE_CURVE('',#3778,#4049,#4051,.T.);
#4049 = VERTEX_POINT('',#4050);
#4050 = CARTESIAN_POINT('',(8.208099343548,54.0000001,35.0000001));
#4051 = SURFACE_CURVE('',#4052,(#4056,#4063),.PCURVE_S1.);
#4052 = LINE('',#4053,#4054);
#4053 = CARTESIAN_POINT('',(137.0000001,54.0000001,35.0000001));
#4054 = VECTOR('',#4055,1.);
#4055 = DIRECTION('',(-1.,0.,0.));
#4056 = PCURVE('',#912,#4057);
#4057 = DEFINITIONAL_REPRESENTATION('',(#4058),#4062);
#4058 = LINE('',#4059,#4060);
#4059 = CARTESIAN_POINT('',(0.,-0.));
#4060 = VECTOR('',#4061,1.);
#4061 = DIRECTION('',(1.,0.));
#4062 = ( GEOMETRIC_REPRESENTATION_CONTEXT(2) 
PARAMETRIC_REPRESENTATION_CONTEXT() REPRESENTATION_CONTEXT('2D SPACE',''
  ) );
#4063 = PCURVE('',#3342,#4064);
#4064 = DEFINITIONAL_REPRESENTATION('',(#4065),#4069);
#4065 = LINE('',#4066,#4067);
#4066 = CARTESIAN_POINT('',(67.,25.5));
#4067 = VECTOR('',#4068,1.);
#4068 = DIRECTION('',(-1.,0.));
#4069 = ( GEOMETRIC_REPRESENTATION_CONTEXT(2) 
PARAMETRIC_REPRESENTATION_CONTEXT() REPRESENTATION_CONTEXT('2D SPACE',''
  ) );
#4070 = ORIENTED_EDGE('',*,*,#3805,.F.);
#4071 = ORIENTED_EDGE('',*,*,#896,.F.);
#4072 = ORIENTED_EDGE('',*,*,#4073,.T.);
#4073 = EDGE_CURVE('',#868,#4049,#4074,.T.);
#4074 = SURFACE_CURVE('',#4075,(#4079,#4086),.PCURVE_S1.);
#4075 = LINE('',#4076,#4077);
#4076 = CARTESIAN_POINT('',(8.208099343548,54.0000001,34.0000001));
#4077 = VECTOR('',#4078,1.);
#4078 = DIRECTION('',(-0.,-0.,-1.));
#4079 = PCURVE('',#912,#4080);
#4080 = DEFINITIONAL_REPRESENTATION('',(#4081),#4085);
#4081 = LINE('',#4082,#4083);
#4082 = CARTESIAN_POINT('',(128.79190075645,1.));
#4083 = VECTOR('',#4084,1.);
#4084 = DIRECTION('',(0.,1.));
#4085 = ( GEOMETRIC_REPRESENTATION_CONTEXT(2) 
PARAMETRIC_REPRESENTATION_CONTEXT() REPRESENTATION_CONTEXT('2D SPACE',''
  ) );
#4086 = PCURVE('',#884,#4087);
#4087 = DEFINITIONAL_REPRESENTATION('',(#4088),#4092);
#4088 = LINE('',#4089,#4090);
#4089 = CARTESIAN_POINT('',(-6.667582081675,0.));
#4090 = VECTOR('',#4091,1.);
#4091 = DIRECTION('',(-0.,1.));
#4092 = ( GEOMETRIC_REPRESENTATION_CONTEXT(2) 
PARAMETRIC_REPRESENTATION_CONTEXT() REPRESENTATION_CONTEXT('2D SPACE',''
  ) );
#4093 = ADVANCED_FACE('',(#4094),#770,.T.);
#4094 = FACE_BOUND('',#4095,.F.);
#4095 = EDGE_LOOP('',(#4096,#4119,#4147,#4175,#4201,#4202));
#4096 = ORIENTED_EDGE('',*,*,#4097,.T.);
#4097 = EDGE_CURVE('',#754,#4098,#4100,.T.);
#4098 = VERTEX_POINT('',#4099);
#4099 = CARTESIAN_POINT('',(73.577383810667,3.0000001,35.0000001));
#4100 = SURFACE_CURVE('',#4101,(#4105,#4112),.PCURVE_S1.);
#4101 = LINE('',#4102,#4103);
#4102 = CARTESIAN_POINT('',(73.577383810667,3.0000001,34.0000001));
#4103 = VECTOR('',#4104,1.);
#4104 = DIRECTION('',(-0.,-0.,-1.));
#4105 = PCURVE('',#770,#4106);
#4106 = DEFINITIONAL_REPRESENTATION('',(#4107),#4111);
#4107 = LINE('',#4108,#4109);
#4108 = CARTESIAN_POINT('',(-10.25316535754,0.));
#4109 = VECTOR('',#4110,1.);
#4110 = DIRECTION('',(-0.,1.));
#4111 = ( GEOMETRIC_REPRESENTATION_CONTEXT(2) 
PARAMETRIC_REPRESENTATION_CONTEXT() REPRESENTATION_CONTEXT('2D SPACE',''
  ) );
#4112 = PCURVE('',#798,#4113);
#4113 = DEFINITIONAL_REPRESENTATION('',(#4114),#4118);
#4114 = LINE('',#4115,#4116);
#4115 = CARTESIAN_POINT('',(70.577383710667,1.));
#4116 = VECTOR('',#4117,1.);
#4117 = DIRECTION('',(0.,1.));
#4118 = ( GEOMETRIC_REPRESENTATION_CONTEXT(2) 
PARAMETRIC_REPRESENTATION_CONTEXT() REPRESENTATION_CONTEXT('2D SPACE',''
  ) );
#4119 = ORIENTED_EDGE('',*,*,#4120,.T.);
#4120 = EDGE_CURVE('',#4098,#4121,#4123,.T.);
#4121 = VERTEX_POINT('',#4122);
#4122 = CARTESIAN_POINT('',(86.422616389333,17.0000001,35.0000001));
#4123 = SURFACE_CURVE('',#4124,(#4129,#4136),.PCURVE_S1.);
#4124 = CIRCLE('',#4125,9.5);
#4125 = AXIS2_PLACEMENT_3D('',#4126,#4127,#4128);
#4126 = CARTESIAN_POINT('',(80.0000001,10.0000001,35.0000001));
#4127 = DIRECTION('',(-0.,0.,-1.));
#4128 = DIRECTION('',(-0.676064872561,-0.736842105263,0.));
#4129 = PCURVE('',#770,#4130);
#4130 = DEFINITIONAL_REPRESENTATION('',(#4131),#4135);
#4131 = LINE('',#4132,#4133);
#4132 = CARTESIAN_POINT('',(-10.25316535754,-1.));
#4133 = VECTOR('',#4134,1.);
#4134 = DIRECTION('',(1.,-0.));
#4135 = ( GEOMETRIC_REPRESENTATION_CONTEXT(2) 
PARAMETRIC_REPRESENTATION_CONTEXT() REPRESENTATION_CONTEXT('2D SPACE',''
  ) );
#4136 = PCURVE('',#3342,#4137);
#4137 = DEFINITIONAL_REPRESENTATION('',(#4138),#4146);
#4138 = ( BOUNDED_CURVE() B_SPLINE_CURVE(2,(#4139,#4140,#4141,#4142,
#4143,#4144,#4145),.UNSPECIFIED.,.T.,.F.) B_SPLINE_CURVE_WITH_KNOTS((1,2
    ,2,2,2,1),(-2.094395102393,0.,2.094395102393,4.188790204786,
6.28318530718,8.377580409573),.UNSPECIFIED.) CURVE() 
GEOMETRIC_REPRESENTATION_ITEM() RATIONAL_B_SPLINE_CURVE((1.,0.5,1.,0.5,
1.,0.5,1.)) REPRESENTATION_ITEM('') );
#4139 = CARTESIAN_POINT('',(3.577383710667,-25.5));
#4140 = CARTESIAN_POINT('',(-8.546971942315,-14.37570226935));
#4141 = CARTESIAN_POINT('',(7.149130318175,-9.437851134678));
#4142 = CARTESIAN_POINT('',(22.845232578665,-4.5));
#4143 = CARTESIAN_POINT('',(19.273485971157,-20.56214886532));
#4144 = CARTESIAN_POINT('',(15.70173936365,-36.62429773064));
#4145 = CARTESIAN_POINT('',(3.577383710667,-25.5));
#4146 = ( GEOMETRIC_REPRESENTATION_CONTEXT(2) 
PARAMETRIC_REPRESENTATION_CONTEXT() REPRESENTATION_CONTEXT('2D SPACE',''
  ) );
#4147 = ORIENTED_EDGE('',*,*,#4148,.F.);
#4148 = EDGE_CURVE('',#4149,#4121,#4151,.T.);
#4149 = VERTEX_POINT('',#4150);
#4150 = CARTESIAN_POINT('',(86.422616389333,17.0000001,55.0000001));
#4151 = SURFACE_CURVE('',#4152,(#4156,#4163),.PCURVE_S1.);
#4152 = LINE('',#4153,#4154);
#4153 = CARTESIAN_POINT('',(86.422616389333,17.0000001,34.0000001));
#4154 = VECTOR('',#4155,1.);
#4155 = DIRECTION('',(-0.,-0.,-1.));
#4156 = PCURVE('',#770,#4157);
#4157 = DEFINITIONAL_REPRESENTATION('',(#4158),#4162);
#4158 = LINE('',#4159,#4160);
#4159 = CARTESIAN_POINT('',(-7.111572703954,0.));
#4160 = VECTOR('',#4161,1.);
#4161 = DIRECTION('',(-0.,1.));
#4162 = ( GEOMETRIC_REPRESENTATION_CONTEXT(2) 
PARAMETRIC_REPRESENTATION_CONTEXT() REPRESENTATION_CONTEXT('2D SPACE',''
  ) );
#4163 = PCURVE('',#4164,#4169);
#4164 = PLANE('',#4165);
#4165 = AXIS2_PLACEMENT_3D('',#4166,#4167,#4168);
#4166 = CARTESIAN_POINT('',(80.0000001,17.0000001,34.0000001));
#4167 = DIRECTION('',(0.,1.,0.));
#4168 = DIRECTION('',(0.,0.,1.));
#4169 = DEFINITIONAL_REPRESENTATION('',(#4170),#4174);
#4170 = LINE('',#4171,#4172);
#4171 = CARTESIAN_POINT('',(0.,6.422616289333));
#4172 = VECTOR('',#4173,1.);
#4173 = DIRECTION('',(-1.,0.));
#4174 = ( GEOMETRIC_REPRESENTATION_CONTEXT(2) 
PARAMETRIC_REPRESENTATION_CONTEXT() REPRESENTATION_CONTEXT('2D SPACE',''
  ) );
#4175 = ORIENTED_EDGE('',*,*,#4176,.T.);
#4176 = EDGE_CURVE('',#4149,#3995,#4177,.T.);
#4177 = SURFACE_CURVE('',#4178,(#4183,#4190),.PCURVE_S1.);
#4178 = CIRCLE('',#4179,9.5);
#4179 = AXIS2_PLACEMENT_3D('',#4180,#4181,#4182);
#4180 = CARTESIAN_POINT('',(80.0000001,10.0000001,55.0000001));
#4181 = DIRECTION('',(0.,0.,-1.));
#4182 = DIRECTION('',(1.,0.,0.));
#4183 = PCURVE('',#770,#4184);
#4184 = DEFINITIONAL_REPRESENTATION('',(#4185),#4189);
#4185 = LINE('',#4186,#4187);
#4186 = CARTESIAN_POINT('',(-12.56637061435,-21.));
#4187 = VECTOR('',#4188,1.);
#4188 = DIRECTION('',(1.,-0.));
#4189 = ( GEOMETRIC_REPRESENTATION_CONTEXT(2) 
PARAMETRIC_REPRESENTATION_CONTEXT() REPRESENTATION_CONTEXT('2D SPACE',''
  ) );
#4190 = PCURVE('',#4010,#4191);
#4191 = DEFINITIONAL_REPRESENTATION('',(#4192),#4200);
#4192 = ( BOUNDED_CURVE() B_SPLINE_CURVE(2,(#4193,#4194,#4195,#4196,
#4197,#4198,#4199),.UNSPECIFIED.,.T.,.F.) B_SPLINE_CURVE_WITH_KNOTS((1,2
    ,2,2,2,1),(-2.094395102393,0.,2.094395102393,4.188790204786,
6.28318530718,8.377580409573),.UNSPECIFIED.) CURVE() 
GEOMETRIC_REPRESENTATION_ITEM() RATIONAL_B_SPLINE_CURVE((1.,0.5,1.,0.5,
1.,0.5,1.)) REPRESENTATION_ITEM('') );
#4193 = CARTESIAN_POINT('',(9.5,7.));
#4194 = CARTESIAN_POINT('',(9.5,-9.454482671904));
#4195 = CARTESIAN_POINT('',(-4.75,-1.227241335952));
#4196 = CARTESIAN_POINT('',(-19.,7.));
#4197 = CARTESIAN_POINT('',(-4.75,15.227241335952));
#4198 = CARTESIAN_POINT('',(9.5,23.454482671904));
#4199 = CARTESIAN_POINT('',(9.5,7.));
#4200 = ( GEOMETRIC_REPRESENTATION_CONTEXT(2) 
PARAMETRIC_REPRESENTATION_CONTEXT() REPRESENTATION_CONTEXT('2D SPACE',''
  ) );
#4201 = ORIENTED_EDGE('',*,*,#4022,.F.);
#4202 = ORIENTED_EDGE('',*,*,#753,.T.);
#4203 = ADVANCED_FACE('',(#4204),#884,.T.);
#4204 = FACE_BOUND('',#4205,.F.);
#4205 = EDGE_LOOP('',(#4206,#4234,#4255,#4256));
#4206 = ORIENTED_EDGE('',*,*,#4207,.T.);
#4207 = EDGE_CURVE('',#4049,#4208,#4210,.T.);
#4208 = VERTEX_POINT('',#4209);
#4209 = CARTESIAN_POINT('',(3.0000001,48.791900856452,35.0000001));
#4210 = SURFACE_CURVE('',#4211,(#4216,#4223),.PCURVE_S1.);
#4211 = CIRCLE('',#4212,4.);
#4212 = AXIS2_PLACEMENT_3D('',#4213,#4214,#4215);
#4213 = CARTESIAN_POINT('',(4.5000001,52.5000001,35.0000001));
#4214 = DIRECTION('',(0.,0.,-1.));
#4215 = DIRECTION('',(0.927024810887,0.375,0.));
#4216 = PCURVE('',#884,#4217);
#4217 = DEFINITIONAL_REPRESENTATION('',(#4218),#4222);
#4218 = LINE('',#4219,#4220);
#4219 = CARTESIAN_POINT('',(-6.667582081675,-1.));
#4220 = VECTOR('',#4221,1.);
#4221 = DIRECTION('',(1.,-0.));
#4222 = ( GEOMETRIC_REPRESENTATION_CONTEXT(2) 
PARAMETRIC_REPRESENTATION_CONTEXT() REPRESENTATION_CONTEXT('2D SPACE',''
  ) );
#4223 = PCURVE('',#3342,#4224);
#4224 = DEFINITIONAL_REPRESENTATION('',(#4225),#4233);
#4225 = ( BOUNDED_CURVE() B_SPLINE_CURVE(2,(#4226,#4227,#4228,#4229,
#4230,#4231,#4232),.UNSPECIFIED.,.T.,.F.) B_SPLINE_CURVE_WITH_KNOTS((1,2
    ,2,2,2,1),(-2.094395102393,0.,2.094395102393,4.188790204786,
6.28318530718,8.377580409573),.UNSPECIFIED.) CURVE() 
GEOMETRIC_REPRESENTATION_ITEM() RATIONAL_B_SPLINE_CURVE((1.,0.5,1.,0.5,
1.,0.5,1.)) REPRESENTATION_ITEM('') );
#4226 = CARTESIAN_POINT('',(-61.79190075645,25.5));
#4227 = CARTESIAN_POINT('',(-59.19382454509,19.077383710667));
#4228 = CARTESIAN_POINT('',(-66.05501151609,20.038691855334));
#4229 = CARTESIAN_POINT('',(-72.91619848709,21.));
#4230 = CARTESIAN_POINT('',(-68.65308772745,26.461308144666));
#4231 = CARTESIAN_POINT('',(-64.3899769678,31.922616289333));
#4232 = CARTESIAN_POINT('',(-61.79190075645,25.5));
#4233 = ( GEOMETRIC_REPRESENTATION_CONTEXT(2) 
PARAMETRIC_REPRESENTATION_CONTEXT() REPRESENTATION_CONTEXT('2D SPACE',''
  ) );
#4234 = ORIENTED_EDGE('',*,*,#4235,.F.);
#4235 = EDGE_CURVE('',#840,#4208,#4236,.T.);
#4236 = SURFACE_CURVE('',#4237,(#4241,#4248),.PCURVE_S1.);
#4237 = LINE('',#4238,#4239);
#4238 = CARTESIAN_POINT('',(3.0000001,48.791900856452,34.0000001));
#4239 = VECTOR('',#4240,1.);
#4240 = DIRECTION('',(-0.,-0.,-1.));
#4241 = PCURVE('',#884,#4242);
#4242 = DEFINITIONAL_REPRESENTATION('',(#4243),#4247);
#4243 = LINE('',#4244,#4245);
#4244 = CARTESIAN_POINT('',(-4.327992205889,0.));
#4245 = VECTOR('',#4246,1.);
#4246 = DIRECTION('',(-0.,1.));
#4247 = ( GEOMETRIC_REPRESENTATION_CONTEXT(2) 
PARAMETRIC_REPRESENTATION_CONTEXT() REPRESENTATION_CONTEXT('2D SPACE',''
  ) );
#4248 = PCURVE('',#855,#4249);
#4249 = DEFINITIONAL_REPRESENTATION('',(#4250),#4254);
#4250 = LINE('',#4251,#4252);
#4251 = CARTESIAN_POINT('',(5.208099243548,1.));
#4252 = VECTOR('',#4253,1.);
#4253 = DIRECTION('',(0.,1.));
#4254 = ( GEOMETRIC_REPRESENTATION_CONTEXT(2) 
PARAMETRIC_REPRESENTATION_CONTEXT() REPRESENTATION_CONTEXT('2D SPACE',''
  ) );
#4255 = ORIENTED_EDGE('',*,*,#867,.T.);
#4256 = ORIENTED_EDGE('',*,*,#4073,.T.);
#4257 = ADVANCED_FACE('',(#4258),#798,.T.);
#4258 = FACE_BOUND('',#4259,.T.);
#4259 = EDGE_LOOP('',(#4260,#4283,#4304,#4305));
#4260 = ORIENTED_EDGE('',*,*,#4261,.F.);
#4261 = EDGE_CURVE('',#4262,#4098,#4264,.T.);
#4262 = VERTEX_POINT('',#4263);
#4263 = CARTESIAN_POINT('',(8.208099343548,3.0000001,35.0000001));
#4264 = SURFACE_CURVE('',#4265,(#4269,#4276),.PCURVE_S1.);
#4265 = LINE('',#4266,#4267);
#4266 = CARTESIAN_POINT('',(3.0000001,3.0000001,35.0000001));
#4267 = VECTOR('',#4268,1.);
#4268 = DIRECTION('',(1.,0.,0.));
#4269 = PCURVE('',#798,#4270);
#4270 = DEFINITIONAL_REPRESENTATION('',(#4271),#4275);
#4271 = LINE('',#4272,#4273);
#4272 = CARTESIAN_POINT('',(0.,0.));
#4273 = VECTOR('',#4274,1.);
#4274 = DIRECTION('',(1.,0.));
#4275 = ( GEOMETRIC_REPRESENTATION_CONTEXT(2) 
PARAMETRIC_REPRESENTATION_CONTEXT() REPRESENTATION_CONTEXT('2D SPACE',''
  ) );
#4276 = PCURVE('',#3342,#4277);
#4277 = DEFINITIONAL_REPRESENTATION('',(#4278),#4282);
#4278 = LINE('',#4279,#4280);
#4279 = CARTESIAN_POINT('',(-67.,-25.5));
#4280 = VECTOR('',#4281,1.);
#4281 = DIRECTION('',(1.,0.));
#4282 = ( GEOMETRIC_REPRESENTATION_CONTEXT(2) 
PARAMETRIC_REPRESENTATION_CONTEXT() REPRESENTATION_CONTEXT('2D SPACE',''
  ) );
#4283 = ORIENTED_EDGE('',*,*,#4284,.F.);
#4284 = EDGE_CURVE('',#783,#4262,#4285,.T.);
#4285 = SURFACE_CURVE('',#4286,(#4290,#4297),.PCURVE_S1.);
#4286 = LINE('',#4287,#4288);
#4287 = CARTESIAN_POINT('',(8.208099343548,3.0000001,34.0000001));
#4288 = VECTOR('',#4289,1.);
#4289 = DIRECTION('',(-0.,-0.,-1.));
#4290 = PCURVE('',#798,#4291);
#4291 = DEFINITIONAL_REPRESENTATION('',(#4292),#4296);
#4292 = LINE('',#4293,#4294);
#4293 = CARTESIAN_POINT('',(5.208099243548,1.));
#4294 = VECTOR('',#4295,1.);
#4295 = DIRECTION('',(0.,1.));
#4296 = ( GEOMETRIC_REPRESENTATION_CONTEXT(2) 
PARAMETRIC_REPRESENTATION_CONTEXT() REPRESENTATION_CONTEXT('2D SPACE',''
  ) );
#4297 = PCURVE('',#827,#4298);
#4298 = DEFINITIONAL_REPRESENTATION('',(#4299),#4303);
#4299 = LINE('',#4300,#4301);
#4300 = CARTESIAN_POINT('',(-5.898788532684,0.));
#4301 = VECTOR('',#4302,1.);
#4302 = DIRECTION('',(-0.,1.));
#4303 = ( GEOMETRIC_REPRESENTATION_CONTEXT(2) 
PARAMETRIC_REPRESENTATION_CONTEXT() REPRESENTATION_CONTEXT('2D SPACE',''
  ) );
#4304 = ORIENTED_EDGE('',*,*,#782,.F.);
#4305 = ORIENTED_EDGE('',*,*,#4097,.T.);
#4306 = ADVANCED_FACE('',(#4307),#855,.T.);
#4307 = FACE_BOUND('',#4308,.T.);
#4308 = EDGE_LOOP('',(#4309,#4332,#4333,#4334));
#4309 = ORIENTED_EDGE('',*,*,#4310,.F.);
#4310 = EDGE_CURVE('',#4208,#4311,#4313,.T.);
#4311 = VERTEX_POINT('',#4312);
#4312 = CARTESIAN_POINT('',(3.0000001,8.208099343548,35.0000001));
#4313 = SURFACE_CURVE('',#4314,(#4318,#4325),.PCURVE_S1.);
#4314 = LINE('',#4315,#4316);
#4315 = CARTESIAN_POINT('',(3.0000001,54.0000001,35.0000001));
#4316 = VECTOR('',#4317,1.);
#4317 = DIRECTION('',(0.,-1.,0.));
#4318 = PCURVE('',#855,#4319);
#4319 = DEFINITIONAL_REPRESENTATION('',(#4320),#4324);
#4320 = LINE('',#4321,#4322);
#4321 = CARTESIAN_POINT('',(0.,0.));
#4322 = VECTOR('',#4323,1.);
#4323 = DIRECTION('',(1.,0.));
#4324 = ( GEOMETRIC_REPRESENTATION_CONTEXT(2) 
PARAMETRIC_REPRESENTATION_CONTEXT() REPRESENTATION_CONTEXT('2D SPACE',''
  ) );
#4325 = PCURVE('',#3342,#4326);
#4326 = DEFINITIONAL_REPRESENTATION('',(#4327),#4331);
#4327 = LINE('',#4328,#4329);
#4328 = CARTESIAN_POINT('',(-67.,25.5));
#4329 = VECTOR('',#4330,1.);
#4330 = DIRECTION('',(0.,-1.));
#4331 = ( GEOMETRIC_REPRESENTATION_CONTEXT(2) 
PARAMETRIC_REPRESENTATION_CONTEXT() REPRESENTATION_CONTEXT('2D SPACE',''
  ) );
#4332 = ORIENTED_EDGE('',*,*,#4235,.F.);
#4333 = ORIENTED_EDGE('',*,*,#839,.F.);
#4334 = ORIENTED_EDGE('',*,*,#4335,.T.);
#4335 = EDGE_CURVE('',#811,#4311,#4336,.T.);
#4336 = SURFACE_CURVE('',#4337,(#4341,#4348),.PCURVE_S1.);
#4337 = LINE('',#4338,#4339);
#4338 = CARTESIAN_POINT('',(3.0000001,8.208099343548,34.0000001));
#4339 = VECTOR('',#4340,1.);
#4340 = DIRECTION('',(-0.,-0.,-1.));
#4341 = PCURVE('',#855,#4342);
#4342 = DEFINITIONAL_REPRESENTATION('',(#4343),#4347);
#4343 = LINE('',#4344,#4345);
#4344 = CARTESIAN_POINT('',(45.791900756452,1.));
#4345 = VECTOR('',#4346,1.);
#4346 = DIRECTION('',(0.,1.));
#4347 = ( GEOMETRIC_REPRESENTATION_CONTEXT(2) 
PARAMETRIC_REPRESENTATION_CONTEXT() REPRESENTATION_CONTEXT('2D SPACE',''
  ) );
#4348 = PCURVE('',#827,#4349);
#4349 = DEFINITIONAL_REPRESENTATION('',(#4350),#4354);
#4350 = LINE('',#4351,#4352);
#4351 = CARTESIAN_POINT('',(-8.23837840847,0.));
#4352 = VECTOR('',#4353,1.);
#4353 = DIRECTION('',(-0.,1.));
#4354 = ( GEOMETRIC_REPRESENTATION_CONTEXT(2) 
PARAMETRIC_REPRESENTATION_CONTEXT() REPRESENTATION_CONTEXT('2D SPACE',''
  ) );
#4355 = ADVANCED_FACE('',(#4356),#827,.T.);
#4356 = FACE_BOUND('',#4357,.F.);
#4357 = EDGE_LOOP('',(#4358,#4384,#4385,#4386));
#4358 = ORIENTED_EDGE('',*,*,#4359,.T.);
#4359 = EDGE_CURVE('',#4311,#4262,#4360,.T.);
#4360 = SURFACE_CURVE('',#4361,(#4366,#4373),.PCURVE_S1.);
#4361 = CIRCLE('',#4362,4.);
#4362 = AXIS2_PLACEMENT_3D('',#4363,#4364,#4365);
#4363 = CARTESIAN_POINT('',(4.5000001,4.5000001,35.0000001));
#4364 = DIRECTION('',(0.,0.,-1.));
#4365 = DIRECTION('',(-0.375,0.927024810887,0.));
#4366 = PCURVE('',#827,#4367);
#4367 = DEFINITIONAL_REPRESENTATION('',(#4368),#4372);
#4368 = LINE('',#4369,#4370);
#4369 = CARTESIAN_POINT('',(-8.23837840847,-1.));
#4370 = VECTOR('',#4371,1.);
#4371 = DIRECTION('',(1.,-0.));
#4372 = ( GEOMETRIC_REPRESENTATION_CONTEXT(2) 
PARAMETRIC_REPRESENTATION_CONTEXT() REPRESENTATION_CONTEXT('2D SPACE',''
  ) );
#4373 = PCURVE('',#3342,#4374);
#4374 = DEFINITIONAL_REPRESENTATION('',(#4375),#4383);
#4375 = ( BOUNDED_CURVE() B_SPLINE_CURVE(2,(#4376,#4377,#4378,#4379,
#4380,#4381,#4382),.UNSPECIFIED.,.T.,.F.) B_SPLINE_CURVE_WITH_KNOTS((1,2
    ,2,2,2,1),(-2.094395102393,0.,2.094395102393,4.188790204786,
6.28318530718,8.377580409573),.UNSPECIFIED.) CURVE() 
GEOMETRIC_REPRESENTATION_ITEM() RATIONAL_B_SPLINE_CURVE((1.,0.5,1.,0.5,
1.,0.5,1.)) REPRESENTATION_ITEM('') );
#4376 = CARTESIAN_POINT('',(-67.,-20.29190075645));
#4377 = CARTESIAN_POINT('',(-60.57738371066,-17.69382454509));
#4378 = CARTESIAN_POINT('',(-61.53869185533,-24.55501151609));
#4379 = CARTESIAN_POINT('',(-62.5,-31.41619848709));
#4380 = CARTESIAN_POINT('',(-67.96130814466,-27.15308772745));
#4381 = CARTESIAN_POINT('',(-73.42261628933,-22.8899769678));
#4382 = CARTESIAN_POINT('',(-67.,-20.29190075645));
#4383 = ( GEOMETRIC_REPRESENTATION_CONTEXT(2) 
PARAMETRIC_REPRESENTATION_CONTEXT() REPRESENTATION_CONTEXT('2D SPACE',''
  ) );
#4384 = ORIENTED_EDGE('',*,*,#4284,.F.);
#4385 = ORIENTED_EDGE('',*,*,#810,.T.);
#4386 = ORIENTED_EDGE('',*,*,#4335,.T.);
#4387 = ADVANCED_FACE('',(#4388),#1002,.F.);
#4388 = FACE_BOUND('',#4389,.T.);
#4389 = EDGE_LOOP('',(#4390,#4419,#4440,#4441));
#4390 = ORIENTED_EDGE('',*,*,#4391,.F.);
#4391 = EDGE_CURVE('',#4392,#4392,#4394,.T.);
#4392 = VERTEX_POINT('',#4393);
#4393 = CARTESIAN_POINT('',(96.2500001,52.5000001,53.0000001));
#4394 = SURFACE_CURVE('',#4395,(#4400,#4407),.PCURVE_S1.);
#4395 = CIRCLE('',#4396,1.25);
#4396 = AXIS2_PLACEMENT_3D('',#4397,#4398,#4399);
#4397 = CARTESIAN_POINT('',(95.0000001,52.5000001,53.0000001));
#4398 = DIRECTION('',(0.,0.,1.));
#4399 = DIRECTION('',(1.,0.,0.));
#4400 = PCURVE('',#1002,#4401);
#4401 = DEFINITIONAL_REPRESENTATION('',(#4402),#4406);
#4402 = LINE('',#4403,#4404);
#4403 = CARTESIAN_POINT('',(-0.,0.));
#4404 = VECTOR('',#4405,1.);
#4405 = DIRECTION('',(-1.,0.));
#4406 = ( GEOMETRIC_REPRESENTATION_CONTEXT(2) 
PARAMETRIC_REPRESENTATION_CONTEXT() REPRESENTATION_CONTEXT('2D SPACE',''
  ) );
#4407 = PCURVE('',#4408,#4413);
#4408 = PLANE('',#4409);
#4409 = AXIS2_PLACEMENT_3D('',#4410,#4411,#4412);
#4410 = CARTESIAN_POINT('',(95.0000001,52.5000001,53.0000001));
#4411 = DIRECTION('',(0.,0.,1.));
#4412 = DIRECTION('',(1.,0.,0.));
#4413 = DEFINITIONAL_REPRESENTATION('',(#4414),#4418);
#4414 = CIRCLE('',#4415,1.25);
#4415 = AXIS2_PLACEMENT_2D('',#4416,#4417);
#4416 = CARTESIAN_POINT('',(0.,-7.105427357601E-15));
#4417 = DIRECTION('',(1.,0.));
#4418 = ( GEOMETRIC_REPRESENTATION_CONTEXT(2) 
PARAMETRIC_REPRESENTATION_CONTEXT() REPRESENTATION_CONTEXT('2D SPACE',''
  ) );
#4419 = ORIENTED_EDGE('',*,*,#4420,.T.);
#4420 = EDGE_CURVE('',#4392,#982,#4421,.T.);
#4421 = SEAM_CURVE('',#4422,(#4426,#4433),.PCURVE_S1.);
#4422 = LINE('',#4423,#4424);
#4423 = CARTESIAN_POINT('',(96.2500001,52.5000001,53.0000001));
#4424 = VECTOR('',#4425,1.);
#4425 = DIRECTION('',(0.,0.,1.));
#4426 = PCURVE('',#1002,#4427);
#4427 = DEFINITIONAL_REPRESENTATION('',(#4428),#4432);
#4428 = LINE('',#4429,#4430);
#4429 = CARTESIAN_POINT('',(-6.28318530718,0.));
#4430 = VECTOR('',#4431,1.);
#4431 = DIRECTION('',(-0.,-1.));
#4432 = ( GEOMETRIC_REPRESENTATION_CONTEXT(2) 
PARAMETRIC_REPRESENTATION_CONTEXT() REPRESENTATION_CONTEXT('2D SPACE',''
  ) );
#4433 = PCURVE('',#1002,#4434);
#4434 = DEFINITIONAL_REPRESENTATION('',(#4435),#4439);
#4435 = LINE('',#4436,#4437);
#4436 = CARTESIAN_POINT('',(-0.,0.));
#4437 = VECTOR('',#4438,1.);
#4438 = DIRECTION('',(-0.,-1.));
#4439 = ( GEOMETRIC_REPRESENTATION_CONTEXT(2) 
PARAMETRIC_REPRESENTATION_CONTEXT() REPRESENTATION_CONTEXT('2D SPACE',''
  ) );
#4440 = ORIENTED_EDGE('',*,*,#981,.F.);
#4441 = ORIENTED_EDGE('',*,*,#4420,.F.);
#4442 = ADVANCED_FACE('',(#4443),#1278,.F.);
#4443 = FACE_BOUND('',#4444,.F.);
#4444 = EDGE_LOOP('',(#4445,#4446,#4469,#4496));
#4445 = ORIENTED_EDGE('',*,*,#1168,.F.);
#4446 = ORIENTED_EDGE('',*,*,#4447,.T.);
#4447 = EDGE_CURVE('',#1169,#4448,#4450,.T.);
#4448 = VERTEX_POINT('',#4449);
#4449 = CARTESIAN_POINT('',(126.2500001,55.5000001,5.0000001));
#4450 = SEAM_CURVE('',#4451,(#4455,#4462),.PCURVE_S1.);
#4451 = LINE('',#4452,#4453);
#4452 = CARTESIAN_POINT('',(126.2500001,44.0000001,5.0000001));
#4453 = VECTOR('',#4454,1.);
#4454 = DIRECTION('',(0.,1.,0.));
#4455 = PCURVE('',#1278,#4456);
#4456 = DEFINITIONAL_REPRESENTATION('',(#4457),#4461);
#4457 = LINE('',#4458,#4459);
#4458 = CARTESIAN_POINT('',(6.28318530718,0.));
#4459 = VECTOR('',#4460,1.);
#4460 = DIRECTION('',(0.,-1.));
#4461 = ( GEOMETRIC_REPRESENTATION_CONTEXT(2) 
PARAMETRIC_REPRESENTATION_CONTEXT() REPRESENTATION_CONTEXT('2D SPACE',''
  ) );
#4462 = PCURVE('',#1278,#4463);
#4463 = DEFINITIONAL_REPRESENTATION('',(#4464),#4468);
#4464 = LINE('',#4465,#4466);
#4465 = CARTESIAN_POINT('',(0.,0.));
#4466 = VECTOR('',#4467,1.);
#4467 = DIRECTION('',(0.,-1.));
#4468 = ( GEOMETRIC_REPRESENTATION_CONTEXT(2) 
PARAMETRIC_REPRESENTATION_CONTEXT() REPRESENTATION_CONTEXT('2D SPACE',''
  ) );
#4469 = ORIENTED_EDGE('',*,*,#4470,.T.);
#4470 = EDGE_CURVE('',#4448,#4448,#4471,.T.);
#4471 = SURFACE_CURVE('',#4472,(#4477,#4484),.PCURVE_S1.);
#4472 = CIRCLE('',#4473,1.25);
#4473 = AXIS2_PLACEMENT_3D('',#4474,#4475,#4476);
#4474 = CARTESIAN_POINT('',(125.0000001,55.5000001,5.0000001));
#4475 = DIRECTION('',(0.,-1.,0.));
#4476 = DIRECTION('',(1.,0.,0.));
#4477 = PCURVE('',#1278,#4478);
#4478 = DEFINITIONAL_REPRESENTATION('',(#4479),#4483);
#4479 = LINE('',#4480,#4481);
#4480 = CARTESIAN_POINT('',(0.,-11.5));
#4481 = VECTOR('',#4482,1.);
#4482 = DIRECTION('',(1.,0.));
#4483 = ( GEOMETRIC_REPRESENTATION_CONTEXT(2) 
PARAMETRIC_REPRESENTATION_CONTEXT() REPRESENTATION_CONTEXT('2D SPACE',''
  ) );
#4484 = PCURVE('',#4485,#4490);
#4485 = PLANE('',#4486);
#4486 = AXIS2_PLACEMENT_3D('',#4487,#4488,#4489);
#4487 = CARTESIAN_POINT('',(125.0000001,55.5000001,5.0000001));
#4488 = DIRECTION('',(-0.,-1.,-0.));
#4489 = DIRECTION('',(0.,0.,-1.));
#4490 = DEFINITIONAL_REPRESENTATION('',(#4491),#4495);
#4491 = CIRCLE('',#4492,1.25);
#4492 = AXIS2_PLACEMENT_2D('',#4493,#4494);
#4493 = CARTESIAN_POINT('',(0.,0.));
#4494 = DIRECTION('',(0.,1.));
#4495 = ( GEOMETRIC_REPRESENTATION_CONTEXT(2) 
PARAMETRIC_REPRESENTATION_CONTEXT() REPRESENTATION_CONTEXT('2D SPACE',''
  ) );
#4496 = ORIENTED_EDGE('',*,*,#4447,.F.);
#4497 = ADVANCED_FACE('',(#4498),#1449,.F.);
#4498 = FACE_BOUND('',#4499,.T.);
#4499 = EDGE_LOOP('',(#4500,#4501,#4524,#4551));
#4500 = ORIENTED_EDGE('',*,*,#1339,.F.);
#4501 = ORIENTED_EDGE('',*,*,#4502,.T.);
#4502 = EDGE_CURVE('',#1340,#4503,#4505,.T.);
#4503 = VERTEX_POINT('',#4504);
#4504 = CARTESIAN_POINT('',(126.2500001,20.0000001,34.0000001));
#4505 = SEAM_CURVE('',#4506,(#4510,#4517),.PCURVE_S1.);
#4506 = LINE('',#4507,#4508);
#4507 = CARTESIAN_POINT('',(126.2500001,20.0000001,22.0000001));
#4508 = VECTOR('',#4509,1.);
#4509 = DIRECTION('',(0.,0.,1.));
#4510 = PCURVE('',#1449,#4511);
#4511 = DEFINITIONAL_REPRESENTATION('',(#4512),#4516);
#4512 = LINE('',#4513,#4514);
#4513 = CARTESIAN_POINT('',(-6.28318530718,0.));
#4514 = VECTOR('',#4515,1.);
#4515 = DIRECTION('',(-0.,-1.));
#4516 = ( GEOMETRIC_REPRESENTATION_CONTEXT(2) 
PARAMETRIC_REPRESENTATION_CONTEXT() REPRESENTATION_CONTEXT('2D SPACE',''
  ) );
#4517 = PCURVE('',#1449,#4518);
#4518 = DEFINITIONAL_REPRESENTATION('',(#4519),#4523);
#4519 = LINE('',#4520,#4521);
#4520 = CARTESIAN_POINT('',(-0.,0.));
#4521 = VECTOR('',#4522,1.);
#4522 = DIRECTION('',(-0.,-1.));
#4523 = ( GEOMETRIC_REPRESENTATION_CONTEXT(2) 
PARAMETRIC_REPRESENTATION_CONTEXT() REPRESENTATION_CONTEXT('2D SPACE',''
  ) );
#4524 = ORIENTED_EDGE('',*,*,#4525,.T.);
#4525 = EDGE_CURVE('',#4503,#4503,#4526,.T.);
#4526 = SURFACE_CURVE('',#4527,(#4532,#4539),.PCURVE_S1.);
#4527 = CIRCLE('',#4528,1.25);
#4528 = AXIS2_PLACEMENT_3D('',#4529,#4530,#4531);
#4529 = CARTESIAN_POINT('',(125.0000001,20.0000001,34.0000001));
#4530 = DIRECTION('',(0.,0.,1.));
#4531 = DIRECTION('',(1.,0.,0.));
#4532 = PCURVE('',#1449,#4533);
#4533 = DEFINITIONAL_REPRESENTATION('',(#4534),#4538);
#4534 = LINE('',#4535,#4536);
#4535 = CARTESIAN_POINT('',(-0.,-12.));
#4536 = VECTOR('',#4537,1.);
#4537 = DIRECTION('',(-1.,0.));
#4538 = ( GEOMETRIC_REPRESENTATION_CONTEXT(2) 
PARAMETRIC_REPRESENTATION_CONTEXT() REPRESENTATION_CONTEXT('2D SPACE',''
  ) );
#4539 = PCURVE('',#4540,#4545);
#4540 = PLANE('',#4541);
#4541 = AXIS2_PLACEMENT_3D('',#4542,#4543,#4544);
#4542 = CARTESIAN_POINT('',(125.0000001,20.0000001,34.0000001));
#4543 = DIRECTION('',(0.,0.,1.));
#4544 = DIRECTION('',(1.,0.,0.));
#4545 = DEFINITIONAL_REPRESENTATION('',(#4546),#4550);
#4546 = CIRCLE('',#4547,1.25);
#4547 = AXIS2_PLACEMENT_2D('',#4548,#4549);
#4548 = CARTESIAN_POINT('',(0.,0.));
#4549 = DIRECTION('',(1.,0.));
#4550 = ( GEOMETRIC_REPRESENTATION_CONTEXT(2) 
PARAMETRIC_REPRESENTATION_CONTEXT() REPRESENTATION_CONTEXT('2D SPACE',''
  ) );
#4551 = ORIENTED_EDGE('',*,*,#4502,.F.);
#4552 = ADVANCED_FACE('',(#4553),#1620,.F.);
#4553 = FACE_BOUND('',#4554,.F.);
#4554 = EDGE_LOOP('',(#4555,#4556,#4579,#4606));
#4555 = ORIENTED_EDGE('',*,*,#1510,.F.);
#4556 = ORIENTED_EDGE('',*,*,#4557,.T.);
#4557 = EDGE_CURVE('',#1511,#4558,#4560,.T.);
#4558 = VERTEX_POINT('',#4559);
#4559 = CARTESIAN_POINT('',(66.2500001,55.5000001,5.0000001));
#4560 = SEAM_CURVE('',#4561,(#4565,#4572),.PCURVE_S1.);
#4561 = LINE('',#4562,#4563);
#4562 = CARTESIAN_POINT('',(66.2500001,44.0000001,5.0000001));
#4563 = VECTOR('',#4564,1.);
#4564 = DIRECTION('',(0.,1.,0.));
#4565 = PCURVE('',#1620,#4566);
#4566 = DEFINITIONAL_REPRESENTATION('',(#4567),#4571);
#4567 = LINE('',#4568,#4569);
#4568 = CARTESIAN_POINT('',(6.28318530718,0.));
#4569 = VECTOR('',#4570,1.);
#4570 = DIRECTION('',(0.,-1.));
#4571 = ( GEOMETRIC_REPRESENTATION_CONTEXT(2) 
PARAMETRIC_REPRESENTATION_CONTEXT() REPRESENTATION_CONTEXT('2D SPACE',''
  ) );
#4572 = PCURVE('',#1620,#4573);
#4573 = DEFINITIONAL_REPRESENTATION('',(#4574),#4578);
#4574 = LINE('',#4575,#4576);
#4575 = CARTESIAN_POINT('',(0.,0.));
#4576 = VECTOR('',#4577,1.);
#4577 = DIRECTION('',(0.,-1.));
#4578 = ( GEOMETRIC_REPRESENTATION_CONTEXT(2) 
PARAMETRIC_REPRESENTATION_CONTEXT() REPRESENTATION_CONTEXT('2D SPACE',''
  ) );
#4579 = ORIENTED_EDGE('',*,*,#4580,.T.);
#4580 = EDGE_CURVE('',#4558,#4558,#4581,.T.);
#4581 = SURFACE_CURVE('',#4582,(#4587,#4594),.PCURVE_S1.);
#4582 = CIRCLE('',#4583,1.25);
#4583 = AXIS2_PLACEMENT_3D('',#4584,#4585,#4586);
#4584 = CARTESIAN_POINT('',(65.0000001,55.5000001,5.0000001));
#4585 = DIRECTION('',(0.,-1.,0.));
#4586 = DIRECTION('',(1.,0.,0.));
#4587 = PCURVE('',#1620,#4588);
#4588 = DEFINITIONAL_REPRESENTATION('',(#4589),#4593);
#4589 = LINE('',#4590,#4591);
#4590 = CARTESIAN_POINT('',(0.,-11.5));
#4591 = VECTOR('',#4592,1.);
#4592 = DIRECTION('',(1.,0.));
#4593 = ( GEOMETRIC_REPRESENTATION_CONTEXT(2) 
PARAMETRIC_REPRESENTATION_CONTEXT() REPRESENTATION_CONTEXT('2D SPACE',''
  ) );
#4594 = PCURVE('',#4595,#4600);
#4595 = PLANE('',#4596);
#4596 = AXIS2_PLACEMENT_3D('',#4597,#4598,#4599);
#4597 = CARTESIAN_POINT('',(65.0000001,55.5000001,5.0000001));
#4598 = DIRECTION('',(-0.,-1.,-0.));
#4599 = DIRECTION('',(0.,0.,-1.));
#4600 = DEFINITIONAL_REPRESENTATION('',(#4601),#4605);
#4601 = CIRCLE('',#4602,1.25);
#4602 = AXIS2_PLACEMENT_2D('',#4603,#4604);
#4603 = CARTESIAN_POINT('',(0.,0.));
#4604 = DIRECTION('',(0.,1.));
#4605 = ( GEOMETRIC_REPRESENTATION_CONTEXT(2) 
PARAMETRIC_REPRESENTATION_CONTEXT() REPRESENTATION_CONTEXT('2D SPACE',''
  ) );
#4606 = ORIENTED_EDGE('',*,*,#4557,.F.);
#4607 = ADVANCED_FACE('',(#4608),#1791,.F.);
#4608 = FACE_BOUND('',#4609,.F.);
#4609 = EDGE_LOOP('',(#4610,#4611,#4634,#4661));
#4610 = ORIENTED_EDGE('',*,*,#1681,.F.);
#4611 = ORIENTED_EDGE('',*,*,#4612,.T.);
#4612 = EDGE_CURVE('',#1682,#4613,#4615,.T.);
#4613 = VERTEX_POINT('',#4614);
#4614 = CARTESIAN_POINT('',(16.2500001,55.5000001,5.0000001));
#4615 = SEAM_CURVE('',#4616,(#4620,#4627),.PCURVE_S1.);
#4616 = LINE('',#4617,#4618);
#4617 = CARTESIAN_POINT('',(16.2500001,44.0000001,5.0000001));
#4618 = VECTOR('',#4619,1.);
#4619 = DIRECTION('',(0.,1.,0.));
#4620 = PCURVE('',#1791,#4621);
#4621 = DEFINITIONAL_REPRESENTATION('',(#4622),#4626);
#4622 = LINE('',#4623,#4624);
#4623 = CARTESIAN_POINT('',(6.28318530718,0.));
#4624 = VECTOR('',#4625,1.);
#4625 = DIRECTION('',(0.,-1.));
#4626 = ( GEOMETRIC_REPRESENTATION_CONTEXT(2) 
PARAMETRIC_REPRESENTATION_CONTEXT() REPRESENTATION_CONTEXT('2D SPACE',''
  ) );
#4627 = PCURVE('',#1791,#4628);
#4628 = DEFINITIONAL_REPRESENTATION('',(#4629),#4633);
#4629 = LINE('',#4630,#4631);
#4630 = CARTESIAN_POINT('',(0.,0.));
#4631 = VECTOR('',#4632,1.);
#4632 = DIRECTION('',(0.,-1.));
#4633 = ( GEOMETRIC_REPRESENTATION_CONTEXT(2) 
PARAMETRIC_REPRESENTATION_CONTEXT() REPRESENTATION_CONTEXT('2D SPACE',''
  ) );
#4634 = ORIENTED_EDGE('',*,*,#4635,.T.);
#4635 = EDGE_CURVE('',#4613,#4613,#4636,.T.);
#4636 = SURFACE_CURVE('',#4637,(#4642,#4649),.PCURVE_S1.);
#4637 = CIRCLE('',#4638,1.25);
#4638 = AXIS2_PLACEMENT_3D('',#4639,#4640,#4641);
#4639 = CARTESIAN_POINT('',(15.0000001,55.5000001,5.0000001));
#4640 = DIRECTION('',(0.,-1.,0.));
#4641 = DIRECTION('',(1.,0.,0.));
#4642 = PCURVE('',#1791,#4643);
#4643 = DEFINITIONAL_REPRESENTATION('',(#4644),#4648);
#4644 = LINE('',#4645,#4646);
#4645 = CARTESIAN_POINT('',(0.,-11.5));
#4646 = VECTOR('',#4647,1.);
#4647 = DIRECTION('',(1.,0.));
#4648 = ( GEOMETRIC_REPRESENTATION_CONTEXT(2) 
PARAMETRIC_REPRESENTATION_CONTEXT() REPRESENTATION_CONTEXT('2D SPACE',''
  ) );
#4649 = PCURVE('',#4650,#4655);
#4650 = PLANE('',#4651);
#4651 = AXIS2_PLACEMENT_3D('',#4652,#4653,#4654);
#4652 = CARTESIAN_POINT('',(15.0000001,55.5000001,5.0000001));
#4653 = DIRECTION('',(-0.,-1.,-0.));
#4654 = DIRECTION('',(0.,0.,-1.));
#4655 = DEFINITIONAL_REPRESENTATION('',(#4656),#4660);
#4656 = CIRCLE('',#4657,1.25);
#4657 = AXIS2_PLACEMENT_2D('',#4658,#4659);
#4658 = CARTESIAN_POINT('',(0.,-3.552713678801E-15));
#4659 = DIRECTION('',(0.,1.));
#4660 = ( GEOMETRIC_REPRESENTATION_CONTEXT(2) 
PARAMETRIC_REPRESENTATION_CONTEXT() REPRESENTATION_CONTEXT('2D SPACE',''
  ) );
#4661 = ORIENTED_EDGE('',*,*,#4612,.F.);
#4662 = ADVANCED_FACE('',(#4663),#1962,.F.);
#4663 = FACE_BOUND('',#4664,.T.);
#4664 = EDGE_LOOP('',(#4665,#4666,#4689,#4716));
#4665 = ORIENTED_EDGE('',*,*,#1852,.F.);
#4666 = ORIENTED_EDGE('',*,*,#4667,.T.);
#4667 = EDGE_CURVE('',#1853,#4668,#4670,.T.);
#4668 = VERTEX_POINT('',#4669);
#4669 = CARTESIAN_POINT('',(66.2500001,20.0000001,34.0000001));
#4670 = SEAM_CURVE('',#4671,(#4675,#4682),.PCURVE_S1.);
#4671 = LINE('',#4672,#4673);
#4672 = CARTESIAN_POINT('',(66.2500001,20.0000001,22.0000001));
#4673 = VECTOR('',#4674,1.);
#4674 = DIRECTION('',(0.,0.,1.));
#4675 = PCURVE('',#1962,#4676);
#4676 = DEFINITIONAL_REPRESENTATION('',(#4677),#4681);
#4677 = LINE('',#4678,#4679);
#4678 = CARTESIAN_POINT('',(-6.28318530718,0.));
#4679 = VECTOR('',#4680,1.);
#4680 = DIRECTION('',(-0.,-1.));
#4681 = ( GEOMETRIC_REPRESENTATION_CONTEXT(2) 
PARAMETRIC_REPRESENTATION_CONTEXT() REPRESENTATION_CONTEXT('2D SPACE',''
  ) );
#4682 = PCURVE('',#1962,#4683);
#4683 = DEFINITIONAL_REPRESENTATION('',(#4684),#4688);
#4684 = LINE('',#4685,#4686);
#4685 = CARTESIAN_POINT('',(-0.,0.));
#4686 = VECTOR('',#4687,1.);
#4687 = DIRECTION('',(-0.,-1.));
#4688 = ( GEOMETRIC_REPRESENTATION_CONTEXT(2) 
PARAMETRIC_REPRESENTATION_CONTEXT() REPRESENTATION_CONTEXT('2D SPACE',''
  ) );
#4689 = ORIENTED_EDGE('',*,*,#4690,.T.);
#4690 = EDGE_CURVE('',#4668,#4668,#4691,.T.);
#4691 = SURFACE_CURVE('',#4692,(#4697,#4704),.PCURVE_S1.);
#4692 = CIRCLE('',#4693,1.25);
#4693 = AXIS2_PLACEMENT_3D('',#4694,#4695,#4696);
#4694 = CARTESIAN_POINT('',(65.0000001,20.0000001,34.0000001));
#4695 = DIRECTION('',(0.,0.,1.));
#4696 = DIRECTION('',(1.,0.,0.));
#4697 = PCURVE('',#1962,#4698);
#4698 = DEFINITIONAL_REPRESENTATION('',(#4699),#4703);
#4699 = LINE('',#4700,#4701);
#4700 = CARTESIAN_POINT('',(-0.,-12.));
#4701 = VECTOR('',#4702,1.);
#4702 = DIRECTION('',(-1.,0.));
#4703 = ( GEOMETRIC_REPRESENTATION_CONTEXT(2) 
PARAMETRIC_REPRESENTATION_CONTEXT() REPRESENTATION_CONTEXT('2D SPACE',''
  ) );
#4704 = PCURVE('',#4705,#4710);
#4705 = PLANE('',#4706);
#4706 = AXIS2_PLACEMENT_3D('',#4707,#4708,#4709);
#4707 = CARTESIAN_POINT('',(65.0000001,20.0000001,34.0000001));
#4708 = DIRECTION('',(0.,0.,1.));
#4709 = DIRECTION('',(1.,0.,0.));
#4710 = DEFINITIONAL_REPRESENTATION('',(#4711),#4715);
#4711 = CIRCLE('',#4712,1.25);
#4712 = AXIS2_PLACEMENT_2D('',#4713,#4714);
#4713 = CARTESIAN_POINT('',(0.,0.));
#4714 = DIRECTION('',(1.,0.));
#4715 = ( GEOMETRIC_REPRESENTATION_CONTEXT(2) 
PARAMETRIC_REPRESENTATION_CONTEXT() REPRESENTATION_CONTEXT('2D SPACE',''
  ) );
#4716 = ORIENTED_EDGE('',*,*,#4667,.F.);
#4717 = ADVANCED_FACE('',(#4718),#2133,.F.);
#4718 = FACE_BOUND('',#4719,.T.);
#4719 = EDGE_LOOP('',(#4720,#4721,#4744,#4771));
#4720 = ORIENTED_EDGE('',*,*,#2023,.F.);
#4721 = ORIENTED_EDGE('',*,*,#4722,.T.);
#4722 = EDGE_CURVE('',#2024,#4723,#4725,.T.);
#4723 = VERTEX_POINT('',#4724);
#4724 = CARTESIAN_POINT('',(16.2500001,20.0000001,34.0000001));
#4725 = SEAM_CURVE('',#4726,(#4730,#4737),.PCURVE_S1.);
#4726 = LINE('',#4727,#4728);
#4727 = CARTESIAN_POINT('',(16.2500001,20.0000001,22.0000001));
#4728 = VECTOR('',#4729,1.);
#4729 = DIRECTION('',(0.,0.,1.));
#4730 = PCURVE('',#2133,#4731);
#4731 = DEFINITIONAL_REPRESENTATION('',(#4732),#4736);
#4732 = LINE('',#4733,#4734);
#4733 = CARTESIAN_POINT('',(-6.28318530718,0.));
#4734 = VECTOR('',#4735,1.);
#4735 = DIRECTION('',(-0.,-1.));
#4736 = ( GEOMETRIC_REPRESENTATION_CONTEXT(2) 
PARAMETRIC_REPRESENTATION_CONTEXT() REPRESENTATION_CONTEXT('2D SPACE',''
  ) );
#4737 = PCURVE('',#2133,#4738);
#4738 = DEFINITIONAL_REPRESENTATION('',(#4739),#4743);
#4739 = LINE('',#4740,#4741);
#4740 = CARTESIAN_POINT('',(-0.,0.));
#4741 = VECTOR('',#4742,1.);
#4742 = DIRECTION('',(-0.,-1.));
#4743 = ( GEOMETRIC_REPRESENTATION_CONTEXT(2) 
PARAMETRIC_REPRESENTATION_CONTEXT() REPRESENTATION_CONTEXT('2D SPACE',''
  ) );
#4744 = ORIENTED_EDGE('',*,*,#4745,.T.);
#4745 = EDGE_CURVE('',#4723,#4723,#4746,.T.);
#4746 = SURFACE_CURVE('',#4747,(#4752,#4759),.PCURVE_S1.);
#4747 = CIRCLE('',#4748,1.25);
#4748 = AXIS2_PLACEMENT_3D('',#4749,#4750,#4751);
#4749 = CARTESIAN_POINT('',(15.0000001,20.0000001,34.0000001));
#4750 = DIRECTION('',(0.,0.,1.));
#4751 = DIRECTION('',(1.,0.,0.));
#4752 = PCURVE('',#2133,#4753);
#4753 = DEFINITIONAL_REPRESENTATION('',(#4754),#4758);
#4754 = LINE('',#4755,#4756);
#4755 = CARTESIAN_POINT('',(-0.,-12.));
#4756 = VECTOR('',#4757,1.);
#4757 = DIRECTION('',(-1.,0.));
#4758 = ( GEOMETRIC_REPRESENTATION_CONTEXT(2) 
PARAMETRIC_REPRESENTATION_CONTEXT() REPRESENTATION_CONTEXT('2D SPACE',''
  ) );
#4759 = PCURVE('',#4760,#4765);
#4760 = PLANE('',#4761);
#4761 = AXIS2_PLACEMENT_3D('',#4762,#4763,#4764);
#4762 = CARTESIAN_POINT('',(15.0000001,20.0000001,34.0000001));
#4763 = DIRECTION('',(0.,0.,1.));
#4764 = DIRECTION('',(1.,0.,0.));
#4765 = DEFINITIONAL_REPRESENTATION('',(#4766),#4770);
#4766 = CIRCLE('',#4767,1.25);
#4767 = AXIS2_PLACEMENT_2D('',#4768,#4769);
#4768 = CARTESIAN_POINT('',(3.552713678801E-15,0.));
#4769 = DIRECTION('',(1.,0.));
#4770 = ( GEOMETRIC_REPRESENTATION_CONTEXT(2) 
PARAMETRIC_REPRESENTATION_CONTEXT() REPRESENTATION_CONTEXT('2D SPACE',''
  ) );
#4771 = ORIENTED_EDGE('',*,*,#4722,.F.);
#4772 = ADVANCED_FACE('',(#4773),#2318,.F.);
#4773 = FACE_BOUND('',#4774,.F.);
#4774 = EDGE_LOOP('',(#4775,#4776,#4777,#4778));
#4775 = ORIENTED_EDGE('',*,*,#2735,.F.);
#4776 = ORIENTED_EDGE('',*,*,#2302,.T.);
#4777 = ORIENTED_EDGE('',*,*,#2624,.T.);
#4778 = ORIENTED_EDGE('',*,*,#2673,.T.);
#4779 = ADVANCED_FACE('',(#4780),#2387,.F.);
#4780 = FACE_BOUND('',#4781,.F.);
#4781 = EDGE_LOOP('',(#4782,#4805,#4834,#4855));
#4782 = ORIENTED_EDGE('',*,*,#4783,.F.);
#4783 = EDGE_CURVE('',#4784,#2369,#4786,.T.);
#4784 = VERTEX_POINT('',#4785);
#4785 = CARTESIAN_POINT('',(138.0000001,22.3500001,32.8500001));
#4786 = SURFACE_CURVE('',#4787,(#4791,#4798),.PCURVE_S1.);
#4787 = LINE('',#4788,#4789);
#4788 = CARTESIAN_POINT('',(138.0000001,22.3500001,32.8500001));
#4789 = VECTOR('',#4790,1.);
#4790 = DIRECTION('',(1.,0.,0.));
#4791 = PCURVE('',#2387,#4792);
#4792 = DEFINITIONAL_REPRESENTATION('',(#4793),#4797);
#4793 = LINE('',#4794,#4795);
#4794 = CARTESIAN_POINT('',(0.,0.));
#4795 = VECTOR('',#4796,1.);
#4796 = DIRECTION('',(0.,1.));
#4797 = ( GEOMETRIC_REPRESENTATION_CONTEXT(2) 
PARAMETRIC_REPRESENTATION_CONTEXT() REPRESENTATION_CONTEXT('2D SPACE',''
  ) );
#4798 = PCURVE('',#2415,#4799);
#4799 = DEFINITIONAL_REPRESENTATION('',(#4800),#4804);
#4800 = LINE('',#4801,#4802);
#4801 = CARTESIAN_POINT('',(12.9,0.));
#4802 = VECTOR('',#4803,1.);
#4803 = DIRECTION('',(0.,-1.));
#4804 = ( GEOMETRIC_REPRESENTATION_CONTEXT(2) 
PARAMETRIC_REPRESENTATION_CONTEXT() REPRESENTATION_CONTEXT('2D SPACE',''
  ) );
#4805 = ORIENTED_EDGE('',*,*,#4806,.T.);
#4806 = EDGE_CURVE('',#4784,#4807,#4809,.T.);
#4807 = VERTEX_POINT('',#4808);
#4808 = CARTESIAN_POINT('',(138.0000001,24.8500001,35.3500001));
#4809 = SURFACE_CURVE('',#4810,(#4815,#4822),.PCURVE_S1.);
#4810 = CIRCLE('',#4811,2.5);
#4811 = AXIS2_PLACEMENT_3D('',#4812,#4813,#4814);
#4812 = CARTESIAN_POINT('',(138.0000001,22.3500001,35.3500001));
#4813 = DIRECTION('',(1.,0.,-0.));
#4814 = DIRECTION('',(0.,0.,1.));
#4815 = PCURVE('',#2387,#4816);
#4816 = DEFINITIONAL_REPRESENTATION('',(#4817),#4821);
#4817 = LINE('',#4818,#4819);
#4818 = CARTESIAN_POINT('',(-3.14159265359,0.));
#4819 = VECTOR('',#4820,1.);
#4820 = DIRECTION('',(1.,0.));
#4821 = ( GEOMETRIC_REPRESENTATION_CONTEXT(2) 
PARAMETRIC_REPRESENTATION_CONTEXT() REPRESENTATION_CONTEXT('2D SPACE',''
  ) );
#4822 = PCURVE('',#4823,#4828);
#4823 = PLANE('',#4824);
#4824 = AXIS2_PLACEMENT_3D('',#4825,#4826,#4827);
#4825 = CARTESIAN_POINT('',(138.0000001,17.1500001,37.6500001));
#4826 = DIRECTION('',(1.,0.,0.));
#4827 = DIRECTION('',(0.,0.,1.));
#4828 = DEFINITIONAL_REPRESENTATION('',(#4829),#4833);
#4829 = CIRCLE('',#4830,2.5);
#4830 = AXIS2_PLACEMENT_2D('',#4831,#4832);
#4831 = CARTESIAN_POINT('',(-2.3,-5.2));
#4832 = DIRECTION('',(1.,0.));
#4833 = ( GEOMETRIC_REPRESENTATION_CONTEXT(2) 
PARAMETRIC_REPRESENTATION_CONTEXT() REPRESENTATION_CONTEXT('2D SPACE',''
  ) );
#4834 = ORIENTED_EDGE('',*,*,#4835,.T.);
#4835 = EDGE_CURVE('',#4807,#2371,#4836,.T.);
#4836 = SURFACE_CURVE('',#4837,(#4841,#4848),.PCURVE_S1.);
#4837 = LINE('',#4838,#4839);
#4838 = CARTESIAN_POINT('',(138.0000001,24.8500001,35.3500001));
#4839 = VECTOR('',#4840,1.);
#4840 = DIRECTION('',(1.,0.,0.));
#4841 = PCURVE('',#2387,#4842);
#4842 = DEFINITIONAL_REPRESENTATION('',(#4843),#4847);
#4843 = LINE('',#4844,#4845);
#4844 = CARTESIAN_POINT('',(1.570796326795,0.));
#4845 = VECTOR('',#4846,1.);
#4846 = DIRECTION('',(0.,1.));
#4847 = ( GEOMETRIC_REPRESENTATION_CONTEXT(2) 
PARAMETRIC_REPRESENTATION_CONTEXT() REPRESENTATION_CONTEXT('2D SPACE',''
  ) );
#4848 = PCURVE('',#2584,#4849);
#4849 = DEFINITIONAL_REPRESENTATION('',(#4850),#4854);
#4850 = LINE('',#4851,#4852);
#4851 = CARTESIAN_POINT('',(2.5,0.));
#4852 = VECTOR('',#4853,1.);
#4853 = DIRECTION('',(0.,-1.));
#4854 = ( GEOMETRIC_REPRESENTATION_CONTEXT(2) 
PARAMETRIC_REPRESENTATION_CONTEXT() REPRESENTATION_CONTEXT('2D SPACE',''
  ) );
#4855 = ORIENTED_EDGE('',*,*,#2368,.F.);
#4856 = ADVANCED_FACE('',(#4857),#2584,.T.);
#4857 = FACE_BOUND('',#4858,.T.);
#4858 = EDGE_LOOP('',(#4859,#4882,#4883,#4884));
#4859 = ORIENTED_EDGE('',*,*,#4860,.F.);
#4860 = EDGE_CURVE('',#4807,#4861,#4863,.T.);
#4861 = VERTEX_POINT('',#4862);
#4862 = CARTESIAN_POINT('',(138.0000001,24.8500001,39.9500001));
#4863 = SURFACE_CURVE('',#4864,(#4868,#4875),.PCURVE_S1.);
#4864 = LINE('',#4865,#4866);
#4865 = CARTESIAN_POINT('',(138.0000001,24.8500001,32.8500001));
#4866 = VECTOR('',#4867,1.);
#4867 = DIRECTION('',(0.,0.,1.));
#4868 = PCURVE('',#2584,#4869);
#4869 = DEFINITIONAL_REPRESENTATION('',(#4870),#4874);
#4870 = LINE('',#4871,#4872);
#4871 = CARTESIAN_POINT('',(0.,0.));
#4872 = VECTOR('',#4873,1.);
#4873 = DIRECTION('',(1.,0.));
#4874 = ( GEOMETRIC_REPRESENTATION_CONTEXT(2) 
PARAMETRIC_REPRESENTATION_CONTEXT() REPRESENTATION_CONTEXT('2D SPACE',''
  ) );
#4875 = PCURVE('',#4823,#4876);
#4876 = DEFINITIONAL_REPRESENTATION('',(#4877),#4881);
#4877 = LINE('',#4878,#4879);
#4878 = CARTESIAN_POINT('',(-4.8,-7.7));
#4879 = VECTOR('',#4880,1.);
#4880 = DIRECTION('',(1.,0.));
#4881 = ( GEOMETRIC_REPRESENTATION_CONTEXT(2) 
PARAMETRIC_REPRESENTATION_CONTEXT() REPRESENTATION_CONTEXT('2D SPACE',''
  ) );
#4882 = ORIENTED_EDGE('',*,*,#4835,.T.);
#4883 = ORIENTED_EDGE('',*,*,#2570,.F.);
#4884 = ORIENTED_EDGE('',*,*,#4885,.F.);
#4885 = EDGE_CURVE('',#4861,#2542,#4886,.T.);
#4886 = SURFACE_CURVE('',#4887,(#4891,#4898),.PCURVE_S1.);
#4887 = LINE('',#4888,#4889);
#4888 = CARTESIAN_POINT('',(138.0000001,24.8500001,39.9500001));
#4889 = VECTOR('',#4890,1.);
#4890 = DIRECTION('',(1.,0.,0.));
#4891 = PCURVE('',#2584,#4892);
#4892 = DEFINITIONAL_REPRESENTATION('',(#4893),#4897);
#4893 = LINE('',#4894,#4895);
#4894 = CARTESIAN_POINT('',(7.1,0.));
#4895 = VECTOR('',#4896,1.);
#4896 = DIRECTION('',(0.,-1.));
#4897 = ( GEOMETRIC_REPRESENTATION_CONTEXT(2) 
PARAMETRIC_REPRESENTATION_CONTEXT() REPRESENTATION_CONTEXT('2D SPACE',''
  ) );
#4898 = PCURVE('',#2558,#4899);
#4899 = DEFINITIONAL_REPRESENTATION('',(#4900),#4904);
#4900 = LINE('',#4901,#4902);
#4901 = CARTESIAN_POINT('',(0.,0.));
#4902 = VECTOR('',#4903,1.);
#4903 = DIRECTION('',(0.,1.));
#4904 = ( GEOMETRIC_REPRESENTATION_CONTEXT(2) 
PARAMETRIC_REPRESENTATION_CONTEXT() REPRESENTATION_CONTEXT('2D SPACE',''
  ) );
#4905 = ADVANCED_FACE('',(#4906),#2558,.F.);
#4906 = FACE_BOUND('',#4907,.F.);
#4907 = EDGE_LOOP('',(#4908,#4909,#4933,#4954));
#4908 = ORIENTED_EDGE('',*,*,#4885,.F.);
#4909 = ORIENTED_EDGE('',*,*,#4910,.T.);
#4910 = EDGE_CURVE('',#4861,#4911,#4913,.T.);
#4911 = VERTEX_POINT('',#4912);
#4912 = CARTESIAN_POINT('',(138.0000001,22.3500001,42.4500001));
#4913 = SURFACE_CURVE('',#4914,(#4919,#4926),.PCURVE_S1.);
#4914 = CIRCLE('',#4915,2.5);
#4915 = AXIS2_PLACEMENT_3D('',#4916,#4917,#4918);
#4916 = CARTESIAN_POINT('',(138.0000001,22.3500001,39.9500001));
#4917 = DIRECTION('',(1.,0.,-0.));
#4918 = DIRECTION('',(0.,0.,1.));
#4919 = PCURVE('',#2558,#4920);
#4920 = DEFINITIONAL_REPRESENTATION('',(#4921),#4925);
#4921 = LINE('',#4922,#4923);
#4922 = CARTESIAN_POINT('',(-4.712388980385,0.));
#4923 = VECTOR('',#4924,1.);
#4924 = DIRECTION('',(1.,0.));
#4925 = ( GEOMETRIC_REPRESENTATION_CONTEXT(2) 
PARAMETRIC_REPRESENTATION_CONTEXT() REPRESENTATION_CONTEXT('2D SPACE',''
  ) );
#4926 = PCURVE('',#4823,#4927);
#4927 = DEFINITIONAL_REPRESENTATION('',(#4928),#4932);
#4928 = CIRCLE('',#4929,2.5);
#4929 = AXIS2_PLACEMENT_2D('',#4930,#4931);
#4930 = CARTESIAN_POINT('',(2.3,-5.2));
#4931 = DIRECTION('',(1.,0.));
#4932 = ( GEOMETRIC_REPRESENTATION_CONTEXT(2) 
PARAMETRIC_REPRESENTATION_CONTEXT() REPRESENTATION_CONTEXT('2D SPACE',''
  ) );
#4933 = ORIENTED_EDGE('',*,*,#4934,.T.);
#4934 = EDGE_CURVE('',#4911,#2514,#4935,.T.);
#4935 = SURFACE_CURVE('',#4936,(#4940,#4947),.PCURVE_S1.);
#4936 = LINE('',#4937,#4938);
#4937 = CARTESIAN_POINT('',(138.0000001,22.3500001,42.4500001));
#4938 = VECTOR('',#4939,1.);
#4939 = DIRECTION('',(1.,0.,0.));
#4940 = PCURVE('',#2558,#4941);
#4941 = DEFINITIONAL_REPRESENTATION('',(#4942),#4946);
#4942 = LINE('',#4943,#4944);
#4943 = CARTESIAN_POINT('',(1.570796326795,0.));
#4944 = VECTOR('',#4945,1.);
#4945 = DIRECTION('',(0.,1.));
#4946 = ( GEOMETRIC_REPRESENTATION_CONTEXT(2) 
PARAMETRIC_REPRESENTATION_CONTEXT() REPRESENTATION_CONTEXT('2D SPACE',''
  ) );
#4947 = PCURVE('',#2529,#4948);
#4948 = DEFINITIONAL_REPRESENTATION('',(#4949),#4953);
#4949 = LINE('',#4950,#4951);
#4950 = CARTESIAN_POINT('',(2.5,0.));
#4951 = VECTOR('',#4952,1.);
#4952 = DIRECTION('',(0.,-1.));
#4953 = ( GEOMETRIC_REPRESENTATION_CONTEXT(2) 
PARAMETRIC_REPRESENTATION_CONTEXT() REPRESENTATION_CONTEXT('2D SPACE',''
  ) );
#4954 = ORIENTED_EDGE('',*,*,#2541,.F.);
#4955 = ADVANCED_FACE('',(#4956),#2529,.T.);
#4956 = FACE_BOUND('',#4957,.T.);
#4957 = EDGE_LOOP('',(#4958,#4981,#4982,#4983));
#4958 = ORIENTED_EDGE('',*,*,#4959,.F.);
#4959 = EDGE_CURVE('',#4911,#4960,#4962,.T.);
#4960 = VERTEX_POINT('',#4961);
#4961 = CARTESIAN_POINT('',(138.0000001,11.9500001,42.4500001));
#4962 = SURFACE_CURVE('',#4963,(#4967,#4974),.PCURVE_S1.);
#4963 = LINE('',#4964,#4965);
#4964 = CARTESIAN_POINT('',(138.0000001,24.8500001,42.4500001));
#4965 = VECTOR('',#4966,1.);
#4966 = DIRECTION('',(0.,-1.,0.));
#4967 = PCURVE('',#2529,#4968);
#4968 = DEFINITIONAL_REPRESENTATION('',(#4969),#4973);
#4969 = LINE('',#4970,#4971);
#4970 = CARTESIAN_POINT('',(0.,-0.));
#4971 = VECTOR('',#4972,1.);
#4972 = DIRECTION('',(1.,0.));
#4973 = ( GEOMETRIC_REPRESENTATION_CONTEXT(2) 
PARAMETRIC_REPRESENTATION_CONTEXT() REPRESENTATION_CONTEXT('2D SPACE',''
  ) );
#4974 = PCURVE('',#4823,#4975);
#4975 = DEFINITIONAL_REPRESENTATION('',(#4976),#4980);
#4976 = LINE('',#4977,#4978);
#4977 = CARTESIAN_POINT('',(4.8,-7.7));
#4978 = VECTOR('',#4979,1.);
#4979 = DIRECTION('',(0.,1.));
#4980 = ( GEOMETRIC_REPRESENTATION_CONTEXT(2) 
PARAMETRIC_REPRESENTATION_CONTEXT() REPRESENTATION_CONTEXT('2D SPACE',''
  ) );
#4981 = ORIENTED_EDGE('',*,*,#4934,.T.);
#4982 = ORIENTED_EDGE('',*,*,#2513,.F.);
#4983 = ORIENTED_EDGE('',*,*,#4984,.F.);
#4984 = EDGE_CURVE('',#4960,#2485,#4985,.T.);
#4985 = SURFACE_CURVE('',#4986,(#4990,#4997),.PCURVE_S1.);
#4986 = LINE('',#4987,#4988);
#4987 = CARTESIAN_POINT('',(138.0000001,11.9500001,42.4500001));
#4988 = VECTOR('',#4989,1.);
#4989 = DIRECTION('',(1.,0.,0.));
#4990 = PCURVE('',#2529,#4991);
#4991 = DEFINITIONAL_REPRESENTATION('',(#4992),#4996);
#4992 = LINE('',#4993,#4994);
#4993 = CARTESIAN_POINT('',(12.9,0.));
#4994 = VECTOR('',#4995,1.);
#4995 = DIRECTION('',(0.,-1.));
#4996 = ( GEOMETRIC_REPRESENTATION_CONTEXT(2) 
PARAMETRIC_REPRESENTATION_CONTEXT() REPRESENTATION_CONTEXT('2D SPACE',''
  ) );
#4997 = PCURVE('',#2501,#4998);
#4998 = DEFINITIONAL_REPRESENTATION('',(#4999),#5003);
#4999 = LINE('',#5000,#5001);
#5000 = CARTESIAN_POINT('',(0.,0.));
#5001 = VECTOR('',#5002,1.);
#5002 = DIRECTION('',(0.,1.));
#5003 = ( GEOMETRIC_REPRESENTATION_CONTEXT(2) 
PARAMETRIC_REPRESENTATION_CONTEXT() REPRESENTATION_CONTEXT('2D SPACE',''
  ) );
#5004 = ADVANCED_FACE('',(#5005),#2501,.F.);
#5005 = FACE_BOUND('',#5006,.F.);
#5006 = EDGE_LOOP('',(#5007,#5008,#5032,#5053));
#5007 = ORIENTED_EDGE('',*,*,#4984,.F.);
#5008 = ORIENTED_EDGE('',*,*,#5009,.T.);
#5009 = EDGE_CURVE('',#4960,#5010,#5012,.T.);
#5010 = VERTEX_POINT('',#5011);
#5011 = CARTESIAN_POINT('',(138.0000001,9.4500001,39.9500001));
#5012 = SURFACE_CURVE('',#5013,(#5018,#5025),.PCURVE_S1.);
#5013 = CIRCLE('',#5014,2.5);
#5014 = AXIS2_PLACEMENT_3D('',#5015,#5016,#5017);
#5015 = CARTESIAN_POINT('',(138.0000001,11.9500001,39.9500001));
#5016 = DIRECTION('',(1.,0.,-0.));
#5017 = DIRECTION('',(0.,0.,1.));
#5018 = PCURVE('',#2501,#5019);
#5019 = DEFINITIONAL_REPRESENTATION('',(#5020),#5024);
#5020 = LINE('',#5021,#5022);
#5021 = CARTESIAN_POINT('',(0.,0.));
#5022 = VECTOR('',#5023,1.);
#5023 = DIRECTION('',(1.,0.));
#5024 = ( GEOMETRIC_REPRESENTATION_CONTEXT(2) 
PARAMETRIC_REPRESENTATION_CONTEXT() REPRESENTATION_CONTEXT('2D SPACE',''
  ) );
#5025 = PCURVE('',#4823,#5026);
#5026 = DEFINITIONAL_REPRESENTATION('',(#5027),#5031);
#5027 = CIRCLE('',#5028,2.5);
#5028 = AXIS2_PLACEMENT_2D('',#5029,#5030);
#5029 = CARTESIAN_POINT('',(2.3,5.2));
#5030 = DIRECTION('',(1.,0.));
#5031 = ( GEOMETRIC_REPRESENTATION_CONTEXT(2) 
PARAMETRIC_REPRESENTATION_CONTEXT() REPRESENTATION_CONTEXT('2D SPACE',''
  ) );
#5032 = ORIENTED_EDGE('',*,*,#5033,.T.);
#5033 = EDGE_CURVE('',#5010,#2457,#5034,.T.);
#5034 = SURFACE_CURVE('',#5035,(#5039,#5046),.PCURVE_S1.);
#5035 = LINE('',#5036,#5037);
#5036 = CARTESIAN_POINT('',(138.0000001,9.4500001,39.9500001));
#5037 = VECTOR('',#5038,1.);
#5038 = DIRECTION('',(1.,0.,0.));
#5039 = PCURVE('',#2501,#5040);
#5040 = DEFINITIONAL_REPRESENTATION('',(#5041),#5045);
#5041 = LINE('',#5042,#5043);
#5042 = CARTESIAN_POINT('',(1.570796326795,0.));
#5043 = VECTOR('',#5044,1.);
#5044 = DIRECTION('',(0.,1.));
#5045 = ( GEOMETRIC_REPRESENTATION_CONTEXT(2) 
PARAMETRIC_REPRESENTATION_CONTEXT() REPRESENTATION_CONTEXT('2D SPACE',''
  ) );
#5046 = PCURVE('',#2472,#5047);
#5047 = DEFINITIONAL_REPRESENTATION('',(#5048),#5052);
#5048 = LINE('',#5049,#5050);
#5049 = CARTESIAN_POINT('',(2.5,0.));
#5050 = VECTOR('',#5051,1.);
#5051 = DIRECTION('',(0.,-1.));
#5052 = ( GEOMETRIC_REPRESENTATION_CONTEXT(2) 
PARAMETRIC_REPRESENTATION_CONTEXT() REPRESENTATION_CONTEXT('2D SPACE',''
  ) );
#5053 = ORIENTED_EDGE('',*,*,#2484,.F.);
#5054 = ADVANCED_FACE('',(#5055),#2472,.T.);
#5055 = FACE_BOUND('',#5056,.T.);
#5056 = EDGE_LOOP('',(#5057,#5080,#5081,#5082));
#5057 = ORIENTED_EDGE('',*,*,#5058,.F.);
#5058 = EDGE_CURVE('',#5010,#5059,#5061,.T.);
#5059 = VERTEX_POINT('',#5060);
#5060 = CARTESIAN_POINT('',(138.0000001,9.4500001,35.3500001));
#5061 = SURFACE_CURVE('',#5062,(#5066,#5073),.PCURVE_S1.);
#5062 = LINE('',#5063,#5064);
#5063 = CARTESIAN_POINT('',(138.0000001,9.4500001,42.4500001));
#5064 = VECTOR('',#5065,1.);
#5065 = DIRECTION('',(0.,0.,-1.));
#5066 = PCURVE('',#2472,#5067);
#5067 = DEFINITIONAL_REPRESENTATION('',(#5068),#5072);
#5068 = LINE('',#5069,#5070);
#5069 = CARTESIAN_POINT('',(0.,0.));
#5070 = VECTOR('',#5071,1.);
#5071 = DIRECTION('',(1.,0.));
#5072 = ( GEOMETRIC_REPRESENTATION_CONTEXT(2) 
PARAMETRIC_REPRESENTATION_CONTEXT() REPRESENTATION_CONTEXT('2D SPACE',''
  ) );
#5073 = PCURVE('',#4823,#5074);
#5074 = DEFINITIONAL_REPRESENTATION('',(#5075),#5079);
#5075 = LINE('',#5076,#5077);
#5076 = CARTESIAN_POINT('',(4.8,7.7));
#5077 = VECTOR('',#5078,1.);
#5078 = DIRECTION('',(-1.,0.));
#5079 = ( GEOMETRIC_REPRESENTATION_CONTEXT(2) 
PARAMETRIC_REPRESENTATION_CONTEXT() REPRESENTATION_CONTEXT('2D SPACE',''
  ) );
#5080 = ORIENTED_EDGE('',*,*,#5033,.T.);
#5081 = ORIENTED_EDGE('',*,*,#2456,.F.);
#5082 = ORIENTED_EDGE('',*,*,#5083,.F.);
#5083 = EDGE_CURVE('',#5059,#2428,#5084,.T.);
#5084 = SURFACE_CURVE('',#5085,(#5089,#5096),.PCURVE_S1.);
#5085 = LINE('',#5086,#5087);
#5086 = CARTESIAN_POINT('',(138.0000001,9.4500001,35.3500001));
#5087 = VECTOR('',#5088,1.);
#5088 = DIRECTION('',(1.,0.,0.));
#5089 = PCURVE('',#2472,#5090);
#5090 = DEFINITIONAL_REPRESENTATION('',(#5091),#5095);
#5091 = LINE('',#5092,#5093);
#5092 = CARTESIAN_POINT('',(7.1,0.));
#5093 = VECTOR('',#5094,1.);
#5094 = DIRECTION('',(0.,-1.));
#5095 = ( GEOMETRIC_REPRESENTATION_CONTEXT(2) 
PARAMETRIC_REPRESENTATION_CONTEXT() REPRESENTATION_CONTEXT('2D SPACE',''
  ) );
#5096 = PCURVE('',#2444,#5097);
#5097 = DEFINITIONAL_REPRESENTATION('',(#5098),#5102);
#5098 = LINE('',#5099,#5100);
#5099 = CARTESIAN_POINT('',(-1.570796326795,0.));
#5100 = VECTOR('',#5101,1.);
#5101 = DIRECTION('',(-0.,1.));
#5102 = ( GEOMETRIC_REPRESENTATION_CONTEXT(2) 
PARAMETRIC_REPRESENTATION_CONTEXT() REPRESENTATION_CONTEXT('2D SPACE',''
  ) );
#5103 = ADVANCED_FACE('',(#5104),#2444,.F.);
#5104 = FACE_BOUND('',#5105,.T.);
#5105 = EDGE_LOOP('',(#5106,#5129,#5155,#5156));
#5106 = ORIENTED_EDGE('',*,*,#5107,.F.);
#5107 = EDGE_CURVE('',#5108,#2400,#5110,.T.);
#5108 = VERTEX_POINT('',#5109);
#5109 = CARTESIAN_POINT('',(138.0000001,11.9500001,32.8500001));
#5110 = SURFACE_CURVE('',#5111,(#5115,#5122),.PCURVE_S1.);
#5111 = LINE('',#5112,#5113);
#5112 = CARTESIAN_POINT('',(138.0000001,11.9500001,32.8500001));
#5113 = VECTOR('',#5114,1.);
#5114 = DIRECTION('',(1.,0.,0.));
#5115 = PCURVE('',#2444,#5116);
#5116 = DEFINITIONAL_REPRESENTATION('',(#5117),#5121);
#5117 = LINE('',#5118,#5119);
#5118 = CARTESIAN_POINT('',(-0.,0.));
#5119 = VECTOR('',#5120,1.);
#5120 = DIRECTION('',(-0.,1.));
#5121 = ( GEOMETRIC_REPRESENTATION_CONTEXT(2) 
PARAMETRIC_REPRESENTATION_CONTEXT() REPRESENTATION_CONTEXT('2D SPACE',''
  ) );
#5122 = PCURVE('',#2415,#5123);
#5123 = DEFINITIONAL_REPRESENTATION('',(#5124),#5128);
#5124 = LINE('',#5125,#5126);
#5125 = CARTESIAN_POINT('',(2.5,0.));
#5126 = VECTOR('',#5127,1.);
#5127 = DIRECTION('',(0.,-1.));
#5128 = ( GEOMETRIC_REPRESENTATION_CONTEXT(2) 
PARAMETRIC_REPRESENTATION_CONTEXT() REPRESENTATION_CONTEXT('2D SPACE',''
  ) );
#5129 = ORIENTED_EDGE('',*,*,#5130,.T.);
#5130 = EDGE_CURVE('',#5108,#5059,#5131,.T.);
#5131 = SURFACE_CURVE('',#5132,(#5137,#5144),.PCURVE_S1.);
#5132 = CIRCLE('',#5133,2.5);
#5133 = AXIS2_PLACEMENT_3D('',#5134,#5135,#5136);
#5134 = CARTESIAN_POINT('',(138.0000001,11.9500001,35.3500001));
#5135 = DIRECTION('',(-1.,0.,0.));
#5136 = DIRECTION('',(0.,0.,1.));
#5137 = PCURVE('',#2444,#5138);
#5138 = DEFINITIONAL_REPRESENTATION('',(#5139),#5143);
#5139 = LINE('',#5140,#5141);
#5140 = CARTESIAN_POINT('',(3.14159265359,-0.));
#5141 = VECTOR('',#5142,1.);
#5142 = DIRECTION('',(-1.,0.));
#5143 = ( GEOMETRIC_REPRESENTATION_CONTEXT(2) 
PARAMETRIC_REPRESENTATION_CONTEXT() REPRESENTATION_CONTEXT('2D SPACE',''
  ) );
#5144 = PCURVE('',#4823,#5145);
#5145 = DEFINITIONAL_REPRESENTATION('',(#5146),#5154);
#5146 = ( BOUNDED_CURVE() B_SPLINE_CURVE(2,(#5147,#5148,#5149,#5150,
#5151,#5152,#5153),.UNSPECIFIED.,.T.,.F.) B_SPLINE_CURVE_WITH_KNOTS((1,2
    ,2,2,2,1),(-2.094395102393,0.,2.094395102393,4.188790204786,
6.28318530718,8.377580409573),.UNSPECIFIED.) CURVE() 
GEOMETRIC_REPRESENTATION_ITEM() RATIONAL_B_SPLINE_CURVE((1.,0.5,1.,0.5,
1.,0.5,1.)) REPRESENTATION_ITEM('') );
#5147 = CARTESIAN_POINT('',(0.2,5.2));
#5148 = CARTESIAN_POINT('',(0.2,0.869872981078));
#5149 = CARTESIAN_POINT('',(-3.55,3.034936490539));
#5150 = CARTESIAN_POINT('',(-7.3,5.2));
#5151 = CARTESIAN_POINT('',(-3.55,7.365063509461));
#5152 = CARTESIAN_POINT('',(0.2,9.530127018922));
#5153 = CARTESIAN_POINT('',(0.2,5.2));
#5154 = ( GEOMETRIC_REPRESENTATION_CONTEXT(2) 
PARAMETRIC_REPRESENTATION_CONTEXT() REPRESENTATION_CONTEXT('2D SPACE',''
  ) );
#5155 = ORIENTED_EDGE('',*,*,#5083,.T.);
#5156 = ORIENTED_EDGE('',*,*,#2427,.T.);
#5157 = ADVANCED_FACE('',(#5158),#2415,.T.);
#5158 = FACE_BOUND('',#5159,.T.);
#5159 = EDGE_LOOP('',(#5160,#5181,#5182,#5183));
#5160 = ORIENTED_EDGE('',*,*,#5161,.F.);
#5161 = EDGE_CURVE('',#5108,#4784,#5162,.T.);
#5162 = SURFACE_CURVE('',#5163,(#5167,#5174),.PCURVE_S1.);
#5163 = LINE('',#5164,#5165);
#5164 = CARTESIAN_POINT('',(138.0000001,9.4500001,32.8500001));
#5165 = VECTOR('',#5166,1.);
#5166 = DIRECTION('',(0.,1.,0.));
#5167 = PCURVE('',#2415,#5168);
#5168 = DEFINITIONAL_REPRESENTATION('',(#5169),#5173);
#5169 = LINE('',#5170,#5171);
#5170 = CARTESIAN_POINT('',(0.,0.));
#5171 = VECTOR('',#5172,1.);
#5172 = DIRECTION('',(1.,0.));
#5173 = ( GEOMETRIC_REPRESENTATION_CONTEXT(2) 
PARAMETRIC_REPRESENTATION_CONTEXT() REPRESENTATION_CONTEXT('2D SPACE',''
  ) );
#5174 = PCURVE('',#4823,#5175);
#5175 = DEFINITIONAL_REPRESENTATION('',(#5176),#5180);
#5176 = LINE('',#5177,#5178);
#5177 = CARTESIAN_POINT('',(-4.8,7.7));
#5178 = VECTOR('',#5179,1.);
#5179 = DIRECTION('',(0.,-1.));
#5180 = ( GEOMETRIC_REPRESENTATION_CONTEXT(2) 
PARAMETRIC_REPRESENTATION_CONTEXT() REPRESENTATION_CONTEXT('2D SPACE',''
  ) );
#5181 = ORIENTED_EDGE('',*,*,#5107,.T.);
#5182 = ORIENTED_EDGE('',*,*,#2399,.F.);
#5183 = ORIENTED_EDGE('',*,*,#4783,.F.);
#5184 = ADVANCED_FACE('',(#5185),#2717,.F.);
#5185 = FACE_BOUND('',#5186,.T.);
#5186 = EDGE_LOOP('',(#5187,#5218,#5240,#5261,#5262));
#5187 = ORIENTED_EDGE('',*,*,#5188,.T.);
#5188 = EDGE_CURVE('',#5189,#5191,#5193,.T.);
#5189 = VERTEX_POINT('',#5190);
#5190 = CARTESIAN_POINT('',(81.7000001,10.0000001,35.0000001));
#5191 = VERTEX_POINT('',#5192);
#5192 = CARTESIAN_POINT('',(80.0000001,8.3000001,35.0000001));
#5193 = SURFACE_CURVE('',#5194,(#5199,#5206),.PCURVE_S1.);
#5194 = CIRCLE('',#5195,1.7);
#5195 = AXIS2_PLACEMENT_3D('',#5196,#5197,#5198);
#5196 = CARTESIAN_POINT('',(80.0000001,10.0000001,35.0000001));
#5197 = DIRECTION('',(0.,-0.,1.));
#5198 = DIRECTION('',(1.,3.918434204559E-15,0.));
#5199 = PCURVE('',#2717,#5200);
#5200 = DEFINITIONAL_REPRESENTATION('',(#5201),#5205);
#5201 = LINE('',#5202,#5203);
#5202 = CARTESIAN_POINT('',(-0.,-38.));
#5203 = VECTOR('',#5204,1.);
#5204 = DIRECTION('',(-1.,-0.));
#5205 = ( GEOMETRIC_REPRESENTATION_CONTEXT(2) 
PARAMETRIC_REPRESENTATION_CONTEXT() REPRESENTATION_CONTEXT('2D SPACE',''
  ) );
#5206 = PCURVE('',#5207,#5212);
#5207 = PLANE('',#5208);
#5208 = AXIS2_PLACEMENT_3D('',#5209,#5210,#5211);
#5209 = CARTESIAN_POINT('',(80.0000001,10.0000001,35.0000001));
#5210 = DIRECTION('',(0.,0.,1.));
#5211 = DIRECTION('',(1.,0.,0.));
#5212 = DEFINITIONAL_REPRESENTATION('',(#5213),#5217);
#5213 = CIRCLE('',#5214,1.7);
#5214 = AXIS2_PLACEMENT_2D('',#5215,#5216);
#5215 = CARTESIAN_POINT('',(-2.84217094304E-14,-5.329070518201E-15));
#5216 = DIRECTION('',(1.,3.918434204559E-15));
#5217 = ( GEOMETRIC_REPRESENTATION_CONTEXT(2) 
PARAMETRIC_REPRESENTATION_CONTEXT() REPRESENTATION_CONTEXT('2D SPACE',''
  ) );
#5218 = ORIENTED_EDGE('',*,*,#5219,.T.);
#5219 = EDGE_CURVE('',#5191,#5189,#5220,.T.);
#5220 = SURFACE_CURVE('',#5221,(#5226,#5233),.PCURVE_S1.);
#5221 = CIRCLE('',#5222,1.7);
#5222 = AXIS2_PLACEMENT_3D('',#5223,#5224,#5225);
#5223 = CARTESIAN_POINT('',(80.0000001,10.0000001,35.0000001));
#5224 = DIRECTION('',(0.,-0.,1.));
#5225 = DIRECTION('',(1.,3.918434204559E-15,0.));
#5226 = PCURVE('',#2717,#5227);
#5227 = DEFINITIONAL_REPRESENTATION('',(#5228),#5232);
#5228 = LINE('',#5229,#5230);
#5229 = CARTESIAN_POINT('',(-0.,-38.));
#5230 = VECTOR('',#5231,1.);
#5231 = DIRECTION('',(-1.,-0.));
#5232 = ( GEOMETRIC_REPRESENTATION_CONTEXT(2) 
PARAMETRIC_REPRESENTATION_CONTEXT() REPRESENTATION_CONTEXT('2D SPACE',''
  ) );
#5233 = PCURVE('',#5207,#5234);
#5234 = DEFINITIONAL_REPRESENTATION('',(#5235),#5239);
#5235 = CIRCLE('',#5236,1.7);
#5236 = AXIS2_PLACEMENT_2D('',#5237,#5238);
#5237 = CARTESIAN_POINT('',(-2.84217094304E-14,-5.329070518201E-15));
#5238 = DIRECTION('',(1.,3.918434204559E-15));
#5239 = ( GEOMETRIC_REPRESENTATION_CONTEXT(2) 
PARAMETRIC_REPRESENTATION_CONTEXT() REPRESENTATION_CONTEXT('2D SPACE',''
  ) );
#5240 = ORIENTED_EDGE('',*,*,#5241,.T.);
#5241 = EDGE_CURVE('',#5189,#2697,#5242,.T.);
#5242 = SEAM_CURVE('',#5243,(#5247,#5254),.PCURVE_S1.);
#5243 = LINE('',#5244,#5245);
#5244 = CARTESIAN_POINT('',(81.7000001,10.0000001,35.0000001));
#5245 = VECTOR('',#5246,1.);
#5246 = DIRECTION('',(0.,0.,-1.));
#5247 = PCURVE('',#2717,#5248);
#5248 = DEFINITIONAL_REPRESENTATION('',(#5249),#5253);
#5249 = LINE('',#5250,#5251);
#5250 = CARTESIAN_POINT('',(-0.,-38.));
#5251 = VECTOR('',#5252,1.);
#5252 = DIRECTION('',(0.,1.));
#5253 = ( GEOMETRIC_REPRESENTATION_CONTEXT(2) 
PARAMETRIC_REPRESENTATION_CONTEXT() REPRESENTATION_CONTEXT('2D SPACE',''
  ) );
#5254 = PCURVE('',#2717,#5255);
#5255 = DEFINITIONAL_REPRESENTATION('',(#5256),#5260);
#5256 = LINE('',#5257,#5258);
#5257 = CARTESIAN_POINT('',(-6.28318530718,-38.));
#5258 = VECTOR('',#5259,1.);
#5259 = DIRECTION('',(0.,1.));
#5260 = ( GEOMETRIC_REPRESENTATION_CONTEXT(2) 
PARAMETRIC_REPRESENTATION_CONTEXT() REPRESENTATION_CONTEXT('2D SPACE',''
  ) );
#5261 = ORIENTED_EDGE('',*,*,#2696,.T.);
#5262 = ORIENTED_EDGE('',*,*,#5241,.F.);
#5263 = ADVANCED_FACE('',(#5264,#5772),#2859,.F.);
#5264 = FACE_BOUND('',#5265,.T.);
#5265 = EDGE_LOOP('',(#5266,#5294,#5317,#5417,#5512,#5535,#5561,#5562,
    #5745,#5746));
#5266 = ORIENTED_EDGE('',*,*,#5267,.T.);
#5267 = EDGE_CURVE('',#2762,#5268,#5270,.T.);
#5268 = VERTEX_POINT('',#5269);
#5269 = CARTESIAN_POINT('',(85.5000001,10.0000001,35.0000001));
#5270 = SURFACE_CURVE('',#5271,(#5276,#5283),.PCURVE_S1.);
#5271 = CIRCLE('',#5272,5.5);
#5272 = AXIS2_PLACEMENT_3D('',#5273,#5274,#5275);
#5273 = CARTESIAN_POINT('',(80.0000001,10.0000001,35.0000001));
#5274 = DIRECTION('',(0.,0.,-1.));
#5275 = DIRECTION('',(1.,1.2918958832E-15,0.));
#5276 = PCURVE('',#2859,#5277);
#5277 = DEFINITIONAL_REPRESENTATION('',(#5278),#5282);
#5278 = LINE('',#5279,#5280);
#5279 = CARTESIAN_POINT('',(-6.28318530718,0.));
#5280 = VECTOR('',#5281,1.);
#5281 = DIRECTION('',(1.,-0.));
#5282 = ( GEOMETRIC_REPRESENTATION_CONTEXT(2) 
PARAMETRIC_REPRESENTATION_CONTEXT() REPRESENTATION_CONTEXT('2D SPACE',''
  ) );
#5283 = PCURVE('',#5207,#5284);
#5284 = DEFINITIONAL_REPRESENTATION('',(#5285),#5293);
#5285 = ( BOUNDED_CURVE() B_SPLINE_CURVE(2,(#5286,#5287,#5288,#5289,
#5290,#5291,#5292),.UNSPECIFIED.,.T.,.F.) B_SPLINE_CURVE_WITH_KNOTS((1,2
    ,2,2,2,1),(-2.094395102393,0.,2.094395102393,4.188790204786,
6.28318530718,8.377580409573),.UNSPECIFIED.) CURVE() 
GEOMETRIC_REPRESENTATION_ITEM() RATIONAL_B_SPLINE_CURVE((1.,0.5,1.,0.5,
1.,0.5,1.)) REPRESENTATION_ITEM('') );
#5286 = CARTESIAN_POINT('',(5.5,-1.7763568394E-15));
#5287 = CARTESIAN_POINT('',(5.5,-9.526279441629));
#5288 = CARTESIAN_POINT('',(-2.75,-4.763139720814));
#5289 = CARTESIAN_POINT('',(-11.,-2.443975039127E-14));
#5290 = CARTESIAN_POINT('',(-2.75,4.763139720814));
#5291 = CARTESIAN_POINT('',(5.5,9.526279441629));
#5292 = CARTESIAN_POINT('',(5.5,-1.7763568394E-15));
#5293 = ( GEOMETRIC_REPRESENTATION_CONTEXT(2) 
PARAMETRIC_REPRESENTATION_CONTEXT() REPRESENTATION_CONTEXT('2D SPACE',''
  ) );
#5294 = ORIENTED_EDGE('',*,*,#5295,.T.);
#5295 = EDGE_CURVE('',#5268,#5296,#5298,.T.);
#5296 = VERTEX_POINT('',#5297);
#5297 = CARTESIAN_POINT('',(85.5000001,10.0000001,44.8250001));
#5298 = SEAM_CURVE('',#5299,(#5303,#5310),.PCURVE_S1.);
#5299 = LINE('',#5300,#5301);
#5300 = CARTESIAN_POINT('',(85.5000001,10.0000001,35.0000001));
#5301 = VECTOR('',#5302,1.);
#5302 = DIRECTION('',(0.,0.,1.));
#5303 = PCURVE('',#2859,#5304);
#5304 = DEFINITIONAL_REPRESENTATION('',(#5305),#5309);
#5305 = LINE('',#5306,#5307);
#5306 = CARTESIAN_POINT('',(-6.28318530718,0.));
#5307 = VECTOR('',#5308,1.);
#5308 = DIRECTION('',(-0.,-1.));
#5309 = ( GEOMETRIC_REPRESENTATION_CONTEXT(2) 
PARAMETRIC_REPRESENTATION_CONTEXT() REPRESENTATION_CONTEXT('2D SPACE',''
  ) );
#5310 = PCURVE('',#2859,#5311);
#5311 = DEFINITIONAL_REPRESENTATION('',(#5312),#5316);
#5312 = LINE('',#5313,#5314);
#5313 = CARTESIAN_POINT('',(-0.,0.));
#5314 = VECTOR('',#5315,1.);
#5315 = DIRECTION('',(-0.,-1.));
#5316 = ( GEOMETRIC_REPRESENTATION_CONTEXT(2) 
PARAMETRIC_REPRESENTATION_CONTEXT() REPRESENTATION_CONTEXT('2D SPACE',''
  ) );
#5317 = ORIENTED_EDGE('',*,*,#5318,.T.);
#5318 = EDGE_CURVE('',#5296,#5319,#5321,.T.);
#5319 = VERTEX_POINT('',#5320);
#5320 = CARTESIAN_POINT('',(83.580415578684,14.1750001,49.0000001));
#5321 = SURFACE_CURVE('',#5322,(#5350,#5381),.PCURVE_S1.);
#5322 = B_SPLINE_CURVE_WITH_KNOTS('',6,(#5323,#5324,#5325,#5326,#5327,
    #5328,#5329,#5330,#5331,#5332,#5333,#5334,#5335,#5336,#5337,#5338,
    #5339,#5340,#5341,#5342,#5343,#5344,#5345,#5346,#5347,#5348,#5349),
  .UNSPECIFIED.,.F.,.F.,(7,5,5,5,5,7),(0.,0.202827617958,0.303018075327,
    0.570111970511,0.807988682181,1.),.UNSPECIFIED.);
#5323 = CARTESIAN_POINT('',(85.5000001,10.0000001,44.8250001));
#5324 = CARTESIAN_POINT('',(85.5000001,10.284155615797,44.8250001));
#5325 = CARTESIAN_POINT('',(85.482382575278,10.565507370428,
    44.848208440076));
#5326 = CARTESIAN_POINT('',(85.447803220256,10.839907728604,
    44.893763894765));
#5327 = CARTESIAN_POINT('',(85.398181663888,11.103345305201,
    44.959538965734));
#5328 = CARTESIAN_POINT('',(85.336653359324,11.352123288899,
    45.042143705955));
#5329 = CARTESIAN_POINT('',(85.233005663342,11.697006496483,
    45.183459651209));
#5330 = CARTESIAN_POINT('',(85.196623802923,11.80731782307,
    45.233376920765));
#5331 = CARTESIAN_POINT('',(85.158419180856,11.913946797249,
    45.286182344021));
#5332 = CARTESIAN_POINT('',(85.118659200618,12.016945975231,
    45.341602582665));
#5333 = CARTESIAN_POINT('',(85.077589690752,12.116380735936,
    45.399394841546));
#5334 = CARTESIAN_POINT('',(84.923055544899,12.468112660988,
    45.619169692167));
#5335 = CARTESIAN_POINT('',(84.80279368708,12.699500277616,
    45.794580484205));
#5336 = CARTESIAN_POINT('',(84.678651143582,12.908273095999,
    45.981926269832));
#5337 = CARTESIAN_POINT('',(84.553550920405,13.096423721871,
    46.179175440067));
#5338 = CARTESIAN_POINT('',(84.429765752222,13.265653529902,
    46.385514491054));
#5339 = CARTESIAN_POINT('',(84.202865396287,13.55183370203,
    46.79315798339));
#5340 = CARTESIAN_POINT('',(84.09900449308,13.672434439645,
    46.992481977334));
#5341 = CARTESIAN_POINT('',(84.000195314566,13.779219106222,
    47.19870231956));
#5342 = CARTESIAN_POINT('',(83.908704450297,13.87219261841,
    47.41155961041));
#5343 = CARTESIAN_POINT('',(83.82716970875,13.951156947128,47.6309722933
    ));
#5344 = CARTESIAN_POINT('',(83.702922907085,14.067448984256,
    48.039539505415));
#5345 = CARTESIAN_POINT('',(83.655603694869,14.110012160859,
    48.226873745024));
#5346 = CARTESIAN_POINT('',(83.618510764302,14.142330656475,
    48.417572133778));
#5347 = CARTESIAN_POINT('',(83.593167976064,14.164063730201,
    48.610541337632));
#5348 = CARTESIAN_POINT('',(83.580415578684,14.1750001,48.804935952524)
  );
#5349 = CARTESIAN_POINT('',(83.580415578684,14.1750001,49.0000001));
#5350 = PCURVE('',#2859,#5351);
#5351 = DEFINITIONAL_REPRESENTATION('',(#5352),#5380);
#5352 = B_SPLINE_CURVE_WITH_KNOTS('',6,(#5353,#5354,#5355,#5356,#5357,
    #5358,#5359,#5360,#5361,#5362,#5363,#5364,#5365,#5366,#5367,#5368,
    #5369,#5370,#5371,#5372,#5373,#5374,#5375,#5376,#5377,#5378,#5379),
  .UNSPECIFIED.,.F.,.F.,(7,5,5,5,5,7),(0.,0.202827617958,0.303018075327,
    0.570111970511,0.807988682181,1.),.UNSPECIFIED.);
#5353 = CARTESIAN_POINT('',(0.,-9.825));
#5354 = CARTESIAN_POINT('',(-5.166463923582E-02,-9.825));
#5355 = CARTESIAN_POINT('',(-0.102819587617,-9.848208340076));
#5356 = CARTESIAN_POINT('',(-0.152958399617,-9.893763794765));
#5357 = CARTESIAN_POINT('',(-0.201577288537,-9.959538865734));
#5358 = CARTESIAN_POINT('',(-0.248115534978,-10.04214360595));
#5359 = CARTESIAN_POINT('',(-0.313592115046,-10.1834595512));
#5360 = CARTESIAN_POINT('',(-0.334703910242,-10.23337682076));
#5361 = CARTESIAN_POINT('',(-0.355288152789,-10.28618224402));
#5362 = CARTESIAN_POINT('',(-0.375353763882,-10.34160248266));
#5363 = CARTESIAN_POINT('',(-0.394909347169,-10.39939474154));
#5364 = CARTESIAN_POINT('',(-0.464760700401,-10.61916959216));
#5365 = CARTESIAN_POINT('',(-0.512072989021,-10.7945803842));
#5366 = CARTESIAN_POINT('',(-0.556140397223,-10.98192616983));
#5367 = CARTESIAN_POINT('',(-0.597155552998,-11.17917534006));
#5368 = CARTESIAN_POINT('',(-0.635248636813,-11.38551439105));
#5369 = CARTESIAN_POINT('',(-0.701651579704,-11.79315788339));
#5370 = CARTESIAN_POINT('',(-0.730565826931,-11.99248187733));
#5371 = CARTESIAN_POINT('',(-0.756995792552,-12.19870221956));
#5372 = CARTESIAN_POINT('',(-0.780700998077,-12.41155951041));
#5373 = CARTESIAN_POINT('',(-0.801335232695,-12.6309721933));
#5374 = CARTESIAN_POINT('',(-0.832276983154,-13.03953940541));
#5375 = CARTESIAN_POINT('',(-0.843846553973,-13.22687364502));
#5376 = CARTESIAN_POINT('',(-0.852790804596,-13.41757203377));
#5377 = CARTESIAN_POINT('',(-0.858861046964,-13.61054123763));
#5378 = CARTESIAN_POINT('',(-0.861915489715,-13.80493585252));
#5379 = CARTESIAN_POINT('',(-0.861915489715,-14.));
#5380 = ( GEOMETRIC_REPRESENTATION_CONTEXT(2) 
PARAMETRIC_REPRESENTATION_CONTEXT() REPRESENTATION_CONTEXT('2D SPACE',''
  ) );
#5381 = PCURVE('',#5382,#5387);
#5382 = CYLINDRICAL_SURFACE('',#5383,4.175);
#5383 = AXIS2_PLACEMENT_3D('',#5384,#5385,#5386);
#5384 = CARTESIAN_POINT('',(80.0000001,10.0000001,49.0000001));
#5385 = DIRECTION('',(-1.,-0.,-0.));
#5386 = DIRECTION('',(0.,1.,0.));
#5387 = DEFINITIONAL_REPRESENTATION('',(#5388),#5416);
#5388 = B_SPLINE_CURVE_WITH_KNOTS('',6,(#5389,#5390,#5391,#5392,#5393,
    #5394,#5395,#5396,#5397,#5398,#5399,#5400,#5401,#5402,#5403,#5404,
    #5405,#5406,#5407,#5408,#5409,#5410,#5411,#5412,#5413,#5414,#5415),
  .UNSPECIFIED.,.F.,.F.,(7,5,5,5,5,7),(0.,0.202827617958,0.303018075327,
    0.570111970511,0.807988682181,1.),.UNSPECIFIED.);
#5389 = CARTESIAN_POINT('',(-4.712388980385,-5.5));
#5390 = CARTESIAN_POINT('',(-4.780450181773,-5.5));
#5391 = CARTESIAN_POINT('',(-4.847839815707,-5.482382475278));
#5392 = CARTESIAN_POINT('',(-4.914132042171,-5.447803120256));
#5393 = CARTESIAN_POINT('',(-4.978876935043,-5.398181563888));
#5394 = CARTESIAN_POINT('',(-5.041517047739,-5.336653259324));
#5395 = CARTESIAN_POINT('',(-5.130789507841,-5.233005563342));
#5396 = CARTESIAN_POINT('',(-5.159771819613,-5.196623702923));
#5397 = CARTESIAN_POINT('',(-5.188246531647,-5.158419080857));
#5398 = CARTESIAN_POINT('',(-5.216238470552,-5.118659100618));
#5399 = CARTESIAN_POINT('',(-5.24377158166,-5.077589590752));
#5400 = CARTESIAN_POINT('',(-5.343112543733,-4.923055444899));
#5401 = CARTESIAN_POINT('',(-5.412377616812,-4.80279358708));
#5402 = CARTESIAN_POINT('',(-5.47924114104,-4.678651043582));
#5403 = CARTESIAN_POINT('',(-5.544254381367,-4.553550820405));
#5404 = CARTESIAN_POINT('',(-5.607994422574,-4.429765652222));
#5405 = CARTESIAN_POINT('',(-5.727292285417,-4.202865296287));
#5406 = CARTESIAN_POINT('',(-5.782964537607,-4.09900439308));
#5407 = CARTESIAN_POINT('',(-5.838406091663,-4.000195214566));
#5408 = CARTESIAN_POINT('',(-5.893859213126,-3.908704350297));
#5409 = CARTESIAN_POINT('',(-5.949583403327,-3.82716960875));
#5410 = CARTESIAN_POINT('',(-6.051330768679,-3.702922807085));
#5411 = CARTESIAN_POINT('',(-6.097277959034,-3.655603594869));
#5412 = CARTESIAN_POINT('',(-6.143497737783,-3.618510664302));
#5413 = CARTESIAN_POINT('',(-6.189901844355,-3.593167876064));
#5414 = CARTESIAN_POINT('',(-6.236463355688,-3.580415478684));
#5415 = CARTESIAN_POINT('',(-6.28318530718,-3.580415478684));
#5416 = ( GEOMETRIC_REPRESENTATION_CONTEXT(2) 
PARAMETRIC_REPRESENTATION_CONTEXT() REPRESENTATION_CONTEXT('2D SPACE',''
  ) );
#5417 = ORIENTED_EDGE('',*,*,#5418,.T.);
#5418 = EDGE_CURVE('',#5319,#5419,#5421,.T.);
#5419 = VERTEX_POINT('',#5420);
#5420 = CARTESIAN_POINT('',(85.5000001,10.0000001,53.1750001));
#5421 = SURFACE_CURVE('',#5422,(#5450,#5481),.PCURVE_S1.);
#5422 = B_SPLINE_CURVE_WITH_KNOTS('',6,(#5423,#5424,#5425,#5426,#5427,
    #5428,#5429,#5430,#5431,#5432,#5433,#5434,#5435,#5436,#5437,#5438,
    #5439,#5440,#5441,#5442,#5443,#5444,#5445,#5446,#5447,#5448,#5449),
  .UNSPECIFIED.,.F.,.F.,(7,5,5,5,5,7),(0.,0.189067010214,0.429262010544,
    0.692164436613,0.871987740269,1.),.UNSPECIFIED.);
#5423 = CARTESIAN_POINT('',(83.580415578684,14.1750001,49.0000001));
#5424 = CARTESIAN_POINT('',(83.580415578684,14.1750001,49.192121388049)
  );
#5425 = CARTESIAN_POINT('',(83.592786120784,14.164391214239,
    49.383616307381));
#5426 = CARTESIAN_POINT('',(83.617377875234,14.143302165011,
    49.573747917484));
#5427 = CARTESIAN_POINT('',(83.653397299594,14.111934319164,
    49.761696687285));
#5428 = CARTESIAN_POINT('',(83.699400894973,14.070614258135,
    49.946410647189));
#5429 = CARTESIAN_POINT('',(83.822093067333,13.956062171383,
    50.355225020581));
#5430 = CARTESIAN_POINT('',(83.903931252419,13.877020610735,
    50.577187527606));
#5431 = CARTESIAN_POINT('',(83.996037821578,13.783671485496,
    50.792475878534));
#5432 = CARTESIAN_POINT('',(84.095681958052,13.67622534164,
    51.001002257171));
#5433 = CARTESIAN_POINT('',(84.200517501271,13.554687839657,
    51.202492503181));
#5434 = CARTESIAN_POINT('',(84.426583614975,13.269782981105,
    51.608911088947));
#5435 = CARTESIAN_POINT('',(84.5484007931,13.103581078528,
    51.812315164821));
#5436 = CARTESIAN_POINT('',(84.671547193399,12.919056890707,
    52.006906235697));
#5437 = CARTESIAN_POINT('',(84.79384654496,12.71460506013,52.19192260516
    ));
#5438 = CARTESIAN_POINT('',(84.912530991472,12.488337944819,
    52.365467698085));
#5439 = CARTESIAN_POINT('',(85.099965926532,12.067688764486,
    52.632665644846));
#5440 = CARTESIAN_POINT('',(85.1728974691,11.885256400702,52.73459664528
    ));
#5441 = CARTESIAN_POINT('',(85.241158953852,11.691065690429,
    52.828434647381));
#5442 = CARTESIAN_POINT('',(85.303134708153,11.485054799731,
    52.91252647916));
#5443 = CARTESIAN_POINT('',(85.357075267836,11.267341192745,
    52.98502197685));
#5444 = CARTESIAN_POINT('',(85.432455125704,10.875217017278,
    53.085702352955));
#5445 = CARTESIAN_POINT('',(85.458782145842,10.706399904136,
    53.120636381913));
#5446 = CARTESIAN_POINT('',(85.479190008886,10.533113899722,
    53.147587002742));
#5447 = CARTESIAN_POINT('',(85.493046036574,10.356700384922,
    53.16583827641));
#5448 = CARTESIAN_POINT('',(85.5000001,10.178534119447,53.1750001));
#5449 = CARTESIAN_POINT('',(85.5000001,10.0000001,53.1750001));
#5450 = PCURVE('',#2859,#5451);
#5451 = DEFINITIONAL_REPRESENTATION('',(#5452),#5480);
#5452 = B_SPLINE_CURVE_WITH_KNOTS('',6,(#5453,#5454,#5455,#5456,#5457,
    #5458,#5459,#5460,#5461,#5462,#5463,#5464,#5465,#5466,#5467,#5468,
    #5469,#5470,#5471,#5472,#5473,#5474,#5475,#5476,#5477,#5478,#5479),
  .UNSPECIFIED.,.F.,.F.,(7,5,5,5,5,7),(0.,0.189067010214,0.429262010544,
    0.692164436613,0.871987740269,1.),.UNSPECIFIED.);
#5453 = CARTESIAN_POINT('',(-0.861915489715,-14.));
#5454 = CARTESIAN_POINT('',(-0.861915489715,-14.19212128804));
#5455 = CARTESIAN_POINT('',(-0.858952506878,-14.38361620738));
#5456 = CARTESIAN_POINT('',(-0.853062164503,-14.57374781748));
#5457 = CARTESIAN_POINT('',(-0.844378550957,-14.76169658728));
#5458 = CARTESIAN_POINT('',(-0.833137790005,-14.94641054718));
#5459 = CARTESIAN_POINT('',(-0.802618564395,-15.35522492058));
#5460 = CARTESIAN_POINT('',(-0.781934869293,-15.5771874276));
#5461 = CARTESIAN_POINT('',(-0.758102536556,-15.79247577853));
#5462 = CARTESIAN_POINT('',(-0.731481696138,-16.00100215717));
#5463 = CARTESIAN_POINT('',(-0.702323431057,-16.20249240318));
#5464 = CARTESIAN_POINT('',(-0.636196414237,-16.60891098894));
#5465 = CARTESIAN_POINT('',(-0.598757567497,-16.81231506482));
#5466 = CARTESIAN_POINT('',(-0.558484743733,-17.00690613569));
#5467 = CARTESIAN_POINT('',(-0.51525847926,-17.19192250516));
#5468 = CARTESIAN_POINT('',(-0.468897824755,-17.36546759808));
#5469 = CARTESIAN_POINT('',(-0.385167129376,-17.63266554484));
#5470 = CARTESIAN_POINT('',(-0.34947225554,-17.73459654528));
#5471 = CARTESIAN_POINT('',(-0.312099290723,-17.82843454738));
#5472 = CARTESIAN_POINT('',(-0.27305183627,-17.91252637916));
#5473 = CARTESIAN_POINT('',(-0.232327822672,-17.98502187685));
#5474 = CARTESIAN_POINT('',(-0.159727139216,-18.08570225295));
#5475 = CARTESIAN_POINT('',(-0.128681322152,-18.12063628191));
#5476 = CARTESIAN_POINT('',(-9.699143183691E-02,-18.14758690274));
#5477 = CARTESIAN_POINT('',(-6.485454430628E-02,-18.16583817641));
#5478 = CARTESIAN_POINT('',(-3.246073080859E-02,-18.175));
#5479 = CARTESIAN_POINT('',(0.,-18.175));
#5480 = ( GEOMETRIC_REPRESENTATION_CONTEXT(2) 
PARAMETRIC_REPRESENTATION_CONTEXT() REPRESENTATION_CONTEXT('2D SPACE',''
  ) );
#5481 = PCURVE('',#5382,#5482);
#5482 = DEFINITIONAL_REPRESENTATION('',(#5483),#5511);
#5483 = B_SPLINE_CURVE_WITH_KNOTS('',6,(#5484,#5485,#5486,#5487,#5488,
    #5489,#5490,#5491,#5492,#5493,#5494,#5495,#5496,#5497,#5498,#5499,
    #5500,#5501,#5502,#5503,#5504,#5505,#5506,#5507,#5508,#5509,#5510),
  .UNSPECIFIED.,.F.,.F.,(7,5,5,5,5,7),(0.,0.189067010214,0.429262010544,
    0.692164436613,0.871987740269,1.),.UNSPECIFIED.);
#5484 = CARTESIAN_POINT('',(0.,-3.580415478684));
#5485 = CARTESIAN_POINT('',(-4.601707498186E-02,-3.580415478684));
#5486 = CARTESIAN_POINT('',(-9.188405459629E-02,-3.592786020784));
#5487 = CARTESIAN_POINT('',(-0.137600284161,-3.617377775234));
#5488 = CARTESIAN_POINT('',(-0.183137578339,-3.653397199594));
#5489 = CARTESIAN_POINT('',(-0.228409878931,-3.699400794973));
#5490 = CARTESIAN_POINT('',(-0.330100947351,-3.822092967333));
#5491 = CARTESIAN_POINT('',(-0.386402154884,-3.903931152419));
#5492 = CARTESIAN_POINT('',(-0.442419521001,-3.996037721578));
#5493 = CARTESIAN_POINT('',(-0.498419007234,-4.095681858052));
#5494 = CARTESIAN_POINT('',(-0.554647512219,-4.200517401271));
#5495 = CARTESIAN_POINT('',(-0.673529764036,-4.426583514975));
#5496 = CARTESIAN_POINT('',(-0.736274555975,-4.5484006931));
#5497 = CARTESIAN_POINT('',(-0.80024061508,-4.671547093399));
#5498 = CARTESIAN_POINT('',(-0.865977789769,-4.79384644496));
#5499 = CARTESIAN_POINT('',(-0.934012537891,-4.912530891472));
#5500 = CARTESIAN_POINT('',(-1.053374864231,-5.099965826532));
#5501 = CARTESIAN_POINT('',(-1.103349472921,-5.1728973691));
#5502 = CARTESIAN_POINT('',(-1.154868258315,-5.241158853852));
#5503 = CARTESIAN_POINT('',(-1.207997133748,-5.303134608153));
#5504 = CARTESIAN_POINT('',(-1.262824459194,-5.357075167836));
#5505 = CARTESIAN_POINT('',(-1.359792857949,-5.432455025704));
#5506 = CARTESIAN_POINT('',(-1.401038658973,-5.458782045842));
#5507 = CARTESIAN_POINT('',(-1.442963641896,-5.479189908886));
#5508 = CARTESIAN_POINT('',(-1.485359132277,-5.493045936574));
#5509 = CARTESIAN_POINT('',(-1.528033687406,-5.5));
#5510 = CARTESIAN_POINT('',(-1.570796326795,-5.5));
#5511 = ( GEOMETRIC_REPRESENTATION_CONTEXT(2) 
PARAMETRIC_REPRESENTATION_CONTEXT() REPRESENTATION_CONTEXT('2D SPACE',''
  ) );
#5512 = ORIENTED_EDGE('',*,*,#5513,.T.);
#5513 = EDGE_CURVE('',#5419,#5514,#5516,.T.);
#5514 = VERTEX_POINT('',#5515);
#5515 = CARTESIAN_POINT('',(85.5000001,10.0000001,53.5750001));
#5516 = SEAM_CURVE('',#5517,(#5521,#5528),.PCURVE_S1.);
#5517 = LINE('',#5518,#5519);
#5518 = CARTESIAN_POINT('',(85.5000001,10.0000001,35.0000001));
#5519 = VECTOR('',#5520,1.);
#5520 = DIRECTION('',(0.,0.,1.));
#5521 = PCURVE('',#2859,#5522);
#5522 = DEFINITIONAL_REPRESENTATION('',(#5523),#5527);
#5523 = LINE('',#5524,#5525);
#5524 = CARTESIAN_POINT('',(-6.28318530718,0.));
#5525 = VECTOR('',#5526,1.);
#5526 = DIRECTION('',(-0.,-1.));
#5527 = ( GEOMETRIC_REPRESENTATION_CONTEXT(2) 
PARAMETRIC_REPRESENTATION_CONTEXT() REPRESENTATION_CONTEXT('2D SPACE',''
  ) );
#5528 = PCURVE('',#2859,#5529);
#5529 = DEFINITIONAL_REPRESENTATION('',(#5530),#5534);
#5530 = LINE('',#5531,#5532);
#5531 = CARTESIAN_POINT('',(-0.,0.));
#5532 = VECTOR('',#5533,1.);
#5533 = DIRECTION('',(-0.,-1.));
#5534 = ( GEOMETRIC_REPRESENTATION_CONTEXT(2) 
PARAMETRIC_REPRESENTATION_CONTEXT() REPRESENTATION_CONTEXT('2D SPACE',''
  ) );
#5535 = ORIENTED_EDGE('',*,*,#5536,.F.);
#5536 = EDGE_CURVE('',#5514,#5514,#5537,.T.);
#5537 = SURFACE_CURVE('',#5538,(#5543,#5550),.PCURVE_S1.);
#5538 = CIRCLE('',#5539,5.5);
#5539 = AXIS2_PLACEMENT_3D('',#5540,#5541,#5542);
#5540 = CARTESIAN_POINT('',(80.0000001,10.0000001,53.5750001));
#5541 = DIRECTION('',(0.,0.,-1.));
#5542 = DIRECTION('',(1.,0.,0.));
#5543 = PCURVE('',#2859,#5544);
#5544 = DEFINITIONAL_REPRESENTATION('',(#5545),#5549);
#5545 = LINE('',#5546,#5547);
#5546 = CARTESIAN_POINT('',(-6.28318530718,-18.575));
#5547 = VECTOR('',#5548,1.);
#5548 = DIRECTION('',(1.,-0.));
#5549 = ( GEOMETRIC_REPRESENTATION_CONTEXT(2) 
PARAMETRIC_REPRESENTATION_CONTEXT() REPRESENTATION_CONTEXT('2D SPACE',''
  ) );
#5550 = PCURVE('',#3154,#5551);
#5551 = DEFINITIONAL_REPRESENTATION('',(#5552),#5560);
#5552 = ( BOUNDED_CURVE() B_SPLINE_CURVE(2,(#5553,#5554,#5555,#5556,
#5557,#5558,#5559),.UNSPECIFIED.,.T.,.F.) B_SPLINE_CURVE_WITH_KNOTS((1,2
    ,2,2,2,1),(-2.094395102393,0.,2.094395102393,4.188790204786,
6.28318530718,8.377580409573),.UNSPECIFIED.) CURVE() 
GEOMETRIC_REPRESENTATION_ITEM() RATIONAL_B_SPLINE_CURVE((1.,0.5,1.,0.5,
1.,0.5,1.)) REPRESENTATION_ITEM('') );
#5553 = CARTESIAN_POINT('',(5.5,-1.7763568394E-15));
#5554 = CARTESIAN_POINT('',(5.5,-9.526279441629));
#5555 = CARTESIAN_POINT('',(-2.75,-4.763139720814));
#5556 = CARTESIAN_POINT('',(-11.,-3.123468318462E-15));
#5557 = CARTESIAN_POINT('',(-2.75,4.763139720814));
#5558 = CARTESIAN_POINT('',(5.5,9.526279441629));
#5559 = CARTESIAN_POINT('',(5.5,-1.7763568394E-15));
#5560 = ( GEOMETRIC_REPRESENTATION_CONTEXT(2) 
PARAMETRIC_REPRESENTATION_CONTEXT() REPRESENTATION_CONTEXT('2D SPACE',''
  ) );
#5561 = ORIENTED_EDGE('',*,*,#5513,.F.);
#5562 = ORIENTED_EDGE('',*,*,#5563,.T.);
#5563 = EDGE_CURVE('',#5419,#5296,#5564,.T.);
#5564 = SURFACE_CURVE('',#5565,(#5623,#5684),.PCURVE_S1.);
#5565 = B_SPLINE_CURVE_WITH_KNOTS('',6,(#5566,#5567,#5568,#5569,#5570,
    #5571,#5572,#5573,#5574,#5575,#5576,#5577,#5578,#5579,#5580,#5581,
    #5582,#5583,#5584,#5585,#5586,#5587,#5588,#5589,#5590,#5591,#5592,
    #5593,#5594,#5595,#5596,#5597,#5598,#5599,#5600,#5601,#5602,#5603,
    #5604,#5605,#5606,#5607,#5608,#5609,#5610,#5611,#5612,#5613,#5614,
    #5615,#5616,#5617,#5618,#5619,#5620,#5621,#5622),.UNSPECIFIED.,.F.,
  .F.,(7,5,5,5,5,5,5,5,5,5,5,7),(0.,0.101250653867,0.151265289051,
    0.284597385495,0.403344392572,0.437481350727,0.499344642956,
    0.594002054458,0.714256968106,0.845880476095,0.93590997639,1.),
  .UNSPECIFIED.);
#5566 = CARTESIAN_POINT('',(85.5000001,10.0000001,53.1750001));
#5567 = CARTESIAN_POINT('',(85.5000001,9.715844584203,53.1750001));
#5568 = CARTESIAN_POINT('',(85.482382575278,9.434492829572,
    53.151791759924));
#5569 = CARTESIAN_POINT('',(85.447803220256,9.160092471395,
    53.106236305235));
#5570 = CARTESIAN_POINT('',(85.398181663888,8.896654894799,
    53.040461234266));
#5571 = CARTESIAN_POINT('',(85.336653359324,8.647876911101,
    52.957856494045));
#5572 = CARTESIAN_POINT('',(85.23300566335,8.302993703544,
    52.816540548802));
#5573 = CARTESIAN_POINT('',(85.196623802922,8.192682376923,
    52.766623279234));
#5574 = CARTESIAN_POINT('',(85.158419180848,8.086053402727,
    52.713817855967));
#5575 = CARTESIAN_POINT('',(85.118659200614,7.983054224763,
    52.65839761733));
#5576 = CARTESIAN_POINT('',(85.077589690761,7.883619464085,
    52.600605358466));
#5577 = CARTESIAN_POINT('',(84.923055544899,7.531887539012,
    52.380830507833));
#5578 = CARTESIAN_POINT('',(84.80279368708,7.300499922384,
    52.205419715795));
#5579 = CARTESIAN_POINT('',(84.678651143581,7.091727104,52.018073930168)
  );
#5580 = CARTESIAN_POINT('',(84.553550920406,6.903576478129,
    51.820824759933));
#5581 = CARTESIAN_POINT('',(84.429765752222,6.734346670098,
    51.614485708946));
#5582 = CARTESIAN_POINT('',(84.202865396289,6.448166497972,
    51.206842216614));
#5583 = CARTESIAN_POINT('',(84.09900449308,6.327565760354,
    51.007518222665));
#5584 = CARTESIAN_POINT('',(84.000195314564,6.220781093777,
    50.801297880436));
#5585 = CARTESIAN_POINT('',(83.908704450297,6.12780758159,
    50.588440589589));
#5586 = CARTESIAN_POINT('',(83.827169708751,6.048843252873,
    50.369027906703));
#5587 = CARTESIAN_POINT('',(83.73865385592,5.965994529961,
    50.077956629739));
#5588 = CARTESIAN_POINT('',(83.71995580457,5.948712609533,
    50.012446143779));
#5589 = CARTESIAN_POINT('',(83.702399771484,5.93266972968,
    49.946450708879));
#5590 = CARTESIAN_POINT('',(83.686057087625,5.917884943786,
    49.879999703765));
#5591 = CARTESIAN_POINT('',(83.670994153158,5.904375578223,
    49.813118708607));
#5592 = CARTESIAN_POINT('',(83.632404120787,5.870018306301,
    49.62388745613));
#5593 = CARTESIAN_POINT('',(83.611921130506,5.852106571541,
    49.500517674264));
#5594 = CARTESIAN_POINT('',(83.596253741072,5.838581343712,
    49.376119692573));
#5595 = CARTESIAN_POINT('',(83.58569924337,5.829532016335,
    49.251032596399));
#5596 = CARTESIAN_POINT('',(83.580415578684,5.8250001,49.125560847935));
#5597 = CARTESIAN_POINT('',(83.580415578684,5.8250001,48.807878811951));
#5598 = CARTESIAN_POINT('',(83.592786120784,5.835608985761,
    48.616383892618));
#5599 = CARTESIAN_POINT('',(83.617377875234,5.856698034989,
    48.426252282516));
#5600 = CARTESIAN_POINT('',(83.653397299594,5.888065880836,
    48.238303512715));
#5601 = CARTESIAN_POINT('',(83.699400894973,5.929385941865,
    48.053589552811));
#5602 = CARTESIAN_POINT('',(83.822093067333,6.043938028617,
    47.644775179419));
#5603 = CARTESIAN_POINT('',(83.903931252419,6.122979589265,
    47.422812672394));
#5604 = CARTESIAN_POINT('',(83.996037821578,6.216328714504,
    47.207524321466));
#5605 = CARTESIAN_POINT('',(84.095681958052,6.32377485836,46.99899794283
    ));
#5606 = CARTESIAN_POINT('',(84.200517501271,6.445312360343,
    46.797507696819));
#5607 = CARTESIAN_POINT('',(84.426583614975,6.730217218895,
    46.391089111053));
#5608 = CARTESIAN_POINT('',(84.5484007931,6.896419121472,46.187685035179
    ));
#5609 = CARTESIAN_POINT('',(84.671547193399,7.080943309294,
    45.993093964303));
#5610 = CARTESIAN_POINT('',(84.79384654496,7.28539513987,45.80807759484)
  );
#5611 = CARTESIAN_POINT('',(84.912530991472,7.511662255181,
    45.634532501915));
#5612 = CARTESIAN_POINT('',(85.099965926532,7.932311435514,
    45.367334555154));
#5613 = CARTESIAN_POINT('',(85.1728974691,8.114743799298,45.26540355472)
  );
#5614 = CARTESIAN_POINT('',(85.241158953852,8.308934509571,
    45.171565552619));
#5615 = CARTESIAN_POINT('',(85.303134708153,8.514945400269,
    45.08747372084));
#5616 = CARTESIAN_POINT('',(85.357075267836,8.732659007255,
    45.01497822315));
#5617 = CARTESIAN_POINT('',(85.432455125708,9.124783182746,
    44.914297847039));
#5618 = CARTESIAN_POINT('',(85.458782145839,9.293600295857,
    44.879363818091));
#5619 = CARTESIAN_POINT('',(85.479190008883,9.466886300254,
    44.852413197262));
#5620 = CARTESIAN_POINT('',(85.493046036576,9.643299815071,
    44.834161923587));
#5621 = CARTESIAN_POINT('',(85.5000001,9.821466080578,44.8250001));
#5622 = CARTESIAN_POINT('',(85.5000001,10.0000001,44.8250001));
#5623 = PCURVE('',#2859,#5624);
#5624 = DEFINITIONAL_REPRESENTATION('',(#5625),#5683);
#5625 = B_SPLINE_CURVE_WITH_KNOTS('',6,(#5626,#5627,#5628,#5629,#5630,
    #5631,#5632,#5633,#5634,#5635,#5636,#5637,#5638,#5639,#5640,#5641,
    #5642,#5643,#5644,#5645,#5646,#5647,#5648,#5649,#5650,#5651,#5652,
    #5653,#5654,#5655,#5656,#5657,#5658,#5659,#5660,#5661,#5662,#5663,
    #5664,#5665,#5666,#5667,#5668,#5669,#5670,#5671,#5672,#5673,#5674,
    #5675,#5676,#5677,#5678,#5679,#5680,#5681,#5682),.UNSPECIFIED.,.F.,
  .F.,(7,5,5,5,5,5,5,5,5,5,5,7),(0.,0.101250653867,0.151265289051,
    0.284597385495,0.403344392572,0.437481350727,0.499344642956,
    0.594002054458,0.714256968106,0.845880476095,0.93590997639,1.),
  .UNSPECIFIED.);
#5626 = CARTESIAN_POINT('',(-6.28318530718,-18.175));
#5627 = CARTESIAN_POINT('',(-6.231520667944,-18.175));
#5628 = CARTESIAN_POINT('',(-6.180365719562,-18.15179165992));
#5629 = CARTESIAN_POINT('',(-6.130226907563,-18.10623620523));
#5630 = CARTESIAN_POINT('',(-6.081608018643,-18.04046113426));
#5631 = CARTESIAN_POINT('',(-6.035069772201,-17.95785639404));
#5632 = CARTESIAN_POINT('',(-5.969593192139,-17.8165404488));
#5633 = CARTESIAN_POINT('',(-5.948481396936,-17.76662317923));
#5634 = CARTESIAN_POINT('',(-5.927897154386,-17.71381775596));
#5635 = CARTESIAN_POINT('',(-5.907831543296,-17.65839751733));
#5636 = CARTESIAN_POINT('',(-5.888275960014,-17.60060525846));
#5637 = CARTESIAN_POINT('',(-5.818424606779,-17.38083040783));
#5638 = CARTESIAN_POINT('',(-5.771112318158,-17.20541961579));
#5639 = CARTESIAN_POINT('',(-5.727044909956,-17.01807383016));
#5640 = CARTESIAN_POINT('',(-5.686029754182,-16.82082465993));
#5641 = CARTESIAN_POINT('',(-5.647936670366,-16.61448560894));
#5642 = CARTESIAN_POINT('',(-5.581533727476,-16.20684211661));
#5643 = CARTESIAN_POINT('',(-5.552619480249,-16.00751812266));
#5644 = CARTESIAN_POINT('',(-5.526189514627,-15.80129778043));
#5645 = CARTESIAN_POINT('',(-5.502484309103,-15.58844048958));
#5646 = CARTESIAN_POINT('',(-5.481850074484,-15.3690278067));
#5647 = CARTESIAN_POINT('',(-5.459806565974,-15.07795652973));
#5648 = CARTESIAN_POINT('',(-5.455177315556,-15.01244604377));
#5649 = CARTESIAN_POINT('',(-5.45085339064,-14.94645060887));
#5650 = CARTESIAN_POINT('',(-5.446846542577,-14.87999960376));
#5651 = CARTESIAN_POINT('',(-5.443167746657,-14.8131186086));
#5652 = CARTESIAN_POINT('',(-5.43377351116,-14.62388735613));
#5653 = CARTESIAN_POINT('',(-5.428826428347,-14.50051757426));
#5654 = CARTESIAN_POINT('',(-5.425063255673,-14.37611959257));
#5655 = CARTESIAN_POINT('',(-5.422535440967,-14.25103249639));
#5656 = CARTESIAN_POINT('',(-5.421269817465,-14.12556074793));
#5657 = CARTESIAN_POINT('',(-5.421269817465,-13.80787871195));
#5658 = CARTESIAN_POINT('',(-5.424232800302,-13.61638379261));
#5659 = CARTESIAN_POINT('',(-5.430123142676,-13.42625218251));
#5660 = CARTESIAN_POINT('',(-5.438806756222,-13.23830341271));
#5661 = CARTESIAN_POINT('',(-5.450047517174,-13.05358945281));
#5662 = CARTESIAN_POINT('',(-5.480566742784,-12.64477507941));
#5663 = CARTESIAN_POINT('',(-5.501250437887,-12.42281257239));
#5664 = CARTESIAN_POINT('',(-5.525082770624,-12.20752422146));
#5665 = CARTESIAN_POINT('',(-5.551703611041,-11.99899784282));
#5666 = CARTESIAN_POINT('',(-5.580861876123,-11.79750759681));
#5667 = CARTESIAN_POINT('',(-5.646988892942,-11.39108901105));
#5668 = CARTESIAN_POINT('',(-5.684427739683,-11.18768493517));
#5669 = CARTESIAN_POINT('',(-5.724700563446,-10.9930938643));
#5670 = CARTESIAN_POINT('',(-5.767926827919,-10.80807749484));
#5671 = CARTESIAN_POINT('',(-5.814287482425,-10.63453240191));
#5672 = CARTESIAN_POINT('',(-5.898018177804,-10.36733445515));
#5673 = CARTESIAN_POINT('',(-5.933713051639,-10.26540345472));
#5674 = CARTESIAN_POINT('',(-5.971086016457,-10.17156545261));
#5675 = CARTESIAN_POINT('',(-6.010133470909,-10.08747362084));
#5676 = CARTESIAN_POINT('',(-6.050857484508,-10.01497812315));
#5677 = CARTESIAN_POINT('',(-6.123458167968,-9.914297747039));
#5678 = CARTESIAN_POINT('',(-6.154503985027,-9.879363718091));
#5679 = CARTESIAN_POINT('',(-6.186193875338,-9.852413097262));
#5680 = CARTESIAN_POINT('',(-6.218330762872,-9.834161823587));
#5681 = CARTESIAN_POINT('',(-6.250724576376,-9.825));
#5682 = CARTESIAN_POINT('',(-6.28318530718,-9.825));
#5683 = ( GEOMETRIC_REPRESENTATION_CONTEXT(2) 
PARAMETRIC_REPRESENTATION_CONTEXT() REPRESENTATION_CONTEXT('2D SPACE',''
  ) );
#5684 = PCURVE('',#5382,#5685);
#5685 = DEFINITIONAL_REPRESENTATION('',(#5686),#5744);
#5686 = B_SPLINE_CURVE_WITH_KNOTS('',6,(#5687,#5688,#5689,#5690,#5691,
    #5692,#5693,#5694,#5695,#5696,#5697,#5698,#5699,#5700,#5701,#5702,
    #5703,#5704,#5705,#5706,#5707,#5708,#5709,#5710,#5711,#5712,#5713,
    #5714,#5715,#5716,#5717,#5718,#5719,#5720,#5721,#5722,#5723,#5724,
    #5725,#5726,#5727,#5728,#5729,#5730,#5731,#5732,#5733,#5734,#5735,
    #5736,#5737,#5738,#5739,#5740,#5741,#5742,#5743),.UNSPECIFIED.,.F.,
  .F.,(7,5,5,5,5,5,5,5,5,5,5,7),(0.,0.101250653867,0.151265289051,
    0.284597385495,0.403344392572,0.437481350727,0.499344642956,
    0.594002054458,0.714256968106,0.845880476095,0.93590997639,1.),
  .UNSPECIFIED.);
#5687 = CARTESIAN_POINT('',(-1.570796326795,-5.5));
#5688 = CARTESIAN_POINT('',(-1.638857528183,-5.5));
#5689 = CARTESIAN_POINT('',(-1.706247162117,-5.482382475278));
#5690 = CARTESIAN_POINT('',(-1.772539388582,-5.447803120256));
#5691 = CARTESIAN_POINT('',(-1.837284281453,-5.398181563888));
#5692 = CARTESIAN_POINT('',(-1.899924394149,-5.336653259324));
#5693 = CARTESIAN_POINT('',(-1.989196854244,-5.23300556335));
#5694 = CARTESIAN_POINT('',(-2.018179166025,-5.196623702922));
#5695 = CARTESIAN_POINT('',(-2.046653878063,-5.158419080848));
#5696 = CARTESIAN_POINT('',(-2.074645816964,-5.118659100614));
#5697 = CARTESIAN_POINT('',(-2.102178928065,-5.077589590761));
#5698 = CARTESIAN_POINT('',(-2.201519890143,-4.923055444899));
#5699 = CARTESIAN_POINT('',(-2.270784963222,-4.80279358708));
#5700 = CARTESIAN_POINT('',(-2.33764848745,-4.678651043581));
#5701 = CARTESIAN_POINT('',(-2.402661727777,-4.553550820406));
#5702 = CARTESIAN_POINT('',(-2.466401768984,-4.429765652222));
#5703 = CARTESIAN_POINT('',(-2.585699631826,-4.202865296289));
#5704 = CARTESIAN_POINT('',(-2.641371884018,-4.09900439308));
#5705 = CARTESIAN_POINT('',(-2.696813438074,-4.000195214564));
#5706 = CARTESIAN_POINT('',(-2.752266559537,-3.908704350297));
#5707 = CARTESIAN_POINT('',(-2.807990749736,-3.827169608751));
#5708 = CARTESIAN_POINT('',(-2.880477563858,-3.73865375592));
#5709 = CARTESIAN_POINT('',(-2.896702462033,-3.71995570457));
#5710 = CARTESIAN_POINT('',(-2.912965469417,-3.702399671484));
#5711 = CARTESIAN_POINT('',(-2.929266375589,-3.686056987625));
#5712 = CARTESIAN_POINT('',(-2.945606136514,-3.670994053158));
#5713 = CARTESIAN_POINT('',(-2.991671994455,-3.632404020787));
#5714 = CARTESIAN_POINT('',(-3.021512698412,-3.611921030506));
#5715 = CARTESIAN_POINT('',(-3.051455231994,-3.596253641072));
#5716 = CARTESIAN_POINT('',(-3.081465067309,-3.58569914337));
#5717 = CARTESIAN_POINT('',(-3.111518222947,-3.580415478684));
#5718 = CARTESIAN_POINT('',(-3.187609728572,-3.580415478684));
#5719 = CARTESIAN_POINT('',(-3.233476708186,-3.592786020784));
#5720 = CARTESIAN_POINT('',(-3.279192937751,-3.617377775234));
#5721 = CARTESIAN_POINT('',(-3.324730231928,-3.653397199594));
#5722 = CARTESIAN_POINT('',(-3.37000253252,-3.699400794973));
#5723 = CARTESIAN_POINT('',(-3.471693600941,-3.822092967333));
#5724 = CARTESIAN_POINT('',(-3.527994808474,-3.903931152419));
#5725 = CARTESIAN_POINT('',(-3.584012174591,-3.996037721578));
#5726 = CARTESIAN_POINT('',(-3.640011660824,-4.095681858052));
#5727 = CARTESIAN_POINT('',(-3.696240165809,-4.200517401271));
#5728 = CARTESIAN_POINT('',(-3.815122417626,-4.426583514975));
#5729 = CARTESIAN_POINT('',(-3.877867209565,-4.5484006931));
#5730 = CARTESIAN_POINT('',(-3.94183326867,-4.671547093399));
#5731 = CARTESIAN_POINT('',(-4.007570443358,-4.79384644496));
#5732 = CARTESIAN_POINT('',(-4.075605191481,-4.912530891472));
#5733 = CARTESIAN_POINT('',(-4.19496751782,-5.099965826532));
#5734 = CARTESIAN_POINT('',(-4.244942126511,-5.1728973691));
#5735 = CARTESIAN_POINT('',(-4.296460911905,-5.241158853852));
#5736 = CARTESIAN_POINT('',(-4.349589787338,-5.303134608153));
#5737 = CARTESIAN_POINT('',(-4.404417112784,-5.357075167836));
#5738 = CARTESIAN_POINT('',(-4.501385511545,-5.432455025708));
#5739 = CARTESIAN_POINT('',(-4.542631312561,-5.458782045839));
#5740 = CARTESIAN_POINT('',(-4.58455629548,-5.479189908883));
#5741 = CARTESIAN_POINT('',(-4.626951785865,-5.493045936576));
#5742 = CARTESIAN_POINT('',(-4.669626341002,-5.5));
#5743 = CARTESIAN_POINT('',(-4.712388980385,-5.5));
#5744 = ( GEOMETRIC_REPRESENTATION_CONTEXT(2) 
PARAMETRIC_REPRESENTATION_CONTEXT() REPRESENTATION_CONTEXT('2D SPACE',''
  ) );
#5745 = ORIENTED_EDGE('',*,*,#5295,.F.);
#5746 = ORIENTED_EDGE('',*,*,#5747,.T.);
#5747 = EDGE_CURVE('',#5268,#2762,#5748,.T.);
#5748 = SURFACE_CURVE('',#5749,(#5754,#5761),.PCURVE_S1.);
#5749 = CIRCLE('',#5750,5.5);
#5750 = AXIS2_PLACEMENT_3D('',#5751,#5752,#5753);
#5751 = CARTESIAN_POINT('',(80.0000001,10.0000001,35.0000001));
#5752 = DIRECTION('',(0.,0.,-1.));
#5753 = DIRECTION('',(1.,1.2918958832E-15,0.));
#5754 = PCURVE('',#2859,#5755);
#5755 = DEFINITIONAL_REPRESENTATION('',(#5756),#5760);
#5756 = LINE('',#5757,#5758);
#5757 = CARTESIAN_POINT('',(-6.28318530718,0.));
#5758 = VECTOR('',#5759,1.);
#5759 = DIRECTION('',(1.,-0.));
#5760 = ( GEOMETRIC_REPRESENTATION_CONTEXT(2) 
PARAMETRIC_REPRESENTATION_CONTEXT() REPRESENTATION_CONTEXT('2D SPACE',''
  ) );
#5761 = PCURVE('',#5207,#5762);
#5762 = DEFINITIONAL_REPRESENTATION('',(#5763),#5771);
#5763 = ( BOUNDED_CURVE() B_SPLINE_CURVE(2,(#5764,#5765,#5766,#5767,
#5768,#5769,#5770),.UNSPECIFIED.,.T.,.F.) B_SPLINE_CURVE_WITH_KNOTS((1,2
    ,2,2,2,1),(-2.094395102393,0.,2.094395102393,4.188790204786,
6.28318530718,8.377580409573),.UNSPECIFIED.) CURVE() 
GEOMETRIC_REPRESENTATION_ITEM() RATIONAL_B_SPLINE_CURVE((1.,0.5,1.,0.5,
1.,0.5,1.)) REPRESENTATION_ITEM('') );
#5764 = CARTESIAN_POINT('',(5.5,-1.7763568394E-15));
#5765 = CARTESIAN_POINT('',(5.5,-9.526279441629));
#5766 = CARTESIAN_POINT('',(-2.75,-4.763139720814));
#5767 = CARTESIAN_POINT('',(-11.,-2.443975039127E-14));
#5768 = CARTESIAN_POINT('',(-2.75,4.763139720814));
#5769 = CARTESIAN_POINT('',(5.5,9.526279441629));
#5770 = CARTESIAN_POINT('',(5.5,-1.7763568394E-15));
#5771 = ( GEOMETRIC_REPRESENTATION_CONTEXT(2) 
PARAMETRIC_REPRESENTATION_CONTEXT() REPRESENTATION_CONTEXT('2D SPACE',''
  ) );
#5772 = FACE_BOUND('',#5773,.T.);
#5773 = EDGE_LOOP('',(#5774,#5775));
#5774 = ORIENTED_EDGE('',*,*,#2759,.T.);
#5775 = ORIENTED_EDGE('',*,*,#2935,.T.);
#5776 = ADVANCED_FACE('',(#5777),#3099,.T.);
#5777 = FACE_BOUND('',#5778,.T.);
#5778 = EDGE_LOOP('',(#5779));
#5779 = ORIENTED_EDGE('',*,*,#3082,.T.);
#5780 = ADVANCED_FACE('',(#5781,#5784),#3154,.T.);
#5781 = FACE_BOUND('',#5782,.T.);
#5782 = EDGE_LOOP('',(#5783));
#5783 = ORIENTED_EDGE('',*,*,#3137,.T.);
#5784 = FACE_BOUND('',#5785,.T.);
#5785 = EDGE_LOOP('',(#5786));
#5786 = ORIENTED_EDGE('',*,*,#5536,.T.);
#5787 = ADVANCED_FACE('',(#5788),#3209,.T.);
#5788 = FACE_BOUND('',#5789,.T.);
#5789 = EDGE_LOOP('',(#5790));
#5790 = ORIENTED_EDGE('',*,*,#3192,.T.);
#5791 = ADVANCED_FACE('',(#5792),#3264,.T.);
#5792 = FACE_BOUND('',#5793,.T.);
#5793 = EDGE_LOOP('',(#5794));
#5794 = ORIENTED_EDGE('',*,*,#3247,.T.);
#5795 = ADVANCED_FACE('',(#5796,#5854,#5889,#6003,#6117,#6152,#6187,
    #6301,#6336,#6450,#6485),#3342,.T.);
#5796 = FACE_BOUND('',#5797,.T.);
#5797 = EDGE_LOOP('',(#5798,#5799,#5800,#5801,#5802,#5803,#5804,#5805,
    #5828,#5849,#5850,#5851,#5852,#5853));
#5798 = ORIENTED_EDGE('',*,*,#3777,.T.);
#5799 = ORIENTED_EDGE('',*,*,#4048,.T.);
#5800 = ORIENTED_EDGE('',*,*,#4207,.T.);
#5801 = ORIENTED_EDGE('',*,*,#4310,.T.);
#5802 = ORIENTED_EDGE('',*,*,#4359,.T.);
#5803 = ORIENTED_EDGE('',*,*,#4261,.T.);
#5804 = ORIENTED_EDGE('',*,*,#4120,.T.);
#5805 = ORIENTED_EDGE('',*,*,#5806,.F.);
#5806 = EDGE_CURVE('',#5807,#4121,#5809,.T.);
#5807 = VERTEX_POINT('',#5808);
#5808 = CARTESIAN_POINT('',(99.8000001,17.0000001,35.0000001));
#5809 = SURFACE_CURVE('',#5810,(#5814,#5821),.PCURVE_S1.);
#5810 = LINE('',#5811,#5812);
#5811 = CARTESIAN_POINT('',(75.0000001,17.0000001,35.0000001));
#5812 = VECTOR('',#5813,1.);
#5813 = DIRECTION('',(-1.,0.,0.));
#5814 = PCURVE('',#3342,#5815);
#5815 = DEFINITIONAL_REPRESENTATION('',(#5816),#5820);
#5816 = LINE('',#5817,#5818);
#5817 = CARTESIAN_POINT('',(5.,-11.5));
#5818 = VECTOR('',#5819,1.);
#5819 = DIRECTION('',(-1.,0.));
#5820 = ( GEOMETRIC_REPRESENTATION_CONTEXT(2) 
PARAMETRIC_REPRESENTATION_CONTEXT() REPRESENTATION_CONTEXT('2D SPACE',''
  ) );
#5821 = PCURVE('',#4164,#5822);
#5822 = DEFINITIONAL_REPRESENTATION('',(#5823),#5827);
#5823 = LINE('',#5824,#5825);
#5824 = CARTESIAN_POINT('',(1.,-5.));
#5825 = VECTOR('',#5826,1.);
#5826 = DIRECTION('',(0.,-1.));
#5827 = ( GEOMETRIC_REPRESENTATION_CONTEXT(2) 
PARAMETRIC_REPRESENTATION_CONTEXT() REPRESENTATION_CONTEXT('2D SPACE',''
  ) );
#5828 = ORIENTED_EDGE('',*,*,#5829,.F.);
#5829 = EDGE_CURVE('',#3832,#5807,#5830,.T.);
#5830 = SURFACE_CURVE('',#5831,(#5835,#5842),.PCURVE_S1.);
#5831 = LINE('',#5832,#5833);
#5832 = CARTESIAN_POINT('',(99.8000001,15.7500001,35.0000001));
#5833 = VECTOR('',#5834,1.);
#5834 = DIRECTION('',(0.,1.,0.));
#5835 = PCURVE('',#3342,#5836);
#5836 = DEFINITIONAL_REPRESENTATION('',(#5837),#5841);
#5837 = LINE('',#5838,#5839);
#5838 = CARTESIAN_POINT('',(29.8,-12.75));
#5839 = VECTOR('',#5840,1.);
#5840 = DIRECTION('',(0.,1.));
#5841 = ( GEOMETRIC_REPRESENTATION_CONTEXT(2) 
PARAMETRIC_REPRESENTATION_CONTEXT() REPRESENTATION_CONTEXT('2D SPACE',''
  ) );
#5842 = PCURVE('',#3870,#5843);
#5843 = DEFINITIONAL_REPRESENTATION('',(#5844),#5848);
#5844 = LINE('',#5845,#5846);
#5845 = CARTESIAN_POINT('',(1.,-12.75));
#5846 = VECTOR('',#5847,1.);
#5847 = DIRECTION('',(0.,-1.));
#5848 = ( GEOMETRIC_REPRESENTATION_CONTEXT(2) 
PARAMETRIC_REPRESENTATION_CONTEXT() REPRESENTATION_CONTEXT('2D SPACE',''
  ) );
#5849 = ORIENTED_EDGE('',*,*,#3831,.T.);
#5850 = ORIENTED_EDGE('',*,*,#3748,.T.);
#5851 = ORIENTED_EDGE('',*,*,#3379,.T.);
#5852 = ORIENTED_EDGE('',*,*,#3325,.T.);
#5853 = ORIENTED_EDGE('',*,*,#3674,.T.);
#5854 = FACE_BOUND('',#5855,.T.);
#5855 = EDGE_LOOP('',(#5856));
#5856 = ORIENTED_EDGE('',*,*,#5857,.T.);
#5857 = EDGE_CURVE('',#5858,#5858,#5860,.T.);
#5858 = VERTEX_POINT('',#5859);
#5859 = CARTESIAN_POINT('',(7.4500001,22.0000001,35.0000001));
#5860 = SURFACE_CURVE('',#5861,(#5866,#5877),.PCURVE_S1.);
#5861 = CIRCLE('',#5862,1.25);
#5862 = AXIS2_PLACEMENT_3D('',#5863,#5864,#5865);
#5863 = CARTESIAN_POINT('',(6.2000001,22.0000001,35.0000001));
#5864 = DIRECTION('',(0.,0.,-1.));
#5865 = DIRECTION('',(1.,0.,0.));
#5866 = PCURVE('',#3342,#5867);
#5867 = DEFINITIONAL_REPRESENTATION('',(#5868),#5876);
#5868 = ( BOUNDED_CURVE() B_SPLINE_CURVE(2,(#5869,#5870,#5871,#5872,
#5873,#5874,#5875),.UNSPECIFIED.,.T.,.F.) B_SPLINE_CURVE_WITH_KNOTS((1,2
    ,2,2,2,1),(-2.094395102393,0.,2.094395102393,4.188790204786,
6.28318530718,8.377580409573),.UNSPECIFIED.) CURVE() 
GEOMETRIC_REPRESENTATION_ITEM() RATIONAL_B_SPLINE_CURVE((1.,0.5,1.,0.5,
1.,0.5,1.)) REPRESENTATION_ITEM('') );
#5869 = CARTESIAN_POINT('',(-62.55,-6.5));
#5870 = CARTESIAN_POINT('',(-62.55,-8.665063509461));
#5871 = CARTESIAN_POINT('',(-64.425,-7.582531754731));
#5872 = CARTESIAN_POINT('',(-66.3,-6.5));
#5873 = CARTESIAN_POINT('',(-64.425,-5.417468245269));
#5874 = CARTESIAN_POINT('',(-62.55,-4.334936490539));
#5875 = CARTESIAN_POINT('',(-62.55,-6.5));
#5876 = ( GEOMETRIC_REPRESENTATION_CONTEXT(2) 
PARAMETRIC_REPRESENTATION_CONTEXT() REPRESENTATION_CONTEXT('2D SPACE',''
  ) );
#5877 = PCURVE('',#5878,#5883);
#5878 = CYLINDRICAL_SURFACE('',#5879,1.25);
#5879 = AXIS2_PLACEMENT_3D('',#5880,#5881,#5882);
#5880 = CARTESIAN_POINT('',(6.2000001,22.0000001,30.0000001));
#5881 = DIRECTION('',(-0.,-0.,-1.));
#5882 = DIRECTION('',(1.,0.,0.));
#5883 = DEFINITIONAL_REPRESENTATION('',(#5884),#5888);
#5884 = LINE('',#5885,#5886);
#5885 = CARTESIAN_POINT('',(-6.28318530718,-5.));
#5886 = VECTOR('',#5887,1.);
#5887 = DIRECTION('',(1.,-0.));
#5888 = ( GEOMETRIC_REPRESENTATION_CONTEXT(2) 
PARAMETRIC_REPRESENTATION_CONTEXT() REPRESENTATION_CONTEXT('2D SPACE',''
  ) );
#5889 = FACE_BOUND('',#5890,.T.);
#5890 = EDGE_LOOP('',(#5891,#5921,#5949,#5977));
#5891 = ORIENTED_EDGE('',*,*,#5892,.T.);
#5892 = EDGE_CURVE('',#5893,#5895,#5897,.T.);
#5893 = VERTEX_POINT('',#5894);
#5894 = CARTESIAN_POINT('',(29.5000001,6.1000001,35.0000001));
#5895 = VERTEX_POINT('',#5896);
#5896 = CARTESIAN_POINT('',(26.5000001,6.1000001,35.0000001));
#5897 = SURFACE_CURVE('',#5898,(#5902,#5909),.PCURVE_S1.);
#5898 = LINE('',#5899,#5900);
#5899 = CARTESIAN_POINT('',(48.2500001,6.1000001,35.0000001));
#5900 = VECTOR('',#5901,1.);
#5901 = DIRECTION('',(-1.,0.,0.));
#5902 = PCURVE('',#3342,#5903);
#5903 = DEFINITIONAL_REPRESENTATION('',(#5904),#5908);
#5904 = LINE('',#5905,#5906);
#5905 = CARTESIAN_POINT('',(-21.75,-22.4));
#5906 = VECTOR('',#5907,1.);
#5907 = DIRECTION('',(-1.,0.));
#5908 = ( GEOMETRIC_REPRESENTATION_CONTEXT(2) 
PARAMETRIC_REPRESENTATION_CONTEXT() REPRESENTATION_CONTEXT('2D SPACE',''
  ) );
#5909 = PCURVE('',#5910,#5915);
#5910 = PLANE('',#5911);
#5911 = AXIS2_PLACEMENT_3D('',#5912,#5913,#5914);
#5912 = CARTESIAN_POINT('',(26.5000001,6.1000001,34.1000001));
#5913 = DIRECTION('',(0.,1.,0.));
#5914 = DIRECTION('',(0.,0.,1.));
#5915 = DEFINITIONAL_REPRESENTATION('',(#5916),#5920);
#5916 = LINE('',#5917,#5918);
#5917 = CARTESIAN_POINT('',(0.9,21.75));
#5918 = VECTOR('',#5919,1.);
#5919 = DIRECTION('',(0.,-1.));
#5920 = ( GEOMETRIC_REPRESENTATION_CONTEXT(2) 
PARAMETRIC_REPRESENTATION_CONTEXT() REPRESENTATION_CONTEXT('2D SPACE',''
  ) );
#5921 = ORIENTED_EDGE('',*,*,#5922,.T.);
#5922 = EDGE_CURVE('',#5895,#5923,#5925,.T.);
#5923 = VERTEX_POINT('',#5924);
#5924 = CARTESIAN_POINT('',(26.5000001,41.9000001,35.0000001));
#5925 = SURFACE_CURVE('',#5926,(#5930,#5937),.PCURVE_S1.);
#5926 = LINE('',#5927,#5928);
#5927 = CARTESIAN_POINT('',(26.5000001,17.3000001,35.0000001));
#5928 = VECTOR('',#5929,1.);
#5929 = DIRECTION('',(0.,1.,0.));
#5930 = PCURVE('',#3342,#5931);
#5931 = DEFINITIONAL_REPRESENTATION('',(#5932),#5936);
#5932 = LINE('',#5933,#5934);
#5933 = CARTESIAN_POINT('',(-43.5,-11.2));
#5934 = VECTOR('',#5935,1.);
#5935 = DIRECTION('',(0.,1.));
#5936 = ( GEOMETRIC_REPRESENTATION_CONTEXT(2) 
PARAMETRIC_REPRESENTATION_CONTEXT() REPRESENTATION_CONTEXT('2D SPACE',''
  ) );
#5937 = PCURVE('',#5938,#5943);
#5938 = PLANE('',#5939);
#5939 = AXIS2_PLACEMENT_3D('',#5940,#5941,#5942);
#5940 = CARTESIAN_POINT('',(26.5000001,6.1000001,34.1000001));
#5941 = DIRECTION('',(1.,0.,0.));
#5942 = DIRECTION('',(0.,0.,1.));
#5943 = DEFINITIONAL_REPRESENTATION('',(#5944),#5948);
#5944 = LINE('',#5945,#5946);
#5945 = CARTESIAN_POINT('',(0.9,-11.2));
#5946 = VECTOR('',#5947,1.);
#5947 = DIRECTION('',(0.,-1.));
#5948 = ( GEOMETRIC_REPRESENTATION_CONTEXT(2) 
PARAMETRIC_REPRESENTATION_CONTEXT() REPRESENTATION_CONTEXT('2D SPACE',''
  ) );
#5949 = ORIENTED_EDGE('',*,*,#5950,.F.);
#5950 = EDGE_CURVE('',#5951,#5923,#5953,.T.);
#5951 = VERTEX_POINT('',#5952);
#5952 = CARTESIAN_POINT('',(29.5000001,41.9000001,35.0000001));
#5953 = SURFACE_CURVE('',#5954,(#5958,#5965),.PCURVE_S1.);
#5954 = LINE('',#5955,#5956);
#5955 = CARTESIAN_POINT('',(48.2500001,41.9000001,35.0000001));
#5956 = VECTOR('',#5957,1.);
#5957 = DIRECTION('',(-1.,0.,0.));
#5958 = PCURVE('',#3342,#5959);
#5959 = DEFINITIONAL_REPRESENTATION('',(#5960),#5964);
#5960 = LINE('',#5961,#5962);
#5961 = CARTESIAN_POINT('',(-21.75,13.4));
#5962 = VECTOR('',#5963,1.);
#5963 = DIRECTION('',(-1.,0.));
#5964 = ( GEOMETRIC_REPRESENTATION_CONTEXT(2) 
PARAMETRIC_REPRESENTATION_CONTEXT() REPRESENTATION_CONTEXT('2D SPACE',''
  ) );
#5965 = PCURVE('',#5966,#5971);
#5966 = PLANE('',#5967);
#5967 = AXIS2_PLACEMENT_3D('',#5968,#5969,#5970);
#5968 = CARTESIAN_POINT('',(26.5000001,41.9000001,34.1000001));
#5969 = DIRECTION('',(0.,1.,0.));
#5970 = DIRECTION('',(0.,0.,1.));
#5971 = DEFINITIONAL_REPRESENTATION('',(#5972),#5976);
#5972 = LINE('',#5973,#5974);
#5973 = CARTESIAN_POINT('',(0.9,21.75));
#5974 = VECTOR('',#5975,1.);
#5975 = DIRECTION('',(0.,-1.));
#5976 = ( GEOMETRIC_REPRESENTATION_CONTEXT(2) 
PARAMETRIC_REPRESENTATION_CONTEXT() REPRESENTATION_CONTEXT('2D SPACE',''
  ) );
#5977 = ORIENTED_EDGE('',*,*,#5978,.F.);
#5978 = EDGE_CURVE('',#5893,#5951,#5979,.T.);
#5979 = SURFACE_CURVE('',#5980,(#5984,#5991),.PCURVE_S1.);
#5980 = LINE('',#5981,#5982);
#5981 = CARTESIAN_POINT('',(29.5000001,17.3000001,35.0000001));
#5982 = VECTOR('',#5983,1.);
#5983 = DIRECTION('',(0.,1.,0.));
#5984 = PCURVE('',#3342,#5985);
#5985 = DEFINITIONAL_REPRESENTATION('',(#5986),#5990);
#5986 = LINE('',#5987,#5988);
#5987 = CARTESIAN_POINT('',(-40.5,-11.2));
#5988 = VECTOR('',#5989,1.);
#5989 = DIRECTION('',(0.,1.));
#5990 = ( GEOMETRIC_REPRESENTATION_CONTEXT(2) 
PARAMETRIC_REPRESENTATION_CONTEXT() REPRESENTATION_CONTEXT('2D SPACE',''
  ) );
#5991 = PCURVE('',#5992,#5997);
#5992 = PLANE('',#5993);
#5993 = AXIS2_PLACEMENT_3D('',#5994,#5995,#5996);
#5994 = CARTESIAN_POINT('',(29.5000001,6.1000001,34.1000001));
#5995 = DIRECTION('',(1.,0.,0.));
#5996 = DIRECTION('',(0.,0.,1.));
#5997 = DEFINITIONAL_REPRESENTATION('',(#5998),#6002);
#5998 = LINE('',#5999,#6000);
#5999 = CARTESIAN_POINT('',(0.9,-11.2));
#6000 = VECTOR('',#6001,1.);
#6001 = DIRECTION('',(0.,-1.));
#6002 = ( GEOMETRIC_REPRESENTATION_CONTEXT(2) 
PARAMETRIC_REPRESENTATION_CONTEXT() REPRESENTATION_CONTEXT('2D SPACE',''
  ) );
#6003 = FACE_BOUND('',#6004,.T.);
#6004 = EDGE_LOOP('',(#6005,#6035,#6063,#6091));
#6005 = ORIENTED_EDGE('',*,*,#6006,.T.);
#6006 = EDGE_CURVE('',#6007,#6009,#6011,.T.);
#6007 = VERTEX_POINT('',#6008);
#6008 = CARTESIAN_POINT('',(51.5000001,6.1000001,35.0000001));
#6009 = VERTEX_POINT('',#6010);
#6010 = CARTESIAN_POINT('',(48.5000001,6.1000001,35.0000001));
#6011 = SURFACE_CURVE('',#6012,(#6016,#6023),.PCURVE_S1.);
#6012 = LINE('',#6013,#6014);
#6013 = CARTESIAN_POINT('',(59.2500001,6.1000001,35.0000001));
#6014 = VECTOR('',#6015,1.);
#6015 = DIRECTION('',(-1.,0.,0.));
#6016 = PCURVE('',#3342,#6017);
#6017 = DEFINITIONAL_REPRESENTATION('',(#6018),#6022);
#6018 = LINE('',#6019,#6020);
#6019 = CARTESIAN_POINT('',(-10.75,-22.4));
#6020 = VECTOR('',#6021,1.);
#6021 = DIRECTION('',(-1.,0.));
#6022 = ( GEOMETRIC_REPRESENTATION_CONTEXT(2) 
PARAMETRIC_REPRESENTATION_CONTEXT() REPRESENTATION_CONTEXT('2D SPACE',''
  ) );
#6023 = PCURVE('',#6024,#6029);
#6024 = PLANE('',#6025);
#6025 = AXIS2_PLACEMENT_3D('',#6026,#6027,#6028);
#6026 = CARTESIAN_POINT('',(48.5000001,6.1000001,34.1000001));
#6027 = DIRECTION('',(0.,1.,0.));
#6028 = DIRECTION('',(0.,0.,1.));
#6029 = DEFINITIONAL_REPRESENTATION('',(#6030),#6034);
#6030 = LINE('',#6031,#6032);
#6031 = CARTESIAN_POINT('',(0.9,10.75));
#6032 = VECTOR('',#6033,1.);
#6033 = DIRECTION('',(0.,-1.));
#6034 = ( GEOMETRIC_REPRESENTATION_CONTEXT(2) 
PARAMETRIC_REPRESENTATION_CONTEXT() REPRESENTATION_CONTEXT('2D SPACE',''
  ) );
#6035 = ORIENTED_EDGE('',*,*,#6036,.T.);
#6036 = EDGE_CURVE('',#6009,#6037,#6039,.T.);
#6037 = VERTEX_POINT('',#6038);
#6038 = CARTESIAN_POINT('',(48.5000001,41.9000001,35.0000001));
#6039 = SURFACE_CURVE('',#6040,(#6044,#6051),.PCURVE_S1.);
#6040 = LINE('',#6041,#6042);
#6041 = CARTESIAN_POINT('',(48.5000001,17.3000001,35.0000001));
#6042 = VECTOR('',#6043,1.);
#6043 = DIRECTION('',(0.,1.,0.));
#6044 = PCURVE('',#3342,#6045);
#6045 = DEFINITIONAL_REPRESENTATION('',(#6046),#6050);
#6046 = LINE('',#6047,#6048);
#6047 = CARTESIAN_POINT('',(-21.5,-11.2));
#6048 = VECTOR('',#6049,1.);
#6049 = DIRECTION('',(0.,1.));
#6050 = ( GEOMETRIC_REPRESENTATION_CONTEXT(2) 
PARAMETRIC_REPRESENTATION_CONTEXT() REPRESENTATION_CONTEXT('2D SPACE',''
  ) );
#6051 = PCURVE('',#6052,#6057);
#6052 = PLANE('',#6053);
#6053 = AXIS2_PLACEMENT_3D('',#6054,#6055,#6056);
#6054 = CARTESIAN_POINT('',(48.5000001,6.1000001,34.1000001));
#6055 = DIRECTION('',(1.,0.,0.));
#6056 = DIRECTION('',(0.,0.,1.));
#6057 = DEFINITIONAL_REPRESENTATION('',(#6058),#6062);
#6058 = LINE('',#6059,#6060);
#6059 = CARTESIAN_POINT('',(0.9,-11.2));
#6060 = VECTOR('',#6061,1.);
#6061 = DIRECTION('',(0.,-1.));
#6062 = ( GEOMETRIC_REPRESENTATION_CONTEXT(2) 
PARAMETRIC_REPRESENTATION_CONTEXT() REPRESENTATION_CONTEXT('2D SPACE',''
  ) );
#6063 = ORIENTED_EDGE('',*,*,#6064,.F.);
#6064 = EDGE_CURVE('',#6065,#6037,#6067,.T.);
#6065 = VERTEX_POINT('',#6066);
#6066 = CARTESIAN_POINT('',(51.5000001,41.9000001,35.0000001));
#6067 = SURFACE_CURVE('',#6068,(#6072,#6079),.PCURVE_S1.);
#6068 = LINE('',#6069,#6070);
#6069 = CARTESIAN_POINT('',(59.2500001,41.9000001,35.0000001));
#6070 = VECTOR('',#6071,1.);
#6071 = DIRECTION('',(-1.,0.,0.));
#6072 = PCURVE('',#3342,#6073);
#6073 = DEFINITIONAL_REPRESENTATION('',(#6074),#6078);
#6074 = LINE('',#6075,#6076);
#6075 = CARTESIAN_POINT('',(-10.75,13.4));
#6076 = VECTOR('',#6077,1.);
#6077 = DIRECTION('',(-1.,0.));
#6078 = ( GEOMETRIC_REPRESENTATION_CONTEXT(2) 
PARAMETRIC_REPRESENTATION_CONTEXT() REPRESENTATION_CONTEXT('2D SPACE',''
  ) );
#6079 = PCURVE('',#6080,#6085);
#6080 = PLANE('',#6081);
#6081 = AXIS2_PLACEMENT_3D('',#6082,#6083,#6084);
#6082 = CARTESIAN_POINT('',(48.5000001,41.9000001,34.1000001));
#6083 = DIRECTION('',(0.,1.,0.));
#6084 = DIRECTION('',(0.,0.,1.));
#6085 = DEFINITIONAL_REPRESENTATION('',(#6086),#6090);
#6086 = LINE('',#6087,#6088);
#6087 = CARTESIAN_POINT('',(0.9,10.75));
#6088 = VECTOR('',#6089,1.);
#6089 = DIRECTION('',(0.,-1.));
#6090 = ( GEOMETRIC_REPRESENTATION_CONTEXT(2) 
PARAMETRIC_REPRESENTATION_CONTEXT() REPRESENTATION_CONTEXT('2D SPACE',''
  ) );
#6091 = ORIENTED_EDGE('',*,*,#6092,.F.);
#6092 = EDGE_CURVE('',#6007,#6065,#6093,.T.);
#6093 = SURFACE_CURVE('',#6094,(#6098,#6105),.PCURVE_S1.);
#6094 = LINE('',#6095,#6096);
#6095 = CARTESIAN_POINT('',(51.5000001,17.3000001,35.0000001));
#6096 = VECTOR('',#6097,1.);
#6097 = DIRECTION('',(0.,1.,0.));
#6098 = PCURVE('',#3342,#6099);
#6099 = DEFINITIONAL_REPRESENTATION('',(#6100),#6104);
#6100 = LINE('',#6101,#6102);
#6101 = CARTESIAN_POINT('',(-18.5,-11.2));
#6102 = VECTOR('',#6103,1.);
#6103 = DIRECTION('',(0.,1.));
#6104 = ( GEOMETRIC_REPRESENTATION_CONTEXT(2) 
PARAMETRIC_REPRESENTATION_CONTEXT() REPRESENTATION_CONTEXT('2D SPACE',''
  ) );
#6105 = PCURVE('',#6106,#6111);
#6106 = PLANE('',#6107);
#6107 = AXIS2_PLACEMENT_3D('',#6108,#6109,#6110);
#6108 = CARTESIAN_POINT('',(51.5000001,6.1000001,34.1000001));
#6109 = DIRECTION('',(1.,0.,0.));
#6110 = DIRECTION('',(0.,0.,1.));
#6111 = DEFINITIONAL_REPRESENTATION('',(#6112),#6116);
#6112 = LINE('',#6113,#6114);
#6113 = CARTESIAN_POINT('',(0.9,-11.2));
#6114 = VECTOR('',#6115,1.);
#6115 = DIRECTION('',(0.,-1.));
#6116 = ( GEOMETRIC_REPRESENTATION_CONTEXT(2) 
PARAMETRIC_REPRESENTATION_CONTEXT() REPRESENTATION_CONTEXT('2D SPACE',''
  ) );
#6117 = FACE_BOUND('',#6118,.T.);
#6118 = EDGE_LOOP('',(#6119));
#6119 = ORIENTED_EDGE('',*,*,#6120,.T.);
#6120 = EDGE_CURVE('',#6121,#6121,#6123,.T.);
#6121 = VERTEX_POINT('',#6122);
#6122 = CARTESIAN_POINT('',(110.1000001,5.7500001,35.0000001));
#6123 = SURFACE_CURVE('',#6124,(#6129,#6140),.PCURVE_S1.);
#6124 = CIRCLE('',#6125,0.8);
#6125 = AXIS2_PLACEMENT_3D('',#6126,#6127,#6128);
#6126 = CARTESIAN_POINT('',(109.3000001,5.7500001,35.0000001));
#6127 = DIRECTION('',(0.,0.,-1.));
#6128 = DIRECTION('',(1.,0.,0.));
#6129 = PCURVE('',#3342,#6130);
#6130 = DEFINITIONAL_REPRESENTATION('',(#6131),#6139);
#6131 = ( BOUNDED_CURVE() B_SPLINE_CURVE(2,(#6132,#6133,#6134,#6135,
#6136,#6137,#6138),.UNSPECIFIED.,.T.,.F.) B_SPLINE_CURVE_WITH_KNOTS((1,2
    ,2,2,2,1),(-2.094395102393,0.,2.094395102393,4.188790204786,
6.28318530718,8.377580409573),.UNSPECIFIED.) CURVE() 
GEOMETRIC_REPRESENTATION_ITEM() RATIONAL_B_SPLINE_CURVE((1.,0.5,1.,0.5,
1.,0.5,1.)) REPRESENTATION_ITEM('') );
#6132 = CARTESIAN_POINT('',(40.1,-22.75));
#6133 = CARTESIAN_POINT('',(40.1,-24.13564064605));
#6134 = CARTESIAN_POINT('',(38.9,-23.44282032302));
#6135 = CARTESIAN_POINT('',(37.7,-22.75));
#6136 = CARTESIAN_POINT('',(38.9,-22.05717967697));
#6137 = CARTESIAN_POINT('',(40.1,-21.36435935394));
#6138 = CARTESIAN_POINT('',(40.1,-22.75));
#6139 = ( GEOMETRIC_REPRESENTATION_CONTEXT(2) 
PARAMETRIC_REPRESENTATION_CONTEXT() REPRESENTATION_CONTEXT('2D SPACE',''
  ) );
#6140 = PCURVE('',#6141,#6146);
#6141 = CYLINDRICAL_SURFACE('',#6142,0.8);
#6142 = AXIS2_PLACEMENT_3D('',#6143,#6144,#6145);
#6143 = CARTESIAN_POINT('',(109.3000001,5.7500001,31.6000001));
#6144 = DIRECTION('',(-0.,-0.,-1.));
#6145 = DIRECTION('',(1.,0.,0.));
#6146 = DEFINITIONAL_REPRESENTATION('',(#6147),#6151);
#6147 = LINE('',#6148,#6149);
#6148 = CARTESIAN_POINT('',(-6.28318530718,-3.4));
#6149 = VECTOR('',#6150,1.);
#6150 = DIRECTION('',(1.,-0.));
#6151 = ( GEOMETRIC_REPRESENTATION_CONTEXT(2) 
PARAMETRIC_REPRESENTATION_CONTEXT() REPRESENTATION_CONTEXT('2D SPACE',''
  ) );
#6152 = FACE_BOUND('',#6153,.T.);
#6153 = EDGE_LOOP('',(#6154));
#6154 = ORIENTED_EDGE('',*,*,#6155,.T.);
#6155 = EDGE_CURVE('',#6156,#6156,#6158,.T.);
#6156 = VERTEX_POINT('',#6157);
#6157 = CARTESIAN_POINT('',(122.2000001,5.7500001,35.0000001));
#6158 = SURFACE_CURVE('',#6159,(#6164,#6175),.PCURVE_S1.);
#6159 = CIRCLE('',#6160,0.8);
#6160 = AXIS2_PLACEMENT_3D('',#6161,#6162,#6163);
#6161 = CARTESIAN_POINT('',(121.4000001,5.7500001,35.0000001));
#6162 = DIRECTION('',(0.,0.,-1.));
#6163 = DIRECTION('',(1.,0.,0.));
#6164 = PCURVE('',#3342,#6165);
#6165 = DEFINITIONAL_REPRESENTATION('',(#6166),#6174);
#6166 = ( BOUNDED_CURVE() B_SPLINE_CURVE(2,(#6167,#6168,#6169,#6170,
#6171,#6172,#6173),.UNSPECIFIED.,.T.,.F.) B_SPLINE_CURVE_WITH_KNOTS((1,2
    ,2,2,2,1),(-2.094395102393,0.,2.094395102393,4.188790204786,
6.28318530718,8.377580409573),.UNSPECIFIED.) CURVE() 
GEOMETRIC_REPRESENTATION_ITEM() RATIONAL_B_SPLINE_CURVE((1.,0.5,1.,0.5,
1.,0.5,1.)) REPRESENTATION_ITEM('') );
#6167 = CARTESIAN_POINT('',(52.2,-22.75));
#6168 = CARTESIAN_POINT('',(52.2,-24.13564064605));
#6169 = CARTESIAN_POINT('',(51.,-23.44282032302));
#6170 = CARTESIAN_POINT('',(49.8,-22.75));
#6171 = CARTESIAN_POINT('',(51.,-22.05717967697));
#6172 = CARTESIAN_POINT('',(52.2,-21.36435935394));
#6173 = CARTESIAN_POINT('',(52.2,-22.75));
#6174 = ( GEOMETRIC_REPRESENTATION_CONTEXT(2) 
PARAMETRIC_REPRESENTATION_CONTEXT() REPRESENTATION_CONTEXT('2D SPACE',''
  ) );
#6175 = PCURVE('',#6176,#6181);
#6176 = CYLINDRICAL_SURFACE('',#6177,0.8);
#6177 = AXIS2_PLACEMENT_3D('',#6178,#6179,#6180);
#6178 = CARTESIAN_POINT('',(121.4000001,5.7500001,31.6000001));
#6179 = DIRECTION('',(-0.,-0.,-1.));
#6180 = DIRECTION('',(1.,0.,0.));
#6181 = DEFINITIONAL_REPRESENTATION('',(#6182),#6186);
#6182 = LINE('',#6183,#6184);
#6183 = CARTESIAN_POINT('',(-6.28318530718,-3.4));
#6184 = VECTOR('',#6185,1.);
#6185 = DIRECTION('',(1.,-0.));
#6186 = ( GEOMETRIC_REPRESENTATION_CONTEXT(2) 
PARAMETRIC_REPRESENTATION_CONTEXT() REPRESENTATION_CONTEXT('2D SPACE',''
  ) );
#6187 = FACE_BOUND('',#6188,.T.);
#6188 = EDGE_LOOP('',(#6189,#6219,#6247,#6275));
#6189 = ORIENTED_EDGE('',*,*,#6190,.T.);
#6190 = EDGE_CURVE('',#6191,#6193,#6195,.T.);
#6191 = VERTEX_POINT('',#6192);
#6192 = CARTESIAN_POINT('',(119.5000001,7.6000001,35.0000001));
#6193 = VERTEX_POINT('',#6194);
#6194 = CARTESIAN_POINT('',(116.5000001,7.6000001,35.0000001));
#6195 = SURFACE_CURVE('',#6196,(#6200,#6207),.PCURVE_S1.);
#6196 = LINE('',#6197,#6198);
#6197 = CARTESIAN_POINT('',(93.2500001,7.6000001,35.0000001));
#6198 = VECTOR('',#6199,1.);
#6199 = DIRECTION('',(-1.,0.,0.));
#6200 = PCURVE('',#3342,#6201);
#6201 = DEFINITIONAL_REPRESENTATION('',(#6202),#6206);
#6202 = LINE('',#6203,#6204);
#6203 = CARTESIAN_POINT('',(23.25,-20.9));
#6204 = VECTOR('',#6205,1.);
#6205 = DIRECTION('',(-1.,0.));
#6206 = ( GEOMETRIC_REPRESENTATION_CONTEXT(2) 
PARAMETRIC_REPRESENTATION_CONTEXT() REPRESENTATION_CONTEXT('2D SPACE',''
  ) );
#6207 = PCURVE('',#6208,#6213);
#6208 = PLANE('',#6209);
#6209 = AXIS2_PLACEMENT_3D('',#6210,#6211,#6212);
#6210 = CARTESIAN_POINT('',(116.5000001,7.6000001,34.1000001));
#6211 = DIRECTION('',(0.,1.,0.));
#6212 = DIRECTION('',(0.,0.,1.));
#6213 = DEFINITIONAL_REPRESENTATION('',(#6214),#6218);
#6214 = LINE('',#6215,#6216);
#6215 = CARTESIAN_POINT('',(0.9,-23.25));
#6216 = VECTOR('',#6217,1.);
#6217 = DIRECTION('',(0.,-1.));
#6218 = ( GEOMETRIC_REPRESENTATION_CONTEXT(2) 
PARAMETRIC_REPRESENTATION_CONTEXT() REPRESENTATION_CONTEXT('2D SPACE',''
  ) );
#6219 = ORIENTED_EDGE('',*,*,#6220,.T.);
#6220 = EDGE_CURVE('',#6193,#6221,#6223,.T.);
#6221 = VERTEX_POINT('',#6222);
#6222 = CARTESIAN_POINT('',(116.5000001,26.7000001,35.0000001));
#6223 = SURFACE_CURVE('',#6224,(#6228,#6235),.PCURVE_S1.);
#6224 = LINE('',#6225,#6226);
#6225 = CARTESIAN_POINT('',(116.5000001,18.0500001,35.0000001));
#6226 = VECTOR('',#6227,1.);
#6227 = DIRECTION('',(0.,1.,0.));
#6228 = PCURVE('',#3342,#6229);
#6229 = DEFINITIONAL_REPRESENTATION('',(#6230),#6234);
#6230 = LINE('',#6231,#6232);
#6231 = CARTESIAN_POINT('',(46.5,-10.45));
#6232 = VECTOR('',#6233,1.);
#6233 = DIRECTION('',(0.,1.));
#6234 = ( GEOMETRIC_REPRESENTATION_CONTEXT(2) 
PARAMETRIC_REPRESENTATION_CONTEXT() REPRESENTATION_CONTEXT('2D SPACE',''
  ) );
#6235 = PCURVE('',#6236,#6241);
#6236 = PLANE('',#6237);
#6237 = AXIS2_PLACEMENT_3D('',#6238,#6239,#6240);
#6238 = CARTESIAN_POINT('',(116.5000001,7.6000001,34.1000001));
#6239 = DIRECTION('',(1.,0.,0.));
#6240 = DIRECTION('',(0.,0.,1.));
#6241 = DEFINITIONAL_REPRESENTATION('',(#6242),#6246);
#6242 = LINE('',#6243,#6244);
#6243 = CARTESIAN_POINT('',(0.9,-10.45));
#6244 = VECTOR('',#6245,1.);
#6245 = DIRECTION('',(0.,-1.));
#6246 = ( GEOMETRIC_REPRESENTATION_CONTEXT(2) 
PARAMETRIC_REPRESENTATION_CONTEXT() REPRESENTATION_CONTEXT('2D SPACE',''
  ) );
#6247 = ORIENTED_EDGE('',*,*,#6248,.F.);
#6248 = EDGE_CURVE('',#6249,#6221,#6251,.T.);
#6249 = VERTEX_POINT('',#6250);
#6250 = CARTESIAN_POINT('',(119.5000001,26.7000001,35.0000001));
#6251 = SURFACE_CURVE('',#6252,(#6256,#6263),.PCURVE_S1.);
#6252 = LINE('',#6253,#6254);
#6253 = CARTESIAN_POINT('',(93.2500001,26.7000001,35.0000001));
#6254 = VECTOR('',#6255,1.);
#6255 = DIRECTION('',(-1.,0.,0.));
#6256 = PCURVE('',#3342,#6257);
#6257 = DEFINITIONAL_REPRESENTATION('',(#6258),#6262);
#6258 = LINE('',#6259,#6260);
#6259 = CARTESIAN_POINT('',(23.25,-1.8));
#6260 = VECTOR('',#6261,1.);
#6261 = DIRECTION('',(-1.,0.));
#6262 = ( GEOMETRIC_REPRESENTATION_CONTEXT(2) 
PARAMETRIC_REPRESENTATION_CONTEXT() REPRESENTATION_CONTEXT('2D SPACE',''
  ) );
#6263 = PCURVE('',#6264,#6269);
#6264 = PLANE('',#6265);
#6265 = AXIS2_PLACEMENT_3D('',#6266,#6267,#6268);
#6266 = CARTESIAN_POINT('',(116.5000001,26.7000001,34.1000001));
#6267 = DIRECTION('',(0.,1.,0.));
#6268 = DIRECTION('',(0.,0.,1.));
#6269 = DEFINITIONAL_REPRESENTATION('',(#6270),#6274);
#6270 = LINE('',#6271,#6272);
#6271 = CARTESIAN_POINT('',(0.9,-23.25));
#6272 = VECTOR('',#6273,1.);
#6273 = DIRECTION('',(0.,-1.));
#6274 = ( GEOMETRIC_REPRESENTATION_CONTEXT(2) 
PARAMETRIC_REPRESENTATION_CONTEXT() REPRESENTATION_CONTEXT('2D SPACE',''
  ) );
#6275 = ORIENTED_EDGE('',*,*,#6276,.F.);
#6276 = EDGE_CURVE('',#6191,#6249,#6277,.T.);
#6277 = SURFACE_CURVE('',#6278,(#6282,#6289),.PCURVE_S1.);
#6278 = LINE('',#6279,#6280);
#6279 = CARTESIAN_POINT('',(119.5000001,18.0500001,35.0000001));
#6280 = VECTOR('',#6281,1.);
#6281 = DIRECTION('',(0.,1.,0.));
#6282 = PCURVE('',#3342,#6283);
#6283 = DEFINITIONAL_REPRESENTATION('',(#6284),#6288);
#6284 = LINE('',#6285,#6286);
#6285 = CARTESIAN_POINT('',(49.5,-10.45));
#6286 = VECTOR('',#6287,1.);
#6287 = DIRECTION('',(0.,1.));
#6288 = ( GEOMETRIC_REPRESENTATION_CONTEXT(2) 
PARAMETRIC_REPRESENTATION_CONTEXT() REPRESENTATION_CONTEXT('2D SPACE',''
  ) );
#6289 = PCURVE('',#6290,#6295);
#6290 = PLANE('',#6291);
#6291 = AXIS2_PLACEMENT_3D('',#6292,#6293,#6294);
#6292 = CARTESIAN_POINT('',(119.5000001,7.6000001,34.1000001));
#6293 = DIRECTION('',(1.,0.,0.));
#6294 = DIRECTION('',(0.,0.,1.));
#6295 = DEFINITIONAL_REPRESENTATION('',(#6296),#6300);
#6296 = LINE('',#6297,#6298);
#6297 = CARTESIAN_POINT('',(0.9,-10.45));
#6298 = VECTOR('',#6299,1.);
#6299 = DIRECTION('',(0.,-1.));
#6300 = ( GEOMETRIC_REPRESENTATION_CONTEXT(2) 
PARAMETRIC_REPRESENTATION_CONTEXT() REPRESENTATION_CONTEXT('2D SPACE',''
  ) );
#6301 = FACE_BOUND('',#6302,.T.);
#6302 = EDGE_LOOP('',(#6303));
#6303 = ORIENTED_EDGE('',*,*,#6304,.T.);
#6304 = EDGE_CURVE('',#6305,#6305,#6307,.T.);
#6305 = VERTEX_POINT('',#6306);
#6306 = CARTESIAN_POINT('',(7.4500001,36.0000001,35.0000001));
#6307 = SURFACE_CURVE('',#6308,(#6313,#6324),.PCURVE_S1.);
#6308 = CIRCLE('',#6309,1.25);
#6309 = AXIS2_PLACEMENT_3D('',#6310,#6311,#6312);
#6310 = CARTESIAN_POINT('',(6.2000001,36.0000001,35.0000001));
#6311 = DIRECTION('',(0.,0.,-1.));
#6312 = DIRECTION('',(1.,0.,0.));
#6313 = PCURVE('',#3342,#6314);
#6314 = DEFINITIONAL_REPRESENTATION('',(#6315),#6323);
#6315 = ( BOUNDED_CURVE() B_SPLINE_CURVE(2,(#6316,#6317,#6318,#6319,
#6320,#6321,#6322),.UNSPECIFIED.,.T.,.F.) B_SPLINE_CURVE_WITH_KNOTS((1,2
    ,2,2,2,1),(-2.094395102393,0.,2.094395102393,4.188790204786,
6.28318530718,8.377580409573),.UNSPECIFIED.) CURVE() 
GEOMETRIC_REPRESENTATION_ITEM() RATIONAL_B_SPLINE_CURVE((1.,0.5,1.,0.5,
1.,0.5,1.)) REPRESENTATION_ITEM('') );
#6316 = CARTESIAN_POINT('',(-62.55,7.5));
#6317 = CARTESIAN_POINT('',(-62.55,5.334936490539));
#6318 = CARTESIAN_POINT('',(-64.425,6.417468245269));
#6319 = CARTESIAN_POINT('',(-66.3,7.5));
#6320 = CARTESIAN_POINT('',(-64.425,8.582531754731));
#6321 = CARTESIAN_POINT('',(-62.55,9.665063509461));
#6322 = CARTESIAN_POINT('',(-62.55,7.5));
#6323 = ( GEOMETRIC_REPRESENTATION_CONTEXT(2) 
PARAMETRIC_REPRESENTATION_CONTEXT() REPRESENTATION_CONTEXT('2D SPACE',''
  ) );
#6324 = PCURVE('',#6325,#6330);
#6325 = CYLINDRICAL_SURFACE('',#6326,1.25);
#6326 = AXIS2_PLACEMENT_3D('',#6327,#6328,#6329);
#6327 = CARTESIAN_POINT('',(6.2000001,36.0000001,30.0000001));
#6328 = DIRECTION('',(-0.,-0.,-1.));
#6329 = DIRECTION('',(1.,0.,0.));
#6330 = DEFINITIONAL_REPRESENTATION('',(#6331),#6335);
#6331 = LINE('',#6332,#6333);
#6332 = CARTESIAN_POINT('',(-6.28318530718,-5.));
#6333 = VECTOR('',#6334,1.);
#6334 = DIRECTION('',(1.,-0.));
#6335 = ( GEOMETRIC_REPRESENTATION_CONTEXT(2) 
PARAMETRIC_REPRESENTATION_CONTEXT() REPRESENTATION_CONTEXT('2D SPACE',''
  ) );
#6336 = FACE_BOUND('',#6337,.T.);
#6337 = EDGE_LOOP('',(#6338,#6368,#6396,#6424));
#6338 = ORIENTED_EDGE('',*,*,#6339,.T.);
#6339 = EDGE_CURVE('',#6340,#6342,#6344,.T.);
#6340 = VERTEX_POINT('',#6341);
#6341 = CARTESIAN_POINT('',(136.4000001,39.0000001,35.0000001));
#6342 = VERTEX_POINT('',#6343);
#6343 = CARTESIAN_POINT('',(89.6000001,39.0000001,35.0000001));
#6344 = SURFACE_CURVE('',#6345,(#6349,#6356),.PCURVE_S1.);
#6345 = LINE('',#6346,#6347);
#6346 = CARTESIAN_POINT('',(79.8000001,39.0000001,35.0000001));
#6347 = VECTOR('',#6348,1.);
#6348 = DIRECTION('',(-1.,0.,0.));
#6349 = PCURVE('',#3342,#6350);
#6350 = DEFINITIONAL_REPRESENTATION('',(#6351),#6355);
#6351 = LINE('',#6352,#6353);
#6352 = CARTESIAN_POINT('',(9.8,10.5));
#6353 = VECTOR('',#6354,1.);
#6354 = DIRECTION('',(-1.,0.));
#6355 = ( GEOMETRIC_REPRESENTATION_CONTEXT(2) 
PARAMETRIC_REPRESENTATION_CONTEXT() REPRESENTATION_CONTEXT('2D SPACE',''
  ) );
#6356 = PCURVE('',#6357,#6362);
#6357 = PLANE('',#6358);
#6358 = AXIS2_PLACEMENT_3D('',#6359,#6360,#6361);
#6359 = CARTESIAN_POINT('',(89.6000001,39.0000001,34.1000001));
#6360 = DIRECTION('',(0.,1.,0.));
#6361 = DIRECTION('',(0.,0.,1.));
#6362 = DEFINITIONAL_REPRESENTATION('',(#6363),#6367);
#6363 = LINE('',#6364,#6365);
#6364 = CARTESIAN_POINT('',(0.9,-9.8));
#6365 = VECTOR('',#6366,1.);
#6366 = DIRECTION('',(0.,-1.));
#6367 = ( GEOMETRIC_REPRESENTATION_CONTEXT(2) 
PARAMETRIC_REPRESENTATION_CONTEXT() REPRESENTATION_CONTEXT('2D SPACE',''
  ) );
#6368 = ORIENTED_EDGE('',*,*,#6369,.T.);
#6369 = EDGE_CURVE('',#6342,#6370,#6372,.T.);
#6370 = VERTEX_POINT('',#6371);
#6371 = CARTESIAN_POINT('',(89.6000001,42.0000001,35.0000001));
#6372 = SURFACE_CURVE('',#6373,(#6377,#6384),.PCURVE_S1.);
#6373 = LINE('',#6374,#6375);
#6374 = CARTESIAN_POINT('',(89.6000001,33.7500001,35.0000001));
#6375 = VECTOR('',#6376,1.);
#6376 = DIRECTION('',(0.,1.,0.));
#6377 = PCURVE('',#3342,#6378);
#6378 = DEFINITIONAL_REPRESENTATION('',(#6379),#6383);
#6379 = LINE('',#6380,#6381);
#6380 = CARTESIAN_POINT('',(19.6,5.25));
#6381 = VECTOR('',#6382,1.);
#6382 = DIRECTION('',(0.,1.));
#6383 = ( GEOMETRIC_REPRESENTATION_CONTEXT(2) 
PARAMETRIC_REPRESENTATION_CONTEXT() REPRESENTATION_CONTEXT('2D SPACE',''
  ) );
#6384 = PCURVE('',#6385,#6390);
#6385 = PLANE('',#6386);
#6386 = AXIS2_PLACEMENT_3D('',#6387,#6388,#6389);
#6387 = CARTESIAN_POINT('',(89.6000001,39.0000001,34.1000001));
#6388 = DIRECTION('',(1.,0.,0.));
#6389 = DIRECTION('',(0.,0.,1.));
#6390 = DEFINITIONAL_REPRESENTATION('',(#6391),#6395);
#6391 = LINE('',#6392,#6393);
#6392 = CARTESIAN_POINT('',(0.9,5.25));
#6393 = VECTOR('',#6394,1.);
#6394 = DIRECTION('',(0.,-1.));
#6395 = ( GEOMETRIC_REPRESENTATION_CONTEXT(2) 
PARAMETRIC_REPRESENTATION_CONTEXT() REPRESENTATION_CONTEXT('2D SPACE',''
  ) );
#6396 = ORIENTED_EDGE('',*,*,#6397,.F.);
#6397 = EDGE_CURVE('',#6398,#6370,#6400,.T.);
#6398 = VERTEX_POINT('',#6399);
#6399 = CARTESIAN_POINT('',(136.4000001,42.0000001,35.0000001));
#6400 = SURFACE_CURVE('',#6401,(#6405,#6412),.PCURVE_S1.);
#6401 = LINE('',#6402,#6403);
#6402 = CARTESIAN_POINT('',(79.8000001,42.0000001,35.0000001));
#6403 = VECTOR('',#6404,1.);
#6404 = DIRECTION('',(-1.,0.,0.));
#6405 = PCURVE('',#3342,#6406);
#6406 = DEFINITIONAL_REPRESENTATION('',(#6407),#6411);
#6407 = LINE('',#6408,#6409);
#6408 = CARTESIAN_POINT('',(9.8,13.5));
#6409 = VECTOR('',#6410,1.);
#6410 = DIRECTION('',(-1.,0.));
#6411 = ( GEOMETRIC_REPRESENTATION_CONTEXT(2) 
PARAMETRIC_REPRESENTATION_CONTEXT() REPRESENTATION_CONTEXT('2D SPACE',''
  ) );
#6412 = PCURVE('',#6413,#6418);
#6413 = PLANE('',#6414);
#6414 = AXIS2_PLACEMENT_3D('',#6415,#6416,#6417);
#6415 = CARTESIAN_POINT('',(89.6000001,42.0000001,34.1000001));
#6416 = DIRECTION('',(0.,1.,0.));
#6417 = DIRECTION('',(0.,0.,1.));
#6418 = DEFINITIONAL_REPRESENTATION('',(#6419),#6423);
#6419 = LINE('',#6420,#6421);
#6420 = CARTESIAN_POINT('',(0.9,-9.8));
#6421 = VECTOR('',#6422,1.);
#6422 = DIRECTION('',(0.,-1.));
#6423 = ( GEOMETRIC_REPRESENTATION_CONTEXT(2) 
PARAMETRIC_REPRESENTATION_CONTEXT() REPRESENTATION_CONTEXT('2D SPACE',''
  ) );
#6424 = ORIENTED_EDGE('',*,*,#6425,.F.);
#6425 = EDGE_CURVE('',#6340,#6398,#6426,.T.);
#6426 = SURFACE_CURVE('',#6427,(#6431,#6438),.PCURVE_S1.);
#6427 = LINE('',#6428,#6429);
#6428 = CARTESIAN_POINT('',(136.4000001,33.7500001,35.0000001));
#6429 = VECTOR('',#6430,1.);
#6430 = DIRECTION('',(0.,1.,0.));
#6431 = PCURVE('',#3342,#6432);
#6432 = DEFINITIONAL_REPRESENTATION('',(#6433),#6437);
#6433 = LINE('',#6434,#6435);
#6434 = CARTESIAN_POINT('',(66.4,5.25));
#6435 = VECTOR('',#6436,1.);
#6436 = DIRECTION('',(0.,1.));
#6437 = ( GEOMETRIC_REPRESENTATION_CONTEXT(2) 
PARAMETRIC_REPRESENTATION_CONTEXT() REPRESENTATION_CONTEXT('2D SPACE',''
  ) );
#6438 = PCURVE('',#6439,#6444);
#6439 = PLANE('',#6440);
#6440 = AXIS2_PLACEMENT_3D('',#6441,#6442,#6443);
#6441 = CARTESIAN_POINT('',(136.4000001,39.0000001,34.1000001));
#6442 = DIRECTION('',(1.,0.,0.));
#6443 = DIRECTION('',(0.,0.,1.));
#6444 = DEFINITIONAL_REPRESENTATION('',(#6445),#6449);
#6445 = LINE('',#6446,#6447);
#6446 = CARTESIAN_POINT('',(0.9,5.25));
#6447 = VECTOR('',#6448,1.);
#6448 = DIRECTION('',(0.,-1.));
#6449 = ( GEOMETRIC_REPRESENTATION_CONTEXT(2) 
PARAMETRIC_REPRESENTATION_CONTEXT() REPRESENTATION_CONTEXT('2D SPACE',''
  ) );
#6450 = FACE_BOUND('',#6451,.T.);
#6451 = EDGE_LOOP('',(#6452));
#6452 = ORIENTED_EDGE('',*,*,#6453,.T.);
#6453 = EDGE_CURVE('',#6454,#6454,#6456,.T.);
#6454 = VERTEX_POINT('',#6455);
#6455 = CARTESIAN_POINT('',(105.8000001,52.0000001,35.0000001));
#6456 = SURFACE_CURVE('',#6457,(#6462,#6473),.PCURVE_S1.);
#6457 = CIRCLE('',#6458,0.8);
#6458 = AXIS2_PLACEMENT_3D('',#6459,#6460,#6461);
#6459 = CARTESIAN_POINT('',(105.0000001,52.0000001,35.0000001));
#6460 = DIRECTION('',(0.,0.,-1.));
#6461 = DIRECTION('',(1.,0.,0.));
#6462 = PCURVE('',#3342,#6463);
#6463 = DEFINITIONAL_REPRESENTATION('',(#6464),#6472);
#6464 = ( BOUNDED_CURVE() B_SPLINE_CURVE(2,(#6465,#6466,#6467,#6468,
#6469,#6470,#6471),.UNSPECIFIED.,.T.,.F.) B_SPLINE_CURVE_WITH_KNOTS((1,2
    ,2,2,2,1),(-2.094395102393,0.,2.094395102393,4.188790204786,
6.28318530718,8.377580409573),.UNSPECIFIED.) CURVE() 
GEOMETRIC_REPRESENTATION_ITEM() RATIONAL_B_SPLINE_CURVE((1.,0.5,1.,0.5,
1.,0.5,1.)) REPRESENTATION_ITEM('') );
#6465 = CARTESIAN_POINT('',(35.8,23.5));
#6466 = CARTESIAN_POINT('',(35.8,22.114359353945));
#6467 = CARTESIAN_POINT('',(34.6,22.807179676972));
#6468 = CARTESIAN_POINT('',(33.4,23.5));
#6469 = CARTESIAN_POINT('',(34.6,24.192820323028));
#6470 = CARTESIAN_POINT('',(35.8,24.885640646055));
#6471 = CARTESIAN_POINT('',(35.8,23.5));
#6472 = ( GEOMETRIC_REPRESENTATION_CONTEXT(2) 
PARAMETRIC_REPRESENTATION_CONTEXT() REPRESENTATION_CONTEXT('2D SPACE',''
  ) );
#6473 = PCURVE('',#6474,#6479);
#6474 = CYLINDRICAL_SURFACE('',#6475,0.8);
#6475 = AXIS2_PLACEMENT_3D('',#6476,#6477,#6478);
#6476 = CARTESIAN_POINT('',(105.0000001,52.0000001,31.6000001));
#6477 = DIRECTION('',(-0.,-0.,-1.));
#6478 = DIRECTION('',(1.,0.,0.));
#6479 = DEFINITIONAL_REPRESENTATION('',(#6480),#6484);
#6480 = LINE('',#6481,#6482);
#6481 = CARTESIAN_POINT('',(-6.28318530718,-3.4));
#6482 = VECTOR('',#6483,1.);
#6483 = DIRECTION('',(1.,-0.));
#6484 = ( GEOMETRIC_REPRESENTATION_CONTEXT(2) 
PARAMETRIC_REPRESENTATION_CONTEXT() REPRESENTATION_CONTEXT('2D SPACE',''
  ) );
#6485 = FACE_BOUND('',#6486,.T.);
#6486 = EDGE_LOOP('',(#6487));
#6487 = ORIENTED_EDGE('',*,*,#6488,.T.);
#6488 = EDGE_CURVE('',#6489,#6489,#6491,.T.);
#6489 = VERTEX_POINT('',#6490);
#6490 = CARTESIAN_POINT('',(128.8000001,52.0000001,35.0000001));
#6491 = SURFACE_CURVE('',#6492,(#6497,#6508),.PCURVE_S1.);
#6492 = CIRCLE('',#6493,0.8);
#6493 = AXIS2_PLACEMENT_3D('',#6494,#6495,#6496);
#6494 = CARTESIAN_POINT('',(128.0000001,52.0000001,35.0000001));
#6495 = DIRECTION('',(0.,0.,-1.));
#6496 = DIRECTION('',(1.,0.,0.));
#6497 = PCURVE('',#3342,#6498);
#6498 = DEFINITIONAL_REPRESENTATION('',(#6499),#6507);
#6499 = ( BOUNDED_CURVE() B_SPLINE_CURVE(2,(#6500,#6501,#6502,#6503,
#6504,#6505,#6506),.UNSPECIFIED.,.T.,.F.) B_SPLINE_CURVE_WITH_KNOTS((1,2
    ,2,2,2,1),(-2.094395102393,0.,2.094395102393,4.188790204786,
6.28318530718,8.377580409573),.UNSPECIFIED.) CURVE() 
GEOMETRIC_REPRESENTATION_ITEM() RATIONAL_B_SPLINE_CURVE((1.,0.5,1.,0.5,
1.,0.5,1.)) REPRESENTATION_ITEM('') );
#6500 = CARTESIAN_POINT('',(58.8,23.5));
#6501 = CARTESIAN_POINT('',(58.8,22.114359353945));
#6502 = CARTESIAN_POINT('',(57.6,22.807179676972));
#6503 = CARTESIAN_POINT('',(56.4,23.5));
#6504 = CARTESIAN_POINT('',(57.6,24.192820323028));
#6505 = CARTESIAN_POINT('',(58.8,24.885640646055));
#6506 = CARTESIAN_POINT('',(58.8,23.5));
#6507 = ( GEOMETRIC_REPRESENTATION_CONTEXT(2) 
PARAMETRIC_REPRESENTATION_CONTEXT() REPRESENTATION_CONTEXT('2D SPACE',''
  ) );
#6508 = PCURVE('',#6509,#6514);
#6509 = CYLINDRICAL_SURFACE('',#6510,0.8);
#6510 = AXIS2_PLACEMENT_3D('',#6511,#6512,#6513);
#6511 = CARTESIAN_POINT('',(128.0000001,52.0000001,31.6000001));
#6512 = DIRECTION('',(-0.,-0.,-1.));
#6513 = DIRECTION('',(1.,0.,0.));
#6514 = DEFINITIONAL_REPRESENTATION('',(#6515),#6519);
#6515 = LINE('',#6516,#6517);
#6516 = CARTESIAN_POINT('',(-6.28318530718,-3.4));
#6517 = VECTOR('',#6518,1.);
#6518 = DIRECTION('',(1.,-0.));
#6519 = ( GEOMETRIC_REPRESENTATION_CONTEXT(2) 
PARAMETRIC_REPRESENTATION_CONTEXT() REPRESENTATION_CONTEXT('2D SPACE',''
  ) );
#6520 = ADVANCED_FACE('',(#6521),#3450,.F.);
#6521 = FACE_BOUND('',#6522,.T.);
#6522 = EDGE_LOOP('',(#6523,#6546,#6547,#6570));
#6523 = ORIENTED_EDGE('',*,*,#6524,.F.);
#6524 = EDGE_CURVE('',#3430,#6525,#6527,.T.);
#6525 = VERTEX_POINT('',#6526);
#6526 = CARTESIAN_POINT('',(138.0000001,13.5500001,35.5500001));
#6527 = SURFACE_CURVE('',#6528,(#6532,#6539),.PCURVE_S1.);
#6528 = LINE('',#6529,#6530);
#6529 = CARTESIAN_POINT('',(136.5000001,13.5500001,35.5500001));
#6530 = VECTOR('',#6531,1.);
#6531 = DIRECTION('',(1.,0.,0.));
#6532 = PCURVE('',#3450,#6533);
#6533 = DEFINITIONAL_REPRESENTATION('',(#6534),#6538);
#6534 = LINE('',#6535,#6536);
#6535 = CARTESIAN_POINT('',(-0.,0.));
#6536 = VECTOR('',#6537,1.);
#6537 = DIRECTION('',(-0.,1.));
#6538 = ( GEOMETRIC_REPRESENTATION_CONTEXT(2) 
PARAMETRIC_REPRESENTATION_CONTEXT() REPRESENTATION_CONTEXT('2D SPACE',''
  ) );
#6539 = PCURVE('',#3478,#6540);
#6540 = DEFINITIONAL_REPRESENTATION('',(#6541),#6545);
#6541 = LINE('',#6542,#6543);
#6542 = CARTESIAN_POINT('',(1.4,0.));
#6543 = VECTOR('',#6544,1.);
#6544 = DIRECTION('',(0.,-1.));
#6545 = ( GEOMETRIC_REPRESENTATION_CONTEXT(2) 
PARAMETRIC_REPRESENTATION_CONTEXT() REPRESENTATION_CONTEXT('2D SPACE',''
  ) );
#6546 = ORIENTED_EDGE('',*,*,#3427,.F.);
#6547 = ORIENTED_EDGE('',*,*,#6548,.T.);
#6548 = EDGE_CURVE('',#3428,#6549,#6551,.T.);
#6549 = VERTEX_POINT('',#6550);
#6550 = CARTESIAN_POINT('',(138.0000001,12.1500001,36.9500001));
#6551 = SURFACE_CURVE('',#6552,(#6556,#6563),.PCURVE_S1.);
#6552 = LINE('',#6553,#6554);
#6553 = CARTESIAN_POINT('',(136.5000001,12.1500001,36.9500001));
#6554 = VECTOR('',#6555,1.);
#6555 = DIRECTION('',(1.,0.,0.));
#6556 = PCURVE('',#3450,#6557);
#6557 = DEFINITIONAL_REPRESENTATION('',(#6558),#6562);
#6558 = LINE('',#6559,#6560);
#6559 = CARTESIAN_POINT('',(-1.570796326795,0.));
#6560 = VECTOR('',#6561,1.);
#6561 = DIRECTION('',(-0.,1.));
#6562 = ( GEOMETRIC_REPRESENTATION_CONTEXT(2) 
PARAMETRIC_REPRESENTATION_CONTEXT() REPRESENTATION_CONTEXT('2D SPACE',''
  ) );
#6563 = PCURVE('',#3659,#6564);
#6564 = DEFINITIONAL_REPRESENTATION('',(#6565),#6569);
#6565 = LINE('',#6566,#6567);
#6566 = CARTESIAN_POINT('',(2.8,0.));
#6567 = VECTOR('',#6568,1.);
#6568 = DIRECTION('',(0.,-1.));
#6569 = ( GEOMETRIC_REPRESENTATION_CONTEXT(2) 
PARAMETRIC_REPRESENTATION_CONTEXT() REPRESENTATION_CONTEXT('2D SPACE',''
  ) );
#6570 = ORIENTED_EDGE('',*,*,#6571,.T.);
#6571 = EDGE_CURVE('',#6549,#6525,#6572,.T.);
#6572 = SURFACE_CURVE('',#6573,(#6578,#6585),.PCURVE_S1.);
#6573 = CIRCLE('',#6574,1.4);
#6574 = AXIS2_PLACEMENT_3D('',#6575,#6576,#6577);
#6575 = CARTESIAN_POINT('',(138.0000001,13.5500001,36.9500001));
#6576 = DIRECTION('',(1.,-0.,0.));
#6577 = DIRECTION('',(0.,0.,-1.));
#6578 = PCURVE('',#3450,#6579);
#6579 = DEFINITIONAL_REPRESENTATION('',(#6580),#6584);
#6580 = LINE('',#6581,#6582);
#6581 = CARTESIAN_POINT('',(-6.28318530718,1.5));
#6582 = VECTOR('',#6583,1.);
#6583 = DIRECTION('',(1.,-0.));
#6584 = ( GEOMETRIC_REPRESENTATION_CONTEXT(2) 
PARAMETRIC_REPRESENTATION_CONTEXT() REPRESENTATION_CONTEXT('2D SPACE',''
  ) );
#6585 = PCURVE('',#4823,#6586);
#6586 = DEFINITIONAL_REPRESENTATION('',(#6587),#6591);
#6587 = CIRCLE('',#6588,1.4);
#6588 = AXIS2_PLACEMENT_2D('',#6589,#6590);
#6589 = CARTESIAN_POINT('',(-0.7,3.6));
#6590 = DIRECTION('',(-1.,0.));
#6591 = ( GEOMETRIC_REPRESENTATION_CONTEXT(2) 
PARAMETRIC_REPRESENTATION_CONTEXT() REPRESENTATION_CONTEXT('2D SPACE',''
  ) );
#6592 = ADVANCED_FACE('',(#6593),#3659,.T.);
#6593 = FACE_BOUND('',#6594,.T.);
#6594 = EDGE_LOOP('',(#6595,#6596,#6619,#6640));
#6595 = ORIENTED_EDGE('',*,*,#3645,.F.);
#6596 = ORIENTED_EDGE('',*,*,#6597,.T.);
#6597 = EDGE_CURVE('',#3613,#6598,#6600,.T.);
#6598 = VERTEX_POINT('',#6599);
#6599 = CARTESIAN_POINT('',(138.0000001,12.1500001,38.3500001));
#6600 = SURFACE_CURVE('',#6601,(#6605,#6612),.PCURVE_S1.);
#6601 = LINE('',#6602,#6603);
#6602 = CARTESIAN_POINT('',(136.5000001,12.1500001,38.3500001));
#6603 = VECTOR('',#6604,1.);
#6604 = DIRECTION('',(1.,0.,0.));
#6605 = PCURVE('',#3659,#6606);
#6606 = DEFINITIONAL_REPRESENTATION('',(#6607),#6611);
#6607 = LINE('',#6608,#6609);
#6608 = CARTESIAN_POINT('',(1.4,0.));
#6609 = VECTOR('',#6610,1.);
#6610 = DIRECTION('',(0.,-1.));
#6611 = ( GEOMETRIC_REPRESENTATION_CONTEXT(2) 
PARAMETRIC_REPRESENTATION_CONTEXT() REPRESENTATION_CONTEXT('2D SPACE',''
  ) );
#6612 = PCURVE('',#3633,#6613);
#6613 = DEFINITIONAL_REPRESENTATION('',(#6614),#6618);
#6614 = LINE('',#6615,#6616);
#6615 = CARTESIAN_POINT('',(1.570796326795,0.));
#6616 = VECTOR('',#6617,1.);
#6617 = DIRECTION('',(0.,1.));
#6618 = ( GEOMETRIC_REPRESENTATION_CONTEXT(2) 
PARAMETRIC_REPRESENTATION_CONTEXT() REPRESENTATION_CONTEXT('2D SPACE',''
  ) );
#6619 = ORIENTED_EDGE('',*,*,#6620,.T.);
#6620 = EDGE_CURVE('',#6598,#6549,#6621,.T.);
#6621 = SURFACE_CURVE('',#6622,(#6626,#6633),.PCURVE_S1.);
#6622 = LINE('',#6623,#6624);
#6623 = CARTESIAN_POINT('',(138.0000001,12.1500001,38.7000001));
#6624 = VECTOR('',#6625,1.);
#6625 = DIRECTION('',(0.,0.,-1.));
#6626 = PCURVE('',#3659,#6627);
#6627 = DEFINITIONAL_REPRESENTATION('',(#6628),#6632);
#6628 = LINE('',#6629,#6630);
#6629 = CARTESIAN_POINT('',(1.05,-1.5));
#6630 = VECTOR('',#6631,1.);
#6631 = DIRECTION('',(1.,0.));
#6632 = ( GEOMETRIC_REPRESENTATION_CONTEXT(2) 
PARAMETRIC_REPRESENTATION_CONTEXT() REPRESENTATION_CONTEXT('2D SPACE',''
  ) );
#6633 = PCURVE('',#4823,#6634);
#6634 = DEFINITIONAL_REPRESENTATION('',(#6635),#6639);
#6635 = LINE('',#6636,#6637);
#6636 = CARTESIAN_POINT('',(1.05,5.));
#6637 = VECTOR('',#6638,1.);
#6638 = DIRECTION('',(-1.,0.));
#6639 = ( GEOMETRIC_REPRESENTATION_CONTEXT(2) 
PARAMETRIC_REPRESENTATION_CONTEXT() REPRESENTATION_CONTEXT('2D SPACE',''
  ) );
#6640 = ORIENTED_EDGE('',*,*,#6548,.F.);
#6641 = ADVANCED_FACE('',(#6642),#3633,.F.);
#6642 = FACE_BOUND('',#6643,.F.);
#6643 = EDGE_LOOP('',(#6644,#6667,#6668,#6669));
#6644 = ORIENTED_EDGE('',*,*,#6645,.F.);
#6645 = EDGE_CURVE('',#3585,#6646,#6648,.T.);
#6646 = VERTEX_POINT('',#6647);
#6647 = CARTESIAN_POINT('',(138.0000001,13.5500001,39.7500001));
#6648 = SURFACE_CURVE('',#6649,(#6653,#6660),.PCURVE_S1.);
#6649 = LINE('',#6650,#6651);
#6650 = CARTESIAN_POINT('',(136.5000001,13.5500001,39.7500001));
#6651 = VECTOR('',#6652,1.);
#6652 = DIRECTION('',(1.,0.,0.));
#6653 = PCURVE('',#3633,#6654);
#6654 = DEFINITIONAL_REPRESENTATION('',(#6655),#6659);
#6655 = LINE('',#6656,#6657);
#6656 = CARTESIAN_POINT('',(0.,0.));
#6657 = VECTOR('',#6658,1.);
#6658 = DIRECTION('',(0.,1.));
#6659 = ( GEOMETRIC_REPRESENTATION_CONTEXT(2) 
PARAMETRIC_REPRESENTATION_CONTEXT() REPRESENTATION_CONTEXT('2D SPACE',''
  ) );
#6660 = PCURVE('',#3600,#6661);
#6661 = DEFINITIONAL_REPRESENTATION('',(#6662),#6666);
#6662 = LINE('',#6663,#6664);
#6663 = CARTESIAN_POINT('',(8.6,0.));
#6664 = VECTOR('',#6665,1.);
#6665 = DIRECTION('',(0.,-1.));
#6666 = ( GEOMETRIC_REPRESENTATION_CONTEXT(2) 
PARAMETRIC_REPRESENTATION_CONTEXT() REPRESENTATION_CONTEXT('2D SPACE',''
  ) );
#6667 = ORIENTED_EDGE('',*,*,#3612,.T.);
#6668 = ORIENTED_EDGE('',*,*,#6597,.T.);
#6669 = ORIENTED_EDGE('',*,*,#6670,.F.);
#6670 = EDGE_CURVE('',#6646,#6598,#6671,.T.);
#6671 = SURFACE_CURVE('',#6672,(#6677,#6684),.PCURVE_S1.);
#6672 = CIRCLE('',#6673,1.4);
#6673 = AXIS2_PLACEMENT_3D('',#6674,#6675,#6676);
#6674 = CARTESIAN_POINT('',(138.0000001,13.5500001,38.3500001));
#6675 = DIRECTION('',(1.,0.,-0.));
#6676 = DIRECTION('',(0.,0.,1.));
#6677 = PCURVE('',#3633,#6678);
#6678 = DEFINITIONAL_REPRESENTATION('',(#6679),#6683);
#6679 = LINE('',#6680,#6681);
#6680 = CARTESIAN_POINT('',(0.,1.5));
#6681 = VECTOR('',#6682,1.);
#6682 = DIRECTION('',(1.,0.));
#6683 = ( GEOMETRIC_REPRESENTATION_CONTEXT(2) 
PARAMETRIC_REPRESENTATION_CONTEXT() REPRESENTATION_CONTEXT('2D SPACE',''
  ) );
#6684 = PCURVE('',#4823,#6685);
#6685 = DEFINITIONAL_REPRESENTATION('',(#6686),#6690);
#6686 = CIRCLE('',#6687,1.4);
#6687 = AXIS2_PLACEMENT_2D('',#6688,#6689);
#6688 = CARTESIAN_POINT('',(0.7,3.6));
#6689 = DIRECTION('',(1.,0.));
#6690 = ( GEOMETRIC_REPRESENTATION_CONTEXT(2) 
PARAMETRIC_REPRESENTATION_CONTEXT() REPRESENTATION_CONTEXT('2D SPACE',''
  ) );
#6691 = ADVANCED_FACE('',(#6692),#3600,.T.);
#6692 = FACE_BOUND('',#6693,.T.);
#6693 = EDGE_LOOP('',(#6694,#6695,#6718,#6739));
#6694 = ORIENTED_EDGE('',*,*,#3584,.F.);
#6695 = ORIENTED_EDGE('',*,*,#6696,.T.);
#6696 = EDGE_CURVE('',#3552,#6697,#6699,.T.);
#6697 = VERTEX_POINT('',#6698);
#6698 = CARTESIAN_POINT('',(138.0000001,20.7500001,39.7500001));
#6699 = SURFACE_CURVE('',#6700,(#6704,#6711),.PCURVE_S1.);
#6700 = LINE('',#6701,#6702);
#6701 = CARTESIAN_POINT('',(136.5000001,20.7500001,39.7500001));
#6702 = VECTOR('',#6703,1.);
#6703 = DIRECTION('',(1.,0.,0.));
#6704 = PCURVE('',#3600,#6705);
#6705 = DEFINITIONAL_REPRESENTATION('',(#6706),#6710);
#6706 = LINE('',#6707,#6708);
#6707 = CARTESIAN_POINT('',(1.4,0.));
#6708 = VECTOR('',#6709,1.);
#6709 = DIRECTION('',(0.,-1.));
#6710 = ( GEOMETRIC_REPRESENTATION_CONTEXT(2) 
PARAMETRIC_REPRESENTATION_CONTEXT() REPRESENTATION_CONTEXT('2D SPACE',''
  ) );
#6711 = PCURVE('',#3572,#6712);
#6712 = DEFINITIONAL_REPRESENTATION('',(#6713),#6717);
#6713 = LINE('',#6714,#6715);
#6714 = CARTESIAN_POINT('',(1.570796326795,0.));
#6715 = VECTOR('',#6716,1.);
#6716 = DIRECTION('',(0.,1.));
#6717 = ( GEOMETRIC_REPRESENTATION_CONTEXT(2) 
PARAMETRIC_REPRESENTATION_CONTEXT() REPRESENTATION_CONTEXT('2D SPACE',''
  ) );
#6718 = ORIENTED_EDGE('',*,*,#6719,.T.);
#6719 = EDGE_CURVE('',#6697,#6646,#6720,.T.);
#6720 = SURFACE_CURVE('',#6721,(#6725,#6732),.PCURVE_S1.);
#6721 = LINE('',#6722,#6723);
#6722 = CARTESIAN_POINT('',(138.0000001,19.6500001,39.7500001));
#6723 = VECTOR('',#6724,1.);
#6724 = DIRECTION('',(0.,-1.,0.));
#6725 = PCURVE('',#3600,#6726);
#6726 = DEFINITIONAL_REPRESENTATION('',(#6727),#6731);
#6727 = LINE('',#6728,#6729);
#6728 = CARTESIAN_POINT('',(2.5,-1.5));
#6729 = VECTOR('',#6730,1.);
#6730 = DIRECTION('',(1.,0.));
#6731 = ( GEOMETRIC_REPRESENTATION_CONTEXT(2) 
PARAMETRIC_REPRESENTATION_CONTEXT() REPRESENTATION_CONTEXT('2D SPACE',''
  ) );
#6732 = PCURVE('',#4823,#6733);
#6733 = DEFINITIONAL_REPRESENTATION('',(#6734),#6738);
#6734 = LINE('',#6735,#6736);
#6735 = CARTESIAN_POINT('',(2.1,-2.5));
#6736 = VECTOR('',#6737,1.);
#6737 = DIRECTION('',(0.,1.));
#6738 = ( GEOMETRIC_REPRESENTATION_CONTEXT(2) 
PARAMETRIC_REPRESENTATION_CONTEXT() REPRESENTATION_CONTEXT('2D SPACE',''
  ) );
#6739 = ORIENTED_EDGE('',*,*,#6645,.F.);
#6740 = ADVANCED_FACE('',(#6741),#3572,.F.);
#6741 = FACE_BOUND('',#6742,.F.);
#6742 = EDGE_LOOP('',(#6743,#6766,#6767,#6768));
#6743 = ORIENTED_EDGE('',*,*,#6744,.F.);
#6744 = EDGE_CURVE('',#3524,#6745,#6747,.T.);
#6745 = VERTEX_POINT('',#6746);
#6746 = CARTESIAN_POINT('',(138.0000001,22.1500001,38.3500001));
#6747 = SURFACE_CURVE('',#6748,(#6752,#6759),.PCURVE_S1.);
#6748 = LINE('',#6749,#6750);
#6749 = CARTESIAN_POINT('',(136.5000001,22.1500001,38.3500001));
#6750 = VECTOR('',#6751,1.);
#6751 = DIRECTION('',(1.,0.,0.));
#6752 = PCURVE('',#3572,#6753);
#6753 = DEFINITIONAL_REPRESENTATION('',(#6754),#6758);
#6754 = LINE('',#6755,#6756);
#6755 = CARTESIAN_POINT('',(0.,0.));
#6756 = VECTOR('',#6757,1.);
#6757 = DIRECTION('',(0.,1.));
#6758 = ( GEOMETRIC_REPRESENTATION_CONTEXT(2) 
PARAMETRIC_REPRESENTATION_CONTEXT() REPRESENTATION_CONTEXT('2D SPACE',''
  ) );
#6759 = PCURVE('',#3539,#6760);
#6760 = DEFINITIONAL_REPRESENTATION('',(#6761),#6765);
#6761 = LINE('',#6762,#6763);
#6762 = CARTESIAN_POINT('',(2.8,0.));
#6763 = VECTOR('',#6764,1.);
#6764 = DIRECTION('',(0.,-1.));
#6765 = ( GEOMETRIC_REPRESENTATION_CONTEXT(2) 
PARAMETRIC_REPRESENTATION_CONTEXT() REPRESENTATION_CONTEXT('2D SPACE',''
  ) );
#6766 = ORIENTED_EDGE('',*,*,#3551,.T.);
#6767 = ORIENTED_EDGE('',*,*,#6696,.T.);
#6768 = ORIENTED_EDGE('',*,*,#6769,.F.);
#6769 = EDGE_CURVE('',#6745,#6697,#6770,.T.);
#6770 = SURFACE_CURVE('',#6771,(#6776,#6783),.PCURVE_S1.);
#6771 = CIRCLE('',#6772,1.4);
#6772 = AXIS2_PLACEMENT_3D('',#6773,#6774,#6775);
#6773 = CARTESIAN_POINT('',(138.0000001,20.7500001,38.3500001));
#6774 = DIRECTION('',(1.,0.,0.));
#6775 = DIRECTION('',(0.,1.,0.));
#6776 = PCURVE('',#3572,#6777);
#6777 = DEFINITIONAL_REPRESENTATION('',(#6778),#6782);
#6778 = LINE('',#6779,#6780);
#6779 = CARTESIAN_POINT('',(0.,1.5));
#6780 = VECTOR('',#6781,1.);
#6781 = DIRECTION('',(1.,0.));
#6782 = ( GEOMETRIC_REPRESENTATION_CONTEXT(2) 
PARAMETRIC_REPRESENTATION_CONTEXT() REPRESENTATION_CONTEXT('2D SPACE',''
  ) );
#6783 = PCURVE('',#4823,#6784);
#6784 = DEFINITIONAL_REPRESENTATION('',(#6785),#6789);
#6785 = CIRCLE('',#6786,1.4);
#6786 = AXIS2_PLACEMENT_2D('',#6787,#6788);
#6787 = CARTESIAN_POINT('',(0.7,-3.6));
#6788 = DIRECTION('',(0.,-1.));
#6789 = ( GEOMETRIC_REPRESENTATION_CONTEXT(2) 
PARAMETRIC_REPRESENTATION_CONTEXT() REPRESENTATION_CONTEXT('2D SPACE',''
  ) );
#6790 = ADVANCED_FACE('',(#6791),#3539,.T.);
#6791 = FACE_BOUND('',#6792,.T.);
#6792 = EDGE_LOOP('',(#6793,#6794,#6817,#6838));
#6793 = ORIENTED_EDGE('',*,*,#3523,.F.);
#6794 = ORIENTED_EDGE('',*,*,#6795,.T.);
#6795 = EDGE_CURVE('',#3491,#6796,#6798,.T.);
#6796 = VERTEX_POINT('',#6797);
#6797 = CARTESIAN_POINT('',(138.0000001,22.1500001,36.9500001));
#6798 = SURFACE_CURVE('',#6799,(#6803,#6810),.PCURVE_S1.);
#6799 = LINE('',#6800,#6801);
#6800 = CARTESIAN_POINT('',(136.5000001,22.1500001,36.9500001));
#6801 = VECTOR('',#6802,1.);
#6802 = DIRECTION('',(1.,0.,0.));
#6803 = PCURVE('',#3539,#6804);
#6804 = DEFINITIONAL_REPRESENTATION('',(#6805),#6809);
#6805 = LINE('',#6806,#6807);
#6806 = CARTESIAN_POINT('',(1.4,0.));
#6807 = VECTOR('',#6808,1.);
#6808 = DIRECTION('',(0.,-1.));
#6809 = ( GEOMETRIC_REPRESENTATION_CONTEXT(2) 
PARAMETRIC_REPRESENTATION_CONTEXT() REPRESENTATION_CONTEXT('2D SPACE',''
  ) );
#6810 = PCURVE('',#3511,#6811);
#6811 = DEFINITIONAL_REPRESENTATION('',(#6812),#6816);
#6812 = LINE('',#6813,#6814);
#6813 = CARTESIAN_POINT('',(1.570796326795,0.));
#6814 = VECTOR('',#6815,1.);
#6815 = DIRECTION('',(0.,1.));
#6816 = ( GEOMETRIC_REPRESENTATION_CONTEXT(2) 
PARAMETRIC_REPRESENTATION_CONTEXT() REPRESENTATION_CONTEXT('2D SPACE',''
  ) );
#6817 = ORIENTED_EDGE('',*,*,#6818,.T.);
#6818 = EDGE_CURVE('',#6796,#6745,#6819,.T.);
#6819 = SURFACE_CURVE('',#6820,(#6824,#6831),.PCURVE_S1.);
#6820 = LINE('',#6821,#6822);
#6821 = CARTESIAN_POINT('',(138.0000001,22.1500001,36.6000001));
#6822 = VECTOR('',#6823,1.);
#6823 = DIRECTION('',(0.,0.,1.));
#6824 = PCURVE('',#3539,#6825);
#6825 = DEFINITIONAL_REPRESENTATION('',(#6826),#6830);
#6826 = LINE('',#6827,#6828);
#6827 = CARTESIAN_POINT('',(1.05,-1.5));
#6828 = VECTOR('',#6829,1.);
#6829 = DIRECTION('',(1.,0.));
#6830 = ( GEOMETRIC_REPRESENTATION_CONTEXT(2) 
PARAMETRIC_REPRESENTATION_CONTEXT() REPRESENTATION_CONTEXT('2D SPACE',''
  ) );
#6831 = PCURVE('',#4823,#6832);
#6832 = DEFINITIONAL_REPRESENTATION('',(#6833),#6837);
#6833 = LINE('',#6834,#6835);
#6834 = CARTESIAN_POINT('',(-1.05,-5.));
#6835 = VECTOR('',#6836,1.);
#6836 = DIRECTION('',(1.,0.));
#6837 = ( GEOMETRIC_REPRESENTATION_CONTEXT(2) 
PARAMETRIC_REPRESENTATION_CONTEXT() REPRESENTATION_CONTEXT('2D SPACE',''
  ) );
#6838 = ORIENTED_EDGE('',*,*,#6744,.F.);
#6839 = ADVANCED_FACE('',(#6840),#3511,.F.);
#6840 = FACE_BOUND('',#6841,.F.);
#6841 = EDGE_LOOP('',(#6842,#6865,#6866,#6867));
#6842 = ORIENTED_EDGE('',*,*,#6843,.F.);
#6843 = EDGE_CURVE('',#3463,#6844,#6846,.T.);
#6844 = VERTEX_POINT('',#6845);
#6845 = CARTESIAN_POINT('',(138.0000001,20.7500001,35.5500001));
#6846 = SURFACE_CURVE('',#6847,(#6851,#6858),.PCURVE_S1.);
#6847 = LINE('',#6848,#6849);
#6848 = CARTESIAN_POINT('',(136.5000001,20.7500001,35.5500001));
#6849 = VECTOR('',#6850,1.);
#6850 = DIRECTION('',(1.,0.,0.));
#6851 = PCURVE('',#3511,#6852);
#6852 = DEFINITIONAL_REPRESENTATION('',(#6853),#6857);
#6853 = LINE('',#6854,#6855);
#6854 = CARTESIAN_POINT('',(0.,0.));
#6855 = VECTOR('',#6856,1.);
#6856 = DIRECTION('',(0.,1.));
#6857 = ( GEOMETRIC_REPRESENTATION_CONTEXT(2) 
PARAMETRIC_REPRESENTATION_CONTEXT() REPRESENTATION_CONTEXT('2D SPACE',''
  ) );
#6858 = PCURVE('',#3478,#6859);
#6859 = DEFINITIONAL_REPRESENTATION('',(#6860),#6864);
#6860 = LINE('',#6861,#6862);
#6861 = CARTESIAN_POINT('',(8.6,0.));
#6862 = VECTOR('',#6863,1.);
#6863 = DIRECTION('',(0.,-1.));
#6864 = ( GEOMETRIC_REPRESENTATION_CONTEXT(2) 
PARAMETRIC_REPRESENTATION_CONTEXT() REPRESENTATION_CONTEXT('2D SPACE',''
  ) );
#6865 = ORIENTED_EDGE('',*,*,#3490,.T.);
#6866 = ORIENTED_EDGE('',*,*,#6795,.T.);
#6867 = ORIENTED_EDGE('',*,*,#6868,.F.);
#6868 = EDGE_CURVE('',#6844,#6796,#6869,.T.);
#6869 = SURFACE_CURVE('',#6870,(#6875,#6882),.PCURVE_S1.);
#6870 = CIRCLE('',#6871,1.4);
#6871 = AXIS2_PLACEMENT_3D('',#6872,#6873,#6874);
#6872 = CARTESIAN_POINT('',(138.0000001,20.7500001,36.9500001));
#6873 = DIRECTION('',(1.,-0.,0.));
#6874 = DIRECTION('',(0.,0.,-1.));
#6875 = PCURVE('',#3511,#6876);
#6876 = DEFINITIONAL_REPRESENTATION('',(#6877),#6881);
#6877 = LINE('',#6878,#6879);
#6878 = CARTESIAN_POINT('',(0.,1.5));
#6879 = VECTOR('',#6880,1.);
#6880 = DIRECTION('',(1.,0.));
#6881 = ( GEOMETRIC_REPRESENTATION_CONTEXT(2) 
PARAMETRIC_REPRESENTATION_CONTEXT() REPRESENTATION_CONTEXT('2D SPACE',''
  ) );
#6882 = PCURVE('',#4823,#6883);
#6883 = DEFINITIONAL_REPRESENTATION('',(#6884),#6888);
#6884 = CIRCLE('',#6885,1.4);
#6885 = AXIS2_PLACEMENT_2D('',#6886,#6887);
#6886 = CARTESIAN_POINT('',(-0.7,-3.6));
#6887 = DIRECTION('',(-1.,0.));
#6888 = ( GEOMETRIC_REPRESENTATION_CONTEXT(2) 
PARAMETRIC_REPRESENTATION_CONTEXT() REPRESENTATION_CONTEXT('2D SPACE',''
  ) );
#6889 = ADVANCED_FACE('',(#6890),#3478,.T.);
#6890 = FACE_BOUND('',#6891,.T.);
#6891 = EDGE_LOOP('',(#6892,#6893,#6894,#6915));
#6892 = ORIENTED_EDGE('',*,*,#3462,.F.);
#6893 = ORIENTED_EDGE('',*,*,#6524,.T.);
#6894 = ORIENTED_EDGE('',*,*,#6895,.T.);
#6895 = EDGE_CURVE('',#6525,#6844,#6896,.T.);
#6896 = SURFACE_CURVE('',#6897,(#6901,#6908),.PCURVE_S1.);
#6897 = LINE('',#6898,#6899);
#6898 = CARTESIAN_POINT('',(138.0000001,14.6500001,35.5500001));
#6899 = VECTOR('',#6900,1.);
#6900 = DIRECTION('',(0.,1.,0.));
#6901 = PCURVE('',#3478,#6902);
#6902 = DEFINITIONAL_REPRESENTATION('',(#6903),#6907);
#6903 = LINE('',#6904,#6905);
#6904 = CARTESIAN_POINT('',(2.5,-1.5));
#6905 = VECTOR('',#6906,1.);
#6906 = DIRECTION('',(1.,0.));
#6907 = ( GEOMETRIC_REPRESENTATION_CONTEXT(2) 
PARAMETRIC_REPRESENTATION_CONTEXT() REPRESENTATION_CONTEXT('2D SPACE',''
  ) );
#6908 = PCURVE('',#4823,#6909);
#6909 = DEFINITIONAL_REPRESENTATION('',(#6910),#6914);
#6910 = LINE('',#6911,#6912);
#6911 = CARTESIAN_POINT('',(-2.1,2.5));
#6912 = VECTOR('',#6913,1.);
#6913 = DIRECTION('',(0.,-1.));
#6914 = ( GEOMETRIC_REPRESENTATION_CONTEXT(2) 
PARAMETRIC_REPRESENTATION_CONTEXT() REPRESENTATION_CONTEXT('2D SPACE',''
  ) );
#6915 = ORIENTED_EDGE('',*,*,#6843,.F.);
#6916 = ADVANCED_FACE('',(#6917),#4010,.T.);
#6917 = FACE_BOUND('',#6918,.T.);
#6918 = EDGE_LOOP('',(#6919,#6942,#6943,#6944,#6967,#6995));
#6919 = ORIENTED_EDGE('',*,*,#6920,.F.);
#6920 = EDGE_CURVE('',#4149,#6921,#6923,.T.);
#6921 = VERTEX_POINT('',#6922);
#6922 = CARTESIAN_POINT('',(99.8000001,17.0000001,55.0000001));
#6923 = SURFACE_CURVE('',#6924,(#6928,#6935),.PCURVE_S1.);
#6924 = LINE('',#6925,#6926);
#6925 = CARTESIAN_POINT('',(80.0000001,17.0000001,55.0000001));
#6926 = VECTOR('',#6927,1.);
#6927 = DIRECTION('',(1.,0.,0.));
#6928 = PCURVE('',#4010,#6929);
#6929 = DEFINITIONAL_REPRESENTATION('',(#6930),#6934);
#6930 = LINE('',#6931,#6932);
#6931 = CARTESIAN_POINT('',(0.,14.));
#6932 = VECTOR('',#6933,1.);
#6933 = DIRECTION('',(1.,0.));
#6934 = ( GEOMETRIC_REPRESENTATION_CONTEXT(2) 
PARAMETRIC_REPRESENTATION_CONTEXT() REPRESENTATION_CONTEXT('2D SPACE',''
  ) );
#6935 = PCURVE('',#4164,#6936);
#6936 = DEFINITIONAL_REPRESENTATION('',(#6937),#6941);
#6937 = LINE('',#6938,#6939);
#6938 = CARTESIAN_POINT('',(21.,0.));
#6939 = VECTOR('',#6940,1.);
#6940 = DIRECTION('',(0.,1.));
#6941 = ( GEOMETRIC_REPRESENTATION_CONTEXT(2) 
PARAMETRIC_REPRESENTATION_CONTEXT() REPRESENTATION_CONTEXT('2D SPACE',''
  ) );
#6942 = ORIENTED_EDGE('',*,*,#4176,.T.);
#6943 = ORIENTED_EDGE('',*,*,#3994,.T.);
#6944 = ORIENTED_EDGE('',*,*,#6945,.T.);
#6945 = EDGE_CURVE('',#3967,#6946,#6948,.T.);
#6946 = VERTEX_POINT('',#6947);
#6947 = CARTESIAN_POINT('',(98.8000001,3.0100001,55.0000001));
#6948 = SURFACE_CURVE('',#6949,(#6953,#6960),.PCURVE_S1.);
#6949 = LINE('',#6950,#6951);
#6950 = CARTESIAN_POINT('',(98.8000001,2.0000001,55.0000001));
#6951 = VECTOR('',#6952,1.);
#6952 = DIRECTION('',(0.,1.,0.));
#6953 = PCURVE('',#4010,#6954);
#6954 = DEFINITIONAL_REPRESENTATION('',(#6955),#6959);
#6955 = LINE('',#6956,#6957);
#6956 = CARTESIAN_POINT('',(18.8,-1.));
#6957 = VECTOR('',#6958,1.);
#6958 = DIRECTION('',(0.,1.));
#6959 = ( GEOMETRIC_REPRESENTATION_CONTEXT(2) 
PARAMETRIC_REPRESENTATION_CONTEXT() REPRESENTATION_CONTEXT('2D SPACE',''
  ) );
#6960 = PCURVE('',#3982,#6961);
#6961 = DEFINITIONAL_REPRESENTATION('',(#6962),#6966);
#6962 = LINE('',#6963,#6964);
#6963 = CARTESIAN_POINT('',(14.35,-1.));
#6964 = VECTOR('',#6965,1.);
#6965 = DIRECTION('',(0.,-1.));
#6966 = ( GEOMETRIC_REPRESENTATION_CONTEXT(2) 
PARAMETRIC_REPRESENTATION_CONTEXT() REPRESENTATION_CONTEXT('2D SPACE',''
  ) );
#6967 = ORIENTED_EDGE('',*,*,#6968,.F.);
#6968 = EDGE_CURVE('',#6969,#6946,#6971,.T.);
#6969 = VERTEX_POINT('',#6970);
#6970 = CARTESIAN_POINT('',(99.8000001,3.0100001,55.0000001));
#6971 = SURFACE_CURVE('',#6972,(#6976,#6983),.PCURVE_S1.);
#6972 = LINE('',#6973,#6974);
#6973 = CARTESIAN_POINT('',(89.4000001,3.0100001,55.0000001));
#6974 = VECTOR('',#6975,1.);
#6975 = DIRECTION('',(-1.,0.,0.));
#6976 = PCURVE('',#4010,#6977);
#6977 = DEFINITIONAL_REPRESENTATION('',(#6978),#6982);
#6978 = LINE('',#6979,#6980);
#6979 = CARTESIAN_POINT('',(9.4,9.999999999996E-03));
#6980 = VECTOR('',#6981,1.);
#6981 = DIRECTION('',(-1.,0.));
#6982 = ( GEOMETRIC_REPRESENTATION_CONTEXT(2) 
PARAMETRIC_REPRESENTATION_CONTEXT() REPRESENTATION_CONTEXT('2D SPACE',''
  ) );
#6983 = PCURVE('',#6984,#6989);
#6984 = PLANE('',#6985);
#6985 = AXIS2_PLACEMENT_3D('',#6986,#6987,#6988);
#6986 = CARTESIAN_POINT('',(98.8000001,3.0100001,40.6500001));
#6987 = DIRECTION('',(0.,1.,0.));
#6988 = DIRECTION('',(0.,0.,1.));
#6989 = DEFINITIONAL_REPRESENTATION('',(#6990),#6994);
#6990 = LINE('',#6991,#6992);
#6991 = CARTESIAN_POINT('',(14.35,-9.4));
#6992 = VECTOR('',#6993,1.);
#6993 = DIRECTION('',(0.,-1.));
#6994 = ( GEOMETRIC_REPRESENTATION_CONTEXT(2) 
PARAMETRIC_REPRESENTATION_CONTEXT() REPRESENTATION_CONTEXT('2D SPACE',''
  ) );
#6995 = ORIENTED_EDGE('',*,*,#6996,.T.);
#6996 = EDGE_CURVE('',#6969,#6921,#6997,.T.);
#6997 = SURFACE_CURVE('',#6998,(#7002,#7009),.PCURVE_S1.);
#6998 = LINE('',#6999,#7000);
#6999 = CARTESIAN_POINT('',(99.8000001,3.0000001,55.0000001));
#7000 = VECTOR('',#7001,1.);
#7001 = DIRECTION('',(0.,1.,0.));
#7002 = PCURVE('',#4010,#7003);
#7003 = DEFINITIONAL_REPRESENTATION('',(#7004),#7008);
#7004 = LINE('',#7005,#7006);
#7005 = CARTESIAN_POINT('',(19.8,0.));
#7006 = VECTOR('',#7007,1.);
#7007 = DIRECTION('',(0.,1.));
#7008 = ( GEOMETRIC_REPRESENTATION_CONTEXT(2) 
PARAMETRIC_REPRESENTATION_CONTEXT() REPRESENTATION_CONTEXT('2D SPACE',''
  ) );
#7009 = PCURVE('',#3870,#7010);
#7010 = DEFINITIONAL_REPRESENTATION('',(#7011),#7015);
#7011 = LINE('',#7012,#7013);
#7012 = CARTESIAN_POINT('',(21.,0.));
#7013 = VECTOR('',#7014,1.);
#7014 = DIRECTION('',(0.,-1.));
#7015 = ( GEOMETRIC_REPRESENTATION_CONTEXT(2) 
PARAMETRIC_REPRESENTATION_CONTEXT() REPRESENTATION_CONTEXT('2D SPACE',''
  ) );
#7016 = ADVANCED_FACE('',(#7017),#3982,.T.);
#7017 = FACE_BOUND('',#7018,.T.);
#7018 = EDGE_LOOP('',(#7019,#7042,#7070,#7093,#7114,#7115));
#7019 = ORIENTED_EDGE('',*,*,#7020,.F.);
#7020 = EDGE_CURVE('',#7021,#3939,#7023,.T.);
#7021 = VERTEX_POINT('',#7022);
#7022 = CARTESIAN_POINT('',(98.8000001,1.0000001,60.5000001));
#7023 = SURFACE_CURVE('',#7024,(#7028,#7035),.PCURVE_S1.);
#7024 = LINE('',#7025,#7026);
#7025 = CARTESIAN_POINT('',(98.8000001,1.0000001,60.5000001));
#7026 = VECTOR('',#7027,1.);
#7027 = DIRECTION('',(0.,1.,0.));
#7028 = PCURVE('',#3982,#7029);
#7029 = DEFINITIONAL_REPRESENTATION('',(#7030),#7034);
#7030 = LINE('',#7031,#7032);
#7031 = CARTESIAN_POINT('',(19.85,0.));
#7032 = VECTOR('',#7033,1.);
#7033 = DIRECTION('',(0.,-1.));
#7034 = ( GEOMETRIC_REPRESENTATION_CONTEXT(2) 
PARAMETRIC_REPRESENTATION_CONTEXT() REPRESENTATION_CONTEXT('2D SPACE',''
  ) );
#7035 = PCURVE('',#3954,#7036);
#7036 = DEFINITIONAL_REPRESENTATION('',(#7037),#7041);
#7037 = LINE('',#7038,#7039);
#7038 = CARTESIAN_POINT('',(0.,0.));
#7039 = VECTOR('',#7040,1.);
#7040 = DIRECTION('',(0.,1.));
#7041 = ( GEOMETRIC_REPRESENTATION_CONTEXT(2) 
PARAMETRIC_REPRESENTATION_CONTEXT() REPRESENTATION_CONTEXT('2D SPACE',''
  ) );
#7042 = ORIENTED_EDGE('',*,*,#7043,.F.);
#7043 = EDGE_CURVE('',#7044,#7021,#7046,.T.);
#7044 = VERTEX_POINT('',#7045);
#7045 = CARTESIAN_POINT('',(98.8000001,1.0000001,40.6500001));
#7046 = SURFACE_CURVE('',#7047,(#7051,#7058),.PCURVE_S1.);
#7047 = LINE('',#7048,#7049);
#7048 = CARTESIAN_POINT('',(98.8000001,1.0000001,40.6500001));
#7049 = VECTOR('',#7050,1.);
#7050 = DIRECTION('',(0.,0.,1.));
#7051 = PCURVE('',#3982,#7052);
#7052 = DEFINITIONAL_REPRESENTATION('',(#7053),#7057);
#7053 = LINE('',#7054,#7055);
#7054 = CARTESIAN_POINT('',(0.,0.));
#7055 = VECTOR('',#7056,1.);
#7056 = DIRECTION('',(1.,0.));
#7057 = ( GEOMETRIC_REPRESENTATION_CONTEXT(2) 
PARAMETRIC_REPRESENTATION_CONTEXT() REPRESENTATION_CONTEXT('2D SPACE',''
  ) );
#7058 = PCURVE('',#7059,#7064);
#7059 = PLANE('',#7060);
#7060 = AXIS2_PLACEMENT_3D('',#7061,#7062,#7063);
#7061 = CARTESIAN_POINT('',(98.8000001,1.0000001,40.6500001));
#7062 = DIRECTION('',(0.,1.,0.));
#7063 = DIRECTION('',(0.,0.,1.));
#7064 = DEFINITIONAL_REPRESENTATION('',(#7065),#7069);
#7065 = LINE('',#7066,#7067);
#7066 = CARTESIAN_POINT('',(0.,0.));
#7067 = VECTOR('',#7068,1.);
#7068 = DIRECTION('',(1.,0.));
#7069 = ( GEOMETRIC_REPRESENTATION_CONTEXT(2) 
PARAMETRIC_REPRESENTATION_CONTEXT() REPRESENTATION_CONTEXT('2D SPACE',''
  ) );
#7070 = ORIENTED_EDGE('',*,*,#7071,.T.);
#7071 = EDGE_CURVE('',#7044,#7072,#7074,.T.);
#7072 = VERTEX_POINT('',#7073);
#7073 = CARTESIAN_POINT('',(98.8000001,3.0100001,40.6500001));
#7074 = SURFACE_CURVE('',#7075,(#7079,#7086),.PCURVE_S1.);
#7075 = LINE('',#7076,#7077);
#7076 = CARTESIAN_POINT('',(98.8000001,1.0000001,40.6500001));
#7077 = VECTOR('',#7078,1.);
#7078 = DIRECTION('',(0.,1.,0.));
#7079 = PCURVE('',#3982,#7080);
#7080 = DEFINITIONAL_REPRESENTATION('',(#7081),#7085);
#7081 = LINE('',#7082,#7083);
#7082 = CARTESIAN_POINT('',(0.,0.));
#7083 = VECTOR('',#7084,1.);
#7084 = DIRECTION('',(0.,-1.));
#7085 = ( GEOMETRIC_REPRESENTATION_CONTEXT(2) 
PARAMETRIC_REPRESENTATION_CONTEXT() REPRESENTATION_CONTEXT('2D SPACE',''
  ) );
#7086 = PCURVE('',#3898,#7087);
#7087 = DEFINITIONAL_REPRESENTATION('',(#7088),#7092);
#7088 = LINE('',#7089,#7090);
#7089 = CARTESIAN_POINT('',(0.,0.));
#7090 = VECTOR('',#7091,1.);
#7091 = DIRECTION('',(0.,1.));
#7092 = ( GEOMETRIC_REPRESENTATION_CONTEXT(2) 
PARAMETRIC_REPRESENTATION_CONTEXT() REPRESENTATION_CONTEXT('2D SPACE',''
  ) );
#7093 = ORIENTED_EDGE('',*,*,#7094,.T.);
#7094 = EDGE_CURVE('',#7072,#6946,#7095,.T.);
#7095 = SURFACE_CURVE('',#7096,(#7100,#7107),.PCURVE_S1.);
#7096 = LINE('',#7097,#7098);
#7097 = CARTESIAN_POINT('',(98.8000001,3.0100001,40.6500001));
#7098 = VECTOR('',#7099,1.);
#7099 = DIRECTION('',(0.,0.,1.));
#7100 = PCURVE('',#3982,#7101);
#7101 = DEFINITIONAL_REPRESENTATION('',(#7102),#7106);
#7102 = LINE('',#7103,#7104);
#7103 = CARTESIAN_POINT('',(0.,-2.01));
#7104 = VECTOR('',#7105,1.);
#7105 = DIRECTION('',(1.,0.));
#7106 = ( GEOMETRIC_REPRESENTATION_CONTEXT(2) 
PARAMETRIC_REPRESENTATION_CONTEXT() REPRESENTATION_CONTEXT('2D SPACE',''
  ) );
#7107 = PCURVE('',#6984,#7108);
#7108 = DEFINITIONAL_REPRESENTATION('',(#7109),#7113);
#7109 = LINE('',#7110,#7111);
#7110 = CARTESIAN_POINT('',(0.,0.));
#7111 = VECTOR('',#7112,1.);
#7112 = DIRECTION('',(1.,0.));
#7113 = ( GEOMETRIC_REPRESENTATION_CONTEXT(2) 
PARAMETRIC_REPRESENTATION_CONTEXT() REPRESENTATION_CONTEXT('2D SPACE',''
  ) );
#7114 = ORIENTED_EDGE('',*,*,#6945,.F.);
#7115 = ORIENTED_EDGE('',*,*,#3966,.F.);
#7116 = ADVANCED_FACE('',(#7117),#3954,.F.);
#7117 = FACE_BOUND('',#7118,.F.);
#7118 = EDGE_LOOP('',(#7119,#7120,#7143,#7164));
#7119 = ORIENTED_EDGE('',*,*,#7020,.F.);
#7120 = ORIENTED_EDGE('',*,*,#7121,.T.);
#7121 = EDGE_CURVE('',#7021,#7122,#7124,.T.);
#7122 = VERTEX_POINT('',#7123);
#7123 = CARTESIAN_POINT('',(131.4000001,1.0000001,60.5000001));
#7124 = SURFACE_CURVE('',#7125,(#7129,#7136),.PCURVE_S1.);
#7125 = LINE('',#7126,#7127);
#7126 = CARTESIAN_POINT('',(98.8000001,1.0000001,60.5000001));
#7127 = VECTOR('',#7128,1.);
#7128 = DIRECTION('',(1.,0.,0.));
#7129 = PCURVE('',#3954,#7130);
#7130 = DEFINITIONAL_REPRESENTATION('',(#7131),#7135);
#7131 = LINE('',#7132,#7133);
#7132 = CARTESIAN_POINT('',(0.,0.));
#7133 = VECTOR('',#7134,1.);
#7134 = DIRECTION('',(1.,0.));
#7135 = ( GEOMETRIC_REPRESENTATION_CONTEXT(2) 
PARAMETRIC_REPRESENTATION_CONTEXT() REPRESENTATION_CONTEXT('2D SPACE',''
  ) );
#7136 = PCURVE('',#7059,#7137);
#7137 = DEFINITIONAL_REPRESENTATION('',(#7138),#7142);
#7138 = LINE('',#7139,#7140);
#7139 = CARTESIAN_POINT('',(19.85,0.));
#7140 = VECTOR('',#7141,1.);
#7141 = DIRECTION('',(0.,1.));
#7142 = ( GEOMETRIC_REPRESENTATION_CONTEXT(2) 
PARAMETRIC_REPRESENTATION_CONTEXT() REPRESENTATION_CONTEXT('2D SPACE',''
  ) );
#7143 = ORIENTED_EDGE('',*,*,#7144,.T.);
#7144 = EDGE_CURVE('',#7122,#3911,#7145,.T.);
#7145 = SURFACE_CURVE('',#7146,(#7150,#7157),.PCURVE_S1.);
#7146 = LINE('',#7147,#7148);
#7147 = CARTESIAN_POINT('',(131.4000001,1.0000001,60.5000001));
#7148 = VECTOR('',#7149,1.);
#7149 = DIRECTION('',(0.,1.,0.));
#7150 = PCURVE('',#3954,#7151);
#7151 = DEFINITIONAL_REPRESENTATION('',(#7152),#7156);
#7152 = LINE('',#7153,#7154);
#7153 = CARTESIAN_POINT('',(32.6,0.));
#7154 = VECTOR('',#7155,1.);
#7155 = DIRECTION('',(0.,1.));
#7156 = ( GEOMETRIC_REPRESENTATION_CONTEXT(2) 
PARAMETRIC_REPRESENTATION_CONTEXT() REPRESENTATION_CONTEXT('2D SPACE',''
  ) );
#7157 = PCURVE('',#3926,#7158);
#7158 = DEFINITIONAL_REPRESENTATION('',(#7159),#7163);
#7159 = LINE('',#7160,#7161);
#7160 = CARTESIAN_POINT('',(19.85,0.));
#7161 = VECTOR('',#7162,1.);
#7162 = DIRECTION('',(0.,-1.));
#7163 = ( GEOMETRIC_REPRESENTATION_CONTEXT(2) 
PARAMETRIC_REPRESENTATION_CONTEXT() REPRESENTATION_CONTEXT('2D SPACE',''
  ) );
#7164 = ORIENTED_EDGE('',*,*,#3938,.F.);
#7165 = ADVANCED_FACE('',(#7166),#3926,.F.);
#7166 = FACE_BOUND('',#7167,.F.);
#7167 = EDGE_LOOP('',(#7168,#7169,#7192,#7213));
#7168 = ORIENTED_EDGE('',*,*,#7144,.F.);
#7169 = ORIENTED_EDGE('',*,*,#7170,.F.);
#7170 = EDGE_CURVE('',#7171,#7122,#7173,.T.);
#7171 = VERTEX_POINT('',#7172);
#7172 = CARTESIAN_POINT('',(131.4000001,1.0000001,40.6500001));
#7173 = SURFACE_CURVE('',#7174,(#7178,#7185),.PCURVE_S1.);
#7174 = LINE('',#7175,#7176);
#7175 = CARTESIAN_POINT('',(131.4000001,1.0000001,40.6500001));
#7176 = VECTOR('',#7177,1.);
#7177 = DIRECTION('',(0.,0.,1.));
#7178 = PCURVE('',#3926,#7179);
#7179 = DEFINITIONAL_REPRESENTATION('',(#7180),#7184);
#7180 = LINE('',#7181,#7182);
#7181 = CARTESIAN_POINT('',(0.,0.));
#7182 = VECTOR('',#7183,1.);
#7183 = DIRECTION('',(1.,0.));
#7184 = ( GEOMETRIC_REPRESENTATION_CONTEXT(2) 
PARAMETRIC_REPRESENTATION_CONTEXT() REPRESENTATION_CONTEXT('2D SPACE',''
  ) );
#7185 = PCURVE('',#7059,#7186);
#7186 = DEFINITIONAL_REPRESENTATION('',(#7187),#7191);
#7187 = LINE('',#7188,#7189);
#7188 = CARTESIAN_POINT('',(0.,32.6));
#7189 = VECTOR('',#7190,1.);
#7190 = DIRECTION('',(1.,0.));
#7191 = ( GEOMETRIC_REPRESENTATION_CONTEXT(2) 
PARAMETRIC_REPRESENTATION_CONTEXT() REPRESENTATION_CONTEXT('2D SPACE',''
  ) );
#7192 = ORIENTED_EDGE('',*,*,#7193,.T.);
#7193 = EDGE_CURVE('',#7171,#3883,#7194,.T.);
#7194 = SURFACE_CURVE('',#7195,(#7199,#7206),.PCURVE_S1.);
#7195 = LINE('',#7196,#7197);
#7196 = CARTESIAN_POINT('',(131.4000001,1.0000001,40.6500001));
#7197 = VECTOR('',#7198,1.);
#7198 = DIRECTION('',(0.,1.,0.));
#7199 = PCURVE('',#3926,#7200);
#7200 = DEFINITIONAL_REPRESENTATION('',(#7201),#7205);
#7201 = LINE('',#7202,#7203);
#7202 = CARTESIAN_POINT('',(0.,0.));
#7203 = VECTOR('',#7204,1.);
#7204 = DIRECTION('',(0.,-1.));
#7205 = ( GEOMETRIC_REPRESENTATION_CONTEXT(2) 
PARAMETRIC_REPRESENTATION_CONTEXT() REPRESENTATION_CONTEXT('2D SPACE',''
  ) );
#7206 = PCURVE('',#3898,#7207);
#7207 = DEFINITIONAL_REPRESENTATION('',(#7208),#7212);
#7208 = LINE('',#7209,#7210);
#7209 = CARTESIAN_POINT('',(32.6,0.));
#7210 = VECTOR('',#7211,1.);
#7211 = DIRECTION('',(0.,1.));
#7212 = ( GEOMETRIC_REPRESENTATION_CONTEXT(2) 
PARAMETRIC_REPRESENTATION_CONTEXT() REPRESENTATION_CONTEXT('2D SPACE',''
  ) );
#7213 = ORIENTED_EDGE('',*,*,#3910,.F.);
#7214 = ADVANCED_FACE('',(#7215),#3898,.T.);
#7215 = FACE_BOUND('',#7216,.T.);
#7216 = EDGE_LOOP('',(#7217,#7240,#7241,#7262,#7263,#7264));
#7217 = ORIENTED_EDGE('',*,*,#7218,.F.);
#7218 = EDGE_CURVE('',#7072,#7219,#7221,.T.);
#7219 = VERTEX_POINT('',#7220);
#7220 = CARTESIAN_POINT('',(99.8000001,3.0100001,40.6500001));
#7221 = SURFACE_CURVE('',#7222,(#7226,#7233),.PCURVE_S1.);
#7222 = LINE('',#7223,#7224);
#7223 = CARTESIAN_POINT('',(98.8000001,3.0100001,40.6500001));
#7224 = VECTOR('',#7225,1.);
#7225 = DIRECTION('',(1.,0.,0.));
#7226 = PCURVE('',#3898,#7227);
#7227 = DEFINITIONAL_REPRESENTATION('',(#7228),#7232);
#7228 = LINE('',#7229,#7230);
#7229 = CARTESIAN_POINT('',(0.,2.01));
#7230 = VECTOR('',#7231,1.);
#7231 = DIRECTION('',(1.,0.));
#7232 = ( GEOMETRIC_REPRESENTATION_CONTEXT(2) 
PARAMETRIC_REPRESENTATION_CONTEXT() REPRESENTATION_CONTEXT('2D SPACE',''
  ) );
#7233 = PCURVE('',#6984,#7234);
#7234 = DEFINITIONAL_REPRESENTATION('',(#7235),#7239);
#7235 = LINE('',#7236,#7237);
#7236 = CARTESIAN_POINT('',(0.,0.));
#7237 = VECTOR('',#7238,1.);
#7238 = DIRECTION('',(0.,1.));
#7239 = ( GEOMETRIC_REPRESENTATION_CONTEXT(2) 
PARAMETRIC_REPRESENTATION_CONTEXT() REPRESENTATION_CONTEXT('2D SPACE',''
  ) );
#7240 = ORIENTED_EDGE('',*,*,#7071,.F.);
#7241 = ORIENTED_EDGE('',*,*,#7242,.T.);
#7242 = EDGE_CURVE('',#7044,#7171,#7243,.T.);
#7243 = SURFACE_CURVE('',#7244,(#7248,#7255),.PCURVE_S1.);
#7244 = LINE('',#7245,#7246);
#7245 = CARTESIAN_POINT('',(98.8000001,1.0000001,40.6500001));
#7246 = VECTOR('',#7247,1.);
#7247 = DIRECTION('',(1.,0.,0.));
#7248 = PCURVE('',#3898,#7249);
#7249 = DEFINITIONAL_REPRESENTATION('',(#7250),#7254);
#7250 = LINE('',#7251,#7252);
#7251 = CARTESIAN_POINT('',(0.,0.));
#7252 = VECTOR('',#7253,1.);
#7253 = DIRECTION('',(1.,0.));
#7254 = ( GEOMETRIC_REPRESENTATION_CONTEXT(2) 
PARAMETRIC_REPRESENTATION_CONTEXT() REPRESENTATION_CONTEXT('2D SPACE',''
  ) );
#7255 = PCURVE('',#7059,#7256);
#7256 = DEFINITIONAL_REPRESENTATION('',(#7257),#7261);
#7257 = LINE('',#7258,#7259);
#7258 = CARTESIAN_POINT('',(0.,0.));
#7259 = VECTOR('',#7260,1.);
#7260 = DIRECTION('',(0.,1.));
#7261 = ( GEOMETRIC_REPRESENTATION_CONTEXT(2) 
PARAMETRIC_REPRESENTATION_CONTEXT() REPRESENTATION_CONTEXT('2D SPACE',''
  ) );
#7262 = ORIENTED_EDGE('',*,*,#7193,.T.);
#7263 = ORIENTED_EDGE('',*,*,#3882,.F.);
#7264 = ORIENTED_EDGE('',*,*,#7265,.F.);
#7265 = EDGE_CURVE('',#7219,#3855,#7266,.T.);
#7266 = SURFACE_CURVE('',#7267,(#7271,#7278),.PCURVE_S1.);
#7267 = LINE('',#7268,#7269);
#7268 = CARTESIAN_POINT('',(99.8000001,2.0000001,40.6500001));
#7269 = VECTOR('',#7270,1.);
#7270 = DIRECTION('',(0.,-1.,0.));
#7271 = PCURVE('',#3898,#7272);
#7272 = DEFINITIONAL_REPRESENTATION('',(#7273),#7277);
#7273 = LINE('',#7274,#7275);
#7274 = CARTESIAN_POINT('',(1.,1.));
#7275 = VECTOR('',#7276,1.);
#7276 = DIRECTION('',(0.,-1.));
#7277 = ( GEOMETRIC_REPRESENTATION_CONTEXT(2) 
PARAMETRIC_REPRESENTATION_CONTEXT() REPRESENTATION_CONTEXT('2D SPACE',''
  ) );
#7278 = PCURVE('',#3870,#7279);
#7279 = DEFINITIONAL_REPRESENTATION('',(#7280),#7284);
#7280 = LINE('',#7281,#7282);
#7281 = CARTESIAN_POINT('',(6.65,1.));
#7282 = VECTOR('',#7283,1.);
#7283 = DIRECTION('',(0.,1.));
#7284 = ( GEOMETRIC_REPRESENTATION_CONTEXT(2) 
PARAMETRIC_REPRESENTATION_CONTEXT() REPRESENTATION_CONTEXT('2D SPACE',''
  ) );
#7285 = ADVANCED_FACE('',(#7286,#7334),#3870,.T.);
#7286 = FACE_BOUND('',#7287,.T.);
#7287 = EDGE_LOOP('',(#7288,#7289,#7290,#7311,#7312,#7333));
#7288 = ORIENTED_EDGE('',*,*,#3854,.F.);
#7289 = ORIENTED_EDGE('',*,*,#5829,.T.);
#7290 = ORIENTED_EDGE('',*,*,#7291,.T.);
#7291 = EDGE_CURVE('',#5807,#6921,#7292,.T.);
#7292 = SURFACE_CURVE('',#7293,(#7297,#7304),.PCURVE_S1.);
#7293 = LINE('',#7294,#7295);
#7294 = CARTESIAN_POINT('',(99.8000001,17.0000001,34.0000001));
#7295 = VECTOR('',#7296,1.);
#7296 = DIRECTION('',(0.,0.,1.));
#7297 = PCURVE('',#3870,#7298);
#7298 = DEFINITIONAL_REPRESENTATION('',(#7299),#7303);
#7299 = LINE('',#7300,#7301);
#7300 = CARTESIAN_POINT('',(0.,-14.));
#7301 = VECTOR('',#7302,1.);
#7302 = DIRECTION('',(1.,0.));
#7303 = ( GEOMETRIC_REPRESENTATION_CONTEXT(2) 
PARAMETRIC_REPRESENTATION_CONTEXT() REPRESENTATION_CONTEXT('2D SPACE',''
  ) );
#7304 = PCURVE('',#4164,#7305);
#7305 = DEFINITIONAL_REPRESENTATION('',(#7306),#7310);
#7306 = LINE('',#7307,#7308);
#7307 = CARTESIAN_POINT('',(0.,19.8));
#7308 = VECTOR('',#7309,1.);
#7309 = DIRECTION('',(1.,0.));
#7310 = ( GEOMETRIC_REPRESENTATION_CONTEXT(2) 
PARAMETRIC_REPRESENTATION_CONTEXT() REPRESENTATION_CONTEXT('2D SPACE',''
  ) );
#7311 = ORIENTED_EDGE('',*,*,#6996,.F.);
#7312 = ORIENTED_EDGE('',*,*,#7313,.F.);
#7313 = EDGE_CURVE('',#7219,#6969,#7314,.T.);
#7314 = SURFACE_CURVE('',#7315,(#7319,#7326),.PCURVE_S1.);
#7315 = LINE('',#7316,#7317);
#7316 = CARTESIAN_POINT('',(99.8000001,3.0100001,37.3250001));
#7317 = VECTOR('',#7318,1.);
#7318 = DIRECTION('',(0.,0.,1.));
#7319 = PCURVE('',#3870,#7320);
#7320 = DEFINITIONAL_REPRESENTATION('',(#7321),#7325);
#7321 = LINE('',#7322,#7323);
#7322 = CARTESIAN_POINT('',(3.325,-9.999999999996E-03));
#7323 = VECTOR('',#7324,1.);
#7324 = DIRECTION('',(1.,0.));
#7325 = ( GEOMETRIC_REPRESENTATION_CONTEXT(2) 
PARAMETRIC_REPRESENTATION_CONTEXT() REPRESENTATION_CONTEXT('2D SPACE',''
  ) );
#7326 = PCURVE('',#6984,#7327);
#7327 = DEFINITIONAL_REPRESENTATION('',(#7328),#7332);
#7328 = LINE('',#7329,#7330);
#7329 = CARTESIAN_POINT('',(-3.325,1.));
#7330 = VECTOR('',#7331,1.);
#7331 = DIRECTION('',(1.,0.));
#7332 = ( GEOMETRIC_REPRESENTATION_CONTEXT(2) 
PARAMETRIC_REPRESENTATION_CONTEXT() REPRESENTATION_CONTEXT('2D SPACE',''
  ) );
#7333 = ORIENTED_EDGE('',*,*,#7265,.T.);
#7334 = FACE_BOUND('',#7335,.T.);
#7335 = EDGE_LOOP('',(#7336));
#7336 = ORIENTED_EDGE('',*,*,#7337,.T.);
#7337 = EDGE_CURVE('',#7338,#7338,#7340,.T.);
#7338 = VERTEX_POINT('',#7339);
#7339 = CARTESIAN_POINT('',(99.8000001,15.1750001,49.0000001));
#7340 = SURFACE_CURVE('',#7341,(#7346,#7357),.PCURVE_S1.);
#7341 = CIRCLE('',#7342,5.175);
#7342 = AXIS2_PLACEMENT_3D('',#7343,#7344,#7345);
#7343 = CARTESIAN_POINT('',(99.8000001,10.0000001,49.0000001));
#7344 = DIRECTION('',(-1.,0.,0.));
#7345 = DIRECTION('',(0.,1.,0.));
#7346 = PCURVE('',#3870,#7347);
#7347 = DEFINITIONAL_REPRESENTATION('',(#7348),#7356);
#7348 = ( BOUNDED_CURVE() B_SPLINE_CURVE(2,(#7349,#7350,#7351,#7352,
#7353,#7354,#7355),.UNSPECIFIED.,.T.,.F.) B_SPLINE_CURVE_WITH_KNOTS((1,2
    ,2,2,2,1),(-2.094395102393,0.,2.094395102393,4.188790204786,
6.28318530718,8.377580409573),.UNSPECIFIED.) CURVE() 
GEOMETRIC_REPRESENTATION_ITEM() RATIONAL_B_SPLINE_CURVE((1.,0.5,1.,0.5,
1.,0.5,1.)) REPRESENTATION_ITEM('') );
#7349 = CARTESIAN_POINT('',(15.,-12.175));
#7350 = CARTESIAN_POINT('',(6.036637070831,-12.175));
#7351 = CARTESIAN_POINT('',(10.518318535416,-4.4125));
#7352 = CARTESIAN_POINT('',(15.,3.35));
#7353 = CARTESIAN_POINT('',(19.481681464584,-4.4125));
#7354 = CARTESIAN_POINT('',(23.963362929169,-12.175));
#7355 = CARTESIAN_POINT('',(15.,-12.175));
#7356 = ( GEOMETRIC_REPRESENTATION_CONTEXT(2) 
PARAMETRIC_REPRESENTATION_CONTEXT() REPRESENTATION_CONTEXT('2D SPACE',''
  ) );
#7357 = PCURVE('',#7358,#7363);
#7358 = CYLINDRICAL_SURFACE('',#7359,5.175);
#7359 = AXIS2_PLACEMENT_3D('',#7360,#7361,#7362);
#7360 = CARTESIAN_POINT('',(91.5000001,10.0000001,49.0000001));
#7361 = DIRECTION('',(-1.,-0.,-0.));
#7362 = DIRECTION('',(0.,1.,0.));
#7363 = DEFINITIONAL_REPRESENTATION('',(#7364),#7368);
#7364 = LINE('',#7365,#7366);
#7365 = CARTESIAN_POINT('',(-6.28318530718,-8.3));
#7366 = VECTOR('',#7367,1.);
#7367 = DIRECTION('',(1.,-0.));
#7368 = ( GEOMETRIC_REPRESENTATION_CONTEXT(2) 
PARAMETRIC_REPRESENTATION_CONTEXT() REPRESENTATION_CONTEXT('2D SPACE',''
  ) );
#7369 = ADVANCED_FACE('',(#7370),#4164,.T.);
#7370 = FACE_BOUND('',#7371,.T.);
#7371 = EDGE_LOOP('',(#7372,#7373,#7374,#7375));
#7372 = ORIENTED_EDGE('',*,*,#7291,.F.);
#7373 = ORIENTED_EDGE('',*,*,#5806,.T.);
#7374 = ORIENTED_EDGE('',*,*,#4148,.F.);
#7375 = ORIENTED_EDGE('',*,*,#6920,.T.);
#7376 = ADVANCED_FACE('',(#7377),#4408,.T.);
#7377 = FACE_BOUND('',#7378,.T.);
#7378 = EDGE_LOOP('',(#7379));
#7379 = ORIENTED_EDGE('',*,*,#4391,.T.);
#7380 = ADVANCED_FACE('',(#7381),#4485,.T.);
#7381 = FACE_BOUND('',#7382,.T.);
#7382 = EDGE_LOOP('',(#7383));
#7383 = ORIENTED_EDGE('',*,*,#4470,.T.);
#7384 = ADVANCED_FACE('',(#7385),#4540,.F.);
#7385 = FACE_BOUND('',#7386,.F.);
#7386 = EDGE_LOOP('',(#7387));
#7387 = ORIENTED_EDGE('',*,*,#4525,.T.);
#7388 = ADVANCED_FACE('',(#7389),#4595,.T.);
#7389 = FACE_BOUND('',#7390,.T.);
#7390 = EDGE_LOOP('',(#7391));
#7391 = ORIENTED_EDGE('',*,*,#4580,.T.);
#7392 = ADVANCED_FACE('',(#7393),#4650,.T.);
#7393 = FACE_BOUND('',#7394,.T.);
#7394 = EDGE_LOOP('',(#7395));
#7395 = ORIENTED_EDGE('',*,*,#4635,.T.);
#7396 = ADVANCED_FACE('',(#7397),#4705,.F.);
#7397 = FACE_BOUND('',#7398,.F.);
#7398 = EDGE_LOOP('',(#7399));
#7399 = ORIENTED_EDGE('',*,*,#4690,.T.);
#7400 = ADVANCED_FACE('',(#7401),#4760,.F.);
#7401 = FACE_BOUND('',#7402,.F.);
#7402 = EDGE_LOOP('',(#7403));
#7403 = ORIENTED_EDGE('',*,*,#4745,.T.);
#7404 = ADVANCED_FACE('',(#7405,#7415),#4823,.T.);
#7405 = FACE_BOUND('',#7406,.T.);
#7406 = EDGE_LOOP('',(#7407,#7408,#7409,#7410,#7411,#7412,#7413,#7414));
#7407 = ORIENTED_EDGE('',*,*,#5161,.T.);
#7408 = ORIENTED_EDGE('',*,*,#4806,.T.);
#7409 = ORIENTED_EDGE('',*,*,#4860,.T.);
#7410 = ORIENTED_EDGE('',*,*,#4910,.T.);
#7411 = ORIENTED_EDGE('',*,*,#4959,.T.);
#7412 = ORIENTED_EDGE('',*,*,#5009,.T.);
#7413 = ORIENTED_EDGE('',*,*,#5058,.T.);
#7414 = ORIENTED_EDGE('',*,*,#5130,.F.);
#7415 = FACE_BOUND('',#7416,.T.);
#7416 = EDGE_LOOP('',(#7417,#7418,#7419,#7420,#7421,#7422,#7423,#7424));
#7417 = ORIENTED_EDGE('',*,*,#6868,.F.);
#7418 = ORIENTED_EDGE('',*,*,#6895,.F.);
#7419 = ORIENTED_EDGE('',*,*,#6571,.F.);
#7420 = ORIENTED_EDGE('',*,*,#6620,.F.);
#7421 = ORIENTED_EDGE('',*,*,#6670,.F.);
#7422 = ORIENTED_EDGE('',*,*,#6719,.F.);
#7423 = ORIENTED_EDGE('',*,*,#6769,.F.);
#7424 = ORIENTED_EDGE('',*,*,#6818,.F.);
#7425 = ADVANCED_FACE('',(#7426,#7430),#5207,.T.);
#7426 = FACE_BOUND('',#7427,.T.);
#7427 = EDGE_LOOP('',(#7428,#7429));
#7428 = ORIENTED_EDGE('',*,*,#5747,.F.);
#7429 = ORIENTED_EDGE('',*,*,#5267,.F.);
#7430 = FACE_BOUND('',#7431,.T.);
#7431 = EDGE_LOOP('',(#7432,#7433));
#7432 = ORIENTED_EDGE('',*,*,#5219,.F.);
#7433 = ORIENTED_EDGE('',*,*,#5188,.F.);
#7434 = ADVANCED_FACE('',(#7435),#5382,.F.);
#7435 = FACE_BOUND('',#7436,.T.);
#7436 = EDGE_LOOP('',(#7437,#7438,#7461,#7488,#7489,#7490));
#7437 = ORIENTED_EDGE('',*,*,#5418,.F.);
#7438 = ORIENTED_EDGE('',*,*,#7439,.T.);
#7439 = EDGE_CURVE('',#5319,#7440,#7442,.T.);
#7440 = VERTEX_POINT('',#7441);
#7441 = CARTESIAN_POINT('',(91.5000001,14.1750001,49.0000001));
#7442 = SEAM_CURVE('',#7443,(#7447,#7454),.PCURVE_S1.);
#7443 = LINE('',#7444,#7445);
#7444 = CARTESIAN_POINT('',(80.0000001,14.1750001,49.0000001));
#7445 = VECTOR('',#7446,1.);
#7446 = DIRECTION('',(1.,0.,0.));
#7447 = PCURVE('',#5382,#7448);
#7448 = DEFINITIONAL_REPRESENTATION('',(#7449),#7453);
#7449 = LINE('',#7450,#7451);
#7450 = CARTESIAN_POINT('',(-6.28318530718,0.));
#7451 = VECTOR('',#7452,1.);
#7452 = DIRECTION('',(-0.,-1.));
#7453 = ( GEOMETRIC_REPRESENTATION_CONTEXT(2) 
PARAMETRIC_REPRESENTATION_CONTEXT() REPRESENTATION_CONTEXT('2D SPACE',''
  ) );
#7454 = PCURVE('',#5382,#7455);
#7455 = DEFINITIONAL_REPRESENTATION('',(#7456),#7460);
#7456 = LINE('',#7457,#7458);
#7457 = CARTESIAN_POINT('',(-0.,0.));
#7458 = VECTOR('',#7459,1.);
#7459 = DIRECTION('',(-0.,-1.));
#7460 = ( GEOMETRIC_REPRESENTATION_CONTEXT(2) 
PARAMETRIC_REPRESENTATION_CONTEXT() REPRESENTATION_CONTEXT('2D SPACE',''
  ) );
#7461 = ORIENTED_EDGE('',*,*,#7462,.T.);
#7462 = EDGE_CURVE('',#7440,#7440,#7463,.T.);
#7463 = SURFACE_CURVE('',#7464,(#7469,#7476),.PCURVE_S1.);
#7464 = CIRCLE('',#7465,4.175);
#7465 = AXIS2_PLACEMENT_3D('',#7466,#7467,#7468);
#7466 = CARTESIAN_POINT('',(91.5000001,10.0000001,49.0000001));
#7467 = DIRECTION('',(1.,0.,0.));
#7468 = DIRECTION('',(0.,1.,0.));
#7469 = PCURVE('',#5382,#7470);
#7470 = DEFINITIONAL_REPRESENTATION('',(#7471),#7475);
#7471 = LINE('',#7472,#7473);
#7472 = CARTESIAN_POINT('',(-0.,-11.5));
#7473 = VECTOR('',#7474,1.);
#7474 = DIRECTION('',(-1.,0.));
#7475 = ( GEOMETRIC_REPRESENTATION_CONTEXT(2) 
PARAMETRIC_REPRESENTATION_CONTEXT() REPRESENTATION_CONTEXT('2D SPACE',''
  ) );
#7476 = PCURVE('',#7477,#7482);
#7477 = PLANE('',#7478);
#7478 = AXIS2_PLACEMENT_3D('',#7479,#7480,#7481);
#7479 = CARTESIAN_POINT('',(91.5000001,10.0000001,49.0000001));
#7480 = DIRECTION('',(1.,0.,0.));
#7481 = DIRECTION('',(0.,0.,1.));
#7482 = DEFINITIONAL_REPRESENTATION('',(#7483),#7487);
#7483 = CIRCLE('',#7484,4.175);
#7484 = AXIS2_PLACEMENT_2D('',#7485,#7486);
#7485 = CARTESIAN_POINT('',(-7.105427357601E-15,0.));
#7486 = DIRECTION('',(0.,-1.));
#7487 = ( GEOMETRIC_REPRESENTATION_CONTEXT(2) 
PARAMETRIC_REPRESENTATION_CONTEXT() REPRESENTATION_CONTEXT('2D SPACE',''
  ) );
#7488 = ORIENTED_EDGE('',*,*,#7439,.F.);
#7489 = ORIENTED_EDGE('',*,*,#5318,.F.);
#7490 = ORIENTED_EDGE('',*,*,#5563,.F.);
#7491 = ADVANCED_FACE('',(#7492),#5878,.F.);
#7492 = FACE_BOUND('',#7493,.T.);
#7493 = EDGE_LOOP('',(#7494,#7523,#7544,#7545));
#7494 = ORIENTED_EDGE('',*,*,#7495,.F.);
#7495 = EDGE_CURVE('',#7496,#7496,#7498,.T.);
#7496 = VERTEX_POINT('',#7497);
#7497 = CARTESIAN_POINT('',(7.4500001,22.0000001,30.0000001));
#7498 = SURFACE_CURVE('',#7499,(#7504,#7511),.PCURVE_S1.);
#7499 = CIRCLE('',#7500,1.25);
#7500 = AXIS2_PLACEMENT_3D('',#7501,#7502,#7503);
#7501 = CARTESIAN_POINT('',(6.2000001,22.0000001,30.0000001));
#7502 = DIRECTION('',(0.,0.,1.));
#7503 = DIRECTION('',(1.,0.,0.));
#7504 = PCURVE('',#5878,#7505);
#7505 = DEFINITIONAL_REPRESENTATION('',(#7506),#7510);
#7506 = LINE('',#7507,#7508);
#7507 = CARTESIAN_POINT('',(-0.,0.));
#7508 = VECTOR('',#7509,1.);
#7509 = DIRECTION('',(-1.,0.));
#7510 = ( GEOMETRIC_REPRESENTATION_CONTEXT(2) 
PARAMETRIC_REPRESENTATION_CONTEXT() REPRESENTATION_CONTEXT('2D SPACE',''
  ) );
#7511 = PCURVE('',#7512,#7517);
#7512 = PLANE('',#7513);
#7513 = AXIS2_PLACEMENT_3D('',#7514,#7515,#7516);
#7514 = CARTESIAN_POINT('',(6.2000001,22.0000001,30.0000001));
#7515 = DIRECTION('',(0.,0.,1.));
#7516 = DIRECTION('',(1.,0.,0.));
#7517 = DEFINITIONAL_REPRESENTATION('',(#7518),#7522);
#7518 = CIRCLE('',#7519,1.25);
#7519 = AXIS2_PLACEMENT_2D('',#7520,#7521);
#7520 = CARTESIAN_POINT('',(0.,0.));
#7521 = DIRECTION('',(1.,0.));
#7522 = ( GEOMETRIC_REPRESENTATION_CONTEXT(2) 
PARAMETRIC_REPRESENTATION_CONTEXT() REPRESENTATION_CONTEXT('2D SPACE',''
  ) );
#7523 = ORIENTED_EDGE('',*,*,#7524,.T.);
#7524 = EDGE_CURVE('',#7496,#5858,#7525,.T.);
#7525 = SEAM_CURVE('',#7526,(#7530,#7537),.PCURVE_S1.);
#7526 = LINE('',#7527,#7528);
#7527 = CARTESIAN_POINT('',(7.4500001,22.0000001,30.0000001));
#7528 = VECTOR('',#7529,1.);
#7529 = DIRECTION('',(0.,0.,1.));
#7530 = PCURVE('',#5878,#7531);
#7531 = DEFINITIONAL_REPRESENTATION('',(#7532),#7536);
#7532 = LINE('',#7533,#7534);
#7533 = CARTESIAN_POINT('',(-6.28318530718,0.));
#7534 = VECTOR('',#7535,1.);
#7535 = DIRECTION('',(-0.,-1.));
#7536 = ( GEOMETRIC_REPRESENTATION_CONTEXT(2) 
PARAMETRIC_REPRESENTATION_CONTEXT() REPRESENTATION_CONTEXT('2D SPACE',''
  ) );
#7537 = PCURVE('',#5878,#7538);
#7538 = DEFINITIONAL_REPRESENTATION('',(#7539),#7543);
#7539 = LINE('',#7540,#7541);
#7540 = CARTESIAN_POINT('',(-0.,0.));
#7541 = VECTOR('',#7542,1.);
#7542 = DIRECTION('',(-0.,-1.));
#7543 = ( GEOMETRIC_REPRESENTATION_CONTEXT(2) 
PARAMETRIC_REPRESENTATION_CONTEXT() REPRESENTATION_CONTEXT('2D SPACE',''
  ) );
#7544 = ORIENTED_EDGE('',*,*,#5857,.F.);
#7545 = ORIENTED_EDGE('',*,*,#7524,.F.);
#7546 = ADVANCED_FACE('',(#7547),#5910,.T.);
#7547 = FACE_BOUND('',#7548,.T.);
#7548 = EDGE_LOOP('',(#7549,#7572,#7600,#7621));
#7549 = ORIENTED_EDGE('',*,*,#7550,.F.);
#7550 = EDGE_CURVE('',#7551,#5893,#7553,.T.);
#7551 = VERTEX_POINT('',#7552);
#7552 = CARTESIAN_POINT('',(29.5000001,6.1000001,34.1000001));
#7553 = SURFACE_CURVE('',#7554,(#7558,#7565),.PCURVE_S1.);
#7554 = LINE('',#7555,#7556);
#7555 = CARTESIAN_POINT('',(29.5000001,6.1000001,34.1000001));
#7556 = VECTOR('',#7557,1.);
#7557 = DIRECTION('',(0.,0.,1.));
#7558 = PCURVE('',#5910,#7559);
#7559 = DEFINITIONAL_REPRESENTATION('',(#7560),#7564);
#7560 = LINE('',#7561,#7562);
#7561 = CARTESIAN_POINT('',(0.,3.));
#7562 = VECTOR('',#7563,1.);
#7563 = DIRECTION('',(1.,0.));
#7564 = ( GEOMETRIC_REPRESENTATION_CONTEXT(2) 
PARAMETRIC_REPRESENTATION_CONTEXT() REPRESENTATION_CONTEXT('2D SPACE',''
  ) );
#7565 = PCURVE('',#5992,#7566);
#7566 = DEFINITIONAL_REPRESENTATION('',(#7567),#7571);
#7567 = LINE('',#7568,#7569);
#7568 = CARTESIAN_POINT('',(0.,0.));
#7569 = VECTOR('',#7570,1.);
#7570 = DIRECTION('',(1.,0.));
#7571 = ( GEOMETRIC_REPRESENTATION_CONTEXT(2) 
PARAMETRIC_REPRESENTATION_CONTEXT() REPRESENTATION_CONTEXT('2D SPACE',''
  ) );
#7572 = ORIENTED_EDGE('',*,*,#7573,.F.);
#7573 = EDGE_CURVE('',#7574,#7551,#7576,.T.);
#7574 = VERTEX_POINT('',#7575);
#7575 = CARTESIAN_POINT('',(26.5000001,6.1000001,34.1000001));
#7576 = SURFACE_CURVE('',#7577,(#7581,#7588),.PCURVE_S1.);
#7577 = LINE('',#7578,#7579);
#7578 = CARTESIAN_POINT('',(26.5000001,6.1000001,34.1000001));
#7579 = VECTOR('',#7580,1.);
#7580 = DIRECTION('',(1.,0.,0.));
#7581 = PCURVE('',#5910,#7582);
#7582 = DEFINITIONAL_REPRESENTATION('',(#7583),#7587);
#7583 = LINE('',#7584,#7585);
#7584 = CARTESIAN_POINT('',(0.,0.));
#7585 = VECTOR('',#7586,1.);
#7586 = DIRECTION('',(0.,1.));
#7587 = ( GEOMETRIC_REPRESENTATION_CONTEXT(2) 
PARAMETRIC_REPRESENTATION_CONTEXT() REPRESENTATION_CONTEXT('2D SPACE',''
  ) );
#7588 = PCURVE('',#7589,#7594);
#7589 = PLANE('',#7590);
#7590 = AXIS2_PLACEMENT_3D('',#7591,#7592,#7593);
#7591 = CARTESIAN_POINT('',(26.5000001,6.1000001,34.1000001));
#7592 = DIRECTION('',(0.,0.,1.));
#7593 = DIRECTION('',(1.,0.,0.));
#7594 = DEFINITIONAL_REPRESENTATION('',(#7595),#7599);
#7595 = LINE('',#7596,#7597);
#7596 = CARTESIAN_POINT('',(0.,0.));
#7597 = VECTOR('',#7598,1.);
#7598 = DIRECTION('',(1.,0.));
#7599 = ( GEOMETRIC_REPRESENTATION_CONTEXT(2) 
PARAMETRIC_REPRESENTATION_CONTEXT() REPRESENTATION_CONTEXT('2D SPACE',''
  ) );
#7600 = ORIENTED_EDGE('',*,*,#7601,.T.);
#7601 = EDGE_CURVE('',#7574,#5895,#7602,.T.);
#7602 = SURFACE_CURVE('',#7603,(#7607,#7614),.PCURVE_S1.);
#7603 = LINE('',#7604,#7605);
#7604 = CARTESIAN_POINT('',(26.5000001,6.1000001,34.1000001));
#7605 = VECTOR('',#7606,1.);
#7606 = DIRECTION('',(0.,0.,1.));
#7607 = PCURVE('',#5910,#7608);
#7608 = DEFINITIONAL_REPRESENTATION('',(#7609),#7613);
#7609 = LINE('',#7610,#7611);
#7610 = CARTESIAN_POINT('',(0.,0.));
#7611 = VECTOR('',#7612,1.);
#7612 = DIRECTION('',(1.,0.));
#7613 = ( GEOMETRIC_REPRESENTATION_CONTEXT(2) 
PARAMETRIC_REPRESENTATION_CONTEXT() REPRESENTATION_CONTEXT('2D SPACE',''
  ) );
#7614 = PCURVE('',#5938,#7615);
#7615 = DEFINITIONAL_REPRESENTATION('',(#7616),#7620);
#7616 = LINE('',#7617,#7618);
#7617 = CARTESIAN_POINT('',(0.,0.));
#7618 = VECTOR('',#7619,1.);
#7619 = DIRECTION('',(1.,0.));
#7620 = ( GEOMETRIC_REPRESENTATION_CONTEXT(2) 
PARAMETRIC_REPRESENTATION_CONTEXT() REPRESENTATION_CONTEXT('2D SPACE',''
  ) );
#7621 = ORIENTED_EDGE('',*,*,#5892,.F.);
#7622 = ADVANCED_FACE('',(#7623),#5992,.F.);
#7623 = FACE_BOUND('',#7624,.F.);
#7624 = EDGE_LOOP('',(#7625,#7626,#7649,#7670));
#7625 = ORIENTED_EDGE('',*,*,#7550,.F.);
#7626 = ORIENTED_EDGE('',*,*,#7627,.T.);
#7627 = EDGE_CURVE('',#7551,#7628,#7630,.T.);
#7628 = VERTEX_POINT('',#7629);
#7629 = CARTESIAN_POINT('',(29.5000001,41.9000001,34.1000001));
#7630 = SURFACE_CURVE('',#7631,(#7635,#7642),.PCURVE_S1.);
#7631 = LINE('',#7632,#7633);
#7632 = CARTESIAN_POINT('',(29.5000001,6.1000001,34.1000001));
#7633 = VECTOR('',#7634,1.);
#7634 = DIRECTION('',(0.,1.,0.));
#7635 = PCURVE('',#5992,#7636);
#7636 = DEFINITIONAL_REPRESENTATION('',(#7637),#7641);
#7637 = LINE('',#7638,#7639);
#7638 = CARTESIAN_POINT('',(0.,0.));
#7639 = VECTOR('',#7640,1.);
#7640 = DIRECTION('',(0.,-1.));
#7641 = ( GEOMETRIC_REPRESENTATION_CONTEXT(2) 
PARAMETRIC_REPRESENTATION_CONTEXT() REPRESENTATION_CONTEXT('2D SPACE',''
  ) );
#7642 = PCURVE('',#7589,#7643);
#7643 = DEFINITIONAL_REPRESENTATION('',(#7644),#7648);
#7644 = LINE('',#7645,#7646);
#7645 = CARTESIAN_POINT('',(3.,0.));
#7646 = VECTOR('',#7647,1.);
#7647 = DIRECTION('',(0.,1.));
#7648 = ( GEOMETRIC_REPRESENTATION_CONTEXT(2) 
PARAMETRIC_REPRESENTATION_CONTEXT() REPRESENTATION_CONTEXT('2D SPACE',''
  ) );
#7649 = ORIENTED_EDGE('',*,*,#7650,.T.);
#7650 = EDGE_CURVE('',#7628,#5951,#7651,.T.);
#7651 = SURFACE_CURVE('',#7652,(#7656,#7663),.PCURVE_S1.);
#7652 = LINE('',#7653,#7654);
#7653 = CARTESIAN_POINT('',(29.5000001,41.9000001,34.1000001));
#7654 = VECTOR('',#7655,1.);
#7655 = DIRECTION('',(0.,0.,1.));
#7656 = PCURVE('',#5992,#7657);
#7657 = DEFINITIONAL_REPRESENTATION('',(#7658),#7662);
#7658 = LINE('',#7659,#7660);
#7659 = CARTESIAN_POINT('',(0.,-35.8));
#7660 = VECTOR('',#7661,1.);
#7661 = DIRECTION('',(1.,0.));
#7662 = ( GEOMETRIC_REPRESENTATION_CONTEXT(2) 
PARAMETRIC_REPRESENTATION_CONTEXT() REPRESENTATION_CONTEXT('2D SPACE',''
  ) );
#7663 = PCURVE('',#5966,#7664);
#7664 = DEFINITIONAL_REPRESENTATION('',(#7665),#7669);
#7665 = LINE('',#7666,#7667);
#7666 = CARTESIAN_POINT('',(0.,3.));
#7667 = VECTOR('',#7668,1.);
#7668 = DIRECTION('',(1.,0.));
#7669 = ( GEOMETRIC_REPRESENTATION_CONTEXT(2) 
PARAMETRIC_REPRESENTATION_CONTEXT() REPRESENTATION_CONTEXT('2D SPACE',''
  ) );
#7670 = ORIENTED_EDGE('',*,*,#5978,.F.);
#7671 = ADVANCED_FACE('',(#7672),#5938,.T.);
#7672 = FACE_BOUND('',#7673,.T.);
#7673 = EDGE_LOOP('',(#7674,#7675,#7698,#7719));
#7674 = ORIENTED_EDGE('',*,*,#7601,.F.);
#7675 = ORIENTED_EDGE('',*,*,#7676,.T.);
#7676 = EDGE_CURVE('',#7574,#7677,#7679,.T.);
#7677 = VERTEX_POINT('',#7678);
#7678 = CARTESIAN_POINT('',(26.5000001,41.9000001,34.1000001));
#7679 = SURFACE_CURVE('',#7680,(#7684,#7691),.PCURVE_S1.);
#7680 = LINE('',#7681,#7682);
#7681 = CARTESIAN_POINT('',(26.5000001,6.1000001,34.1000001));
#7682 = VECTOR('',#7683,1.);
#7683 = DIRECTION('',(0.,1.,0.));
#7684 = PCURVE('',#5938,#7685);
#7685 = DEFINITIONAL_REPRESENTATION('',(#7686),#7690);
#7686 = LINE('',#7687,#7688);
#7687 = CARTESIAN_POINT('',(0.,0.));
#7688 = VECTOR('',#7689,1.);
#7689 = DIRECTION('',(0.,-1.));
#7690 = ( GEOMETRIC_REPRESENTATION_CONTEXT(2) 
PARAMETRIC_REPRESENTATION_CONTEXT() REPRESENTATION_CONTEXT('2D SPACE',''
  ) );
#7691 = PCURVE('',#7589,#7692);
#7692 = DEFINITIONAL_REPRESENTATION('',(#7693),#7697);
#7693 = LINE('',#7694,#7695);
#7694 = CARTESIAN_POINT('',(0.,0.));
#7695 = VECTOR('',#7696,1.);
#7696 = DIRECTION('',(0.,1.));
#7697 = ( GEOMETRIC_REPRESENTATION_CONTEXT(2) 
PARAMETRIC_REPRESENTATION_CONTEXT() REPRESENTATION_CONTEXT('2D SPACE',''
  ) );
#7698 = ORIENTED_EDGE('',*,*,#7699,.T.);
#7699 = EDGE_CURVE('',#7677,#5923,#7700,.T.);
#7700 = SURFACE_CURVE('',#7701,(#7705,#7712),.PCURVE_S1.);
#7701 = LINE('',#7702,#7703);
#7702 = CARTESIAN_POINT('',(26.5000001,41.9000001,34.1000001));
#7703 = VECTOR('',#7704,1.);
#7704 = DIRECTION('',(0.,0.,1.));
#7705 = PCURVE('',#5938,#7706);
#7706 = DEFINITIONAL_REPRESENTATION('',(#7707),#7711);
#7707 = LINE('',#7708,#7709);
#7708 = CARTESIAN_POINT('',(0.,-35.8));
#7709 = VECTOR('',#7710,1.);
#7710 = DIRECTION('',(1.,0.));
#7711 = ( GEOMETRIC_REPRESENTATION_CONTEXT(2) 
PARAMETRIC_REPRESENTATION_CONTEXT() REPRESENTATION_CONTEXT('2D SPACE',''
  ) );
#7712 = PCURVE('',#5966,#7713);
#7713 = DEFINITIONAL_REPRESENTATION('',(#7714),#7718);
#7714 = LINE('',#7715,#7716);
#7715 = CARTESIAN_POINT('',(0.,0.));
#7716 = VECTOR('',#7717,1.);
#7717 = DIRECTION('',(1.,0.));
#7718 = ( GEOMETRIC_REPRESENTATION_CONTEXT(2) 
PARAMETRIC_REPRESENTATION_CONTEXT() REPRESENTATION_CONTEXT('2D SPACE',''
  ) );
#7719 = ORIENTED_EDGE('',*,*,#5922,.F.);
#7720 = ADVANCED_FACE('',(#7721),#5966,.F.);
#7721 = FACE_BOUND('',#7722,.F.);
#7722 = EDGE_LOOP('',(#7723,#7724,#7745,#7746));
#7723 = ORIENTED_EDGE('',*,*,#7650,.F.);
#7724 = ORIENTED_EDGE('',*,*,#7725,.F.);
#7725 = EDGE_CURVE('',#7677,#7628,#7726,.T.);
#7726 = SURFACE_CURVE('',#7727,(#7731,#7738),.PCURVE_S1.);
#7727 = LINE('',#7728,#7729);
#7728 = CARTESIAN_POINT('',(26.5000001,41.9000001,34.1000001));
#7729 = VECTOR('',#7730,1.);
#7730 = DIRECTION('',(1.,0.,0.));
#7731 = PCURVE('',#5966,#7732);
#7732 = DEFINITIONAL_REPRESENTATION('',(#7733),#7737);
#7733 = LINE('',#7734,#7735);
#7734 = CARTESIAN_POINT('',(0.,0.));
#7735 = VECTOR('',#7736,1.);
#7736 = DIRECTION('',(0.,1.));
#7737 = ( GEOMETRIC_REPRESENTATION_CONTEXT(2) 
PARAMETRIC_REPRESENTATION_CONTEXT() REPRESENTATION_CONTEXT('2D SPACE',''
  ) );
#7738 = PCURVE('',#7589,#7739);
#7739 = DEFINITIONAL_REPRESENTATION('',(#7740),#7744);
#7740 = LINE('',#7741,#7742);
#7741 = CARTESIAN_POINT('',(0.,35.8));
#7742 = VECTOR('',#7743,1.);
#7743 = DIRECTION('',(1.,0.));
#7744 = ( GEOMETRIC_REPRESENTATION_CONTEXT(2) 
PARAMETRIC_REPRESENTATION_CONTEXT() REPRESENTATION_CONTEXT('2D SPACE',''
  ) );
#7745 = ORIENTED_EDGE('',*,*,#7699,.T.);
#7746 = ORIENTED_EDGE('',*,*,#5950,.F.);
#7747 = ADVANCED_FACE('',(#7748),#6024,.T.);
#7748 = FACE_BOUND('',#7749,.T.);
#7749 = EDGE_LOOP('',(#7750,#7773,#7801,#7822));
#7750 = ORIENTED_EDGE('',*,*,#7751,.F.);
#7751 = EDGE_CURVE('',#7752,#6007,#7754,.T.);
#7752 = VERTEX_POINT('',#7753);
#7753 = CARTESIAN_POINT('',(51.5000001,6.1000001,34.1000001));
#7754 = SURFACE_CURVE('',#7755,(#7759,#7766),.PCURVE_S1.);
#7755 = LINE('',#7756,#7757);
#7756 = CARTESIAN_POINT('',(51.5000001,6.1000001,34.1000001));
#7757 = VECTOR('',#7758,1.);
#7758 = DIRECTION('',(0.,0.,1.));
#7759 = PCURVE('',#6024,#7760);
#7760 = DEFINITIONAL_REPRESENTATION('',(#7761),#7765);
#7761 = LINE('',#7762,#7763);
#7762 = CARTESIAN_POINT('',(0.,3.));
#7763 = VECTOR('',#7764,1.);
#7764 = DIRECTION('',(1.,0.));
#7765 = ( GEOMETRIC_REPRESENTATION_CONTEXT(2) 
PARAMETRIC_REPRESENTATION_CONTEXT() REPRESENTATION_CONTEXT('2D SPACE',''
  ) );
#7766 = PCURVE('',#6106,#7767);
#7767 = DEFINITIONAL_REPRESENTATION('',(#7768),#7772);
#7768 = LINE('',#7769,#7770);
#7769 = CARTESIAN_POINT('',(0.,0.));
#7770 = VECTOR('',#7771,1.);
#7771 = DIRECTION('',(1.,0.));
#7772 = ( GEOMETRIC_REPRESENTATION_CONTEXT(2) 
PARAMETRIC_REPRESENTATION_CONTEXT() REPRESENTATION_CONTEXT('2D SPACE',''
  ) );
#7773 = ORIENTED_EDGE('',*,*,#7774,.F.);
#7774 = EDGE_CURVE('',#7775,#7752,#7777,.T.);
#7775 = VERTEX_POINT('',#7776);
#7776 = CARTESIAN_POINT('',(48.5000001,6.1000001,34.1000001));
#7777 = SURFACE_CURVE('',#7778,(#7782,#7789),.PCURVE_S1.);
#7778 = LINE('',#7779,#7780);
#7779 = CARTESIAN_POINT('',(48.5000001,6.1000001,34.1000001));
#7780 = VECTOR('',#7781,1.);
#7781 = DIRECTION('',(1.,0.,0.));
#7782 = PCURVE('',#6024,#7783);
#7783 = DEFINITIONAL_REPRESENTATION('',(#7784),#7788);
#7784 = LINE('',#7785,#7786);
#7785 = CARTESIAN_POINT('',(0.,0.));
#7786 = VECTOR('',#7787,1.);
#7787 = DIRECTION('',(0.,1.));
#7788 = ( GEOMETRIC_REPRESENTATION_CONTEXT(2) 
PARAMETRIC_REPRESENTATION_CONTEXT() REPRESENTATION_CONTEXT('2D SPACE',''
  ) );
#7789 = PCURVE('',#7790,#7795);
#7790 = PLANE('',#7791);
#7791 = AXIS2_PLACEMENT_3D('',#7792,#7793,#7794);
#7792 = CARTESIAN_POINT('',(48.5000001,6.1000001,34.1000001));
#7793 = DIRECTION('',(0.,0.,1.));
#7794 = DIRECTION('',(1.,0.,0.));
#7795 = DEFINITIONAL_REPRESENTATION('',(#7796),#7800);
#7796 = LINE('',#7797,#7798);
#7797 = CARTESIAN_POINT('',(0.,0.));
#7798 = VECTOR('',#7799,1.);
#7799 = DIRECTION('',(1.,0.));
#7800 = ( GEOMETRIC_REPRESENTATION_CONTEXT(2) 
PARAMETRIC_REPRESENTATION_CONTEXT() REPRESENTATION_CONTEXT('2D SPACE',''
  ) );
#7801 = ORIENTED_EDGE('',*,*,#7802,.T.);
#7802 = EDGE_CURVE('',#7775,#6009,#7803,.T.);
#7803 = SURFACE_CURVE('',#7804,(#7808,#7815),.PCURVE_S1.);
#7804 = LINE('',#7805,#7806);
#7805 = CARTESIAN_POINT('',(48.5000001,6.1000001,34.1000001));
#7806 = VECTOR('',#7807,1.);
#7807 = DIRECTION('',(0.,0.,1.));
#7808 = PCURVE('',#6024,#7809);
#7809 = DEFINITIONAL_REPRESENTATION('',(#7810),#7814);
#7810 = LINE('',#7811,#7812);
#7811 = CARTESIAN_POINT('',(0.,0.));
#7812 = VECTOR('',#7813,1.);
#7813 = DIRECTION('',(1.,0.));
#7814 = ( GEOMETRIC_REPRESENTATION_CONTEXT(2) 
PARAMETRIC_REPRESENTATION_CONTEXT() REPRESENTATION_CONTEXT('2D SPACE',''
  ) );
#7815 = PCURVE('',#6052,#7816);
#7816 = DEFINITIONAL_REPRESENTATION('',(#7817),#7821);
#7817 = LINE('',#7818,#7819);
#7818 = CARTESIAN_POINT('',(0.,0.));
#7819 = VECTOR('',#7820,1.);
#7820 = DIRECTION('',(1.,0.));
#7821 = ( GEOMETRIC_REPRESENTATION_CONTEXT(2) 
PARAMETRIC_REPRESENTATION_CONTEXT() REPRESENTATION_CONTEXT('2D SPACE',''
  ) );
#7822 = ORIENTED_EDGE('',*,*,#6006,.F.);
#7823 = ADVANCED_FACE('',(#7824),#6106,.F.);
#7824 = FACE_BOUND('',#7825,.F.);
#7825 = EDGE_LOOP('',(#7826,#7827,#7850,#7871));
#7826 = ORIENTED_EDGE('',*,*,#7751,.F.);
#7827 = ORIENTED_EDGE('',*,*,#7828,.T.);
#7828 = EDGE_CURVE('',#7752,#7829,#7831,.T.);
#7829 = VERTEX_POINT('',#7830);
#7830 = CARTESIAN_POINT('',(51.5000001,41.9000001,34.1000001));
#7831 = SURFACE_CURVE('',#7832,(#7836,#7843),.PCURVE_S1.);
#7832 = LINE('',#7833,#7834);
#7833 = CARTESIAN_POINT('',(51.5000001,6.1000001,34.1000001));
#7834 = VECTOR('',#7835,1.);
#7835 = DIRECTION('',(0.,1.,0.));
#7836 = PCURVE('',#6106,#7837);
#7837 = DEFINITIONAL_REPRESENTATION('',(#7838),#7842);
#7838 = LINE('',#7839,#7840);
#7839 = CARTESIAN_POINT('',(0.,0.));
#7840 = VECTOR('',#7841,1.);
#7841 = DIRECTION('',(0.,-1.));
#7842 = ( GEOMETRIC_REPRESENTATION_CONTEXT(2) 
PARAMETRIC_REPRESENTATION_CONTEXT() REPRESENTATION_CONTEXT('2D SPACE',''
  ) );
#7843 = PCURVE('',#7790,#7844);
#7844 = DEFINITIONAL_REPRESENTATION('',(#7845),#7849);
#7845 = LINE('',#7846,#7847);
#7846 = CARTESIAN_POINT('',(3.,0.));
#7847 = VECTOR('',#7848,1.);
#7848 = DIRECTION('',(0.,1.));
#7849 = ( GEOMETRIC_REPRESENTATION_CONTEXT(2) 
PARAMETRIC_REPRESENTATION_CONTEXT() REPRESENTATION_CONTEXT('2D SPACE',''
  ) );
#7850 = ORIENTED_EDGE('',*,*,#7851,.T.);
#7851 = EDGE_CURVE('',#7829,#6065,#7852,.T.);
#7852 = SURFACE_CURVE('',#7853,(#7857,#7864),.PCURVE_S1.);
#7853 = LINE('',#7854,#7855);
#7854 = CARTESIAN_POINT('',(51.5000001,41.9000001,34.1000001));
#7855 = VECTOR('',#7856,1.);
#7856 = DIRECTION('',(0.,0.,1.));
#7857 = PCURVE('',#6106,#7858);
#7858 = DEFINITIONAL_REPRESENTATION('',(#7859),#7863);
#7859 = LINE('',#7860,#7861);
#7860 = CARTESIAN_POINT('',(0.,-35.8));
#7861 = VECTOR('',#7862,1.);
#7862 = DIRECTION('',(1.,0.));
#7863 = ( GEOMETRIC_REPRESENTATION_CONTEXT(2) 
PARAMETRIC_REPRESENTATION_CONTEXT() REPRESENTATION_CONTEXT('2D SPACE',''
  ) );
#7864 = PCURVE('',#6080,#7865);
#7865 = DEFINITIONAL_REPRESENTATION('',(#7866),#7870);
#7866 = LINE('',#7867,#7868);
#7867 = CARTESIAN_POINT('',(0.,3.));
#7868 = VECTOR('',#7869,1.);
#7869 = DIRECTION('',(1.,0.));
#7870 = ( GEOMETRIC_REPRESENTATION_CONTEXT(2) 
PARAMETRIC_REPRESENTATION_CONTEXT() REPRESENTATION_CONTEXT('2D SPACE',''
  ) );
#7871 = ORIENTED_EDGE('',*,*,#6092,.F.);
#7872 = ADVANCED_FACE('',(#7873),#6052,.T.);
#7873 = FACE_BOUND('',#7874,.T.);
#7874 = EDGE_LOOP('',(#7875,#7876,#7899,#7920));
#7875 = ORIENTED_EDGE('',*,*,#7802,.F.);
#7876 = ORIENTED_EDGE('',*,*,#7877,.T.);
#7877 = EDGE_CURVE('',#7775,#7878,#7880,.T.);
#7878 = VERTEX_POINT('',#7879);
#7879 = CARTESIAN_POINT('',(48.5000001,41.9000001,34.1000001));
#7880 = SURFACE_CURVE('',#7881,(#7885,#7892),.PCURVE_S1.);
#7881 = LINE('',#7882,#7883);
#7882 = CARTESIAN_POINT('',(48.5000001,6.1000001,34.1000001));
#7883 = VECTOR('',#7884,1.);
#7884 = DIRECTION('',(0.,1.,0.));
#7885 = PCURVE('',#6052,#7886);
#7886 = DEFINITIONAL_REPRESENTATION('',(#7887),#7891);
#7887 = LINE('',#7888,#7889);
#7888 = CARTESIAN_POINT('',(0.,0.));
#7889 = VECTOR('',#7890,1.);
#7890 = DIRECTION('',(0.,-1.));
#7891 = ( GEOMETRIC_REPRESENTATION_CONTEXT(2) 
PARAMETRIC_REPRESENTATION_CONTEXT() REPRESENTATION_CONTEXT('2D SPACE',''
  ) );
#7892 = PCURVE('',#7790,#7893);
#7893 = DEFINITIONAL_REPRESENTATION('',(#7894),#7898);
#7894 = LINE('',#7895,#7896);
#7895 = CARTESIAN_POINT('',(0.,0.));
#7896 = VECTOR('',#7897,1.);
#7897 = DIRECTION('',(0.,1.));
#7898 = ( GEOMETRIC_REPRESENTATION_CONTEXT(2) 
PARAMETRIC_REPRESENTATION_CONTEXT() REPRESENTATION_CONTEXT('2D SPACE',''
  ) );
#7899 = ORIENTED_EDGE('',*,*,#7900,.T.);
#7900 = EDGE_CURVE('',#7878,#6037,#7901,.T.);
#7901 = SURFACE_CURVE('',#7902,(#7906,#7913),.PCURVE_S1.);
#7902 = LINE('',#7903,#7904);
#7903 = CARTESIAN_POINT('',(48.5000001,41.9000001,34.1000001));
#7904 = VECTOR('',#7905,1.);
#7905 = DIRECTION('',(0.,0.,1.));
#7906 = PCURVE('',#6052,#7907);
#7907 = DEFINITIONAL_REPRESENTATION('',(#7908),#7912);
#7908 = LINE('',#7909,#7910);
#7909 = CARTESIAN_POINT('',(0.,-35.8));
#7910 = VECTOR('',#7911,1.);
#7911 = DIRECTION('',(1.,0.));
#7912 = ( GEOMETRIC_REPRESENTATION_CONTEXT(2) 
PARAMETRIC_REPRESENTATION_CONTEXT() REPRESENTATION_CONTEXT('2D SPACE',''
  ) );
#7913 = PCURVE('',#6080,#7914);
#7914 = DEFINITIONAL_REPRESENTATION('',(#7915),#7919);
#7915 = LINE('',#7916,#7917);
#7916 = CARTESIAN_POINT('',(0.,0.));
#7917 = VECTOR('',#7918,1.);
#7918 = DIRECTION('',(1.,0.));
#7919 = ( GEOMETRIC_REPRESENTATION_CONTEXT(2) 
PARAMETRIC_REPRESENTATION_CONTEXT() REPRESENTATION_CONTEXT('2D SPACE',''
  ) );
#7920 = ORIENTED_EDGE('',*,*,#6036,.F.);
#7921 = ADVANCED_FACE('',(#7922),#6080,.F.);
#7922 = FACE_BOUND('',#7923,.F.);
#7923 = EDGE_LOOP('',(#7924,#7925,#7946,#7947));
#7924 = ORIENTED_EDGE('',*,*,#7851,.F.);
#7925 = ORIENTED_EDGE('',*,*,#7926,.F.);
#7926 = EDGE_CURVE('',#7878,#7829,#7927,.T.);
#7927 = SURFACE_CURVE('',#7928,(#7932,#7939),.PCURVE_S1.);
#7928 = LINE('',#7929,#7930);
#7929 = CARTESIAN_POINT('',(48.5000001,41.9000001,34.1000001));
#7930 = VECTOR('',#7931,1.);
#7931 = DIRECTION('',(1.,0.,0.));
#7932 = PCURVE('',#6080,#7933);
#7933 = DEFINITIONAL_REPRESENTATION('',(#7934),#7938);
#7934 = LINE('',#7935,#7936);
#7935 = CARTESIAN_POINT('',(0.,0.));
#7936 = VECTOR('',#7937,1.);
#7937 = DIRECTION('',(0.,1.));
#7938 = ( GEOMETRIC_REPRESENTATION_CONTEXT(2) 
PARAMETRIC_REPRESENTATION_CONTEXT() REPRESENTATION_CONTEXT('2D SPACE',''
  ) );
#7939 = PCURVE('',#7790,#7940);
#7940 = DEFINITIONAL_REPRESENTATION('',(#7941),#7945);
#7941 = LINE('',#7942,#7943);
#7942 = CARTESIAN_POINT('',(0.,35.8));
#7943 = VECTOR('',#7944,1.);
#7944 = DIRECTION('',(1.,0.));
#7945 = ( GEOMETRIC_REPRESENTATION_CONTEXT(2) 
PARAMETRIC_REPRESENTATION_CONTEXT() REPRESENTATION_CONTEXT('2D SPACE',''
  ) );
#7946 = ORIENTED_EDGE('',*,*,#7900,.T.);
#7947 = ORIENTED_EDGE('',*,*,#6064,.F.);
#7948 = ADVANCED_FACE('',(#7949),#6141,.F.);
#7949 = FACE_BOUND('',#7950,.T.);
#7950 = EDGE_LOOP('',(#7951,#7980,#8001,#8002));
#7951 = ORIENTED_EDGE('',*,*,#7952,.F.);
#7952 = EDGE_CURVE('',#7953,#7953,#7955,.T.);
#7953 = VERTEX_POINT('',#7954);
#7954 = CARTESIAN_POINT('',(110.1000001,5.7500001,31.6000001));
#7955 = SURFACE_CURVE('',#7956,(#7961,#7968),.PCURVE_S1.);
#7956 = CIRCLE('',#7957,0.8);
#7957 = AXIS2_PLACEMENT_3D('',#7958,#7959,#7960);
#7958 = CARTESIAN_POINT('',(109.3000001,5.7500001,31.6000001));
#7959 = DIRECTION('',(0.,0.,1.));
#7960 = DIRECTION('',(1.,0.,0.));
#7961 = PCURVE('',#6141,#7962);
#7962 = DEFINITIONAL_REPRESENTATION('',(#7963),#7967);
#7963 = LINE('',#7964,#7965);
#7964 = CARTESIAN_POINT('',(-0.,0.));
#7965 = VECTOR('',#7966,1.);
#7966 = DIRECTION('',(-1.,0.));
#7967 = ( GEOMETRIC_REPRESENTATION_CONTEXT(2) 
PARAMETRIC_REPRESENTATION_CONTEXT() REPRESENTATION_CONTEXT('2D SPACE',''
  ) );
#7968 = PCURVE('',#7969,#7974);
#7969 = PLANE('',#7970);
#7970 = AXIS2_PLACEMENT_3D('',#7971,#7972,#7973);
#7971 = CARTESIAN_POINT('',(109.3000001,5.7500001,31.6000001));
#7972 = DIRECTION('',(0.,0.,1.));
#7973 = DIRECTION('',(1.,0.,0.));
#7974 = DEFINITIONAL_REPRESENTATION('',(#7975),#7979);
#7975 = CIRCLE('',#7976,0.8);
#7976 = AXIS2_PLACEMENT_2D('',#7977,#7978);
#7977 = CARTESIAN_POINT('',(-1.42108547152E-14,0.));
#7978 = DIRECTION('',(1.,0.));
#7979 = ( GEOMETRIC_REPRESENTATION_CONTEXT(2) 
PARAMETRIC_REPRESENTATION_CONTEXT() REPRESENTATION_CONTEXT('2D SPACE',''
  ) );
#7980 = ORIENTED_EDGE('',*,*,#7981,.T.);
#7981 = EDGE_CURVE('',#7953,#6121,#7982,.T.);
#7982 = SEAM_CURVE('',#7983,(#7987,#7994),.PCURVE_S1.);
#7983 = LINE('',#7984,#7985);
#7984 = CARTESIAN_POINT('',(110.1000001,5.7500001,31.6000001));
#7985 = VECTOR('',#7986,1.);
#7986 = DIRECTION('',(0.,0.,1.));
#7987 = PCURVE('',#6141,#7988);
#7988 = DEFINITIONAL_REPRESENTATION('',(#7989),#7993);
#7989 = LINE('',#7990,#7991);
#7990 = CARTESIAN_POINT('',(-6.28318530718,0.));
#7991 = VECTOR('',#7992,1.);
#7992 = DIRECTION('',(-0.,-1.));
#7993 = ( GEOMETRIC_REPRESENTATION_CONTEXT(2) 
PARAMETRIC_REPRESENTATION_CONTEXT() REPRESENTATION_CONTEXT('2D SPACE',''
  ) );
#7994 = PCURVE('',#6141,#7995);
#7995 = DEFINITIONAL_REPRESENTATION('',(#7996),#8000);
#7996 = LINE('',#7997,#7998);
#7997 = CARTESIAN_POINT('',(-0.,0.));
#7998 = VECTOR('',#7999,1.);
#7999 = DIRECTION('',(-0.,-1.));
#8000 = ( GEOMETRIC_REPRESENTATION_CONTEXT(2) 
PARAMETRIC_REPRESENTATION_CONTEXT() REPRESENTATION_CONTEXT('2D SPACE',''
  ) );
#8001 = ORIENTED_EDGE('',*,*,#6120,.F.);
#8002 = ORIENTED_EDGE('',*,*,#7981,.F.);
#8003 = ADVANCED_FACE('',(#8004),#6176,.F.);
#8004 = FACE_BOUND('',#8005,.T.);
#8005 = EDGE_LOOP('',(#8006,#8035,#8056,#8057));
#8006 = ORIENTED_EDGE('',*,*,#8007,.F.);
#8007 = EDGE_CURVE('',#8008,#8008,#8010,.T.);
#8008 = VERTEX_POINT('',#8009);
#8009 = CARTESIAN_POINT('',(122.2000001,5.7500001,31.6000001));
#8010 = SURFACE_CURVE('',#8011,(#8016,#8023),.PCURVE_S1.);
#8011 = CIRCLE('',#8012,0.8);
#8012 = AXIS2_PLACEMENT_3D('',#8013,#8014,#8015);
#8013 = CARTESIAN_POINT('',(121.4000001,5.7500001,31.6000001));
#8014 = DIRECTION('',(0.,0.,1.));
#8015 = DIRECTION('',(1.,0.,0.));
#8016 = PCURVE('',#6176,#8017);
#8017 = DEFINITIONAL_REPRESENTATION('',(#8018),#8022);
#8018 = LINE('',#8019,#8020);
#8019 = CARTESIAN_POINT('',(-0.,0.));
#8020 = VECTOR('',#8021,1.);
#8021 = DIRECTION('',(-1.,0.));
#8022 = ( GEOMETRIC_REPRESENTATION_CONTEXT(2) 
PARAMETRIC_REPRESENTATION_CONTEXT() REPRESENTATION_CONTEXT('2D SPACE',''
  ) );
#8023 = PCURVE('',#8024,#8029);
#8024 = PLANE('',#8025);
#8025 = AXIS2_PLACEMENT_3D('',#8026,#8027,#8028);
#8026 = CARTESIAN_POINT('',(121.4000001,5.7500001,31.6000001));
#8027 = DIRECTION('',(0.,0.,1.));
#8028 = DIRECTION('',(1.,0.,0.));
#8029 = DEFINITIONAL_REPRESENTATION('',(#8030),#8034);
#8030 = CIRCLE('',#8031,0.8);
#8031 = AXIS2_PLACEMENT_2D('',#8032,#8033);
#8032 = CARTESIAN_POINT('',(-2.84217094304E-14,0.));
#8033 = DIRECTION('',(1.,0.));
#8034 = ( GEOMETRIC_REPRESENTATION_CONTEXT(2) 
PARAMETRIC_REPRESENTATION_CONTEXT() REPRESENTATION_CONTEXT('2D SPACE',''
  ) );
#8035 = ORIENTED_EDGE('',*,*,#8036,.T.);
#8036 = EDGE_CURVE('',#8008,#6156,#8037,.T.);
#8037 = SEAM_CURVE('',#8038,(#8042,#8049),.PCURVE_S1.);
#8038 = LINE('',#8039,#8040);
#8039 = CARTESIAN_POINT('',(122.2000001,5.7500001,31.6000001));
#8040 = VECTOR('',#8041,1.);
#8041 = DIRECTION('',(0.,0.,1.));
#8042 = PCURVE('',#6176,#8043);
#8043 = DEFINITIONAL_REPRESENTATION('',(#8044),#8048);
#8044 = LINE('',#8045,#8046);
#8045 = CARTESIAN_POINT('',(-6.28318530718,0.));
#8046 = VECTOR('',#8047,1.);
#8047 = DIRECTION('',(-0.,-1.));
#8048 = ( GEOMETRIC_REPRESENTATION_CONTEXT(2) 
PARAMETRIC_REPRESENTATION_CONTEXT() REPRESENTATION_CONTEXT('2D SPACE',''
  ) );
#8049 = PCURVE('',#6176,#8050);
#8050 = DEFINITIONAL_REPRESENTATION('',(#8051),#8055);
#8051 = LINE('',#8052,#8053);
#8052 = CARTESIAN_POINT('',(-0.,0.));
#8053 = VECTOR('',#8054,1.);
#8054 = DIRECTION('',(-0.,-1.));
#8055 = ( GEOMETRIC_REPRESENTATION_CONTEXT(2) 
PARAMETRIC_REPRESENTATION_CONTEXT() REPRESENTATION_CONTEXT('2D SPACE',''
  ) );
#8056 = ORIENTED_EDGE('',*,*,#6155,.F.);
#8057 = ORIENTED_EDGE('',*,*,#8036,.F.);
#8058 = ADVANCED_FACE('',(#8059),#6208,.T.);
#8059 = FACE_BOUND('',#8060,.T.);
#8060 = EDGE_LOOP('',(#8061,#8084,#8112,#8133));
#8061 = ORIENTED_EDGE('',*,*,#8062,.F.);
#8062 = EDGE_CURVE('',#8063,#6191,#8065,.T.);
#8063 = VERTEX_POINT('',#8064);
#8064 = CARTESIAN_POINT('',(119.5000001,7.6000001,34.1000001));
#8065 = SURFACE_CURVE('',#8066,(#8070,#8077),.PCURVE_S1.);
#8066 = LINE('',#8067,#8068);
#8067 = CARTESIAN_POINT('',(119.5000001,7.6000001,34.1000001));
#8068 = VECTOR('',#8069,1.);
#8069 = DIRECTION('',(0.,0.,1.));
#8070 = PCURVE('',#6208,#8071);
#8071 = DEFINITIONAL_REPRESENTATION('',(#8072),#8076);
#8072 = LINE('',#8073,#8074);
#8073 = CARTESIAN_POINT('',(0.,3.));
#8074 = VECTOR('',#8075,1.);
#8075 = DIRECTION('',(1.,0.));
#8076 = ( GEOMETRIC_REPRESENTATION_CONTEXT(2) 
PARAMETRIC_REPRESENTATION_CONTEXT() REPRESENTATION_CONTEXT('2D SPACE',''
  ) );
#8077 = PCURVE('',#6290,#8078);
#8078 = DEFINITIONAL_REPRESENTATION('',(#8079),#8083);
#8079 = LINE('',#8080,#8081);
#8080 = CARTESIAN_POINT('',(0.,0.));
#8081 = VECTOR('',#8082,1.);
#8082 = DIRECTION('',(1.,0.));
#8083 = ( GEOMETRIC_REPRESENTATION_CONTEXT(2) 
PARAMETRIC_REPRESENTATION_CONTEXT() REPRESENTATION_CONTEXT('2D SPACE',''
  ) );
#8084 = ORIENTED_EDGE('',*,*,#8085,.F.);
#8085 = EDGE_CURVE('',#8086,#8063,#8088,.T.);
#8086 = VERTEX_POINT('',#8087);
#8087 = CARTESIAN_POINT('',(116.5000001,7.6000001,34.1000001));
#8088 = SURFACE_CURVE('',#8089,(#8093,#8100),.PCURVE_S1.);
#8089 = LINE('',#8090,#8091);
#8090 = CARTESIAN_POINT('',(116.5000001,7.6000001,34.1000001));
#8091 = VECTOR('',#8092,1.);
#8092 = DIRECTION('',(1.,0.,0.));
#8093 = PCURVE('',#6208,#8094);
#8094 = DEFINITIONAL_REPRESENTATION('',(#8095),#8099);
#8095 = LINE('',#8096,#8097);
#8096 = CARTESIAN_POINT('',(0.,0.));
#8097 = VECTOR('',#8098,1.);
#8098 = DIRECTION('',(0.,1.));
#8099 = ( GEOMETRIC_REPRESENTATION_CONTEXT(2) 
PARAMETRIC_REPRESENTATION_CONTEXT() REPRESENTATION_CONTEXT('2D SPACE',''
  ) );
#8100 = PCURVE('',#8101,#8106);
#8101 = PLANE('',#8102);
#8102 = AXIS2_PLACEMENT_3D('',#8103,#8104,#8105);
#8103 = CARTESIAN_POINT('',(116.5000001,7.6000001,34.1000001));
#8104 = DIRECTION('',(0.,0.,1.));
#8105 = DIRECTION('',(1.,0.,0.));
#8106 = DEFINITIONAL_REPRESENTATION('',(#8107),#8111);
#8107 = LINE('',#8108,#8109);
#8108 = CARTESIAN_POINT('',(0.,0.));
#8109 = VECTOR('',#8110,1.);
#8110 = DIRECTION('',(1.,0.));
#8111 = ( GEOMETRIC_REPRESENTATION_CONTEXT(2) 
PARAMETRIC_REPRESENTATION_CONTEXT() REPRESENTATION_CONTEXT('2D SPACE',''
  ) );
#8112 = ORIENTED_EDGE('',*,*,#8113,.T.);
#8113 = EDGE_CURVE('',#8086,#6193,#8114,.T.);
#8114 = SURFACE_CURVE('',#8115,(#8119,#8126),.PCURVE_S1.);
#8115 = LINE('',#8116,#8117);
#8116 = CARTESIAN_POINT('',(116.5000001,7.6000001,34.1000001));
#8117 = VECTOR('',#8118,1.);
#8118 = DIRECTION('',(0.,0.,1.));
#8119 = PCURVE('',#6208,#8120);
#8120 = DEFINITIONAL_REPRESENTATION('',(#8121),#8125);
#8121 = LINE('',#8122,#8123);
#8122 = CARTESIAN_POINT('',(0.,0.));
#8123 = VECTOR('',#8124,1.);
#8124 = DIRECTION('',(1.,0.));
#8125 = ( GEOMETRIC_REPRESENTATION_CONTEXT(2) 
PARAMETRIC_REPRESENTATION_CONTEXT() REPRESENTATION_CONTEXT('2D SPACE',''
  ) );
#8126 = PCURVE('',#6236,#8127);
#8127 = DEFINITIONAL_REPRESENTATION('',(#8128),#8132);
#8128 = LINE('',#8129,#8130);
#8129 = CARTESIAN_POINT('',(0.,0.));
#8130 = VECTOR('',#8131,1.);
#8131 = DIRECTION('',(1.,0.));
#8132 = ( GEOMETRIC_REPRESENTATION_CONTEXT(2) 
PARAMETRIC_REPRESENTATION_CONTEXT() REPRESENTATION_CONTEXT('2D SPACE',''
  ) );
#8133 = ORIENTED_EDGE('',*,*,#6190,.F.);
#8134 = ADVANCED_FACE('',(#8135),#6290,.F.);
#8135 = FACE_BOUND('',#8136,.F.);
#8136 = EDGE_LOOP('',(#8137,#8138,#8161,#8182));
#8137 = ORIENTED_EDGE('',*,*,#8062,.F.);
#8138 = ORIENTED_EDGE('',*,*,#8139,.T.);
#8139 = EDGE_CURVE('',#8063,#8140,#8142,.T.);
#8140 = VERTEX_POINT('',#8141);
#8141 = CARTESIAN_POINT('',(119.5000001,26.7000001,34.1000001));
#8142 = SURFACE_CURVE('',#8143,(#8147,#8154),.PCURVE_S1.);
#8143 = LINE('',#8144,#8145);
#8144 = CARTESIAN_POINT('',(119.5000001,7.6000001,34.1000001));
#8145 = VECTOR('',#8146,1.);
#8146 = DIRECTION('',(0.,1.,0.));
#8147 = PCURVE('',#6290,#8148);
#8148 = DEFINITIONAL_REPRESENTATION('',(#8149),#8153);
#8149 = LINE('',#8150,#8151);
#8150 = CARTESIAN_POINT('',(0.,0.));
#8151 = VECTOR('',#8152,1.);
#8152 = DIRECTION('',(0.,-1.));
#8153 = ( GEOMETRIC_REPRESENTATION_CONTEXT(2) 
PARAMETRIC_REPRESENTATION_CONTEXT() REPRESENTATION_CONTEXT('2D SPACE',''
  ) );
#8154 = PCURVE('',#8101,#8155);
#8155 = DEFINITIONAL_REPRESENTATION('',(#8156),#8160);
#8156 = LINE('',#8157,#8158);
#8157 = CARTESIAN_POINT('',(3.,0.));
#8158 = VECTOR('',#8159,1.);
#8159 = DIRECTION('',(0.,1.));
#8160 = ( GEOMETRIC_REPRESENTATION_CONTEXT(2) 
PARAMETRIC_REPRESENTATION_CONTEXT() REPRESENTATION_CONTEXT('2D SPACE',''
  ) );
#8161 = ORIENTED_EDGE('',*,*,#8162,.T.);
#8162 = EDGE_CURVE('',#8140,#6249,#8163,.T.);
#8163 = SURFACE_CURVE('',#8164,(#8168,#8175),.PCURVE_S1.);
#8164 = LINE('',#8165,#8166);
#8165 = CARTESIAN_POINT('',(119.5000001,26.7000001,34.1000001));
#8166 = VECTOR('',#8167,1.);
#8167 = DIRECTION('',(0.,0.,1.));
#8168 = PCURVE('',#6290,#8169);
#8169 = DEFINITIONAL_REPRESENTATION('',(#8170),#8174);
#8170 = LINE('',#8171,#8172);
#8171 = CARTESIAN_POINT('',(0.,-19.1));
#8172 = VECTOR('',#8173,1.);
#8173 = DIRECTION('',(1.,0.));
#8174 = ( GEOMETRIC_REPRESENTATION_CONTEXT(2) 
PARAMETRIC_REPRESENTATION_CONTEXT() REPRESENTATION_CONTEXT('2D SPACE',''
  ) );
#8175 = PCURVE('',#6264,#8176);
#8176 = DEFINITIONAL_REPRESENTATION('',(#8177),#8181);
#8177 = LINE('',#8178,#8179);
#8178 = CARTESIAN_POINT('',(0.,3.));
#8179 = VECTOR('',#8180,1.);
#8180 = DIRECTION('',(1.,0.));
#8181 = ( GEOMETRIC_REPRESENTATION_CONTEXT(2) 
PARAMETRIC_REPRESENTATION_CONTEXT() REPRESENTATION_CONTEXT('2D SPACE',''
  ) );
#8182 = ORIENTED_EDGE('',*,*,#6276,.F.);
#8183 = ADVANCED_FACE('',(#8184),#6264,.F.);
#8184 = FACE_BOUND('',#8185,.F.);
#8185 = EDGE_LOOP('',(#8186,#8187,#8210,#8231));
#8186 = ORIENTED_EDGE('',*,*,#8162,.F.);
#8187 = ORIENTED_EDGE('',*,*,#8188,.F.);
#8188 = EDGE_CURVE('',#8189,#8140,#8191,.T.);
#8189 = VERTEX_POINT('',#8190);
#8190 = CARTESIAN_POINT('',(116.5000001,26.7000001,34.1000001));
#8191 = SURFACE_CURVE('',#8192,(#8196,#8203),.PCURVE_S1.);
#8192 = LINE('',#8193,#8194);
#8193 = CARTESIAN_POINT('',(116.5000001,26.7000001,34.1000001));
#8194 = VECTOR('',#8195,1.);
#8195 = DIRECTION('',(1.,0.,0.));
#8196 = PCURVE('',#6264,#8197);
#8197 = DEFINITIONAL_REPRESENTATION('',(#8198),#8202);
#8198 = LINE('',#8199,#8200);
#8199 = CARTESIAN_POINT('',(0.,0.));
#8200 = VECTOR('',#8201,1.);
#8201 = DIRECTION('',(0.,1.));
#8202 = ( GEOMETRIC_REPRESENTATION_CONTEXT(2) 
PARAMETRIC_REPRESENTATION_CONTEXT() REPRESENTATION_CONTEXT('2D SPACE',''
  ) );
#8203 = PCURVE('',#8101,#8204);
#8204 = DEFINITIONAL_REPRESENTATION('',(#8205),#8209);
#8205 = LINE('',#8206,#8207);
#8206 = CARTESIAN_POINT('',(0.,19.1));
#8207 = VECTOR('',#8208,1.);
#8208 = DIRECTION('',(1.,0.));
#8209 = ( GEOMETRIC_REPRESENTATION_CONTEXT(2) 
PARAMETRIC_REPRESENTATION_CONTEXT() REPRESENTATION_CONTEXT('2D SPACE',''
  ) );
#8210 = ORIENTED_EDGE('',*,*,#8211,.T.);
#8211 = EDGE_CURVE('',#8189,#6221,#8212,.T.);
#8212 = SURFACE_CURVE('',#8213,(#8217,#8224),.PCURVE_S1.);
#8213 = LINE('',#8214,#8215);
#8214 = CARTESIAN_POINT('',(116.5000001,26.7000001,34.1000001));
#8215 = VECTOR('',#8216,1.);
#8216 = DIRECTION('',(0.,0.,1.));
#8217 = PCURVE('',#6264,#8218);
#8218 = DEFINITIONAL_REPRESENTATION('',(#8219),#8223);
#8219 = LINE('',#8220,#8221);
#8220 = CARTESIAN_POINT('',(0.,0.));
#8221 = VECTOR('',#8222,1.);
#8222 = DIRECTION('',(1.,0.));
#8223 = ( GEOMETRIC_REPRESENTATION_CONTEXT(2) 
PARAMETRIC_REPRESENTATION_CONTEXT() REPRESENTATION_CONTEXT('2D SPACE',''
  ) );
#8224 = PCURVE('',#6236,#8225);
#8225 = DEFINITIONAL_REPRESENTATION('',(#8226),#8230);
#8226 = LINE('',#8227,#8228);
#8227 = CARTESIAN_POINT('',(0.,-19.1));
#8228 = VECTOR('',#8229,1.);
#8229 = DIRECTION('',(1.,0.));
#8230 = ( GEOMETRIC_REPRESENTATION_CONTEXT(2) 
PARAMETRIC_REPRESENTATION_CONTEXT() REPRESENTATION_CONTEXT('2D SPACE',''
  ) );
#8231 = ORIENTED_EDGE('',*,*,#6248,.F.);
#8232 = ADVANCED_FACE('',(#8233),#6236,.T.);
#8233 = FACE_BOUND('',#8234,.T.);
#8234 = EDGE_LOOP('',(#8235,#8236,#8257,#8258));
#8235 = ORIENTED_EDGE('',*,*,#8113,.F.);
#8236 = ORIENTED_EDGE('',*,*,#8237,.T.);
#8237 = EDGE_CURVE('',#8086,#8189,#8238,.T.);
#8238 = SURFACE_CURVE('',#8239,(#8243,#8250),.PCURVE_S1.);
#8239 = LINE('',#8240,#8241);
#8240 = CARTESIAN_POINT('',(116.5000001,7.6000001,34.1000001));
#8241 = VECTOR('',#8242,1.);
#8242 = DIRECTION('',(0.,1.,0.));
#8243 = PCURVE('',#6236,#8244);
#8244 = DEFINITIONAL_REPRESENTATION('',(#8245),#8249);
#8245 = LINE('',#8246,#8247);
#8246 = CARTESIAN_POINT('',(0.,0.));
#8247 = VECTOR('',#8248,1.);
#8248 = DIRECTION('',(0.,-1.));
#8249 = ( GEOMETRIC_REPRESENTATION_CONTEXT(2) 
PARAMETRIC_REPRESENTATION_CONTEXT() REPRESENTATION_CONTEXT('2D SPACE',''
  ) );
#8250 = PCURVE('',#8101,#8251);
#8251 = DEFINITIONAL_REPRESENTATION('',(#8252),#8256);
#8252 = LINE('',#8253,#8254);
#8253 = CARTESIAN_POINT('',(0.,0.));
#8254 = VECTOR('',#8255,1.);
#8255 = DIRECTION('',(0.,1.));
#8256 = ( GEOMETRIC_REPRESENTATION_CONTEXT(2) 
PARAMETRIC_REPRESENTATION_CONTEXT() REPRESENTATION_CONTEXT('2D SPACE',''
  ) );
#8257 = ORIENTED_EDGE('',*,*,#8211,.T.);
#8258 = ORIENTED_EDGE('',*,*,#6220,.F.);
#8259 = ADVANCED_FACE('',(#8260),#6325,.F.);
#8260 = FACE_BOUND('',#8261,.T.);
#8261 = EDGE_LOOP('',(#8262,#8291,#8312,#8313));
#8262 = ORIENTED_EDGE('',*,*,#8263,.F.);
#8263 = EDGE_CURVE('',#8264,#8264,#8266,.T.);
#8264 = VERTEX_POINT('',#8265);
#8265 = CARTESIAN_POINT('',(7.4500001,36.0000001,30.0000001));
#8266 = SURFACE_CURVE('',#8267,(#8272,#8279),.PCURVE_S1.);
#8267 = CIRCLE('',#8268,1.25);
#8268 = AXIS2_PLACEMENT_3D('',#8269,#8270,#8271);
#8269 = CARTESIAN_POINT('',(6.2000001,36.0000001,30.0000001));
#8270 = DIRECTION('',(0.,0.,1.));
#8271 = DIRECTION('',(1.,0.,0.));
#8272 = PCURVE('',#6325,#8273);
#8273 = DEFINITIONAL_REPRESENTATION('',(#8274),#8278);
#8274 = LINE('',#8275,#8276);
#8275 = CARTESIAN_POINT('',(-0.,0.));
#8276 = VECTOR('',#8277,1.);
#8277 = DIRECTION('',(-1.,0.));
#8278 = ( GEOMETRIC_REPRESENTATION_CONTEXT(2) 
PARAMETRIC_REPRESENTATION_CONTEXT() REPRESENTATION_CONTEXT('2D SPACE',''
  ) );
#8279 = PCURVE('',#8280,#8285);
#8280 = PLANE('',#8281);
#8281 = AXIS2_PLACEMENT_3D('',#8282,#8283,#8284);
#8282 = CARTESIAN_POINT('',(6.2000001,36.0000001,30.0000001));
#8283 = DIRECTION('',(0.,0.,1.));
#8284 = DIRECTION('',(1.,0.,0.));
#8285 = DEFINITIONAL_REPRESENTATION('',(#8286),#8290);
#8286 = CIRCLE('',#8287,1.25);
#8287 = AXIS2_PLACEMENT_2D('',#8288,#8289);
#8288 = CARTESIAN_POINT('',(0.,7.105427357601E-15));
#8289 = DIRECTION('',(1.,0.));
#8290 = ( GEOMETRIC_REPRESENTATION_CONTEXT(2) 
PARAMETRIC_REPRESENTATION_CONTEXT() REPRESENTATION_CONTEXT('2D SPACE',''
  ) );
#8291 = ORIENTED_EDGE('',*,*,#8292,.T.);
#8292 = EDGE_CURVE('',#8264,#6305,#8293,.T.);
#8293 = SEAM_CURVE('',#8294,(#8298,#8305),.PCURVE_S1.);
#8294 = LINE('',#8295,#8296);
#8295 = CARTESIAN_POINT('',(7.4500001,36.0000001,30.0000001));
#8296 = VECTOR('',#8297,1.);
#8297 = DIRECTION('',(0.,0.,1.));
#8298 = PCURVE('',#6325,#8299);
#8299 = DEFINITIONAL_REPRESENTATION('',(#8300),#8304);
#8300 = LINE('',#8301,#8302);
#8301 = CARTESIAN_POINT('',(-6.28318530718,0.));
#8302 = VECTOR('',#8303,1.);
#8303 = DIRECTION('',(-0.,-1.));
#8304 = ( GEOMETRIC_REPRESENTATION_CONTEXT(2) 
PARAMETRIC_REPRESENTATION_CONTEXT() REPRESENTATION_CONTEXT('2D SPACE',''
  ) );
#8305 = PCURVE('',#6325,#8306);
#8306 = DEFINITIONAL_REPRESENTATION('',(#8307),#8311);
#8307 = LINE('',#8308,#8309);
#8308 = CARTESIAN_POINT('',(-0.,0.));
#8309 = VECTOR('',#8310,1.);
#8310 = DIRECTION('',(-0.,-1.));
#8311 = ( GEOMETRIC_REPRESENTATION_CONTEXT(2) 
PARAMETRIC_REPRESENTATION_CONTEXT() REPRESENTATION_CONTEXT('2D SPACE',''
  ) );
#8312 = ORIENTED_EDGE('',*,*,#6304,.F.);
#8313 = ORIENTED_EDGE('',*,*,#8292,.F.);
#8314 = ADVANCED_FACE('',(#8315),#6357,.T.);
#8315 = FACE_BOUND('',#8316,.T.);
#8316 = EDGE_LOOP('',(#8317,#8340,#8368,#8389));
#8317 = ORIENTED_EDGE('',*,*,#8318,.F.);
#8318 = EDGE_CURVE('',#8319,#6340,#8321,.T.);
#8319 = VERTEX_POINT('',#8320);
#8320 = CARTESIAN_POINT('',(136.4000001,39.0000001,34.1000001));
#8321 = SURFACE_CURVE('',#8322,(#8326,#8333),.PCURVE_S1.);
#8322 = LINE('',#8323,#8324);
#8323 = CARTESIAN_POINT('',(136.4000001,39.0000001,34.1000001));
#8324 = VECTOR('',#8325,1.);
#8325 = DIRECTION('',(0.,0.,1.));
#8326 = PCURVE('',#6357,#8327);
#8327 = DEFINITIONAL_REPRESENTATION('',(#8328),#8332);
#8328 = LINE('',#8329,#8330);
#8329 = CARTESIAN_POINT('',(0.,46.8));
#8330 = VECTOR('',#8331,1.);
#8331 = DIRECTION('',(1.,0.));
#8332 = ( GEOMETRIC_REPRESENTATION_CONTEXT(2) 
PARAMETRIC_REPRESENTATION_CONTEXT() REPRESENTATION_CONTEXT('2D SPACE',''
  ) );
#8333 = PCURVE('',#6439,#8334);
#8334 = DEFINITIONAL_REPRESENTATION('',(#8335),#8339);
#8335 = LINE('',#8336,#8337);
#8336 = CARTESIAN_POINT('',(0.,0.));
#8337 = VECTOR('',#8338,1.);
#8338 = DIRECTION('',(1.,0.));
#8339 = ( GEOMETRIC_REPRESENTATION_CONTEXT(2) 
PARAMETRIC_REPRESENTATION_CONTEXT() REPRESENTATION_CONTEXT('2D SPACE',''
  ) );
#8340 = ORIENTED_EDGE('',*,*,#8341,.F.);
#8341 = EDGE_CURVE('',#8342,#8319,#8344,.T.);
#8342 = VERTEX_POINT('',#8343);
#8343 = CARTESIAN_POINT('',(89.6000001,39.0000001,34.1000001));
#8344 = SURFACE_CURVE('',#8345,(#8349,#8356),.PCURVE_S1.);
#8345 = LINE('',#8346,#8347);
#8346 = CARTESIAN_POINT('',(89.6000001,39.0000001,34.1000001));
#8347 = VECTOR('',#8348,1.);
#8348 = DIRECTION('',(1.,0.,0.));
#8349 = PCURVE('',#6357,#8350);
#8350 = DEFINITIONAL_REPRESENTATION('',(#8351),#8355);
#8351 = LINE('',#8352,#8353);
#8352 = CARTESIAN_POINT('',(0.,0.));
#8353 = VECTOR('',#8354,1.);
#8354 = DIRECTION('',(0.,1.));
#8355 = ( GEOMETRIC_REPRESENTATION_CONTEXT(2) 
PARAMETRIC_REPRESENTATION_CONTEXT() REPRESENTATION_CONTEXT('2D SPACE',''
  ) );
#8356 = PCURVE('',#8357,#8362);
#8357 = PLANE('',#8358);
#8358 = AXIS2_PLACEMENT_3D('',#8359,#8360,#8361);
#8359 = CARTESIAN_POINT('',(89.6000001,39.0000001,34.1000001));
#8360 = DIRECTION('',(0.,0.,1.));
#8361 = DIRECTION('',(1.,0.,0.));
#8362 = DEFINITIONAL_REPRESENTATION('',(#8363),#8367);
#8363 = LINE('',#8364,#8365);
#8364 = CARTESIAN_POINT('',(0.,0.));
#8365 = VECTOR('',#8366,1.);
#8366 = DIRECTION('',(1.,0.));
#8367 = ( GEOMETRIC_REPRESENTATION_CONTEXT(2) 
PARAMETRIC_REPRESENTATION_CONTEXT() REPRESENTATION_CONTEXT('2D SPACE',''
  ) );
#8368 = ORIENTED_EDGE('',*,*,#8369,.T.);
#8369 = EDGE_CURVE('',#8342,#6342,#8370,.T.);
#8370 = SURFACE_CURVE('',#8371,(#8375,#8382),.PCURVE_S1.);
#8371 = LINE('',#8372,#8373);
#8372 = CARTESIAN_POINT('',(89.6000001,39.0000001,34.1000001));
#8373 = VECTOR('',#8374,1.);
#8374 = DIRECTION('',(0.,0.,1.));
#8375 = PCURVE('',#6357,#8376);
#8376 = DEFINITIONAL_REPRESENTATION('',(#8377),#8381);
#8377 = LINE('',#8378,#8379);
#8378 = CARTESIAN_POINT('',(0.,0.));
#8379 = VECTOR('',#8380,1.);
#8380 = DIRECTION('',(1.,0.));
#8381 = ( GEOMETRIC_REPRESENTATION_CONTEXT(2) 
PARAMETRIC_REPRESENTATION_CONTEXT() REPRESENTATION_CONTEXT('2D SPACE',''
  ) );
#8382 = PCURVE('',#6385,#8383);
#8383 = DEFINITIONAL_REPRESENTATION('',(#8384),#8388);
#8384 = LINE('',#8385,#8386);
#8385 = CARTESIAN_POINT('',(0.,0.));
#8386 = VECTOR('',#8387,1.);
#8387 = DIRECTION('',(1.,0.));
#8388 = ( GEOMETRIC_REPRESENTATION_CONTEXT(2) 
PARAMETRIC_REPRESENTATION_CONTEXT() REPRESENTATION_CONTEXT('2D SPACE',''
  ) );
#8389 = ORIENTED_EDGE('',*,*,#6339,.F.);
#8390 = ADVANCED_FACE('',(#8391),#6439,.F.);
#8391 = FACE_BOUND('',#8392,.F.);
#8392 = EDGE_LOOP('',(#8393,#8394,#8417,#8438));
#8393 = ORIENTED_EDGE('',*,*,#8318,.F.);
#8394 = ORIENTED_EDGE('',*,*,#8395,.T.);
#8395 = EDGE_CURVE('',#8319,#8396,#8398,.T.);
#8396 = VERTEX_POINT('',#8397);
#8397 = CARTESIAN_POINT('',(136.4000001,42.0000001,34.1000001));
#8398 = SURFACE_CURVE('',#8399,(#8403,#8410),.PCURVE_S1.);
#8399 = LINE('',#8400,#8401);
#8400 = CARTESIAN_POINT('',(136.4000001,39.0000001,34.1000001));
#8401 = VECTOR('',#8402,1.);
#8402 = DIRECTION('',(0.,1.,0.));
#8403 = PCURVE('',#6439,#8404);
#8404 = DEFINITIONAL_REPRESENTATION('',(#8405),#8409);
#8405 = LINE('',#8406,#8407);
#8406 = CARTESIAN_POINT('',(0.,0.));
#8407 = VECTOR('',#8408,1.);
#8408 = DIRECTION('',(0.,-1.));
#8409 = ( GEOMETRIC_REPRESENTATION_CONTEXT(2) 
PARAMETRIC_REPRESENTATION_CONTEXT() REPRESENTATION_CONTEXT('2D SPACE',''
  ) );
#8410 = PCURVE('',#8357,#8411);
#8411 = DEFINITIONAL_REPRESENTATION('',(#8412),#8416);
#8412 = LINE('',#8413,#8414);
#8413 = CARTESIAN_POINT('',(46.8,0.));
#8414 = VECTOR('',#8415,1.);
#8415 = DIRECTION('',(0.,1.));
#8416 = ( GEOMETRIC_REPRESENTATION_CONTEXT(2) 
PARAMETRIC_REPRESENTATION_CONTEXT() REPRESENTATION_CONTEXT('2D SPACE',''
  ) );
#8417 = ORIENTED_EDGE('',*,*,#8418,.T.);
#8418 = EDGE_CURVE('',#8396,#6398,#8419,.T.);
#8419 = SURFACE_CURVE('',#8420,(#8424,#8431),.PCURVE_S1.);
#8420 = LINE('',#8421,#8422);
#8421 = CARTESIAN_POINT('',(136.4000001,42.0000001,34.1000001));
#8422 = VECTOR('',#8423,1.);
#8423 = DIRECTION('',(0.,0.,1.));
#8424 = PCURVE('',#6439,#8425);
#8425 = DEFINITIONAL_REPRESENTATION('',(#8426),#8430);
#8426 = LINE('',#8427,#8428);
#8427 = CARTESIAN_POINT('',(0.,-3.));
#8428 = VECTOR('',#8429,1.);
#8429 = DIRECTION('',(1.,0.));
#8430 = ( GEOMETRIC_REPRESENTATION_CONTEXT(2) 
PARAMETRIC_REPRESENTATION_CONTEXT() REPRESENTATION_CONTEXT('2D SPACE',''
  ) );
#8431 = PCURVE('',#6413,#8432);
#8432 = DEFINITIONAL_REPRESENTATION('',(#8433),#8437);
#8433 = LINE('',#8434,#8435);
#8434 = CARTESIAN_POINT('',(0.,46.8));
#8435 = VECTOR('',#8436,1.);
#8436 = DIRECTION('',(1.,0.));
#8437 = ( GEOMETRIC_REPRESENTATION_CONTEXT(2) 
PARAMETRIC_REPRESENTATION_CONTEXT() REPRESENTATION_CONTEXT('2D SPACE',''
  ) );
#8438 = ORIENTED_EDGE('',*,*,#6425,.F.);
#8439 = ADVANCED_FACE('',(#8440),#6385,.T.);
#8440 = FACE_BOUND('',#8441,.T.);
#8441 = EDGE_LOOP('',(#8442,#8443,#8466,#8487));
#8442 = ORIENTED_EDGE('',*,*,#8369,.F.);
#8443 = ORIENTED_EDGE('',*,*,#8444,.T.);
#8444 = EDGE_CURVE('',#8342,#8445,#8447,.T.);
#8445 = VERTEX_POINT('',#8446);
#8446 = CARTESIAN_POINT('',(89.6000001,42.0000001,34.1000001));
#8447 = SURFACE_CURVE('',#8448,(#8452,#8459),.PCURVE_S1.);
#8448 = LINE('',#8449,#8450);
#8449 = CARTESIAN_POINT('',(89.6000001,39.0000001,34.1000001));
#8450 = VECTOR('',#8451,1.);
#8451 = DIRECTION('',(0.,1.,0.));
#8452 = PCURVE('',#6385,#8453);
#8453 = DEFINITIONAL_REPRESENTATION('',(#8454),#8458);
#8454 = LINE('',#8455,#8456);
#8455 = CARTESIAN_POINT('',(0.,0.));
#8456 = VECTOR('',#8457,1.);
#8457 = DIRECTION('',(0.,-1.));
#8458 = ( GEOMETRIC_REPRESENTATION_CONTEXT(2) 
PARAMETRIC_REPRESENTATION_CONTEXT() REPRESENTATION_CONTEXT('2D SPACE',''
  ) );
#8459 = PCURVE('',#8357,#8460);
#8460 = DEFINITIONAL_REPRESENTATION('',(#8461),#8465);
#8461 = LINE('',#8462,#8463);
#8462 = CARTESIAN_POINT('',(0.,0.));
#8463 = VECTOR('',#8464,1.);
#8464 = DIRECTION('',(0.,1.));
#8465 = ( GEOMETRIC_REPRESENTATION_CONTEXT(2) 
PARAMETRIC_REPRESENTATION_CONTEXT() REPRESENTATION_CONTEXT('2D SPACE',''
  ) );
#8466 = ORIENTED_EDGE('',*,*,#8467,.T.);
#8467 = EDGE_CURVE('',#8445,#6370,#8468,.T.);
#8468 = SURFACE_CURVE('',#8469,(#8473,#8480),.PCURVE_S1.);
#8469 = LINE('',#8470,#8471);
#8470 = CARTESIAN_POINT('',(89.6000001,42.0000001,34.1000001));
#8471 = VECTOR('',#8472,1.);
#8472 = DIRECTION('',(0.,0.,1.));
#8473 = PCURVE('',#6385,#8474);
#8474 = DEFINITIONAL_REPRESENTATION('',(#8475),#8479);
#8475 = LINE('',#8476,#8477);
#8476 = CARTESIAN_POINT('',(0.,-3.));
#8477 = VECTOR('',#8478,1.);
#8478 = DIRECTION('',(1.,0.));
#8479 = ( GEOMETRIC_REPRESENTATION_CONTEXT(2) 
PARAMETRIC_REPRESENTATION_CONTEXT() REPRESENTATION_CONTEXT('2D SPACE',''
  ) );
#8480 = PCURVE('',#6413,#8481);
#8481 = DEFINITIONAL_REPRESENTATION('',(#8482),#8486);
#8482 = LINE('',#8483,#8484);
#8483 = CARTESIAN_POINT('',(0.,0.));
#8484 = VECTOR('',#8485,1.);
#8485 = DIRECTION('',(1.,0.));
#8486 = ( GEOMETRIC_REPRESENTATION_CONTEXT(2) 
PARAMETRIC_REPRESENTATION_CONTEXT() REPRESENTATION_CONTEXT('2D SPACE',''
  ) );
#8487 = ORIENTED_EDGE('',*,*,#6369,.F.);
#8488 = ADVANCED_FACE('',(#8489),#6413,.F.);
#8489 = FACE_BOUND('',#8490,.F.);
#8490 = EDGE_LOOP('',(#8491,#8492,#8513,#8514));
#8491 = ORIENTED_EDGE('',*,*,#8418,.F.);
#8492 = ORIENTED_EDGE('',*,*,#8493,.F.);
#8493 = EDGE_CURVE('',#8445,#8396,#8494,.T.);
#8494 = SURFACE_CURVE('',#8495,(#8499,#8506),.PCURVE_S1.);
#8495 = LINE('',#8496,#8497);
#8496 = CARTESIAN_POINT('',(89.6000001,42.0000001,34.1000001));
#8497 = VECTOR('',#8498,1.);
#8498 = DIRECTION('',(1.,0.,0.));
#8499 = PCURVE('',#6413,#8500);
#8500 = DEFINITIONAL_REPRESENTATION('',(#8501),#8505);
#8501 = LINE('',#8502,#8503);
#8502 = CARTESIAN_POINT('',(0.,0.));
#8503 = VECTOR('',#8504,1.);
#8504 = DIRECTION('',(0.,1.));
#8505 = ( GEOMETRIC_REPRESENTATION_CONTEXT(2) 
PARAMETRIC_REPRESENTATION_CONTEXT() REPRESENTATION_CONTEXT('2D SPACE',''
  ) );
#8506 = PCURVE('',#8357,#8507);
#8507 = DEFINITIONAL_REPRESENTATION('',(#8508),#8512);
#8508 = LINE('',#8509,#8510);
#8509 = CARTESIAN_POINT('',(0.,3.));
#8510 = VECTOR('',#8511,1.);
#8511 = DIRECTION('',(1.,0.));
#8512 = ( GEOMETRIC_REPRESENTATION_CONTEXT(2) 
PARAMETRIC_REPRESENTATION_CONTEXT() REPRESENTATION_CONTEXT('2D SPACE',''
  ) );
#8513 = ORIENTED_EDGE('',*,*,#8467,.T.);
#8514 = ORIENTED_EDGE('',*,*,#6397,.F.);
#8515 = ADVANCED_FACE('',(#8516),#6474,.F.);
#8516 = FACE_BOUND('',#8517,.T.);
#8517 = EDGE_LOOP('',(#8518,#8547,#8568,#8569));
#8518 = ORIENTED_EDGE('',*,*,#8519,.F.);
#8519 = EDGE_CURVE('',#8520,#8520,#8522,.T.);
#8520 = VERTEX_POINT('',#8521);
#8521 = CARTESIAN_POINT('',(105.8000001,52.0000001,31.6000001));
#8522 = SURFACE_CURVE('',#8523,(#8528,#8535),.PCURVE_S1.);
#8523 = CIRCLE('',#8524,0.8);
#8524 = AXIS2_PLACEMENT_3D('',#8525,#8526,#8527);
#8525 = CARTESIAN_POINT('',(105.0000001,52.0000001,31.6000001));
#8526 = DIRECTION('',(0.,0.,1.));
#8527 = DIRECTION('',(1.,0.,0.));
#8528 = PCURVE('',#6474,#8529);
#8529 = DEFINITIONAL_REPRESENTATION('',(#8530),#8534);
#8530 = LINE('',#8531,#8532);
#8531 = CARTESIAN_POINT('',(-0.,0.));
#8532 = VECTOR('',#8533,1.);
#8533 = DIRECTION('',(-1.,0.));
#8534 = ( GEOMETRIC_REPRESENTATION_CONTEXT(2) 
PARAMETRIC_REPRESENTATION_CONTEXT() REPRESENTATION_CONTEXT('2D SPACE',''
  ) );
#8535 = PCURVE('',#8536,#8541);
#8536 = PLANE('',#8537);
#8537 = AXIS2_PLACEMENT_3D('',#8538,#8539,#8540);
#8538 = CARTESIAN_POINT('',(105.0000001,52.0000001,31.6000001));
#8539 = DIRECTION('',(0.,0.,1.));
#8540 = DIRECTION('',(1.,0.,0.));
#8541 = DEFINITIONAL_REPRESENTATION('',(#8542),#8546);
#8542 = CIRCLE('',#8543,0.8);
#8543 = AXIS2_PLACEMENT_2D('',#8544,#8545);
#8544 = CARTESIAN_POINT('',(0.,0.));
#8545 = DIRECTION('',(1.,0.));
#8546 = ( GEOMETRIC_REPRESENTATION_CONTEXT(2) 
PARAMETRIC_REPRESENTATION_CONTEXT() REPRESENTATION_CONTEXT('2D SPACE',''
  ) );
#8547 = ORIENTED_EDGE('',*,*,#8548,.T.);
#8548 = EDGE_CURVE('',#8520,#6454,#8549,.T.);
#8549 = SEAM_CURVE('',#8550,(#8554,#8561),.PCURVE_S1.);
#8550 = LINE('',#8551,#8552);
#8551 = CARTESIAN_POINT('',(105.8000001,52.0000001,31.6000001));
#8552 = VECTOR('',#8553,1.);
#8553 = DIRECTION('',(0.,0.,1.));
#8554 = PCURVE('',#6474,#8555);
#8555 = DEFINITIONAL_REPRESENTATION('',(#8556),#8560);
#8556 = LINE('',#8557,#8558);
#8557 = CARTESIAN_POINT('',(-6.28318530718,0.));
#8558 = VECTOR('',#8559,1.);
#8559 = DIRECTION('',(-0.,-1.));
#8560 = ( GEOMETRIC_REPRESENTATION_CONTEXT(2) 
PARAMETRIC_REPRESENTATION_CONTEXT() REPRESENTATION_CONTEXT('2D SPACE',''
  ) );
#8561 = PCURVE('',#6474,#8562);
#8562 = DEFINITIONAL_REPRESENTATION('',(#8563),#8567);
#8563 = LINE('',#8564,#8565);
#8564 = CARTESIAN_POINT('',(-0.,0.));
#8565 = VECTOR('',#8566,1.);
#8566 = DIRECTION('',(-0.,-1.));
#8567 = ( GEOMETRIC_REPRESENTATION_CONTEXT(2) 
PARAMETRIC_REPRESENTATION_CONTEXT() REPRESENTATION_CONTEXT('2D SPACE',''
  ) );
#8568 = ORIENTED_EDGE('',*,*,#6453,.F.);
#8569 = ORIENTED_EDGE('',*,*,#8548,.F.);
#8570 = ADVANCED_FACE('',(#8571),#6509,.F.);
#8571 = FACE_BOUND('',#8572,.T.);
#8572 = EDGE_LOOP('',(#8573,#8602,#8623,#8624));
#8573 = ORIENTED_EDGE('',*,*,#8574,.F.);
#8574 = EDGE_CURVE('',#8575,#8575,#8577,.T.);
#8575 = VERTEX_POINT('',#8576);
#8576 = CARTESIAN_POINT('',(128.8000001,52.0000001,31.6000001));
#8577 = SURFACE_CURVE('',#8578,(#8583,#8590),.PCURVE_S1.);
#8578 = CIRCLE('',#8579,0.8);
#8579 = AXIS2_PLACEMENT_3D('',#8580,#8581,#8582);
#8580 = CARTESIAN_POINT('',(128.0000001,52.0000001,31.6000001));
#8581 = DIRECTION('',(0.,0.,1.));
#8582 = DIRECTION('',(1.,0.,0.));
#8583 = PCURVE('',#6509,#8584);
#8584 = DEFINITIONAL_REPRESENTATION('',(#8585),#8589);
#8585 = LINE('',#8586,#8587);
#8586 = CARTESIAN_POINT('',(-0.,0.));
#8587 = VECTOR('',#8588,1.);
#8588 = DIRECTION('',(-1.,0.));
#8589 = ( GEOMETRIC_REPRESENTATION_CONTEXT(2) 
PARAMETRIC_REPRESENTATION_CONTEXT() REPRESENTATION_CONTEXT('2D SPACE',''
  ) );
#8590 = PCURVE('',#8591,#8596);
#8591 = PLANE('',#8592);
#8592 = AXIS2_PLACEMENT_3D('',#8593,#8594,#8595);
#8593 = CARTESIAN_POINT('',(128.0000001,52.0000001,31.6000001));
#8594 = DIRECTION('',(0.,0.,1.));
#8595 = DIRECTION('',(1.,0.,0.));
#8596 = DEFINITIONAL_REPRESENTATION('',(#8597),#8601);
#8597 = CIRCLE('',#8598,0.8);
#8598 = AXIS2_PLACEMENT_2D('',#8599,#8600);
#8599 = CARTESIAN_POINT('',(0.,-7.105427357601E-15));
#8600 = DIRECTION('',(1.,0.));
#8601 = ( GEOMETRIC_REPRESENTATION_CONTEXT(2) 
PARAMETRIC_REPRESENTATION_CONTEXT() REPRESENTATION_CONTEXT('2D SPACE',''
  ) );
#8602 = ORIENTED_EDGE('',*,*,#8603,.T.);
#8603 = EDGE_CURVE('',#8575,#6489,#8604,.T.);
#8604 = SEAM_CURVE('',#8605,(#8609,#8616),.PCURVE_S1.);
#8605 = LINE('',#8606,#8607);
#8606 = CARTESIAN_POINT('',(128.8000001,52.0000001,31.6000001));
#8607 = VECTOR('',#8608,1.);
#8608 = DIRECTION('',(0.,0.,1.));
#8609 = PCURVE('',#6509,#8610);
#8610 = DEFINITIONAL_REPRESENTATION('',(#8611),#8615);
#8611 = LINE('',#8612,#8613);
#8612 = CARTESIAN_POINT('',(-6.28318530718,0.));
#8613 = VECTOR('',#8614,1.);
#8614 = DIRECTION('',(-0.,-1.));
#8615 = ( GEOMETRIC_REPRESENTATION_CONTEXT(2) 
PARAMETRIC_REPRESENTATION_CONTEXT() REPRESENTATION_CONTEXT('2D SPACE',''
  ) );
#8616 = PCURVE('',#6509,#8617);
#8617 = DEFINITIONAL_REPRESENTATION('',(#8618),#8622);
#8618 = LINE('',#8619,#8620);
#8619 = CARTESIAN_POINT('',(-0.,0.));
#8620 = VECTOR('',#8621,1.);
#8621 = DIRECTION('',(-0.,-1.));
#8622 = ( GEOMETRIC_REPRESENTATION_CONTEXT(2) 
PARAMETRIC_REPRESENTATION_CONTEXT() REPRESENTATION_CONTEXT('2D SPACE',''
  ) );
#8623 = ORIENTED_EDGE('',*,*,#6488,.F.);
#8624 = ORIENTED_EDGE('',*,*,#8603,.F.);
#8625 = ADVANCED_FACE('',(#8626),#6984,.F.);
#8626 = FACE_BOUND('',#8627,.F.);
#8627 = EDGE_LOOP('',(#8628,#8629,#8630,#8631));
#8628 = ORIENTED_EDGE('',*,*,#7218,.F.);
#8629 = ORIENTED_EDGE('',*,*,#7094,.T.);
#8630 = ORIENTED_EDGE('',*,*,#6968,.F.);
#8631 = ORIENTED_EDGE('',*,*,#7313,.F.);
#8632 = ADVANCED_FACE('',(#8633),#7059,.T.);
#8633 = FACE_BOUND('',#8634,.T.);
#8634 = EDGE_LOOP('',(#8635,#8636,#8637,#8638));
#8635 = ORIENTED_EDGE('',*,*,#7242,.F.);
#8636 = ORIENTED_EDGE('',*,*,#7043,.T.);
#8637 = ORIENTED_EDGE('',*,*,#7121,.T.);
#8638 = ORIENTED_EDGE('',*,*,#7170,.F.);
#8639 = ADVANCED_FACE('',(#8640),#7358,.F.);
#8640 = FACE_BOUND('',#8641,.T.);
#8641 = EDGE_LOOP('',(#8642,#8666,#8687,#8688));
#8642 = ORIENTED_EDGE('',*,*,#8643,.F.);
#8643 = EDGE_CURVE('',#8644,#8644,#8646,.T.);
#8644 = VERTEX_POINT('',#8645);
#8645 = CARTESIAN_POINT('',(91.5000001,15.1750001,49.0000001));
#8646 = SURFACE_CURVE('',#8647,(#8652,#8659),.PCURVE_S1.);
#8647 = CIRCLE('',#8648,5.175);
#8648 = AXIS2_PLACEMENT_3D('',#8649,#8650,#8651);
#8649 = CARTESIAN_POINT('',(91.5000001,10.0000001,49.0000001));
#8650 = DIRECTION('',(1.,0.,0.));
#8651 = DIRECTION('',(0.,1.,0.));
#8652 = PCURVE('',#7358,#8653);
#8653 = DEFINITIONAL_REPRESENTATION('',(#8654),#8658);
#8654 = LINE('',#8655,#8656);
#8655 = CARTESIAN_POINT('',(-0.,0.));
#8656 = VECTOR('',#8657,1.);
#8657 = DIRECTION('',(-1.,0.));
#8658 = ( GEOMETRIC_REPRESENTATION_CONTEXT(2) 
PARAMETRIC_REPRESENTATION_CONTEXT() REPRESENTATION_CONTEXT('2D SPACE',''
  ) );
#8659 = PCURVE('',#7477,#8660);
#8660 = DEFINITIONAL_REPRESENTATION('',(#8661),#8665);
#8661 = CIRCLE('',#8662,5.175);
#8662 = AXIS2_PLACEMENT_2D('',#8663,#8664);
#8663 = CARTESIAN_POINT('',(-7.105427357601E-15,0.));
#8664 = DIRECTION('',(0.,-1.));
#8665 = ( GEOMETRIC_REPRESENTATION_CONTEXT(2) 
PARAMETRIC_REPRESENTATION_CONTEXT() REPRESENTATION_CONTEXT('2D SPACE',''
  ) );
#8666 = ORIENTED_EDGE('',*,*,#8667,.T.);
#8667 = EDGE_CURVE('',#8644,#7338,#8668,.T.);
#8668 = SEAM_CURVE('',#8669,(#8673,#8680),.PCURVE_S1.);
#8669 = LINE('',#8670,#8671);
#8670 = CARTESIAN_POINT('',(91.5000001,15.1750001,49.0000001));
#8671 = VECTOR('',#8672,1.);
#8672 = DIRECTION('',(1.,0.,0.));
#8673 = PCURVE('',#7358,#8674);
#8674 = DEFINITIONAL_REPRESENTATION('',(#8675),#8679);
#8675 = LINE('',#8676,#8677);
#8676 = CARTESIAN_POINT('',(-6.28318530718,0.));
#8677 = VECTOR('',#8678,1.);
#8678 = DIRECTION('',(-0.,-1.));
#8679 = ( GEOMETRIC_REPRESENTATION_CONTEXT(2) 
PARAMETRIC_REPRESENTATION_CONTEXT() REPRESENTATION_CONTEXT('2D SPACE',''
  ) );
#8680 = PCURVE('',#7358,#8681);
#8681 = DEFINITIONAL_REPRESENTATION('',(#8682),#8686);
#8682 = LINE('',#8683,#8684);
#8683 = CARTESIAN_POINT('',(-0.,0.));
#8684 = VECTOR('',#8685,1.);
#8685 = DIRECTION('',(-0.,-1.));
#8686 = ( GEOMETRIC_REPRESENTATION_CONTEXT(2) 
PARAMETRIC_REPRESENTATION_CONTEXT() REPRESENTATION_CONTEXT('2D SPACE',''
  ) );
#8687 = ORIENTED_EDGE('',*,*,#7337,.F.);
#8688 = ORIENTED_EDGE('',*,*,#8667,.F.);
#8689 = ADVANCED_FACE('',(#8690,#8693),#7477,.T.);
#8690 = FACE_BOUND('',#8691,.T.);
#8691 = EDGE_LOOP('',(#8692));
#8692 = ORIENTED_EDGE('',*,*,#8643,.T.);
#8693 = FACE_BOUND('',#8694,.T.);
#8694 = EDGE_LOOP('',(#8695));
#8695 = ORIENTED_EDGE('',*,*,#7462,.F.);
#8696 = ADVANCED_FACE('',(#8697),#7512,.T.);
#8697 = FACE_BOUND('',#8698,.T.);
#8698 = EDGE_LOOP('',(#8699));
#8699 = ORIENTED_EDGE('',*,*,#7495,.T.);
#8700 = ADVANCED_FACE('',(#8701),#7589,.T.);
#8701 = FACE_BOUND('',#8702,.T.);
#8702 = EDGE_LOOP('',(#8703,#8704,#8705,#8706));
#8703 = ORIENTED_EDGE('',*,*,#7676,.F.);
#8704 = ORIENTED_EDGE('',*,*,#7573,.T.);
#8705 = ORIENTED_EDGE('',*,*,#7627,.T.);
#8706 = ORIENTED_EDGE('',*,*,#7725,.F.);
#8707 = ADVANCED_FACE('',(#8708),#7790,.T.);
#8708 = FACE_BOUND('',#8709,.T.);
#8709 = EDGE_LOOP('',(#8710,#8711,#8712,#8713));
#8710 = ORIENTED_EDGE('',*,*,#7877,.F.);
#8711 = ORIENTED_EDGE('',*,*,#7774,.T.);
#8712 = ORIENTED_EDGE('',*,*,#7828,.T.);
#8713 = ORIENTED_EDGE('',*,*,#7926,.F.);
#8714 = ADVANCED_FACE('',(#8715),#7969,.T.);
#8715 = FACE_BOUND('',#8716,.T.);
#8716 = EDGE_LOOP('',(#8717));
#8717 = ORIENTED_EDGE('',*,*,#7952,.T.);
#8718 = ADVANCED_FACE('',(#8719),#8024,.T.);
#8719 = FACE_BOUND('',#8720,.T.);
#8720 = EDGE_LOOP('',(#8721));
#8721 = ORIENTED_EDGE('',*,*,#8007,.T.);
#8722 = ADVANCED_FACE('',(#8723),#8101,.T.);
#8723 = FACE_BOUND('',#8724,.T.);
#8724 = EDGE_LOOP('',(#8725,#8726,#8727,#8728));
#8725 = ORIENTED_EDGE('',*,*,#8237,.F.);
#8726 = ORIENTED_EDGE('',*,*,#8085,.T.);
#8727 = ORIENTED_EDGE('',*,*,#8139,.T.);
#8728 = ORIENTED_EDGE('',*,*,#8188,.F.);
#8729 = ADVANCED_FACE('',(#8730),#8280,.T.);
#8730 = FACE_BOUND('',#8731,.T.);
#8731 = EDGE_LOOP('',(#8732));
#8732 = ORIENTED_EDGE('',*,*,#8263,.T.);
#8733 = ADVANCED_FACE('',(#8734),#8357,.T.);
#8734 = FACE_BOUND('',#8735,.T.);
#8735 = EDGE_LOOP('',(#8736,#8737,#8738,#8739));
#8736 = ORIENTED_EDGE('',*,*,#8444,.F.);
#8737 = ORIENTED_EDGE('',*,*,#8341,.T.);
#8738 = ORIENTED_EDGE('',*,*,#8395,.T.);
#8739 = ORIENTED_EDGE('',*,*,#8493,.F.);
#8740 = ADVANCED_FACE('',(#8741),#8536,.T.);
#8741 = FACE_BOUND('',#8742,.T.);
#8742 = EDGE_LOOP('',(#8743));
#8743 = ORIENTED_EDGE('',*,*,#8519,.T.);
#8744 = ADVANCED_FACE('',(#8745),#8591,.T.);
#8745 = FACE_BOUND('',#8746,.T.);
#8746 = EDGE_LOOP('',(#8747));
#8747 = ORIENTED_EDGE('',*,*,#8574,.T.);
#8748 = ( GEOMETRIC_REPRESENTATION_CONTEXT(3) 
GLOBAL_UNCERTAINTY_ASSIGNED_CONTEXT((#8752)) 
GLOBAL_UNIT_ASSIGNED_CONTEXT((#8749,#8750,#8751)) REPRESENTATION_CONTEXT
('Context #1','3D Context with UNIT and UNCERTAINTY') );
#8749 = ( LENGTH_UNIT() NAMED_UNIT(*) SI_UNIT(.MILLI.,.METRE.) );
#8750 = ( NAMED_UNIT(*) PLANE_ANGLE_UNIT() SI_UNIT($,.RADIAN.) );
#8751 = ( NAMED_UNIT(*) SI_UNIT($,.STERADIAN.) SOLID_ANGLE_UNIT() );
#8752 = UNCERTAINTY_MEASURE_WITH_UNIT(LENGTH_MEASURE(1.E-07),#8749,
  'distance_accuracy_value','confusion accuracy');
#8753 = PRODUCT_RELATED_PRODUCT_CATEGORY('part',$,(#7));
ENDSEC;
END-ISO-10303-21;
