ISO-10303-21;
HEADER;
FILE_DESCRIPTION(('Open CASCADE Model'),'2;1');
FILE_NAME('Open CASCADE Shape Model','2026-09-16T19:33:18',('Author'),(
    'Open CASCADE'),'Open CASCADE STEP processor 7.9','Open CASCADE 7.9'
  ,'Unknown');
FILE_SCHEMA(('AUTOMOTIVE_DESIGN { 1 0 10303 214 1 1 1 1 }'));
ENDSEC;
DATA;
#1 = APPLICATION_PROTOCOL_DEFINITION('international standard',
  'automotive_design',2000,#2);
#2 = APPLICATION_CONTEXT(
  'core data for automotive mechanical design processes');
#3 = SHAPE_DEFINITION_REPRESENTATION(#4,#10);
#4 = PRODUCT_DEFINITION_SHAPE('','',#5);
#5 = PRODUCT_DEFINITION('design','',#6,#9);
#6 = PRODUCT_DEFINITION_FORMATION('','',#7);
#7 = PRODUCT('Open CASCADE STEP translator 7.9 6',
  'Open CASCADE STEP translator 7.9 6','',(#8));
#8 = PRODUCT_CONTEXT('',#2,'mechanical');
#9 = PRODUCT_DEFINITION_CONTEXT('part definition',#2,'design');
#10 = ADVANCED_BREP_SHAPE_REPRESENTATION('',(#11,#15),#6804);
#11 = AXIS2_PLACEMENT_3D('',#12,#13,#14);
#12 = CARTESIAN_POINT('',(0.,0.,0.));
#13 = DIRECTION('',(0.,0.,1.));
#14 = DIRECTION('',(1.,0.,-0.));
#15 = MANIFOLD_SOLID_BREP('',#16);
#16 = CLOSED_SHELL('',(#17,#229,#433,#995,#1044,#1091,#2169,#2214,#2327,
    #2559,#2608,#2692,#2719,#3042,#3097,#3152,#3207,#3262,#3339,#3624,
    #3671,#3723,#3775,#3982,#4029,#4135,#4187,#4234,#4281,#4313,#4368,
    #4423,#4478,#4533,#4588,#4643,#4698,#4705,#4782,#4831,#4881,#4930,
    #4980,#5029,#5083,#5110,#5189,#5704,#5708,#5715,#5719,#5723,#5778,
    #5850,#5897,#5947,#5994,#6044,#6091,#6141,#6166,#6262,#6362,#6411,
    #6460,#6529,#6611,#6618,#6622,#6626,#6630,#6634,#6638,#6642,#6646,
    #6667,#6676,#6733,#6740,#6747,#6797));
#17 = ADVANCED_FACE('',(#18),#32,.F.);
#18 = FACE_BOUND('',#19,.F.);
#19 = EDGE_LOOP('',(#20,#55,#88,#114,#147,#175,#203));
#20 = ORIENTED_EDGE('',*,*,#21,.F.);
#21 = EDGE_CURVE('',#22,#24,#26,.T.);
#22 = VERTEX_POINT('',#23);
#23 = CARTESIAN_POINT('',(10.,-14.,30.983866769659));
#24 = VERTEX_POINT('',#25);
#25 = CARTESIAN_POINT('',(10.,-14.,62.));
#26 = SURFACE_CURVE('',#27,(#31,#43),.PCURVE_S1.);
#27 = LINE('',#28,#29);
#28 = CARTESIAN_POINT('',(10.,-14.,3.));
#29 = VECTOR('',#30,1.);
#30 = DIRECTION('',(0.,0.,1.));
#31 = PCURVE('',#32,#37);
#32 = PLANE('',#33);
#33 = AXIS2_PLACEMENT_3D('',#34,#35,#36);
#34 = CARTESIAN_POINT('',(10.,-14.,3.));
#35 = DIRECTION('',(1.,0.,0.));
#36 = DIRECTION('',(0.,0.,1.));
#37 = DEFINITIONAL_REPRESENTATION('',(#38),#42);
#38 = LINE('',#39,#40);
#39 = CARTESIAN_POINT('',(0.,0.));
#40 = VECTOR('',#41,1.);
#41 = DIRECTION('',(1.,0.));
#42 = ( GEOMETRIC_REPRESENTATION_CONTEXT(2) 
PARAMETRIC_REPRESENTATION_CONTEXT() REPRESENTATION_CONTEXT('2D SPACE',''
  ) );
#43 = PCURVE('',#44,#49);
#44 = PLANE('',#45);
#45 = AXIS2_PLACEMENT_3D('',#46,#47,#48);
#46 = CARTESIAN_POINT('',(10.,-14.,3.));
#47 = DIRECTION('',(0.,1.,0.));
#48 = DIRECTION('',(0.,0.,1.));
#49 = DEFINITIONAL_REPRESENTATION('',(#50),#54);
#50 = LINE('',#51,#52);
#51 = CARTESIAN_POINT('',(0.,0.));
#52 = VECTOR('',#53,1.);
#53 = DIRECTION('',(1.,0.));
#54 = ( GEOMETRIC_REPRESENTATION_CONTEXT(2) 
PARAMETRIC_REPRESENTATION_CONTEXT() REPRESENTATION_CONTEXT('2D SPACE',''
  ) );
#55 = ORIENTED_EDGE('',*,*,#56,.T.);
#56 = EDGE_CURVE('',#22,#57,#59,.T.);
#57 = VERTEX_POINT('',#58);
#58 = CARTESIAN_POINT('',(10.,0.3,33.998676444826));
#59 = SURFACE_CURVE('',#60,(#65,#76),.PCURVE_S1.);
#60 = CIRCLE('',#61,34.);
#61 = AXIS2_PLACEMENT_3D('',#62,#63,#64);
#62 = CARTESIAN_POINT('',(10.,0.,0.));
#63 = DIRECTION('',(-1.,0.,0.));
#64 = DIRECTION('',(0.,1.,0.));
#65 = PCURVE('',#32,#66);
#66 = DEFINITIONAL_REPRESENTATION('',(#67),#75);
#67 = ( BOUNDED_CURVE() B_SPLINE_CURVE(2,(#68,#69,#70,#71,#72,#73,#74),
.UNSPECIFIED.,.T.,.F.) B_SPLINE_CURVE_WITH_KNOTS((1,2,2,2,2,1),(
    -2.094395102393,0.,2.094395102393,4.188790204786,6.28318530718,
8.377580409573),.UNSPECIFIED.) CURVE() GEOMETRIC_REPRESENTATION_ITEM() 
RATIONAL_B_SPLINE_CURVE((1.,0.5,1.,0.5,1.,0.5,1.)) REPRESENTATION_ITEM(
  '') );
#68 = CARTESIAN_POINT('',(-3.,-48.));
#69 = CARTESIAN_POINT('',(-61.88972745734,-48.));
#70 = CARTESIAN_POINT('',(-32.44486372867,3.));
#71 = CARTESIAN_POINT('',(-3.,54.));
#72 = CARTESIAN_POINT('',(26.444863728671,3.));
#73 = CARTESIAN_POINT('',(55.889727457342,-48.));
#74 = CARTESIAN_POINT('',(-3.,-48.));
#75 = ( GEOMETRIC_REPRESENTATION_CONTEXT(2) 
PARAMETRIC_REPRESENTATION_CONTEXT() REPRESENTATION_CONTEXT('2D SPACE',''
  ) );
#76 = PCURVE('',#77,#82);
#77 = CYLINDRICAL_SURFACE('',#78,34.);
#78 = AXIS2_PLACEMENT_3D('',#79,#80,#81);
#79 = CARTESIAN_POINT('',(-1.,0.,0.));
#80 = DIRECTION('',(-1.,-0.,-0.));
#81 = DIRECTION('',(0.,1.,0.));
#82 = DEFINITIONAL_REPRESENTATION('',(#83),#87);
#83 = LINE('',#84,#85);
#84 = CARTESIAN_POINT('',(-6.28318530718,-11.));
#85 = VECTOR('',#86,1.);
#86 = DIRECTION('',(1.,-0.));
#87 = ( GEOMETRIC_REPRESENTATION_CONTEXT(2) 
PARAMETRIC_REPRESENTATION_CONTEXT() REPRESENTATION_CONTEXT('2D SPACE',''
  ) );
#88 = ORIENTED_EDGE('',*,*,#89,.F.);
#89 = EDGE_CURVE('',#90,#57,#92,.T.);
#90 = VERTEX_POINT('',#91);
#91 = CARTESIAN_POINT('',(10.,0.3,31.9985937191));
#92 = SURFACE_CURVE('',#93,(#97,#103),.PCURVE_S1.);
#93 = LINE('',#94,#95);
#94 = CARTESIAN_POINT('',(10.,0.3,-98.5));
#95 = VECTOR('',#96,1.);
#96 = DIRECTION('',(0.,0.,1.));
#97 = PCURVE('',#32,#98);
#98 = DEFINITIONAL_REPRESENTATION('',(#99),#102);
#99 = B_SPLINE_CURVE_WITH_KNOTS('',1,(#100,#101),.UNSPECIFIED.,.F.,.F.,(
    2,2),(101.5,132.49867644482),.PIECEWISE_BEZIER_KNOTS.);
#100 = CARTESIAN_POINT('',(0.,-14.3));
#101 = CARTESIAN_POINT('',(30.998676444826,-14.3));
#102 = ( GEOMETRIC_REPRESENTATION_CONTEXT(2) 
PARAMETRIC_REPRESENTATION_CONTEXT() REPRESENTATION_CONTEXT('2D SPACE',''
  ) );
#103 = PCURVE('',#104,#109);
#104 = PLANE('',#105);
#105 = AXIS2_PLACEMENT_3D('',#106,#107,#108);
#106 = CARTESIAN_POINT('',(-10.,0.3,-200.));
#107 = DIRECTION('',(0.,1.,0.));
#108 = DIRECTION('',(0.,0.,1.));
#109 = DEFINITIONAL_REPRESENTATION('',(#110),#113);
#110 = B_SPLINE_CURVE_WITH_KNOTS('',1,(#111,#112),.UNSPECIFIED.,.F.,.F.,
  (2,2),(101.5,132.49867644482),.PIECEWISE_BEZIER_KNOTS.);
#111 = CARTESIAN_POINT('',(203.,20.));
#112 = CARTESIAN_POINT('',(233.99867644482,20.));
#113 = ( GEOMETRIC_REPRESENTATION_CONTEXT(2) 
PARAMETRIC_REPRESENTATION_CONTEXT() REPRESENTATION_CONTEXT('2D SPACE',''
  ) );
#114 = ORIENTED_EDGE('',*,*,#115,.T.);
#115 = EDGE_CURVE('',#90,#116,#118,.T.);
#116 = VERTEX_POINT('',#117);
#117 = CARTESIAN_POINT('',(10.,31.859064644148,3.));
#118 = SURFACE_CURVE('',#119,(#124,#135),.PCURVE_S1.);
#119 = CIRCLE('',#120,32.);
#120 = AXIS2_PLACEMENT_3D('',#121,#122,#123);
#121 = CARTESIAN_POINT('',(10.,0.,0.));
#122 = DIRECTION('',(-1.,0.,0.));
#123 = DIRECTION('',(0.,1.,0.));
#124 = PCURVE('',#32,#125);
#125 = DEFINITIONAL_REPRESENTATION('',(#126),#134);
#126 = ( BOUNDED_CURVE() B_SPLINE_CURVE(2,(#127,#128,#129,#130,#131,#132
,#133),.UNSPECIFIED.,.T.,.F.) B_SPLINE_CURVE_WITH_KNOTS((1,2,2,2,2,1),(
    -2.094395102393,0.,2.094395102393,4.188790204786,6.28318530718,
8.377580409573),.UNSPECIFIED.) CURVE() GEOMETRIC_REPRESENTATION_ITEM() 
RATIONAL_B_SPLINE_CURVE((1.,0.5,1.,0.5,1.,0.5,1.)) REPRESENTATION_ITEM(
  '') );
#127 = CARTESIAN_POINT('',(-3.,-46.));
#128 = CARTESIAN_POINT('',(-58.4256258422,-46.));
#129 = CARTESIAN_POINT('',(-30.7128129211,2.));
#130 = CARTESIAN_POINT('',(-3.,50.));
#131 = CARTESIAN_POINT('',(24.712812921102,2.));
#132 = CARTESIAN_POINT('',(52.425625842204,-46.));
#133 = CARTESIAN_POINT('',(-3.,-46.));
#134 = ( GEOMETRIC_REPRESENTATION_CONTEXT(2) 
PARAMETRIC_REPRESENTATION_CONTEXT() REPRESENTATION_CONTEXT('2D SPACE',''
  ) );
#135 = PCURVE('',#136,#141);
#136 = CYLINDRICAL_SURFACE('',#137,32.);
#137 = AXIS2_PLACEMENT_3D('',#138,#139,#140);
#138 = CARTESIAN_POINT('',(-1.,0.,0.));
#139 = DIRECTION('',(-1.,-0.,-0.));
#140 = DIRECTION('',(0.,1.,0.));
#141 = DEFINITIONAL_REPRESENTATION('',(#142),#146);
#142 = LINE('',#143,#144);
#143 = CARTESIAN_POINT('',(-6.28318530718,-11.));
#144 = VECTOR('',#145,1.);
#145 = DIRECTION('',(1.,-0.));
#146 = ( GEOMETRIC_REPRESENTATION_CONTEXT(2) 
PARAMETRIC_REPRESENTATION_CONTEXT() REPRESENTATION_CONTEXT('2D SPACE',''
  ) );
#147 = ORIENTED_EDGE('',*,*,#148,.T.);
#148 = EDGE_CURVE('',#116,#149,#151,.T.);
#149 = VERTEX_POINT('',#150);
#150 = CARTESIAN_POINT('',(10.,43.,3.));
#151 = SURFACE_CURVE('',#152,(#156,#163),.PCURVE_S1.);
#152 = LINE('',#153,#154);
#153 = CARTESIAN_POINT('',(10.,-14.,3.));
#154 = VECTOR('',#155,1.);
#155 = DIRECTION('',(0.,1.,0.));
#156 = PCURVE('',#32,#157);
#157 = DEFINITIONAL_REPRESENTATION('',(#158),#162);
#158 = LINE('',#159,#160);
#159 = CARTESIAN_POINT('',(0.,0.));
#160 = VECTOR('',#161,1.);
#161 = DIRECTION('',(0.,-1.));
#162 = ( GEOMETRIC_REPRESENTATION_CONTEXT(2) 
PARAMETRIC_REPRESENTATION_CONTEXT() REPRESENTATION_CONTEXT('2D SPACE',''
  ) );
#163 = PCURVE('',#164,#169);
#164 = PLANE('',#165);
#165 = AXIS2_PLACEMENT_3D('',#166,#167,#168);
#166 = CARTESIAN_POINT('',(10.,-14.,3.));
#167 = DIRECTION('',(0.,0.,1.));
#168 = DIRECTION('',(1.,0.,0.));
#169 = DEFINITIONAL_REPRESENTATION('',(#170),#174);
#170 = LINE('',#171,#172);
#171 = CARTESIAN_POINT('',(0.,0.));
#172 = VECTOR('',#173,1.);
#173 = DIRECTION('',(0.,1.));
#174 = ( GEOMETRIC_REPRESENTATION_CONTEXT(2) 
PARAMETRIC_REPRESENTATION_CONTEXT() REPRESENTATION_CONTEXT('2D SPACE',''
  ) );
#175 = ORIENTED_EDGE('',*,*,#176,.T.);
#176 = EDGE_CURVE('',#149,#177,#179,.T.);
#177 = VERTEX_POINT('',#178);
#178 = CARTESIAN_POINT('',(10.,43.,62.));
#179 = SURFACE_CURVE('',#180,(#184,#191),.PCURVE_S1.);
#180 = LINE('',#181,#182);
#181 = CARTESIAN_POINT('',(10.,43.,3.));
#182 = VECTOR('',#183,1.);
#183 = DIRECTION('',(0.,0.,1.));
#184 = PCURVE('',#32,#185);
#185 = DEFINITIONAL_REPRESENTATION('',(#186),#190);
#186 = LINE('',#187,#188);
#187 = CARTESIAN_POINT('',(0.,-57.));
#188 = VECTOR('',#189,1.);
#189 = DIRECTION('',(1.,0.));
#190 = ( GEOMETRIC_REPRESENTATION_CONTEXT(2) 
PARAMETRIC_REPRESENTATION_CONTEXT() REPRESENTATION_CONTEXT('2D SPACE',''
  ) );
#191 = PCURVE('',#192,#197);
#192 = PLANE('',#193);
#193 = AXIS2_PLACEMENT_3D('',#194,#195,#196);
#194 = CARTESIAN_POINT('',(10.,43.,3.));
#195 = DIRECTION('',(0.,1.,0.));
#196 = DIRECTION('',(0.,0.,1.));
#197 = DEFINITIONAL_REPRESENTATION('',(#198),#202);
#198 = LINE('',#199,#200);
#199 = CARTESIAN_POINT('',(0.,0.));
#200 = VECTOR('',#201,1.);
#201 = DIRECTION('',(1.,0.));
#202 = ( GEOMETRIC_REPRESENTATION_CONTEXT(2) 
PARAMETRIC_REPRESENTATION_CONTEXT() REPRESENTATION_CONTEXT('2D SPACE',''
  ) );
#203 = ORIENTED_EDGE('',*,*,#204,.F.);
#204 = EDGE_CURVE('',#24,#177,#205,.T.);
#205 = SURFACE_CURVE('',#206,(#210,#217),.PCURVE_S1.);
#206 = LINE('',#207,#208);
#207 = CARTESIAN_POINT('',(10.,-14.,62.));
#208 = VECTOR('',#209,1.);
#209 = DIRECTION('',(0.,1.,0.));
#210 = PCURVE('',#32,#211);
#211 = DEFINITIONAL_REPRESENTATION('',(#212),#216);
#212 = LINE('',#213,#214);
#213 = CARTESIAN_POINT('',(59.,0.));
#214 = VECTOR('',#215,1.);
#215 = DIRECTION('',(0.,-1.));
#216 = ( GEOMETRIC_REPRESENTATION_CONTEXT(2) 
PARAMETRIC_REPRESENTATION_CONTEXT() REPRESENTATION_CONTEXT('2D SPACE',''
  ) );
#217 = PCURVE('',#218,#223);
#218 = PLANE('',#219);
#219 = AXIS2_PLACEMENT_3D('',#220,#221,#222);
#220 = CARTESIAN_POINT('',(10.,-14.,62.));
#221 = DIRECTION('',(0.,0.,1.));
#222 = DIRECTION('',(1.,0.,0.));
#223 = DEFINITIONAL_REPRESENTATION('',(#224),#228);
#224 = LINE('',#225,#226);
#225 = CARTESIAN_POINT('',(0.,0.));
#226 = VECTOR('',#227,1.);
#227 = DIRECTION('',(0.,1.));
#228 = ( GEOMETRIC_REPRESENTATION_CONTEXT(2) 
PARAMETRIC_REPRESENTATION_CONTEXT() REPRESENTATION_CONTEXT('2D SPACE',''
  ) );
#229 = ADVANCED_FACE('',(#230,#402),#44,.F.);
#230 = FACE_BOUND('',#231,.F.);
#231 = EDGE_LOOP('',(#232,#262,#283,#309,#335,#361,#380,#381));
#232 = ORIENTED_EDGE('',*,*,#233,.F.);
#233 = EDGE_CURVE('',#234,#236,#238,.T.);
#234 = VERTEX_POINT('',#235);
#235 = CARTESIAN_POINT('',(150.,-14.,30.983866769659));
#236 = VERTEX_POINT('',#237);
#237 = CARTESIAN_POINT('',(150.,-14.,62.));
#238 = SURFACE_CURVE('',#239,(#243,#250),.PCURVE_S1.);
#239 = LINE('',#240,#241);
#240 = CARTESIAN_POINT('',(150.,-14.,3.));
#241 = VECTOR('',#242,1.);
#242 = DIRECTION('',(0.,0.,1.));
#243 = PCURVE('',#44,#244);
#244 = DEFINITIONAL_REPRESENTATION('',(#245),#249);
#245 = LINE('',#246,#247);
#246 = CARTESIAN_POINT('',(0.,140.));
#247 = VECTOR('',#248,1.);
#248 = DIRECTION('',(1.,0.));
#249 = ( GEOMETRIC_REPRESENTATION_CONTEXT(2) 
PARAMETRIC_REPRESENTATION_CONTEXT() REPRESENTATION_CONTEXT('2D SPACE',''
  ) );
#250 = PCURVE('',#251,#256);
#251 = PLANE('',#252);
#252 = AXIS2_PLACEMENT_3D('',#253,#254,#255);
#253 = CARTESIAN_POINT('',(150.,-14.,3.));
#254 = DIRECTION('',(1.,0.,0.));
#255 = DIRECTION('',(0.,0.,1.));
#256 = DEFINITIONAL_REPRESENTATION('',(#257),#261);
#257 = LINE('',#258,#259);
#258 = CARTESIAN_POINT('',(0.,0.));
#259 = VECTOR('',#260,1.);
#260 = DIRECTION('',(1.,0.));
#261 = ( GEOMETRIC_REPRESENTATION_CONTEXT(2) 
PARAMETRIC_REPRESENTATION_CONTEXT() REPRESENTATION_CONTEXT('2D SPACE',''
  ) );
#262 = ORIENTED_EDGE('',*,*,#263,.T.);
#263 = EDGE_CURVE('',#234,#264,#266,.T.);
#264 = VERTEX_POINT('',#265);
#265 = CARTESIAN_POINT('',(100.2,-14.,30.983866769659));
#266 = SURFACE_CURVE('',#267,(#271,#277),.PCURVE_S1.);
#267 = LINE('',#268,#269);
#268 = CARTESIAN_POINT('',(-1.,-14.,30.983866769659));
#269 = VECTOR('',#270,1.);
#270 = DIRECTION('',(-1.,-0.,-0.));
#271 = PCURVE('',#44,#272);
#272 = DEFINITIONAL_REPRESENTATION('',(#273),#276);
#273 = B_SPLINE_CURVE_WITH_KNOTS('',1,(#274,#275),.UNSPECIFIED.,.F.,.F.,
  (2,2),(-152.0000006,5.999999999062E-07),.PIECEWISE_BEZIER_KNOTS.);
#274 = CARTESIAN_POINT('',(27.983866769659,141.0000006));
#275 = CARTESIAN_POINT('',(27.983866769659,-11.0000006));
#276 = ( GEOMETRIC_REPRESENTATION_CONTEXT(2) 
PARAMETRIC_REPRESENTATION_CONTEXT() REPRESENTATION_CONTEXT('2D SPACE',''
  ) );
#277 = PCURVE('',#77,#278);
#278 = DEFINITIONAL_REPRESENTATION('',(#279),#282);
#279 = B_SPLINE_CURVE_WITH_KNOTS('',1,(#280,#281),.UNSPECIFIED.,.F.,.F.,
  (2,2),(-152.0000006,5.999999999062E-07),.PIECEWISE_BEZIER_KNOTS.);
#280 = CARTESIAN_POINT('',(-1.995186035388,-152.0000006));
#281 = CARTESIAN_POINT('',(-1.995186035388,5.999999999062E-07));
#282 = ( GEOMETRIC_REPRESENTATION_CONTEXT(2) 
PARAMETRIC_REPRESENTATION_CONTEXT() REPRESENTATION_CONTEXT('2D SPACE',''
  ) );
#283 = ORIENTED_EDGE('',*,*,#284,.F.);
#284 = EDGE_CURVE('',#285,#264,#287,.T.);
#285 = VERTEX_POINT('',#286);
#286 = CARTESIAN_POINT('',(100.2,-14.,36.5));
#287 = SURFACE_CURVE('',#288,(#292,#298),.PCURVE_S1.);
#288 = LINE('',#289,#290);
#289 = CARTESIAN_POINT('',(100.2,-14.,1.5));
#290 = VECTOR('',#291,1.);
#291 = DIRECTION('',(0.,0.,-1.));
#292 = PCURVE('',#44,#293);
#293 = DEFINITIONAL_REPRESENTATION('',(#294),#297);
#294 = B_SPLINE_CURVE_WITH_KNOTS('',1,(#295,#296),.UNSPECIFIED.,.F.,.F.,
  (2,2),(-35.,-29.48386676965),.PIECEWISE_BEZIER_KNOTS.);
#295 = CARTESIAN_POINT('',(33.5,90.2));
#296 = CARTESIAN_POINT('',(27.983866769659,90.2));
#297 = ( GEOMETRIC_REPRESENTATION_CONTEXT(2) 
PARAMETRIC_REPRESENTATION_CONTEXT() REPRESENTATION_CONTEXT('2D SPACE',''
  ) );
#298 = PCURVE('',#299,#304);
#299 = PLANE('',#300);
#300 = AXIS2_PLACEMENT_3D('',#301,#302,#303);
#301 = CARTESIAN_POINT('',(100.2,-16.,0.));
#302 = DIRECTION('',(1.,0.,0.));
#303 = DIRECTION('',(0.,0.,1.));
#304 = DEFINITIONAL_REPRESENTATION('',(#305),#308);
#305 = B_SPLINE_CURVE_WITH_KNOTS('',1,(#306,#307),.UNSPECIFIED.,.F.,.F.,
  (2,2),(-35.,-29.48386676965),.PIECEWISE_BEZIER_KNOTS.);
#306 = CARTESIAN_POINT('',(36.5,-2.));
#307 = CARTESIAN_POINT('',(30.983866769659,-2.));
#308 = ( GEOMETRIC_REPRESENTATION_CONTEXT(2) 
PARAMETRIC_REPRESENTATION_CONTEXT() REPRESENTATION_CONTEXT('2D SPACE',''
  ) );
#309 = ORIENTED_EDGE('',*,*,#310,.F.);
#310 = EDGE_CURVE('',#311,#285,#313,.T.);
#311 = VERTEX_POINT('',#312);
#312 = CARTESIAN_POINT('',(79.8,-14.,36.5));
#313 = SURFACE_CURVE('',#314,(#318,#324),.PCURVE_S1.);
#314 = LINE('',#315,#316);
#315 = CARTESIAN_POINT('',(44.9,-14.,36.5));
#316 = VECTOR('',#317,1.);
#317 = DIRECTION('',(1.,0.,0.));
#318 = PCURVE('',#44,#319);
#319 = DEFINITIONAL_REPRESENTATION('',(#320),#323);
#320 = B_SPLINE_CURVE_WITH_KNOTS('',1,(#321,#322),.UNSPECIFIED.,.F.,.F.,
  (2,2),(34.9,55.3),.PIECEWISE_BEZIER_KNOTS.);
#321 = CARTESIAN_POINT('',(33.5,69.8));
#322 = CARTESIAN_POINT('',(33.5,90.2));
#323 = ( GEOMETRIC_REPRESENTATION_CONTEXT(2) 
PARAMETRIC_REPRESENTATION_CONTEXT() REPRESENTATION_CONTEXT('2D SPACE',''
  ) );
#324 = PCURVE('',#325,#330);
#325 = PLANE('',#326);
#326 = AXIS2_PLACEMENT_3D('',#327,#328,#329);
#327 = CARTESIAN_POINT('',(79.8,-16.,36.5));
#328 = DIRECTION('',(0.,0.,1.));
#329 = DIRECTION('',(1.,0.,0.));
#330 = DEFINITIONAL_REPRESENTATION('',(#331),#334);
#331 = B_SPLINE_CURVE_WITH_KNOTS('',1,(#332,#333),.UNSPECIFIED.,.F.,.F.,
  (2,2),(34.9,55.3),.PIECEWISE_BEZIER_KNOTS.);
#332 = CARTESIAN_POINT('',(0.,2.));
#333 = CARTESIAN_POINT('',(20.4,2.));
#334 = ( GEOMETRIC_REPRESENTATION_CONTEXT(2) 
PARAMETRIC_REPRESENTATION_CONTEXT() REPRESENTATION_CONTEXT('2D SPACE',''
  ) );
#335 = ORIENTED_EDGE('',*,*,#336,.T.);
#336 = EDGE_CURVE('',#311,#337,#339,.T.);
#337 = VERTEX_POINT('',#338);
#338 = CARTESIAN_POINT('',(79.8,-14.,30.983866769659));
#339 = SURFACE_CURVE('',#340,(#344,#350),.PCURVE_S1.);
#340 = LINE('',#341,#342);
#341 = CARTESIAN_POINT('',(79.8,-14.,1.5));
#342 = VECTOR('',#343,1.);
#343 = DIRECTION('',(0.,0.,-1.));
#344 = PCURVE('',#44,#345);
#345 = DEFINITIONAL_REPRESENTATION('',(#346),#349);
#346 = B_SPLINE_CURVE_WITH_KNOTS('',1,(#347,#348),.UNSPECIFIED.,.F.,.F.,
  (2,2),(-35.,-29.48386676965),.PIECEWISE_BEZIER_KNOTS.);
#347 = CARTESIAN_POINT('',(33.5,69.8));
#348 = CARTESIAN_POINT('',(27.983866769659,69.8));
#349 = ( GEOMETRIC_REPRESENTATION_CONTEXT(2) 
PARAMETRIC_REPRESENTATION_CONTEXT() REPRESENTATION_CONTEXT('2D SPACE',''
  ) );
#350 = PCURVE('',#351,#356);
#351 = PLANE('',#352);
#352 = AXIS2_PLACEMENT_3D('',#353,#354,#355);
#353 = CARTESIAN_POINT('',(79.8,-16.,0.));
#354 = DIRECTION('',(1.,0.,0.));
#355 = DIRECTION('',(0.,0.,1.));
#356 = DEFINITIONAL_REPRESENTATION('',(#357),#360);
#357 = B_SPLINE_CURVE_WITH_KNOTS('',1,(#358,#359),.UNSPECIFIED.,.F.,.F.,
  (2,2),(-35.,-29.48386676965),.PIECEWISE_BEZIER_KNOTS.);
#358 = CARTESIAN_POINT('',(36.5,-2.));
#359 = CARTESIAN_POINT('',(30.983866769659,-2.));
#360 = ( GEOMETRIC_REPRESENTATION_CONTEXT(2) 
PARAMETRIC_REPRESENTATION_CONTEXT() REPRESENTATION_CONTEXT('2D SPACE',''
  ) );
#361 = ORIENTED_EDGE('',*,*,#362,.T.);
#362 = EDGE_CURVE('',#337,#22,#363,.T.);
#363 = SURFACE_CURVE('',#364,(#368,#374),.PCURVE_S1.);
#364 = LINE('',#365,#366);
#365 = CARTESIAN_POINT('',(-1.,-14.,30.983866769659));
#366 = VECTOR('',#367,1.);
#367 = DIRECTION('',(-1.,-0.,-0.));
#368 = PCURVE('',#44,#369);
#369 = DEFINITIONAL_REPRESENTATION('',(#370),#373);
#370 = B_SPLINE_CURVE_WITH_KNOTS('',1,(#371,#372),.UNSPECIFIED.,.F.,.F.,
  (2,2),(-152.0000006,5.999999999062E-07),.PIECEWISE_BEZIER_KNOTS.);
#371 = CARTESIAN_POINT('',(27.983866769659,141.0000006));
#372 = CARTESIAN_POINT('',(27.983866769659,-11.0000006));
#373 = ( GEOMETRIC_REPRESENTATION_CONTEXT(2) 
PARAMETRIC_REPRESENTATION_CONTEXT() REPRESENTATION_CONTEXT('2D SPACE',''
  ) );
#374 = PCURVE('',#77,#375);
#375 = DEFINITIONAL_REPRESENTATION('',(#376),#379);
#376 = B_SPLINE_CURVE_WITH_KNOTS('',1,(#377,#378),.UNSPECIFIED.,.F.,.F.,
  (2,2),(-152.0000006,5.999999999062E-07),.PIECEWISE_BEZIER_KNOTS.);
#377 = CARTESIAN_POINT('',(-1.995186035388,-152.0000006));
#378 = CARTESIAN_POINT('',(-1.995186035388,5.999999999062E-07));
#379 = ( GEOMETRIC_REPRESENTATION_CONTEXT(2) 
PARAMETRIC_REPRESENTATION_CONTEXT() REPRESENTATION_CONTEXT('2D SPACE',''
  ) );
#380 = ORIENTED_EDGE('',*,*,#21,.T.);
#381 = ORIENTED_EDGE('',*,*,#382,.T.);
#382 = EDGE_CURVE('',#24,#236,#383,.T.);
#383 = SURFACE_CURVE('',#384,(#388,#395),.PCURVE_S1.);
#384 = LINE('',#385,#386);
#385 = CARTESIAN_POINT('',(10.,-14.,62.));
#386 = VECTOR('',#387,1.);
#387 = DIRECTION('',(1.,0.,0.));
#388 = PCURVE('',#44,#389);
#389 = DEFINITIONAL_REPRESENTATION('',(#390),#394);
#390 = LINE('',#391,#392);
#391 = CARTESIAN_POINT('',(59.,0.));
#392 = VECTOR('',#393,1.);
#393 = DIRECTION('',(0.,1.));
#394 = ( GEOMETRIC_REPRESENTATION_CONTEXT(2) 
PARAMETRIC_REPRESENTATION_CONTEXT() REPRESENTATION_CONTEXT('2D SPACE',''
  ) );
#395 = PCURVE('',#218,#396);
#396 = DEFINITIONAL_REPRESENTATION('',(#397),#401);
#397 = LINE('',#398,#399);
#398 = CARTESIAN_POINT('',(0.,0.));
#399 = VECTOR('',#400,1.);
#400 = DIRECTION('',(1.,0.));
#401 = ( GEOMETRIC_REPRESENTATION_CONTEXT(2) 
PARAMETRIC_REPRESENTATION_CONTEXT() REPRESENTATION_CONTEXT('2D SPACE',''
  ) );
#402 = FACE_BOUND('',#403,.F.);
#403 = EDGE_LOOP('',(#404));
#404 = ORIENTED_EDGE('',*,*,#405,.F.);
#405 = EDGE_CURVE('',#406,#406,#408,.T.);
#406 = VERTEX_POINT('',#407);
#407 = CARTESIAN_POINT('',(91.,-14.,39.));
#408 = SURFACE_CURVE('',#409,(#414,#421),.PCURVE_S1.);
#409 = CIRCLE('',#410,1.);
#410 = AXIS2_PLACEMENT_3D('',#411,#412,#413);
#411 = CARTESIAN_POINT('',(90.,-14.,39.));
#412 = DIRECTION('',(-0.,1.,0.));
#413 = DIRECTION('',(1.,0.,0.));
#414 = PCURVE('',#44,#415);
#415 = DEFINITIONAL_REPRESENTATION('',(#416),#420);
#416 = CIRCLE('',#417,1.);
#417 = AXIS2_PLACEMENT_2D('',#418,#419);
#418 = CARTESIAN_POINT('',(36.,80.));
#419 = DIRECTION('',(0.,1.));
#420 = ( GEOMETRIC_REPRESENTATION_CONTEXT(2) 
PARAMETRIC_REPRESENTATION_CONTEXT() REPRESENTATION_CONTEXT('2D SPACE',''
  ) );
#421 = PCURVE('',#422,#427);
#422 = CYLINDRICAL_SURFACE('',#423,1.);
#423 = AXIS2_PLACEMENT_3D('',#424,#425,#426);
#424 = CARTESIAN_POINT('',(90.,-3.,39.));
#425 = DIRECTION('',(-0.,1.,-0.));
#426 = DIRECTION('',(1.,0.,0.));
#427 = DEFINITIONAL_REPRESENTATION('',(#428),#432);
#428 = LINE('',#429,#430);
#429 = CARTESIAN_POINT('',(-6.28318530718,-11.));
#430 = VECTOR('',#431,1.);
#431 = DIRECTION('',(1.,-0.));
#432 = ( GEOMETRIC_REPRESENTATION_CONTEXT(2) 
PARAMETRIC_REPRESENTATION_CONTEXT() REPRESENTATION_CONTEXT('2D SPACE',''
  ) );
#433 = ADVANCED_FACE('',(#434,#482,#517,#552,#587,#622,#960),#218,.T.);
#434 = FACE_BOUND('',#435,.T.);
#435 = EDGE_LOOP('',(#436,#437,#438,#461));
#436 = ORIENTED_EDGE('',*,*,#204,.F.);
#437 = ORIENTED_EDGE('',*,*,#382,.T.);
#438 = ORIENTED_EDGE('',*,*,#439,.T.);
#439 = EDGE_CURVE('',#236,#440,#442,.T.);
#440 = VERTEX_POINT('',#441);
#441 = CARTESIAN_POINT('',(150.,43.,62.));
#442 = SURFACE_CURVE('',#443,(#447,#454),.PCURVE_S1.);
#443 = LINE('',#444,#445);
#444 = CARTESIAN_POINT('',(150.,-14.,62.));
#445 = VECTOR('',#446,1.);
#446 = DIRECTION('',(0.,1.,0.));
#447 = PCURVE('',#218,#448);
#448 = DEFINITIONAL_REPRESENTATION('',(#449),#453);
#449 = LINE('',#450,#451);
#450 = CARTESIAN_POINT('',(140.,0.));
#451 = VECTOR('',#452,1.);
#452 = DIRECTION('',(0.,1.));
#453 = ( GEOMETRIC_REPRESENTATION_CONTEXT(2) 
PARAMETRIC_REPRESENTATION_CONTEXT() REPRESENTATION_CONTEXT('2D SPACE',''
  ) );
#454 = PCURVE('',#251,#455);
#455 = DEFINITIONAL_REPRESENTATION('',(#456),#460);
#456 = LINE('',#457,#458);
#457 = CARTESIAN_POINT('',(59.,0.));
#458 = VECTOR('',#459,1.);
#459 = DIRECTION('',(0.,-1.));
#460 = ( GEOMETRIC_REPRESENTATION_CONTEXT(2) 
PARAMETRIC_REPRESENTATION_CONTEXT() REPRESENTATION_CONTEXT('2D SPACE',''
  ) );
#461 = ORIENTED_EDGE('',*,*,#462,.F.);
#462 = EDGE_CURVE('',#177,#440,#463,.T.);
#463 = SURFACE_CURVE('',#464,(#468,#475),.PCURVE_S1.);
#464 = LINE('',#465,#466);
#465 = CARTESIAN_POINT('',(10.,43.,62.));
#466 = VECTOR('',#467,1.);
#467 = DIRECTION('',(1.,0.,0.));
#468 = PCURVE('',#218,#469);
#469 = DEFINITIONAL_REPRESENTATION('',(#470),#474);
#470 = LINE('',#471,#472);
#471 = CARTESIAN_POINT('',(0.,57.));
#472 = VECTOR('',#473,1.);
#473 = DIRECTION('',(1.,0.));
#474 = ( GEOMETRIC_REPRESENTATION_CONTEXT(2) 
PARAMETRIC_REPRESENTATION_CONTEXT() REPRESENTATION_CONTEXT('2D SPACE',''
  ) );
#475 = PCURVE('',#192,#476);
#476 = DEFINITIONAL_REPRESENTATION('',(#477),#481);
#477 = LINE('',#478,#479);
#478 = CARTESIAN_POINT('',(59.,0.));
#479 = VECTOR('',#480,1.);
#480 = DIRECTION('',(0.,1.));
#481 = ( GEOMETRIC_REPRESENTATION_CONTEXT(2) 
PARAMETRIC_REPRESENTATION_CONTEXT() REPRESENTATION_CONTEXT('2D SPACE',''
  ) );
#482 = FACE_BOUND('',#483,.T.);
#483 = EDGE_LOOP('',(#484));
#484 = ORIENTED_EDGE('',*,*,#485,.T.);
#485 = EDGE_CURVE('',#486,#486,#488,.T.);
#486 = VERTEX_POINT('',#487);
#487 = CARTESIAN_POINT('',(15.75,-9.5,62.));
#488 = SURFACE_CURVE('',#489,(#494,#505),.PCURVE_S1.);
#489 = CIRCLE('',#490,1.25);
#490 = AXIS2_PLACEMENT_3D('',#491,#492,#493);
#491 = CARTESIAN_POINT('',(14.5,-9.5,62.));
#492 = DIRECTION('',(0.,0.,-1.));
#493 = DIRECTION('',(1.,0.,0.));
#494 = PCURVE('',#218,#495);
#495 = DEFINITIONAL_REPRESENTATION('',(#496),#504);
#496 = ( BOUNDED_CURVE() B_SPLINE_CURVE(2,(#497,#498,#499,#500,#501,#502
,#503),.UNSPECIFIED.,.T.,.F.) B_SPLINE_CURVE_WITH_KNOTS((1,2,2,2,2,1),(
    -2.094395102393,0.,2.094395102393,4.188790204786,6.28318530718,
8.377580409573),.UNSPECIFIED.) CURVE() GEOMETRIC_REPRESENTATION_ITEM() 
RATIONAL_B_SPLINE_CURVE((1.,0.5,1.,0.5,1.,0.5,1.)) REPRESENTATION_ITEM(
  '') );
#497 = CARTESIAN_POINT('',(5.75,4.5));
#498 = CARTESIAN_POINT('',(5.75,2.334936490539));
#499 = CARTESIAN_POINT('',(3.875,3.417468245269));
#500 = CARTESIAN_POINT('',(2.,4.5));
#501 = CARTESIAN_POINT('',(3.875,5.582531754731));
#502 = CARTESIAN_POINT('',(5.75,6.665063509461));
#503 = CARTESIAN_POINT('',(5.75,4.5));
#504 = ( GEOMETRIC_REPRESENTATION_CONTEXT(2) 
PARAMETRIC_REPRESENTATION_CONTEXT() REPRESENTATION_CONTEXT('2D SPACE',''
  ) );
#505 = PCURVE('',#506,#511);
#506 = CYLINDRICAL_SURFACE('',#507,1.25);
#507 = AXIS2_PLACEMENT_3D('',#508,#509,#510);
#508 = CARTESIAN_POINT('',(14.5,-9.5,54.));
#509 = DIRECTION('',(-0.,-0.,-1.));
#510 = DIRECTION('',(1.,0.,0.));
#511 = DEFINITIONAL_REPRESENTATION('',(#512),#516);
#512 = LINE('',#513,#514);
#513 = CARTESIAN_POINT('',(-6.28318530718,-8.));
#514 = VECTOR('',#515,1.);
#515 = DIRECTION('',(1.,-0.));
#516 = ( GEOMETRIC_REPRESENTATION_CONTEXT(2) 
PARAMETRIC_REPRESENTATION_CONTEXT() REPRESENTATION_CONTEXT('2D SPACE',''
  ) );
#517 = FACE_BOUND('',#518,.T.);
#518 = EDGE_LOOP('',(#519));
#519 = ORIENTED_EDGE('',*,*,#520,.T.);
#520 = EDGE_CURVE('',#521,#521,#523,.T.);
#521 = VERTEX_POINT('',#522);
#522 = CARTESIAN_POINT('',(97.,-4.,62.));
#523 = SURFACE_CURVE('',#524,(#529,#540),.PCURVE_S1.);
#524 = CIRCLE('',#525,7.);
#525 = AXIS2_PLACEMENT_3D('',#526,#527,#528);
#526 = CARTESIAN_POINT('',(90.,-4.,62.));
#527 = DIRECTION('',(0.,0.,-1.));
#528 = DIRECTION('',(1.,0.,0.));
#529 = PCURVE('',#218,#530);
#530 = DEFINITIONAL_REPRESENTATION('',(#531),#539);
#531 = ( BOUNDED_CURVE() B_SPLINE_CURVE(2,(#532,#533,#534,#535,#536,#537
,#538),.UNSPECIFIED.,.T.,.F.) B_SPLINE_CURVE_WITH_KNOTS((1,2,2,2,2,1),(
    -2.094395102393,0.,2.094395102393,4.188790204786,6.28318530718,
8.377580409573),.UNSPECIFIED.) CURVE() GEOMETRIC_REPRESENTATION_ITEM() 
RATIONAL_B_SPLINE_CURVE((1.,0.5,1.,0.5,1.,0.5,1.)) REPRESENTATION_ITEM(
  '') );
#532 = CARTESIAN_POINT('',(87.,10.));
#533 = CARTESIAN_POINT('',(87.,-2.124355652982));
#534 = CARTESIAN_POINT('',(76.5,3.937822173509));
#535 = CARTESIAN_POINT('',(66.,10.));
#536 = CARTESIAN_POINT('',(76.5,16.062177826491));
#537 = CARTESIAN_POINT('',(87.,22.124355652982));
#538 = CARTESIAN_POINT('',(87.,10.));
#539 = ( GEOMETRIC_REPRESENTATION_CONTEXT(2) 
PARAMETRIC_REPRESENTATION_CONTEXT() REPRESENTATION_CONTEXT('2D SPACE',''
  ) );
#540 = PCURVE('',#541,#546);
#541 = CYLINDRICAL_SURFACE('',#542,7.);
#542 = AXIS2_PLACEMENT_3D('',#543,#544,#545);
#543 = CARTESIAN_POINT('',(90.,-4.,56.45));
#544 = DIRECTION('',(-0.,-0.,-1.));
#545 = DIRECTION('',(1.,0.,0.));
#546 = DEFINITIONAL_REPRESENTATION('',(#547),#551);
#547 = LINE('',#548,#549);
#548 = CARTESIAN_POINT('',(-6.28318530718,-5.55));
#549 = VECTOR('',#550,1.);
#550 = DIRECTION('',(1.,-0.));
#551 = ( GEOMETRIC_REPRESENTATION_CONTEXT(2) 
PARAMETRIC_REPRESENTATION_CONTEXT() REPRESENTATION_CONTEXT('2D SPACE',''
  ) );
#552 = FACE_BOUND('',#553,.T.);
#553 = EDGE_LOOP('',(#554));
#554 = ORIENTED_EDGE('',*,*,#555,.T.);
#555 = EDGE_CURVE('',#556,#556,#558,.T.);
#556 = VERTEX_POINT('',#557);
#557 = CARTESIAN_POINT('',(146.75,-9.5,62.));
#558 = SURFACE_CURVE('',#559,(#564,#575),.PCURVE_S1.);
#559 = CIRCLE('',#560,1.25);
#560 = AXIS2_PLACEMENT_3D('',#561,#562,#563);
#561 = CARTESIAN_POINT('',(145.5,-9.5,62.));
#562 = DIRECTION('',(0.,0.,-1.));
#563 = DIRECTION('',(1.,0.,0.));
#564 = PCURVE('',#218,#565);
#565 = DEFINITIONAL_REPRESENTATION('',(#566),#574);
#566 = ( BOUNDED_CURVE() B_SPLINE_CURVE(2,(#567,#568,#569,#570,#571,#572
,#573),.UNSPECIFIED.,.T.,.F.) B_SPLINE_CURVE_WITH_KNOTS((1,2,2,2,2,1),(
    -2.094395102393,0.,2.094395102393,4.188790204786,6.28318530718,
8.377580409573),.UNSPECIFIED.) CURVE() GEOMETRIC_REPRESENTATION_ITEM() 
RATIONAL_B_SPLINE_CURVE((1.,0.5,1.,0.5,1.,0.5,1.)) REPRESENTATION_ITEM(
  '') );
#567 = CARTESIAN_POINT('',(136.75,4.5));
#568 = CARTESIAN_POINT('',(136.75,2.334936490539));
#569 = CARTESIAN_POINT('',(134.875,3.417468245269));
#570 = CARTESIAN_POINT('',(133.,4.5));
#571 = CARTESIAN_POINT('',(134.875,5.582531754731));
#572 = CARTESIAN_POINT('',(136.75,6.665063509461));
#573 = CARTESIAN_POINT('',(136.75,4.5));
#574 = ( GEOMETRIC_REPRESENTATION_CONTEXT(2) 
PARAMETRIC_REPRESENTATION_CONTEXT() REPRESENTATION_CONTEXT('2D SPACE',''
  ) );
#575 = PCURVE('',#576,#581);
#576 = CYLINDRICAL_SURFACE('',#577,1.25);
#577 = AXIS2_PLACEMENT_3D('',#578,#579,#580);
#578 = CARTESIAN_POINT('',(145.5,-9.5,54.));
#579 = DIRECTION('',(-0.,-0.,-1.));
#580 = DIRECTION('',(1.,0.,0.));
#581 = DEFINITIONAL_REPRESENTATION('',(#582),#586);
#582 = LINE('',#583,#584);
#583 = CARTESIAN_POINT('',(-6.28318530718,-8.));
#584 = VECTOR('',#585,1.);
#585 = DIRECTION('',(1.,-0.));
#586 = ( GEOMETRIC_REPRESENTATION_CONTEXT(2) 
PARAMETRIC_REPRESENTATION_CONTEXT() REPRESENTATION_CONTEXT('2D SPACE',''
  ) );
#587 = FACE_BOUND('',#588,.T.);
#588 = EDGE_LOOP('',(#589));
#589 = ORIENTED_EDGE('',*,*,#590,.T.);
#590 = EDGE_CURVE('',#591,#591,#593,.T.);
#591 = VERTEX_POINT('',#592);
#592 = CARTESIAN_POINT('',(15.75,38.5,62.));
#593 = SURFACE_CURVE('',#594,(#599,#610),.PCURVE_S1.);
#594 = CIRCLE('',#595,1.25);
#595 = AXIS2_PLACEMENT_3D('',#596,#597,#598);
#596 = CARTESIAN_POINT('',(14.5,38.5,62.));
#597 = DIRECTION('',(0.,0.,-1.));
#598 = DIRECTION('',(1.,0.,0.));
#599 = PCURVE('',#218,#600);
#600 = DEFINITIONAL_REPRESENTATION('',(#601),#609);
#601 = ( BOUNDED_CURVE() B_SPLINE_CURVE(2,(#602,#603,#604,#605,#606,#607
,#608),.UNSPECIFIED.,.T.,.F.) B_SPLINE_CURVE_WITH_KNOTS((1,2,2,2,2,1),(
    -2.094395102393,0.,2.094395102393,4.188790204786,6.28318530718,
8.377580409573),.UNSPECIFIED.) CURVE() GEOMETRIC_REPRESENTATION_ITEM() 
RATIONAL_B_SPLINE_CURVE((1.,0.5,1.,0.5,1.,0.5,1.)) REPRESENTATION_ITEM(
  '') );
#602 = CARTESIAN_POINT('',(5.75,52.5));
#603 = CARTESIAN_POINT('',(5.75,50.334936490539));
#604 = CARTESIAN_POINT('',(3.875,51.417468245269));
#605 = CARTESIAN_POINT('',(2.,52.5));
#606 = CARTESIAN_POINT('',(3.875,53.582531754731));
#607 = CARTESIAN_POINT('',(5.75,54.665063509461));
#608 = CARTESIAN_POINT('',(5.75,52.5));
#609 = ( GEOMETRIC_REPRESENTATION_CONTEXT(2) 
PARAMETRIC_REPRESENTATION_CONTEXT() REPRESENTATION_CONTEXT('2D SPACE',''
  ) );
#610 = PCURVE('',#611,#616);
#611 = CYLINDRICAL_SURFACE('',#612,1.25);
#612 = AXIS2_PLACEMENT_3D('',#613,#614,#615);
#613 = CARTESIAN_POINT('',(14.5,38.5,54.));
#614 = DIRECTION('',(-0.,-0.,-1.));
#615 = DIRECTION('',(1.,0.,0.));
#616 = DEFINITIONAL_REPRESENTATION('',(#617),#621);
#617 = LINE('',#618,#619);
#618 = CARTESIAN_POINT('',(-6.28318530718,-8.));
#619 = VECTOR('',#620,1.);
#620 = DIRECTION('',(1.,-0.));
#621 = ( GEOMETRIC_REPRESENTATION_CONTEXT(2) 
PARAMETRIC_REPRESENTATION_CONTEXT() REPRESENTATION_CONTEXT('2D SPACE',''
  ) );
#622 = FACE_BOUND('',#623,.T.);
#623 = EDGE_LOOP('',(#624,#655,#682,#711,#738,#767,#794,#823,#850,#879,
    #906,#935));
#624 = ORIENTED_EDGE('',*,*,#625,.F.);
#625 = EDGE_CURVE('',#626,#628,#630,.T.);
#626 = VERTEX_POINT('',#627);
#627 = CARTESIAN_POINT('',(147.,36.,62.));
#628 = VERTEX_POINT('',#629);
#629 = CARTESIAN_POINT('',(143.,40.,62.));
#630 = SURFACE_CURVE('',#631,(#636,#643),.PCURVE_S1.);
#631 = CIRCLE('',#632,4.);
#632 = AXIS2_PLACEMENT_3D('',#633,#634,#635);
#633 = CARTESIAN_POINT('',(143.,36.,62.));
#634 = DIRECTION('',(0.,0.,1.));
#635 = DIRECTION('',(1.,0.,-0.));
#636 = PCURVE('',#218,#637);
#637 = DEFINITIONAL_REPRESENTATION('',(#638),#642);
#638 = CIRCLE('',#639,4.);
#639 = AXIS2_PLACEMENT_2D('',#640,#641);
#640 = CARTESIAN_POINT('',(133.,50.));
#641 = DIRECTION('',(1.,0.));
#642 = ( GEOMETRIC_REPRESENTATION_CONTEXT(2) 
PARAMETRIC_REPRESENTATION_CONTEXT() REPRESENTATION_CONTEXT('2D SPACE',''
  ) );
#643 = PCURVE('',#644,#649);
#644 = CYLINDRICAL_SURFACE('',#645,4.);
#645 = AXIS2_PLACEMENT_3D('',#646,#647,#648);
#646 = CARTESIAN_POINT('',(143.,36.,38.));
#647 = DIRECTION('',(0.,0.,1.));
#648 = DIRECTION('',(1.,0.,-0.));
#649 = DEFINITIONAL_REPRESENTATION('',(#650),#654);
#650 = LINE('',#651,#652);
#651 = CARTESIAN_POINT('',(0.,24.));
#652 = VECTOR('',#653,1.);
#653 = DIRECTION('',(1.,0.));
#654 = ( GEOMETRIC_REPRESENTATION_CONTEXT(2) 
PARAMETRIC_REPRESENTATION_CONTEXT() REPRESENTATION_CONTEXT('2D SPACE',''
  ) );
#655 = ORIENTED_EDGE('',*,*,#656,.T.);
#656 = EDGE_CURVE('',#626,#657,#659,.T.);
#657 = VERTEX_POINT('',#658);
#658 = CARTESIAN_POINT('',(147.,-5.791900756452,62.));
#659 = SURFACE_CURVE('',#660,(#664,#671),.PCURVE_S1.);
#660 = LINE('',#661,#662);
#661 = CARTESIAN_POINT('',(147.,-12.5,62.));
#662 = VECTOR('',#663,1.);
#663 = DIRECTION('',(0.,-1.,0.));
#664 = PCURVE('',#218,#665);
#665 = DEFINITIONAL_REPRESENTATION('',(#666),#670);
#666 = LINE('',#667,#668);
#667 = CARTESIAN_POINT('',(137.,1.5));
#668 = VECTOR('',#669,1.);
#669 = DIRECTION('',(0.,-1.));
#670 = ( GEOMETRIC_REPRESENTATION_CONTEXT(2) 
PARAMETRIC_REPRESENTATION_CONTEXT() REPRESENTATION_CONTEXT('2D SPACE',''
  ) );
#671 = PCURVE('',#672,#677);
#672 = PLANE('',#673);
#673 = AXIS2_PLACEMENT_3D('',#674,#675,#676);
#674 = CARTESIAN_POINT('',(147.,-11.,38.));
#675 = DIRECTION('',(-1.,0.,0.));
#676 = DIRECTION('',(0.,1.,0.));
#677 = DEFINITIONAL_REPRESENTATION('',(#678),#681);
#678 = B_SPLINE_CURVE_WITH_KNOTS('',1,(#679,#680),.UNSPECIFIED.,.F.,.F.,
  (2,2),(-48.5,-5.5),.PIECEWISE_BEZIER_KNOTS.);
#679 = CARTESIAN_POINT('',(47.,-24.));
#680 = CARTESIAN_POINT('',(4.,-24.));
#681 = ( GEOMETRIC_REPRESENTATION_CONTEXT(2) 
PARAMETRIC_REPRESENTATION_CONTEXT() REPRESENTATION_CONTEXT('2D SPACE',''
  ) );
#682 = ORIENTED_EDGE('',*,*,#683,.T.);
#683 = EDGE_CURVE('',#657,#684,#686,.T.);
#684 = VERTEX_POINT('',#685);
#685 = CARTESIAN_POINT('',(141.79190075645,-11.,62.));
#686 = SURFACE_CURVE('',#687,(#692,#699),.PCURVE_S1.);
#687 = CIRCLE('',#688,4.);
#688 = AXIS2_PLACEMENT_3D('',#689,#690,#691);
#689 = CARTESIAN_POINT('',(145.5,-9.5,62.));
#690 = DIRECTION('',(0.,0.,1.));
#691 = DIRECTION('',(1.,0.,0.));
#692 = PCURVE('',#218,#693);
#693 = DEFINITIONAL_REPRESENTATION('',(#694),#698);
#694 = CIRCLE('',#695,4.);
#695 = AXIS2_PLACEMENT_2D('',#696,#697);
#696 = CARTESIAN_POINT('',(135.5,4.5));
#697 = DIRECTION('',(1.,0.));
#698 = ( GEOMETRIC_REPRESENTATION_CONTEXT(2) 
PARAMETRIC_REPRESENTATION_CONTEXT() REPRESENTATION_CONTEXT('2D SPACE',''
  ) );
#699 = PCURVE('',#700,#705);
#700 = CYLINDRICAL_SURFACE('',#701,4.);
#701 = AXIS2_PLACEMENT_3D('',#702,#703,#704);
#702 = CARTESIAN_POINT('',(145.5,-9.5,37.));
#703 = DIRECTION('',(-0.,-0.,-1.));
#704 = DIRECTION('',(1.,0.,0.));
#705 = DEFINITIONAL_REPRESENTATION('',(#706),#710);
#706 = LINE('',#707,#708);
#707 = CARTESIAN_POINT('',(-0.,-25.));
#708 = VECTOR('',#709,1.);
#709 = DIRECTION('',(-1.,0.));
#710 = ( GEOMETRIC_REPRESENTATION_CONTEXT(2) 
PARAMETRIC_REPRESENTATION_CONTEXT() REPRESENTATION_CONTEXT('2D SPACE',''
  ) );
#711 = ORIENTED_EDGE('',*,*,#712,.T.);
#712 = EDGE_CURVE('',#684,#713,#715,.T.);
#713 = VERTEX_POINT('',#714);
#714 = CARTESIAN_POINT('',(96.422616289333,-11.,62.));
#715 = SURFACE_CURVE('',#716,(#720,#727),.PCURVE_S1.);
#716 = LINE('',#717,#718);
#717 = CARTESIAN_POINT('',(11.5,-11.,62.));
#718 = VECTOR('',#719,1.);
#719 = DIRECTION('',(-1.,0.,0.));
#720 = PCURVE('',#218,#721);
#721 = DEFINITIONAL_REPRESENTATION('',(#722),#726);
#722 = LINE('',#723,#724);
#723 = CARTESIAN_POINT('',(1.5,3.));
#724 = VECTOR('',#725,1.);
#725 = DIRECTION('',(-1.,0.));
#726 = ( GEOMETRIC_REPRESENTATION_CONTEXT(2) 
PARAMETRIC_REPRESENTATION_CONTEXT() REPRESENTATION_CONTEXT('2D SPACE',''
  ) );
#727 = PCURVE('',#728,#733);
#728 = PLANE('',#729);
#729 = AXIS2_PLACEMENT_3D('',#730,#731,#732);
#730 = CARTESIAN_POINT('',(13.,-11.,38.));
#731 = DIRECTION('',(0.,1.,0.));
#732 = DIRECTION('',(1.,0.,0.));
#733 = DEFINITIONAL_REPRESENTATION('',(#734),#737);
#734 = B_SPLINE_CURVE_WITH_KNOTS('',1,(#735,#736),.UNSPECIFIED.,.F.,.F.,
  (2,2),(-131.5,-5.5),.PIECEWISE_BEZIER_KNOTS.);
#735 = CARTESIAN_POINT('',(130.,-24.));
#736 = CARTESIAN_POINT('',(4.,-24.));
#737 = ( GEOMETRIC_REPRESENTATION_CONTEXT(2) 
PARAMETRIC_REPRESENTATION_CONTEXT() REPRESENTATION_CONTEXT('2D SPACE',''
  ) );
#738 = ORIENTED_EDGE('',*,*,#739,.T.);
#739 = EDGE_CURVE('',#713,#740,#742,.T.);
#740 = VERTEX_POINT('',#741);
#741 = CARTESIAN_POINT('',(83.577383710667,-11.,62.));
#742 = SURFACE_CURVE('',#743,(#748,#755),.PCURVE_S1.);
#743 = CIRCLE('',#744,9.5);
#744 = AXIS2_PLACEMENT_3D('',#745,#746,#747);
#745 = CARTESIAN_POINT('',(90.,-4.,62.));
#746 = DIRECTION('',(0.,0.,1.));
#747 = DIRECTION('',(0.676064872561,-0.736842105263,0.));
#748 = PCURVE('',#218,#749);
#749 = DEFINITIONAL_REPRESENTATION('',(#750),#754);
#750 = CIRCLE('',#751,9.5);
#751 = AXIS2_PLACEMENT_2D('',#752,#753);
#752 = CARTESIAN_POINT('',(80.,10.));
#753 = DIRECTION('',(0.676064872561,-0.736842105263));
#754 = ( GEOMETRIC_REPRESENTATION_CONTEXT(2) 
PARAMETRIC_REPRESENTATION_CONTEXT() REPRESENTATION_CONTEXT('2D SPACE',''
  ) );
#755 = PCURVE('',#756,#761);
#756 = CYLINDRICAL_SURFACE('',#757,9.5);
#757 = AXIS2_PLACEMENT_3D('',#758,#759,#760);
#758 = CARTESIAN_POINT('',(90.,-4.,37.));
#759 = DIRECTION('',(-0.,-0.,-1.));
#760 = DIRECTION('',(1.,0.,0.));
#761 = DEFINITIONAL_REPRESENTATION('',(#762),#766);
#762 = LINE('',#763,#764);
#763 = CARTESIAN_POINT('',(-5.454797910405,-25.));
#764 = VECTOR('',#765,1.);
#765 = DIRECTION('',(-1.,0.));
#766 = ( GEOMETRIC_REPRESENTATION_CONTEXT(2) 
PARAMETRIC_REPRESENTATION_CONTEXT() REPRESENTATION_CONTEXT('2D SPACE',''
  ) );
#767 = ORIENTED_EDGE('',*,*,#768,.T.);
#768 = EDGE_CURVE('',#740,#769,#771,.T.);
#769 = VERTEX_POINT('',#770);
#770 = CARTESIAN_POINT('',(18.208099243548,-11.,62.));
#771 = SURFACE_CURVE('',#772,(#776,#783),.PCURVE_S1.);
#772 = LINE('',#773,#774);
#773 = CARTESIAN_POINT('',(11.5,-11.,62.));
#774 = VECTOR('',#775,1.);
#775 = DIRECTION('',(-1.,0.,0.));
#776 = PCURVE('',#218,#777);
#777 = DEFINITIONAL_REPRESENTATION('',(#778),#782);
#778 = LINE('',#779,#780);
#779 = CARTESIAN_POINT('',(1.5,3.));
#780 = VECTOR('',#781,1.);
#781 = DIRECTION('',(-1.,0.));
#782 = ( GEOMETRIC_REPRESENTATION_CONTEXT(2) 
PARAMETRIC_REPRESENTATION_CONTEXT() REPRESENTATION_CONTEXT('2D SPACE',''
  ) );
#783 = PCURVE('',#784,#789);
#784 = PLANE('',#785);
#785 = AXIS2_PLACEMENT_3D('',#786,#787,#788);
#786 = CARTESIAN_POINT('',(13.,-11.,38.));
#787 = DIRECTION('',(0.,1.,0.));
#788 = DIRECTION('',(1.,0.,0.));
#789 = DEFINITIONAL_REPRESENTATION('',(#790),#793);
#790 = B_SPLINE_CURVE_WITH_KNOTS('',1,(#791,#792),.UNSPECIFIED.,.F.,.F.,
  (2,2),(-131.5,-5.5),.PIECEWISE_BEZIER_KNOTS.);
#791 = CARTESIAN_POINT('',(130.,-24.));
#792 = CARTESIAN_POINT('',(4.,-24.));
#793 = ( GEOMETRIC_REPRESENTATION_CONTEXT(2) 
PARAMETRIC_REPRESENTATION_CONTEXT() REPRESENTATION_CONTEXT('2D SPACE',''
  ) );
#794 = ORIENTED_EDGE('',*,*,#795,.T.);
#795 = EDGE_CURVE('',#769,#796,#798,.T.);
#796 = VERTEX_POINT('',#797);
#797 = CARTESIAN_POINT('',(13.,-5.791900756452,62.));
#798 = SURFACE_CURVE('',#799,(#804,#811),.PCURVE_S1.);
#799 = CIRCLE('',#800,4.);
#800 = AXIS2_PLACEMENT_3D('',#801,#802,#803);
#801 = CARTESIAN_POINT('',(14.5,-9.5,62.));
#802 = DIRECTION('',(0.,0.,1.));
#803 = DIRECTION('',(0.927024810887,-0.375,0.));
#804 = PCURVE('',#218,#805);
#805 = DEFINITIONAL_REPRESENTATION('',(#806),#810);
#806 = CIRCLE('',#807,4.);
#807 = AXIS2_PLACEMENT_2D('',#808,#809);
#808 = CARTESIAN_POINT('',(4.5,4.5));
#809 = DIRECTION('',(0.927024810887,-0.375));
#810 = ( GEOMETRIC_REPRESENTATION_CONTEXT(2) 
PARAMETRIC_REPRESENTATION_CONTEXT() REPRESENTATION_CONTEXT('2D SPACE',''
  ) );
#811 = PCURVE('',#812,#817);
#812 = CYLINDRICAL_SURFACE('',#813,4.);
#813 = AXIS2_PLACEMENT_3D('',#814,#815,#816);
#814 = CARTESIAN_POINT('',(14.5,-9.5,37.));
#815 = DIRECTION('',(-0.,-0.,-1.));
#816 = DIRECTION('',(1.,0.,0.));
#817 = DEFINITIONAL_REPRESENTATION('',(#818),#822);
#818 = LINE('',#819,#820);
#819 = CARTESIAN_POINT('',(-5.898788532684,-25.));
#820 = VECTOR('',#821,1.);
#821 = DIRECTION('',(-1.,0.));
#822 = ( GEOMETRIC_REPRESENTATION_CONTEXT(2) 
PARAMETRIC_REPRESENTATION_CONTEXT() REPRESENTATION_CONTEXT('2D SPACE',''
  ) );
#823 = ORIENTED_EDGE('',*,*,#824,.T.);
#824 = EDGE_CURVE('',#796,#825,#827,.T.);
#825 = VERTEX_POINT('',#826);
#826 = CARTESIAN_POINT('',(13.,34.791900756452,62.));
#827 = SURFACE_CURVE('',#828,(#832,#839),.PCURVE_S1.);
#828 = LINE('',#829,#830);
#829 = CARTESIAN_POINT('',(13.,13.,62.));
#830 = VECTOR('',#831,1.);
#831 = DIRECTION('',(-0.,1.,0.));
#832 = PCURVE('',#218,#833);
#833 = DEFINITIONAL_REPRESENTATION('',(#834),#838);
#834 = LINE('',#835,#836);
#835 = CARTESIAN_POINT('',(3.,27.));
#836 = VECTOR('',#837,1.);
#837 = DIRECTION('',(0.,1.));
#838 = ( GEOMETRIC_REPRESENTATION_CONTEXT(2) 
PARAMETRIC_REPRESENTATION_CONTEXT() REPRESENTATION_CONTEXT('2D SPACE',''
  ) );
#839 = PCURVE('',#840,#845);
#840 = PLANE('',#841);
#841 = AXIS2_PLACEMENT_3D('',#842,#843,#844);
#842 = CARTESIAN_POINT('',(13.,40.,38.));
#843 = DIRECTION('',(1.,0.,-0.));
#844 = DIRECTION('',(0.,-1.,0.));
#845 = DEFINITIONAL_REPRESENTATION('',(#846),#849);
#846 = B_SPLINE_CURVE_WITH_KNOTS('',1,(#847,#848),.UNSPECIFIED.,.F.,.F.,
  (2,2),(-20.,23.),.PIECEWISE_BEZIER_KNOTS.);
#847 = CARTESIAN_POINT('',(47.,-24.));
#848 = CARTESIAN_POINT('',(4.,-24.));
#849 = ( GEOMETRIC_REPRESENTATION_CONTEXT(2) 
PARAMETRIC_REPRESENTATION_CONTEXT() REPRESENTATION_CONTEXT('2D SPACE',''
  ) );
#850 = ORIENTED_EDGE('',*,*,#851,.T.);
#851 = EDGE_CURVE('',#825,#852,#854,.T.);
#852 = VERTEX_POINT('',#853);
#853 = CARTESIAN_POINT('',(18.208099243548,40.,62.));
#854 = SURFACE_CURVE('',#855,(#860,#867),.PCURVE_S1.);
#855 = CIRCLE('',#856,4.);
#856 = AXIS2_PLACEMENT_3D('',#857,#858,#859);
#857 = CARTESIAN_POINT('',(14.5,38.5,62.));
#858 = DIRECTION('',(0.,0.,1.));
#859 = DIRECTION('',(-0.375,-0.927024810887,0.));
#860 = PCURVE('',#218,#861);
#861 = DEFINITIONAL_REPRESENTATION('',(#862),#866);
#862 = CIRCLE('',#863,4.);
#863 = AXIS2_PLACEMENT_2D('',#864,#865);
#864 = CARTESIAN_POINT('',(4.5,52.5));
#865 = DIRECTION('',(-0.375,-0.927024810887));
#866 = ( GEOMETRIC_REPRESENTATION_CONTEXT(2) 
PARAMETRIC_REPRESENTATION_CONTEXT() REPRESENTATION_CONTEXT('2D SPACE',''
  ) );
#867 = PCURVE('',#868,#873);
#868 = CYLINDRICAL_SURFACE('',#869,4.);
#869 = AXIS2_PLACEMENT_3D('',#870,#871,#872);
#870 = CARTESIAN_POINT('',(14.5,38.5,37.));
#871 = DIRECTION('',(-0.,-0.,-1.));
#872 = DIRECTION('',(1.,0.,0.));
#873 = DEFINITIONAL_REPRESENTATION('',(#874),#878);
#874 = LINE('',#875,#876);
#875 = CARTESIAN_POINT('',(-4.327992205889,-25.));
#876 = VECTOR('',#877,1.);
#877 = DIRECTION('',(-1.,0.));
#878 = ( GEOMETRIC_REPRESENTATION_CONTEXT(2) 
PARAMETRIC_REPRESENTATION_CONTEXT() REPRESENTATION_CONTEXT('2D SPACE',''
  ) );
#879 = ORIENTED_EDGE('',*,*,#880,.T.);
#880 = EDGE_CURVE('',#852,#881,#883,.T.);
#881 = VERTEX_POINT('',#882);
#882 = CARTESIAN_POINT('',(101.29190075645,40.,62.));
#883 = SURFACE_CURVE('',#884,(#888,#895),.PCURVE_S1.);
#884 = LINE('',#885,#886);
#885 = CARTESIAN_POINT('',(78.5,40.,62.));
#886 = VECTOR('',#887,1.);
#887 = DIRECTION('',(1.,0.,-0.));
#888 = PCURVE('',#218,#889);
#889 = DEFINITIONAL_REPRESENTATION('',(#890),#894);
#890 = LINE('',#891,#892);
#891 = CARTESIAN_POINT('',(68.5,54.));
#892 = VECTOR('',#893,1.);
#893 = DIRECTION('',(1.,0.));
#894 = ( GEOMETRIC_REPRESENTATION_CONTEXT(2) 
PARAMETRIC_REPRESENTATION_CONTEXT() REPRESENTATION_CONTEXT('2D SPACE',''
  ) );
#895 = PCURVE('',#896,#901);
#896 = PLANE('',#897);
#897 = AXIS2_PLACEMENT_3D('',#898,#899,#900);
#898 = CARTESIAN_POINT('',(147.,40.,38.));
#899 = DIRECTION('',(0.,-1.,0.));
#900 = DIRECTION('',(-1.,0.,0.));
#901 = DEFINITIONAL_REPRESENTATION('',(#902),#905);
#902 = B_SPLINE_CURVE_WITH_KNOTS('',1,(#903,#904),.UNSPECIFIED.,.F.,.F.,
  (2,2),(-61.5,64.5),.PIECEWISE_BEZIER_KNOTS.);
#903 = CARTESIAN_POINT('',(130.,-24.));
#904 = CARTESIAN_POINT('',(4.,-24.));
#905 = ( GEOMETRIC_REPRESENTATION_CONTEXT(2) 
PARAMETRIC_REPRESENTATION_CONTEXT() REPRESENTATION_CONTEXT('2D SPACE',''
  ) );
#906 = ORIENTED_EDGE('',*,*,#907,.T.);
#907 = EDGE_CURVE('',#881,#908,#910,.T.);
#908 = VERTEX_POINT('',#909);
#909 = CARTESIAN_POINT('',(108.70809924354,40.,62.));
#910 = SURFACE_CURVE('',#911,(#916,#923),.PCURVE_S1.);
#911 = CIRCLE('',#912,4.);
#912 = AXIS2_PLACEMENT_3D('',#913,#914,#915);
#913 = CARTESIAN_POINT('',(105.,38.5,62.));
#914 = DIRECTION('',(0.,0.,1.));
#915 = DIRECTION('',(-0.927024810887,0.375,0.));
#916 = PCURVE('',#218,#917);
#917 = DEFINITIONAL_REPRESENTATION('',(#918),#922);
#918 = CIRCLE('',#919,4.);
#919 = AXIS2_PLACEMENT_2D('',#920,#921);
#920 = CARTESIAN_POINT('',(95.,52.5));
#921 = DIRECTION('',(-0.927024810887,0.375));
#922 = ( GEOMETRIC_REPRESENTATION_CONTEXT(2) 
PARAMETRIC_REPRESENTATION_CONTEXT() REPRESENTATION_CONTEXT('2D SPACE',''
  ) );
#923 = PCURVE('',#924,#929);
#924 = CYLINDRICAL_SURFACE('',#925,4.);
#925 = AXIS2_PLACEMENT_3D('',#926,#927,#928);
#926 = CARTESIAN_POINT('',(105.,38.5,37.));
#927 = DIRECTION('',(-0.,-0.,-1.));
#928 = DIRECTION('',(1.,0.,0.));
#929 = DEFINITIONAL_REPRESENTATION('',(#930),#934);
#930 = LINE('',#931,#932);
#931 = CARTESIAN_POINT('',(-2.757195879094,-25.));
#932 = VECTOR('',#933,1.);
#933 = DIRECTION('',(-1.,0.));
#934 = ( GEOMETRIC_REPRESENTATION_CONTEXT(2) 
PARAMETRIC_REPRESENTATION_CONTEXT() REPRESENTATION_CONTEXT('2D SPACE',''
  ) );
#935 = ORIENTED_EDGE('',*,*,#936,.T.);
#936 = EDGE_CURVE('',#908,#628,#937,.T.);
#937 = SURFACE_CURVE('',#938,(#942,#949),.PCURVE_S1.);
#938 = LINE('',#939,#940);
#939 = CARTESIAN_POINT('',(78.5,40.,62.));
#940 = VECTOR('',#941,1.);
#941 = DIRECTION('',(1.,0.,-0.));
#942 = PCURVE('',#218,#943);
#943 = DEFINITIONAL_REPRESENTATION('',(#944),#948);
#944 = LINE('',#945,#946);
#945 = CARTESIAN_POINT('',(68.5,54.));
#946 = VECTOR('',#947,1.);
#947 = DIRECTION('',(1.,0.));
#948 = ( GEOMETRIC_REPRESENTATION_CONTEXT(2) 
PARAMETRIC_REPRESENTATION_CONTEXT() REPRESENTATION_CONTEXT('2D SPACE',''
  ) );
#949 = PCURVE('',#950,#955);
#950 = PLANE('',#951);
#951 = AXIS2_PLACEMENT_3D('',#952,#953,#954);
#952 = CARTESIAN_POINT('',(147.,40.,38.));
#953 = DIRECTION('',(0.,-1.,0.));
#954 = DIRECTION('',(-1.,0.,0.));
#955 = DEFINITIONAL_REPRESENTATION('',(#956),#959);
#956 = B_SPLINE_CURVE_WITH_KNOTS('',1,(#957,#958),.UNSPECIFIED.,.F.,.F.,
  (2,2),(-61.5,64.5),.PIECEWISE_BEZIER_KNOTS.);
#957 = CARTESIAN_POINT('',(130.,-24.));
#958 = CARTESIAN_POINT('',(4.,-24.));
#959 = ( GEOMETRIC_REPRESENTATION_CONTEXT(2) 
PARAMETRIC_REPRESENTATION_CONTEXT() REPRESENTATION_CONTEXT('2D SPACE',''
  ) );
#960 = FACE_BOUND('',#961,.T.);
#961 = EDGE_LOOP('',(#962));
#962 = ORIENTED_EDGE('',*,*,#963,.T.);
#963 = EDGE_CURVE('',#964,#964,#966,.T.);
#964 = VERTEX_POINT('',#965);
#965 = CARTESIAN_POINT('',(106.25,38.5,62.));
#966 = SURFACE_CURVE('',#967,(#972,#983),.PCURVE_S1.);
#967 = CIRCLE('',#968,1.25);
#968 = AXIS2_PLACEMENT_3D('',#969,#970,#971);
#969 = CARTESIAN_POINT('',(105.,38.5,62.));
#970 = DIRECTION('',(0.,0.,-1.));
#971 = DIRECTION('',(1.,0.,0.));
#972 = PCURVE('',#218,#973);
#973 = DEFINITIONAL_REPRESENTATION('',(#974),#982);
#974 = ( BOUNDED_CURVE() B_SPLINE_CURVE(2,(#975,#976,#977,#978,#979,#980
,#981),.UNSPECIFIED.,.T.,.F.) B_SPLINE_CURVE_WITH_KNOTS((1,2,2,2,2,1),(
    -2.094395102393,0.,2.094395102393,4.188790204786,6.28318530718,
8.377580409573),.UNSPECIFIED.) CURVE() GEOMETRIC_REPRESENTATION_ITEM() 
RATIONAL_B_SPLINE_CURVE((1.,0.5,1.,0.5,1.,0.5,1.)) REPRESENTATION_ITEM(
  '') );
#975 = CARTESIAN_POINT('',(96.25,52.5));
#976 = CARTESIAN_POINT('',(96.25,50.334936490539));
#977 = CARTESIAN_POINT('',(94.375,51.417468245269));
#978 = CARTESIAN_POINT('',(92.5,52.5));
#979 = CARTESIAN_POINT('',(94.375,53.582531754731));
#980 = CARTESIAN_POINT('',(96.25,54.665063509461));
#981 = CARTESIAN_POINT('',(96.25,52.5));
#982 = ( GEOMETRIC_REPRESENTATION_CONTEXT(2) 
PARAMETRIC_REPRESENTATION_CONTEXT() REPRESENTATION_CONTEXT('2D SPACE',''
  ) );
#983 = PCURVE('',#984,#989);
#984 = CYLINDRICAL_SURFACE('',#985,1.25);
#985 = AXIS2_PLACEMENT_3D('',#986,#987,#988);
#986 = CARTESIAN_POINT('',(105.,38.5,54.));
#987 = DIRECTION('',(-0.,-0.,-1.));
#988 = DIRECTION('',(1.,0.,0.));
#989 = DEFINITIONAL_REPRESENTATION('',(#990),#994);
#990 = LINE('',#991,#992);
#991 = CARTESIAN_POINT('',(-6.28318530718,-8.));
#992 = VECTOR('',#993,1.);
#993 = DIRECTION('',(1.,-0.));
#994 = ( GEOMETRIC_REPRESENTATION_CONTEXT(2) 
PARAMETRIC_REPRESENTATION_CONTEXT() REPRESENTATION_CONTEXT('2D SPACE',''
  ) );
#995 = ADVANCED_FACE('',(#996),#192,.T.);
#996 = FACE_BOUND('',#997,.T.);
#997 = EDGE_LOOP('',(#998,#1021,#1022,#1023));
#998 = ORIENTED_EDGE('',*,*,#999,.F.);
#999 = EDGE_CURVE('',#149,#1000,#1002,.T.);
#1000 = VERTEX_POINT('',#1001);
#1001 = CARTESIAN_POINT('',(150.,43.,3.));
#1002 = SURFACE_CURVE('',#1003,(#1007,#1014),.PCURVE_S1.);
#1003 = LINE('',#1004,#1005);
#1004 = CARTESIAN_POINT('',(10.,43.,3.));
#1005 = VECTOR('',#1006,1.);
#1006 = DIRECTION('',(1.,0.,0.));
#1007 = PCURVE('',#192,#1008);
#1008 = DEFINITIONAL_REPRESENTATION('',(#1009),#1013);
#1009 = LINE('',#1010,#1011);
#1010 = CARTESIAN_POINT('',(0.,0.));
#1011 = VECTOR('',#1012,1.);
#1012 = DIRECTION('',(0.,1.));
#1013 = ( GEOMETRIC_REPRESENTATION_CONTEXT(2) 
PARAMETRIC_REPRESENTATION_CONTEXT() REPRESENTATION_CONTEXT('2D SPACE',''
  ) );
#1014 = PCURVE('',#164,#1015);
#1015 = DEFINITIONAL_REPRESENTATION('',(#1016),#1020);
#1016 = LINE('',#1017,#1018);
#1017 = CARTESIAN_POINT('',(0.,57.));
#1018 = VECTOR('',#1019,1.);
#1019 = DIRECTION('',(1.,0.));
#1020 = ( GEOMETRIC_REPRESENTATION_CONTEXT(2) 
PARAMETRIC_REPRESENTATION_CONTEXT() REPRESENTATION_CONTEXT('2D SPACE',''
  ) );
#1021 = ORIENTED_EDGE('',*,*,#176,.T.);
#1022 = ORIENTED_EDGE('',*,*,#462,.T.);
#1023 = ORIENTED_EDGE('',*,*,#1024,.F.);
#1024 = EDGE_CURVE('',#1000,#440,#1025,.T.);
#1025 = SURFACE_CURVE('',#1026,(#1030,#1037),.PCURVE_S1.);
#1026 = LINE('',#1027,#1028);
#1027 = CARTESIAN_POINT('',(150.,43.,3.));
#1028 = VECTOR('',#1029,1.);
#1029 = DIRECTION('',(0.,0.,1.));
#1030 = PCURVE('',#192,#1031);
#1031 = DEFINITIONAL_REPRESENTATION('',(#1032),#1036);
#1032 = LINE('',#1033,#1034);
#1033 = CARTESIAN_POINT('',(0.,140.));
#1034 = VECTOR('',#1035,1.);
#1035 = DIRECTION('',(1.,0.));
#1036 = ( GEOMETRIC_REPRESENTATION_CONTEXT(2) 
PARAMETRIC_REPRESENTATION_CONTEXT() REPRESENTATION_CONTEXT('2D SPACE',''
  ) );
#1037 = PCURVE('',#251,#1038);
#1038 = DEFINITIONAL_REPRESENTATION('',(#1039),#1043);
#1039 = LINE('',#1040,#1041);
#1040 = CARTESIAN_POINT('',(0.,-57.));
#1041 = VECTOR('',#1042,1.);
#1042 = DIRECTION('',(1.,0.));
#1043 = ( GEOMETRIC_REPRESENTATION_CONTEXT(2) 
PARAMETRIC_REPRESENTATION_CONTEXT() REPRESENTATION_CONTEXT('2D SPACE',''
  ) );
#1044 = ADVANCED_FACE('',(#1045),#164,.F.);
#1045 = FACE_BOUND('',#1046,.F.);
#1046 = EDGE_LOOP('',(#1047,#1048,#1069,#1090));
#1047 = ORIENTED_EDGE('',*,*,#148,.F.);
#1048 = ORIENTED_EDGE('',*,*,#1049,.F.);
#1049 = EDGE_CURVE('',#1050,#116,#1052,.T.);
#1050 = VERTEX_POINT('',#1051);
#1051 = CARTESIAN_POINT('',(150.,31.859064644148,3.));
#1052 = SURFACE_CURVE('',#1053,(#1057,#1063),.PCURVE_S1.);
#1053 = LINE('',#1054,#1055);
#1054 = CARTESIAN_POINT('',(-1.,31.859064644148,3.));
#1055 = VECTOR('',#1056,1.);
#1056 = DIRECTION('',(-1.,-0.,-0.));
#1057 = PCURVE('',#164,#1058);
#1058 = DEFINITIONAL_REPRESENTATION('',(#1059),#1062);
#1059 = B_SPLINE_CURVE_WITH_KNOTS('',1,(#1060,#1061),.UNSPECIFIED.,.F.,
  .F.,(2,2),(-152.0000006,5.999999999062E-07),.PIECEWISE_BEZIER_KNOTS.);
#1060 = CARTESIAN_POINT('',(141.0000006,45.859064644148));
#1061 = CARTESIAN_POINT('',(-11.0000006,45.859064644148));
#1062 = ( GEOMETRIC_REPRESENTATION_CONTEXT(2) 
PARAMETRIC_REPRESENTATION_CONTEXT() REPRESENTATION_CONTEXT('2D SPACE',''
  ) );
#1063 = PCURVE('',#136,#1064);
#1064 = DEFINITIONAL_REPRESENTATION('',(#1065),#1068);
#1065 = B_SPLINE_CURVE_WITH_KNOTS('',1,(#1066,#1067),.UNSPECIFIED.,.F.,
  .F.,(2,2),(-152.0000006,5.999999999062E-07),.PIECEWISE_BEZIER_KNOTS.);
#1066 = CARTESIAN_POINT('',(-9.388787510752E-02,-152.0000006));
#1067 = CARTESIAN_POINT('',(-9.388787510752E-02,5.999999999062E-07));
#1068 = ( GEOMETRIC_REPRESENTATION_CONTEXT(2) 
PARAMETRIC_REPRESENTATION_CONTEXT() REPRESENTATION_CONTEXT('2D SPACE',''
  ) );
#1069 = ORIENTED_EDGE('',*,*,#1070,.T.);
#1070 = EDGE_CURVE('',#1050,#1000,#1071,.T.);
#1071 = SURFACE_CURVE('',#1072,(#1076,#1083),.PCURVE_S1.);
#1072 = LINE('',#1073,#1074);
#1073 = CARTESIAN_POINT('',(150.,-14.,3.));
#1074 = VECTOR('',#1075,1.);
#1075 = DIRECTION('',(0.,1.,0.));
#1076 = PCURVE('',#164,#1077);
#1077 = DEFINITIONAL_REPRESENTATION('',(#1078),#1082);
#1078 = LINE('',#1079,#1080);
#1079 = CARTESIAN_POINT('',(140.,0.));
#1080 = VECTOR('',#1081,1.);
#1081 = DIRECTION('',(0.,1.));
#1082 = ( GEOMETRIC_REPRESENTATION_CONTEXT(2) 
PARAMETRIC_REPRESENTATION_CONTEXT() REPRESENTATION_CONTEXT('2D SPACE',''
  ) );
#1083 = PCURVE('',#251,#1084);
#1084 = DEFINITIONAL_REPRESENTATION('',(#1085),#1089);
#1085 = LINE('',#1086,#1087);
#1086 = CARTESIAN_POINT('',(0.,0.));
#1087 = VECTOR('',#1088,1.);
#1088 = DIRECTION('',(0.,-1.));
#1089 = ( GEOMETRIC_REPRESENTATION_CONTEXT(2) 
PARAMETRIC_REPRESENTATION_CONTEXT() REPRESENTATION_CONTEXT('2D SPACE',''
  ) );
#1090 = ORIENTED_EDGE('',*,*,#999,.F.);
#1091 = ADVANCED_FACE('',(#1092,#1143,#1314,#1485,#1656,#1827,#1998),
  #136,.F.);
#1092 = FACE_BOUND('',#1093,.T.);
#1093 = EDGE_LOOP('',(#1094,#1122,#1141,#1142));
#1094 = ORIENTED_EDGE('',*,*,#1095,.F.);
#1095 = EDGE_CURVE('',#1096,#1050,#1098,.T.);
#1096 = VERTEX_POINT('',#1097);
#1097 = CARTESIAN_POINT('',(150.,0.3,31.9985937191));
#1098 = SURFACE_CURVE('',#1099,(#1104,#1111),.PCURVE_S1.);
#1099 = CIRCLE('',#1100,32.);
#1100 = AXIS2_PLACEMENT_3D('',#1101,#1102,#1103);
#1101 = CARTESIAN_POINT('',(150.,0.,0.));
#1102 = DIRECTION('',(-1.,0.,0.));
#1103 = DIRECTION('',(0.,1.,0.));
#1104 = PCURVE('',#136,#1105);
#1105 = DEFINITIONAL_REPRESENTATION('',(#1106),#1110);
#1106 = LINE('',#1107,#1108);
#1107 = CARTESIAN_POINT('',(-6.28318530718,-151.));
#1108 = VECTOR('',#1109,1.);
#1109 = DIRECTION('',(1.,-0.));
#1110 = ( GEOMETRIC_REPRESENTATION_CONTEXT(2) 
PARAMETRIC_REPRESENTATION_CONTEXT() REPRESENTATION_CONTEXT('2D SPACE',''
  ) );
#1111 = PCURVE('',#251,#1112);
#1112 = DEFINITIONAL_REPRESENTATION('',(#1113),#1121);
#1113 = ( BOUNDED_CURVE() B_SPLINE_CURVE(2,(#1114,#1115,#1116,#1117,
#1118,#1119,#1120),.UNSPECIFIED.,.T.,.F.) B_SPLINE_CURVE_WITH_KNOTS((1,2
    ,2,2,2,1),(-2.094395102393,0.,2.094395102393,4.188790204786,
6.28318530718,8.377580409573),.UNSPECIFIED.) CURVE() 
GEOMETRIC_REPRESENTATION_ITEM() RATIONAL_B_SPLINE_CURVE((1.,0.5,1.,0.5,
1.,0.5,1.)) REPRESENTATION_ITEM('') );
#1114 = CARTESIAN_POINT('',(-3.,-46.));
#1115 = CARTESIAN_POINT('',(-58.4256258422,-46.));
#1116 = CARTESIAN_POINT('',(-30.7128129211,2.));
#1117 = CARTESIAN_POINT('',(-3.,50.));
#1118 = CARTESIAN_POINT('',(24.712812921102,2.));
#1119 = CARTESIAN_POINT('',(52.425625842204,-46.));
#1120 = CARTESIAN_POINT('',(-3.,-46.));
#1121 = ( GEOMETRIC_REPRESENTATION_CONTEXT(2) 
PARAMETRIC_REPRESENTATION_CONTEXT() REPRESENTATION_CONTEXT('2D SPACE',''
  ) );
#1122 = ORIENTED_EDGE('',*,*,#1123,.T.);
#1123 = EDGE_CURVE('',#1096,#90,#1124,.T.);
#1124 = SURFACE_CURVE('',#1125,(#1129,#1135),.PCURVE_S1.);
#1125 = LINE('',#1126,#1127);
#1126 = CARTESIAN_POINT('',(-1.,0.3,31.9985937191));
#1127 = VECTOR('',#1128,1.);
#1128 = DIRECTION('',(-1.,-0.,-0.));
#1129 = PCURVE('',#136,#1130);
#1130 = DEFINITIONAL_REPRESENTATION('',(#1131),#1134);
#1131 = B_SPLINE_CURVE_WITH_KNOTS('',1,(#1132,#1133),.UNSPECIFIED.,.F.,
  .F.,(2,2),(-151.0000006,-10.9999994),.PIECEWISE_BEZIER_KNOTS.);
#1132 = CARTESIAN_POINT('',(-1.56142118946,-151.0000006));
#1133 = CARTESIAN_POINT('',(-1.56142118946,-10.9999994));
#1134 = ( GEOMETRIC_REPRESENTATION_CONTEXT(2) 
PARAMETRIC_REPRESENTATION_CONTEXT() REPRESENTATION_CONTEXT('2D SPACE',''
  ) );
#1135 = PCURVE('',#104,#1136);
#1136 = DEFINITIONAL_REPRESENTATION('',(#1137),#1140);
#1137 = B_SPLINE_CURVE_WITH_KNOTS('',1,(#1138,#1139),.UNSPECIFIED.,.F.,
  .F.,(2,2),(-151.0000006,-10.9999994),.PIECEWISE_BEZIER_KNOTS.);
#1138 = CARTESIAN_POINT('',(231.9985937191,160.0000006));
#1139 = CARTESIAN_POINT('',(231.9985937191,19.9999994));
#1140 = ( GEOMETRIC_REPRESENTATION_CONTEXT(2) 
PARAMETRIC_REPRESENTATION_CONTEXT() REPRESENTATION_CONTEXT('2D SPACE',''
  ) );
#1141 = ORIENTED_EDGE('',*,*,#115,.T.);
#1142 = ORIENTED_EDGE('',*,*,#1049,.F.);
#1143 = FACE_BOUND('',#1144,.T.);
#1144 = EDGE_LOOP('',(#1145));
#1145 = ORIENTED_EDGE('',*,*,#1146,.F.);
#1146 = EDGE_CURVE('',#1147,#1147,#1149,.T.);
#1147 = VERTEX_POINT('',#1148);
#1148 = CARTESIAN_POINT('',(136.25,30.983866769659,8.));
#1149 = SURFACE_CURVE('',#1150,(#1201,#1255),.PCURVE_S1.);
#1150 = B_SPLINE_CURVE_WITH_KNOTS('',7,(#1151,#1152,#1153,#1154,#1155,
    #1156,#1157,#1158,#1159,#1160,#1161,#1162,#1163,#1164,#1165,#1166,
    #1167,#1168,#1169,#1170,#1171,#1172,#1173,#1174,#1175,#1176,#1177,
    #1178,#1179,#1180,#1181,#1182,#1183,#1184,#1185,#1186,#1187,#1188,
    #1189,#1190,#1191,#1192,#1193,#1194,#1195,#1196,#1197,#1198,#1199,
    #1200),.UNSPECIFIED.,.T.,.F.,(8,6,6,6,6,6,6,6,8),(0.,0.136250972023,
    0.248703867405,0.380038773274,0.511613660309,0.626575484957,
    0.759641297423,0.902189349371,1.),.UNSPECIFIED.);
#1151 = CARTESIAN_POINT('',(136.25,30.983866769659,8.));
#1152 = CARTESIAN_POINT('',(136.25,30.93899011413,8.1738065395));
#1153 = CARTESIAN_POINT('',(136.22180535842,30.893774972186,
    8.344224789029));
#1154 = CARTESIAN_POINT('',(136.16739364834,30.84969063786,
    8.505866241928));
#1155 = CARTESIAN_POINT('',(136.08992814474,30.808248143204,
    8.654044636979));
#1156 = CARTESIAN_POINT('',(135.99364829506,30.770868321454,
    8.785051121235));
#1157 = CARTESIAN_POINT('',(135.88373375032,30.738604160165,
    8.896473906742));
#1158 = CARTESIAN_POINT('',(135.66907430405,30.689876699738,
    9.062980841062));
#1159 = CARTESIAN_POINT('',(135.56543178033,30.671331777592,
    9.125551924051));
#1160 = CARTESIAN_POINT('',(135.45689208313,30.656403307747,
    9.175450240055));
#1161 = CARTESIAN_POINT('',(135.34487594773,30.645170304479,
    9.212765339667));
#1162 = CARTESIAN_POINT('',(135.23062836186,30.637673716283,
    9.23759270331));
#1163 = CARTESIAN_POINT('',(135.11529703745,30.633927270267,9.25));
#1164 = CARTESIAN_POINT('',(134.86534339102,30.633927270267,9.25));
#1165 = CARTESIAN_POINT('',(134.73070485866,30.639037078446,
    9.233077099325));
#1166 = CARTESIAN_POINT('',(134.59863326689,30.649255880691,
    9.19923595555));
#1167 = CARTESIAN_POINT('',(134.47166351094,30.664368881668,
    9.148970616346));
#1168 = CARTESIAN_POINT('',(134.35220701099,30.683964148969,
    9.083225092103));
#1169 = CARTESIAN_POINT('',(134.24245807312,30.707466462371,
    9.003372214967));
#1170 = CARTESIAN_POINT('',(134.04599483257,30.760958701152,
    8.818880951992));
#1171 = CARTESIAN_POINT('',(133.95558685728,30.791976634808,
    8.710690162608));
#1172 = CARTESIAN_POINT('',(133.87746889774,30.82675509928,
    8.587585128226));
#1173 = CARTESIAN_POINT('',(133.81534865324,30.864422547339,
    8.451689081082));
#1174 = CARTESIAN_POINT('',(133.77216513023,30.903905713371,
    8.305995706818));
#1175 = CARTESIAN_POINT('',(133.75,30.944077068185,8.154104851161));
#1176 = CARTESIAN_POINT('',(133.75,31.018632497275,7.865352915927));
#1177 = CARTESIAN_POINT('',(133.76692173722,31.0526690271,7.730710131694
    ));
#1178 = CARTESIAN_POINT('',(133.80076008261,31.085316759207,
    7.598638152568));
#1179 = CARTESIAN_POINT('',(133.85102915687,31.116011504602,
    7.471661443175));
#1180 = CARTESIAN_POINT('',(133.91678138107,31.14429439756,
    7.352196016846));
#1181 = CARTESIAN_POINT('',(133.99663201964,31.169809152032,
    7.242453563723));
#1182 = CARTESIAN_POINT('',(134.19545916645,31.218303891331,
    7.030724157448));
#1183 = CARTESIAN_POINT('',(134.31511370325,31.239397581682,
    6.936410815494));
#1184 = CARTESIAN_POINT('',(134.44399348865,31.255866908918,
    6.861433141441));
#1185 = CARTESIAN_POINT('',(134.57919713878,31.267996752816,
    6.805557508404));
#1186 = CARTESIAN_POINT('',(134.71831112771,31.275994806033,
    6.76849362786));
#1187 = CARTESIAN_POINT('',(134.85923472127,31.279985613807,6.75));
#1188 = CARTESIAN_POINT('',(135.15079618041,31.279985613807,6.75));
#1189 = CARTESIAN_POINT('',(135.30184662085,31.275405788374,
    6.771223116849));
#1190 = CARTESIAN_POINT('',(135.45070008055,31.266217911863,
    6.813801043838));
#1191 = CARTESIAN_POINT('',(135.59471066169,31.252257391981,
    6.878053427815));
#1192 = CARTESIAN_POINT('',(135.73080405048,31.233259666342,
    6.964318456061));
#1193 = CARTESIAN_POINT('',(135.85525287011,31.208866454002,
    7.072804997683));
#1194 = CARTESIAN_POINT('',(136.03717036108,31.158062872929,
    7.292705469174));
#1195 = CARTESIAN_POINT('',(136.10385294781,31.134562162993,
    7.393059808921));
#1196 = CARTESIAN_POINT('',(136.16039585241,31.108354357114,
    7.50316885719));
#1197 = CARTESIAN_POINT('',(136.20457224609,31.079703721388,
    7.621263111477));
#1198 = CARTESIAN_POINT('',(136.23476355756,31.049021690689,
    7.745117495572));
#1199 = CARTESIAN_POINT('',(136.25,31.016856074913,7.87223297015));
#1200 = CARTESIAN_POINT('',(136.25,30.983866769659,8.));
#1201 = PCURVE('',#136,#1202);
#1202 = DEFINITIONAL_REPRESENTATION('',(#1203),#1254);
#1203 = B_SPLINE_CURVE_WITH_KNOTS('',7,(#1204,#1205,#1206,#1207,#1208,
    #1209,#1210,#1211,#1212,#1213,#1214,#1215,#1216,#1217,#1218,#1219,
    #1220,#1221,#1222,#1223,#1224,#1225,#1226,#1227,#1228,#1229,#1230,
    #1231,#1232,#1233,#1234,#1235,#1236,#1237,#1238,#1239,#1240,#1241,
    #1242,#1243,#1244,#1245,#1246,#1247,#1248,#1249,#1250,#1251,#1252,
    #1253),.UNSPECIFIED.,.T.,.F.,(8,6,6,6,6,6,6,6,8),(0.,0.136250972023,
    0.248703867405,0.380038773274,0.511613660309,0.626575484957,
    0.759641297423,0.902189349371,1.),.UNSPECIFIED.);
#1204 = CARTESIAN_POINT('',(-0.252680255142,-137.25));
#1205 = CARTESIAN_POINT('',(-0.258289837083,-137.25));
#1206 = CARTESIAN_POINT('',(-0.263799542137,-137.2218053584));
#1207 = CARTESIAN_POINT('',(-0.269035132345,-137.1673936483));
#1208 = CARTESIAN_POINT('',(-0.273843263359,-137.0899281447));
#1209 = CARTESIAN_POINT('',(-0.278100552185,-136.993648295));
#1210 = CARTESIAN_POINT('',(-0.281725538924,-136.8837337503));
#1211 = CARTESIAN_POINT('',(-0.287147114436,-136.669074304));
#1212 = CARTESIAN_POINT('',(-0.289186522153,-136.5654317803));
#1213 = CARTESIAN_POINT('',(-0.290814129264,-136.4568920831));
#1214 = CARTESIAN_POINT('',(-0.29203191576,-136.3448759477));
#1215 = CARTESIAN_POINT('',(-0.292842367977,-136.2306283618));
#1216 = CARTESIAN_POINT('',(-0.293247386391,-136.1152970374));
#1217 = CARTESIAN_POINT('',(-0.293247386391,-135.865343391));
#1218 = CARTESIAN_POINT('',(-0.292694964376,-135.7307048586));
#1219 = CARTESIAN_POINT('',(-0.29159026446,-135.5986332668));
#1220 = CARTESIAN_POINT('',(-0.289950012548,-135.4716635109));
#1221 = CARTESIAN_POINT('',(-0.287806164838,-135.3522070109));
#1222 = CARTESIAN_POINT('',(-0.285204947224,-135.2424580731));
#1223 = CARTESIAN_POINT('',(-0.279202144679,-135.0459948325));
#1224 = CARTESIAN_POINT('',(-0.275684992956,-134.9555868572));
#1225 = CARTESIAN_POINT('',(-0.271687436804,-134.8774688977));
#1226 = CARTESIAN_POINT('',(-0.267280678566,-134.8153486532));
#1227 = CARTESIAN_POINT('',(-0.262563671725,-134.7721651302));
#1228 = CARTESIAN_POINT('',(-0.257653967826,-134.75));
#1229 = CARTESIAN_POINT('',(-0.24833453919,-134.75));
#1230 = CARTESIAN_POINT('',(-0.243994649862,-134.7669217372));
#1231 = CARTESIAN_POINT('',(-0.239743264703,-134.8007600826));
#1232 = CARTESIAN_POINT('',(-0.235661038281,-134.8510291568));
#1233 = CARTESIAN_POINT('',(-0.231824599922,-134.916781381));
#1234 = CARTESIAN_POINT('',(-0.228303697739,-134.9966320196));
#1235 = CARTESIAN_POINT('',(-0.221515820705,-135.1954591664));
#1236 = CARTESIAN_POINT('',(-0.218495753561,-135.3151137032));
#1237 = CARTESIAN_POINT('',(-0.216096858869,-135.4439934886));
#1238 = CARTESIAN_POINT('',(-0.214310075925,-135.5791971387));
#1239 = CARTESIAN_POINT('',(-0.213125169302,-135.7183111277));
#1240 = CARTESIAN_POINT('',(-0.212533940404,-135.8592347212));
#1241 = CARTESIAN_POINT('',(-0.212533940404,-136.1507961804));
#1242 = CARTESIAN_POINT('',(-0.213212429348,-136.3018466208));
#1243 = CARTESIAN_POINT('',(-0.214573615653,-136.4507000805));
#1244 = CARTESIAN_POINT('',(-0.216628349981,-136.5947106616));
#1245 = CARTESIAN_POINT('',(-0.21938870378,-136.7308040504));
#1246 = CARTESIAN_POINT('',(-0.222863491776,-136.8552528701));
#1247 = CARTESIAN_POINT('',(-0.229916390477,-137.037170361));
#1248 = CARTESIAN_POINT('',(-0.233137291345,-137.1038529478));
#1249 = CARTESIAN_POINT('',(-0.236674284237,-137.1603958524));
#1250 = CARTESIAN_POINT('',(-0.240471714512,-137.204572246));
#1251 = CARTESIAN_POINT('',(-0.244459078293,-137.2347635575));
#1252 = CARTESIAN_POINT('',(-0.248556591985,-137.25));
#1253 = CARTESIAN_POINT('',(-0.252680255142,-137.25));
#1254 = ( GEOMETRIC_REPRESENTATION_CONTEXT(2) 
PARAMETRIC_REPRESENTATION_CONTEXT() REPRESENTATION_CONTEXT('2D SPACE',''
  ) );
#1255 = PCURVE('',#1256,#1261);
#1256 = CYLINDRICAL_SURFACE('',#1257,1.25);
#1257 = AXIS2_PLACEMENT_3D('',#1258,#1259,#1260);
#1258 = CARTESIAN_POINT('',(135.,30.,8.));
#1259 = DIRECTION('',(0.,-1.,0.));
#1260 = DIRECTION('',(1.,0.,0.));
#1261 = DEFINITIONAL_REPRESENTATION('',(#1262),#1313);
#1262 = B_SPLINE_CURVE_WITH_KNOTS('',7,(#1263,#1264,#1265,#1266,#1267,
    #1268,#1269,#1270,#1271,#1272,#1273,#1274,#1275,#1276,#1277,#1278,
    #1279,#1280,#1281,#1282,#1283,#1284,#1285,#1286,#1287,#1288,#1289,
    #1290,#1291,#1292,#1293,#1294,#1295,#1296,#1297,#1298,#1299,#1300,
    #1301,#1302,#1303,#1304,#1305,#1306,#1307,#1308,#1309,#1310,#1311,
    #1312),.UNSPECIFIED.,.F.,.F.,(8,6,6,6,6,6,6,6,8),(0.,0.136250972023,
    0.248703867405,0.380038773274,0.511613660309,0.626575484957,
    0.759641297423,0.902189349371,1.),.UNSPECIFIED.);
#1263 = CARTESIAN_POINT('',(0.,-0.983866769659));
#1264 = CARTESIAN_POINT('',(0.1390452316,-0.93899011413));
#1265 = CARTESIAN_POINT('',(0.275379882132,-0.893774972186));
#1266 = CARTESIAN_POINT('',(0.409083453122,-0.84969063786));
#1267 = CARTESIAN_POINT('',(0.540029854371,-0.808248143204));
#1268 = CARTESIAN_POINT('',(0.667883689928,-0.770868321454));
#1269 = CARTESIAN_POINT('',(0.791996692289,-0.738604160165));
#1270 = CARTESIAN_POINT('',(1.009330701846,-0.689876699738));
#1271 = CARTESIAN_POINT('',(1.10552642892,-0.671331777592));
#1272 = CARTESIAN_POINT('',(1.200151165525,-0.656403307747));
#1273 = CARTESIAN_POINT('',(1.293615140286,-0.645170304479));
#1274 = CARTESIAN_POINT('',(1.386293125314,-0.637673716283));
#1275 = CARTESIAN_POINT('',(1.47855869683,-0.633927270267));
#1276 = CARTESIAN_POINT('',(1.678521613973,-0.633927270267));
#1277 = CARTESIAN_POINT('',(1.78623189743,-0.639037078446));
#1278 = CARTESIAN_POINT('',(1.893932759046,-0.649255880691));
#1279 = CARTESIAN_POINT('',(2.001629922544,-0.664368881668));
#1280 = CARTESIAN_POINT('',(2.109340571174,-0.683964148969));
#1281 = CARTESIAN_POINT('',(2.217073565836,-0.707466462371));
#1282 = CARTESIAN_POINT('',(2.432680364991,-0.760958701152));
#1283 = CARTESIAN_POINT('',(2.544652654685,-0.791976634808));
#1284 = CARTESIAN_POINT('',(2.659680408307,-0.82675509928));
#1285 = CARTESIAN_POINT('',(2.777178813016,-0.864422547339));
#1286 = CARTESIAN_POINT('',(2.896796889379,-0.903905713371));
#1287 = CARTESIAN_POINT('',(3.018308772661,-0.944077068185));
#1288 = CARTESIAN_POINT('',(3.249310320848,-1.018632497275));
#1289 = CARTESIAN_POINT('',(3.357024276864,-1.0526690271));
#1290 = CARTESIAN_POINT('',(3.464724352217,-1.085316759207));
#1291 = CARTESIAN_POINT('',(3.572427451699,-1.116011504602));
#1292 = CARTESIAN_POINT('',(3.680147033488,-1.14429439756));
#1293 = CARTESIAN_POINT('',(3.787874841431,-1.169809152032));
#1294 = CARTESIAN_POINT('',(4.020235355518,-1.218303891331));
#1295 = CARTESIAN_POINT('',(4.140764082453,-1.239397581682));
#1296 = CARTESIAN_POINT('',(4.258231371738,-1.255866908918));
#1297 = CARTESIAN_POINT('',(4.373413258685,-1.267996752816));
#1298 = CARTESIAN_POINT('',(4.487038121311,-1.275994806033));
#1299 = CARTESIAN_POINT('',(4.599776757407,-1.279985613807));
#1300 = CARTESIAN_POINT('',(4.833025924717,-1.279985613807));
#1301 = CARTESIAN_POINT('',(4.953865835655,-1.275405788374));
#1302 = CARTESIAN_POINT('',(5.075818250856,-1.266217911863));
#1303 = CARTESIAN_POINT('',(5.199668721635,-1.252257391981));
#1304 = CARTESIAN_POINT('',(5.326295063738,-1.233259666342));
#1305 = CARTESIAN_POINT('',(5.456629058425,-1.208866454002));
#1306 = CARTESIAN_POINT('',(5.684944897046,-1.158062872929));
#1307 = CARTESIAN_POINT('',(5.780807935899,-1.134562162993));
#1308 = CARTESIAN_POINT('',(5.878825344184,-1.108354357114));
#1309 = CARTESIAN_POINT('',(5.978450245736,-1.079703721388));
#1310 = CARTESIAN_POINT('',(6.079279777532,-1.049021690689));
#1311 = CARTESIAN_POINT('',(6.180971683299,-1.016856074913));
#1312 = CARTESIAN_POINT('',(6.28318530718,-0.983866769659));
#1313 = ( GEOMETRIC_REPRESENTATION_CONTEXT(2) 
PARAMETRIC_REPRESENTATION_CONTEXT() REPRESENTATION_CONTEXT('2D SPACE',''
  ) );
#1314 = FACE_BOUND('',#1315,.T.);
#1315 = EDGE_LOOP('',(#1316));
#1316 = ORIENTED_EDGE('',*,*,#1317,.T.);
#1317 = EDGE_CURVE('',#1318,#1318,#1320,.T.);
#1318 = VERTEX_POINT('',#1319);
#1319 = CARTESIAN_POINT('',(136.25,6.,31.432467291003));
#1320 = SURFACE_CURVE('',#1321,(#1372,#1426),.PCURVE_S1.);
#1321 = B_SPLINE_CURVE_WITH_KNOTS('',7,(#1322,#1323,#1324,#1325,#1326,
    #1327,#1328,#1329,#1330,#1331,#1332,#1333,#1334,#1335,#1336,#1337,
    #1338,#1339,#1340,#1341,#1342,#1343,#1344,#1345,#1346,#1347,#1348,
    #1349,#1350,#1351,#1352,#1353,#1354,#1355,#1356,#1357,#1358,#1359,
    #1360,#1361,#1362,#1363,#1364,#1365,#1366,#1367,#1368,#1369,#1370,
    #1371),.UNSPECIFIED.,.T.,.F.,(8,6,6,6,6,6,6,6,8),(0.,0.13552871364,
    0.248745457056,0.381338645384,0.51301840765,0.627549858038,
    0.760668786888,0.907901473935,1.),.UNSPECIFIED.);
#1322 = CARTESIAN_POINT('',(136.25,6.,31.432467291003));
#1323 = CARTESIAN_POINT('',(136.25,6.17479275505,31.399101900988));
#1324 = CARTESIAN_POINT('',(136.22148450934,6.345881198948,
    31.365268261018));
#1325 = CARTESIAN_POINT('',(136.16662775295,6.507813224483,
    31.332091710564));
#1326 = CARTESIAN_POINT('',(136.08877941476,6.655900984926,
    31.300768595615));
#1327 = CARTESIAN_POINT('',(135.99236550138,6.786477156933,
    31.272450517203));
#1328 = CARTESIAN_POINT('',(135.88276130899,6.897228209553,
    31.247989324503));
#1329 = CARTESIAN_POINT('',(135.66870660422,7.063266058286,
    31.210835774223));
#1330 = CARTESIAN_POINT('',(135.56482115637,7.125890344969,
    31.196598524937));
#1331 = CARTESIAN_POINT('',(135.45619887556,7.175713221575,
    31.185139597665));
#1332 = CARTESIAN_POINT('',(135.34425068208,7.212910422449,
    31.176519498586));
#1333 = CARTESIAN_POINT('',(135.2301808982,7.237639553926,
    31.170767342034));
#1334 = CARTESIAN_POINT('',(135.11507910897,7.25,31.16789213277));
#1335 = CARTESIAN_POINT('',(134.86522571212,7.25,31.16789213277));
#1336 = CARTESIAN_POINT('',(134.73055507441,7.233047379085,
    31.171835376993));
#1337 = CARTESIAN_POINT('',(134.59854976138,7.1991862383,31.179712296528
    ));
#1338 = CARTESIAN_POINT('',(134.47170602421,7.148954076312,
    31.191334999015));
#1339 = CARTESIAN_POINT('',(134.35235442443,7.083295685965,
    31.206364227697));
#1340 = CARTESIAN_POINT('',(134.24260189339,7.00350727119,
    31.224346611907));
#1341 = CARTESIAN_POINT('',(134.04670742625,6.819550122006,
    31.265037164287));
#1342 = CARTESIAN_POINT('',(133.95649795744,6.711882456946,
    31.288523150388));
#1343 = CARTESIAN_POINT('',(133.87825626315,6.589062723659,
    31.314828329762));
#1344 = CARTESIAN_POINT('',(133.81585345229,6.45317535458,
    31.343243492459));
#1345 = CARTESIAN_POINT('',(133.77236775522,6.307213521322,
    31.372903314176));
#1346 = CARTESIAN_POINT('',(133.75,6.154807191346,31.402916853888));
#1347 = CARTESIAN_POINT('',(133.75,5.86535294528,31.458169451793));
#1348 = CARTESIAN_POINT('',(133.7669217651,5.730709988494,
    31.483173470687));
#1349 = CARTESIAN_POINT('',(133.80076006589,5.598638122199,
    31.506991408423));
#1350 = CARTESIAN_POINT('',(133.85102918759,5.471661456962,
    31.529224466622));
#1351 = CARTESIAN_POINT('',(133.91678143349,5.352195995517,
    31.549569075207));
#1352 = CARTESIAN_POINT('',(133.99663185607,5.242453737903,
    31.567809003833));
#1353 = CARTESIAN_POINT('',(134.19590292955,5.030251597741,
    31.602372137927));
#1354 = CARTESIAN_POINT('',(134.31590176324,4.935847592512,
    31.617255137399));
#1355 = CARTESIAN_POINT('',(134.44491128193,4.861001588592,
    31.628766684384));
#1356 = CARTESIAN_POINT('',(134.58002342525,4.805327536908,
    31.637192691241));
#1357 = CARTESIAN_POINT('',(134.71888468163,4.768425195543,
    31.64273166677));
#1358 = CARTESIAN_POINT('',(134.85949528715,4.75,31.645497310044));
#1359 = CARTESIAN_POINT('',(135.15540153901,4.75,31.645497310044));
#1360 = CARTESIAN_POINT('',(135.31103359459,4.77253909849,
    31.642114142012));
#1361 = CARTESIAN_POINT('',(135.46434766359,4.817741646384,
    31.63532944049));
#1362 = CARTESIAN_POINT('',(135.61254169253,4.886057370761,
    31.624971248732));
#1363 = CARTESIAN_POINT('',(135.75224525373,4.978016869039,
    31.610752326098));
#1364 = CARTESIAN_POINT('',(135.87922874385,5.094033919648,
    31.592260269488));
#1365 = CARTESIAN_POINT('',(136.05554193709,5.32133551874,
    31.554575729658));
#1366 = CARTESIAN_POINT('',(136.11653372155,5.418625977345,
    31.53815516975));
#1367 = CARTESIAN_POINT('',(136.16818475976,5.5246963262,31.519871244956
    ));
#1368 = CARTESIAN_POINT('',(136.20851458071,5.637953722205,
    31.499868153181));
#1369 = CARTESIAN_POINT('',(136.23607867103,5.756417679697,
    31.478389972451));
#1370 = CARTESIAN_POINT('',(136.25,5.87787133392,31.455779873808));
#1371 = CARTESIAN_POINT('',(136.25,6.,31.432467291003));
#1372 = PCURVE('',#136,#1373);
#1373 = DEFINITIONAL_REPRESENTATION('',(#1374),#1425);
#1374 = B_SPLINE_CURVE_WITH_KNOTS('',7,(#1375,#1376,#1377,#1378,#1379,
    #1380,#1381,#1382,#1383,#1384,#1385,#1386,#1387,#1388,#1389,#1390,
    #1391,#1392,#1393,#1394,#1395,#1396,#1397,#1398,#1399,#1400,#1401,
    #1402,#1403,#1404,#1405,#1406,#1407,#1408,#1409,#1410,#1411,#1412,
    #1413,#1414,#1415,#1416,#1417,#1418,#1419,#1420,#1421,#1422,#1423,
    #1424),.UNSPECIFIED.,.T.,.F.,(8,6,6,6,6,6,6,6,8),(0.,0.13552871364,
    0.248745457056,0.381338645384,0.51301840765,0.627549858038,
    0.760668786888,0.907901473935,1.),.UNSPECIFIED.);
#1375 = CARTESIAN_POINT('',(-1.382179940619,-137.25));
#1376 = CARTESIAN_POINT('',(-1.376619042284,-137.25));
#1377 = CARTESIAN_POINT('',(-1.371169106509,-137.2214845093));
#1378 = CARTESIAN_POINT('',(-1.366003806356,-137.1666277529));
#1379 = CARTESIAN_POINT('',(-1.361273804961,-137.0887794147));
#1380 = CARTESIAN_POINT('',(-1.357098492019,-136.9923655013));
#1381 = CARTESIAN_POINT('',(-1.353554124171,-136.8827613089));
#1382 = CARTESIAN_POINT('',(-1.348237126672,-136.6687066042));
#1383 = CARTESIAN_POINT('',(-1.346230192194,-136.5648211563));
#1384 = CARTESIAN_POINT('',(-1.344632583583,-136.4561988755));
#1385 = CARTESIAN_POINT('',(-1.343439366606,-136.344250682));
#1386 = CARTESIAN_POINT('',(-1.342645950637,-136.2301808982));
#1387 = CARTESIAN_POINT('',(-1.342249374133,-136.1150791089));
#1388 = CARTESIAN_POINT('',(-1.342249374133,-135.8652257121));
#1389 = CARTESIAN_POINT('',(-1.342793285808,-135.7305550744));
#1390 = CARTESIAN_POINT('',(-1.343879701329,-135.5985497613));
#1391 = CARTESIAN_POINT('',(-1.345490925332,-135.4717060242));
#1392 = CARTESIAN_POINT('',(-1.347595804095,-135.3523544244));
#1393 = CARTESIAN_POINT('',(-1.3501517119,-135.2426018933));
#1394 = CARTESIAN_POINT('',(-1.356039327493,-135.0467074262));
#1395 = CARTESIAN_POINT('',(-1.359483045316,-134.9564979574));
#1396 = CARTESIAN_POINT('',(-1.363408159707,-134.8782562631));
#1397 = CARTESIAN_POINT('',(-1.36774638393,-134.8158534522));
#1398 = CARTESIAN_POINT('',(-1.372400777874,-134.7723677552));
#1399 = CARTESIAN_POINT('',(-1.377254867767,-134.75));
#1400 = CARTESIAN_POINT('',(-1.386463634084,-134.75));
#1401 = CARTESIAN_POINT('',(-1.390743111418,-134.7669217651));
#1402 = CARTESIAN_POINT('',(-1.394936844242,-134.8007600658));
#1403 = CARTESIAN_POINT('',(-1.398965148665,-134.8510291875));
#1404 = CARTESIAN_POINT('',(-1.402752141622,-134.9167814334));
#1405 = CARTESIAN_POINT('',(-1.406228615316,-134.996631856));
#1406 = CARTESIAN_POINT('',(-1.412947318697,-135.1959029295));
#1407 = CARTESIAN_POINT('',(-1.415933841578,-135.3159017632));
#1408 = CARTESIAN_POINT('',(-1.418300266128,-135.4449112819));
#1409 = CARTESIAN_POINT('',(-1.420059891896,-135.5800234252));
#1410 = CARTESIAN_POINT('',(-1.421226008086,-135.7188846816));
#1411 = CARTESIAN_POINT('',(-1.421808245687,-135.8594952871));
#1412 = CARTESIAN_POINT('',(-1.421808245687,-136.155401539));
#1413 = CARTESIAN_POINT('',(-1.421096008263,-136.3110335945));
#1414 = CARTESIAN_POINT('',(-1.419667605934,-136.4643476635));
#1415 = CARTESIAN_POINT('',(-1.417508340762,-136.6125416925));
#1416 = CARTESIAN_POINT('',(-1.414600486757,-136.7522452537));
#1417 = CARTESIAN_POINT('',(-1.410929260119,-136.8792287438));
#1418 = CARTESIAN_POINT('',(-1.403729125741,-137.055541937));
#1419 = CARTESIAN_POINT('',(-1.400645812102,-137.1165337215));
#1420 = CARTESIAN_POINT('',(-1.397282263411,-137.1681847597));
#1421 = CARTESIAN_POINT('',(-1.393688251751,-137.2085145807));
#1422 = CARTESIAN_POINT('',(-1.389925965564,-137.236078671));
#1423 = CARTESIAN_POINT('',(-1.386065371087,-137.25));
#1424 = CARTESIAN_POINT('',(-1.382179940619,-137.25));
#1425 = ( GEOMETRIC_REPRESENTATION_CONTEXT(2) 
PARAMETRIC_REPRESENTATION_CONTEXT() REPRESENTATION_CONTEXT('2D SPACE',''
  ) );
#1426 = PCURVE('',#1427,#1432);
#1427 = CYLINDRICAL_SURFACE('',#1428,1.25);
#1428 = AXIS2_PLACEMENT_3D('',#1429,#1430,#1431);
#1429 = CARTESIAN_POINT('',(135.,6.,25.));
#1430 = DIRECTION('',(-0.,-0.,-1.));
#1431 = DIRECTION('',(1.,0.,0.));
#1432 = DEFINITIONAL_REPRESENTATION('',(#1433),#1484);
#1433 = B_SPLINE_CURVE_WITH_KNOTS('',7,(#1434,#1435,#1436,#1437,#1438,
    #1439,#1440,#1441,#1442,#1443,#1444,#1445,#1446,#1447,#1448,#1449,
    #1450,#1451,#1452,#1453,#1454,#1455,#1456,#1457,#1458,#1459,#1460,
    #1461,#1462,#1463,#1464,#1465,#1466,#1467,#1468,#1469,#1470,#1471,
    #1472,#1473,#1474,#1475,#1476,#1477,#1478,#1479,#1480,#1481,#1482,
    #1483),.UNSPECIFIED.,.F.,.F.,(8,6,6,6,6,6,6,6,8),(0.,0.13552871364,
    0.248745457056,0.381338645384,0.51301840765,0.627549858038,
    0.760668786888,0.907901473935,1.),.UNSPECIFIED.);
#1434 = CARTESIAN_POINT('',(0.,-6.432467291003));
#1435 = CARTESIAN_POINT('',(-0.13983420404,-6.399101900988));
#1436 = CARTESIAN_POINT('',(-0.276704990806,-6.365268261018));
#1437 = CARTESIAN_POINT('',(-0.410716260769,-6.332091710564));
#1438 = CARTESIAN_POINT('',(-0.541734178857,-6.300768595615));
#1439 = CARTESIAN_POINT('',(-0.669393772744,-6.272450517203));
#1440 = CARTESIAN_POINT('',(-0.792981249809,-6.247989324503));
#1441 = CARTESIAN_POINT('',(-1.009702983055,-6.210835774223));
#1442 = CARTESIAN_POINT('',(-1.106078450622,-6.196598524937));
#1443 = CARTESIAN_POINT('',(-1.20073573077,-6.185139597665));
#1444 = CARTESIAN_POINT('',(-1.29412281451,-6.176519498586));
#1445 = CARTESIAN_POINT('',(-1.386651015839,-6.170767342034));
#1446 = CARTESIAN_POINT('',(-1.478733039615,-6.16789213277));
#1447 = CARTESIAN_POINT('',(-1.678615757092,-6.16789213277));
#1448 = CARTESIAN_POINT('',(-1.786351821148,-6.171835376993));
#1449 = CARTESIAN_POINT('',(-1.89400475984,-6.179712296528));
#1450 = CARTESIAN_POINT('',(-2.00160553038,-6.191334999015));
#1451 = CARTESIAN_POINT('',(-2.109215847506,-6.206364227697));
#1452 = CARTESIAN_POINT('',(-2.216915731587,-6.224346611907));
#1453 = CARTESIAN_POINT('',(-2.431898335519,-6.265037164287));
#1454 = CARTESIAN_POINT('',(-2.543468419562,-6.288523150388));
#1455 = CARTESIAN_POINT('',(-2.658367563375,-6.314828329762));
#1456 = CARTESIAN_POINT('',(-2.775947882289,-6.343243492459));
#1457 = CARTESIAN_POINT('',(-2.895822563704,-6.372903314176));
#1458 = CARTESIAN_POINT('',(-3.017746900513,-6.402916853888));
#1459 = CARTESIAN_POINT('',(-3.249310297366,-6.458169451793));
#1460 = CARTESIAN_POINT('',(-3.357024400128,-6.483173470687));
#1461 = CARTESIAN_POINT('',(-3.464724361629,-6.506991408423));
#1462 = CARTESIAN_POINT('',(-3.572427447805,-6.529224466622));
#1463 = CARTESIAN_POINT('',(-3.680147078686,-6.549569075207));
#1464 = CARTESIAN_POINT('',(-3.787874650279,-6.567809003833));
#1465 = CARTESIAN_POINT('',(-4.020753961877,-6.602372137927));
#1466 = CARTESIAN_POINT('',(-4.141524127352,-6.617255137399));
#1467 = CARTESIAN_POINT('',(-4.259025217373,-6.628766684384));
#1468 = CARTESIAN_POINT('',(-4.374087170302,-6.637192691241));
#1469 = CARTESIAN_POINT('',(-4.487496979922,-6.64273166677));
#1470 = CARTESIAN_POINT('',(-4.599985210107,-6.645497310044));
#1471 = CARTESIAN_POINT('',(-4.836710211597,-6.645497310044));
#1472 = CARTESIAN_POINT('',(-4.961215231598,-6.642114142012));
#1473 = CARTESIAN_POINT('',(-5.087007799601,-6.63532944049));
#1474 = CARTESIAN_POINT('',(-5.215014361142,-6.624971248732));
#1475 = CARTESIAN_POINT('',(-5.34627531748,-6.610752326098));
#1476 = CARTESIAN_POINT('',(-5.481876337486,-6.592260269488));
#1477 = CARTESIAN_POINT('',(-5.712010015594,-6.554575729658));
#1478 = CARTESIAN_POINT('',(-5.803415131462,-6.53815516975));
#1479 = CARTESIAN_POINT('',(-5.896926108505,-6.519871244956));
#1480 = CARTESIAN_POINT('',(-5.992023985478,-6.499868153181));
#1481 = CARTESIAN_POINT('',(-6.088319786123,-6.478389972451));
#1482 = CARTESIAN_POINT('',(-6.185482374315,-6.455779873808));
#1483 = CARTESIAN_POINT('',(-6.28318530718,-6.432467291003));
#1484 = ( GEOMETRIC_REPRESENTATION_CONTEXT(2) 
PARAMETRIC_REPRESENTATION_CONTEXT() REPRESENTATION_CONTEXT('2D SPACE',''
  ) );
#1485 = FACE_BOUND('',#1486,.T.);
#1486 = EDGE_LOOP('',(#1487));
#1487 = ORIENTED_EDGE('',*,*,#1488,.F.);
#1488 = EDGE_CURVE('',#1489,#1489,#1491,.T.);
#1489 = VERTEX_POINT('',#1490);
#1490 = CARTESIAN_POINT('',(76.25,30.983866769659,8.));
#1491 = SURFACE_CURVE('',#1492,(#1543,#1597),.PCURVE_S1.);
#1492 = B_SPLINE_CURVE_WITH_KNOTS('',7,(#1493,#1494,#1495,#1496,#1497,
    #1498,#1499,#1500,#1501,#1502,#1503,#1504,#1505,#1506,#1507,#1508,
    #1509,#1510,#1511,#1512,#1513,#1514,#1515,#1516,#1517,#1518,#1519,
    #1520,#1521,#1522,#1523,#1524,#1525,#1526,#1527,#1528,#1529,#1530,
    #1531,#1532,#1533,#1534,#1535,#1536,#1537,#1538,#1539,#1540,#1541,
    #1542),.UNSPECIFIED.,.T.,.F.,(8,6,6,6,6,6,6,6,8),(0.,0.136250972024,
    0.248703867407,0.380038773245,0.511613660278,0.626575484972,
    0.759641297436,0.902189349381,1.),.UNSPECIFIED.);
#1493 = CARTESIAN_POINT('',(76.25,30.983866769659,8.));
#1494 = CARTESIAN_POINT('',(76.25,30.93899011413,8.173806539499));
#1495 = CARTESIAN_POINT('',(76.221805358426,30.893774972186,
    8.344224789029));
#1496 = CARTESIAN_POINT('',(76.167393648347,30.84969063786,
    8.505866241928));
#1497 = CARTESIAN_POINT('',(76.089928144743,30.808248143204,
    8.654044636979));
#1498 = CARTESIAN_POINT('',(75.993648295061,30.770868321454,
    8.785051121235));
#1499 = CARTESIAN_POINT('',(75.883733750322,30.738604160165,
    8.896473906742));
#1500 = CARTESIAN_POINT('',(75.669074304058,30.689876699738,
    9.062980841062));
#1501 = CARTESIAN_POINT('',(75.565431780334,30.671331777592,
    9.125551924051));
#1502 = CARTESIAN_POINT('',(75.45689208313,30.656403307747,
    9.175450240055));
#1503 = CARTESIAN_POINT('',(75.344875947736,30.645170304479,
    9.212765339667));
#1504 = CARTESIAN_POINT('',(75.230628361861,30.637673716283,
    9.23759270331));
#1505 = CARTESIAN_POINT('',(75.115297037456,30.633927270267,9.25));
#1506 = CARTESIAN_POINT('',(74.86534339106,30.633927270267,9.25));
#1507 = CARTESIAN_POINT('',(74.730704858626,30.639037078444,
    9.233077099332));
#1508 = CARTESIAN_POINT('',(74.598633266876,30.649255880696,
    9.199235955533));
#1509 = CARTESIAN_POINT('',(74.471663510976,30.664368881668,
    9.148970616346));
#1510 = CARTESIAN_POINT('',(74.352207011016,30.68396414896,
    9.083225092132));
#1511 = CARTESIAN_POINT('',(74.242458073101,30.707466462377,
    9.003372214945));
#1512 = CARTESIAN_POINT('',(74.045994832572,30.760958701151,
    8.818880951994));
#1513 = CARTESIAN_POINT('',(73.955586857278,30.791976634808,
    8.710690162607));
#1514 = CARTESIAN_POINT('',(73.877468897748,30.826755099281,
    8.587585128224));
#1515 = CARTESIAN_POINT('',(73.815348653249,30.864422547339,
    8.451689081083));
#1516 = CARTESIAN_POINT('',(73.772165130236,30.90390571337,
    8.305995706821));
#1517 = CARTESIAN_POINT('',(73.75,30.944077068186,8.154104851158));
#1518 = CARTESIAN_POINT('',(73.75,31.018632497289,7.865352915873));
#1519 = CARTESIAN_POINT('',(73.766921737241,31.052669027084,
    7.730710131752));
#1520 = CARTESIAN_POINT('',(73.800760082585,31.085316759199,
    7.598638152602));
#1521 = CARTESIAN_POINT('',(73.851029156875,31.116011504613,
    7.471661443132));
#1522 = CARTESIAN_POINT('',(73.91678138113,31.144294397568,
    7.352196016808));
#1523 = CARTESIAN_POINT('',(73.996632019603,31.169809152023,
    7.242453563764));
#1524 = CARTESIAN_POINT('',(74.195459166454,31.218303891331,
    7.030724157448));
#1525 = CARTESIAN_POINT('',(74.31511370325,31.239397581682,
    6.936410815494));
#1526 = CARTESIAN_POINT('',(74.44399348865,31.255866908918,
    6.861433141441));
#1527 = CARTESIAN_POINT('',(74.579197138786,31.267996752816,
    6.805557508403));
#1528 = CARTESIAN_POINT('',(74.71831112771,31.275994806033,6.76849362786
    ));
#1529 = CARTESIAN_POINT('',(74.859234721278,31.279985613807,6.75));
#1530 = CARTESIAN_POINT('',(75.150796180415,31.279985613807,6.75));
#1531 = CARTESIAN_POINT('',(75.301846620852,31.275405788374,
    6.771223116849));
#1532 = CARTESIAN_POINT('',(75.450700080558,31.266217911863,
    6.813801043838));
#1533 = CARTESIAN_POINT('',(75.594710661692,31.252257391981,
    6.878053427815));
#1534 = CARTESIAN_POINT('',(75.73080405048,31.233259666343,
    6.964318456061));
#1535 = CARTESIAN_POINT('',(75.855252870119,31.208866454002,
    7.072804997684));
#1536 = CARTESIAN_POINT('',(76.037170361082,31.158062872931,
    7.292705469166));
#1537 = CARTESIAN_POINT('',(76.103852947827,31.134562162991,
    7.393059808928));
#1538 = CARTESIAN_POINT('',(76.160395852414,31.108354357112,
    7.503168857199));
#1539 = CARTESIAN_POINT('',(76.204572246089,31.07970372139,7.62126311147
    ));
#1540 = CARTESIAN_POINT('',(76.234763557566,31.049021690692,
    7.74511749556));
#1541 = CARTESIAN_POINT('',(76.25,31.01685607491,7.872232970161));
#1542 = CARTESIAN_POINT('',(76.25,30.983866769659,8.));
#1543 = PCURVE('',#136,#1544);
#1544 = DEFINITIONAL_REPRESENTATION('',(#1545),#1596);
#1545 = B_SPLINE_CURVE_WITH_KNOTS('',7,(#1546,#1547,#1548,#1549,#1550,
    #1551,#1552,#1553,#1554,#1555,#1556,#1557,#1558,#1559,#1560,#1561,
    #1562,#1563,#1564,#1565,#1566,#1567,#1568,#1569,#1570,#1571,#1572,
    #1573,#1574,#1575,#1576,#1577,#1578,#1579,#1580,#1581,#1582,#1583,
    #1584,#1585,#1586,#1587,#1588,#1589,#1590,#1591,#1592,#1593,#1594,
    #1595),.UNSPECIFIED.,.T.,.F.,(8,6,6,6,6,6,6,6,8),(0.,0.136250972024,
    0.248703867407,0.380038773245,0.511613660278,0.626575484972,
    0.759641297436,0.902189349381,1.),.UNSPECIFIED.);
#1546 = CARTESIAN_POINT('',(-0.252680255142,-77.25));
#1547 = CARTESIAN_POINT('',(-0.258289837083,-77.25));
#1548 = CARTESIAN_POINT('',(-0.263799542137,-77.22180535842));
#1549 = CARTESIAN_POINT('',(-0.269035132345,-77.16739364834));
#1550 = CARTESIAN_POINT('',(-0.273843263359,-77.08992814474));
#1551 = CARTESIAN_POINT('',(-0.278100552185,-76.99364829506));
#1552 = CARTESIAN_POINT('',(-0.281725538924,-76.88373375032));
#1553 = CARTESIAN_POINT('',(-0.287147114436,-76.66907430405));
#1554 = CARTESIAN_POINT('',(-0.289186522153,-76.56543178033));
#1555 = CARTESIAN_POINT('',(-0.290814129264,-76.45689208313));
#1556 = CARTESIAN_POINT('',(-0.29203191576,-76.34487594773));
#1557 = CARTESIAN_POINT('',(-0.292842367977,-76.23062836186));
#1558 = CARTESIAN_POINT('',(-0.293247386391,-76.11529703745));
#1559 = CARTESIAN_POINT('',(-0.293247386391,-75.86534339106));
#1560 = CARTESIAN_POINT('',(-0.292694964376,-75.73070485862));
#1561 = CARTESIAN_POINT('',(-0.291590264459,-75.59863326687));
#1562 = CARTESIAN_POINT('',(-0.289950012548,-75.47166351097));
#1563 = CARTESIAN_POINT('',(-0.287806164839,-75.35220701101));
#1564 = CARTESIAN_POINT('',(-0.285204947224,-75.2424580731));
#1565 = CARTESIAN_POINT('',(-0.279202144679,-75.04599483257));
#1566 = CARTESIAN_POINT('',(-0.275684992956,-74.95558685727));
#1567 = CARTESIAN_POINT('',(-0.271687436804,-74.87746889774));
#1568 = CARTESIAN_POINT('',(-0.267280678566,-74.81534865324));
#1569 = CARTESIAN_POINT('',(-0.262563671725,-74.77216513023));
#1570 = CARTESIAN_POINT('',(-0.257653967826,-74.75));
#1571 = CARTESIAN_POINT('',(-0.248334539188,-74.75));
#1572 = CARTESIAN_POINT('',(-0.243994649864,-74.76692173724));
#1573 = CARTESIAN_POINT('',(-0.239743264704,-74.80076008258));
#1574 = CARTESIAN_POINT('',(-0.23566103828,-74.85102915687));
#1575 = CARTESIAN_POINT('',(-0.23182459992,-74.91678138113));
#1576 = CARTESIAN_POINT('',(-0.228303697741,-74.9966320196));
#1577 = CARTESIAN_POINT('',(-0.221515820705,-75.19545916645));
#1578 = CARTESIAN_POINT('',(-0.218495753561,-75.31511370325));
#1579 = CARTESIAN_POINT('',(-0.216096858869,-75.44399348865));
#1580 = CARTESIAN_POINT('',(-0.214310075925,-75.57919713878));
#1581 = CARTESIAN_POINT('',(-0.213125169302,-75.71831112771));
#1582 = CARTESIAN_POINT('',(-0.212533940404,-75.85923472127));
#1583 = CARTESIAN_POINT('',(-0.212533940404,-76.15079618041));
#1584 = CARTESIAN_POINT('',(-0.213212429348,-76.30184662085));
#1585 = CARTESIAN_POINT('',(-0.214573615653,-76.45070008055));
#1586 = CARTESIAN_POINT('',(-0.216628349981,-76.59471066169));
#1587 = CARTESIAN_POINT('',(-0.21938870378,-76.73080405048));
#1588 = CARTESIAN_POINT('',(-0.222863491776,-76.85525287011));
#1589 = CARTESIAN_POINT('',(-0.229916390477,-77.03717036108));
#1590 = CARTESIAN_POINT('',(-0.233137291345,-77.10385294782));
#1591 = CARTESIAN_POINT('',(-0.236674284237,-77.16039585241));
#1592 = CARTESIAN_POINT('',(-0.240471714512,-77.20457224608));
#1593 = CARTESIAN_POINT('',(-0.244459078293,-77.23476355756));
#1594 = CARTESIAN_POINT('',(-0.248556591986,-77.25));
#1595 = CARTESIAN_POINT('',(-0.252680255142,-77.25));
#1596 = ( GEOMETRIC_REPRESENTATION_CONTEXT(2) 
PARAMETRIC_REPRESENTATION_CONTEXT() REPRESENTATION_CONTEXT('2D SPACE',''
  ) );
#1597 = PCURVE('',#1598,#1603);
#1598 = CYLINDRICAL_SURFACE('',#1599,1.25);
#1599 = AXIS2_PLACEMENT_3D('',#1600,#1601,#1602);
#1600 = CARTESIAN_POINT('',(75.,30.,8.));
#1601 = DIRECTION('',(0.,-1.,0.));
#1602 = DIRECTION('',(1.,0.,0.));
#1603 = DEFINITIONAL_REPRESENTATION('',(#1604),#1655);
#1604 = B_SPLINE_CURVE_WITH_KNOTS('',7,(#1605,#1606,#1607,#1608,#1609,
    #1610,#1611,#1612,#1613,#1614,#1615,#1616,#1617,#1618,#1619,#1620,
    #1621,#1622,#1623,#1624,#1625,#1626,#1627,#1628,#1629,#1630,#1631,
    #1632,#1633,#1634,#1635,#1636,#1637,#1638,#1639,#1640,#1641,#1642,
    #1643,#1644,#1645,#1646,#1647,#1648,#1649,#1650,#1651,#1652,#1653,
    #1654),.UNSPECIFIED.,.F.,.F.,(8,6,6,6,6,6,6,6,8),(0.,0.136250972024,
    0.248703867407,0.380038773245,0.511613660278,0.626575484972,
    0.759641297436,0.902189349381,1.),.UNSPECIFIED.);
#1605 = CARTESIAN_POINT('',(0.,-0.983866769659));
#1606 = CARTESIAN_POINT('',(0.1390452316,-0.93899011413));
#1607 = CARTESIAN_POINT('',(0.275379882132,-0.893774972186));
#1608 = CARTESIAN_POINT('',(0.409083453121,-0.84969063786));
#1609 = CARTESIAN_POINT('',(0.540029854371,-0.808248143204));
#1610 = CARTESIAN_POINT('',(0.667883689928,-0.770868321454));
#1611 = CARTESIAN_POINT('',(0.791996692289,-0.738604160165));
#1612 = CARTESIAN_POINT('',(1.009330701846,-0.689876699738));
#1613 = CARTESIAN_POINT('',(1.10552642892,-0.671331777592));
#1614 = CARTESIAN_POINT('',(1.200151165525,-0.656403307747));
#1615 = CARTESIAN_POINT('',(1.293615140286,-0.645170304479));
#1616 = CARTESIAN_POINT('',(1.386293125314,-0.637673716283));
#1617 = CARTESIAN_POINT('',(1.47855869683,-0.633927270267));
#1618 = CARTESIAN_POINT('',(1.678521613947,-0.633927270267));
#1619 = CARTESIAN_POINT('',(1.786231897457,-0.639037078444));
#1620 = CARTESIAN_POINT('',(1.893932759065,-0.649255880696));
#1621 = CARTESIAN_POINT('',(2.001629922523,-0.664368881668));
#1622 = CARTESIAN_POINT('',(2.10934057115,-0.68396414896));
#1623 = CARTESIAN_POINT('',(2.217073565861,-0.707466462377));
#1624 = CARTESIAN_POINT('',(2.432680364989,-0.760958701151));
#1625 = CARTESIAN_POINT('',(2.544652654687,-0.791976634808));
#1626 = CARTESIAN_POINT('',(2.659680408308,-0.826755099281));
#1627 = CARTESIAN_POINT('',(2.777178813014,-0.864422547339));
#1628 = CARTESIAN_POINT('',(2.896796889377,-0.90390571337));
#1629 = CARTESIAN_POINT('',(3.018308772663,-0.944077068186));
#1630 = CARTESIAN_POINT('',(3.249310320891,-1.018632497289));
#1631 = CARTESIAN_POINT('',(3.357024276823,-1.052669027084));
#1632 = CARTESIAN_POINT('',(3.46472435218,-1.085316759199));
#1633 = CARTESIAN_POINT('',(3.572427451733,-1.116011504613));
#1634 = CARTESIAN_POINT('',(3.680147033535,-1.144294397568));
#1635 = CARTESIAN_POINT('',(3.787874841386,-1.169809152023));
#1636 = CARTESIAN_POINT('',(4.020235355517,-1.218303891331));
#1637 = CARTESIAN_POINT('',(4.140764082453,-1.239397581682));
#1638 = CARTESIAN_POINT('',(4.258231371738,-1.255866908918));
#1639 = CARTESIAN_POINT('',(4.373413258685,-1.267996752816));
#1640 = CARTESIAN_POINT('',(4.487038121311,-1.275994806033));
#1641 = CARTESIAN_POINT('',(4.599776757407,-1.279985613807));
#1642 = CARTESIAN_POINT('',(4.833025924717,-1.279985613807));
#1643 = CARTESIAN_POINT('',(4.953865835656,-1.275405788374));
#1644 = CARTESIAN_POINT('',(5.075818250855,-1.266217911863));
#1645 = CARTESIAN_POINT('',(5.199668721636,-1.252257391981));
#1646 = CARTESIAN_POINT('',(5.326295063738,-1.233259666342));
#1647 = CARTESIAN_POINT('',(5.456629058426,-1.208866454002));
#1648 = CARTESIAN_POINT('',(5.684944897038,-1.158062872931));
#1649 = CARTESIAN_POINT('',(5.780807935907,-1.134562162991));
#1650 = CARTESIAN_POINT('',(5.878825344191,-1.108354357112));
#1651 = CARTESIAN_POINT('',(5.978450245729,-1.07970372139));
#1652 = CARTESIAN_POINT('',(6.079279777523,-1.049021690692));
#1653 = CARTESIAN_POINT('',(6.180971683308,-1.01685607491));
#1654 = CARTESIAN_POINT('',(6.28318530718,-0.983866769659));
#1655 = ( GEOMETRIC_REPRESENTATION_CONTEXT(2) 
PARAMETRIC_REPRESENTATION_CONTEXT() REPRESENTATION_CONTEXT('2D SPACE',''
  ) );
#1656 = FACE_BOUND('',#1657,.T.);
#1657 = EDGE_LOOP('',(#1658));
#1658 = ORIENTED_EDGE('',*,*,#1659,.F.);
#1659 = EDGE_CURVE('',#1660,#1660,#1662,.T.);
#1660 = VERTEX_POINT('',#1661);
#1661 = CARTESIAN_POINT('',(26.25,30.983866769659,8.));
#1662 = SURFACE_CURVE('',#1663,(#1714,#1768),.PCURVE_S1.);
#1663 = B_SPLINE_CURVE_WITH_KNOTS('',7,(#1664,#1665,#1666,#1667,#1668,
    #1669,#1670,#1671,#1672,#1673,#1674,#1675,#1676,#1677,#1678,#1679,
    #1680,#1681,#1682,#1683,#1684,#1685,#1686,#1687,#1688,#1689,#1690,
    #1691,#1692,#1693,#1694,#1695,#1696,#1697,#1698,#1699,#1700,#1701,
    #1702,#1703,#1704,#1705,#1706,#1707,#1708,#1709,#1710,#1711,#1712,
    #1713),.UNSPECIFIED.,.T.,.F.,(8,6,6,6,6,6,6,6,8),(0.,0.136250972015,
    0.248703867391,0.380038773252,0.51161366028,0.626575484967,
    0.759641297423,0.90218934936,1.),.UNSPECIFIED.);
#1664 = CARTESIAN_POINT('',(26.25,30.983866769659,8.));
#1665 = CARTESIAN_POINT('',(26.25,30.93899011413,8.1738065395));
#1666 = CARTESIAN_POINT('',(26.221805358426,30.893774972186,
    8.344224789029));
#1667 = CARTESIAN_POINT('',(26.167393648347,30.84969063786,
    8.505866241928));
#1668 = CARTESIAN_POINT('',(26.089928144743,30.808248143204,
    8.654044636979));
#1669 = CARTESIAN_POINT('',(25.993648295061,30.770868321454,
    8.785051121235));
#1670 = CARTESIAN_POINT('',(25.883733750322,30.738604160165,
    8.896473906742));
#1671 = CARTESIAN_POINT('',(25.669074304058,30.689876699738,
    9.062980841062));
#1672 = CARTESIAN_POINT('',(25.565431780334,30.671331777592,
    9.125551924051));
#1673 = CARTESIAN_POINT('',(25.45689208313,30.656403307747,
    9.175450240055));
#1674 = CARTESIAN_POINT('',(25.344875947736,30.645170304479,
    9.212765339667));
#1675 = CARTESIAN_POINT('',(25.230628361861,30.637673716283,
    9.23759270331));
#1676 = CARTESIAN_POINT('',(25.115297037456,30.633927270267,9.25));
#1677 = CARTESIAN_POINT('',(24.865343391027,30.633927270267,9.25));
#1678 = CARTESIAN_POINT('',(24.730704858662,30.639037078446,
    9.233077099325));
#1679 = CARTESIAN_POINT('',(24.598633266894,30.649255880691,
    9.19923595555));
#1680 = CARTESIAN_POINT('',(24.471663510949,30.664368881668,
    9.148970616346));
#1681 = CARTESIAN_POINT('',(24.352207010997,30.683964148969,
    9.083225092103));
#1682 = CARTESIAN_POINT('',(24.242458073124,30.707466462371,
    9.003372214967));
#1683 = CARTESIAN_POINT('',(24.045994832571,30.760958701152,
    8.818880951992));
#1684 = CARTESIAN_POINT('',(23.95558685728,30.791976634808,
    8.710690162608));
#1685 = CARTESIAN_POINT('',(23.877468897748,30.82675509928,
    8.587585128226));
#1686 = CARTESIAN_POINT('',(23.815348653247,30.864422547339,
    8.451689081082));
#1687 = CARTESIAN_POINT('',(23.772165130237,30.903905713371,
    8.305995706818));
#1688 = CARTESIAN_POINT('',(23.75,30.944077068185,8.15410485116));
#1689 = CARTESIAN_POINT('',(23.75,31.018632497289,7.865352915873));
#1690 = CARTESIAN_POINT('',(23.766921737241,31.052669027084,
    7.730710131752));
#1691 = CARTESIAN_POINT('',(23.800760082585,31.085316759199,
    7.598638152602));
#1692 = CARTESIAN_POINT('',(23.851029156875,31.116011504613,
    7.471661443132));
#1693 = CARTESIAN_POINT('',(23.91678138113,31.144294397568,
    7.352196016808));
#1694 = CARTESIAN_POINT('',(23.996632019603,31.169809152023,
    7.242453563764));
#1695 = CARTESIAN_POINT('',(24.195459166454,31.218303891331,
    7.030724157448));
#1696 = CARTESIAN_POINT('',(24.31511370325,31.239397581682,
    6.936410815494));
#1697 = CARTESIAN_POINT('',(24.44399348865,31.255866908918,
    6.861433141441));
#1698 = CARTESIAN_POINT('',(24.579197138787,31.267996752816,
    6.805557508403));
#1699 = CARTESIAN_POINT('',(24.71831112771,31.275994806033,6.76849362786
    ));
#1700 = CARTESIAN_POINT('',(24.859234721278,31.279985613807,6.75));
#1701 = CARTESIAN_POINT('',(25.150796180415,31.279985613807,6.75));
#1702 = CARTESIAN_POINT('',(25.301846620852,31.275405788374,
    6.771223116849));
#1703 = CARTESIAN_POINT('',(25.450700080558,31.266217911863,
    6.813801043838));
#1704 = CARTESIAN_POINT('',(25.594710661692,31.252257391981,
    6.878053427815));
#1705 = CARTESIAN_POINT('',(25.73080405048,31.233259666342,
    6.964318456061));
#1706 = CARTESIAN_POINT('',(25.855252870119,31.208866454002,
    7.072804997684));
#1707 = CARTESIAN_POINT('',(26.037170361103,31.158062872925,
    7.292705469191));
#1708 = CARTESIAN_POINT('',(26.1038529478,31.134562162996,7.393059808907
    ));
#1709 = CARTESIAN_POINT('',(26.160395852414,31.108354357119,
    7.503168857172));
#1710 = CARTESIAN_POINT('',(26.204572246106,31.079703721385,
    7.62126311149));
#1711 = CARTESIAN_POINT('',(26.23476355756,31.049021690682,
    7.745117495598));
#1712 = CARTESIAN_POINT('',(26.25,31.016856074919,7.872232970126));
#1713 = CARTESIAN_POINT('',(26.25,30.983866769659,8.));
#1714 = PCURVE('',#136,#1715);
#1715 = DEFINITIONAL_REPRESENTATION('',(#1716),#1767);
#1716 = B_SPLINE_CURVE_WITH_KNOTS('',7,(#1717,#1718,#1719,#1720,#1721,
    #1722,#1723,#1724,#1725,#1726,#1727,#1728,#1729,#1730,#1731,#1732,
    #1733,#1734,#1735,#1736,#1737,#1738,#1739,#1740,#1741,#1742,#1743,
    #1744,#1745,#1746,#1747,#1748,#1749,#1750,#1751,#1752,#1753,#1754,
    #1755,#1756,#1757,#1758,#1759,#1760,#1761,#1762,#1763,#1764,#1765,
    #1766),.UNSPECIFIED.,.T.,.F.,(8,6,6,6,6,6,6,6,8),(0.,0.136250972015,
    0.248703867391,0.380038773252,0.51161366028,0.626575484967,
    0.759641297423,0.90218934936,1.),.UNSPECIFIED.);
#1717 = CARTESIAN_POINT('',(-0.252680255142,-27.25));
#1718 = CARTESIAN_POINT('',(-0.258289837083,-27.25));
#1719 = CARTESIAN_POINT('',(-0.263799542137,-27.22180535842));
#1720 = CARTESIAN_POINT('',(-0.269035132345,-27.16739364834));
#1721 = CARTESIAN_POINT('',(-0.273843263359,-27.08992814474));
#1722 = CARTESIAN_POINT('',(-0.278100552185,-26.99364829506));
#1723 = CARTESIAN_POINT('',(-0.281725538924,-26.88373375032));
#1724 = CARTESIAN_POINT('',(-0.287147114436,-26.66907430405));
#1725 = CARTESIAN_POINT('',(-0.289186522153,-26.56543178033));
#1726 = CARTESIAN_POINT('',(-0.290814129264,-26.45689208313));
#1727 = CARTESIAN_POINT('',(-0.29203191576,-26.34487594773));
#1728 = CARTESIAN_POINT('',(-0.292842367977,-26.23062836186));
#1729 = CARTESIAN_POINT('',(-0.293247386391,-26.11529703745));
#1730 = CARTESIAN_POINT('',(-0.293247386391,-25.86534339102));
#1731 = CARTESIAN_POINT('',(-0.292694964376,-25.73070485866));
#1732 = CARTESIAN_POINT('',(-0.29159026446,-25.59863326689));
#1733 = CARTESIAN_POINT('',(-0.289950012548,-25.47166351094));
#1734 = CARTESIAN_POINT('',(-0.287806164838,-25.35220701099));
#1735 = CARTESIAN_POINT('',(-0.285204947224,-25.24245807312));
#1736 = CARTESIAN_POINT('',(-0.279202144679,-25.04599483257));
#1737 = CARTESIAN_POINT('',(-0.275684992956,-24.95558685728));
#1738 = CARTESIAN_POINT('',(-0.271687436804,-24.87746889774));
#1739 = CARTESIAN_POINT('',(-0.267280678566,-24.81534865324));
#1740 = CARTESIAN_POINT('',(-0.262563671725,-24.77216513023));
#1741 = CARTESIAN_POINT('',(-0.257653967826,-24.75));
#1742 = CARTESIAN_POINT('',(-0.248334539188,-24.75));
#1743 = CARTESIAN_POINT('',(-0.243994649864,-24.76692173724));
#1744 = CARTESIAN_POINT('',(-0.239743264704,-24.80076008258));
#1745 = CARTESIAN_POINT('',(-0.23566103828,-24.85102915687));
#1746 = CARTESIAN_POINT('',(-0.23182459992,-24.91678138113));
#1747 = CARTESIAN_POINT('',(-0.228303697741,-24.9966320196));
#1748 = CARTESIAN_POINT('',(-0.221515820705,-25.19545916645));
#1749 = CARTESIAN_POINT('',(-0.218495753561,-25.31511370325));
#1750 = CARTESIAN_POINT('',(-0.216096858869,-25.44399348864));
#1751 = CARTESIAN_POINT('',(-0.214310075925,-25.57919713878));
#1752 = CARTESIAN_POINT('',(-0.213125169302,-25.71831112771));
#1753 = CARTESIAN_POINT('',(-0.212533940404,-25.85923472127));
#1754 = CARTESIAN_POINT('',(-0.212533940404,-26.15079618041));
#1755 = CARTESIAN_POINT('',(-0.213212429348,-26.30184662085));
#1756 = CARTESIAN_POINT('',(-0.214573615653,-26.45070008055));
#1757 = CARTESIAN_POINT('',(-0.216628349981,-26.59471066169));
#1758 = CARTESIAN_POINT('',(-0.21938870378,-26.73080405048));
#1759 = CARTESIAN_POINT('',(-0.222863491776,-26.85525287011));
#1760 = CARTESIAN_POINT('',(-0.229916390478,-27.0371703611));
#1761 = CARTESIAN_POINT('',(-0.233137291344,-27.1038529478));
#1762 = CARTESIAN_POINT('',(-0.236674284236,-27.16039585241));
#1763 = CARTESIAN_POINT('',(-0.240471714512,-27.2045722461));
#1764 = CARTESIAN_POINT('',(-0.244459078294,-27.23476355756));
#1765 = CARTESIAN_POINT('',(-0.248556591985,-27.25));
#1766 = CARTESIAN_POINT('',(-0.252680255142,-27.25));
#1767 = ( GEOMETRIC_REPRESENTATION_CONTEXT(2) 
PARAMETRIC_REPRESENTATION_CONTEXT() REPRESENTATION_CONTEXT('2D SPACE',''
  ) );
#1768 = PCURVE('',#1769,#1774);
#1769 = CYLINDRICAL_SURFACE('',#1770,1.25);
#1770 = AXIS2_PLACEMENT_3D('',#1771,#1772,#1773);
#1771 = CARTESIAN_POINT('',(25.,30.,8.));
#1772 = DIRECTION('',(0.,-1.,0.));
#1773 = DIRECTION('',(1.,0.,0.));
#1774 = DEFINITIONAL_REPRESENTATION('',(#1775),#1826);
#1775 = B_SPLINE_CURVE_WITH_KNOTS('',7,(#1776,#1777,#1778,#1779,#1780,
    #1781,#1782,#1783,#1784,#1785,#1786,#1787,#1788,#1789,#1790,#1791,
    #1792,#1793,#1794,#1795,#1796,#1797,#1798,#1799,#1800,#1801,#1802,
    #1803,#1804,#1805,#1806,#1807,#1808,#1809,#1810,#1811,#1812,#1813,
    #1814,#1815,#1816,#1817,#1818,#1819,#1820,#1821,#1822,#1823,#1824,
    #1825),.UNSPECIFIED.,.F.,.F.,(8,6,6,6,6,6,6,6,8),(0.,0.136250972015,
    0.248703867391,0.380038773252,0.51161366028,0.626575484967,
    0.759641297423,0.90218934936,1.),.UNSPECIFIED.);
#1776 = CARTESIAN_POINT('',(0.,-0.983866769659));
#1777 = CARTESIAN_POINT('',(0.1390452316,-0.93899011413));
#1778 = CARTESIAN_POINT('',(0.275379882132,-0.893774972186));
#1779 = CARTESIAN_POINT('',(0.409083453122,-0.84969063786));
#1780 = CARTESIAN_POINT('',(0.540029854371,-0.808248143204));
#1781 = CARTESIAN_POINT('',(0.667883689928,-0.770868321454));
#1782 = CARTESIAN_POINT('',(0.791996692289,-0.738604160165));
#1783 = CARTESIAN_POINT('',(1.009330701846,-0.689876699738));
#1784 = CARTESIAN_POINT('',(1.10552642892,-0.671331777592));
#1785 = CARTESIAN_POINT('',(1.200151165525,-0.656403307747));
#1786 = CARTESIAN_POINT('',(1.293615140286,-0.645170304479));
#1787 = CARTESIAN_POINT('',(1.386293125314,-0.637673716283));
#1788 = CARTESIAN_POINT('',(1.47855869683,-0.633927270267));
#1789 = CARTESIAN_POINT('',(1.678521613973,-0.633927270267));
#1790 = CARTESIAN_POINT('',(1.78623189743,-0.639037078446));
#1791 = CARTESIAN_POINT('',(1.893932759046,-0.649255880691));
#1792 = CARTESIAN_POINT('',(2.001629922544,-0.664368881668));
#1793 = CARTESIAN_POINT('',(2.109340571174,-0.683964148969));
#1794 = CARTESIAN_POINT('',(2.217073565836,-0.707466462371));
#1795 = CARTESIAN_POINT('',(2.432680364991,-0.760958701152));
#1796 = CARTESIAN_POINT('',(2.544652654685,-0.791976634808));
#1797 = CARTESIAN_POINT('',(2.659680408307,-0.82675509928));
#1798 = CARTESIAN_POINT('',(2.777178813015,-0.864422547339));
#1799 = CARTESIAN_POINT('',(2.896796889379,-0.903905713371));
#1800 = CARTESIAN_POINT('',(3.018308772661,-0.944077068185));
#1801 = CARTESIAN_POINT('',(3.249310320891,-1.018632497289));
#1802 = CARTESIAN_POINT('',(3.357024276823,-1.052669027084));
#1803 = CARTESIAN_POINT('',(3.46472435218,-1.085316759199));
#1804 = CARTESIAN_POINT('',(3.572427451733,-1.116011504613));
#1805 = CARTESIAN_POINT('',(3.680147033535,-1.144294397568));
#1806 = CARTESIAN_POINT('',(3.787874841386,-1.169809152023));
#1807 = CARTESIAN_POINT('',(4.020235355517,-1.218303891331));
#1808 = CARTESIAN_POINT('',(4.140764082453,-1.239397581682));
#1809 = CARTESIAN_POINT('',(4.258231371738,-1.255866908918));
#1810 = CARTESIAN_POINT('',(4.373413258686,-1.267996752816));
#1811 = CARTESIAN_POINT('',(4.487038121311,-1.275994806033));
#1812 = CARTESIAN_POINT('',(4.599776757407,-1.279985613807));
#1813 = CARTESIAN_POINT('',(4.833025924717,-1.279985613807));
#1814 = CARTESIAN_POINT('',(4.953865835656,-1.275405788374));
#1815 = CARTESIAN_POINT('',(5.075818250855,-1.266217911863));
#1816 = CARTESIAN_POINT('',(5.199668721636,-1.252257391981));
#1817 = CARTESIAN_POINT('',(5.326295063738,-1.233259666343));
#1818 = CARTESIAN_POINT('',(5.456629058426,-1.208866454002));
#1819 = CARTESIAN_POINT('',(5.684944897063,-1.158062872925));
#1820 = CARTESIAN_POINT('',(5.780807935882,-1.134562162996));
#1821 = CARTESIAN_POINT('',(5.878825344169,-1.108354357119));
#1822 = CARTESIAN_POINT('',(5.97845024575,-1.079703721385));
#1823 = CARTESIAN_POINT('',(6.079279777551,-1.049021690682));
#1824 = CARTESIAN_POINT('',(6.18097168328,-1.016856074919));
#1825 = CARTESIAN_POINT('',(6.28318530718,-0.983866769659));
#1826 = ( GEOMETRIC_REPRESENTATION_CONTEXT(2) 
PARAMETRIC_REPRESENTATION_CONTEXT() REPRESENTATION_CONTEXT('2D SPACE',''
  ) );
#1827 = FACE_BOUND('',#1828,.T.);
#1828 = EDGE_LOOP('',(#1829));
#1829 = ORIENTED_EDGE('',*,*,#1830,.T.);
#1830 = EDGE_CURVE('',#1831,#1831,#1833,.T.);
#1831 = VERTEX_POINT('',#1832);
#1832 = CARTESIAN_POINT('',(76.25,6.,31.432467291003));
#1833 = SURFACE_CURVE('',#1834,(#1885,#1939),.PCURVE_S1.);
#1834 = B_SPLINE_CURVE_WITH_KNOTS('',7,(#1835,#1836,#1837,#1838,#1839,
    #1840,#1841,#1842,#1843,#1844,#1845,#1846,#1847,#1848,#1849,#1850,
    #1851,#1852,#1853,#1854,#1855,#1856,#1857,#1858,#1859,#1860,#1861,
    #1862,#1863,#1864,#1865,#1866,#1867,#1868,#1869,#1870,#1871,#1872,
    #1873,#1874,#1875,#1876,#1877,#1878,#1879,#1880,#1881,#1882,#1883,
    #1884),.UNSPECIFIED.,.T.,.F.,(8,6,6,6,6,6,6,6,8),(0.,0.135528713633,
    0.248745457043,0.381338645367,0.513018407627,0.627549858009,
    0.760668786852,0.907901473892,1.),.UNSPECIFIED.);
#1835 = CARTESIAN_POINT('',(76.25,6.,31.432467291003));
#1836 = CARTESIAN_POINT('',(76.25,6.17479275505,31.399101900988));
#1837 = CARTESIAN_POINT('',(76.221484509348,6.345881198947,
    31.365268261018));
#1838 = CARTESIAN_POINT('',(76.166627752959,6.507813224483,
    31.332091710564));
#1839 = CARTESIAN_POINT('',(76.088779414765,6.655900984926,
    31.300768595615));
#1840 = CARTESIAN_POINT('',(75.992365501389,6.786477156933,
    31.272450517203));
#1841 = CARTESIAN_POINT('',(75.882761308998,6.897228209553,
    31.247989324503));
#1842 = CARTESIAN_POINT('',(75.668706604229,7.063266058286,
    31.210835774223));
#1843 = CARTESIAN_POINT('',(75.56482115637,7.125890344969,
    31.196598524937));
#1844 = CARTESIAN_POINT('',(75.45619887556,7.175713221575,
    31.185139597665));
#1845 = CARTESIAN_POINT('',(75.344250682081,7.212910422449,
    31.176519498586));
#1846 = CARTESIAN_POINT('',(75.230180898205,7.237639553926,
    31.170767342034));
#1847 = CARTESIAN_POINT('',(75.115079108975,7.25,31.16789213277));
#1848 = CARTESIAN_POINT('',(74.865225712126,7.25,31.16789213277));
#1849 = CARTESIAN_POINT('',(74.730555074409,7.233047379084,
    31.171835376993));
#1850 = CARTESIAN_POINT('',(74.598549761381,7.199186238299,
    31.179712296528));
#1851 = CARTESIAN_POINT('',(74.471706024216,7.148954076312,
    31.191334999015));
#1852 = CARTESIAN_POINT('',(74.352354424435,7.083295685966,
    31.206364227697));
#1853 = CARTESIAN_POINT('',(74.242601893396,7.003507271192,
    31.224346611906));
#1854 = CARTESIAN_POINT('',(74.046707426258,6.819550122006,
    31.265037164287));
#1855 = CARTESIAN_POINT('',(73.956497957444,6.711882456946,
    31.288523150388));
#1856 = CARTESIAN_POINT('',(73.878256263155,6.589062723659,
    31.314828329762));
#1857 = CARTESIAN_POINT('',(73.81585345229,6.45317535458,31.343243492459
    ));
#1858 = CARTESIAN_POINT('',(73.772367755229,6.307213521322,
    31.372903314176));
#1859 = CARTESIAN_POINT('',(73.75,6.154807191346,31.402916853888));
#1860 = CARTESIAN_POINT('',(73.75,5.86535294528,31.458169451793));
#1861 = CARTESIAN_POINT('',(73.766921765105,5.730709988494,
    31.483173470687));
#1862 = CARTESIAN_POINT('',(73.800760065898,5.598638122199,
    31.506991408423));
#1863 = CARTESIAN_POINT('',(73.851029187593,5.471661456962,
    31.529224466622));
#1864 = CARTESIAN_POINT('',(73.916781433492,5.352195995517,
    31.549569075207));
#1865 = CARTESIAN_POINT('',(73.996631856076,5.242453737903,
    31.567809003833));
#1866 = CARTESIAN_POINT('',(74.195902929557,5.030251597741,
    31.602372137927));
#1867 = CARTESIAN_POINT('',(74.315901763242,4.935847592513,
    31.617255137399));
#1868 = CARTESIAN_POINT('',(74.444911281936,4.861001588591,
    31.628766684384));
#1869 = CARTESIAN_POINT('',(74.580023425253,4.805327536908,
    31.637192691241));
#1870 = CARTESIAN_POINT('',(74.718884681637,4.768425195543,
    31.64273166677));
#1871 = CARTESIAN_POINT('',(74.859495287152,4.75,31.645497310044));
#1872 = CARTESIAN_POINT('',(75.155401539015,4.75,31.645497310044));
#1873 = CARTESIAN_POINT('',(75.311033594596,4.77253909849,
    31.642114142012));
#1874 = CARTESIAN_POINT('',(75.464347663592,4.817741646383,
    31.63532944049));
#1875 = CARTESIAN_POINT('',(75.612541692537,4.886057370762,
    31.624971248732));
#1876 = CARTESIAN_POINT('',(75.752245253733,4.978016869039,
    31.610752326098));
#1877 = CARTESIAN_POINT('',(75.879228743855,5.094033919648,
    31.592260269488));
#1878 = CARTESIAN_POINT('',(76.055541937135,5.321335518785,
    31.55457572965));
#1879 = CARTESIAN_POINT('',(76.116533721504,5.418625977305,
    31.538155169756));
#1880 = CARTESIAN_POINT('',(76.168184759764,5.52469632615,
    31.519871244965));
#1881 = CARTESIAN_POINT('',(76.208514580747,5.637953722243,
    31.499868153175));
#1882 = CARTESIAN_POINT('',(76.236078671024,5.756417679765,
    31.478389972437));
#1883 = CARTESIAN_POINT('',(76.25,5.877871333856,31.455779873821));
#1884 = CARTESIAN_POINT('',(76.25,6.,31.432467291003));
#1885 = PCURVE('',#136,#1886);
#1886 = DEFINITIONAL_REPRESENTATION('',(#1887),#1938);
#1887 = B_SPLINE_CURVE_WITH_KNOTS('',7,(#1888,#1889,#1890,#1891,#1892,
    #1893,#1894,#1895,#1896,#1897,#1898,#1899,#1900,#1901,#1902,#1903,
    #1904,#1905,#1906,#1907,#1908,#1909,#1910,#1911,#1912,#1913,#1914,
    #1915,#1916,#1917,#1918,#1919,#1920,#1921,#1922,#1923,#1924,#1925,
    #1926,#1927,#1928,#1929,#1930,#1931,#1932,#1933,#1934,#1935,#1936,
    #1937),.UNSPECIFIED.,.T.,.F.,(8,6,6,6,6,6,6,6,8),(0.,0.135528713633,
    0.248745457043,0.381338645367,0.513018407627,0.627549858009,
    0.760668786852,0.907901473892,1.),.UNSPECIFIED.);
#1888 = CARTESIAN_POINT('',(-1.382179940619,-77.25));
#1889 = CARTESIAN_POINT('',(-1.376619042284,-77.25));
#1890 = CARTESIAN_POINT('',(-1.371169106509,-77.22148450934));
#1891 = CARTESIAN_POINT('',(-1.366003806356,-77.16662775295));
#1892 = CARTESIAN_POINT('',(-1.361273804961,-77.08877941476));
#1893 = CARTESIAN_POINT('',(-1.357098492019,-76.99236550138));
#1894 = CARTESIAN_POINT('',(-1.353554124171,-76.88276130899));
#1895 = CARTESIAN_POINT('',(-1.348237126672,-76.66870660422));
#1896 = CARTESIAN_POINT('',(-1.346230192194,-76.56482115637));
#1897 = CARTESIAN_POINT('',(-1.344632583583,-76.45619887556));
#1898 = CARTESIAN_POINT('',(-1.343439366606,-76.34425068208));
#1899 = CARTESIAN_POINT('',(-1.342645950637,-76.2301808982));
#1900 = CARTESIAN_POINT('',(-1.342249374133,-76.11507910897));
#1901 = CARTESIAN_POINT('',(-1.342249374133,-75.86522571212));
#1902 = CARTESIAN_POINT('',(-1.342793285808,-75.7305550744));
#1903 = CARTESIAN_POINT('',(-1.343879701329,-75.59854976138));
#1904 = CARTESIAN_POINT('',(-1.345490925332,-75.47170602421));
#1905 = CARTESIAN_POINT('',(-1.347595804095,-75.35235442443));
#1906 = CARTESIAN_POINT('',(-1.3501517119,-75.24260189339));
#1907 = CARTESIAN_POINT('',(-1.356039327493,-75.04670742625));
#1908 = CARTESIAN_POINT('',(-1.359483045316,-74.95649795744));
#1909 = CARTESIAN_POINT('',(-1.363408159707,-74.87825626315));
#1910 = CARTESIAN_POINT('',(-1.36774638393,-74.81585345229));
#1911 = CARTESIAN_POINT('',(-1.372400777874,-74.77236775522));
#1912 = CARTESIAN_POINT('',(-1.377254867767,-74.75));
#1913 = CARTESIAN_POINT('',(-1.386463634084,-74.75));
#1914 = CARTESIAN_POINT('',(-1.390743111418,-74.7669217651));
#1915 = CARTESIAN_POINT('',(-1.394936844242,-74.80076006589));
#1916 = CARTESIAN_POINT('',(-1.398965148665,-74.85102918759));
#1917 = CARTESIAN_POINT('',(-1.402752141622,-74.91678143349));
#1918 = CARTESIAN_POINT('',(-1.406228615316,-74.99663185607));
#1919 = CARTESIAN_POINT('',(-1.412947318697,-75.19590292955));
#1920 = CARTESIAN_POINT('',(-1.415933841578,-75.31590176324));
#1921 = CARTESIAN_POINT('',(-1.418300266128,-75.44491128193));
#1922 = CARTESIAN_POINT('',(-1.420059891896,-75.58002342525));
#1923 = CARTESIAN_POINT('',(-1.421226008086,-75.71888468163));
#1924 = CARTESIAN_POINT('',(-1.421808245687,-75.85949528715));
#1925 = CARTESIAN_POINT('',(-1.421808245687,-76.15540153901));
#1926 = CARTESIAN_POINT('',(-1.421096008263,-76.31103359459));
#1927 = CARTESIAN_POINT('',(-1.419667605934,-76.46434766359));
#1928 = CARTESIAN_POINT('',(-1.417508340762,-76.61254169253));
#1929 = CARTESIAN_POINT('',(-1.414600486757,-76.75224525373));
#1930 = CARTESIAN_POINT('',(-1.410929260119,-76.87922874385));
#1931 = CARTESIAN_POINT('',(-1.40372912574,-77.05554193713));
#1932 = CARTESIAN_POINT('',(-1.400645812103,-77.1165337215));
#1933 = CARTESIAN_POINT('',(-1.397282263413,-77.16818475976));
#1934 = CARTESIAN_POINT('',(-1.393688251749,-77.20851458074));
#1935 = CARTESIAN_POINT('',(-1.389925965562,-77.23607867102));
#1936 = CARTESIAN_POINT('',(-1.386065371089,-77.25));
#1937 = CARTESIAN_POINT('',(-1.382179940619,-77.25));
#1938 = ( GEOMETRIC_REPRESENTATION_CONTEXT(2) 
PARAMETRIC_REPRESENTATION_CONTEXT() REPRESENTATION_CONTEXT('2D SPACE',''
  ) );
#1939 = PCURVE('',#1940,#1945);
#1940 = CYLINDRICAL_SURFACE('',#1941,1.25);
#1941 = AXIS2_PLACEMENT_3D('',#1942,#1943,#1944);
#1942 = CARTESIAN_POINT('',(75.,6.,25.));
#1943 = DIRECTION('',(-0.,-0.,-1.));
#1944 = DIRECTION('',(1.,0.,0.));
#1945 = DEFINITIONAL_REPRESENTATION('',(#1946),#1997);
#1946 = B_SPLINE_CURVE_WITH_KNOTS('',7,(#1947,#1948,#1949,#1950,#1951,
    #1952,#1953,#1954,#1955,#1956,#1957,#1958,#1959,#1960,#1961,#1962,
    #1963,#1964,#1965,#1966,#1967,#1968,#1969,#1970,#1971,#1972,#1973,
    #1974,#1975,#1976,#1977,#1978,#1979,#1980,#1981,#1982,#1983,#1984,
    #1985,#1986,#1987,#1988,#1989,#1990,#1991,#1992,#1993,#1994,#1995,
    #1996),.UNSPECIFIED.,.F.,.F.,(8,6,6,6,6,6,6,6,8),(0.,0.135528713633,
    0.248745457043,0.381338645367,0.513018407627,0.627549858009,
    0.760668786852,0.907901473892,1.),.UNSPECIFIED.);
#1947 = CARTESIAN_POINT('',(0.,-6.432467291003));
#1948 = CARTESIAN_POINT('',(-0.13983420404,-6.399101900988));
#1949 = CARTESIAN_POINT('',(-0.276704990805,-6.365268261018));
#1950 = CARTESIAN_POINT('',(-0.410716260769,-6.332091710564));
#1951 = CARTESIAN_POINT('',(-0.541734178857,-6.300768595615));
#1952 = CARTESIAN_POINT('',(-0.669393772743,-6.272450517203));
#1953 = CARTESIAN_POINT('',(-0.792981249809,-6.247989324503));
#1954 = CARTESIAN_POINT('',(-1.009702983055,-6.210835774223));
#1955 = CARTESIAN_POINT('',(-1.106078450621,-6.196598524937));
#1956 = CARTESIAN_POINT('',(-1.20073573077,-6.185139597665));
#1957 = CARTESIAN_POINT('',(-1.29412281451,-6.176519498586));
#1958 = CARTESIAN_POINT('',(-1.386651015839,-6.170767342034));
#1959 = CARTESIAN_POINT('',(-1.478733039615,-6.16789213277));
#1960 = CARTESIAN_POINT('',(-1.678615757094,-6.16789213277));
#1961 = CARTESIAN_POINT('',(-1.78635182115,-6.171835376993));
#1962 = CARTESIAN_POINT('',(-1.894004759841,-6.179712296528));
#1963 = CARTESIAN_POINT('',(-2.001605530379,-6.191334999015));
#1964 = CARTESIAN_POINT('',(-2.109215847503,-6.206364227697));
#1965 = CARTESIAN_POINT('',(-2.216915731584,-6.224346611906));
#1966 = CARTESIAN_POINT('',(-2.431898335519,-6.265037164287));
#1967 = CARTESIAN_POINT('',(-2.543468419562,-6.288523150388));
#1968 = CARTESIAN_POINT('',(-2.658367563375,-6.314828329762));
#1969 = CARTESIAN_POINT('',(-2.775947882289,-6.343243492459));
#1970 = CARTESIAN_POINT('',(-2.895822563705,-6.372903314176));
#1971 = CARTESIAN_POINT('',(-3.017746900513,-6.402916853888));
#1972 = CARTESIAN_POINT('',(-3.249310297366,-6.458169451793));
#1973 = CARTESIAN_POINT('',(-3.357024400128,-6.483173470687));
#1974 = CARTESIAN_POINT('',(-3.464724361629,-6.506991408423));
#1975 = CARTESIAN_POINT('',(-3.572427447805,-6.529224466622));
#1976 = CARTESIAN_POINT('',(-3.680147078686,-6.549569075207));
#1977 = CARTESIAN_POINT('',(-3.787874650279,-6.567809003833));
#1978 = CARTESIAN_POINT('',(-4.020753961877,-6.602372137927));
#1979 = CARTESIAN_POINT('',(-4.141524127352,-6.617255137399));
#1980 = CARTESIAN_POINT('',(-4.259025217373,-6.628766684384));
#1981 = CARTESIAN_POINT('',(-4.374087170301,-6.637192691241));
#1982 = CARTESIAN_POINT('',(-4.487496979922,-6.64273166677));
#1983 = CARTESIAN_POINT('',(-4.599985210107,-6.645497310044));
#1984 = CARTESIAN_POINT('',(-4.836710211597,-6.645497310044));
#1985 = CARTESIAN_POINT('',(-4.961215231598,-6.642114142012));
#1986 = CARTESIAN_POINT('',(-5.0870077996,-6.63532944049));
#1987 = CARTESIAN_POINT('',(-5.215014361143,-6.624971248732));
#1988 = CARTESIAN_POINT('',(-5.34627531748,-6.610752326098));
#1989 = CARTESIAN_POINT('',(-5.481876337487,-6.592260269488));
#1990 = CARTESIAN_POINT('',(-5.71201001564,-6.55457572965));
#1991 = CARTESIAN_POINT('',(-5.803415131417,-6.538155169756));
#1992 = CARTESIAN_POINT('',(-5.896926108465,-6.519871244965));
#1993 = CARTESIAN_POINT('',(-5.992023985516,-6.499868153175));
#1994 = CARTESIAN_POINT('',(-6.088319786174,-6.478389972437));
#1995 = CARTESIAN_POINT('',(-6.185482374264,-6.455779873821));
#1996 = CARTESIAN_POINT('',(-6.28318530718,-6.432467291003));
#1997 = ( GEOMETRIC_REPRESENTATION_CONTEXT(2) 
PARAMETRIC_REPRESENTATION_CONTEXT() REPRESENTATION_CONTEXT('2D SPACE',''
  ) );
#1998 = FACE_BOUND('',#1999,.T.);
#1999 = EDGE_LOOP('',(#2000));
#2000 = ORIENTED_EDGE('',*,*,#2001,.T.);
#2001 = EDGE_CURVE('',#2002,#2002,#2004,.T.);
#2002 = VERTEX_POINT('',#2003);
#2003 = CARTESIAN_POINT('',(26.25,6.,31.432467291003));
#2004 = SURFACE_CURVE('',#2005,(#2056,#2110),.PCURVE_S1.);
#2005 = B_SPLINE_CURVE_WITH_KNOTS('',7,(#2006,#2007,#2008,#2009,#2010,
    #2011,#2012,#2013,#2014,#2015,#2016,#2017,#2018,#2019,#2020,#2021,
    #2022,#2023,#2024,#2025,#2026,#2027,#2028,#2029,#2030,#2031,#2032,
    #2033,#2034,#2035,#2036,#2037,#2038,#2039,#2040,#2041,#2042,#2043,
    #2044,#2045,#2046,#2047,#2048,#2049,#2050,#2051,#2052,#2053,#2054,
    #2055),.UNSPECIFIED.,.T.,.F.,(8,6,6,6,6,6,6,6,8),(0.,0.135528713631,
    0.24874545704,0.38133864537,0.513018407627,0.627549858014,
    0.760668786855,0.907901473893,1.),.UNSPECIFIED.);
#2006 = CARTESIAN_POINT('',(26.25,6.,31.432467291003));
#2007 = CARTESIAN_POINT('',(26.25,6.17479275505,31.399101900988));
#2008 = CARTESIAN_POINT('',(26.221484509348,6.345881198948,
    31.365268261018));
#2009 = CARTESIAN_POINT('',(26.166627752959,6.507813224483,
    31.332091710564));
#2010 = CARTESIAN_POINT('',(26.088779414765,6.655900984926,
    31.300768595615));
#2011 = CARTESIAN_POINT('',(25.992365501389,6.786477156933,
    31.272450517203));
#2012 = CARTESIAN_POINT('',(25.882761308999,6.897228209553,
    31.247989324503));
#2013 = CARTESIAN_POINT('',(25.668706604229,7.063266058286,
    31.210835774223));
#2014 = CARTESIAN_POINT('',(25.56482115637,7.125890344969,
    31.196598524937));
#2015 = CARTESIAN_POINT('',(25.45619887556,7.175713221575,
    31.185139597665));
#2016 = CARTESIAN_POINT('',(25.344250682081,7.212910422449,
    31.176519498586));
#2017 = CARTESIAN_POINT('',(25.230180898205,7.237639553926,
    31.170767342034));
#2018 = CARTESIAN_POINT('',(25.115079108975,7.25,31.16789213277));
#2019 = CARTESIAN_POINT('',(24.865225712118,7.25,31.16789213277));
#2020 = CARTESIAN_POINT('',(24.73055507442,7.233047379082,
    31.171835376993));
#2021 = CARTESIAN_POINT('',(24.598549761386,7.199186238304,
    31.179712296527));
#2022 = CARTESIAN_POINT('',(24.471706024209,7.148954076312,
    31.191334999015));
#2023 = CARTESIAN_POINT('',(24.352354424429,7.083295685958,
    31.206364227699));
#2024 = CARTESIAN_POINT('',(24.242601893401,7.003507271197,
    31.224346611905));
#2025 = CARTESIAN_POINT('',(24.046707426258,6.819550122006,
    31.265037164287));
#2026 = CARTESIAN_POINT('',(23.956497957444,6.711882456946,
    31.288523150388));
#2027 = CARTESIAN_POINT('',(23.878256263155,6.589062723659,
    31.314828329762));
#2028 = CARTESIAN_POINT('',(23.81585345229,6.45317535458,31.343243492459
    ));
#2029 = CARTESIAN_POINT('',(23.772367755229,6.307213521322,
    31.372903314176));
#2030 = CARTESIAN_POINT('',(23.75,6.154807191346,31.402916853888));
#2031 = CARTESIAN_POINT('',(23.75,5.865352945273,31.458169451794));
#2032 = CARTESIAN_POINT('',(23.766921765106,5.730709988502,
    31.483173470686));
#2033 = CARTESIAN_POINT('',(23.800760065894,5.598638122203,
    31.506991408422));
#2034 = CARTESIAN_POINT('',(23.851029187593,5.471661456956,
    31.529224466623));
#2035 = CARTESIAN_POINT('',(23.916781433499,5.352195995512,
    31.549569075208));
#2036 = CARTESIAN_POINT('',(23.996631856071,5.242453737909,
    31.567809003832));
#2037 = CARTESIAN_POINT('',(24.195902929557,5.03025159774,
    31.602372137927));
#2038 = CARTESIAN_POINT('',(24.315901763242,4.935847592513,
    31.617255137399));
#2039 = CARTESIAN_POINT('',(24.444911281936,4.861001588591,
    31.628766684384));
#2040 = CARTESIAN_POINT('',(24.580023425253,4.805327536908,
    31.637192691241));
#2041 = CARTESIAN_POINT('',(24.718884681637,4.768425195543,
    31.64273166677));
#2042 = CARTESIAN_POINT('',(24.859495287152,4.75,31.645497310044));
#2043 = CARTESIAN_POINT('',(25.155401539016,4.75,31.645497310044));
#2044 = CARTESIAN_POINT('',(25.311033594596,4.77253909849,
    31.642114142012));
#2045 = CARTESIAN_POINT('',(25.464347663592,4.817741646383,
    31.635329440491));
#2046 = CARTESIAN_POINT('',(25.612541692537,4.886057370762,
    31.624971248732));
#2047 = CARTESIAN_POINT('',(25.752245253733,4.978016869039,
    31.610752326098));
#2048 = CARTESIAN_POINT('',(25.879228743855,5.094033919648,
    31.592260269488));
#2049 = CARTESIAN_POINT('',(26.055541937135,5.321335518785,
    31.55457572965));
#2050 = CARTESIAN_POINT('',(26.116533721504,5.418625977305,
    31.538155169756));
#2051 = CARTESIAN_POINT('',(26.168184759764,5.52469632615,
    31.519871244965));
#2052 = CARTESIAN_POINT('',(26.208514580747,5.637953722243,
    31.499868153175));
#2053 = CARTESIAN_POINT('',(26.236078671024,5.756417679765,
    31.478389972437));
#2054 = CARTESIAN_POINT('',(26.25,5.877871333855,31.455779873821));
#2055 = CARTESIAN_POINT('',(26.25,6.,31.432467291003));
#2056 = PCURVE('',#136,#2057);
#2057 = DEFINITIONAL_REPRESENTATION('',(#2058),#2109);
#2058 = B_SPLINE_CURVE_WITH_KNOTS('',7,(#2059,#2060,#2061,#2062,#2063,
    #2064,#2065,#2066,#2067,#2068,#2069,#2070,#2071,#2072,#2073,#2074,
    #2075,#2076,#2077,#2078,#2079,#2080,#2081,#2082,#2083,#2084,#2085,
    #2086,#2087,#2088,#2089,#2090,#2091,#2092,#2093,#2094,#2095,#2096,
    #2097,#2098,#2099,#2100,#2101,#2102,#2103,#2104,#2105,#2106,#2107,
    #2108),.UNSPECIFIED.,.T.,.F.,(8,6,6,6,6,6,6,6,8),(0.,0.135528713631,
    0.24874545704,0.38133864537,0.513018407627,0.627549858014,
    0.760668786855,0.907901473893,1.),.UNSPECIFIED.);
#2059 = CARTESIAN_POINT('',(-1.382179940619,-27.25));
#2060 = CARTESIAN_POINT('',(-1.376619042284,-27.25));
#2061 = CARTESIAN_POINT('',(-1.371169106509,-27.22148450934));
#2062 = CARTESIAN_POINT('',(-1.366003806356,-27.16662775295));
#2063 = CARTESIAN_POINT('',(-1.361273804961,-27.08877941476));
#2064 = CARTESIAN_POINT('',(-1.357098492019,-26.99236550138));
#2065 = CARTESIAN_POINT('',(-1.353554124171,-26.88276130899));
#2066 = CARTESIAN_POINT('',(-1.348237126672,-26.66870660422));
#2067 = CARTESIAN_POINT('',(-1.346230192194,-26.56482115637));
#2068 = CARTESIAN_POINT('',(-1.344632583583,-26.45619887556));
#2069 = CARTESIAN_POINT('',(-1.343439366606,-26.34425068208));
#2070 = CARTESIAN_POINT('',(-1.342645950637,-26.2301808982));
#2071 = CARTESIAN_POINT('',(-1.342249374133,-26.11507910897));
#2072 = CARTESIAN_POINT('',(-1.342249374133,-25.86522571211));
#2073 = CARTESIAN_POINT('',(-1.342793285808,-25.73055507442));
#2074 = CARTESIAN_POINT('',(-1.343879701329,-25.59854976138));
#2075 = CARTESIAN_POINT('',(-1.345490925332,-25.4717060242));
#2076 = CARTESIAN_POINT('',(-1.347595804095,-25.35235442442));
#2077 = CARTESIAN_POINT('',(-1.3501517119,-25.2426018934));
#2078 = CARTESIAN_POINT('',(-1.356039327493,-25.04670742625));
#2079 = CARTESIAN_POINT('',(-1.359483045316,-24.95649795744));
#2080 = CARTESIAN_POINT('',(-1.363408159707,-24.87825626315));
#2081 = CARTESIAN_POINT('',(-1.36774638393,-24.81585345229));
#2082 = CARTESIAN_POINT('',(-1.372400777874,-24.77236775522));
#2083 = CARTESIAN_POINT('',(-1.377254867767,-24.75));
#2084 = CARTESIAN_POINT('',(-1.386463634085,-24.75));
#2085 = CARTESIAN_POINT('',(-1.390743111418,-24.7669217651));
#2086 = CARTESIAN_POINT('',(-1.394936844241,-24.80076006589));
#2087 = CARTESIAN_POINT('',(-1.398965148665,-24.85102918759));
#2088 = CARTESIAN_POINT('',(-1.402752141622,-24.91678143349));
#2089 = CARTESIAN_POINT('',(-1.406228615316,-24.99663185607));
#2090 = CARTESIAN_POINT('',(-1.412947318697,-25.19590292955));
#2091 = CARTESIAN_POINT('',(-1.415933841578,-25.31590176324));
#2092 = CARTESIAN_POINT('',(-1.418300266128,-25.44491128193));
#2093 = CARTESIAN_POINT('',(-1.420059891896,-25.58002342525));
#2094 = CARTESIAN_POINT('',(-1.421226008086,-25.71888468163));
#2095 = CARTESIAN_POINT('',(-1.421808245687,-25.85949528715));
#2096 = CARTESIAN_POINT('',(-1.421808245687,-26.15540153901));
#2097 = CARTESIAN_POINT('',(-1.421096008263,-26.31103359459));
#2098 = CARTESIAN_POINT('',(-1.419667605934,-26.46434766359));
#2099 = CARTESIAN_POINT('',(-1.417508340762,-26.61254169253));
#2100 = CARTESIAN_POINT('',(-1.414600486757,-26.75224525373));
#2101 = CARTESIAN_POINT('',(-1.410929260119,-26.87922874385));
#2102 = CARTESIAN_POINT('',(-1.40372912574,-27.05554193713));
#2103 = CARTESIAN_POINT('',(-1.400645812103,-27.1165337215));
#2104 = CARTESIAN_POINT('',(-1.397282263413,-27.16818475976));
#2105 = CARTESIAN_POINT('',(-1.393688251749,-27.20851458074));
#2106 = CARTESIAN_POINT('',(-1.389925965562,-27.23607867102));
#2107 = CARTESIAN_POINT('',(-1.386065371089,-27.25));
#2108 = CARTESIAN_POINT('',(-1.382179940619,-27.25));
#2109 = ( GEOMETRIC_REPRESENTATION_CONTEXT(2) 
PARAMETRIC_REPRESENTATION_CONTEXT() REPRESENTATION_CONTEXT('2D SPACE',''
  ) );
#2110 = PCURVE('',#2111,#2116);
#2111 = CYLINDRICAL_SURFACE('',#2112,1.25);
#2112 = AXIS2_PLACEMENT_3D('',#2113,#2114,#2115);
#2113 = CARTESIAN_POINT('',(25.,6.,25.));
#2114 = DIRECTION('',(-0.,-0.,-1.));
#2115 = DIRECTION('',(1.,0.,0.));
#2116 = DEFINITIONAL_REPRESENTATION('',(#2117),#2168);
#2117 = B_SPLINE_CURVE_WITH_KNOTS('',7,(#2118,#2119,#2120,#2121,#2122,
    #2123,#2124,#2125,#2126,#2127,#2128,#2129,#2130,#2131,#2132,#2133,
    #2134,#2135,#2136,#2137,#2138,#2139,#2140,#2141,#2142,#2143,#2144,
    #2145,#2146,#2147,#2148,#2149,#2150,#2151,#2152,#2153,#2154,#2155,
    #2156,#2157,#2158,#2159,#2160,#2161,#2162,#2163,#2164,#2165,#2166,
    #2167),.UNSPECIFIED.,.F.,.F.,(8,6,6,6,6,6,6,6,8),(0.,0.135528713631,
    0.24874545704,0.38133864537,0.513018407627,0.627549858014,
    0.760668786855,0.907901473893,1.),.UNSPECIFIED.);
#2118 = CARTESIAN_POINT('',(0.,-6.432467291003));
#2119 = CARTESIAN_POINT('',(-0.13983420404,-6.399101900988));
#2120 = CARTESIAN_POINT('',(-0.276704990805,-6.365268261018));
#2121 = CARTESIAN_POINT('',(-0.410716260769,-6.332091710564));
#2122 = CARTESIAN_POINT('',(-0.541734178857,-6.300768595615));
#2123 = CARTESIAN_POINT('',(-0.669393772743,-6.272450517203));
#2124 = CARTESIAN_POINT('',(-0.792981249809,-6.247989324503));
#2125 = CARTESIAN_POINT('',(-1.009702983055,-6.210835774223));
#2126 = CARTESIAN_POINT('',(-1.106078450621,-6.196598524937));
#2127 = CARTESIAN_POINT('',(-1.20073573077,-6.185139597665));
#2128 = CARTESIAN_POINT('',(-1.29412281451,-6.176519498586));
#2129 = CARTESIAN_POINT('',(-1.386651015839,-6.170767342034));
#2130 = CARTESIAN_POINT('',(-1.478733039615,-6.16789213277));
#2131 = CARTESIAN_POINT('',(-1.6786157571,-6.16789213277));
#2132 = CARTESIAN_POINT('',(-1.786351821142,-6.171835376993));
#2133 = CARTESIAN_POINT('',(-1.894004759835,-6.179712296527));
#2134 = CARTESIAN_POINT('',(-2.001605530385,-6.191334999015));
#2135 = CARTESIAN_POINT('',(-2.109215847511,-6.206364227699));
#2136 = CARTESIAN_POINT('',(-2.216915731579,-6.224346611905));
#2137 = CARTESIAN_POINT('',(-2.431898335519,-6.265037164287));
#2138 = CARTESIAN_POINT('',(-2.543468419562,-6.288523150388));
#2139 = CARTESIAN_POINT('',(-2.658367563375,-6.314828329762));
#2140 = CARTESIAN_POINT('',(-2.775947882289,-6.343243492459));
#2141 = CARTESIAN_POINT('',(-2.895822563705,-6.372903314176));
#2142 = CARTESIAN_POINT('',(-3.017746900513,-6.402916853888));
#2143 = CARTESIAN_POINT('',(-3.249310297371,-6.458169451794));
#2144 = CARTESIAN_POINT('',(-3.357024400123,-6.483173470686));
#2145 = CARTESIAN_POINT('',(-3.464724361624,-6.506991408422));
#2146 = CARTESIAN_POINT('',(-3.572427447809,-6.529224466623));
#2147 = CARTESIAN_POINT('',(-3.680147078692,-6.549569075208));
#2148 = CARTESIAN_POINT('',(-3.787874650273,-6.567809003832));
#2149 = CARTESIAN_POINT('',(-4.020753961877,-6.602372137927));
#2150 = CARTESIAN_POINT('',(-4.141524127351,-6.617255137399));
#2151 = CARTESIAN_POINT('',(-4.259025217374,-6.628766684384));
#2152 = CARTESIAN_POINT('',(-4.374087170301,-6.637192691241));
#2153 = CARTESIAN_POINT('',(-4.487496979922,-6.64273166677));
#2154 = CARTESIAN_POINT('',(-4.599985210106,-6.645497310044));
#2155 = CARTESIAN_POINT('',(-4.836710211597,-6.645497310044));
#2156 = CARTESIAN_POINT('',(-4.961215231598,-6.642114142012));
#2157 = CARTESIAN_POINT('',(-5.087007799601,-6.63532944049));
#2158 = CARTESIAN_POINT('',(-5.215014361142,-6.624971248732));
#2159 = CARTESIAN_POINT('',(-5.34627531748,-6.610752326098));
#2160 = CARTESIAN_POINT('',(-5.481876337486,-6.592260269488));
#2161 = CARTESIAN_POINT('',(-5.71201001564,-6.55457572965));
#2162 = CARTESIAN_POINT('',(-5.803415131417,-6.538155169756));
#2163 = CARTESIAN_POINT('',(-5.896926108465,-6.519871244965));
#2164 = CARTESIAN_POINT('',(-5.992023985516,-6.499868153175));
#2165 = CARTESIAN_POINT('',(-6.088319786174,-6.478389972437));
#2166 = CARTESIAN_POINT('',(-6.185482374264,-6.455779873821));
#2167 = CARTESIAN_POINT('',(-6.28318530718,-6.432467291003));
#2168 = ( GEOMETRIC_REPRESENTATION_CONTEXT(2) 
PARAMETRIC_REPRESENTATION_CONTEXT() REPRESENTATION_CONTEXT('2D SPACE',''
  ) );
#2169 = ADVANCED_FACE('',(#2170),#104,.F.);
#2170 = FACE_BOUND('',#2171,.F.);
#2171 = EDGE_LOOP('',(#2172,#2193,#2212,#2213));
#2172 = ORIENTED_EDGE('',*,*,#2173,.F.);
#2173 = EDGE_CURVE('',#2174,#57,#2176,.T.);
#2174 = VERTEX_POINT('',#2175);
#2175 = CARTESIAN_POINT('',(150.,0.3,33.998676444826));
#2176 = SURFACE_CURVE('',#2177,(#2181,#2187),.PCURVE_S1.);
#2177 = LINE('',#2178,#2179);
#2178 = CARTESIAN_POINT('',(-1.,0.3,33.998676444826));
#2179 = VECTOR('',#2180,1.);
#2180 = DIRECTION('',(-1.,-0.,-0.));
#2181 = PCURVE('',#104,#2182);
#2182 = DEFINITIONAL_REPRESENTATION('',(#2183),#2186);
#2183 = B_SPLINE_CURVE_WITH_KNOTS('',1,(#2184,#2185),.UNSPECIFIED.,.F.,
  .F.,(2,2),(-152.0000006,5.999999999062E-07),.PIECEWISE_BEZIER_KNOTS.);
#2184 = CARTESIAN_POINT('',(233.99867644482,161.0000006));
#2185 = CARTESIAN_POINT('',(233.99867644482,8.9999994));
#2186 = ( GEOMETRIC_REPRESENTATION_CONTEXT(2) 
PARAMETRIC_REPRESENTATION_CONTEXT() REPRESENTATION_CONTEXT('2D SPACE',''
  ) );
#2187 = PCURVE('',#77,#2188);
#2188 = DEFINITIONAL_REPRESENTATION('',(#2189),#2192);
#2189 = B_SPLINE_CURVE_WITH_KNOTS('',1,(#2190,#2191),.UNSPECIFIED.,.F.,
  .F.,(2,2),(-152.0000006,5.999999999062E-07),.PIECEWISE_BEZIER_KNOTS.);
#2190 = CARTESIAN_POINT('',(-1.561972682887,-152.0000006));
#2191 = CARTESIAN_POINT('',(-1.561972682887,5.999999999062E-07));
#2192 = ( GEOMETRIC_REPRESENTATION_CONTEXT(2) 
PARAMETRIC_REPRESENTATION_CONTEXT() REPRESENTATION_CONTEXT('2D SPACE',''
  ) );
#2193 = ORIENTED_EDGE('',*,*,#2194,.F.);
#2194 = EDGE_CURVE('',#1096,#2174,#2195,.T.);
#2195 = SURFACE_CURVE('',#2196,(#2200,#2206),.PCURVE_S1.);
#2196 = LINE('',#2197,#2198);
#2197 = CARTESIAN_POINT('',(150.,0.3,-98.5));
#2198 = VECTOR('',#2199,1.);
#2199 = DIRECTION('',(0.,0.,1.));
#2200 = PCURVE('',#104,#2201);
#2201 = DEFINITIONAL_REPRESENTATION('',(#2202),#2205);
#2202 = B_SPLINE_CURVE_WITH_KNOTS('',1,(#2203,#2204),.UNSPECIFIED.,.F.,
  .F.,(2,2),(101.5,132.49867644482),.PIECEWISE_BEZIER_KNOTS.);
#2203 = CARTESIAN_POINT('',(203.,160.));
#2204 = CARTESIAN_POINT('',(233.99867644482,160.));
#2205 = ( GEOMETRIC_REPRESENTATION_CONTEXT(2) 
PARAMETRIC_REPRESENTATION_CONTEXT() REPRESENTATION_CONTEXT('2D SPACE',''
  ) );
#2206 = PCURVE('',#251,#2207);
#2207 = DEFINITIONAL_REPRESENTATION('',(#2208),#2211);
#2208 = B_SPLINE_CURVE_WITH_KNOTS('',1,(#2209,#2210),.UNSPECIFIED.,.F.,
  .F.,(2,2),(101.5,132.49867644482),.PIECEWISE_BEZIER_KNOTS.);
#2209 = CARTESIAN_POINT('',(0.,-14.3));
#2210 = CARTESIAN_POINT('',(30.998676444826,-14.3));
#2211 = ( GEOMETRIC_REPRESENTATION_CONTEXT(2) 
PARAMETRIC_REPRESENTATION_CONTEXT() REPRESENTATION_CONTEXT('2D SPACE',''
  ) );
#2212 = ORIENTED_EDGE('',*,*,#1123,.T.);
#2213 = ORIENTED_EDGE('',*,*,#89,.T.);
#2214 = ADVANCED_FACE('',(#2215),#77,.F.);
#2215 = FACE_BOUND('',#2216,.T.);
#2216 = EDGE_LOOP('',(#2217,#2218,#2219,#2220,#2246,#2247,#2275,#2301));
#2217 = ORIENTED_EDGE('',*,*,#362,.T.);
#2218 = ORIENTED_EDGE('',*,*,#56,.T.);
#2219 = ORIENTED_EDGE('',*,*,#2173,.F.);
#2220 = ORIENTED_EDGE('',*,*,#2221,.F.);
#2221 = EDGE_CURVE('',#234,#2174,#2222,.T.);
#2222 = SURFACE_CURVE('',#2223,(#2228,#2235),.PCURVE_S1.);
#2223 = CIRCLE('',#2224,34.);
#2224 = AXIS2_PLACEMENT_3D('',#2225,#2226,#2227);
#2225 = CARTESIAN_POINT('',(150.,0.,0.));
#2226 = DIRECTION('',(-1.,0.,0.));
#2227 = DIRECTION('',(0.,1.,0.));
#2228 = PCURVE('',#77,#2229);
#2229 = DEFINITIONAL_REPRESENTATION('',(#2230),#2234);
#2230 = LINE('',#2231,#2232);
#2231 = CARTESIAN_POINT('',(-6.28318530718,-151.));
#2232 = VECTOR('',#2233,1.);
#2233 = DIRECTION('',(1.,-0.));
#2234 = ( GEOMETRIC_REPRESENTATION_CONTEXT(2) 
PARAMETRIC_REPRESENTATION_CONTEXT() REPRESENTATION_CONTEXT('2D SPACE',''
  ) );
#2235 = PCURVE('',#251,#2236);
#2236 = DEFINITIONAL_REPRESENTATION('',(#2237),#2245);
#2237 = ( BOUNDED_CURVE() B_SPLINE_CURVE(2,(#2238,#2239,#2240,#2241,
#2242,#2243,#2244),.UNSPECIFIED.,.T.,.F.) B_SPLINE_CURVE_WITH_KNOTS((1,2
    ,2,2,2,1),(-2.094395102393,0.,2.094395102393,4.188790204786,
6.28318530718,8.377580409573),.UNSPECIFIED.) CURVE() 
GEOMETRIC_REPRESENTATION_ITEM() RATIONAL_B_SPLINE_CURVE((1.,0.5,1.,0.5,
1.,0.5,1.)) REPRESENTATION_ITEM('') );
#2238 = CARTESIAN_POINT('',(-3.,-48.));
#2239 = CARTESIAN_POINT('',(-61.88972745734,-48.));
#2240 = CARTESIAN_POINT('',(-32.44486372867,3.));
#2241 = CARTESIAN_POINT('',(-3.,54.));
#2242 = CARTESIAN_POINT('',(26.444863728671,3.));
#2243 = CARTESIAN_POINT('',(55.889727457342,-48.));
#2244 = CARTESIAN_POINT('',(-3.,-48.));
#2245 = ( GEOMETRIC_REPRESENTATION_CONTEXT(2) 
PARAMETRIC_REPRESENTATION_CONTEXT() REPRESENTATION_CONTEXT('2D SPACE',''
  ) );
#2246 = ORIENTED_EDGE('',*,*,#263,.T.);
#2247 = ORIENTED_EDGE('',*,*,#2248,.T.);
#2248 = EDGE_CURVE('',#264,#2249,#2251,.T.);
#2249 = VERTEX_POINT('',#2250);
#2250 = CARTESIAN_POINT('',(100.2,-0.7,33.992793353886));
#2251 = SURFACE_CURVE('',#2252,(#2257,#2264),.PCURVE_S1.);
#2252 = CIRCLE('',#2253,34.);
#2253 = AXIS2_PLACEMENT_3D('',#2254,#2255,#2256);
#2254 = CARTESIAN_POINT('',(100.2,0.,0.));
#2255 = DIRECTION('',(-1.,0.,0.));
#2256 = DIRECTION('',(0.,1.,0.));
#2257 = PCURVE('',#77,#2258);
#2258 = DEFINITIONAL_REPRESENTATION('',(#2259),#2263);
#2259 = LINE('',#2260,#2261);
#2260 = CARTESIAN_POINT('',(-6.28318530718,-101.2));
#2261 = VECTOR('',#2262,1.);
#2262 = DIRECTION('',(1.,-0.));
#2263 = ( GEOMETRIC_REPRESENTATION_CONTEXT(2) 
PARAMETRIC_REPRESENTATION_CONTEXT() REPRESENTATION_CONTEXT('2D SPACE',''
  ) );
#2264 = PCURVE('',#299,#2265);
#2265 = DEFINITIONAL_REPRESENTATION('',(#2266),#2274);
#2266 = ( BOUNDED_CURVE() B_SPLINE_CURVE(2,(#2267,#2268,#2269,#2270,
#2271,#2272,#2273),.UNSPECIFIED.,.T.,.F.) B_SPLINE_CURVE_WITH_KNOTS((1,2
    ,2,2,2,1),(-2.094395102393,0.,2.094395102393,4.188790204786,
6.28318530718,8.377580409573),.UNSPECIFIED.) CURVE() 
GEOMETRIC_REPRESENTATION_ITEM() RATIONAL_B_SPLINE_CURVE((1.,0.5,1.,0.5,
1.,0.5,1.)) REPRESENTATION_ITEM('') );
#2267 = CARTESIAN_POINT('',(0.,-50.));
#2268 = CARTESIAN_POINT('',(-58.88972745734,-50.));
#2269 = CARTESIAN_POINT('',(-29.44486372867,1.));
#2270 = CARTESIAN_POINT('',(-8.327598234202E-15,52.));
#2271 = CARTESIAN_POINT('',(29.444863728671,1.));
#2272 = CARTESIAN_POINT('',(58.889727457342,-50.));
#2273 = CARTESIAN_POINT('',(0.,-50.));
#2274 = ( GEOMETRIC_REPRESENTATION_CONTEXT(2) 
PARAMETRIC_REPRESENTATION_CONTEXT() REPRESENTATION_CONTEXT('2D SPACE',''
  ) );
#2275 = ORIENTED_EDGE('',*,*,#2276,.T.);
#2276 = EDGE_CURVE('',#2249,#2277,#2279,.T.);
#2277 = VERTEX_POINT('',#2278);
#2278 = CARTESIAN_POINT('',(79.8,-0.7,33.992793353886));
#2279 = SURFACE_CURVE('',#2280,(#2284,#2290),.PCURVE_S1.);
#2280 = LINE('',#2281,#2282);
#2281 = CARTESIAN_POINT('',(-1.,-0.7,33.992793353886));
#2282 = VECTOR('',#2283,1.);
#2283 = DIRECTION('',(-1.,-0.,-0.));
#2284 = PCURVE('',#77,#2285);
#2285 = DEFINITIONAL_REPRESENTATION('',(#2286),#2289);
#2286 = B_SPLINE_CURVE_WITH_KNOTS('',1,(#2287,#2288),.UNSPECIFIED.,.F.,
  .F.,(2,2),(-103.24,-78.76),.PIECEWISE_BEZIER_KNOTS.);
#2287 = CARTESIAN_POINT('',(-1.591386016841,-103.24));
#2288 = CARTESIAN_POINT('',(-1.591386016841,-78.76));
#2289 = ( GEOMETRIC_REPRESENTATION_CONTEXT(2) 
PARAMETRIC_REPRESENTATION_CONTEXT() REPRESENTATION_CONTEXT('2D SPACE',''
  ) );
#2290 = PCURVE('',#2291,#2296);
#2291 = PLANE('',#2292);
#2292 = AXIS2_PLACEMENT_3D('',#2293,#2294,#2295);
#2293 = CARTESIAN_POINT('',(79.8,-0.7,0.));
#2294 = DIRECTION('',(0.,1.,0.));
#2295 = DIRECTION('',(0.,0.,1.));
#2296 = DEFINITIONAL_REPRESENTATION('',(#2297),#2300);
#2297 = B_SPLINE_CURVE_WITH_KNOTS('',1,(#2298,#2299),.UNSPECIFIED.,.F.,
  .F.,(2,2),(-103.24,-78.76),.PIECEWISE_BEZIER_KNOTS.);
#2298 = CARTESIAN_POINT('',(33.992793353886,22.44));
#2299 = CARTESIAN_POINT('',(33.992793353886,-2.04));
#2300 = ( GEOMETRIC_REPRESENTATION_CONTEXT(2) 
PARAMETRIC_REPRESENTATION_CONTEXT() REPRESENTATION_CONTEXT('2D SPACE',''
  ) );
#2301 = ORIENTED_EDGE('',*,*,#2302,.F.);
#2302 = EDGE_CURVE('',#337,#2277,#2303,.T.);
#2303 = SURFACE_CURVE('',#2304,(#2309,#2316),.PCURVE_S1.);
#2304 = CIRCLE('',#2305,34.);
#2305 = AXIS2_PLACEMENT_3D('',#2306,#2307,#2308);
#2306 = CARTESIAN_POINT('',(79.8,0.,0.));
#2307 = DIRECTION('',(-1.,0.,0.));
#2308 = DIRECTION('',(0.,1.,0.));
#2309 = PCURVE('',#77,#2310);
#2310 = DEFINITIONAL_REPRESENTATION('',(#2311),#2315);
#2311 = LINE('',#2312,#2313);
#2312 = CARTESIAN_POINT('',(-6.28318530718,-80.8));
#2313 = VECTOR('',#2314,1.);
#2314 = DIRECTION('',(1.,-0.));
#2315 = ( GEOMETRIC_REPRESENTATION_CONTEXT(2) 
PARAMETRIC_REPRESENTATION_CONTEXT() REPRESENTATION_CONTEXT('2D SPACE',''
  ) );
#2316 = PCURVE('',#351,#2317);
#2317 = DEFINITIONAL_REPRESENTATION('',(#2318),#2326);
#2318 = ( BOUNDED_CURVE() B_SPLINE_CURVE(2,(#2319,#2320,#2321,#2322,
#2323,#2324,#2325),.UNSPECIFIED.,.T.,.F.) B_SPLINE_CURVE_WITH_KNOTS((1,2
    ,2,2,2,1),(-2.094395102393,0.,2.094395102393,4.188790204786,
6.28318530718,8.377580409573),.UNSPECIFIED.) CURVE() 
GEOMETRIC_REPRESENTATION_ITEM() RATIONAL_B_SPLINE_CURVE((1.,0.5,1.,0.5,
1.,0.5,1.)) REPRESENTATION_ITEM('') );
#2319 = CARTESIAN_POINT('',(0.,-50.));
#2320 = CARTESIAN_POINT('',(-58.88972745734,-50.));
#2321 = CARTESIAN_POINT('',(-29.44486372867,1.));
#2322 = CARTESIAN_POINT('',(-8.327598234202E-15,52.));
#2323 = CARTESIAN_POINT('',(29.444863728671,1.));
#2324 = CARTESIAN_POINT('',(58.889727457342,-50.));
#2325 = CARTESIAN_POINT('',(0.,-50.));
#2326 = ( GEOMETRIC_REPRESENTATION_CONTEXT(2) 
PARAMETRIC_REPRESENTATION_CONTEXT() REPRESENTATION_CONTEXT('2D SPACE',''
  ) );
#2327 = ADVANCED_FACE('',(#2328,#2337),#251,.T.);
#2328 = FACE_BOUND('',#2329,.T.);
#2329 = EDGE_LOOP('',(#2330,#2331,#2332,#2333,#2334,#2335,#2336));
#2330 = ORIENTED_EDGE('',*,*,#233,.F.);
#2331 = ORIENTED_EDGE('',*,*,#2221,.T.);
#2332 = ORIENTED_EDGE('',*,*,#2194,.F.);
#2333 = ORIENTED_EDGE('',*,*,#1095,.T.);
#2334 = ORIENTED_EDGE('',*,*,#1070,.T.);
#2335 = ORIENTED_EDGE('',*,*,#1024,.T.);
#2336 = ORIENTED_EDGE('',*,*,#439,.F.);
#2337 = FACE_BOUND('',#2338,.T.);
#2338 = EDGE_LOOP('',(#2339,#2370,#2396,#2425,#2451,#2480,#2506,#2535));
#2339 = ORIENTED_EDGE('',*,*,#2340,.F.);
#2340 = EDGE_CURVE('',#2341,#2343,#2345,.T.);
#2341 = VERTEX_POINT('',#2342);
#2342 = CARTESIAN_POINT('',(150.,8.35,35.85));
#2343 = VERTEX_POINT('',#2344);
#2344 = CARTESIAN_POINT('',(150.,10.85,38.35));
#2345 = SURFACE_CURVE('',#2346,(#2351,#2358),.PCURVE_S1.);
#2346 = CIRCLE('',#2347,2.5);
#2347 = AXIS2_PLACEMENT_3D('',#2348,#2349,#2350);
#2348 = CARTESIAN_POINT('',(150.,8.35,38.35));
#2349 = DIRECTION('',(1.,0.,0.));
#2350 = DIRECTION('',(0.,0.,-1.));
#2351 = PCURVE('',#251,#2352);
#2352 = DEFINITIONAL_REPRESENTATION('',(#2353),#2357);
#2353 = CIRCLE('',#2354,2.5);
#2354 = AXIS2_PLACEMENT_2D('',#2355,#2356);
#2355 = CARTESIAN_POINT('',(35.35,-22.35));
#2356 = DIRECTION('',(-1.,0.));
#2357 = ( GEOMETRIC_REPRESENTATION_CONTEXT(2) 
PARAMETRIC_REPRESENTATION_CONTEXT() REPRESENTATION_CONTEXT('2D SPACE',''
  ) );
#2358 = PCURVE('',#2359,#2364);
#2359 = CYLINDRICAL_SURFACE('',#2360,2.5);
#2360 = AXIS2_PLACEMENT_3D('',#2361,#2362,#2363);
#2361 = CARTESIAN_POINT('',(148.,8.35,38.35));
#2362 = DIRECTION('',(1.,0.,0.));
#2363 = DIRECTION('',(0.,0.,-1.));
#2364 = DEFINITIONAL_REPRESENTATION('',(#2365),#2369);
#2365 = LINE('',#2366,#2367);
#2366 = CARTESIAN_POINT('',(0.,2.));
#2367 = VECTOR('',#2368,1.);
#2368 = DIRECTION('',(1.,0.));
#2369 = ( GEOMETRIC_REPRESENTATION_CONTEXT(2) 
PARAMETRIC_REPRESENTATION_CONTEXT() REPRESENTATION_CONTEXT('2D SPACE',''
  ) );
#2370 = ORIENTED_EDGE('',*,*,#2371,.T.);
#2371 = EDGE_CURVE('',#2341,#2372,#2374,.T.);
#2372 = VERTEX_POINT('',#2373);
#2373 = CARTESIAN_POINT('',(150.,-2.05,35.85));
#2374 = SURFACE_CURVE('',#2375,(#2379,#2385),.PCURVE_S1.);
#2375 = LINE('',#2376,#2377);
#2376 = CARTESIAN_POINT('',(150.,-9.275,35.85));
#2377 = VECTOR('',#2378,1.);
#2378 = DIRECTION('',(0.,-1.,0.));
#2379 = PCURVE('',#251,#2380);
#2380 = DEFINITIONAL_REPRESENTATION('',(#2381),#2384);
#2381 = B_SPLINE_CURVE_WITH_KNOTS('',1,(#2382,#2383),.UNSPECIFIED.,.F.,
  .F.,(2,2),(-17.625,-7.225),.PIECEWISE_BEZIER_KNOTS.);
#2382 = CARTESIAN_POINT('',(32.85,-22.35));
#2383 = CARTESIAN_POINT('',(32.85,-11.95));
#2384 = ( GEOMETRIC_REPRESENTATION_CONTEXT(2) 
PARAMETRIC_REPRESENTATION_CONTEXT() REPRESENTATION_CONTEXT('2D SPACE',''
  ) );
#2385 = PCURVE('',#2386,#2391);
#2386 = PLANE('',#2387);
#2387 = AXIS2_PLACEMENT_3D('',#2388,#2389,#2390);
#2388 = CARTESIAN_POINT('',(148.,-4.55,35.85));
#2389 = DIRECTION('',(0.,0.,1.));
#2390 = DIRECTION('',(0.,1.,0.));
#2391 = DEFINITIONAL_REPRESENTATION('',(#2392),#2395);
#2392 = B_SPLINE_CURVE_WITH_KNOTS('',1,(#2393,#2394),.UNSPECIFIED.,.F.,
  .F.,(2,2),(-17.625,-7.225),.PIECEWISE_BEZIER_KNOTS.);
#2393 = CARTESIAN_POINT('',(12.9,-2.));
#2394 = CARTESIAN_POINT('',(2.5,-2.));
#2395 = ( GEOMETRIC_REPRESENTATION_CONTEXT(2) 
PARAMETRIC_REPRESENTATION_CONTEXT() REPRESENTATION_CONTEXT('2D SPACE',''
  ) );
#2396 = ORIENTED_EDGE('',*,*,#2397,.F.);
#2397 = EDGE_CURVE('',#2398,#2372,#2400,.T.);
#2398 = VERTEX_POINT('',#2399);
#2399 = CARTESIAN_POINT('',(150.,-4.55,38.35));
#2400 = SURFACE_CURVE('',#2401,(#2406,#2413),.PCURVE_S1.);
#2401 = CIRCLE('',#2402,2.5);
#2402 = AXIS2_PLACEMENT_3D('',#2403,#2404,#2405);
#2403 = CARTESIAN_POINT('',(150.,-2.05,38.35));
#2404 = DIRECTION('',(1.,0.,0.));
#2405 = DIRECTION('',(0.,0.,-1.));
#2406 = PCURVE('',#251,#2407);
#2407 = DEFINITIONAL_REPRESENTATION('',(#2408),#2412);
#2408 = CIRCLE('',#2409,2.5);
#2409 = AXIS2_PLACEMENT_2D('',#2410,#2411);
#2410 = CARTESIAN_POINT('',(35.35,-11.95));
#2411 = DIRECTION('',(-1.,0.));
#2412 = ( GEOMETRIC_REPRESENTATION_CONTEXT(2) 
PARAMETRIC_REPRESENTATION_CONTEXT() REPRESENTATION_CONTEXT('2D SPACE',''
  ) );
#2413 = PCURVE('',#2414,#2419);
#2414 = CYLINDRICAL_SURFACE('',#2415,2.5);
#2415 = AXIS2_PLACEMENT_3D('',#2416,#2417,#2418);
#2416 = CARTESIAN_POINT('',(148.,-2.05,38.35));
#2417 = DIRECTION('',(1.,0.,0.));
#2418 = DIRECTION('',(0.,0.,-1.));
#2419 = DEFINITIONAL_REPRESENTATION('',(#2420),#2424);
#2420 = LINE('',#2421,#2422);
#2421 = CARTESIAN_POINT('',(-6.28318530718,2.));
#2422 = VECTOR('',#2423,1.);
#2423 = DIRECTION('',(1.,-0.));
#2424 = ( GEOMETRIC_REPRESENTATION_CONTEXT(2) 
PARAMETRIC_REPRESENTATION_CONTEXT() REPRESENTATION_CONTEXT('2D SPACE',''
  ) );
#2425 = ORIENTED_EDGE('',*,*,#2426,.T.);
#2426 = EDGE_CURVE('',#2398,#2427,#2429,.T.);
#2427 = VERTEX_POINT('',#2428);
#2428 = CARTESIAN_POINT('',(150.,-4.55,42.95));
#2429 = SURFACE_CURVE('',#2430,(#2434,#2440),.PCURVE_S1.);
#2430 = LINE('',#2431,#2432);
#2431 = CARTESIAN_POINT('',(150.,-4.55,24.225));
#2432 = VECTOR('',#2433,1.);
#2433 = DIRECTION('',(0.,-0.,1.));
#2434 = PCURVE('',#251,#2435);
#2435 = DEFINITIONAL_REPRESENTATION('',(#2436),#2439);
#2436 = B_SPLINE_CURVE_WITH_KNOTS('',1,(#2437,#2438),.UNSPECIFIED.,.F.,
  .F.,(2,2),(14.125,18.725),.PIECEWISE_BEZIER_KNOTS.);
#2437 = CARTESIAN_POINT('',(35.35,-9.45));
#2438 = CARTESIAN_POINT('',(39.95,-9.45));
#2439 = ( GEOMETRIC_REPRESENTATION_CONTEXT(2) 
PARAMETRIC_REPRESENTATION_CONTEXT() REPRESENTATION_CONTEXT('2D SPACE',''
  ) );
#2440 = PCURVE('',#2441,#2446);
#2441 = PLANE('',#2442);
#2442 = AXIS2_PLACEMENT_3D('',#2443,#2444,#2445);
#2443 = CARTESIAN_POINT('',(148.,-4.55,45.45));
#2444 = DIRECTION('',(-0.,1.,0.));
#2445 = DIRECTION('',(0.,0.,-1.));
#2446 = DEFINITIONAL_REPRESENTATION('',(#2447),#2450);
#2447 = B_SPLINE_CURVE_WITH_KNOTS('',1,(#2448,#2449),.UNSPECIFIED.,.F.,
  .F.,(2,2),(14.125,18.725),.PIECEWISE_BEZIER_KNOTS.);
#2448 = CARTESIAN_POINT('',(7.1,-2.));
#2449 = CARTESIAN_POINT('',(2.5,-2.));
#2450 = ( GEOMETRIC_REPRESENTATION_CONTEXT(2) 
PARAMETRIC_REPRESENTATION_CONTEXT() REPRESENTATION_CONTEXT('2D SPACE',''
  ) );
#2451 = ORIENTED_EDGE('',*,*,#2452,.F.);
#2452 = EDGE_CURVE('',#2453,#2427,#2455,.T.);
#2453 = VERTEX_POINT('',#2454);
#2454 = CARTESIAN_POINT('',(150.,-2.05,45.45));
#2455 = SURFACE_CURVE('',#2456,(#2461,#2468),.PCURVE_S1.);
#2456 = CIRCLE('',#2457,2.5);
#2457 = AXIS2_PLACEMENT_3D('',#2458,#2459,#2460);
#2458 = CARTESIAN_POINT('',(150.,-2.05,42.95));
#2459 = DIRECTION('',(1.,0.,0.));
#2460 = DIRECTION('',(0.,-0.,1.));
#2461 = PCURVE('',#251,#2462);
#2462 = DEFINITIONAL_REPRESENTATION('',(#2463),#2467);
#2463 = CIRCLE('',#2464,2.5);
#2464 = AXIS2_PLACEMENT_2D('',#2465,#2466);
#2465 = CARTESIAN_POINT('',(39.95,-11.95));
#2466 = DIRECTION('',(1.,0.));
#2467 = ( GEOMETRIC_REPRESENTATION_CONTEXT(2) 
PARAMETRIC_REPRESENTATION_CONTEXT() REPRESENTATION_CONTEXT('2D SPACE',''
  ) );
#2468 = PCURVE('',#2469,#2474);
#2469 = CYLINDRICAL_SURFACE('',#2470,2.5);
#2470 = AXIS2_PLACEMENT_3D('',#2471,#2472,#2473);
#2471 = CARTESIAN_POINT('',(148.,-2.05,42.95));
#2472 = DIRECTION('',(1.,0.,0.));
#2473 = DIRECTION('',(0.,-0.,1.));
#2474 = DEFINITIONAL_REPRESENTATION('',(#2475),#2479);
#2475 = LINE('',#2476,#2477);
#2476 = CARTESIAN_POINT('',(0.,2.));
#2477 = VECTOR('',#2478,1.);
#2478 = DIRECTION('',(1.,0.));
#2479 = ( GEOMETRIC_REPRESENTATION_CONTEXT(2) 
PARAMETRIC_REPRESENTATION_CONTEXT() REPRESENTATION_CONTEXT('2D SPACE',''
  ) );
#2480 = ORIENTED_EDGE('',*,*,#2481,.T.);
#2481 = EDGE_CURVE('',#2453,#2482,#2484,.T.);
#2482 = VERTEX_POINT('',#2483);
#2483 = CARTESIAN_POINT('',(150.,8.35,45.45));
#2484 = SURFACE_CURVE('',#2485,(#2489,#2495),.PCURVE_S1.);
#2485 = LINE('',#2486,#2487);
#2486 = CARTESIAN_POINT('',(150.,-1.575,45.45));
#2487 = VECTOR('',#2488,1.);
#2488 = DIRECTION('',(-0.,1.,0.));
#2489 = PCURVE('',#251,#2490);
#2490 = DEFINITIONAL_REPRESENTATION('',(#2491),#2494);
#2491 = B_SPLINE_CURVE_WITH_KNOTS('',1,(#2492,#2493),.UNSPECIFIED.,.F.,
  .F.,(2,2),(-0.475,9.925),.PIECEWISE_BEZIER_KNOTS.);
#2492 = CARTESIAN_POINT('',(42.45,-11.95));
#2493 = CARTESIAN_POINT('',(42.45,-22.35));
#2494 = ( GEOMETRIC_REPRESENTATION_CONTEXT(2) 
PARAMETRIC_REPRESENTATION_CONTEXT() REPRESENTATION_CONTEXT('2D SPACE',''
  ) );
#2495 = PCURVE('',#2496,#2501);
#2496 = PLANE('',#2497);
#2497 = AXIS2_PLACEMENT_3D('',#2498,#2499,#2500);
#2498 = CARTESIAN_POINT('',(148.,10.85,45.45));
#2499 = DIRECTION('',(0.,0.,-1.));
#2500 = DIRECTION('',(0.,-1.,0.));
#2501 = DEFINITIONAL_REPRESENTATION('',(#2502),#2505);
#2502 = B_SPLINE_CURVE_WITH_KNOTS('',1,(#2503,#2504),.UNSPECIFIED.,.F.,
  .F.,(2,2),(-0.475,9.925),.PIECEWISE_BEZIER_KNOTS.);
#2503 = CARTESIAN_POINT('',(12.9,-2.));
#2504 = CARTESIAN_POINT('',(2.5,-2.));
#2505 = ( GEOMETRIC_REPRESENTATION_CONTEXT(2) 
PARAMETRIC_REPRESENTATION_CONTEXT() REPRESENTATION_CONTEXT('2D SPACE',''
  ) );
#2506 = ORIENTED_EDGE('',*,*,#2507,.F.);
#2507 = EDGE_CURVE('',#2508,#2482,#2510,.T.);
#2508 = VERTEX_POINT('',#2509);
#2509 = CARTESIAN_POINT('',(150.,10.85,42.95));
#2510 = SURFACE_CURVE('',#2511,(#2516,#2523),.PCURVE_S1.);
#2511 = CIRCLE('',#2512,2.5);
#2512 = AXIS2_PLACEMENT_3D('',#2513,#2514,#2515);
#2513 = CARTESIAN_POINT('',(150.,8.35,42.95));
#2514 = DIRECTION('',(1.,0.,0.));
#2515 = DIRECTION('',(-0.,1.,0.));
#2516 = PCURVE('',#251,#2517);
#2517 = DEFINITIONAL_REPRESENTATION('',(#2518),#2522);
#2518 = CIRCLE('',#2519,2.5);
#2519 = AXIS2_PLACEMENT_2D('',#2520,#2521);
#2520 = CARTESIAN_POINT('',(39.95,-22.35));
#2521 = DIRECTION('',(0.,-1.));
#2522 = ( GEOMETRIC_REPRESENTATION_CONTEXT(2) 
PARAMETRIC_REPRESENTATION_CONTEXT() REPRESENTATION_CONTEXT('2D SPACE',''
  ) );
#2523 = PCURVE('',#2524,#2529);
#2524 = CYLINDRICAL_SURFACE('',#2525,2.5);
#2525 = AXIS2_PLACEMENT_3D('',#2526,#2527,#2528);
#2526 = CARTESIAN_POINT('',(148.,8.35,42.95));
#2527 = DIRECTION('',(1.,0.,0.));
#2528 = DIRECTION('',(-0.,1.,0.));
#2529 = DEFINITIONAL_REPRESENTATION('',(#2530),#2534);
#2530 = LINE('',#2531,#2532);
#2531 = CARTESIAN_POINT('',(0.,2.));
#2532 = VECTOR('',#2533,1.);
#2533 = DIRECTION('',(1.,0.));
#2534 = ( GEOMETRIC_REPRESENTATION_CONTEXT(2) 
PARAMETRIC_REPRESENTATION_CONTEXT() REPRESENTATION_CONTEXT('2D SPACE',''
  ) );
#2535 = ORIENTED_EDGE('',*,*,#2536,.T.);
#2536 = EDGE_CURVE('',#2508,#2343,#2537,.T.);
#2537 = SURFACE_CURVE('',#2538,(#2542,#2548),.PCURVE_S1.);
#2538 = LINE('',#2539,#2540);
#2539 = CARTESIAN_POINT('',(150.,10.85,19.425));
#2540 = VECTOR('',#2541,1.);
#2541 = DIRECTION('',(0.,0.,-1.));
#2542 = PCURVE('',#251,#2543);
#2543 = DEFINITIONAL_REPRESENTATION('',(#2544),#2547);
#2544 = B_SPLINE_CURVE_WITH_KNOTS('',1,(#2545,#2546),.UNSPECIFIED.,.F.,
  .F.,(2,2),(-23.525,-18.925),.PIECEWISE_BEZIER_KNOTS.);
#2545 = CARTESIAN_POINT('',(39.95,-24.85));
#2546 = CARTESIAN_POINT('',(35.35,-24.85));
#2547 = ( GEOMETRIC_REPRESENTATION_CONTEXT(2) 
PARAMETRIC_REPRESENTATION_CONTEXT() REPRESENTATION_CONTEXT('2D SPACE',''
  ) );
#2548 = PCURVE('',#2549,#2554);
#2549 = PLANE('',#2550);
#2550 = AXIS2_PLACEMENT_3D('',#2551,#2552,#2553);
#2551 = CARTESIAN_POINT('',(148.,10.85,35.85));
#2552 = DIRECTION('',(0.,-1.,0.));
#2553 = DIRECTION('',(0.,0.,1.));
#2554 = DEFINITIONAL_REPRESENTATION('',(#2555),#2558);
#2555 = B_SPLINE_CURVE_WITH_KNOTS('',1,(#2556,#2557),.UNSPECIFIED.,.F.,
  .F.,(2,2),(-23.525,-18.925),.PIECEWISE_BEZIER_KNOTS.);
#2556 = CARTESIAN_POINT('',(7.1,-2.));
#2557 = CARTESIAN_POINT('',(2.5,-2.));
#2558 = ( GEOMETRIC_REPRESENTATION_CONTEXT(2) 
PARAMETRIC_REPRESENTATION_CONTEXT() REPRESENTATION_CONTEXT('2D SPACE',''
  ) );
#2559 = ADVANCED_FACE('',(#2560),#351,.T.);
#2560 = FACE_BOUND('',#2561,.T.);
#2561 = EDGE_LOOP('',(#2562,#2585,#2586,#2587));
#2562 = ORIENTED_EDGE('',*,*,#2563,.F.);
#2563 = EDGE_CURVE('',#311,#2564,#2566,.T.);
#2564 = VERTEX_POINT('',#2565);
#2565 = CARTESIAN_POINT('',(79.8,-0.7,36.5));
#2566 = SURFACE_CURVE('',#2567,(#2571,#2578),.PCURVE_S1.);
#2567 = LINE('',#2568,#2569);
#2568 = CARTESIAN_POINT('',(79.8,-16.,36.5));
#2569 = VECTOR('',#2570,1.);
#2570 = DIRECTION('',(0.,1.,0.));
#2571 = PCURVE('',#351,#2572);
#2572 = DEFINITIONAL_REPRESENTATION('',(#2573),#2577);
#2573 = LINE('',#2574,#2575);
#2574 = CARTESIAN_POINT('',(36.5,0.));
#2575 = VECTOR('',#2576,1.);
#2576 = DIRECTION('',(0.,-1.));
#2577 = ( GEOMETRIC_REPRESENTATION_CONTEXT(2) 
PARAMETRIC_REPRESENTATION_CONTEXT() REPRESENTATION_CONTEXT('2D SPACE',''
  ) );
#2578 = PCURVE('',#325,#2579);
#2579 = DEFINITIONAL_REPRESENTATION('',(#2580),#2584);
#2580 = LINE('',#2581,#2582);
#2581 = CARTESIAN_POINT('',(0.,0.));
#2582 = VECTOR('',#2583,1.);
#2583 = DIRECTION('',(0.,1.));
#2584 = ( GEOMETRIC_REPRESENTATION_CONTEXT(2) 
PARAMETRIC_REPRESENTATION_CONTEXT() REPRESENTATION_CONTEXT('2D SPACE',''
  ) );
#2585 = ORIENTED_EDGE('',*,*,#336,.T.);
#2586 = ORIENTED_EDGE('',*,*,#2302,.T.);
#2587 = ORIENTED_EDGE('',*,*,#2588,.T.);
#2588 = EDGE_CURVE('',#2277,#2564,#2589,.T.);
#2589 = SURFACE_CURVE('',#2590,(#2594,#2601),.PCURVE_S1.);
#2590 = LINE('',#2591,#2592);
#2591 = CARTESIAN_POINT('',(79.8,-0.7,0.));
#2592 = VECTOR('',#2593,1.);
#2593 = DIRECTION('',(0.,0.,1.));
#2594 = PCURVE('',#351,#2595);
#2595 = DEFINITIONAL_REPRESENTATION('',(#2596),#2600);
#2596 = LINE('',#2597,#2598);
#2597 = CARTESIAN_POINT('',(0.,-15.3));
#2598 = VECTOR('',#2599,1.);
#2599 = DIRECTION('',(1.,0.));
#2600 = ( GEOMETRIC_REPRESENTATION_CONTEXT(2) 
PARAMETRIC_REPRESENTATION_CONTEXT() REPRESENTATION_CONTEXT('2D SPACE',''
  ) );
#2601 = PCURVE('',#2291,#2602);
#2602 = DEFINITIONAL_REPRESENTATION('',(#2603),#2607);
#2603 = LINE('',#2604,#2605);
#2604 = CARTESIAN_POINT('',(0.,0.));
#2605 = VECTOR('',#2606,1.);
#2606 = DIRECTION('',(1.,0.));
#2607 = ( GEOMETRIC_REPRESENTATION_CONTEXT(2) 
PARAMETRIC_REPRESENTATION_CONTEXT() REPRESENTATION_CONTEXT('2D SPACE',''
  ) );
#2608 = ADVANCED_FACE('',(#2609,#2657),#325,.F.);
#2609 = FACE_BOUND('',#2610,.F.);
#2610 = EDGE_LOOP('',(#2611,#2612,#2613,#2636));
#2611 = ORIENTED_EDGE('',*,*,#2563,.F.);
#2612 = ORIENTED_EDGE('',*,*,#310,.T.);
#2613 = ORIENTED_EDGE('',*,*,#2614,.T.);
#2614 = EDGE_CURVE('',#285,#2615,#2617,.T.);
#2615 = VERTEX_POINT('',#2616);
#2616 = CARTESIAN_POINT('',(100.2,-0.7,36.5));
#2617 = SURFACE_CURVE('',#2618,(#2622,#2629),.PCURVE_S1.);
#2618 = LINE('',#2619,#2620);
#2619 = CARTESIAN_POINT('',(100.2,-16.,36.5));
#2620 = VECTOR('',#2621,1.);
#2621 = DIRECTION('',(0.,1.,0.));
#2622 = PCURVE('',#325,#2623);
#2623 = DEFINITIONAL_REPRESENTATION('',(#2624),#2628);
#2624 = LINE('',#2625,#2626);
#2625 = CARTESIAN_POINT('',(20.4,0.));
#2626 = VECTOR('',#2627,1.);
#2627 = DIRECTION('',(0.,1.));
#2628 = ( GEOMETRIC_REPRESENTATION_CONTEXT(2) 
PARAMETRIC_REPRESENTATION_CONTEXT() REPRESENTATION_CONTEXT('2D SPACE',''
  ) );
#2629 = PCURVE('',#299,#2630);
#2630 = DEFINITIONAL_REPRESENTATION('',(#2631),#2635);
#2631 = LINE('',#2632,#2633);
#2632 = CARTESIAN_POINT('',(36.5,0.));
#2633 = VECTOR('',#2634,1.);
#2634 = DIRECTION('',(0.,-1.));
#2635 = ( GEOMETRIC_REPRESENTATION_CONTEXT(2) 
PARAMETRIC_REPRESENTATION_CONTEXT() REPRESENTATION_CONTEXT('2D SPACE',''
  ) );
#2636 = ORIENTED_EDGE('',*,*,#2637,.F.);
#2637 = EDGE_CURVE('',#2564,#2615,#2638,.T.);
#2638 = SURFACE_CURVE('',#2639,(#2643,#2650),.PCURVE_S1.);
#2639 = LINE('',#2640,#2641);
#2640 = CARTESIAN_POINT('',(79.8,-0.7,36.5));
#2641 = VECTOR('',#2642,1.);
#2642 = DIRECTION('',(1.,0.,0.));
#2643 = PCURVE('',#325,#2644);
#2644 = DEFINITIONAL_REPRESENTATION('',(#2645),#2649);
#2645 = LINE('',#2646,#2647);
#2646 = CARTESIAN_POINT('',(0.,15.3));
#2647 = VECTOR('',#2648,1.);
#2648 = DIRECTION('',(1.,0.));
#2649 = ( GEOMETRIC_REPRESENTATION_CONTEXT(2) 
PARAMETRIC_REPRESENTATION_CONTEXT() REPRESENTATION_CONTEXT('2D SPACE',''
  ) );
#2650 = PCURVE('',#2291,#2651);
#2651 = DEFINITIONAL_REPRESENTATION('',(#2652),#2656);
#2652 = LINE('',#2653,#2654);
#2653 = CARTESIAN_POINT('',(36.5,0.));
#2654 = VECTOR('',#2655,1.);
#2655 = DIRECTION('',(0.,1.));
#2656 = ( GEOMETRIC_REPRESENTATION_CONTEXT(2) 
PARAMETRIC_REPRESENTATION_CONTEXT() REPRESENTATION_CONTEXT('2D SPACE',''
  ) );
#2657 = FACE_BOUND('',#2658,.F.);
#2658 = EDGE_LOOP('',(#2659));
#2659 = ORIENTED_EDGE('',*,*,#2660,.T.);
#2660 = EDGE_CURVE('',#2661,#2661,#2663,.T.);
#2661 = VERTEX_POINT('',#2662);
#2662 = CARTESIAN_POINT('',(91.7,-4.,36.5));
#2663 = SURFACE_CURVE('',#2664,(#2669,#2680),.PCURVE_S1.);
#2664 = CIRCLE('',#2665,1.7);
#2665 = AXIS2_PLACEMENT_3D('',#2666,#2667,#2668);
#2666 = CARTESIAN_POINT('',(90.,-4.,36.5));
#2667 = DIRECTION('',(0.,0.,-1.));
#2668 = DIRECTION('',(1.,0.,0.));
#2669 = PCURVE('',#325,#2670);
#2670 = DEFINITIONAL_REPRESENTATION('',(#2671),#2679);
#2671 = ( BOUNDED_CURVE() B_SPLINE_CURVE(2,(#2672,#2673,#2674,#2675,
#2676,#2677,#2678),.UNSPECIFIED.,.T.,.F.) B_SPLINE_CURVE_WITH_KNOTS((1,2
    ,2,2,2,1),(-2.094395102393,0.,2.094395102393,4.188790204786,
6.28318530718,8.377580409573),.UNSPECIFIED.) CURVE() 
GEOMETRIC_REPRESENTATION_ITEM() RATIONAL_B_SPLINE_CURVE((1.,0.5,1.,0.5,
1.,0.5,1.)) REPRESENTATION_ITEM('') );
#2672 = CARTESIAN_POINT('',(11.9,12.));
#2673 = CARTESIAN_POINT('',(11.9,9.055513627133));
#2674 = CARTESIAN_POINT('',(9.35,10.527756813566));
#2675 = CARTESIAN_POINT('',(6.8,12.));
#2676 = CARTESIAN_POINT('',(9.35,13.472243186434));
#2677 = CARTESIAN_POINT('',(11.9,14.944486372867));
#2678 = CARTESIAN_POINT('',(11.9,12.));
#2679 = ( GEOMETRIC_REPRESENTATION_CONTEXT(2) 
PARAMETRIC_REPRESENTATION_CONTEXT() REPRESENTATION_CONTEXT('2D SPACE',''
  ) );
#2680 = PCURVE('',#2681,#2686);
#2681 = CYLINDRICAL_SURFACE('',#2682,1.7);
#2682 = AXIS2_PLACEMENT_3D('',#2683,#2684,#2685);
#2683 = CARTESIAN_POINT('',(90.,-4.,0.));
#2684 = DIRECTION('',(-0.,-0.,-1.));
#2685 = DIRECTION('',(1.,0.,0.));
#2686 = DEFINITIONAL_REPRESENTATION('',(#2687),#2691);
#2687 = LINE('',#2688,#2689);
#2688 = CARTESIAN_POINT('',(-6.28318530718,-36.5));
#2689 = VECTOR('',#2690,1.);
#2690 = DIRECTION('',(1.,-0.));
#2691 = ( GEOMETRIC_REPRESENTATION_CONTEXT(2) 
PARAMETRIC_REPRESENTATION_CONTEXT() REPRESENTATION_CONTEXT('2D SPACE',''
  ) );
#2692 = ADVANCED_FACE('',(#2693),#299,.F.);
#2693 = FACE_BOUND('',#2694,.F.);
#2694 = EDGE_LOOP('',(#2695,#2696,#2697,#2698));
#2695 = ORIENTED_EDGE('',*,*,#2614,.F.);
#2696 = ORIENTED_EDGE('',*,*,#284,.T.);
#2697 = ORIENTED_EDGE('',*,*,#2248,.T.);
#2698 = ORIENTED_EDGE('',*,*,#2699,.T.);
#2699 = EDGE_CURVE('',#2249,#2615,#2700,.T.);
#2700 = SURFACE_CURVE('',#2701,(#2705,#2712),.PCURVE_S1.);
#2701 = LINE('',#2702,#2703);
#2702 = CARTESIAN_POINT('',(100.2,-0.7,0.));
#2703 = VECTOR('',#2704,1.);
#2704 = DIRECTION('',(0.,0.,1.));
#2705 = PCURVE('',#299,#2706);
#2706 = DEFINITIONAL_REPRESENTATION('',(#2707),#2711);
#2707 = LINE('',#2708,#2709);
#2708 = CARTESIAN_POINT('',(0.,-15.3));
#2709 = VECTOR('',#2710,1.);
#2710 = DIRECTION('',(1.,0.));
#2711 = ( GEOMETRIC_REPRESENTATION_CONTEXT(2) 
PARAMETRIC_REPRESENTATION_CONTEXT() REPRESENTATION_CONTEXT('2D SPACE',''
  ) );
#2712 = PCURVE('',#2291,#2713);
#2713 = DEFINITIONAL_REPRESENTATION('',(#2714),#2718);
#2714 = LINE('',#2715,#2716);
#2715 = CARTESIAN_POINT('',(0.,20.4));
#2716 = VECTOR('',#2717,1.);
#2717 = DIRECTION('',(1.,0.));
#2718 = ( GEOMETRIC_REPRESENTATION_CONTEXT(2) 
PARAMETRIC_REPRESENTATION_CONTEXT() REPRESENTATION_CONTEXT('2D SPACE',''
  ) );
#2719 = ADVANCED_FACE('',(#2720),#422,.F.);
#2720 = FACE_BOUND('',#2721,.T.);
#2721 = EDGE_LOOP('',(#2722,#2875,#2896,#2897,#2898));
#2722 = ORIENTED_EDGE('',*,*,#2723,.F.);
#2723 = EDGE_CURVE('',#2724,#2726,#2728,.T.);
#2724 = VERTEX_POINT('',#2725);
#2725 = CARTESIAN_POINT('',(91.,-9.408326913196,39.));
#2726 = VERTEX_POINT('',#2727);
#2727 = CARTESIAN_POINT('',(90.,-9.5,38.));
#2728 = SURFACE_CURVE('',#2729,(#2774,#2822),.PCURVE_S1.);
#2729 = B_SPLINE_CURVE_WITH_KNOTS('',7,(#2730,#2731,#2732,#2733,#2734,
    #2735,#2736,#2737,#2738,#2739,#2740,#2741,#2742,#2743,#2744,#2745,
    #2746,#2747,#2748,#2749,#2750,#2751,#2752,#2753,#2754,#2755,#2756,
    #2757,#2758,#2759,#2760,#2761,#2762,#2763,#2764,#2765,#2766,#2767,
    #2768,#2769,#2770,#2771,#2772,#2773),.UNSPECIFIED.,.T.,.F.,(8,6,6,6,
    6,6,6,8),(0.,0.149179391023,0.287432850713,0.425272597077,
    0.586638664005,0.713645140307,0.84172016685,1.),.UNSPECIFIED.);
#2730 = CARTESIAN_POINT('',(91.,-9.408326913196,39.));
#2731 = CARTESIAN_POINT('',(91.,-9.408326913196,39.121170310065));
#2732 = CARTESIAN_POINT('',(90.982870841307,-9.411494032647,
    39.242443058453));
#2733 = CARTESIAN_POINT('',(90.948559490445,-9.417838522377,
    39.361772822926));
#2734 = CARTESIAN_POINT('',(90.896903301918,-9.427035508886,
    39.476989736487));
#2735 = CARTESIAN_POINT('',(90.827766758125,-9.438400119363,
    39.585617579047));
#2736 = CARTESIAN_POINT('',(90.741132783019,-9.450837013115,
    39.684717867553));
#2737 = CARTESIAN_POINT('',(90.541310851255,-9.474152543143,
    39.850024945891));
#2738 = CARTESIAN_POINT('',(90.428531146645,-9.485311546587,
    39.919765711932));
#2739 = CARTESIAN_POINT('',(90.301518522312,-9.494904636475,
    39.97321651394));
#2740 = CARTESIAN_POINT('',(90.164743676618,-9.501162478027,
    40.006002225916));
#2741 = CARTESIAN_POINT('',(90.023673312776,-9.502949347915,
    40.015870422583));
#2742 = CARTESIAN_POINT('',(89.884113488184,-9.500385730599,
    40.002681272428));
#2743 = CARTESIAN_POINT('',(89.618904141835,-9.488381656246,
    39.934587085924));
#2744 = CARTESIAN_POINT('',(89.496350222325,-9.479104232436,
    39.880612021155));
#2745 = CARTESIAN_POINT('',(89.38622136537,-9.467641813677,
    39.810028419185));
#2746 = CARTESIAN_POINT('',(89.290247530418,-9.455370546163,
    39.726061142554));
#2747 = CARTESIAN_POINT('',(89.209542751652,-9.443596613363,
    39.631919873856));
#2748 = CARTESIAN_POINT('',(89.144588254327,-9.433302913081,
    39.53079216391));
#2749 = CARTESIAN_POINT('',(89.037323496171,-9.415412597551,
    39.30284294966));
#2750 = CARTESIAN_POINT('',(88.99959545502,-9.408380406045,
    39.172085388335));
#2751 = CARTESIAN_POINT('',(88.982729710508,-9.405008503971,
    39.03707827965));
#2752 = CARTESIAN_POINT('',(88.986868736278,-9.405832723933,
    38.901147530186));
#2753 = CARTESIAN_POINT('',(89.011869461987,-9.410728015912,
    38.767357967336));
#2754 = CARTESIAN_POINT('',(89.057509988802,-9.419059595823,
    38.63863335835));
#2755 = CARTESIAN_POINT('',(89.175784269682,-9.438147899241,
    38.423493240103));
#2756 = CARTESIAN_POINT('',(89.241218680295,-9.448109845543,
    38.332782398742));
#2757 = CARTESIAN_POINT('',(89.320044200109,-9.459088437423,
    38.248746788904));
#2758 = CARTESIAN_POINT('',(89.411737257501,-9.470240257517,
    38.174012714729));
#2759 = CARTESIAN_POINT('',(89.515284982149,-9.480517998342,
    38.111168612263));
#2760 = CARTESIAN_POINT('',(89.629177430127,-9.488846652364,
    38.062775181966));
#2761 = CARTESIAN_POINT('',(89.874470340841,-9.499949256322,
    37.999794666986));
#2762 = CARTESIAN_POINT('',(90.00375302479,-9.502573115618,
    37.986075253212));
#2763 = CARTESIAN_POINT('',(90.134845900818,-9.501490035316,
    37.992182301977));
#2764 = CARTESIAN_POINT('',(90.262957481137,-9.496538185944,
    38.018206515567));
#2765 = CARTESIAN_POINT('',(90.383497414939,-9.488503093134,
    38.062528501041));
#2766 = CARTESIAN_POINT('',(90.492582082258,-9.478734456928,
    38.121813853794));
#2767 = CARTESIAN_POINT('',(90.705440834924,-9.455855202717,
    38.276464790064));
#2768 = CARTESIAN_POINT('',(90.804002980042,-9.442273637512,
    38.378573827331));
#2769 = CARTESIAN_POINT('',(90.882713089252,-9.429555834833,
    38.492479391816));
#2770 = CARTESIAN_POINT('',(90.941511036431,-9.419142009344,
    38.614482828085));
#2771 = CARTESIAN_POINT('',(90.980534892265,-9.41192589348,
    38.741492425218));
#2772 = CARTESIAN_POINT('',(91.,-9.408326913196,38.870831416566));
#2773 = CARTESIAN_POINT('',(91.,-9.408326913196,39.));
#2774 = PCURVE('',#422,#2775);
#2775 = DEFINITIONAL_REPRESENTATION('',(#2776),#2821);
#2776 = B_SPLINE_CURVE_WITH_KNOTS('',7,(#2777,#2778,#2779,#2780,#2781,
    #2782,#2783,#2784,#2785,#2786,#2787,#2788,#2789,#2790,#2791,#2792,
    #2793,#2794,#2795,#2796,#2797,#2798,#2799,#2800,#2801,#2802,#2803,
    #2804,#2805,#2806,#2807,#2808,#2809,#2810,#2811,#2812,#2813,#2814,
    #2815,#2816,#2817,#2818,#2819,#2820),.UNSPECIFIED.,.F.,.F.,(8,6,6,6,
    6,6,6,8),(0.,0.149179391023,0.287432850713,0.425272597077,
    0.586638664005,0.713645140307,0.84172016685,1.),.UNSPECIFIED.);
#2777 = CARTESIAN_POINT('',(0.,-6.408326913196));
#2778 = CARTESIAN_POINT('',(-0.121170310065,-6.408326913196));
#2779 = CARTESIAN_POINT('',(-0.242442810394,-6.411494032647));
#2780 = CARTESIAN_POINT('',(-0.364679497559,-6.417838522377));
#2781 = CARTESIAN_POINT('',(-0.488633692201,-6.427035508886));
#2782 = CARTESIAN_POINT('',(-0.615127078877,-6.438400119363));
#2783 = CARTESIAN_POINT('',(-0.745048914022,-6.450837013115));
#2784 = CARTESIAN_POINT('',(-1.004385056051,-6.474152543143));
#2785 = CARTESIAN_POINT('',(-1.135738174536,-6.485311546587));
#2786 = CARTESIAN_POINT('',(-1.27084128258,-6.494904636475));
#2787 = CARTESIAN_POINT('',(-1.408160924125,-6.501162478027));
#2788 = CARTESIAN_POINT('',(-1.546558030872,-6.502949347915));
#2789 = CARTESIAN_POINT('',(-1.685012770527,-6.500385730599));
#2790 = CARTESIAN_POINT('',(-1.958824413132,-6.488381656246));
#2791 = CARTESIAN_POINT('',(-2.090951523475,-6.479104232436));
#2792 = CARTESIAN_POINT('',(-2.219343970382,-6.467641813677));
#2793 = CARTESIAN_POINT('',(-2.344453122894,-6.455370546163));
#2794 = CARTESIAN_POINT('',(-2.46655215139,-6.443596613363));
#2795 = CARTESIAN_POINT('',(-2.585711180014,-6.433302913081));
#2796 = CARTESIAN_POINT('',(-2.837636908393,-6.415412597551));
#2797 = CARTESIAN_POINT('',(-2.972013128186,-6.408380406045));
#2798 = CARTESIAN_POINT('',(-3.10545181553,-6.405008503971));
#2799 = CARTESIAN_POINT('',(-3.238560864518,-6.405832723933));
#2800 = CARTESIAN_POINT('',(-3.372077127789,-6.410728015912));
#2801 = CARTESIAN_POINT('',(-3.506867454488,-6.419059595823));
#2802 = CARTESIAN_POINT('',(-3.752375246619,-6.438147899241));
#2803 = CARTESIAN_POINT('',(-3.863389766546,-6.448109845543));
#2804 = CARTESIAN_POINT('',(-3.977067907831,-6.459088437423));
#2805 = CARTESIAN_POINT('',(-4.093423441238,-6.470240257517));
#2806 = CARTESIAN_POINT('',(-4.212617132772,-6.480517998342));
#2807 = CARTESIAN_POINT('',(-4.334967405397,-6.488846652364));
#2808 = CARTESIAN_POINT('',(-4.588216605423,-6.499949256322));
#2809 = CARTESIAN_POINT('',(-4.716849180837,-6.502573115618));
#2810 = CARTESIAN_POINT('',(-4.845664349959,-6.501490035316));
#2811 = CARTESIAN_POINT('',(-4.973700580136,-6.496538185944));
#2812 = CARTESIAN_POINT('',(-5.099931262307,-6.488503093134));
#2813 = CARTESIAN_POINT('',(-5.223029921267,-6.478734456928));
#2814 = CARTESIAN_POINT('',(-5.486137809168,-6.455855202717));
#2815 = CARTESIAN_POINT('',(-5.625895009024,-6.442273637512));
#2816 = CARTESIAN_POINT('',(-5.761545145132,-6.429555834833));
#2817 = CARTESIAN_POINT('',(-5.894146545903,-6.419142009344));
#2818 = CARTESIAN_POINT('',(-6.024678167403,-6.41192589348));
#2819 = CARTESIAN_POINT('',(-6.154016723746,-6.408326913196));
#2820 = CARTESIAN_POINT('',(-6.28318530718,-6.408326913196));
#2821 = ( GEOMETRIC_REPRESENTATION_CONTEXT(2) 
PARAMETRIC_REPRESENTATION_CONTEXT() REPRESENTATION_CONTEXT('2D SPACE',''
  ) );
#2822 = PCURVE('',#2823,#2828);
#2823 = CYLINDRICAL_SURFACE('',#2824,5.5);
#2824 = AXIS2_PLACEMENT_3D('',#2825,#2826,#2827);
#2825 = CARTESIAN_POINT('',(90.,-4.,38.));
#2826 = DIRECTION('',(-0.,-0.,-1.));
#2827 = DIRECTION('',(1.,0.,0.));
#2828 = DEFINITIONAL_REPRESENTATION('',(#2829),#2874);
#2829 = B_SPLINE_CURVE_WITH_KNOTS('',7,(#2830,#2831,#2832,#2833,#2834,
    #2835,#2836,#2837,#2838,#2839,#2840,#2841,#2842,#2843,#2844,#2845,
    #2846,#2847,#2848,#2849,#2850,#2851,#2852,#2853,#2854,#2855,#2856,
    #2857,#2858,#2859,#2860,#2861,#2862,#2863,#2864,#2865,#2866,#2867,
    #2868,#2869,#2870,#2871,#2872,#2873),.UNSPECIFIED.,.T.,.F.,(8,6,6,6,
    6,6,6,8),(0.,0.149179391023,0.287432850713,0.425272597077,
    0.586638664005,0.713645140307,0.84172016685,1.),.UNSPECIFIED.);
#2830 = CARTESIAN_POINT('',(-4.895224117378,-1.));
#2831 = CARTESIAN_POINT('',(-4.895224117378,-1.121170310065));
#2832 = CARTESIAN_POINT('',(-4.892056929596,-1.242443058453));
#2833 = CARTESIAN_POINT('',(-4.885712785661,-1.361772822926));
#2834 = CARTESIAN_POINT('',(-4.876173166649,-1.476989736487));
#2835 = CARTESIAN_POINT('',(-4.863436895822,-1.585617579047));
#2836 = CARTESIAN_POINT('',(-4.847529346953,-1.684717867553));
#2837 = CARTESIAN_POINT('',(-4.810951605288,-1.850024945891));
#2838 = CARTESIAN_POINT('',(-4.790349309714,-1.919765711932));
#2839 = CARTESIAN_POINT('',(-4.767200290269,-1.97321651394));
#2840 = CARTESIAN_POINT('',(-4.742328660747,-2.006002225916));
#2841 = CARTESIAN_POINT('',(-4.71669771002,-2.015870422583));
#2842 = CARTESIAN_POINT('',(-4.69132800516,-2.002681272428));
#2843 = CARTESIAN_POINT('',(-4.643058755091,-1.934587085924));
#2844 = CARTESIAN_POINT('',(-4.620722744512,-1.880612021155));
#2845 = CARTESIAN_POINT('',(-4.60060269744,-1.810028419185));
#2846 = CARTESIAN_POINT('',(-4.583016354981,-1.726061142554));
#2847 = CARTESIAN_POINT('',(-4.568189304357,-1.631919873856));
#2848 = CARTESIAN_POINT('',(-4.556232402728,-1.53079216391));
#2849 = CARTESIAN_POINT('',(-4.536460319785,-1.30284294966));
#2850 = CARTESIAN_POINT('',(-4.52948380828,-1.172085388335));
#2851 = CARTESIAN_POINT('',(-4.526356180274,-1.03707827965));
#2852 = CARTESIAN_POINT('',(-4.527123578542,-0.901147530186));
#2853 = CARTESIAN_POINT('',(-4.53175590622,-0.767357967336));
#2854 = CARTESIAN_POINT('',(-4.54018952638,-0.63863335835));
#2855 = CARTESIAN_POINT('',(-4.561972201158,-0.423493240103));
#2856 = CARTESIAN_POINT('',(-4.574005886023,-0.332782398742));
#2857 = CARTESIAN_POINT('',(-4.588474500205,-0.248746788904));
#2858 = CARTESIAN_POINT('',(-4.605263262664,-0.174012714729));
#2859 = CARTESIAN_POINT('',(-4.62417361915,-0.111168612263));
#2860 = CARTESIAN_POINT('',(-4.64492853807,-6.277518196552E-02));
#2861 = CARTESIAN_POINT('',(-4.689572910564,2.053330135841E-04));
#2862 = CARTESIAN_POINT('',(-4.713076419403,1.392474678855E-02));
#2863 = CARTESIAN_POINT('',(-4.736896416753,7.817698022366E-03));
#2864 = CARTESIAN_POINT('',(-4.76018857299,-1.82065155664E-02));
#2865 = CARTESIAN_POINT('',(-4.782144374732,-6.252850104132E-02));
#2866 = CARTESIAN_POINT('',(-4.802054138984,-0.121813853794));
#2867 = CARTESIAN_POINT('',(-4.840978651161,-0.276464790064));
#2868 = CARTESIAN_POINT('',(-4.859060297127,-0.378573827331));
#2869 = CARTESIAN_POINT('',(-4.873552746189,-0.492479391816));
#2870 = CARTESIAN_POINT('',(-4.884409549437,-0.614482828085));
#2871 = CARTESIAN_POINT('',(-4.891625006914,-0.741492425218));
#2872 = CARTESIAN_POINT('',(-4.895224117378,-0.870831416566));
#2873 = CARTESIAN_POINT('',(-4.895224117378,-1.));
#2874 = ( GEOMETRIC_REPRESENTATION_CONTEXT(2) 
PARAMETRIC_REPRESENTATION_CONTEXT() REPRESENTATION_CONTEXT('2D SPACE',''
  ) );
#2875 = ORIENTED_EDGE('',*,*,#2876,.T.);
#2876 = EDGE_CURVE('',#2724,#406,#2877,.T.);
#2877 = SEAM_CURVE('',#2878,(#2882,#2889),.PCURVE_S1.);
#2878 = LINE('',#2879,#2880);
#2879 = CARTESIAN_POINT('',(91.,-3.,39.));
#2880 = VECTOR('',#2881,1.);
#2881 = DIRECTION('',(0.,-1.,0.));
#2882 = PCURVE('',#422,#2883);
#2883 = DEFINITIONAL_REPRESENTATION('',(#2884),#2888);
#2884 = LINE('',#2885,#2886);
#2885 = CARTESIAN_POINT('',(-6.28318530718,0.));
#2886 = VECTOR('',#2887,1.);
#2887 = DIRECTION('',(-0.,-1.));
#2888 = ( GEOMETRIC_REPRESENTATION_CONTEXT(2) 
PARAMETRIC_REPRESENTATION_CONTEXT() REPRESENTATION_CONTEXT('2D SPACE',''
  ) );
#2889 = PCURVE('',#422,#2890);
#2890 = DEFINITIONAL_REPRESENTATION('',(#2891),#2895);
#2891 = LINE('',#2892,#2893);
#2892 = CARTESIAN_POINT('',(-0.,0.));
#2893 = VECTOR('',#2894,1.);
#2894 = DIRECTION('',(-0.,-1.));
#2895 = ( GEOMETRIC_REPRESENTATION_CONTEXT(2) 
PARAMETRIC_REPRESENTATION_CONTEXT() REPRESENTATION_CONTEXT('2D SPACE',''
  ) );
#2896 = ORIENTED_EDGE('',*,*,#405,.F.);
#2897 = ORIENTED_EDGE('',*,*,#2876,.F.);
#2898 = ORIENTED_EDGE('',*,*,#2899,.F.);
#2899 = EDGE_CURVE('',#2726,#2724,#2900,.T.);
#2900 = SURFACE_CURVE('',#2901,(#2946,#2994),.PCURVE_S1.);
#2901 = B_SPLINE_CURVE_WITH_KNOTS('',7,(#2902,#2903,#2904,#2905,#2906,
    #2907,#2908,#2909,#2910,#2911,#2912,#2913,#2914,#2915,#2916,#2917,
    #2918,#2919,#2920,#2921,#2922,#2923,#2924,#2925,#2926,#2927,#2928,
    #2929,#2930,#2931,#2932,#2933,#2934,#2935,#2936,#2937,#2938,#2939,
    #2940,#2941,#2942,#2943,#2944,#2945),.UNSPECIFIED.,.T.,.F.,(8,6,6,6,
    6,6,6,8),(0.,0.149179391023,0.287432850713,0.425272597077,
    0.586638664005,0.713645140307,0.84172016685,1.),.UNSPECIFIED.);
#2902 = CARTESIAN_POINT('',(91.,-9.408326913196,39.));
#2903 = CARTESIAN_POINT('',(91.,-9.408326913196,39.121170310065));
#2904 = CARTESIAN_POINT('',(90.982870841307,-9.411494032647,
    39.242443058453));
#2905 = CARTESIAN_POINT('',(90.948559490445,-9.417838522377,
    39.361772822926));
#2906 = CARTESIAN_POINT('',(90.896903301918,-9.427035508886,
    39.476989736487));
#2907 = CARTESIAN_POINT('',(90.827766758125,-9.438400119363,
    39.585617579047));
#2908 = CARTESIAN_POINT('',(90.741132783019,-9.450837013115,
    39.684717867553));
#2909 = CARTESIAN_POINT('',(90.541310851255,-9.474152543143,
    39.850024945891));
#2910 = CARTESIAN_POINT('',(90.428531146645,-9.485311546587,
    39.919765711932));
#2911 = CARTESIAN_POINT('',(90.301518522312,-9.494904636475,
    39.97321651394));
#2912 = CARTESIAN_POINT('',(90.164743676618,-9.501162478027,
    40.006002225916));
#2913 = CARTESIAN_POINT('',(90.023673312776,-9.502949347915,
    40.015870422583));
#2914 = CARTESIAN_POINT('',(89.884113488184,-9.500385730599,
    40.002681272428));
#2915 = CARTESIAN_POINT('',(89.618904141835,-9.488381656246,
    39.934587085924));
#2916 = CARTESIAN_POINT('',(89.496350222325,-9.479104232436,
    39.880612021155));
#2917 = CARTESIAN_POINT('',(89.38622136537,-9.467641813677,
    39.810028419185));
#2918 = CARTESIAN_POINT('',(89.290247530418,-9.455370546163,
    39.726061142554));
#2919 = CARTESIAN_POINT('',(89.209542751652,-9.443596613363,
    39.631919873856));
#2920 = CARTESIAN_POINT('',(89.144588254327,-9.433302913081,
    39.53079216391));
#2921 = CARTESIAN_POINT('',(89.037323496171,-9.415412597551,
    39.30284294966));
#2922 = CARTESIAN_POINT('',(88.99959545502,-9.408380406045,
    39.172085388335));
#2923 = CARTESIAN_POINT('',(88.982729710508,-9.405008503971,
    39.03707827965));
#2924 = CARTESIAN_POINT('',(88.986868736278,-9.405832723933,
    38.901147530186));
#2925 = CARTESIAN_POINT('',(89.011869461987,-9.410728015912,
    38.767357967336));
#2926 = CARTESIAN_POINT('',(89.057509988802,-9.419059595823,
    38.63863335835));
#2927 = CARTESIAN_POINT('',(89.175784269682,-9.438147899241,
    38.423493240103));
#2928 = CARTESIAN_POINT('',(89.241218680295,-9.448109845543,
    38.332782398742));
#2929 = CARTESIAN_POINT('',(89.320044200109,-9.459088437423,
    38.248746788904));
#2930 = CARTESIAN_POINT('',(89.411737257501,-9.470240257517,
    38.174012714729));
#2931 = CARTESIAN_POINT('',(89.515284982149,-9.480517998342,
    38.111168612263));
#2932 = CARTESIAN_POINT('',(89.629177430127,-9.488846652364,
    38.062775181966));
#2933 = CARTESIAN_POINT('',(89.874470340841,-9.499949256322,
    37.999794666986));
#2934 = CARTESIAN_POINT('',(90.00375302479,-9.502573115618,
    37.986075253212));
#2935 = CARTESIAN_POINT('',(90.134845900818,-9.501490035316,
    37.992182301977));
#2936 = CARTESIAN_POINT('',(90.262957481137,-9.496538185944,
    38.018206515567));
#2937 = CARTESIAN_POINT('',(90.383497414939,-9.488503093134,
    38.062528501041));
#2938 = CARTESIAN_POINT('',(90.492582082258,-9.478734456928,
    38.121813853794));
#2939 = CARTESIAN_POINT('',(90.705440834924,-9.455855202717,
    38.276464790064));
#2940 = CARTESIAN_POINT('',(90.804002980042,-9.442273637512,
    38.378573827331));
#2941 = CARTESIAN_POINT('',(90.882713089252,-9.429555834833,
    38.492479391816));
#2942 = CARTESIAN_POINT('',(90.941511036431,-9.419142009344,
    38.614482828085));
#2943 = CARTESIAN_POINT('',(90.980534892265,-9.41192589348,
    38.741492425218));
#2944 = CARTESIAN_POINT('',(91.,-9.408326913196,38.870831416566));
#2945 = CARTESIAN_POINT('',(91.,-9.408326913196,39.));
#2946 = PCURVE('',#422,#2947);
#2947 = DEFINITIONAL_REPRESENTATION('',(#2948),#2993);
#2948 = B_SPLINE_CURVE_WITH_KNOTS('',7,(#2949,#2950,#2951,#2952,#2953,
    #2954,#2955,#2956,#2957,#2958,#2959,#2960,#2961,#2962,#2963,#2964,
    #2965,#2966,#2967,#2968,#2969,#2970,#2971,#2972,#2973,#2974,#2975,
    #2976,#2977,#2978,#2979,#2980,#2981,#2982,#2983,#2984,#2985,#2986,
    #2987,#2988,#2989,#2990,#2991,#2992),.UNSPECIFIED.,.F.,.F.,(8,6,6,6,
    6,6,6,8),(0.,0.149179391023,0.287432850713,0.425272597077,
    0.586638664005,0.713645140307,0.84172016685,1.),.UNSPECIFIED.);
#2949 = CARTESIAN_POINT('',(0.,-6.408326913196));
#2950 = CARTESIAN_POINT('',(-0.121170310065,-6.408326913196));
#2951 = CARTESIAN_POINT('',(-0.242442810394,-6.411494032647));
#2952 = CARTESIAN_POINT('',(-0.364679497559,-6.417838522377));
#2953 = CARTESIAN_POINT('',(-0.488633692201,-6.427035508886));
#2954 = CARTESIAN_POINT('',(-0.615127078877,-6.438400119363));
#2955 = CARTESIAN_POINT('',(-0.745048914022,-6.450837013115));
#2956 = CARTESIAN_POINT('',(-1.004385056051,-6.474152543143));
#2957 = CARTESIAN_POINT('',(-1.135738174536,-6.485311546587));
#2958 = CARTESIAN_POINT('',(-1.27084128258,-6.494904636475));
#2959 = CARTESIAN_POINT('',(-1.408160924125,-6.501162478027));
#2960 = CARTESIAN_POINT('',(-1.546558030872,-6.502949347915));
#2961 = CARTESIAN_POINT('',(-1.685012770527,-6.500385730599));
#2962 = CARTESIAN_POINT('',(-1.958824413132,-6.488381656246));
#2963 = CARTESIAN_POINT('',(-2.090951523475,-6.479104232436));
#2964 = CARTESIAN_POINT('',(-2.219343970382,-6.467641813677));
#2965 = CARTESIAN_POINT('',(-2.344453122894,-6.455370546163));
#2966 = CARTESIAN_POINT('',(-2.46655215139,-6.443596613363));
#2967 = CARTESIAN_POINT('',(-2.585711180014,-6.433302913081));
#2968 = CARTESIAN_POINT('',(-2.837636908393,-6.415412597551));
#2969 = CARTESIAN_POINT('',(-2.972013128186,-6.408380406045));
#2970 = CARTESIAN_POINT('',(-3.10545181553,-6.405008503971));
#2971 = CARTESIAN_POINT('',(-3.238560864518,-6.405832723933));
#2972 = CARTESIAN_POINT('',(-3.372077127789,-6.410728015912));
#2973 = CARTESIAN_POINT('',(-3.506867454488,-6.419059595823));
#2974 = CARTESIAN_POINT('',(-3.752375246619,-6.438147899241));
#2975 = CARTESIAN_POINT('',(-3.863389766546,-6.448109845543));
#2976 = CARTESIAN_POINT('',(-3.977067907831,-6.459088437423));
#2977 = CARTESIAN_POINT('',(-4.093423441238,-6.470240257517));
#2978 = CARTESIAN_POINT('',(-4.212617132772,-6.480517998342));
#2979 = CARTESIAN_POINT('',(-4.334967405397,-6.488846652364));
#2980 = CARTESIAN_POINT('',(-4.588216605423,-6.499949256322));
#2981 = CARTESIAN_POINT('',(-4.716849180837,-6.502573115618));
#2982 = CARTESIAN_POINT('',(-4.845664349959,-6.501490035316));
#2983 = CARTESIAN_POINT('',(-4.973700580136,-6.496538185944));
#2984 = CARTESIAN_POINT('',(-5.099931262307,-6.488503093134));
#2985 = CARTESIAN_POINT('',(-5.223029921267,-6.478734456928));
#2986 = CARTESIAN_POINT('',(-5.486137809168,-6.455855202717));
#2987 = CARTESIAN_POINT('',(-5.625895009024,-6.442273637512));
#2988 = CARTESIAN_POINT('',(-5.761545145132,-6.429555834833));
#2989 = CARTESIAN_POINT('',(-5.894146545903,-6.419142009344));
#2990 = CARTESIAN_POINT('',(-6.024678167403,-6.41192589348));
#2991 = CARTESIAN_POINT('',(-6.154016723746,-6.408326913196));
#2992 = CARTESIAN_POINT('',(-6.28318530718,-6.408326913196));
#2993 = ( GEOMETRIC_REPRESENTATION_CONTEXT(2) 
PARAMETRIC_REPRESENTATION_CONTEXT() REPRESENTATION_CONTEXT('2D SPACE',''
  ) );
#2994 = PCURVE('',#2823,#2995);
#2995 = DEFINITIONAL_REPRESENTATION('',(#2996),#3041);
#2996 = B_SPLINE_CURVE_WITH_KNOTS('',7,(#2997,#2998,#2999,#3000,#3001,
    #3002,#3003,#3004,#3005,#3006,#3007,#3008,#3009,#3010,#3011,#3012,
    #3013,#3014,#3015,#3016,#3017,#3018,#3019,#3020,#3021,#3022,#3023,
    #3024,#3025,#3026,#3027,#3028,#3029,#3030,#3031,#3032,#3033,#3034,
    #3035,#3036,#3037,#3038,#3039,#3040),.UNSPECIFIED.,.T.,.F.,(8,6,6,6,
    6,6,6,8),(0.,0.149179391023,0.287432850713,0.425272597077,
    0.586638664005,0.713645140307,0.84172016685,1.),.UNSPECIFIED.);
#2997 = CARTESIAN_POINT('',(-4.895224117378,-1.));
#2998 = CARTESIAN_POINT('',(-4.895224117378,-1.121170310065));
#2999 = CARTESIAN_POINT('',(-4.892056929596,-1.242443058453));
#3000 = CARTESIAN_POINT('',(-4.885712785661,-1.361772822926));
#3001 = CARTESIAN_POINT('',(-4.876173166649,-1.476989736487));
#3002 = CARTESIAN_POINT('',(-4.863436895822,-1.585617579047));
#3003 = CARTESIAN_POINT('',(-4.847529346953,-1.684717867553));
#3004 = CARTESIAN_POINT('',(-4.810951605288,-1.850024945891));
#3005 = CARTESIAN_POINT('',(-4.790349309714,-1.919765711932));
#3006 = CARTESIAN_POINT('',(-4.767200290269,-1.97321651394));
#3007 = CARTESIAN_POINT('',(-4.742328660747,-2.006002225916));
#3008 = CARTESIAN_POINT('',(-4.71669771002,-2.015870422583));
#3009 = CARTESIAN_POINT('',(-4.69132800516,-2.002681272428));
#3010 = CARTESIAN_POINT('',(-4.643058755091,-1.934587085924));
#3011 = CARTESIAN_POINT('',(-4.620722744512,-1.880612021155));
#3012 = CARTESIAN_POINT('',(-4.60060269744,-1.810028419185));
#3013 = CARTESIAN_POINT('',(-4.583016354981,-1.726061142554));
#3014 = CARTESIAN_POINT('',(-4.568189304357,-1.631919873856));
#3015 = CARTESIAN_POINT('',(-4.556232402728,-1.53079216391));
#3016 = CARTESIAN_POINT('',(-4.536460319785,-1.30284294966));
#3017 = CARTESIAN_POINT('',(-4.52948380828,-1.172085388335));
#3018 = CARTESIAN_POINT('',(-4.526356180274,-1.03707827965));
#3019 = CARTESIAN_POINT('',(-4.527123578542,-0.901147530186));
#3020 = CARTESIAN_POINT('',(-4.53175590622,-0.767357967336));
#3021 = CARTESIAN_POINT('',(-4.54018952638,-0.63863335835));
#3022 = CARTESIAN_POINT('',(-4.561972201158,-0.423493240103));
#3023 = CARTESIAN_POINT('',(-4.574005886023,-0.332782398742));
#3024 = CARTESIAN_POINT('',(-4.588474500205,-0.248746788904));
#3025 = CARTESIAN_POINT('',(-4.605263262664,-0.174012714729));
#3026 = CARTESIAN_POINT('',(-4.62417361915,-0.111168612263));
#3027 = CARTESIAN_POINT('',(-4.64492853807,-6.277518196552E-02));
#3028 = CARTESIAN_POINT('',(-4.689572910564,2.053330135841E-04));
#3029 = CARTESIAN_POINT('',(-4.713076419403,1.392474678855E-02));
#3030 = CARTESIAN_POINT('',(-4.736896416753,7.817698022366E-03));
#3031 = CARTESIAN_POINT('',(-4.76018857299,-1.82065155664E-02));
#3032 = CARTESIAN_POINT('',(-4.782144374732,-6.252850104132E-02));
#3033 = CARTESIAN_POINT('',(-4.802054138984,-0.121813853794));
#3034 = CARTESIAN_POINT('',(-4.840978651161,-0.276464790064));
#3035 = CARTESIAN_POINT('',(-4.859060297127,-0.378573827331));
#3036 = CARTESIAN_POINT('',(-4.873552746189,-0.492479391816));
#3037 = CARTESIAN_POINT('',(-4.884409549437,-0.614482828085));
#3038 = CARTESIAN_POINT('',(-4.891625006914,-0.741492425218));
#3039 = CARTESIAN_POINT('',(-4.895224117378,-0.870831416566));
#3040 = CARTESIAN_POINT('',(-4.895224117378,-1.));
#3041 = ( GEOMETRIC_REPRESENTATION_CONTEXT(2) 
PARAMETRIC_REPRESENTATION_CONTEXT() REPRESENTATION_CONTEXT('2D SPACE',''
  ) );
#3042 = ADVANCED_FACE('',(#3043),#506,.F.);
#3043 = FACE_BOUND('',#3044,.T.);
#3044 = EDGE_LOOP('',(#3045,#3074,#3095,#3096));
#3045 = ORIENTED_EDGE('',*,*,#3046,.F.);
#3046 = EDGE_CURVE('',#3047,#3047,#3049,.T.);
#3047 = VERTEX_POINT('',#3048);
#3048 = CARTESIAN_POINT('',(15.75,-9.5,54.));
#3049 = SURFACE_CURVE('',#3050,(#3055,#3062),.PCURVE_S1.);
#3050 = CIRCLE('',#3051,1.25);
#3051 = AXIS2_PLACEMENT_3D('',#3052,#3053,#3054);
#3052 = CARTESIAN_POINT('',(14.5,-9.5,54.));
#3053 = DIRECTION('',(0.,0.,1.));
#3054 = DIRECTION('',(1.,0.,0.));
#3055 = PCURVE('',#506,#3056);
#3056 = DEFINITIONAL_REPRESENTATION('',(#3057),#3061);
#3057 = LINE('',#3058,#3059);
#3058 = CARTESIAN_POINT('',(-0.,0.));
#3059 = VECTOR('',#3060,1.);
#3060 = DIRECTION('',(-1.,0.));
#3061 = ( GEOMETRIC_REPRESENTATION_CONTEXT(2) 
PARAMETRIC_REPRESENTATION_CONTEXT() REPRESENTATION_CONTEXT('2D SPACE',''
  ) );
#3062 = PCURVE('',#3063,#3068);
#3063 = PLANE('',#3064);
#3064 = AXIS2_PLACEMENT_3D('',#3065,#3066,#3067);
#3065 = CARTESIAN_POINT('',(14.5,-9.5,54.));
#3066 = DIRECTION('',(0.,0.,1.));
#3067 = DIRECTION('',(1.,0.,-0.));
#3068 = DEFINITIONAL_REPRESENTATION('',(#3069),#3073);
#3069 = CIRCLE('',#3070,1.25);
#3070 = AXIS2_PLACEMENT_2D('',#3071,#3072);
#3071 = CARTESIAN_POINT('',(1.7763568394E-15,0.));
#3072 = DIRECTION('',(1.,0.));
#3073 = ( GEOMETRIC_REPRESENTATION_CONTEXT(2) 
PARAMETRIC_REPRESENTATION_CONTEXT() REPRESENTATION_CONTEXT('2D SPACE',''
  ) );
#3074 = ORIENTED_EDGE('',*,*,#3075,.T.);
#3075 = EDGE_CURVE('',#3047,#486,#3076,.T.);
#3076 = SEAM_CURVE('',#3077,(#3081,#3088),.PCURVE_S1.);
#3077 = LINE('',#3078,#3079);
#3078 = CARTESIAN_POINT('',(15.75,-9.5,54.));
#3079 = VECTOR('',#3080,1.);
#3080 = DIRECTION('',(0.,0.,1.));
#3081 = PCURVE('',#506,#3082);
#3082 = DEFINITIONAL_REPRESENTATION('',(#3083),#3087);
#3083 = LINE('',#3084,#3085);
#3084 = CARTESIAN_POINT('',(-6.28318530718,0.));
#3085 = VECTOR('',#3086,1.);
#3086 = DIRECTION('',(-0.,-1.));
#3087 = ( GEOMETRIC_REPRESENTATION_CONTEXT(2) 
PARAMETRIC_REPRESENTATION_CONTEXT() REPRESENTATION_CONTEXT('2D SPACE',''
  ) );
#3088 = PCURVE('',#506,#3089);
#3089 = DEFINITIONAL_REPRESENTATION('',(#3090),#3094);
#3090 = LINE('',#3091,#3092);
#3091 = CARTESIAN_POINT('',(-0.,0.));
#3092 = VECTOR('',#3093,1.);
#3093 = DIRECTION('',(-0.,-1.));
#3094 = ( GEOMETRIC_REPRESENTATION_CONTEXT(2) 
PARAMETRIC_REPRESENTATION_CONTEXT() REPRESENTATION_CONTEXT('2D SPACE',''
  ) );
#3095 = ORIENTED_EDGE('',*,*,#485,.F.);
#3096 = ORIENTED_EDGE('',*,*,#3075,.F.);
#3097 = ADVANCED_FACE('',(#3098),#541,.F.);
#3098 = FACE_BOUND('',#3099,.T.);
#3099 = EDGE_LOOP('',(#3100,#3129,#3150,#3151));
#3100 = ORIENTED_EDGE('',*,*,#3101,.F.);
#3101 = EDGE_CURVE('',#3102,#3102,#3104,.T.);
#3102 = VERTEX_POINT('',#3103);
#3103 = CARTESIAN_POINT('',(97.,-4.,56.45));
#3104 = SURFACE_CURVE('',#3105,(#3110,#3117),.PCURVE_S1.);
#3105 = CIRCLE('',#3106,7.);
#3106 = AXIS2_PLACEMENT_3D('',#3107,#3108,#3109);
#3107 = CARTESIAN_POINT('',(90.,-4.,56.45));
#3108 = DIRECTION('',(0.,0.,1.));
#3109 = DIRECTION('',(1.,0.,0.));
#3110 = PCURVE('',#541,#3111);
#3111 = DEFINITIONAL_REPRESENTATION('',(#3112),#3116);
#3112 = LINE('',#3113,#3114);
#3113 = CARTESIAN_POINT('',(-0.,0.));
#3114 = VECTOR('',#3115,1.);
#3115 = DIRECTION('',(-1.,0.));
#3116 = ( GEOMETRIC_REPRESENTATION_CONTEXT(2) 
PARAMETRIC_REPRESENTATION_CONTEXT() REPRESENTATION_CONTEXT('2D SPACE',''
  ) );
#3117 = PCURVE('',#3118,#3123);
#3118 = PLANE('',#3119);
#3119 = AXIS2_PLACEMENT_3D('',#3120,#3121,#3122);
#3120 = CARTESIAN_POINT('',(90.,-4.,56.45));
#3121 = DIRECTION('',(0.,0.,1.));
#3122 = DIRECTION('',(1.,0.,-0.));
#3123 = DEFINITIONAL_REPRESENTATION('',(#3124),#3128);
#3124 = CIRCLE('',#3125,7.);
#3125 = AXIS2_PLACEMENT_2D('',#3126,#3127);
#3126 = CARTESIAN_POINT('',(1.42108547152E-14,-1.7763568394E-15));
#3127 = DIRECTION('',(1.,0.));
#3128 = ( GEOMETRIC_REPRESENTATION_CONTEXT(2) 
PARAMETRIC_REPRESENTATION_CONTEXT() REPRESENTATION_CONTEXT('2D SPACE',''
  ) );
#3129 = ORIENTED_EDGE('',*,*,#3130,.T.);
#3130 = EDGE_CURVE('',#3102,#521,#3131,.T.);
#3131 = SEAM_CURVE('',#3132,(#3136,#3143),.PCURVE_S1.);
#3132 = LINE('',#3133,#3134);
#3133 = CARTESIAN_POINT('',(97.,-4.,56.45));
#3134 = VECTOR('',#3135,1.);
#3135 = DIRECTION('',(0.,0.,1.));
#3136 = PCURVE('',#541,#3137);
#3137 = DEFINITIONAL_REPRESENTATION('',(#3138),#3142);
#3138 = LINE('',#3139,#3140);
#3139 = CARTESIAN_POINT('',(-6.28318530718,0.));
#3140 = VECTOR('',#3141,1.);
#3141 = DIRECTION('',(-0.,-1.));
#3142 = ( GEOMETRIC_REPRESENTATION_CONTEXT(2) 
PARAMETRIC_REPRESENTATION_CONTEXT() REPRESENTATION_CONTEXT('2D SPACE',''
  ) );
#3143 = PCURVE('',#541,#3144);
#3144 = DEFINITIONAL_REPRESENTATION('',(#3145),#3149);
#3145 = LINE('',#3146,#3147);
#3146 = CARTESIAN_POINT('',(-0.,0.));
#3147 = VECTOR('',#3148,1.);
#3148 = DIRECTION('',(-0.,-1.));
#3149 = ( GEOMETRIC_REPRESENTATION_CONTEXT(2) 
PARAMETRIC_REPRESENTATION_CONTEXT() REPRESENTATION_CONTEXT('2D SPACE',''
  ) );
#3150 = ORIENTED_EDGE('',*,*,#520,.F.);
#3151 = ORIENTED_EDGE('',*,*,#3130,.F.);
#3152 = ADVANCED_FACE('',(#3153),#576,.F.);
#3153 = FACE_BOUND('',#3154,.T.);
#3154 = EDGE_LOOP('',(#3155,#3184,#3205,#3206));
#3155 = ORIENTED_EDGE('',*,*,#3156,.F.);
#3156 = EDGE_CURVE('',#3157,#3157,#3159,.T.);
#3157 = VERTEX_POINT('',#3158);
#3158 = CARTESIAN_POINT('',(146.75,-9.5,54.));
#3159 = SURFACE_CURVE('',#3160,(#3165,#3172),.PCURVE_S1.);
#3160 = CIRCLE('',#3161,1.25);
#3161 = AXIS2_PLACEMENT_3D('',#3162,#3163,#3164);
#3162 = CARTESIAN_POINT('',(145.5,-9.5,54.));
#3163 = DIRECTION('',(0.,0.,1.));
#3164 = DIRECTION('',(1.,0.,0.));
#3165 = PCURVE('',#576,#3166);
#3166 = DEFINITIONAL_REPRESENTATION('',(#3167),#3171);
#3167 = LINE('',#3168,#3169);
#3168 = CARTESIAN_POINT('',(-0.,0.));
#3169 = VECTOR('',#3170,1.);
#3170 = DIRECTION('',(-1.,0.));
#3171 = ( GEOMETRIC_REPRESENTATION_CONTEXT(2) 
PARAMETRIC_REPRESENTATION_CONTEXT() REPRESENTATION_CONTEXT('2D SPACE',''
  ) );
#3172 = PCURVE('',#3173,#3178);
#3173 = PLANE('',#3174);
#3174 = AXIS2_PLACEMENT_3D('',#3175,#3176,#3177);
#3175 = CARTESIAN_POINT('',(145.5,-9.5,54.));
#3176 = DIRECTION('',(0.,0.,1.));
#3177 = DIRECTION('',(1.,0.,-0.));
#3178 = DEFINITIONAL_REPRESENTATION('',(#3179),#3183);
#3179 = CIRCLE('',#3180,1.25);
#3180 = AXIS2_PLACEMENT_2D('',#3181,#3182);
#3181 = CARTESIAN_POINT('',(0.,0.));
#3182 = DIRECTION('',(1.,0.));
#3183 = ( GEOMETRIC_REPRESENTATION_CONTEXT(2) 
PARAMETRIC_REPRESENTATION_CONTEXT() REPRESENTATION_CONTEXT('2D SPACE',''
  ) );
#3184 = ORIENTED_EDGE('',*,*,#3185,.T.);
#3185 = EDGE_CURVE('',#3157,#556,#3186,.T.);
#3186 = SEAM_CURVE('',#3187,(#3191,#3198),.PCURVE_S1.);
#3187 = LINE('',#3188,#3189);
#3188 = CARTESIAN_POINT('',(146.75,-9.5,54.));
#3189 = VECTOR('',#3190,1.);
#3190 = DIRECTION('',(0.,0.,1.));
#3191 = PCURVE('',#576,#3192);
#3192 = DEFINITIONAL_REPRESENTATION('',(#3193),#3197);
#3193 = LINE('',#3194,#3195);
#3194 = CARTESIAN_POINT('',(-6.28318530718,0.));
#3195 = VECTOR('',#3196,1.);
#3196 = DIRECTION('',(-0.,-1.));
#3197 = ( GEOMETRIC_REPRESENTATION_CONTEXT(2) 
PARAMETRIC_REPRESENTATION_CONTEXT() REPRESENTATION_CONTEXT('2D SPACE',''
  ) );
#3198 = PCURVE('',#576,#3199);
#3199 = DEFINITIONAL_REPRESENTATION('',(#3200),#3204);
#3200 = LINE('',#3201,#3202);
#3201 = CARTESIAN_POINT('',(-0.,0.));
#3202 = VECTOR('',#3203,1.);
#3203 = DIRECTION('',(-0.,-1.));
#3204 = ( GEOMETRIC_REPRESENTATION_CONTEXT(2) 
PARAMETRIC_REPRESENTATION_CONTEXT() REPRESENTATION_CONTEXT('2D SPACE',''
  ) );
#3205 = ORIENTED_EDGE('',*,*,#555,.F.);
#3206 = ORIENTED_EDGE('',*,*,#3185,.F.);
#3207 = ADVANCED_FACE('',(#3208),#611,.F.);
#3208 = FACE_BOUND('',#3209,.T.);
#3209 = EDGE_LOOP('',(#3210,#3239,#3260,#3261));
#3210 = ORIENTED_EDGE('',*,*,#3211,.F.);
#3211 = EDGE_CURVE('',#3212,#3212,#3214,.T.);
#3212 = VERTEX_POINT('',#3213);
#3213 = CARTESIAN_POINT('',(15.75,38.5,54.));
#3214 = SURFACE_CURVE('',#3215,(#3220,#3227),.PCURVE_S1.);
#3215 = CIRCLE('',#3216,1.25);
#3216 = AXIS2_PLACEMENT_3D('',#3217,#3218,#3219);
#3217 = CARTESIAN_POINT('',(14.5,38.5,54.));
#3218 = DIRECTION('',(0.,0.,1.));
#3219 = DIRECTION('',(1.,0.,0.));
#3220 = PCURVE('',#611,#3221);
#3221 = DEFINITIONAL_REPRESENTATION('',(#3222),#3226);
#3222 = LINE('',#3223,#3224);
#3223 = CARTESIAN_POINT('',(-0.,0.));
#3224 = VECTOR('',#3225,1.);
#3225 = DIRECTION('',(-1.,0.));
#3226 = ( GEOMETRIC_REPRESENTATION_CONTEXT(2) 
PARAMETRIC_REPRESENTATION_CONTEXT() REPRESENTATION_CONTEXT('2D SPACE',''
  ) );
#3227 = PCURVE('',#3228,#3233);
#3228 = PLANE('',#3229);
#3229 = AXIS2_PLACEMENT_3D('',#3230,#3231,#3232);
#3230 = CARTESIAN_POINT('',(14.5,38.5,54.));
#3231 = DIRECTION('',(0.,0.,1.));
#3232 = DIRECTION('',(1.,0.,-0.));
#3233 = DEFINITIONAL_REPRESENTATION('',(#3234),#3238);
#3234 = CIRCLE('',#3235,1.25);
#3235 = AXIS2_PLACEMENT_2D('',#3236,#3237);
#3236 = CARTESIAN_POINT('',(0.,-7.105427357601E-15));
#3237 = DIRECTION('',(1.,0.));
#3238 = ( GEOMETRIC_REPRESENTATION_CONTEXT(2) 
PARAMETRIC_REPRESENTATION_CONTEXT() REPRESENTATION_CONTEXT('2D SPACE',''
  ) );
#3239 = ORIENTED_EDGE('',*,*,#3240,.T.);
#3240 = EDGE_CURVE('',#3212,#591,#3241,.T.);
#3241 = SEAM_CURVE('',#3242,(#3246,#3253),.PCURVE_S1.);
#3242 = LINE('',#3243,#3244);
#3243 = CARTESIAN_POINT('',(15.75,38.5,54.));
#3244 = VECTOR('',#3245,1.);
#3245 = DIRECTION('',(0.,0.,1.));
#3246 = PCURVE('',#611,#3247);
#3247 = DEFINITIONAL_REPRESENTATION('',(#3248),#3252);
#3248 = LINE('',#3249,#3250);
#3249 = CARTESIAN_POINT('',(-6.28318530718,0.));
#3250 = VECTOR('',#3251,1.);
#3251 = DIRECTION('',(-0.,-1.));
#3252 = ( GEOMETRIC_REPRESENTATION_CONTEXT(2) 
PARAMETRIC_REPRESENTATION_CONTEXT() REPRESENTATION_CONTEXT('2D SPACE',''
  ) );
#3253 = PCURVE('',#611,#3254);
#3254 = DEFINITIONAL_REPRESENTATION('',(#3255),#3259);
#3255 = LINE('',#3256,#3257);
#3256 = CARTESIAN_POINT('',(-0.,0.));
#3257 = VECTOR('',#3258,1.);
#3258 = DIRECTION('',(-0.,-1.));
#3259 = ( GEOMETRIC_REPRESENTATION_CONTEXT(2) 
PARAMETRIC_REPRESENTATION_CONTEXT() REPRESENTATION_CONTEXT('2D SPACE',''
  ) );
#3260 = ORIENTED_EDGE('',*,*,#590,.F.);
#3261 = ORIENTED_EDGE('',*,*,#3240,.F.);
#3262 = ADVANCED_FACE('',(#3263),#644,.F.);
#3263 = FACE_BOUND('',#3264,.F.);
#3264 = EDGE_LOOP('',(#3265,#3288,#3317,#3338));
#3265 = ORIENTED_EDGE('',*,*,#3266,.F.);
#3266 = EDGE_CURVE('',#3267,#626,#3269,.T.);
#3267 = VERTEX_POINT('',#3268);
#3268 = CARTESIAN_POINT('',(147.,36.,38.));
#3269 = SURFACE_CURVE('',#3270,(#3274,#3281),.PCURVE_S1.);
#3270 = LINE('',#3271,#3272);
#3271 = CARTESIAN_POINT('',(147.,36.,38.));
#3272 = VECTOR('',#3273,1.);
#3273 = DIRECTION('',(0.,0.,1.));
#3274 = PCURVE('',#644,#3275);
#3275 = DEFINITIONAL_REPRESENTATION('',(#3276),#3280);
#3276 = LINE('',#3277,#3278);
#3277 = CARTESIAN_POINT('',(0.,0.));
#3278 = VECTOR('',#3279,1.);
#3279 = DIRECTION('',(0.,1.));
#3280 = ( GEOMETRIC_REPRESENTATION_CONTEXT(2) 
PARAMETRIC_REPRESENTATION_CONTEXT() REPRESENTATION_CONTEXT('2D SPACE',''
  ) );
#3281 = PCURVE('',#672,#3282);
#3282 = DEFINITIONAL_REPRESENTATION('',(#3283),#3287);
#3283 = LINE('',#3284,#3285);
#3284 = CARTESIAN_POINT('',(47.,0.));
#3285 = VECTOR('',#3286,1.);
#3286 = DIRECTION('',(0.,-1.));
#3287 = ( GEOMETRIC_REPRESENTATION_CONTEXT(2) 
PARAMETRIC_REPRESENTATION_CONTEXT() REPRESENTATION_CONTEXT('2D SPACE',''
  ) );
#3288 = ORIENTED_EDGE('',*,*,#3289,.T.);
#3289 = EDGE_CURVE('',#3267,#3290,#3292,.T.);
#3290 = VERTEX_POINT('',#3291);
#3291 = CARTESIAN_POINT('',(143.,40.,38.));
#3292 = SURFACE_CURVE('',#3293,(#3298,#3305),.PCURVE_S1.);
#3293 = CIRCLE('',#3294,4.);
#3294 = AXIS2_PLACEMENT_3D('',#3295,#3296,#3297);
#3295 = CARTESIAN_POINT('',(143.,36.,38.));
#3296 = DIRECTION('',(0.,0.,1.));
#3297 = DIRECTION('',(0.,-1.,0.));
#3298 = PCURVE('',#644,#3299);
#3299 = DEFINITIONAL_REPRESENTATION('',(#3300),#3304);
#3300 = LINE('',#3301,#3302);
#3301 = CARTESIAN_POINT('',(-1.570796326795,0.));
#3302 = VECTOR('',#3303,1.);
#3303 = DIRECTION('',(1.,0.));
#3304 = ( GEOMETRIC_REPRESENTATION_CONTEXT(2) 
PARAMETRIC_REPRESENTATION_CONTEXT() REPRESENTATION_CONTEXT('2D SPACE',''
  ) );
#3305 = PCURVE('',#3306,#3311);
#3306 = PLANE('',#3307);
#3307 = AXIS2_PLACEMENT_3D('',#3308,#3309,#3310);
#3308 = CARTESIAN_POINT('',(80.,14.5,38.));
#3309 = DIRECTION('',(0.,0.,1.));
#3310 = DIRECTION('',(1.,0.,-0.));
#3311 = DEFINITIONAL_REPRESENTATION('',(#3312),#3316);
#3312 = CIRCLE('',#3313,4.);
#3313 = AXIS2_PLACEMENT_2D('',#3314,#3315);
#3314 = CARTESIAN_POINT('',(63.,21.5));
#3315 = DIRECTION('',(0.,-1.));
#3316 = ( GEOMETRIC_REPRESENTATION_CONTEXT(2) 
PARAMETRIC_REPRESENTATION_CONTEXT() REPRESENTATION_CONTEXT('2D SPACE',''
  ) );
#3317 = ORIENTED_EDGE('',*,*,#3318,.T.);
#3318 = EDGE_CURVE('',#3290,#628,#3319,.T.);
#3319 = SURFACE_CURVE('',#3320,(#3324,#3331),.PCURVE_S1.);
#3320 = LINE('',#3321,#3322);
#3321 = CARTESIAN_POINT('',(143.,40.,38.));
#3322 = VECTOR('',#3323,1.);
#3323 = DIRECTION('',(0.,0.,1.));
#3324 = PCURVE('',#644,#3325);
#3325 = DEFINITIONAL_REPRESENTATION('',(#3326),#3330);
#3326 = LINE('',#3327,#3328);
#3327 = CARTESIAN_POINT('',(1.570796326795,0.));
#3328 = VECTOR('',#3329,1.);
#3329 = DIRECTION('',(0.,1.));
#3330 = ( GEOMETRIC_REPRESENTATION_CONTEXT(2) 
PARAMETRIC_REPRESENTATION_CONTEXT() REPRESENTATION_CONTEXT('2D SPACE',''
  ) );
#3331 = PCURVE('',#950,#3332);
#3332 = DEFINITIONAL_REPRESENTATION('',(#3333),#3337);
#3333 = LINE('',#3334,#3335);
#3334 = CARTESIAN_POINT('',(4.,0.));
#3335 = VECTOR('',#3336,1.);
#3336 = DIRECTION('',(0.,-1.));
#3337 = ( GEOMETRIC_REPRESENTATION_CONTEXT(2) 
PARAMETRIC_REPRESENTATION_CONTEXT() REPRESENTATION_CONTEXT('2D SPACE',''
  ) );
#3338 = ORIENTED_EDGE('',*,*,#625,.F.);
#3339 = ADVANCED_FACE('',(#3340,#3386),#672,.T.);
#3340 = FACE_BOUND('',#3341,.T.);
#3341 = EDGE_LOOP('',(#3342,#3365,#3384,#3385));
#3342 = ORIENTED_EDGE('',*,*,#3343,.F.);
#3343 = EDGE_CURVE('',#3344,#3267,#3346,.T.);
#3344 = VERTEX_POINT('',#3345);
#3345 = CARTESIAN_POINT('',(147.,-5.791900756452,38.));
#3346 = SURFACE_CURVE('',#3347,(#3351,#3358),.PCURVE_S1.);
#3347 = LINE('',#3348,#3349);
#3348 = CARTESIAN_POINT('',(147.,-11.,38.));
#3349 = VECTOR('',#3350,1.);
#3350 = DIRECTION('',(0.,1.,0.));
#3351 = PCURVE('',#672,#3352);
#3352 = DEFINITIONAL_REPRESENTATION('',(#3353),#3357);
#3353 = LINE('',#3354,#3355);
#3354 = CARTESIAN_POINT('',(0.,0.));
#3355 = VECTOR('',#3356,1.);
#3356 = DIRECTION('',(1.,0.));
#3357 = ( GEOMETRIC_REPRESENTATION_CONTEXT(2) 
PARAMETRIC_REPRESENTATION_CONTEXT() REPRESENTATION_CONTEXT('2D SPACE',''
  ) );
#3358 = PCURVE('',#3306,#3359);
#3359 = DEFINITIONAL_REPRESENTATION('',(#3360),#3364);
#3360 = LINE('',#3361,#3362);
#3361 = CARTESIAN_POINT('',(67.,-25.5));
#3362 = VECTOR('',#3363,1.);
#3363 = DIRECTION('',(0.,1.));
#3364 = ( GEOMETRIC_REPRESENTATION_CONTEXT(2) 
PARAMETRIC_REPRESENTATION_CONTEXT() REPRESENTATION_CONTEXT('2D SPACE',''
  ) );
#3365 = ORIENTED_EDGE('',*,*,#3366,.F.);
#3366 = EDGE_CURVE('',#657,#3344,#3367,.T.);
#3367 = SURFACE_CURVE('',#3368,(#3372,#3378),.PCURVE_S1.);
#3368 = LINE('',#3369,#3370);
#3369 = CARTESIAN_POINT('',(147.,-5.791900756452,37.));
#3370 = VECTOR('',#3371,1.);
#3371 = DIRECTION('',(-0.,-0.,-1.));
#3372 = PCURVE('',#672,#3373);
#3373 = DEFINITIONAL_REPRESENTATION('',(#3374),#3377);
#3374 = B_SPLINE_CURVE_WITH_KNOTS('',1,(#3375,#3376),.UNSPECIFIED.,.F.,
  .F.,(2,2),(-25.0000006,5.999999999062E-07),.PIECEWISE_BEZIER_KNOTS.);
#3375 = CARTESIAN_POINT('',(5.208099243548,-24.0000006));
#3376 = CARTESIAN_POINT('',(5.208099243548,1.0000006));
#3377 = ( GEOMETRIC_REPRESENTATION_CONTEXT(2) 
PARAMETRIC_REPRESENTATION_CONTEXT() REPRESENTATION_CONTEXT('2D SPACE',''
  ) );
#3378 = PCURVE('',#700,#3379);
#3379 = DEFINITIONAL_REPRESENTATION('',(#3380),#3383);
#3380 = B_SPLINE_CURVE_WITH_KNOTS('',1,(#3381,#3382),.UNSPECIFIED.,.F.,
  .F.,(2,2),(-25.0000006,5.999999999062E-07),.PIECEWISE_BEZIER_KNOTS.);
#3381 = CARTESIAN_POINT('',(-1.186399552299,-25.0000006));
#3382 = CARTESIAN_POINT('',(-1.186399552299,5.999999999062E-07));
#3383 = ( GEOMETRIC_REPRESENTATION_CONTEXT(2) 
PARAMETRIC_REPRESENTATION_CONTEXT() REPRESENTATION_CONTEXT('2D SPACE',''
  ) );
#3384 = ORIENTED_EDGE('',*,*,#656,.F.);
#3385 = ORIENTED_EDGE('',*,*,#3266,.F.);
#3386 = FACE_BOUND('',#3387,.T.);
#3387 = EDGE_LOOP('',(#3388,#3423,#3449,#3482,#3508,#3541,#3567,#3600));
#3388 = ORIENTED_EDGE('',*,*,#3389,.T.);
#3389 = EDGE_CURVE('',#3390,#3392,#3394,.T.);
#3390 = VERTEX_POINT('',#3391);
#3391 = CARTESIAN_POINT('',(147.,-1.85,39.95));
#3392 = VERTEX_POINT('',#3393);
#3393 = CARTESIAN_POINT('',(147.,-0.45,38.55));
#3394 = SURFACE_CURVE('',#3395,(#3400,#3411),.PCURVE_S1.);
#3395 = CIRCLE('',#3396,1.4);
#3396 = AXIS2_PLACEMENT_3D('',#3397,#3398,#3399);
#3397 = CARTESIAN_POINT('',(147.,-0.45,39.95));
#3398 = DIRECTION('',(1.,0.,0.));
#3399 = DIRECTION('',(0.,0.,-1.));
#3400 = PCURVE('',#672,#3401);
#3401 = DEFINITIONAL_REPRESENTATION('',(#3402),#3410);
#3402 = ( BOUNDED_CURVE() B_SPLINE_CURVE(2,(#3403,#3404,#3405,#3406,
#3407,#3408,#3409),.UNSPECIFIED.,.T.,.F.) B_SPLINE_CURVE_WITH_KNOTS((1,2
    ,2,2,2,1),(-2.094395102393,0.,2.094395102393,4.188790204786,
6.28318530718,8.377580409573),.UNSPECIFIED.) CURVE() 
GEOMETRIC_REPRESENTATION_ITEM() RATIONAL_B_SPLINE_CURVE((1.,0.5,1.,0.5,
1.,0.5,1.)) REPRESENTATION_ITEM('') );
#3403 = CARTESIAN_POINT('',(10.55,-0.55));
#3404 = CARTESIAN_POINT('',(12.974871130596,-0.55));
#3405 = CARTESIAN_POINT('',(11.762435565298,-2.65));
#3406 = CARTESIAN_POINT('',(10.55,-4.75));
#3407 = CARTESIAN_POINT('',(9.337564434702,-2.65));
#3408 = CARTESIAN_POINT('',(8.125128869404,-0.55));
#3409 = CARTESIAN_POINT('',(10.55,-0.55));
#3410 = ( GEOMETRIC_REPRESENTATION_CONTEXT(2) 
PARAMETRIC_REPRESENTATION_CONTEXT() REPRESENTATION_CONTEXT('2D SPACE',''
  ) );
#3411 = PCURVE('',#3412,#3417);
#3412 = CYLINDRICAL_SURFACE('',#3413,1.4);
#3413 = AXIS2_PLACEMENT_3D('',#3414,#3415,#3416);
#3414 = CARTESIAN_POINT('',(146.5,-0.45,39.95));
#3415 = DIRECTION('',(1.,0.,0.));
#3416 = DIRECTION('',(0.,0.,-1.));
#3417 = DEFINITIONAL_REPRESENTATION('',(#3418),#3422);
#3418 = LINE('',#3419,#3420);
#3419 = CARTESIAN_POINT('',(-6.28318530718,0.5));
#3420 = VECTOR('',#3421,1.);
#3421 = DIRECTION('',(1.,-0.));
#3422 = ( GEOMETRIC_REPRESENTATION_CONTEXT(2) 
PARAMETRIC_REPRESENTATION_CONTEXT() REPRESENTATION_CONTEXT('2D SPACE',''
  ) );
#3423 = ORIENTED_EDGE('',*,*,#3424,.T.);
#3424 = EDGE_CURVE('',#3392,#3425,#3427,.T.);
#3425 = VERTEX_POINT('',#3426);
#3426 = CARTESIAN_POINT('',(147.,6.75,38.55));
#3427 = SURFACE_CURVE('',#3428,(#3432,#3438),.PCURVE_S1.);
#3428 = LINE('',#3429,#3430);
#3429 = CARTESIAN_POINT('',(147.,-6.425,38.55));
#3430 = VECTOR('',#3431,1.);
#3431 = DIRECTION('',(0.,1.,-0.));
#3432 = PCURVE('',#672,#3433);
#3433 = DEFINITIONAL_REPRESENTATION('',(#3434),#3437);
#3434 = B_SPLINE_CURVE_WITH_KNOTS('',1,(#3435,#3436),.UNSPECIFIED.,.F.,
  .F.,(2,2),(5.975,13.175),.PIECEWISE_BEZIER_KNOTS.);
#3435 = CARTESIAN_POINT('',(10.55,-0.55));
#3436 = CARTESIAN_POINT('',(17.75,-0.55));
#3437 = ( GEOMETRIC_REPRESENTATION_CONTEXT(2) 
PARAMETRIC_REPRESENTATION_CONTEXT() REPRESENTATION_CONTEXT('2D SPACE',''
  ) );
#3438 = PCURVE('',#3439,#3444);
#3439 = PLANE('',#3440);
#3440 = AXIS2_PLACEMENT_3D('',#3441,#3442,#3443);
#3441 = CARTESIAN_POINT('',(146.5,-1.85,38.55));
#3442 = DIRECTION('',(0.,0.,1.));
#3443 = DIRECTION('',(0.,1.,0.));
#3444 = DEFINITIONAL_REPRESENTATION('',(#3445),#3448);
#3445 = B_SPLINE_CURVE_WITH_KNOTS('',1,(#3446,#3447),.UNSPECIFIED.,.F.,
  .F.,(2,2),(5.975,13.175),.PIECEWISE_BEZIER_KNOTS.);
#3446 = CARTESIAN_POINT('',(1.4,-0.5));
#3447 = CARTESIAN_POINT('',(8.6,-0.5));
#3448 = ( GEOMETRIC_REPRESENTATION_CONTEXT(2) 
PARAMETRIC_REPRESENTATION_CONTEXT() REPRESENTATION_CONTEXT('2D SPACE',''
  ) );
#3449 = ORIENTED_EDGE('',*,*,#3450,.T.);
#3450 = EDGE_CURVE('',#3425,#3451,#3453,.T.);
#3451 = VERTEX_POINT('',#3452);
#3452 = CARTESIAN_POINT('',(147.,8.15,39.95));
#3453 = SURFACE_CURVE('',#3454,(#3459,#3470),.PCURVE_S1.);
#3454 = CIRCLE('',#3455,1.4);
#3455 = AXIS2_PLACEMENT_3D('',#3456,#3457,#3458);
#3456 = CARTESIAN_POINT('',(147.,6.75,39.95));
#3457 = DIRECTION('',(1.,0.,0.));
#3458 = DIRECTION('',(0.,0.,-1.));
#3459 = PCURVE('',#672,#3460);
#3460 = DEFINITIONAL_REPRESENTATION('',(#3461),#3469);
#3461 = ( BOUNDED_CURVE() B_SPLINE_CURVE(2,(#3462,#3463,#3464,#3465,
#3466,#3467,#3468),.UNSPECIFIED.,.T.,.F.) B_SPLINE_CURVE_WITH_KNOTS((1,2
    ,2,2,2,1),(-2.094395102393,0.,2.094395102393,4.188790204786,
6.28318530718,8.377580409573),.UNSPECIFIED.) CURVE() 
GEOMETRIC_REPRESENTATION_ITEM() RATIONAL_B_SPLINE_CURVE((1.,0.5,1.,0.5,
1.,0.5,1.)) REPRESENTATION_ITEM('') );
#3462 = CARTESIAN_POINT('',(17.75,-0.55));
#3463 = CARTESIAN_POINT('',(20.174871130596,-0.55));
#3464 = CARTESIAN_POINT('',(18.962435565298,-2.65));
#3465 = CARTESIAN_POINT('',(17.75,-4.75));
#3466 = CARTESIAN_POINT('',(16.537564434702,-2.65));
#3467 = CARTESIAN_POINT('',(15.325128869404,-0.55));
#3468 = CARTESIAN_POINT('',(17.75,-0.55));
#3469 = ( GEOMETRIC_REPRESENTATION_CONTEXT(2) 
PARAMETRIC_REPRESENTATION_CONTEXT() REPRESENTATION_CONTEXT('2D SPACE',''
  ) );
#3470 = PCURVE('',#3471,#3476);
#3471 = CYLINDRICAL_SURFACE('',#3472,1.4);
#3472 = AXIS2_PLACEMENT_3D('',#3473,#3474,#3475);
#3473 = CARTESIAN_POINT('',(146.5,6.75,39.95));
#3474 = DIRECTION('',(1.,0.,0.));
#3475 = DIRECTION('',(0.,0.,-1.));
#3476 = DEFINITIONAL_REPRESENTATION('',(#3477),#3481);
#3477 = LINE('',#3478,#3479);
#3478 = CARTESIAN_POINT('',(0.,0.5));
#3479 = VECTOR('',#3480,1.);
#3480 = DIRECTION('',(1.,0.));
#3481 = ( GEOMETRIC_REPRESENTATION_CONTEXT(2) 
PARAMETRIC_REPRESENTATION_CONTEXT() REPRESENTATION_CONTEXT('2D SPACE',''
  ) );
#3482 = ORIENTED_EDGE('',*,*,#3483,.T.);
#3483 = EDGE_CURVE('',#3451,#3484,#3486,.T.);
#3484 = VERTEX_POINT('',#3485);
#3485 = CARTESIAN_POINT('',(147.,8.15,41.35));
#3486 = SURFACE_CURVE('',#3487,(#3491,#3497),.PCURVE_S1.);
#3487 = LINE('',#3488,#3489);
#3488 = CARTESIAN_POINT('',(147.,8.15,38.275));
#3489 = VECTOR('',#3490,1.);
#3490 = DIRECTION('',(0.,0.,1.));
#3491 = PCURVE('',#672,#3492);
#3492 = DEFINITIONAL_REPRESENTATION('',(#3493),#3496);
#3493 = B_SPLINE_CURVE_WITH_KNOTS('',1,(#3494,#3495),.UNSPECIFIED.,.F.,
  .F.,(2,2),(1.675,3.075),.PIECEWISE_BEZIER_KNOTS.);
#3494 = CARTESIAN_POINT('',(19.15,-1.95));
#3495 = CARTESIAN_POINT('',(19.15,-3.35));
#3496 = ( GEOMETRIC_REPRESENTATION_CONTEXT(2) 
PARAMETRIC_REPRESENTATION_CONTEXT() REPRESENTATION_CONTEXT('2D SPACE',''
  ) );
#3497 = PCURVE('',#3498,#3503);
#3498 = PLANE('',#3499);
#3499 = AXIS2_PLACEMENT_3D('',#3500,#3501,#3502);
#3500 = CARTESIAN_POINT('',(146.5,8.15,38.55));
#3501 = DIRECTION('',(0.,-1.,0.));
#3502 = DIRECTION('',(0.,0.,1.));
#3503 = DEFINITIONAL_REPRESENTATION('',(#3504),#3507);
#3504 = B_SPLINE_CURVE_WITH_KNOTS('',1,(#3505,#3506),.UNSPECIFIED.,.F.,
  .F.,(2,2),(1.675,3.075),.PIECEWISE_BEZIER_KNOTS.);
#3505 = CARTESIAN_POINT('',(1.4,-0.5));
#3506 = CARTESIAN_POINT('',(2.8,-0.5));
#3507 = ( GEOMETRIC_REPRESENTATION_CONTEXT(2) 
PARAMETRIC_REPRESENTATION_CONTEXT() REPRESENTATION_CONTEXT('2D SPACE',''
  ) );
#3508 = ORIENTED_EDGE('',*,*,#3509,.T.);
#3509 = EDGE_CURVE('',#3484,#3510,#3512,.T.);
#3510 = VERTEX_POINT('',#3511);
#3511 = CARTESIAN_POINT('',(147.,6.75,42.75));
#3512 = SURFACE_CURVE('',#3513,(#3518,#3529),.PCURVE_S1.);
#3513 = CIRCLE('',#3514,1.4);
#3514 = AXIS2_PLACEMENT_3D('',#3515,#3516,#3517);
#3515 = CARTESIAN_POINT('',(147.,6.75,41.35));
#3516 = DIRECTION('',(1.,0.,0.));
#3517 = DIRECTION('',(-0.,1.,0.));
#3518 = PCURVE('',#672,#3519);
#3519 = DEFINITIONAL_REPRESENTATION('',(#3520),#3528);
#3520 = ( BOUNDED_CURVE() B_SPLINE_CURVE(2,(#3521,#3522,#3523,#3524,
#3525,#3526,#3527),.UNSPECIFIED.,.T.,.F.) B_SPLINE_CURVE_WITH_KNOTS((1,2
    ,2,2,2,1),(-2.094395102393,0.,2.094395102393,4.188790204786,
6.28318530718,8.377580409573),.UNSPECIFIED.) CURVE() 
GEOMETRIC_REPRESENTATION_ITEM() RATIONAL_B_SPLINE_CURVE((1.,0.5,1.,0.5,
1.,0.5,1.)) REPRESENTATION_ITEM('') );
#3521 = CARTESIAN_POINT('',(19.15,-3.35));
#3522 = CARTESIAN_POINT('',(19.15,-5.774871130596));
#3523 = CARTESIAN_POINT('',(17.05,-4.562435565298));
#3524 = CARTESIAN_POINT('',(14.95,-3.35));
#3525 = CARTESIAN_POINT('',(17.05,-2.137564434702));
#3526 = CARTESIAN_POINT('',(19.15,-0.925128869404));
#3527 = CARTESIAN_POINT('',(19.15,-3.35));
#3528 = ( GEOMETRIC_REPRESENTATION_CONTEXT(2) 
PARAMETRIC_REPRESENTATION_CONTEXT() REPRESENTATION_CONTEXT('2D SPACE',''
  ) );
#3529 = PCURVE('',#3530,#3535);
#3530 = CYLINDRICAL_SURFACE('',#3531,1.4);
#3531 = AXIS2_PLACEMENT_3D('',#3532,#3533,#3534);
#3532 = CARTESIAN_POINT('',(146.5,6.75,41.35));
#3533 = DIRECTION('',(1.,0.,0.));
#3534 = DIRECTION('',(-0.,1.,0.));
#3535 = DEFINITIONAL_REPRESENTATION('',(#3536),#3540);
#3536 = LINE('',#3537,#3538);
#3537 = CARTESIAN_POINT('',(0.,0.5));
#3538 = VECTOR('',#3539,1.);
#3539 = DIRECTION('',(1.,0.));
#3540 = ( GEOMETRIC_REPRESENTATION_CONTEXT(2) 
PARAMETRIC_REPRESENTATION_CONTEXT() REPRESENTATION_CONTEXT('2D SPACE',''
  ) );
#3541 = ORIENTED_EDGE('',*,*,#3542,.T.);
#3542 = EDGE_CURVE('',#3510,#3543,#3545,.T.);
#3543 = VERTEX_POINT('',#3544);
#3544 = CARTESIAN_POINT('',(147.,-0.45,42.75));
#3545 = SURFACE_CURVE('',#3546,(#3550,#3556),.PCURVE_S1.);
#3546 = LINE('',#3547,#3548);
#3547 = CARTESIAN_POINT('',(147.,-1.425,42.75));
#3548 = VECTOR('',#3549,1.);
#3549 = DIRECTION('',(-0.,-1.,-0.));
#3550 = PCURVE('',#672,#3551);
#3551 = DEFINITIONAL_REPRESENTATION('',(#3552),#3555);
#3552 = B_SPLINE_CURVE_WITH_KNOTS('',1,(#3553,#3554),.UNSPECIFIED.,.F.,
  .F.,(2,2),(-8.175,-0.975),.PIECEWISE_BEZIER_KNOTS.);
#3553 = CARTESIAN_POINT('',(17.75,-4.75));
#3554 = CARTESIAN_POINT('',(10.55,-4.75));
#3555 = ( GEOMETRIC_REPRESENTATION_CONTEXT(2) 
PARAMETRIC_REPRESENTATION_CONTEXT() REPRESENTATION_CONTEXT('2D SPACE',''
  ) );
#3556 = PCURVE('',#3557,#3562);
#3557 = PLANE('',#3558);
#3558 = AXIS2_PLACEMENT_3D('',#3559,#3560,#3561);
#3559 = CARTESIAN_POINT('',(146.5,8.15,42.75));
#3560 = DIRECTION('',(0.,0.,-1.));
#3561 = DIRECTION('',(0.,-1.,0.));
#3562 = DEFINITIONAL_REPRESENTATION('',(#3563),#3566);
#3563 = B_SPLINE_CURVE_WITH_KNOTS('',1,(#3564,#3565),.UNSPECIFIED.,.F.,
  .F.,(2,2),(-8.175,-0.975),.PIECEWISE_BEZIER_KNOTS.);
#3564 = CARTESIAN_POINT('',(1.4,-0.5));
#3565 = CARTESIAN_POINT('',(8.6,-0.5));
#3566 = ( GEOMETRIC_REPRESENTATION_CONTEXT(2) 
PARAMETRIC_REPRESENTATION_CONTEXT() REPRESENTATION_CONTEXT('2D SPACE',''
  ) );
#3567 = ORIENTED_EDGE('',*,*,#3568,.T.);
#3568 = EDGE_CURVE('',#3543,#3569,#3571,.T.);
#3569 = VERTEX_POINT('',#3570);
#3570 = CARTESIAN_POINT('',(147.,-1.85,41.35));
#3571 = SURFACE_CURVE('',#3572,(#3577,#3588),.PCURVE_S1.);
#3572 = CIRCLE('',#3573,1.4);
#3573 = AXIS2_PLACEMENT_3D('',#3574,#3575,#3576);
#3574 = CARTESIAN_POINT('',(147.,-0.45,41.35));
#3575 = DIRECTION('',(1.,0.,0.));
#3576 = DIRECTION('',(0.,-0.,1.));
#3577 = PCURVE('',#672,#3578);
#3578 = DEFINITIONAL_REPRESENTATION('',(#3579),#3587);
#3579 = ( BOUNDED_CURVE() B_SPLINE_CURVE(2,(#3580,#3581,#3582,#3583,
#3584,#3585,#3586),.UNSPECIFIED.,.T.,.F.) B_SPLINE_CURVE_WITH_KNOTS((1,2
    ,2,2,2,1),(-2.094395102393,0.,2.094395102393,4.188790204786,
6.28318530718,8.377580409573),.UNSPECIFIED.) CURVE() 
GEOMETRIC_REPRESENTATION_ITEM() RATIONAL_B_SPLINE_CURVE((1.,0.5,1.,0.5,
1.,0.5,1.)) REPRESENTATION_ITEM('') );
#3580 = CARTESIAN_POINT('',(10.55,-4.75));
#3581 = CARTESIAN_POINT('',(8.125128869404,-4.75));
#3582 = CARTESIAN_POINT('',(9.337564434702,-2.65));
#3583 = CARTESIAN_POINT('',(10.55,-0.55));
#3584 = CARTESIAN_POINT('',(11.762435565298,-2.65));
#3585 = CARTESIAN_POINT('',(12.974871130596,-4.75));
#3586 = CARTESIAN_POINT('',(10.55,-4.75));
#3587 = ( GEOMETRIC_REPRESENTATION_CONTEXT(2) 
PARAMETRIC_REPRESENTATION_CONTEXT() REPRESENTATION_CONTEXT('2D SPACE',''
  ) );
#3588 = PCURVE('',#3589,#3594);
#3589 = CYLINDRICAL_SURFACE('',#3590,1.4);
#3590 = AXIS2_PLACEMENT_3D('',#3591,#3592,#3593);
#3591 = CARTESIAN_POINT('',(146.5,-0.45,41.35));
#3592 = DIRECTION('',(1.,0.,0.));
#3593 = DIRECTION('',(0.,-0.,1.));
#3594 = DEFINITIONAL_REPRESENTATION('',(#3595),#3599);
#3595 = LINE('',#3596,#3597);
#3596 = CARTESIAN_POINT('',(0.,0.5));
#3597 = VECTOR('',#3598,1.);
#3598 = DIRECTION('',(1.,0.));
#3599 = ( GEOMETRIC_REPRESENTATION_CONTEXT(2) 
PARAMETRIC_REPRESENTATION_CONTEXT() REPRESENTATION_CONTEXT('2D SPACE',''
  ) );
#3600 = ORIENTED_EDGE('',*,*,#3601,.T.);
#3601 = EDGE_CURVE('',#3569,#3390,#3602,.T.);
#3602 = SURFACE_CURVE('',#3603,(#3607,#3613),.PCURVE_S1.);
#3603 = LINE('',#3604,#3605);
#3604 = CARTESIAN_POINT('',(147.,-1.85,40.375));
#3605 = VECTOR('',#3606,1.);
#3606 = DIRECTION('',(0.,0.,-1.));
#3607 = PCURVE('',#672,#3608);
#3608 = DEFINITIONAL_REPRESENTATION('',(#3609),#3612);
#3609 = B_SPLINE_CURVE_WITH_KNOTS('',1,(#3610,#3611),.UNSPECIFIED.,.F.,
  .F.,(2,2),(-0.975,0.425),.PIECEWISE_BEZIER_KNOTS.);
#3610 = CARTESIAN_POINT('',(9.15,-3.35));
#3611 = CARTESIAN_POINT('',(9.15,-1.95));
#3612 = ( GEOMETRIC_REPRESENTATION_CONTEXT(2) 
PARAMETRIC_REPRESENTATION_CONTEXT() REPRESENTATION_CONTEXT('2D SPACE',''
  ) );
#3613 = PCURVE('',#3614,#3619);
#3614 = PLANE('',#3615);
#3615 = AXIS2_PLACEMENT_3D('',#3616,#3617,#3618);
#3616 = CARTESIAN_POINT('',(146.5,-1.85,42.75));
#3617 = DIRECTION('',(-0.,1.,0.));
#3618 = DIRECTION('',(0.,0.,-1.));
#3619 = DEFINITIONAL_REPRESENTATION('',(#3620),#3623);
#3620 = B_SPLINE_CURVE_WITH_KNOTS('',1,(#3621,#3622),.UNSPECIFIED.,.F.,
  .F.,(2,2),(-0.975,0.425),.PIECEWISE_BEZIER_KNOTS.);
#3621 = CARTESIAN_POINT('',(1.4,-0.5));
#3622 = CARTESIAN_POINT('',(2.8,-0.5));
#3623 = ( GEOMETRIC_REPRESENTATION_CONTEXT(2) 
PARAMETRIC_REPRESENTATION_CONTEXT() REPRESENTATION_CONTEXT('2D SPACE',''
  ) );
#3624 = ADVANCED_FACE('',(#3625),#950,.T.);
#3625 = FACE_BOUND('',#3626,.T.);
#3626 = EDGE_LOOP('',(#3627,#3650,#3651,#3652));
#3627 = ORIENTED_EDGE('',*,*,#3628,.F.);
#3628 = EDGE_CURVE('',#3290,#3629,#3631,.T.);
#3629 = VERTEX_POINT('',#3630);
#3630 = CARTESIAN_POINT('',(108.70809924354,40.,38.));
#3631 = SURFACE_CURVE('',#3632,(#3636,#3643),.PCURVE_S1.);
#3632 = LINE('',#3633,#3634);
#3633 = CARTESIAN_POINT('',(147.,40.,38.));
#3634 = VECTOR('',#3635,1.);
#3635 = DIRECTION('',(-1.,0.,0.));
#3636 = PCURVE('',#950,#3637);
#3637 = DEFINITIONAL_REPRESENTATION('',(#3638),#3642);
#3638 = LINE('',#3639,#3640);
#3639 = CARTESIAN_POINT('',(0.,-0.));
#3640 = VECTOR('',#3641,1.);
#3641 = DIRECTION('',(1.,0.));
#3642 = ( GEOMETRIC_REPRESENTATION_CONTEXT(2) 
PARAMETRIC_REPRESENTATION_CONTEXT() REPRESENTATION_CONTEXT('2D SPACE',''
  ) );
#3643 = PCURVE('',#3306,#3644);
#3644 = DEFINITIONAL_REPRESENTATION('',(#3645),#3649);
#3645 = LINE('',#3646,#3647);
#3646 = CARTESIAN_POINT('',(67.,25.5));
#3647 = VECTOR('',#3648,1.);
#3648 = DIRECTION('',(-1.,0.));
#3649 = ( GEOMETRIC_REPRESENTATION_CONTEXT(2) 
PARAMETRIC_REPRESENTATION_CONTEXT() REPRESENTATION_CONTEXT('2D SPACE',''
  ) );
#3650 = ORIENTED_EDGE('',*,*,#3318,.T.);
#3651 = ORIENTED_EDGE('',*,*,#936,.F.);
#3652 = ORIENTED_EDGE('',*,*,#3653,.T.);
#3653 = EDGE_CURVE('',#908,#3629,#3654,.T.);
#3654 = SURFACE_CURVE('',#3655,(#3659,#3665),.PCURVE_S1.);
#3655 = LINE('',#3656,#3657);
#3656 = CARTESIAN_POINT('',(108.70809924354,40.,37.));
#3657 = VECTOR('',#3658,1.);
#3658 = DIRECTION('',(-0.,-0.,-1.));
#3659 = PCURVE('',#950,#3660);
#3660 = DEFINITIONAL_REPRESENTATION('',(#3661),#3664);
#3661 = B_SPLINE_CURVE_WITH_KNOTS('',1,(#3662,#3663),.UNSPECIFIED.,.F.,
  .F.,(2,2),(-25.0000006,5.999999999062E-07),.PIECEWISE_BEZIER_KNOTS.);
#3662 = CARTESIAN_POINT('',(38.291900756452,-24.0000006));
#3663 = CARTESIAN_POINT('',(38.291900756452,1.0000006));
#3664 = ( GEOMETRIC_REPRESENTATION_CONTEXT(2) 
PARAMETRIC_REPRESENTATION_CONTEXT() REPRESENTATION_CONTEXT('2D SPACE',''
  ) );
#3665 = PCURVE('',#924,#3666);
#3666 = DEFINITIONAL_REPRESENTATION('',(#3667),#3670);
#3667 = B_SPLINE_CURVE_WITH_KNOTS('',1,(#3668,#3669),.UNSPECIFIED.,.F.,
  .F.,(2,2),(-25.,-1.),.PIECEWISE_BEZIER_KNOTS.);
#3668 = CARTESIAN_POINT('',(-6.667582081675,-25.));
#3669 = CARTESIAN_POINT('',(-6.667582081675,-1.));
#3670 = ( GEOMETRIC_REPRESENTATION_CONTEXT(2) 
PARAMETRIC_REPRESENTATION_CONTEXT() REPRESENTATION_CONTEXT('2D SPACE',''
  ) );
#3671 = ADVANCED_FACE('',(#3672),#700,.T.);
#3672 = FACE_BOUND('',#3673,.F.);
#3673 = EDGE_LOOP('',(#3674,#3675,#3676,#3697));
#3674 = ORIENTED_EDGE('',*,*,#3366,.F.);
#3675 = ORIENTED_EDGE('',*,*,#683,.T.);
#3676 = ORIENTED_EDGE('',*,*,#3677,.T.);
#3677 = EDGE_CURVE('',#684,#3678,#3680,.T.);
#3678 = VERTEX_POINT('',#3679);
#3679 = CARTESIAN_POINT('',(141.79190075645,-11.,38.));
#3680 = SURFACE_CURVE('',#3681,(#3685,#3691),.PCURVE_S1.);
#3681 = LINE('',#3682,#3683);
#3682 = CARTESIAN_POINT('',(141.79190075645,-11.,37.));
#3683 = VECTOR('',#3684,1.);
#3684 = DIRECTION('',(-0.,-0.,-1.));
#3685 = PCURVE('',#700,#3686);
#3686 = DEFINITIONAL_REPRESENTATION('',(#3687),#3690);
#3687 = B_SPLINE_CURVE_WITH_KNOTS('',1,(#3688,#3689),.UNSPECIFIED.,.F.,
  .F.,(2,2),(-25.0000006,5.999999999062E-07),.PIECEWISE_BEZIER_KNOTS.);
#3688 = CARTESIAN_POINT('',(-3.525989428085,-25.0000006));
#3689 = CARTESIAN_POINT('',(-3.525989428085,5.999999999062E-07));
#3690 = ( GEOMETRIC_REPRESENTATION_CONTEXT(2) 
PARAMETRIC_REPRESENTATION_CONTEXT() REPRESENTATION_CONTEXT('2D SPACE',''
  ) );
#3691 = PCURVE('',#728,#3692);
#3692 = DEFINITIONAL_REPRESENTATION('',(#3693),#3696);
#3693 = B_SPLINE_CURVE_WITH_KNOTS('',1,(#3694,#3695),.UNSPECIFIED.,.F.,
  .F.,(2,2),(-25.0000006,5.999999999062E-07),.PIECEWISE_BEZIER_KNOTS.);
#3694 = CARTESIAN_POINT('',(128.79190075645,-24.0000006));
#3695 = CARTESIAN_POINT('',(128.79190075645,1.0000006));
#3696 = ( GEOMETRIC_REPRESENTATION_CONTEXT(2) 
PARAMETRIC_REPRESENTATION_CONTEXT() REPRESENTATION_CONTEXT('2D SPACE',''
  ) );
#3697 = ORIENTED_EDGE('',*,*,#3698,.T.);
#3698 = EDGE_CURVE('',#3678,#3344,#3699,.T.);
#3699 = SURFACE_CURVE('',#3700,(#3705,#3712),.PCURVE_S1.);
#3700 = CIRCLE('',#3701,4.);
#3701 = AXIS2_PLACEMENT_3D('',#3702,#3703,#3704);
#3702 = CARTESIAN_POINT('',(145.5,-9.5,38.));
#3703 = DIRECTION('',(0.,0.,-1.));
#3704 = DIRECTION('',(1.,0.,0.));
#3705 = PCURVE('',#700,#3706);
#3706 = DEFINITIONAL_REPRESENTATION('',(#3707),#3711);
#3707 = LINE('',#3708,#3709);
#3708 = CARTESIAN_POINT('',(-6.28318530718,-1.));
#3709 = VECTOR('',#3710,1.);
#3710 = DIRECTION('',(1.,-0.));
#3711 = ( GEOMETRIC_REPRESENTATION_CONTEXT(2) 
PARAMETRIC_REPRESENTATION_CONTEXT() REPRESENTATION_CONTEXT('2D SPACE',''
  ) );
#3712 = PCURVE('',#3306,#3713);
#3713 = DEFINITIONAL_REPRESENTATION('',(#3714),#3722);
#3714 = ( BOUNDED_CURVE() B_SPLINE_CURVE(2,(#3715,#3716,#3717,#3718,
#3719,#3720,#3721),.UNSPECIFIED.,.T.,.F.) B_SPLINE_CURVE_WITH_KNOTS((1,2
    ,2,2,2,1),(-2.094395102393,0.,2.094395102393,4.188790204786,
6.28318530718,8.377580409573),.UNSPECIFIED.) CURVE() 
GEOMETRIC_REPRESENTATION_ITEM() RATIONAL_B_SPLINE_CURVE((1.,0.5,1.,0.5,
1.,0.5,1.)) REPRESENTATION_ITEM('') );
#3715 = CARTESIAN_POINT('',(69.5,-24.));
#3716 = CARTESIAN_POINT('',(69.5,-30.92820323027));
#3717 = CARTESIAN_POINT('',(63.5,-27.46410161513));
#3718 = CARTESIAN_POINT('',(57.5,-24.));
#3719 = CARTESIAN_POINT('',(63.5,-20.53589838486));
#3720 = CARTESIAN_POINT('',(69.5,-17.07179676972));
#3721 = CARTESIAN_POINT('',(69.5,-24.));
#3722 = ( GEOMETRIC_REPRESENTATION_CONTEXT(2) 
PARAMETRIC_REPRESENTATION_CONTEXT() REPRESENTATION_CONTEXT('2D SPACE',''
  ) );
#3723 = ADVANCED_FACE('',(#3724),#924,.T.);
#3724 = FACE_BOUND('',#3725,.F.);
#3725 = EDGE_LOOP('',(#3726,#3754,#3773,#3774));
#3726 = ORIENTED_EDGE('',*,*,#3727,.T.);
#3727 = EDGE_CURVE('',#3629,#3728,#3730,.T.);
#3728 = VERTEX_POINT('',#3729);
#3729 = CARTESIAN_POINT('',(101.29190075645,40.,38.));
#3730 = SURFACE_CURVE('',#3731,(#3736,#3743),.PCURVE_S1.);
#3731 = CIRCLE('',#3732,4.);
#3732 = AXIS2_PLACEMENT_3D('',#3733,#3734,#3735);
#3733 = CARTESIAN_POINT('',(105.,38.5,38.));
#3734 = DIRECTION('',(0.,0.,-1.));
#3735 = DIRECTION('',(0.927024810887,0.375,0.));
#3736 = PCURVE('',#924,#3737);
#3737 = DEFINITIONAL_REPRESENTATION('',(#3738),#3742);
#3738 = LINE('',#3739,#3740);
#3739 = CARTESIAN_POINT('',(-6.667582081675,-1.));
#3740 = VECTOR('',#3741,1.);
#3741 = DIRECTION('',(1.,-0.));
#3742 = ( GEOMETRIC_REPRESENTATION_CONTEXT(2) 
PARAMETRIC_REPRESENTATION_CONTEXT() REPRESENTATION_CONTEXT('2D SPACE',''
  ) );
#3743 = PCURVE('',#3306,#3744);
#3744 = DEFINITIONAL_REPRESENTATION('',(#3745),#3753);
#3745 = ( BOUNDED_CURVE() B_SPLINE_CURVE(2,(#3746,#3747,#3748,#3749,
#3750,#3751,#3752),.UNSPECIFIED.,.T.,.F.) B_SPLINE_CURVE_WITH_KNOTS((1,2
    ,2,2,2,1),(-2.094395102393,0.,2.094395102393,4.188790204786,
6.28318530718,8.377580409573),.UNSPECIFIED.) CURVE() 
GEOMETRIC_REPRESENTATION_ITEM() RATIONAL_B_SPLINE_CURVE((1.,0.5,1.,0.5,
1.,0.5,1.)) REPRESENTATION_ITEM('') );
#3746 = CARTESIAN_POINT('',(28.708099243548,25.5));
#3747 = CARTESIAN_POINT('',(31.306175454901,19.077383710667));
#3748 = CARTESIAN_POINT('',(24.444988483903,20.038691855334));
#3749 = CARTESIAN_POINT('',(17.583801512904,21.));
#3750 = CARTESIAN_POINT('',(21.846912272549,26.461308144666));
#3751 = CARTESIAN_POINT('',(26.110023032195,31.922616289333));
#3752 = CARTESIAN_POINT('',(28.708099243548,25.5));
#3753 = ( GEOMETRIC_REPRESENTATION_CONTEXT(2) 
PARAMETRIC_REPRESENTATION_CONTEXT() REPRESENTATION_CONTEXT('2D SPACE',''
  ) );
#3754 = ORIENTED_EDGE('',*,*,#3755,.F.);
#3755 = EDGE_CURVE('',#881,#3728,#3756,.T.);
#3756 = SURFACE_CURVE('',#3757,(#3761,#3767),.PCURVE_S1.);
#3757 = LINE('',#3758,#3759);
#3758 = CARTESIAN_POINT('',(101.29190075645,40.,37.));
#3759 = VECTOR('',#3760,1.);
#3760 = DIRECTION('',(-0.,-0.,-1.));
#3761 = PCURVE('',#924,#3762);
#3762 = DEFINITIONAL_REPRESENTATION('',(#3763),#3766);
#3763 = B_SPLINE_CURVE_WITH_KNOTS('',1,(#3764,#3765),.UNSPECIFIED.,.F.,
  .F.,(2,2),(-25.,-1.),.PIECEWISE_BEZIER_KNOTS.);
#3764 = CARTESIAN_POINT('',(-2.757195879094,-25.));
#3765 = CARTESIAN_POINT('',(-2.757195879094,-1.));
#3766 = ( GEOMETRIC_REPRESENTATION_CONTEXT(2) 
PARAMETRIC_REPRESENTATION_CONTEXT() REPRESENTATION_CONTEXT('2D SPACE',''
  ) );
#3767 = PCURVE('',#896,#3768);
#3768 = DEFINITIONAL_REPRESENTATION('',(#3769),#3772);
#3769 = B_SPLINE_CURVE_WITH_KNOTS('',1,(#3770,#3771),.UNSPECIFIED.,.F.,
  .F.,(2,2),(-25.0000006,5.999999999062E-07),.PIECEWISE_BEZIER_KNOTS.);
#3770 = CARTESIAN_POINT('',(45.708099243548,-24.0000006));
#3771 = CARTESIAN_POINT('',(45.708099243548,1.0000006));
#3772 = ( GEOMETRIC_REPRESENTATION_CONTEXT(2) 
PARAMETRIC_REPRESENTATION_CONTEXT() REPRESENTATION_CONTEXT('2D SPACE',''
  ) );
#3773 = ORIENTED_EDGE('',*,*,#907,.T.);
#3774 = ORIENTED_EDGE('',*,*,#3653,.T.);
#3775 = ADVANCED_FACE('',(#3776),#728,.T.);
#3776 = FACE_BOUND('',#3777,.T.);
#3777 = EDGE_LOOP('',(#3778,#3801,#3829,#3855,#3881,#3907,#3933,#3961,
    #3980,#3981));
#3778 = ORIENTED_EDGE('',*,*,#3779,.F.);
#3779 = EDGE_CURVE('',#3780,#3678,#3782,.T.);
#3780 = VERTEX_POINT('',#3781);
#3781 = CARTESIAN_POINT('',(109.8,-11.,38.));
#3782 = SURFACE_CURVE('',#3783,(#3787,#3794),.PCURVE_S1.);
#3783 = LINE('',#3784,#3785);
#3784 = CARTESIAN_POINT('',(13.,-11.,38.));
#3785 = VECTOR('',#3786,1.);
#3786 = DIRECTION('',(1.,0.,0.));
#3787 = PCURVE('',#728,#3788);
#3788 = DEFINITIONAL_REPRESENTATION('',(#3789),#3793);
#3789 = LINE('',#3790,#3791);
#3790 = CARTESIAN_POINT('',(0.,0.));
#3791 = VECTOR('',#3792,1.);
#3792 = DIRECTION('',(1.,0.));
#3793 = ( GEOMETRIC_REPRESENTATION_CONTEXT(2) 
PARAMETRIC_REPRESENTATION_CONTEXT() REPRESENTATION_CONTEXT('2D SPACE',''
  ) );
#3794 = PCURVE('',#3306,#3795);
#3795 = DEFINITIONAL_REPRESENTATION('',(#3796),#3800);
#3796 = LINE('',#3797,#3798);
#3797 = CARTESIAN_POINT('',(-67.,-25.5));
#3798 = VECTOR('',#3799,1.);
#3799 = DIRECTION('',(1.,0.));
#3800 = ( GEOMETRIC_REPRESENTATION_CONTEXT(2) 
PARAMETRIC_REPRESENTATION_CONTEXT() REPRESENTATION_CONTEXT('2D SPACE',''
  ) );
#3801 = ORIENTED_EDGE('',*,*,#3802,.T.);
#3802 = EDGE_CURVE('',#3780,#3803,#3805,.T.);
#3803 = VERTEX_POINT('',#3804);
#3804 = CARTESIAN_POINT('',(109.8,-11.,43.65));
#3805 = SURFACE_CURVE('',#3806,(#3810,#3817),.PCURVE_S1.);
#3806 = LINE('',#3807,#3808);
#3807 = CARTESIAN_POINT('',(109.8,-11.,37.));
#3808 = VECTOR('',#3809,1.);
#3809 = DIRECTION('',(0.,0.,1.));
#3810 = PCURVE('',#728,#3811);
#3811 = DEFINITIONAL_REPRESENTATION('',(#3812),#3816);
#3812 = LINE('',#3813,#3814);
#3813 = CARTESIAN_POINT('',(96.8,1.));
#3814 = VECTOR('',#3815,1.);
#3815 = DIRECTION('',(0.,-1.));
#3816 = ( GEOMETRIC_REPRESENTATION_CONTEXT(2) 
PARAMETRIC_REPRESENTATION_CONTEXT() REPRESENTATION_CONTEXT('2D SPACE',''
  ) );
#3817 = PCURVE('',#3818,#3823);
#3818 = PLANE('',#3819);
#3819 = AXIS2_PLACEMENT_3D('',#3820,#3821,#3822);
#3820 = CARTESIAN_POINT('',(109.8,-11.,37.));
#3821 = DIRECTION('',(1.,0.,0.));
#3822 = DIRECTION('',(0.,0.,1.));
#3823 = DEFINITIONAL_REPRESENTATION('',(#3824),#3828);
#3824 = LINE('',#3825,#3826);
#3825 = CARTESIAN_POINT('',(0.,0.));
#3826 = VECTOR('',#3827,1.);
#3827 = DIRECTION('',(1.,0.));
#3828 = ( GEOMETRIC_REPRESENTATION_CONTEXT(2) 
PARAMETRIC_REPRESENTATION_CONTEXT() REPRESENTATION_CONTEXT('2D SPACE',''
  ) );
#3829 = ORIENTED_EDGE('',*,*,#3830,.T.);
#3830 = EDGE_CURVE('',#3803,#3831,#3833,.T.);
#3831 = VERTEX_POINT('',#3832);
#3832 = CARTESIAN_POINT('',(141.4,-11.,43.65));
#3833 = SURFACE_CURVE('',#3834,(#3838,#3844),.PCURVE_S1.);
#3834 = LINE('',#3835,#3836);
#3835 = CARTESIAN_POINT('',(60.9,-11.,43.65));
#3836 = VECTOR('',#3837,1.);
#3837 = DIRECTION('',(1.,0.,0.));
#3838 = PCURVE('',#728,#3839);
#3839 = DEFINITIONAL_REPRESENTATION('',(#3840),#3843);
#3840 = B_SPLINE_CURVE_WITH_KNOTS('',1,(#3841,#3842),.UNSPECIFIED.,.F.,
  .F.,(2,2),(47.9,80.5),.PIECEWISE_BEZIER_KNOTS.);
#3841 = CARTESIAN_POINT('',(95.8,-5.65));
#3842 = CARTESIAN_POINT('',(128.4,-5.65));
#3843 = ( GEOMETRIC_REPRESENTATION_CONTEXT(2) 
PARAMETRIC_REPRESENTATION_CONTEXT() REPRESENTATION_CONTEXT('2D SPACE',''
  ) );
#3844 = PCURVE('',#3845,#3850);
#3845 = PLANE('',#3846);
#3846 = AXIS2_PLACEMENT_3D('',#3847,#3848,#3849);
#3847 = CARTESIAN_POINT('',(108.8,-13.,43.65));
#3848 = DIRECTION('',(0.,0.,1.));
#3849 = DIRECTION('',(1.,0.,0.));
#3850 = DEFINITIONAL_REPRESENTATION('',(#3851),#3854);
#3851 = B_SPLINE_CURVE_WITH_KNOTS('',1,(#3852,#3853),.UNSPECIFIED.,.F.,
  .F.,(2,2),(47.9,80.5),.PIECEWISE_BEZIER_KNOTS.);
#3852 = CARTESIAN_POINT('',(0.,2.));
#3853 = CARTESIAN_POINT('',(32.6,2.));
#3854 = ( GEOMETRIC_REPRESENTATION_CONTEXT(2) 
PARAMETRIC_REPRESENTATION_CONTEXT() REPRESENTATION_CONTEXT('2D SPACE',''
  ) );
#3855 = ORIENTED_EDGE('',*,*,#3856,.F.);
#3856 = EDGE_CURVE('',#3857,#3831,#3859,.T.);
#3857 = VERTEX_POINT('',#3858);
#3858 = CARTESIAN_POINT('',(141.4,-11.,60.35));
#3859 = SURFACE_CURVE('',#3860,(#3864,#3870),.PCURVE_S1.);
#3860 = LINE('',#3861,#3862);
#3861 = CARTESIAN_POINT('',(141.4,-11.,40.825));
#3862 = VECTOR('',#3863,1.);
#3863 = DIRECTION('',(0.,0.,-1.));
#3864 = PCURVE('',#728,#3865);
#3865 = DEFINITIONAL_REPRESENTATION('',(#3866),#3869);
#3866 = B_SPLINE_CURVE_WITH_KNOTS('',1,(#3867,#3868),.UNSPECIFIED.,.F.,
  .F.,(2,2),(-19.525,-2.825),.PIECEWISE_BEZIER_KNOTS.);
#3867 = CARTESIAN_POINT('',(128.4,-22.35));
#3868 = CARTESIAN_POINT('',(128.4,-5.65));
#3869 = ( GEOMETRIC_REPRESENTATION_CONTEXT(2) 
PARAMETRIC_REPRESENTATION_CONTEXT() REPRESENTATION_CONTEXT('2D SPACE',''
  ) );
#3870 = PCURVE('',#3871,#3876);
#3871 = PLANE('',#3872);
#3872 = AXIS2_PLACEMENT_3D('',#3873,#3874,#3875);
#3873 = CARTESIAN_POINT('',(141.4,-13.,43.65));
#3874 = DIRECTION('',(1.,0.,0.));
#3875 = DIRECTION('',(0.,0.,1.));
#3876 = DEFINITIONAL_REPRESENTATION('',(#3877),#3880);
#3877 = B_SPLINE_CURVE_WITH_KNOTS('',1,(#3878,#3879),.UNSPECIFIED.,.F.,
  .F.,(2,2),(-19.525,-2.825),.PIECEWISE_BEZIER_KNOTS.);
#3878 = CARTESIAN_POINT('',(16.7,-2.));
#3879 = CARTESIAN_POINT('',(0.,-2.));
#3880 = ( GEOMETRIC_REPRESENTATION_CONTEXT(2) 
PARAMETRIC_REPRESENTATION_CONTEXT() REPRESENTATION_CONTEXT('2D SPACE',''
  ) );
#3881 = ORIENTED_EDGE('',*,*,#3882,.F.);
#3882 = EDGE_CURVE('',#3883,#3857,#3885,.T.);
#3883 = VERTEX_POINT('',#3884);
#3884 = CARTESIAN_POINT('',(108.8,-11.,60.35));
#3885 = SURFACE_CURVE('',#3886,(#3890,#3896),.PCURVE_S1.);
#3886 = LINE('',#3887,#3888);
#3887 = CARTESIAN_POINT('',(60.9,-11.,60.35));
#3888 = VECTOR('',#3889,1.);
#3889 = DIRECTION('',(1.,0.,0.));
#3890 = PCURVE('',#728,#3891);
#3891 = DEFINITIONAL_REPRESENTATION('',(#3892),#3895);
#3892 = B_SPLINE_CURVE_WITH_KNOTS('',1,(#3893,#3894),.UNSPECIFIED.,.F.,
  .F.,(2,2),(47.9,80.5),.PIECEWISE_BEZIER_KNOTS.);
#3893 = CARTESIAN_POINT('',(95.8,-22.35));
#3894 = CARTESIAN_POINT('',(128.4,-22.35));
#3895 = ( GEOMETRIC_REPRESENTATION_CONTEXT(2) 
PARAMETRIC_REPRESENTATION_CONTEXT() REPRESENTATION_CONTEXT('2D SPACE',''
  ) );
#3896 = PCURVE('',#3897,#3902);
#3897 = PLANE('',#3898);
#3898 = AXIS2_PLACEMENT_3D('',#3899,#3900,#3901);
#3899 = CARTESIAN_POINT('',(108.8,-13.,60.35));
#3900 = DIRECTION('',(0.,0.,1.));
#3901 = DIRECTION('',(1.,0.,0.));
#3902 = DEFINITIONAL_REPRESENTATION('',(#3903),#3906);
#3903 = B_SPLINE_CURVE_WITH_KNOTS('',1,(#3904,#3905),.UNSPECIFIED.,.F.,
  .F.,(2,2),(47.9,80.5),.PIECEWISE_BEZIER_KNOTS.);
#3904 = CARTESIAN_POINT('',(0.,2.));
#3905 = CARTESIAN_POINT('',(32.6,2.));
#3906 = ( GEOMETRIC_REPRESENTATION_CONTEXT(2) 
PARAMETRIC_REPRESENTATION_CONTEXT() REPRESENTATION_CONTEXT('2D SPACE',''
  ) );
#3907 = ORIENTED_EDGE('',*,*,#3908,.T.);
#3908 = EDGE_CURVE('',#3883,#3909,#3911,.T.);
#3909 = VERTEX_POINT('',#3910);
#3910 = CARTESIAN_POINT('',(108.8,-11.,58.));
#3911 = SURFACE_CURVE('',#3912,(#3916,#3922),.PCURVE_S1.);
#3912 = LINE('',#3913,#3914);
#3913 = CARTESIAN_POINT('',(108.8,-11.,40.825));
#3914 = VECTOR('',#3915,1.);
#3915 = DIRECTION('',(0.,0.,-1.));
#3916 = PCURVE('',#728,#3917);
#3917 = DEFINITIONAL_REPRESENTATION('',(#3918),#3921);
#3918 = B_SPLINE_CURVE_WITH_KNOTS('',1,(#3919,#3920),.UNSPECIFIED.,.F.,
  .F.,(2,2),(-19.525,-2.825),.PIECEWISE_BEZIER_KNOTS.);
#3919 = CARTESIAN_POINT('',(95.8,-22.35));
#3920 = CARTESIAN_POINT('',(95.8,-5.65));
#3921 = ( GEOMETRIC_REPRESENTATION_CONTEXT(2) 
PARAMETRIC_REPRESENTATION_CONTEXT() REPRESENTATION_CONTEXT('2D SPACE',''
  ) );
#3922 = PCURVE('',#3923,#3928);
#3923 = PLANE('',#3924);
#3924 = AXIS2_PLACEMENT_3D('',#3925,#3926,#3927);
#3925 = CARTESIAN_POINT('',(108.8,-13.,43.65));
#3926 = DIRECTION('',(1.,0.,0.));
#3927 = DIRECTION('',(0.,0.,1.));
#3928 = DEFINITIONAL_REPRESENTATION('',(#3929),#3932);
#3929 = B_SPLINE_CURVE_WITH_KNOTS('',1,(#3930,#3931),.UNSPECIFIED.,.F.,
  .F.,(2,2),(-19.525,-2.825),.PIECEWISE_BEZIER_KNOTS.);
#3930 = CARTESIAN_POINT('',(16.7,-2.));
#3931 = CARTESIAN_POINT('',(0.,-2.));
#3932 = ( GEOMETRIC_REPRESENTATION_CONTEXT(2) 
PARAMETRIC_REPRESENTATION_CONTEXT() REPRESENTATION_CONTEXT('2D SPACE',''
  ) );
#3933 = ORIENTED_EDGE('',*,*,#3934,.F.);
#3934 = EDGE_CURVE('',#3935,#3909,#3937,.T.);
#3935 = VERTEX_POINT('',#3936);
#3936 = CARTESIAN_POINT('',(96.422616289333,-11.,58.));
#3937 = SURFACE_CURVE('',#3938,(#3942,#3949),.PCURVE_S1.);
#3938 = LINE('',#3939,#3940);
#3939 = CARTESIAN_POINT('',(90.,-11.,58.));
#3940 = VECTOR('',#3941,1.);
#3941 = DIRECTION('',(1.,0.,0.));
#3942 = PCURVE('',#728,#3943);
#3943 = DEFINITIONAL_REPRESENTATION('',(#3944),#3948);
#3944 = LINE('',#3945,#3946);
#3945 = CARTESIAN_POINT('',(77.,-20.));
#3946 = VECTOR('',#3947,1.);
#3947 = DIRECTION('',(1.,0.));
#3948 = ( GEOMETRIC_REPRESENTATION_CONTEXT(2) 
PARAMETRIC_REPRESENTATION_CONTEXT() REPRESENTATION_CONTEXT('2D SPACE',''
  ) );
#3949 = PCURVE('',#3950,#3955);
#3950 = PLANE('',#3951);
#3951 = AXIS2_PLACEMENT_3D('',#3952,#3953,#3954);
#3952 = CARTESIAN_POINT('',(90.,-11.,58.));
#3953 = DIRECTION('',(0.,0.,1.));
#3954 = DIRECTION('',(1.,0.,0.));
#3955 = DEFINITIONAL_REPRESENTATION('',(#3956),#3960);
#3956 = LINE('',#3957,#3958);
#3957 = CARTESIAN_POINT('',(0.,0.));
#3958 = VECTOR('',#3959,1.);
#3959 = DIRECTION('',(1.,0.));
#3960 = ( GEOMETRIC_REPRESENTATION_CONTEXT(2) 
PARAMETRIC_REPRESENTATION_CONTEXT() REPRESENTATION_CONTEXT('2D SPACE',''
  ) );
#3961 = ORIENTED_EDGE('',*,*,#3962,.F.);
#3962 = EDGE_CURVE('',#713,#3935,#3963,.T.);
#3963 = SURFACE_CURVE('',#3964,(#3968,#3974),.PCURVE_S1.);
#3964 = LINE('',#3965,#3966);
#3965 = CARTESIAN_POINT('',(96.422616289333,-11.,37.));
#3966 = VECTOR('',#3967,1.);
#3967 = DIRECTION('',(-0.,-0.,-1.));
#3968 = PCURVE('',#728,#3969);
#3969 = DEFINITIONAL_REPRESENTATION('',(#3970),#3973);
#3970 = B_SPLINE_CURVE_WITH_KNOTS('',1,(#3971,#3972),.UNSPECIFIED.,.F.,
  .F.,(2,2),(-25.0000006,5.999999999062E-07),.PIECEWISE_BEZIER_KNOTS.);
#3971 = CARTESIAN_POINT('',(83.422616289333,-24.0000006));
#3972 = CARTESIAN_POINT('',(83.422616289333,1.0000006));
#3973 = ( GEOMETRIC_REPRESENTATION_CONTEXT(2) 
PARAMETRIC_REPRESENTATION_CONTEXT() REPRESENTATION_CONTEXT('2D SPACE',''
  ) );
#3974 = PCURVE('',#756,#3975);
#3975 = DEFINITIONAL_REPRESENTATION('',(#3976),#3979);
#3976 = B_SPLINE_CURVE_WITH_KNOTS('',1,(#3977,#3978),.UNSPECIFIED.,.F.,
  .F.,(2,2),(-25.,-1.),.PIECEWISE_BEZIER_KNOTS.);
#3977 = CARTESIAN_POINT('',(-5.454797910405,-25.));
#3978 = CARTESIAN_POINT('',(-5.454797910405,-1.));
#3979 = ( GEOMETRIC_REPRESENTATION_CONTEXT(2) 
PARAMETRIC_REPRESENTATION_CONTEXT() REPRESENTATION_CONTEXT('2D SPACE',''
  ) );
#3980 = ORIENTED_EDGE('',*,*,#712,.F.);
#3981 = ORIENTED_EDGE('',*,*,#3677,.T.);
#3982 = ADVANCED_FACE('',(#3983),#896,.T.);
#3983 = FACE_BOUND('',#3984,.T.);
#3984 = EDGE_LOOP('',(#3985,#4008,#4009,#4010));
#3985 = ORIENTED_EDGE('',*,*,#3986,.F.);
#3986 = EDGE_CURVE('',#3728,#3987,#3989,.T.);
#3987 = VERTEX_POINT('',#3988);
#3988 = CARTESIAN_POINT('',(18.208099243548,40.,38.));
#3989 = SURFACE_CURVE('',#3990,(#3994,#4001),.PCURVE_S1.);
#3990 = LINE('',#3991,#3992);
#3991 = CARTESIAN_POINT('',(147.,40.,38.));
#3992 = VECTOR('',#3993,1.);
#3993 = DIRECTION('',(-1.,0.,0.));
#3994 = PCURVE('',#896,#3995);
#3995 = DEFINITIONAL_REPRESENTATION('',(#3996),#4000);
#3996 = LINE('',#3997,#3998);
#3997 = CARTESIAN_POINT('',(0.,-0.));
#3998 = VECTOR('',#3999,1.);
#3999 = DIRECTION('',(1.,0.));
#4000 = ( GEOMETRIC_REPRESENTATION_CONTEXT(2) 
PARAMETRIC_REPRESENTATION_CONTEXT() REPRESENTATION_CONTEXT('2D SPACE',''
  ) );
#4001 = PCURVE('',#3306,#4002);
#4002 = DEFINITIONAL_REPRESENTATION('',(#4003),#4007);
#4003 = LINE('',#4004,#4005);
#4004 = CARTESIAN_POINT('',(67.,25.5));
#4005 = VECTOR('',#4006,1.);
#4006 = DIRECTION('',(-1.,0.));
#4007 = ( GEOMETRIC_REPRESENTATION_CONTEXT(2) 
PARAMETRIC_REPRESENTATION_CONTEXT() REPRESENTATION_CONTEXT('2D SPACE',''
  ) );
#4008 = ORIENTED_EDGE('',*,*,#3755,.F.);
#4009 = ORIENTED_EDGE('',*,*,#880,.F.);
#4010 = ORIENTED_EDGE('',*,*,#4011,.T.);
#4011 = EDGE_CURVE('',#852,#3987,#4012,.T.);
#4012 = SURFACE_CURVE('',#4013,(#4017,#4023),.PCURVE_S1.);
#4013 = LINE('',#4014,#4015);
#4014 = CARTESIAN_POINT('',(18.208099243548,40.,37.));
#4015 = VECTOR('',#4016,1.);
#4016 = DIRECTION('',(-0.,-0.,-1.));
#4017 = PCURVE('',#896,#4018);
#4018 = DEFINITIONAL_REPRESENTATION('',(#4019),#4022);
#4019 = B_SPLINE_CURVE_WITH_KNOTS('',1,(#4020,#4021),.UNSPECIFIED.,.F.,
  .F.,(2,2),(-25.0000006,5.999999999062E-07),.PIECEWISE_BEZIER_KNOTS.);
#4020 = CARTESIAN_POINT('',(128.79190075645,-24.0000006));
#4021 = CARTESIAN_POINT('',(128.79190075645,1.0000006));
#4022 = ( GEOMETRIC_REPRESENTATION_CONTEXT(2) 
PARAMETRIC_REPRESENTATION_CONTEXT() REPRESENTATION_CONTEXT('2D SPACE',''
  ) );
#4023 = PCURVE('',#868,#4024);
#4024 = DEFINITIONAL_REPRESENTATION('',(#4025),#4028);
#4025 = B_SPLINE_CURVE_WITH_KNOTS('',1,(#4026,#4027),.UNSPECIFIED.,.F.,
  .F.,(2,2),(-25.,-1.),.PIECEWISE_BEZIER_KNOTS.);
#4026 = CARTESIAN_POINT('',(-6.667582081675,-25.));
#4027 = CARTESIAN_POINT('',(-6.667582081675,-1.));
#4028 = ( GEOMETRIC_REPRESENTATION_CONTEXT(2) 
PARAMETRIC_REPRESENTATION_CONTEXT() REPRESENTATION_CONTEXT('2D SPACE',''
  ) );
#4029 = ADVANCED_FACE('',(#4030),#756,.T.);
#4030 = FACE_BOUND('',#4031,.F.);
#4031 = EDGE_LOOP('',(#4032,#4053,#4081,#4107,#4133,#4134));
#4032 = ORIENTED_EDGE('',*,*,#4033,.T.);
#4033 = EDGE_CURVE('',#740,#4034,#4036,.T.);
#4034 = VERTEX_POINT('',#4035);
#4035 = CARTESIAN_POINT('',(83.577383710667,-11.,38.));
#4036 = SURFACE_CURVE('',#4037,(#4041,#4047),.PCURVE_S1.);
#4037 = LINE('',#4038,#4039);
#4038 = CARTESIAN_POINT('',(83.577383710667,-11.,37.));
#4039 = VECTOR('',#4040,1.);
#4040 = DIRECTION('',(-0.,-0.,-1.));
#4041 = PCURVE('',#756,#4042);
#4042 = DEFINITIONAL_REPRESENTATION('',(#4043),#4046);
#4043 = B_SPLINE_CURVE_WITH_KNOTS('',1,(#4044,#4045),.UNSPECIFIED.,.F.,
  .F.,(2,2),(-25.,-1.),.PIECEWISE_BEZIER_KNOTS.);
#4044 = CARTESIAN_POINT('',(-10.25316535754,-25.));
#4045 = CARTESIAN_POINT('',(-10.25316535754,-1.));
#4046 = ( GEOMETRIC_REPRESENTATION_CONTEXT(2) 
PARAMETRIC_REPRESENTATION_CONTEXT() REPRESENTATION_CONTEXT('2D SPACE',''
  ) );
#4047 = PCURVE('',#784,#4048);
#4048 = DEFINITIONAL_REPRESENTATION('',(#4049),#4052);
#4049 = B_SPLINE_CURVE_WITH_KNOTS('',1,(#4050,#4051),.UNSPECIFIED.,.F.,
  .F.,(2,2),(-25.0000006,5.999999999062E-07),.PIECEWISE_BEZIER_KNOTS.);
#4050 = CARTESIAN_POINT('',(70.577383710667,-24.0000006));
#4051 = CARTESIAN_POINT('',(70.577383710667,1.0000006));
#4052 = ( GEOMETRIC_REPRESENTATION_CONTEXT(2) 
PARAMETRIC_REPRESENTATION_CONTEXT() REPRESENTATION_CONTEXT('2D SPACE',''
  ) );
#4053 = ORIENTED_EDGE('',*,*,#4054,.T.);
#4054 = EDGE_CURVE('',#4034,#4055,#4057,.T.);
#4055 = VERTEX_POINT('',#4056);
#4056 = CARTESIAN_POINT('',(96.422616289333,3.,38.));
#4057 = SURFACE_CURVE('',#4058,(#4063,#4070),.PCURVE_S1.);
#4058 = CIRCLE('',#4059,9.5);
#4059 = AXIS2_PLACEMENT_3D('',#4060,#4061,#4062);
#4060 = CARTESIAN_POINT('',(90.,-4.,38.));
#4061 = DIRECTION('',(-0.,0.,-1.));
#4062 = DIRECTION('',(-0.676064872561,-0.736842105263,0.));
#4063 = PCURVE('',#756,#4064);
#4064 = DEFINITIONAL_REPRESENTATION('',(#4065),#4069);
#4065 = LINE('',#4066,#4067);
#4066 = CARTESIAN_POINT('',(-10.25316535754,-1.));
#4067 = VECTOR('',#4068,1.);
#4068 = DIRECTION('',(1.,-0.));
#4069 = ( GEOMETRIC_REPRESENTATION_CONTEXT(2) 
PARAMETRIC_REPRESENTATION_CONTEXT() REPRESENTATION_CONTEXT('2D SPACE',''
  ) );
#4070 = PCURVE('',#3306,#4071);
#4071 = DEFINITIONAL_REPRESENTATION('',(#4072),#4080);
#4072 = ( BOUNDED_CURVE() B_SPLINE_CURVE(2,(#4073,#4074,#4075,#4076,
#4077,#4078,#4079),.UNSPECIFIED.,.T.,.F.) B_SPLINE_CURVE_WITH_KNOTS((1,2
    ,2,2,2,1),(-2.094395102393,0.,2.094395102393,4.188790204786,
6.28318530718,8.377580409573),.UNSPECIFIED.) CURVE() 
GEOMETRIC_REPRESENTATION_ITEM() RATIONAL_B_SPLINE_CURVE((1.,0.5,1.,0.5,
1.,0.5,1.)) REPRESENTATION_ITEM('') );
#4073 = CARTESIAN_POINT('',(3.577383710667,-25.5));
#4074 = CARTESIAN_POINT('',(-8.546971942315,-14.37570226935));
#4075 = CARTESIAN_POINT('',(7.149130318175,-9.437851134678));
#4076 = CARTESIAN_POINT('',(22.845232578665,-4.5));
#4077 = CARTESIAN_POINT('',(19.273485971157,-20.56214886532));
#4078 = CARTESIAN_POINT('',(15.70173936365,-36.62429773064));
#4079 = CARTESIAN_POINT('',(3.577383710667,-25.5));
#4080 = ( GEOMETRIC_REPRESENTATION_CONTEXT(2) 
PARAMETRIC_REPRESENTATION_CONTEXT() REPRESENTATION_CONTEXT('2D SPACE',''
  ) );
#4081 = ORIENTED_EDGE('',*,*,#4082,.F.);
#4082 = EDGE_CURVE('',#4083,#4055,#4085,.T.);
#4083 = VERTEX_POINT('',#4084);
#4084 = CARTESIAN_POINT('',(96.422616289333,3.,58.));
#4085 = SURFACE_CURVE('',#4086,(#4090,#4096),.PCURVE_S1.);
#4086 = LINE('',#4087,#4088);
#4087 = CARTESIAN_POINT('',(96.422616289333,3.,37.));
#4088 = VECTOR('',#4089,1.);
#4089 = DIRECTION('',(-0.,-0.,-1.));
#4090 = PCURVE('',#756,#4091);
#4091 = DEFINITIONAL_REPRESENTATION('',(#4092),#4095);
#4092 = B_SPLINE_CURVE_WITH_KNOTS('',1,(#4093,#4094),.UNSPECIFIED.,.F.,
  .F.,(2,2),(-23.1,-0.9999994),.PIECEWISE_BEZIER_KNOTS.);
#4093 = CARTESIAN_POINT('',(-7.111572703954,-23.1));
#4094 = CARTESIAN_POINT('',(-7.111572703954,-0.9999994));
#4095 = ( GEOMETRIC_REPRESENTATION_CONTEXT(2) 
PARAMETRIC_REPRESENTATION_CONTEXT() REPRESENTATION_CONTEXT('2D SPACE',''
  ) );
#4096 = PCURVE('',#4097,#4102);
#4097 = PLANE('',#4098);
#4098 = AXIS2_PLACEMENT_3D('',#4099,#4100,#4101);
#4099 = CARTESIAN_POINT('',(90.,3.,37.));
#4100 = DIRECTION('',(0.,1.,0.));
#4101 = DIRECTION('',(0.,0.,1.));
#4102 = DEFINITIONAL_REPRESENTATION('',(#4103),#4106);
#4103 = B_SPLINE_CURVE_WITH_KNOTS('',1,(#4104,#4105),.UNSPECIFIED.,.F.,
  .F.,(2,2),(-23.1,-0.9999994),.PIECEWISE_BEZIER_KNOTS.);
#4104 = CARTESIAN_POINT('',(23.1,6.422616289333));
#4105 = CARTESIAN_POINT('',(0.9999994,6.422616289333));
#4106 = ( GEOMETRIC_REPRESENTATION_CONTEXT(2) 
PARAMETRIC_REPRESENTATION_CONTEXT() REPRESENTATION_CONTEXT('2D SPACE',''
  ) );
#4107 = ORIENTED_EDGE('',*,*,#4108,.T.);
#4108 = EDGE_CURVE('',#4083,#3935,#4109,.T.);
#4109 = SURFACE_CURVE('',#4110,(#4115,#4122),.PCURVE_S1.);
#4110 = CIRCLE('',#4111,9.5);
#4111 = AXIS2_PLACEMENT_3D('',#4112,#4113,#4114);
#4112 = CARTESIAN_POINT('',(90.,-4.,58.));
#4113 = DIRECTION('',(0.,0.,-1.));
#4114 = DIRECTION('',(1.,0.,0.));
#4115 = PCURVE('',#756,#4116);
#4116 = DEFINITIONAL_REPRESENTATION('',(#4117),#4121);
#4117 = LINE('',#4118,#4119);
#4118 = CARTESIAN_POINT('',(-12.56637061435,-21.));
#4119 = VECTOR('',#4120,1.);
#4120 = DIRECTION('',(1.,-0.));
#4121 = ( GEOMETRIC_REPRESENTATION_CONTEXT(2) 
PARAMETRIC_REPRESENTATION_CONTEXT() REPRESENTATION_CONTEXT('2D SPACE',''
  ) );
#4122 = PCURVE('',#3950,#4123);
#4123 = DEFINITIONAL_REPRESENTATION('',(#4124),#4132);
#4124 = ( BOUNDED_CURVE() B_SPLINE_CURVE(2,(#4125,#4126,#4127,#4128,
#4129,#4130,#4131),.UNSPECIFIED.,.T.,.F.) B_SPLINE_CURVE_WITH_KNOTS((1,2
    ,2,2,2,1),(-2.094395102393,0.,2.094395102393,4.188790204786,
6.28318530718,8.377580409573),.UNSPECIFIED.) CURVE() 
GEOMETRIC_REPRESENTATION_ITEM() RATIONAL_B_SPLINE_CURVE((1.,0.5,1.,0.5,
1.,0.5,1.)) REPRESENTATION_ITEM('') );
#4125 = CARTESIAN_POINT('',(9.5,7.));
#4126 = CARTESIAN_POINT('',(9.5,-9.454482671904));
#4127 = CARTESIAN_POINT('',(-4.75,-1.227241335952));
#4128 = CARTESIAN_POINT('',(-19.,7.));
#4129 = CARTESIAN_POINT('',(-4.75,15.227241335952));
#4130 = CARTESIAN_POINT('',(9.5,23.454482671904));
#4131 = CARTESIAN_POINT('',(9.5,7.));
#4132 = ( GEOMETRIC_REPRESENTATION_CONTEXT(2) 
PARAMETRIC_REPRESENTATION_CONTEXT() REPRESENTATION_CONTEXT('2D SPACE',''
  ) );
#4133 = ORIENTED_EDGE('',*,*,#3962,.F.);
#4134 = ORIENTED_EDGE('',*,*,#739,.T.);
#4135 = ADVANCED_FACE('',(#4136),#868,.T.);
#4136 = FACE_BOUND('',#4137,.F.);
#4137 = EDGE_LOOP('',(#4138,#4166,#4185,#4186));
#4138 = ORIENTED_EDGE('',*,*,#4139,.T.);
#4139 = EDGE_CURVE('',#3987,#4140,#4142,.T.);
#4140 = VERTEX_POINT('',#4141);
#4141 = CARTESIAN_POINT('',(13.,34.791900756452,38.));
#4142 = SURFACE_CURVE('',#4143,(#4148,#4155),.PCURVE_S1.);
#4143 = CIRCLE('',#4144,4.);
#4144 = AXIS2_PLACEMENT_3D('',#4145,#4146,#4147);
#4145 = CARTESIAN_POINT('',(14.5,38.5,38.));
#4146 = DIRECTION('',(0.,0.,-1.));
#4147 = DIRECTION('',(0.927024810887,0.375,0.));
#4148 = PCURVE('',#868,#4149);
#4149 = DEFINITIONAL_REPRESENTATION('',(#4150),#4154);
#4150 = LINE('',#4151,#4152);
#4151 = CARTESIAN_POINT('',(-6.667582081675,-1.));
#4152 = VECTOR('',#4153,1.);
#4153 = DIRECTION('',(1.,-0.));
#4154 = ( GEOMETRIC_REPRESENTATION_CONTEXT(2) 
PARAMETRIC_REPRESENTATION_CONTEXT() REPRESENTATION_CONTEXT('2D SPACE',''
  ) );
#4155 = PCURVE('',#3306,#4156);
#4156 = DEFINITIONAL_REPRESENTATION('',(#4157),#4165);
#4157 = ( BOUNDED_CURVE() B_SPLINE_CURVE(2,(#4158,#4159,#4160,#4161,
#4162,#4163,#4164),.UNSPECIFIED.,.T.,.F.) B_SPLINE_CURVE_WITH_KNOTS((1,2
    ,2,2,2,1),(-2.094395102393,0.,2.094395102393,4.188790204786,
6.28318530718,8.377580409573),.UNSPECIFIED.) CURVE() 
GEOMETRIC_REPRESENTATION_ITEM() RATIONAL_B_SPLINE_CURVE((1.,0.5,1.,0.5,
1.,0.5,1.)) REPRESENTATION_ITEM('') );
#4158 = CARTESIAN_POINT('',(-61.79190075645,25.5));
#4159 = CARTESIAN_POINT('',(-59.19382454509,19.077383710667));
#4160 = CARTESIAN_POINT('',(-66.05501151609,20.038691855334));
#4161 = CARTESIAN_POINT('',(-72.91619848709,21.));
#4162 = CARTESIAN_POINT('',(-68.65308772745,26.461308144666));
#4163 = CARTESIAN_POINT('',(-64.3899769678,31.922616289333));
#4164 = CARTESIAN_POINT('',(-61.79190075645,25.5));
#4165 = ( GEOMETRIC_REPRESENTATION_CONTEXT(2) 
PARAMETRIC_REPRESENTATION_CONTEXT() REPRESENTATION_CONTEXT('2D SPACE',''
  ) );
#4166 = ORIENTED_EDGE('',*,*,#4167,.F.);
#4167 = EDGE_CURVE('',#825,#4140,#4168,.T.);
#4168 = SURFACE_CURVE('',#4169,(#4173,#4179),.PCURVE_S1.);
#4169 = LINE('',#4170,#4171);
#4170 = CARTESIAN_POINT('',(13.,34.791900756452,37.));
#4171 = VECTOR('',#4172,1.);
#4172 = DIRECTION('',(-0.,-0.,-1.));
#4173 = PCURVE('',#868,#4174);
#4174 = DEFINITIONAL_REPRESENTATION('',(#4175),#4178);
#4175 = B_SPLINE_CURVE_WITH_KNOTS('',1,(#4176,#4177),.UNSPECIFIED.,.F.,
  .F.,(2,2),(-25.,-1.),.PIECEWISE_BEZIER_KNOTS.);
#4176 = CARTESIAN_POINT('',(-4.327992205889,-25.));
#4177 = CARTESIAN_POINT('',(-4.327992205889,-1.));
#4178 = ( GEOMETRIC_REPRESENTATION_CONTEXT(2) 
PARAMETRIC_REPRESENTATION_CONTEXT() REPRESENTATION_CONTEXT('2D SPACE',''
  ) );
#4179 = PCURVE('',#840,#4180);
#4180 = DEFINITIONAL_REPRESENTATION('',(#4181),#4184);
#4181 = B_SPLINE_CURVE_WITH_KNOTS('',1,(#4182,#4183),.UNSPECIFIED.,.F.,
  .F.,(2,2),(-25.0000006,5.999999999062E-07),.PIECEWISE_BEZIER_KNOTS.);
#4182 = CARTESIAN_POINT('',(5.208099243548,-24.0000006));
#4183 = CARTESIAN_POINT('',(5.208099243548,1.0000006));
#4184 = ( GEOMETRIC_REPRESENTATION_CONTEXT(2) 
PARAMETRIC_REPRESENTATION_CONTEXT() REPRESENTATION_CONTEXT('2D SPACE',''
  ) );
#4185 = ORIENTED_EDGE('',*,*,#851,.T.);
#4186 = ORIENTED_EDGE('',*,*,#4011,.T.);
#4187 = ADVANCED_FACE('',(#4188),#784,.T.);
#4188 = FACE_BOUND('',#4189,.T.);
#4189 = EDGE_LOOP('',(#4190,#4213,#4232,#4233));
#4190 = ORIENTED_EDGE('',*,*,#4191,.F.);
#4191 = EDGE_CURVE('',#4192,#4034,#4194,.T.);
#4192 = VERTEX_POINT('',#4193);
#4193 = CARTESIAN_POINT('',(18.208099243548,-11.,38.));
#4194 = SURFACE_CURVE('',#4195,(#4199,#4206),.PCURVE_S1.);
#4195 = LINE('',#4196,#4197);
#4196 = CARTESIAN_POINT('',(13.,-11.,38.));
#4197 = VECTOR('',#4198,1.);
#4198 = DIRECTION('',(1.,0.,0.));
#4199 = PCURVE('',#784,#4200);
#4200 = DEFINITIONAL_REPRESENTATION('',(#4201),#4205);
#4201 = LINE('',#4202,#4203);
#4202 = CARTESIAN_POINT('',(0.,0.));
#4203 = VECTOR('',#4204,1.);
#4204 = DIRECTION('',(1.,0.));
#4205 = ( GEOMETRIC_REPRESENTATION_CONTEXT(2) 
PARAMETRIC_REPRESENTATION_CONTEXT() REPRESENTATION_CONTEXT('2D SPACE',''
  ) );
#4206 = PCURVE('',#3306,#4207);
#4207 = DEFINITIONAL_REPRESENTATION('',(#4208),#4212);
#4208 = LINE('',#4209,#4210);
#4209 = CARTESIAN_POINT('',(-67.,-25.5));
#4210 = VECTOR('',#4211,1.);
#4211 = DIRECTION('',(1.,0.));
#4212 = ( GEOMETRIC_REPRESENTATION_CONTEXT(2) 
PARAMETRIC_REPRESENTATION_CONTEXT() REPRESENTATION_CONTEXT('2D SPACE',''
  ) );
#4213 = ORIENTED_EDGE('',*,*,#4214,.F.);
#4214 = EDGE_CURVE('',#769,#4192,#4215,.T.);
#4215 = SURFACE_CURVE('',#4216,(#4220,#4226),.PCURVE_S1.);
#4216 = LINE('',#4217,#4218);
#4217 = CARTESIAN_POINT('',(18.208099243548,-11.,37.));
#4218 = VECTOR('',#4219,1.);
#4219 = DIRECTION('',(-0.,-0.,-1.));
#4220 = PCURVE('',#784,#4221);
#4221 = DEFINITIONAL_REPRESENTATION('',(#4222),#4225);
#4222 = B_SPLINE_CURVE_WITH_KNOTS('',1,(#4223,#4224),.UNSPECIFIED.,.F.,
  .F.,(2,2),(-25.0000006,5.999999999062E-07),.PIECEWISE_BEZIER_KNOTS.);
#4223 = CARTESIAN_POINT('',(5.208099243548,-24.0000006));
#4224 = CARTESIAN_POINT('',(5.208099243548,1.0000006));
#4225 = ( GEOMETRIC_REPRESENTATION_CONTEXT(2) 
PARAMETRIC_REPRESENTATION_CONTEXT() REPRESENTATION_CONTEXT('2D SPACE',''
  ) );
#4226 = PCURVE('',#812,#4227);
#4227 = DEFINITIONAL_REPRESENTATION('',(#4228),#4231);
#4228 = B_SPLINE_CURVE_WITH_KNOTS('',1,(#4229,#4230),.UNSPECIFIED.,.F.,
  .F.,(2,2),(-25.,-1.),.PIECEWISE_BEZIER_KNOTS.);
#4229 = CARTESIAN_POINT('',(-5.898788532684,-25.));
#4230 = CARTESIAN_POINT('',(-5.898788532684,-1.));
#4231 = ( GEOMETRIC_REPRESENTATION_CONTEXT(2) 
PARAMETRIC_REPRESENTATION_CONTEXT() REPRESENTATION_CONTEXT('2D SPACE',''
  ) );
#4232 = ORIENTED_EDGE('',*,*,#768,.F.);
#4233 = ORIENTED_EDGE('',*,*,#4033,.T.);
#4234 = ADVANCED_FACE('',(#4235),#840,.T.);
#4235 = FACE_BOUND('',#4236,.T.);
#4236 = EDGE_LOOP('',(#4237,#4260,#4261,#4262));
#4237 = ORIENTED_EDGE('',*,*,#4238,.F.);
#4238 = EDGE_CURVE('',#4140,#4239,#4241,.T.);
#4239 = VERTEX_POINT('',#4240);
#4240 = CARTESIAN_POINT('',(13.,-5.791900756452,38.));
#4241 = SURFACE_CURVE('',#4242,(#4246,#4253),.PCURVE_S1.);
#4242 = LINE('',#4243,#4244);
#4243 = CARTESIAN_POINT('',(13.,40.,38.));
#4244 = VECTOR('',#4245,1.);
#4245 = DIRECTION('',(0.,-1.,0.));
#4246 = PCURVE('',#840,#4247);
#4247 = DEFINITIONAL_REPRESENTATION('',(#4248),#4252);
#4248 = LINE('',#4249,#4250);
#4249 = CARTESIAN_POINT('',(0.,0.));
#4250 = VECTOR('',#4251,1.);
#4251 = DIRECTION('',(1.,0.));
#4252 = ( GEOMETRIC_REPRESENTATION_CONTEXT(2) 
PARAMETRIC_REPRESENTATION_CONTEXT() REPRESENTATION_CONTEXT('2D SPACE',''
  ) );
#4253 = PCURVE('',#3306,#4254);
#4254 = DEFINITIONAL_REPRESENTATION('',(#4255),#4259);
#4255 = LINE('',#4256,#4257);
#4256 = CARTESIAN_POINT('',(-67.,25.5));
#4257 = VECTOR('',#4258,1.);
#4258 = DIRECTION('',(0.,-1.));
#4259 = ( GEOMETRIC_REPRESENTATION_CONTEXT(2) 
PARAMETRIC_REPRESENTATION_CONTEXT() REPRESENTATION_CONTEXT('2D SPACE',''
  ) );
#4260 = ORIENTED_EDGE('',*,*,#4167,.F.);
#4261 = ORIENTED_EDGE('',*,*,#824,.F.);
#4262 = ORIENTED_EDGE('',*,*,#4263,.T.);
#4263 = EDGE_CURVE('',#796,#4239,#4264,.T.);
#4264 = SURFACE_CURVE('',#4265,(#4269,#4275),.PCURVE_S1.);
#4265 = LINE('',#4266,#4267);
#4266 = CARTESIAN_POINT('',(13.,-5.791900756452,37.));
#4267 = VECTOR('',#4268,1.);
#4268 = DIRECTION('',(-0.,-0.,-1.));
#4269 = PCURVE('',#840,#4270);
#4270 = DEFINITIONAL_REPRESENTATION('',(#4271),#4274);
#4271 = B_SPLINE_CURVE_WITH_KNOTS('',1,(#4272,#4273),.UNSPECIFIED.,.F.,
  .F.,(2,2),(-25.0000006,5.999999999062E-07),.PIECEWISE_BEZIER_KNOTS.);
#4272 = CARTESIAN_POINT('',(45.791900756452,-24.0000006));
#4273 = CARTESIAN_POINT('',(45.791900756452,1.0000006));
#4274 = ( GEOMETRIC_REPRESENTATION_CONTEXT(2) 
PARAMETRIC_REPRESENTATION_CONTEXT() REPRESENTATION_CONTEXT('2D SPACE',''
  ) );
#4275 = PCURVE('',#812,#4276);
#4276 = DEFINITIONAL_REPRESENTATION('',(#4277),#4280);
#4277 = B_SPLINE_CURVE_WITH_KNOTS('',1,(#4278,#4279),.UNSPECIFIED.,.F.,
  .F.,(2,2),(-25.,-1.),.PIECEWISE_BEZIER_KNOTS.);
#4278 = CARTESIAN_POINT('',(-8.23837840847,-25.));
#4279 = CARTESIAN_POINT('',(-8.23837840847,-1.));
#4280 = ( GEOMETRIC_REPRESENTATION_CONTEXT(2) 
PARAMETRIC_REPRESENTATION_CONTEXT() REPRESENTATION_CONTEXT('2D SPACE',''
  ) );
#4281 = ADVANCED_FACE('',(#4282),#812,.T.);
#4282 = FACE_BOUND('',#4283,.F.);
#4283 = EDGE_LOOP('',(#4284,#4310,#4311,#4312));
#4284 = ORIENTED_EDGE('',*,*,#4285,.T.);
#4285 = EDGE_CURVE('',#4239,#4192,#4286,.T.);
#4286 = SURFACE_CURVE('',#4287,(#4292,#4299),.PCURVE_S1.);
#4287 = CIRCLE('',#4288,4.);
#4288 = AXIS2_PLACEMENT_3D('',#4289,#4290,#4291);
#4289 = CARTESIAN_POINT('',(14.5,-9.5,38.));
#4290 = DIRECTION('',(0.,0.,-1.));
#4291 = DIRECTION('',(-0.375,0.927024810887,0.));
#4292 = PCURVE('',#812,#4293);
#4293 = DEFINITIONAL_REPRESENTATION('',(#4294),#4298);
#4294 = LINE('',#4295,#4296);
#4295 = CARTESIAN_POINT('',(-8.23837840847,-1.));
#4296 = VECTOR('',#4297,1.);
#4297 = DIRECTION('',(1.,-0.));
#4298 = ( GEOMETRIC_REPRESENTATION_CONTEXT(2) 
PARAMETRIC_REPRESENTATION_CONTEXT() REPRESENTATION_CONTEXT('2D SPACE',''
  ) );
#4299 = PCURVE('',#3306,#4300);
#4300 = DEFINITIONAL_REPRESENTATION('',(#4301),#4309);
#4301 = ( BOUNDED_CURVE() B_SPLINE_CURVE(2,(#4302,#4303,#4304,#4305,
#4306,#4307,#4308),.UNSPECIFIED.,.T.,.F.) B_SPLINE_CURVE_WITH_KNOTS((1,2
    ,2,2,2,1),(-2.094395102393,0.,2.094395102393,4.188790204786,
6.28318530718,8.377580409573),.UNSPECIFIED.) CURVE() 
GEOMETRIC_REPRESENTATION_ITEM() RATIONAL_B_SPLINE_CURVE((1.,0.5,1.,0.5,
1.,0.5,1.)) REPRESENTATION_ITEM('') );
#4302 = CARTESIAN_POINT('',(-67.,-20.29190075645));
#4303 = CARTESIAN_POINT('',(-60.57738371066,-17.69382454509));
#4304 = CARTESIAN_POINT('',(-61.53869185533,-24.55501151609));
#4305 = CARTESIAN_POINT('',(-62.5,-31.41619848709));
#4306 = CARTESIAN_POINT('',(-67.96130814466,-27.15308772745));
#4307 = CARTESIAN_POINT('',(-73.42261628933,-22.8899769678));
#4308 = CARTESIAN_POINT('',(-67.,-20.29190075645));
#4309 = ( GEOMETRIC_REPRESENTATION_CONTEXT(2) 
PARAMETRIC_REPRESENTATION_CONTEXT() REPRESENTATION_CONTEXT('2D SPACE',''
  ) );
#4310 = ORIENTED_EDGE('',*,*,#4214,.F.);
#4311 = ORIENTED_EDGE('',*,*,#795,.T.);
#4312 = ORIENTED_EDGE('',*,*,#4263,.T.);
#4313 = ADVANCED_FACE('',(#4314),#984,.F.);
#4314 = FACE_BOUND('',#4315,.T.);
#4315 = EDGE_LOOP('',(#4316,#4345,#4366,#4367));
#4316 = ORIENTED_EDGE('',*,*,#4317,.F.);
#4317 = EDGE_CURVE('',#4318,#4318,#4320,.T.);
#4318 = VERTEX_POINT('',#4319);
#4319 = CARTESIAN_POINT('',(106.25,38.5,54.));
#4320 = SURFACE_CURVE('',#4321,(#4326,#4333),.PCURVE_S1.);
#4321 = CIRCLE('',#4322,1.25);
#4322 = AXIS2_PLACEMENT_3D('',#4323,#4324,#4325);
#4323 = CARTESIAN_POINT('',(105.,38.5,54.));
#4324 = DIRECTION('',(0.,0.,1.));
#4325 = DIRECTION('',(1.,0.,0.));
#4326 = PCURVE('',#984,#4327);
#4327 = DEFINITIONAL_REPRESENTATION('',(#4328),#4332);
#4328 = LINE('',#4329,#4330);
#4329 = CARTESIAN_POINT('',(-0.,0.));
#4330 = VECTOR('',#4331,1.);
#4331 = DIRECTION('',(-1.,0.));
#4332 = ( GEOMETRIC_REPRESENTATION_CONTEXT(2) 
PARAMETRIC_REPRESENTATION_CONTEXT() REPRESENTATION_CONTEXT('2D SPACE',''
  ) );
#4333 = PCURVE('',#4334,#4339);
#4334 = PLANE('',#4335);
#4335 = AXIS2_PLACEMENT_3D('',#4336,#4337,#4338);
#4336 = CARTESIAN_POINT('',(105.,38.5,54.));
#4337 = DIRECTION('',(0.,0.,1.));
#4338 = DIRECTION('',(1.,0.,-0.));
#4339 = DEFINITIONAL_REPRESENTATION('',(#4340),#4344);
#4340 = CIRCLE('',#4341,1.25);
#4341 = AXIS2_PLACEMENT_2D('',#4342,#4343);
#4342 = CARTESIAN_POINT('',(0.,-7.105427357601E-15));
#4343 = DIRECTION('',(1.,0.));
#4344 = ( GEOMETRIC_REPRESENTATION_CONTEXT(2) 
PARAMETRIC_REPRESENTATION_CONTEXT() REPRESENTATION_CONTEXT('2D SPACE',''
  ) );
#4345 = ORIENTED_EDGE('',*,*,#4346,.T.);
#4346 = EDGE_CURVE('',#4318,#964,#4347,.T.);
#4347 = SEAM_CURVE('',#4348,(#4352,#4359),.PCURVE_S1.);
#4348 = LINE('',#4349,#4350);
#4349 = CARTESIAN_POINT('',(106.25,38.5,54.));
#4350 = VECTOR('',#4351,1.);
#4351 = DIRECTION('',(0.,0.,1.));
#4352 = PCURVE('',#984,#4353);
#4353 = DEFINITIONAL_REPRESENTATION('',(#4354),#4358);
#4354 = LINE('',#4355,#4356);
#4355 = CARTESIAN_POINT('',(-6.28318530718,0.));
#4356 = VECTOR('',#4357,1.);
#4357 = DIRECTION('',(-0.,-1.));
#4358 = ( GEOMETRIC_REPRESENTATION_CONTEXT(2) 
PARAMETRIC_REPRESENTATION_CONTEXT() REPRESENTATION_CONTEXT('2D SPACE',''
  ) );
#4359 = PCURVE('',#984,#4360);
#4360 = DEFINITIONAL_REPRESENTATION('',(#4361),#4365);
#4361 = LINE('',#4362,#4363);
#4362 = CARTESIAN_POINT('',(-0.,0.));
#4363 = VECTOR('',#4364,1.);
#4364 = DIRECTION('',(-0.,-1.));
#4365 = ( GEOMETRIC_REPRESENTATION_CONTEXT(2) 
PARAMETRIC_REPRESENTATION_CONTEXT() REPRESENTATION_CONTEXT('2D SPACE',''
  ) );
#4366 = ORIENTED_EDGE('',*,*,#963,.F.);
#4367 = ORIENTED_EDGE('',*,*,#4346,.F.);
#4368 = ADVANCED_FACE('',(#4369),#1256,.F.);
#4369 = FACE_BOUND('',#4370,.F.);
#4370 = EDGE_LOOP('',(#4371,#4372,#4395,#4422));
#4371 = ORIENTED_EDGE('',*,*,#1146,.F.);
#4372 = ORIENTED_EDGE('',*,*,#4373,.T.);
#4373 = EDGE_CURVE('',#1147,#4374,#4376,.T.);
#4374 = VERTEX_POINT('',#4375);
#4375 = CARTESIAN_POINT('',(136.25,41.5,8.));
#4376 = SEAM_CURVE('',#4377,(#4381,#4388),.PCURVE_S1.);
#4377 = LINE('',#4378,#4379);
#4378 = CARTESIAN_POINT('',(136.25,30.,8.));
#4379 = VECTOR('',#4380,1.);
#4380 = DIRECTION('',(-0.,1.,-0.));
#4381 = PCURVE('',#1256,#4382);
#4382 = DEFINITIONAL_REPRESENTATION('',(#4383),#4387);
#4383 = LINE('',#4384,#4385);
#4384 = CARTESIAN_POINT('',(6.28318530718,0.));
#4385 = VECTOR('',#4386,1.);
#4386 = DIRECTION('',(0.,-1.));
#4387 = ( GEOMETRIC_REPRESENTATION_CONTEXT(2) 
PARAMETRIC_REPRESENTATION_CONTEXT() REPRESENTATION_CONTEXT('2D SPACE',''
  ) );
#4388 = PCURVE('',#1256,#4389);
#4389 = DEFINITIONAL_REPRESENTATION('',(#4390),#4394);
#4390 = LINE('',#4391,#4392);
#4391 = CARTESIAN_POINT('',(0.,0.));
#4392 = VECTOR('',#4393,1.);
#4393 = DIRECTION('',(0.,-1.));
#4394 = ( GEOMETRIC_REPRESENTATION_CONTEXT(2) 
PARAMETRIC_REPRESENTATION_CONTEXT() REPRESENTATION_CONTEXT('2D SPACE',''
  ) );
#4395 = ORIENTED_EDGE('',*,*,#4396,.T.);
#4396 = EDGE_CURVE('',#4374,#4374,#4397,.T.);
#4397 = SURFACE_CURVE('',#4398,(#4403,#4410),.PCURVE_S1.);
#4398 = CIRCLE('',#4399,1.25);
#4399 = AXIS2_PLACEMENT_3D('',#4400,#4401,#4402);
#4400 = CARTESIAN_POINT('',(135.,41.5,8.));
#4401 = DIRECTION('',(0.,-1.,0.));
#4402 = DIRECTION('',(1.,0.,0.));
#4403 = PCURVE('',#1256,#4404);
#4404 = DEFINITIONAL_REPRESENTATION('',(#4405),#4409);
#4405 = LINE('',#4406,#4407);
#4406 = CARTESIAN_POINT('',(0.,-11.5));
#4407 = VECTOR('',#4408,1.);
#4408 = DIRECTION('',(1.,0.));
#4409 = ( GEOMETRIC_REPRESENTATION_CONTEXT(2) 
PARAMETRIC_REPRESENTATION_CONTEXT() REPRESENTATION_CONTEXT('2D SPACE',''
  ) );
#4410 = PCURVE('',#4411,#4416);
#4411 = PLANE('',#4412);
#4412 = AXIS2_PLACEMENT_3D('',#4413,#4414,#4415);
#4413 = CARTESIAN_POINT('',(135.,41.5,8.));
#4414 = DIRECTION('',(-0.,-1.,-0.));
#4415 = DIRECTION('',(0.,0.,-1.));
#4416 = DEFINITIONAL_REPRESENTATION('',(#4417),#4421);
#4417 = CIRCLE('',#4418,1.25);
#4418 = AXIS2_PLACEMENT_2D('',#4419,#4420);
#4419 = CARTESIAN_POINT('',(0.,0.));
#4420 = DIRECTION('',(0.,1.));
#4421 = ( GEOMETRIC_REPRESENTATION_CONTEXT(2) 
PARAMETRIC_REPRESENTATION_CONTEXT() REPRESENTATION_CONTEXT('2D SPACE',''
  ) );
#4422 = ORIENTED_EDGE('',*,*,#4373,.F.);
#4423 = ADVANCED_FACE('',(#4424),#1427,.F.);
#4424 = FACE_BOUND('',#4425,.T.);
#4425 = EDGE_LOOP('',(#4426,#4427,#4450,#4477));
#4426 = ORIENTED_EDGE('',*,*,#1317,.F.);
#4427 = ORIENTED_EDGE('',*,*,#4428,.T.);
#4428 = EDGE_CURVE('',#1318,#4429,#4431,.T.);
#4429 = VERTEX_POINT('',#4430);
#4430 = CARTESIAN_POINT('',(136.25,6.,37.));
#4431 = SEAM_CURVE('',#4432,(#4436,#4443),.PCURVE_S1.);
#4432 = LINE('',#4433,#4434);
#4433 = CARTESIAN_POINT('',(136.25,6.,25.));
#4434 = VECTOR('',#4435,1.);
#4435 = DIRECTION('',(0.,0.,1.));
#4436 = PCURVE('',#1427,#4437);
#4437 = DEFINITIONAL_REPRESENTATION('',(#4438),#4442);
#4438 = LINE('',#4439,#4440);
#4439 = CARTESIAN_POINT('',(-6.28318530718,0.));
#4440 = VECTOR('',#4441,1.);
#4441 = DIRECTION('',(-0.,-1.));
#4442 = ( GEOMETRIC_REPRESENTATION_CONTEXT(2) 
PARAMETRIC_REPRESENTATION_CONTEXT() REPRESENTATION_CONTEXT('2D SPACE',''
  ) );
#4443 = PCURVE('',#1427,#4444);
#4444 = DEFINITIONAL_REPRESENTATION('',(#4445),#4449);
#4445 = LINE('',#4446,#4447);
#4446 = CARTESIAN_POINT('',(-0.,0.));
#4447 = VECTOR('',#4448,1.);
#4448 = DIRECTION('',(-0.,-1.));
#4449 = ( GEOMETRIC_REPRESENTATION_CONTEXT(2) 
PARAMETRIC_REPRESENTATION_CONTEXT() REPRESENTATION_CONTEXT('2D SPACE',''
  ) );
#4450 = ORIENTED_EDGE('',*,*,#4451,.T.);
#4451 = EDGE_CURVE('',#4429,#4429,#4452,.T.);
#4452 = SURFACE_CURVE('',#4453,(#4458,#4465),.PCURVE_S1.);
#4453 = CIRCLE('',#4454,1.25);
#4454 = AXIS2_PLACEMENT_3D('',#4455,#4456,#4457);
#4455 = CARTESIAN_POINT('',(135.,6.,37.));
#4456 = DIRECTION('',(0.,0.,1.));
#4457 = DIRECTION('',(1.,0.,0.));
#4458 = PCURVE('',#1427,#4459);
#4459 = DEFINITIONAL_REPRESENTATION('',(#4460),#4464);
#4460 = LINE('',#4461,#4462);
#4461 = CARTESIAN_POINT('',(-0.,-12.));
#4462 = VECTOR('',#4463,1.);
#4463 = DIRECTION('',(-1.,0.));
#4464 = ( GEOMETRIC_REPRESENTATION_CONTEXT(2) 
PARAMETRIC_REPRESENTATION_CONTEXT() REPRESENTATION_CONTEXT('2D SPACE',''
  ) );
#4465 = PCURVE('',#4466,#4471);
#4466 = PLANE('',#4467);
#4467 = AXIS2_PLACEMENT_3D('',#4468,#4469,#4470);
#4468 = CARTESIAN_POINT('',(135.,6.,37.));
#4469 = DIRECTION('',(0.,0.,1.));
#4470 = DIRECTION('',(1.,0.,-0.));
#4471 = DEFINITIONAL_REPRESENTATION('',(#4472),#4476);
#4472 = CIRCLE('',#4473,1.25);
#4473 = AXIS2_PLACEMENT_2D('',#4474,#4475);
#4474 = CARTESIAN_POINT('',(0.,0.));
#4475 = DIRECTION('',(1.,0.));
#4476 = ( GEOMETRIC_REPRESENTATION_CONTEXT(2) 
PARAMETRIC_REPRESENTATION_CONTEXT() REPRESENTATION_CONTEXT('2D SPACE',''
  ) );
#4477 = ORIENTED_EDGE('',*,*,#4428,.F.);
#4478 = ADVANCED_FACE('',(#4479),#1598,.F.);
#4479 = FACE_BOUND('',#4480,.F.);
#4480 = EDGE_LOOP('',(#4481,#4482,#4505,#4532));
#4481 = ORIENTED_EDGE('',*,*,#1488,.F.);
#4482 = ORIENTED_EDGE('',*,*,#4483,.T.);
#4483 = EDGE_CURVE('',#1489,#4484,#4486,.T.);
#4484 = VERTEX_POINT('',#4485);
#4485 = CARTESIAN_POINT('',(76.25,41.5,8.));
#4486 = SEAM_CURVE('',#4487,(#4491,#4498),.PCURVE_S1.);
#4487 = LINE('',#4488,#4489);
#4488 = CARTESIAN_POINT('',(76.25,30.,8.));
#4489 = VECTOR('',#4490,1.);
#4490 = DIRECTION('',(-0.,1.,-0.));
#4491 = PCURVE('',#1598,#4492);
#4492 = DEFINITIONAL_REPRESENTATION('',(#4493),#4497);
#4493 = LINE('',#4494,#4495);
#4494 = CARTESIAN_POINT('',(6.28318530718,0.));
#4495 = VECTOR('',#4496,1.);
#4496 = DIRECTION('',(0.,-1.));
#4497 = ( GEOMETRIC_REPRESENTATION_CONTEXT(2) 
PARAMETRIC_REPRESENTATION_CONTEXT() REPRESENTATION_CONTEXT('2D SPACE',''
  ) );
#4498 = PCURVE('',#1598,#4499);
#4499 = DEFINITIONAL_REPRESENTATION('',(#4500),#4504);
#4500 = LINE('',#4501,#4502);
#4501 = CARTESIAN_POINT('',(0.,0.));
#4502 = VECTOR('',#4503,1.);
#4503 = DIRECTION('',(0.,-1.));
#4504 = ( GEOMETRIC_REPRESENTATION_CONTEXT(2) 
PARAMETRIC_REPRESENTATION_CONTEXT() REPRESENTATION_CONTEXT('2D SPACE',''
  ) );
#4505 = ORIENTED_EDGE('',*,*,#4506,.T.);
#4506 = EDGE_CURVE('',#4484,#4484,#4507,.T.);
#4507 = SURFACE_CURVE('',#4508,(#4513,#4520),.PCURVE_S1.);
#4508 = CIRCLE('',#4509,1.25);
#4509 = AXIS2_PLACEMENT_3D('',#4510,#4511,#4512);
#4510 = CARTESIAN_POINT('',(75.,41.5,8.));
#4511 = DIRECTION('',(0.,-1.,0.));
#4512 = DIRECTION('',(1.,0.,0.));
#4513 = PCURVE('',#1598,#4514);
#4514 = DEFINITIONAL_REPRESENTATION('',(#4515),#4519);
#4515 = LINE('',#4516,#4517);
#4516 = CARTESIAN_POINT('',(0.,-11.5));
#4517 = VECTOR('',#4518,1.);
#4518 = DIRECTION('',(1.,0.));
#4519 = ( GEOMETRIC_REPRESENTATION_CONTEXT(2) 
PARAMETRIC_REPRESENTATION_CONTEXT() REPRESENTATION_CONTEXT('2D SPACE',''
  ) );
#4520 = PCURVE('',#4521,#4526);
#4521 = PLANE('',#4522);
#4522 = AXIS2_PLACEMENT_3D('',#4523,#4524,#4525);
#4523 = CARTESIAN_POINT('',(75.,41.5,8.));
#4524 = DIRECTION('',(-0.,-1.,-0.));
#4525 = DIRECTION('',(0.,0.,-1.));
#4526 = DEFINITIONAL_REPRESENTATION('',(#4527),#4531);
#4527 = CIRCLE('',#4528,1.25);
#4528 = AXIS2_PLACEMENT_2D('',#4529,#4530);
#4529 = CARTESIAN_POINT('',(0.,0.));
#4530 = DIRECTION('',(0.,1.));
#4531 = ( GEOMETRIC_REPRESENTATION_CONTEXT(2) 
PARAMETRIC_REPRESENTATION_CONTEXT() REPRESENTATION_CONTEXT('2D SPACE',''
  ) );
#4532 = ORIENTED_EDGE('',*,*,#4483,.F.);
#4533 = ADVANCED_FACE('',(#4534),#1769,.F.);
#4534 = FACE_BOUND('',#4535,.F.);
#4535 = EDGE_LOOP('',(#4536,#4537,#4560,#4587));
#4536 = ORIENTED_EDGE('',*,*,#1659,.F.);
#4537 = ORIENTED_EDGE('',*,*,#4538,.T.);
#4538 = EDGE_CURVE('',#1660,#4539,#4541,.T.);
#4539 = VERTEX_POINT('',#4540);
#4540 = CARTESIAN_POINT('',(26.25,41.5,8.));
#4541 = SEAM_CURVE('',#4542,(#4546,#4553),.PCURVE_S1.);
#4542 = LINE('',#4543,#4544);
#4543 = CARTESIAN_POINT('',(26.25,30.,8.));
#4544 = VECTOR('',#4545,1.);
#4545 = DIRECTION('',(-0.,1.,-0.));
#4546 = PCURVE('',#1769,#4547);
#4547 = DEFINITIONAL_REPRESENTATION('',(#4548),#4552);
#4548 = LINE('',#4549,#4550);
#4549 = CARTESIAN_POINT('',(6.28318530718,0.));
#4550 = VECTOR('',#4551,1.);
#4551 = DIRECTION('',(0.,-1.));
#4552 = ( GEOMETRIC_REPRESENTATION_CONTEXT(2) 
PARAMETRIC_REPRESENTATION_CONTEXT() REPRESENTATION_CONTEXT('2D SPACE',''
  ) );
#4553 = PCURVE('',#1769,#4554);
#4554 = DEFINITIONAL_REPRESENTATION('',(#4555),#4559);
#4555 = LINE('',#4556,#4557);
#4556 = CARTESIAN_POINT('',(0.,0.));
#4557 = VECTOR('',#4558,1.);
#4558 = DIRECTION('',(0.,-1.));
#4559 = ( GEOMETRIC_REPRESENTATION_CONTEXT(2) 
PARAMETRIC_REPRESENTATION_CONTEXT() REPRESENTATION_CONTEXT('2D SPACE',''
  ) );
#4560 = ORIENTED_EDGE('',*,*,#4561,.T.);
#4561 = EDGE_CURVE('',#4539,#4539,#4562,.T.);
#4562 = SURFACE_CURVE('',#4563,(#4568,#4575),.PCURVE_S1.);
#4563 = CIRCLE('',#4564,1.25);
#4564 = AXIS2_PLACEMENT_3D('',#4565,#4566,#4567);
#4565 = CARTESIAN_POINT('',(25.,41.5,8.));
#4566 = DIRECTION('',(0.,-1.,0.));
#4567 = DIRECTION('',(1.,0.,0.));
#4568 = PCURVE('',#1769,#4569);
#4569 = DEFINITIONAL_REPRESENTATION('',(#4570),#4574);
#4570 = LINE('',#4571,#4572);
#4571 = CARTESIAN_POINT('',(0.,-11.5));
#4572 = VECTOR('',#4573,1.);
#4573 = DIRECTION('',(1.,0.));
#4574 = ( GEOMETRIC_REPRESENTATION_CONTEXT(2) 
PARAMETRIC_REPRESENTATION_CONTEXT() REPRESENTATION_CONTEXT('2D SPACE',''
  ) );
#4575 = PCURVE('',#4576,#4581);
#4576 = PLANE('',#4577);
#4577 = AXIS2_PLACEMENT_3D('',#4578,#4579,#4580);
#4578 = CARTESIAN_POINT('',(25.,41.5,8.));
#4579 = DIRECTION('',(-0.,-1.,-0.));
#4580 = DIRECTION('',(0.,0.,-1.));
#4581 = DEFINITIONAL_REPRESENTATION('',(#4582),#4586);
#4582 = CIRCLE('',#4583,1.25);
#4583 = AXIS2_PLACEMENT_2D('',#4584,#4585);
#4584 = CARTESIAN_POINT('',(0.,-3.552713678801E-15));
#4585 = DIRECTION('',(0.,1.));
#4586 = ( GEOMETRIC_REPRESENTATION_CONTEXT(2) 
PARAMETRIC_REPRESENTATION_CONTEXT() REPRESENTATION_CONTEXT('2D SPACE',''
  ) );
#4587 = ORIENTED_EDGE('',*,*,#4538,.F.);
#4588 = ADVANCED_FACE('',(#4589),#1940,.F.);
#4589 = FACE_BOUND('',#4590,.T.);
#4590 = EDGE_LOOP('',(#4591,#4592,#4615,#4642));
#4591 = ORIENTED_EDGE('',*,*,#1830,.F.);
#4592 = ORIENTED_EDGE('',*,*,#4593,.T.);
#4593 = EDGE_CURVE('',#1831,#4594,#4596,.T.);
#4594 = VERTEX_POINT('',#4595);
#4595 = CARTESIAN_POINT('',(76.25,6.,37.));
#4596 = SEAM_CURVE('',#4597,(#4601,#4608),.PCURVE_S1.);
#4597 = LINE('',#4598,#4599);
#4598 = CARTESIAN_POINT('',(76.25,6.,25.));
#4599 = VECTOR('',#4600,1.);
#4600 = DIRECTION('',(0.,0.,1.));
#4601 = PCURVE('',#1940,#4602);
#4602 = DEFINITIONAL_REPRESENTATION('',(#4603),#4607);
#4603 = LINE('',#4604,#4605);
#4604 = CARTESIAN_POINT('',(-6.28318530718,0.));
#4605 = VECTOR('',#4606,1.);
#4606 = DIRECTION('',(-0.,-1.));
#4607 = ( GEOMETRIC_REPRESENTATION_CONTEXT(2) 
PARAMETRIC_REPRESENTATION_CONTEXT() REPRESENTATION_CONTEXT('2D SPACE',''
  ) );
#4608 = PCURVE('',#1940,#4609);
#4609 = DEFINITIONAL_REPRESENTATION('',(#4610),#4614);
#4610 = LINE('',#4611,#4612);
#4611 = CARTESIAN_POINT('',(-0.,0.));
#4612 = VECTOR('',#4613,1.);
#4613 = DIRECTION('',(-0.,-1.));
#4614 = ( GEOMETRIC_REPRESENTATION_CONTEXT(2) 
PARAMETRIC_REPRESENTATION_CONTEXT() REPRESENTATION_CONTEXT('2D SPACE',''
  ) );
#4615 = ORIENTED_EDGE('',*,*,#4616,.T.);
#4616 = EDGE_CURVE('',#4594,#4594,#4617,.T.);
#4617 = SURFACE_CURVE('',#4618,(#4623,#4630),.PCURVE_S1.);
#4618 = CIRCLE('',#4619,1.25);
#4619 = AXIS2_PLACEMENT_3D('',#4620,#4621,#4622);
#4620 = CARTESIAN_POINT('',(75.,6.,37.));
#4621 = DIRECTION('',(0.,0.,1.));
#4622 = DIRECTION('',(1.,0.,0.));
#4623 = PCURVE('',#1940,#4624);
#4624 = DEFINITIONAL_REPRESENTATION('',(#4625),#4629);
#4625 = LINE('',#4626,#4627);
#4626 = CARTESIAN_POINT('',(-0.,-12.));
#4627 = VECTOR('',#4628,1.);
#4628 = DIRECTION('',(-1.,0.));
#4629 = ( GEOMETRIC_REPRESENTATION_CONTEXT(2) 
PARAMETRIC_REPRESENTATION_CONTEXT() REPRESENTATION_CONTEXT('2D SPACE',''
  ) );
#4630 = PCURVE('',#4631,#4636);
#4631 = PLANE('',#4632);
#4632 = AXIS2_PLACEMENT_3D('',#4633,#4634,#4635);
#4633 = CARTESIAN_POINT('',(75.,6.,37.));
#4634 = DIRECTION('',(0.,0.,1.));
#4635 = DIRECTION('',(1.,0.,-0.));
#4636 = DEFINITIONAL_REPRESENTATION('',(#4637),#4641);
#4637 = CIRCLE('',#4638,1.25);
#4638 = AXIS2_PLACEMENT_2D('',#4639,#4640);
#4639 = CARTESIAN_POINT('',(0.,0.));
#4640 = DIRECTION('',(1.,0.));
#4641 = ( GEOMETRIC_REPRESENTATION_CONTEXT(2) 
PARAMETRIC_REPRESENTATION_CONTEXT() REPRESENTATION_CONTEXT('2D SPACE',''
  ) );
#4642 = ORIENTED_EDGE('',*,*,#4593,.F.);
#4643 = ADVANCED_FACE('',(#4644),#2111,.F.);
#4644 = FACE_BOUND('',#4645,.T.);
#4645 = EDGE_LOOP('',(#4646,#4647,#4670,#4697));
#4646 = ORIENTED_EDGE('',*,*,#2001,.F.);
#4647 = ORIENTED_EDGE('',*,*,#4648,.T.);
#4648 = EDGE_CURVE('',#2002,#4649,#4651,.T.);
#4649 = VERTEX_POINT('',#4650);
#4650 = CARTESIAN_POINT('',(26.25,6.,37.));
#4651 = SEAM_CURVE('',#4652,(#4656,#4663),.PCURVE_S1.);
#4652 = LINE('',#4653,#4654);
#4653 = CARTESIAN_POINT('',(26.25,6.,25.));
#4654 = VECTOR('',#4655,1.);
#4655 = DIRECTION('',(0.,0.,1.));
#4656 = PCURVE('',#2111,#4657);
#4657 = DEFINITIONAL_REPRESENTATION('',(#4658),#4662);
#4658 = LINE('',#4659,#4660);
#4659 = CARTESIAN_POINT('',(-6.28318530718,0.));
#4660 = VECTOR('',#4661,1.);
#4661 = DIRECTION('',(-0.,-1.));
#4662 = ( GEOMETRIC_REPRESENTATION_CONTEXT(2) 
PARAMETRIC_REPRESENTATION_CONTEXT() REPRESENTATION_CONTEXT('2D SPACE',''
  ) );
#4663 = PCURVE('',#2111,#4664);
#4664 = DEFINITIONAL_REPRESENTATION('',(#4665),#4669);
#4665 = LINE('',#4666,#4667);
#4666 = CARTESIAN_POINT('',(-0.,0.));
#4667 = VECTOR('',#4668,1.);
#4668 = DIRECTION('',(-0.,-1.));
#4669 = ( GEOMETRIC_REPRESENTATION_CONTEXT(2) 
PARAMETRIC_REPRESENTATION_CONTEXT() REPRESENTATION_CONTEXT('2D SPACE',''
  ) );
#4670 = ORIENTED_EDGE('',*,*,#4671,.T.);
#4671 = EDGE_CURVE('',#4649,#4649,#4672,.T.);
#4672 = SURFACE_CURVE('',#4673,(#4678,#4685),.PCURVE_S1.);
#4673 = CIRCLE('',#4674,1.25);
#4674 = AXIS2_PLACEMENT_3D('',#4675,#4676,#4677);
#4675 = CARTESIAN_POINT('',(25.,6.,37.));
#4676 = DIRECTION('',(0.,0.,1.));
#4677 = DIRECTION('',(1.,0.,0.));
#4678 = PCURVE('',#2111,#4679);
#4679 = DEFINITIONAL_REPRESENTATION('',(#4680),#4684);
#4680 = LINE('',#4681,#4682);
#4681 = CARTESIAN_POINT('',(-0.,-12.));
#4682 = VECTOR('',#4683,1.);
#4683 = DIRECTION('',(-1.,0.));
#4684 = ( GEOMETRIC_REPRESENTATION_CONTEXT(2) 
PARAMETRIC_REPRESENTATION_CONTEXT() REPRESENTATION_CONTEXT('2D SPACE',''
  ) );
#4685 = PCURVE('',#4686,#4691);
#4686 = PLANE('',#4687);
#4687 = AXIS2_PLACEMENT_3D('',#4688,#4689,#4690);
#4688 = CARTESIAN_POINT('',(25.,6.,37.));
#4689 = DIRECTION('',(0.,0.,1.));
#4690 = DIRECTION('',(1.,0.,-0.));
#4691 = DEFINITIONAL_REPRESENTATION('',(#4692),#4696);
#4692 = CIRCLE('',#4693,1.25);
#4693 = AXIS2_PLACEMENT_2D('',#4694,#4695);
#4694 = CARTESIAN_POINT('',(3.552713678801E-15,0.));
#4695 = DIRECTION('',(1.,0.));
#4696 = ( GEOMETRIC_REPRESENTATION_CONTEXT(2) 
PARAMETRIC_REPRESENTATION_CONTEXT() REPRESENTATION_CONTEXT('2D SPACE',''
  ) );
#4697 = ORIENTED_EDGE('',*,*,#4648,.F.);
#4698 = ADVANCED_FACE('',(#4699),#2291,.F.);
#4699 = FACE_BOUND('',#4700,.F.);
#4700 = EDGE_LOOP('',(#4701,#4702,#4703,#4704));
#4701 = ORIENTED_EDGE('',*,*,#2699,.F.);
#4702 = ORIENTED_EDGE('',*,*,#2276,.T.);
#4703 = ORIENTED_EDGE('',*,*,#2588,.T.);
#4704 = ORIENTED_EDGE('',*,*,#2637,.T.);
#4705 = ADVANCED_FACE('',(#4706),#2359,.F.);
#4706 = FACE_BOUND('',#4707,.F.);
#4707 = EDGE_LOOP('',(#4708,#4731,#4760,#4781));
#4708 = ORIENTED_EDGE('',*,*,#4709,.F.);
#4709 = EDGE_CURVE('',#4710,#2341,#4712,.T.);
#4710 = VERTEX_POINT('',#4711);
#4711 = CARTESIAN_POINT('',(148.,8.35,35.85));
#4712 = SURFACE_CURVE('',#4713,(#4717,#4724),.PCURVE_S1.);
#4713 = LINE('',#4714,#4715);
#4714 = CARTESIAN_POINT('',(148.,8.35,35.85));
#4715 = VECTOR('',#4716,1.);
#4716 = DIRECTION('',(1.,0.,0.));
#4717 = PCURVE('',#2359,#4718);
#4718 = DEFINITIONAL_REPRESENTATION('',(#4719),#4723);
#4719 = LINE('',#4720,#4721);
#4720 = CARTESIAN_POINT('',(0.,0.));
#4721 = VECTOR('',#4722,1.);
#4722 = DIRECTION('',(0.,1.));
#4723 = ( GEOMETRIC_REPRESENTATION_CONTEXT(2) 
PARAMETRIC_REPRESENTATION_CONTEXT() REPRESENTATION_CONTEXT('2D SPACE',''
  ) );
#4724 = PCURVE('',#2386,#4725);
#4725 = DEFINITIONAL_REPRESENTATION('',(#4726),#4730);
#4726 = LINE('',#4727,#4728);
#4727 = CARTESIAN_POINT('',(12.9,0.));
#4728 = VECTOR('',#4729,1.);
#4729 = DIRECTION('',(0.,-1.));
#4730 = ( GEOMETRIC_REPRESENTATION_CONTEXT(2) 
PARAMETRIC_REPRESENTATION_CONTEXT() REPRESENTATION_CONTEXT('2D SPACE',''
  ) );
#4731 = ORIENTED_EDGE('',*,*,#4732,.T.);
#4732 = EDGE_CURVE('',#4710,#4733,#4735,.T.);
#4733 = VERTEX_POINT('',#4734);
#4734 = CARTESIAN_POINT('',(148.,10.85,38.35));
#4735 = SURFACE_CURVE('',#4736,(#4741,#4748),.PCURVE_S1.);
#4736 = CIRCLE('',#4737,2.5);
#4737 = AXIS2_PLACEMENT_3D('',#4738,#4739,#4740);
#4738 = CARTESIAN_POINT('',(148.,8.35,38.35));
#4739 = DIRECTION('',(1.,0.,0.));
#4740 = DIRECTION('',(-0.,0.,1.));
#4741 = PCURVE('',#2359,#4742);
#4742 = DEFINITIONAL_REPRESENTATION('',(#4743),#4747);
#4743 = LINE('',#4744,#4745);
#4744 = CARTESIAN_POINT('',(-3.14159265359,0.));
#4745 = VECTOR('',#4746,1.);
#4746 = DIRECTION('',(1.,0.));
#4747 = ( GEOMETRIC_REPRESENTATION_CONTEXT(2) 
PARAMETRIC_REPRESENTATION_CONTEXT() REPRESENTATION_CONTEXT('2D SPACE',''
  ) );
#4748 = PCURVE('',#4749,#4754);
#4749 = PLANE('',#4750);
#4750 = AXIS2_PLACEMENT_3D('',#4751,#4752,#4753);
#4751 = CARTESIAN_POINT('',(148.,3.15,40.65));
#4752 = DIRECTION('',(1.,0.,0.));
#4753 = DIRECTION('',(-0.,0.,1.));
#4754 = DEFINITIONAL_REPRESENTATION('',(#4755),#4759);
#4755 = CIRCLE('',#4756,2.5);
#4756 = AXIS2_PLACEMENT_2D('',#4757,#4758);
#4757 = CARTESIAN_POINT('',(-2.3,-5.2));
#4758 = DIRECTION('',(1.,0.));
#4759 = ( GEOMETRIC_REPRESENTATION_CONTEXT(2) 
PARAMETRIC_REPRESENTATION_CONTEXT() REPRESENTATION_CONTEXT('2D SPACE',''
  ) );
#4760 = ORIENTED_EDGE('',*,*,#4761,.T.);
#4761 = EDGE_CURVE('',#4733,#2343,#4762,.T.);
#4762 = SURFACE_CURVE('',#4763,(#4767,#4774),.PCURVE_S1.);
#4763 = LINE('',#4764,#4765);
#4764 = CARTESIAN_POINT('',(148.,10.85,38.35));
#4765 = VECTOR('',#4766,1.);
#4766 = DIRECTION('',(1.,0.,0.));
#4767 = PCURVE('',#2359,#4768);
#4768 = DEFINITIONAL_REPRESENTATION('',(#4769),#4773);
#4769 = LINE('',#4770,#4771);
#4770 = CARTESIAN_POINT('',(1.570796326795,0.));
#4771 = VECTOR('',#4772,1.);
#4772 = DIRECTION('',(0.,1.));
#4773 = ( GEOMETRIC_REPRESENTATION_CONTEXT(2) 
PARAMETRIC_REPRESENTATION_CONTEXT() REPRESENTATION_CONTEXT('2D SPACE',''
  ) );
#4774 = PCURVE('',#2549,#4775);
#4775 = DEFINITIONAL_REPRESENTATION('',(#4776),#4780);
#4776 = LINE('',#4777,#4778);
#4777 = CARTESIAN_POINT('',(2.5,0.));
#4778 = VECTOR('',#4779,1.);
#4779 = DIRECTION('',(0.,-1.));
#4780 = ( GEOMETRIC_REPRESENTATION_CONTEXT(2) 
PARAMETRIC_REPRESENTATION_CONTEXT() REPRESENTATION_CONTEXT('2D SPACE',''
  ) );
#4781 = ORIENTED_EDGE('',*,*,#2340,.F.);
#4782 = ADVANCED_FACE('',(#4783),#2549,.T.);
#4783 = FACE_BOUND('',#4784,.T.);
#4784 = EDGE_LOOP('',(#4785,#4808,#4809,#4810));
#4785 = ORIENTED_EDGE('',*,*,#4786,.F.);
#4786 = EDGE_CURVE('',#4733,#4787,#4789,.T.);
#4787 = VERTEX_POINT('',#4788);
#4788 = CARTESIAN_POINT('',(148.,10.85,42.95));
#4789 = SURFACE_CURVE('',#4790,(#4794,#4801),.PCURVE_S1.);
#4790 = LINE('',#4791,#4792);
#4791 = CARTESIAN_POINT('',(148.,10.85,35.85));
#4792 = VECTOR('',#4793,1.);
#4793 = DIRECTION('',(0.,0.,1.));
#4794 = PCURVE('',#2549,#4795);
#4795 = DEFINITIONAL_REPRESENTATION('',(#4796),#4800);
#4796 = LINE('',#4797,#4798);
#4797 = CARTESIAN_POINT('',(0.,0.));
#4798 = VECTOR('',#4799,1.);
#4799 = DIRECTION('',(1.,0.));
#4800 = ( GEOMETRIC_REPRESENTATION_CONTEXT(2) 
PARAMETRIC_REPRESENTATION_CONTEXT() REPRESENTATION_CONTEXT('2D SPACE',''
  ) );
#4801 = PCURVE('',#4749,#4802);
#4802 = DEFINITIONAL_REPRESENTATION('',(#4803),#4807);
#4803 = LINE('',#4804,#4805);
#4804 = CARTESIAN_POINT('',(-4.8,-7.7));
#4805 = VECTOR('',#4806,1.);
#4806 = DIRECTION('',(1.,0.));
#4807 = ( GEOMETRIC_REPRESENTATION_CONTEXT(2) 
PARAMETRIC_REPRESENTATION_CONTEXT() REPRESENTATION_CONTEXT('2D SPACE',''
  ) );
#4808 = ORIENTED_EDGE('',*,*,#4761,.T.);
#4809 = ORIENTED_EDGE('',*,*,#2536,.F.);
#4810 = ORIENTED_EDGE('',*,*,#4811,.F.);
#4811 = EDGE_CURVE('',#4787,#2508,#4812,.T.);
#4812 = SURFACE_CURVE('',#4813,(#4817,#4824),.PCURVE_S1.);
#4813 = LINE('',#4814,#4815);
#4814 = CARTESIAN_POINT('',(148.,10.85,42.95));
#4815 = VECTOR('',#4816,1.);
#4816 = DIRECTION('',(1.,0.,0.));
#4817 = PCURVE('',#2549,#4818);
#4818 = DEFINITIONAL_REPRESENTATION('',(#4819),#4823);
#4819 = LINE('',#4820,#4821);
#4820 = CARTESIAN_POINT('',(7.1,0.));
#4821 = VECTOR('',#4822,1.);
#4822 = DIRECTION('',(0.,-1.));
#4823 = ( GEOMETRIC_REPRESENTATION_CONTEXT(2) 
PARAMETRIC_REPRESENTATION_CONTEXT() REPRESENTATION_CONTEXT('2D SPACE',''
  ) );
#4824 = PCURVE('',#2524,#4825);
#4825 = DEFINITIONAL_REPRESENTATION('',(#4826),#4830);
#4826 = LINE('',#4827,#4828);
#4827 = CARTESIAN_POINT('',(0.,0.));
#4828 = VECTOR('',#4829,1.);
#4829 = DIRECTION('',(0.,1.));
#4830 = ( GEOMETRIC_REPRESENTATION_CONTEXT(2) 
PARAMETRIC_REPRESENTATION_CONTEXT() REPRESENTATION_CONTEXT('2D SPACE',''
  ) );
#4831 = ADVANCED_FACE('',(#4832),#2524,.F.);
#4832 = FACE_BOUND('',#4833,.F.);
#4833 = EDGE_LOOP('',(#4834,#4835,#4859,#4880));
#4834 = ORIENTED_EDGE('',*,*,#4811,.F.);
#4835 = ORIENTED_EDGE('',*,*,#4836,.T.);
#4836 = EDGE_CURVE('',#4787,#4837,#4839,.T.);
#4837 = VERTEX_POINT('',#4838);
#4838 = CARTESIAN_POINT('',(148.,8.35,45.45));
#4839 = SURFACE_CURVE('',#4840,(#4845,#4852),.PCURVE_S1.);
#4840 = CIRCLE('',#4841,2.5);
#4841 = AXIS2_PLACEMENT_3D('',#4842,#4843,#4844);
#4842 = CARTESIAN_POINT('',(148.,8.35,42.95));
#4843 = DIRECTION('',(1.,0.,0.));
#4844 = DIRECTION('',(-0.,0.,1.));
#4845 = PCURVE('',#2524,#4846);
#4846 = DEFINITIONAL_REPRESENTATION('',(#4847),#4851);
#4847 = LINE('',#4848,#4849);
#4848 = CARTESIAN_POINT('',(-4.712388980385,0.));
#4849 = VECTOR('',#4850,1.);
#4850 = DIRECTION('',(1.,0.));
#4851 = ( GEOMETRIC_REPRESENTATION_CONTEXT(2) 
PARAMETRIC_REPRESENTATION_CONTEXT() REPRESENTATION_CONTEXT('2D SPACE',''
  ) );
#4852 = PCURVE('',#4749,#4853);
#4853 = DEFINITIONAL_REPRESENTATION('',(#4854),#4858);
#4854 = CIRCLE('',#4855,2.5);
#4855 = AXIS2_PLACEMENT_2D('',#4856,#4857);
#4856 = CARTESIAN_POINT('',(2.3,-5.2));
#4857 = DIRECTION('',(1.,0.));
#4858 = ( GEOMETRIC_REPRESENTATION_CONTEXT(2) 
PARAMETRIC_REPRESENTATION_CONTEXT() REPRESENTATION_CONTEXT('2D SPACE',''
  ) );
#4859 = ORIENTED_EDGE('',*,*,#4860,.T.);
#4860 = EDGE_CURVE('',#4837,#2482,#4861,.T.);
#4861 = SURFACE_CURVE('',#4862,(#4866,#4873),.PCURVE_S1.);
#4862 = LINE('',#4863,#4864);
#4863 = CARTESIAN_POINT('',(148.,8.35,45.45));
#4864 = VECTOR('',#4865,1.);
#4865 = DIRECTION('',(1.,0.,0.));
#4866 = PCURVE('',#2524,#4867);
#4867 = DEFINITIONAL_REPRESENTATION('',(#4868),#4872);
#4868 = LINE('',#4869,#4870);
#4869 = CARTESIAN_POINT('',(1.570796326795,0.));
#4870 = VECTOR('',#4871,1.);
#4871 = DIRECTION('',(0.,1.));
#4872 = ( GEOMETRIC_REPRESENTATION_CONTEXT(2) 
PARAMETRIC_REPRESENTATION_CONTEXT() REPRESENTATION_CONTEXT('2D SPACE',''
  ) );
#4873 = PCURVE('',#2496,#4874);
#4874 = DEFINITIONAL_REPRESENTATION('',(#4875),#4879);
#4875 = LINE('',#4876,#4877);
#4876 = CARTESIAN_POINT('',(2.5,0.));
#4877 = VECTOR('',#4878,1.);
#4878 = DIRECTION('',(0.,-1.));
#4879 = ( GEOMETRIC_REPRESENTATION_CONTEXT(2) 
PARAMETRIC_REPRESENTATION_CONTEXT() REPRESENTATION_CONTEXT('2D SPACE',''
  ) );
#4880 = ORIENTED_EDGE('',*,*,#2507,.F.);
#4881 = ADVANCED_FACE('',(#4882),#2496,.T.);
#4882 = FACE_BOUND('',#4883,.T.);
#4883 = EDGE_LOOP('',(#4884,#4907,#4908,#4909));
#4884 = ORIENTED_EDGE('',*,*,#4885,.F.);
#4885 = EDGE_CURVE('',#4837,#4886,#4888,.T.);
#4886 = VERTEX_POINT('',#4887);
#4887 = CARTESIAN_POINT('',(148.,-2.05,45.45));
#4888 = SURFACE_CURVE('',#4889,(#4893,#4900),.PCURVE_S1.);
#4889 = LINE('',#4890,#4891);
#4890 = CARTESIAN_POINT('',(148.,10.85,45.45));
#4891 = VECTOR('',#4892,1.);
#4892 = DIRECTION('',(0.,-1.,0.));
#4893 = PCURVE('',#2496,#4894);
#4894 = DEFINITIONAL_REPRESENTATION('',(#4895),#4899);
#4895 = LINE('',#4896,#4897);
#4896 = CARTESIAN_POINT('',(0.,-0.));
#4897 = VECTOR('',#4898,1.);
#4898 = DIRECTION('',(1.,0.));
#4899 = ( GEOMETRIC_REPRESENTATION_CONTEXT(2) 
PARAMETRIC_REPRESENTATION_CONTEXT() REPRESENTATION_CONTEXT('2D SPACE',''
  ) );
#4900 = PCURVE('',#4749,#4901);
#4901 = DEFINITIONAL_REPRESENTATION('',(#4902),#4906);
#4902 = LINE('',#4903,#4904);
#4903 = CARTESIAN_POINT('',(4.8,-7.7));
#4904 = VECTOR('',#4905,1.);
#4905 = DIRECTION('',(0.,1.));
#4906 = ( GEOMETRIC_REPRESENTATION_CONTEXT(2) 
PARAMETRIC_REPRESENTATION_CONTEXT() REPRESENTATION_CONTEXT('2D SPACE',''
  ) );
#4907 = ORIENTED_EDGE('',*,*,#4860,.T.);
#4908 = ORIENTED_EDGE('',*,*,#2481,.F.);
#4909 = ORIENTED_EDGE('',*,*,#4910,.F.);
#4910 = EDGE_CURVE('',#4886,#2453,#4911,.T.);
#4911 = SURFACE_CURVE('',#4912,(#4916,#4923),.PCURVE_S1.);
#4912 = LINE('',#4913,#4914);
#4913 = CARTESIAN_POINT('',(148.,-2.05,45.45));
#4914 = VECTOR('',#4915,1.);
#4915 = DIRECTION('',(1.,0.,0.));
#4916 = PCURVE('',#2496,#4917);
#4917 = DEFINITIONAL_REPRESENTATION('',(#4918),#4922);
#4918 = LINE('',#4919,#4920);
#4919 = CARTESIAN_POINT('',(12.9,0.));
#4920 = VECTOR('',#4921,1.);
#4921 = DIRECTION('',(0.,-1.));
#4922 = ( GEOMETRIC_REPRESENTATION_CONTEXT(2) 
PARAMETRIC_REPRESENTATION_CONTEXT() REPRESENTATION_CONTEXT('2D SPACE',''
  ) );
#4923 = PCURVE('',#2469,#4924);
#4924 = DEFINITIONAL_REPRESENTATION('',(#4925),#4929);
#4925 = LINE('',#4926,#4927);
#4926 = CARTESIAN_POINT('',(0.,0.));
#4927 = VECTOR('',#4928,1.);
#4928 = DIRECTION('',(0.,1.));
#4929 = ( GEOMETRIC_REPRESENTATION_CONTEXT(2) 
PARAMETRIC_REPRESENTATION_CONTEXT() REPRESENTATION_CONTEXT('2D SPACE',''
  ) );
#4930 = ADVANCED_FACE('',(#4931),#2469,.F.);
#4931 = FACE_BOUND('',#4932,.F.);
#4932 = EDGE_LOOP('',(#4933,#4934,#4958,#4979));
#4933 = ORIENTED_EDGE('',*,*,#4910,.F.);
#4934 = ORIENTED_EDGE('',*,*,#4935,.T.);
#4935 = EDGE_CURVE('',#4886,#4936,#4938,.T.);
#4936 = VERTEX_POINT('',#4937);
#4937 = CARTESIAN_POINT('',(148.,-4.55,42.95));
#4938 = SURFACE_CURVE('',#4939,(#4944,#4951),.PCURVE_S1.);
#4939 = CIRCLE('',#4940,2.5);
#4940 = AXIS2_PLACEMENT_3D('',#4941,#4942,#4943);
#4941 = CARTESIAN_POINT('',(148.,-2.05,42.95));
#4942 = DIRECTION('',(1.,0.,0.));
#4943 = DIRECTION('',(-0.,0.,1.));
#4944 = PCURVE('',#2469,#4945);
#4945 = DEFINITIONAL_REPRESENTATION('',(#4946),#4950);
#4946 = LINE('',#4947,#4948);
#4947 = CARTESIAN_POINT('',(0.,0.));
#4948 = VECTOR('',#4949,1.);
#4949 = DIRECTION('',(1.,0.));
#4950 = ( GEOMETRIC_REPRESENTATION_CONTEXT(2) 
PARAMETRIC_REPRESENTATION_CONTEXT() REPRESENTATION_CONTEXT('2D SPACE',''
  ) );
#4951 = PCURVE('',#4749,#4952);
#4952 = DEFINITIONAL_REPRESENTATION('',(#4953),#4957);
#4953 = CIRCLE('',#4954,2.5);
#4954 = AXIS2_PLACEMENT_2D('',#4955,#4956);
#4955 = CARTESIAN_POINT('',(2.3,5.2));
#4956 = DIRECTION('',(1.,0.));
#4957 = ( GEOMETRIC_REPRESENTATION_CONTEXT(2) 
PARAMETRIC_REPRESENTATION_CONTEXT() REPRESENTATION_CONTEXT('2D SPACE',''
  ) );
#4958 = ORIENTED_EDGE('',*,*,#4959,.T.);
#4959 = EDGE_CURVE('',#4936,#2427,#4960,.T.);
#4960 = SURFACE_CURVE('',#4961,(#4965,#4972),.PCURVE_S1.);
#4961 = LINE('',#4962,#4963);
#4962 = CARTESIAN_POINT('',(148.,-4.55,42.95));
#4963 = VECTOR('',#4964,1.);
#4964 = DIRECTION('',(1.,0.,0.));
#4965 = PCURVE('',#2469,#4966);
#4966 = DEFINITIONAL_REPRESENTATION('',(#4967),#4971);
#4967 = LINE('',#4968,#4969);
#4968 = CARTESIAN_POINT('',(1.570796326795,0.));
#4969 = VECTOR('',#4970,1.);
#4970 = DIRECTION('',(0.,1.));
#4971 = ( GEOMETRIC_REPRESENTATION_CONTEXT(2) 
PARAMETRIC_REPRESENTATION_CONTEXT() REPRESENTATION_CONTEXT('2D SPACE',''
  ) );
#4972 = PCURVE('',#2441,#4973);
#4973 = DEFINITIONAL_REPRESENTATION('',(#4974),#4978);
#4974 = LINE('',#4975,#4976);
#4975 = CARTESIAN_POINT('',(2.5,0.));
#4976 = VECTOR('',#4977,1.);
#4977 = DIRECTION('',(0.,-1.));
#4978 = ( GEOMETRIC_REPRESENTATION_CONTEXT(2) 
PARAMETRIC_REPRESENTATION_CONTEXT() REPRESENTATION_CONTEXT('2D SPACE',''
  ) );
#4979 = ORIENTED_EDGE('',*,*,#2452,.F.);
#4980 = ADVANCED_FACE('',(#4981),#2441,.T.);
#4981 = FACE_BOUND('',#4982,.T.);
#4982 = EDGE_LOOP('',(#4983,#5006,#5007,#5008));
#4983 = ORIENTED_EDGE('',*,*,#4984,.F.);
#4984 = EDGE_CURVE('',#4936,#4985,#4987,.T.);
#4985 = VERTEX_POINT('',#4986);
#4986 = CARTESIAN_POINT('',(148.,-4.55,38.35));
#4987 = SURFACE_CURVE('',#4988,(#4992,#4999),.PCURVE_S1.);
#4988 = LINE('',#4989,#4990);
#4989 = CARTESIAN_POINT('',(148.,-4.55,45.45));
#4990 = VECTOR('',#4991,1.);
#4991 = DIRECTION('',(0.,0.,-1.));
#4992 = PCURVE('',#2441,#4993);
#4993 = DEFINITIONAL_REPRESENTATION('',(#4994),#4998);
#4994 = LINE('',#4995,#4996);
#4995 = CARTESIAN_POINT('',(0.,0.));
#4996 = VECTOR('',#4997,1.);
#4997 = DIRECTION('',(1.,0.));
#4998 = ( GEOMETRIC_REPRESENTATION_CONTEXT(2) 
PARAMETRIC_REPRESENTATION_CONTEXT() REPRESENTATION_CONTEXT('2D SPACE',''
  ) );
#4999 = PCURVE('',#4749,#5000);
#5000 = DEFINITIONAL_REPRESENTATION('',(#5001),#5005);
#5001 = LINE('',#5002,#5003);
#5002 = CARTESIAN_POINT('',(4.8,7.7));
#5003 = VECTOR('',#5004,1.);
#5004 = DIRECTION('',(-1.,0.));
#5005 = ( GEOMETRIC_REPRESENTATION_CONTEXT(2) 
PARAMETRIC_REPRESENTATION_CONTEXT() REPRESENTATION_CONTEXT('2D SPACE',''
  ) );
#5006 = ORIENTED_EDGE('',*,*,#4959,.T.);
#5007 = ORIENTED_EDGE('',*,*,#2426,.F.);
#5008 = ORIENTED_EDGE('',*,*,#5009,.F.);
#5009 = EDGE_CURVE('',#4985,#2398,#5010,.T.);
#5010 = SURFACE_CURVE('',#5011,(#5015,#5022),.PCURVE_S1.);
#5011 = LINE('',#5012,#5013);
#5012 = CARTESIAN_POINT('',(148.,-4.55,38.35));
#5013 = VECTOR('',#5014,1.);
#5014 = DIRECTION('',(1.,0.,0.));
#5015 = PCURVE('',#2441,#5016);
#5016 = DEFINITIONAL_REPRESENTATION('',(#5017),#5021);
#5017 = LINE('',#5018,#5019);
#5018 = CARTESIAN_POINT('',(7.1,0.));
#5019 = VECTOR('',#5020,1.);
#5020 = DIRECTION('',(0.,-1.));
#5021 = ( GEOMETRIC_REPRESENTATION_CONTEXT(2) 
PARAMETRIC_REPRESENTATION_CONTEXT() REPRESENTATION_CONTEXT('2D SPACE',''
  ) );
#5022 = PCURVE('',#2414,#5023);
#5023 = DEFINITIONAL_REPRESENTATION('',(#5024),#5028);
#5024 = LINE('',#5025,#5026);
#5025 = CARTESIAN_POINT('',(-1.570796326795,0.));
#5026 = VECTOR('',#5027,1.);
#5027 = DIRECTION('',(-0.,1.));
#5028 = ( GEOMETRIC_REPRESENTATION_CONTEXT(2) 
PARAMETRIC_REPRESENTATION_CONTEXT() REPRESENTATION_CONTEXT('2D SPACE',''
  ) );
#5029 = ADVANCED_FACE('',(#5030),#2414,.F.);
#5030 = FACE_BOUND('',#5031,.T.);
#5031 = EDGE_LOOP('',(#5032,#5055,#5081,#5082));
#5032 = ORIENTED_EDGE('',*,*,#5033,.F.);
#5033 = EDGE_CURVE('',#5034,#2372,#5036,.T.);
#5034 = VERTEX_POINT('',#5035);
#5035 = CARTESIAN_POINT('',(148.,-2.05,35.85));
#5036 = SURFACE_CURVE('',#5037,(#5041,#5048),.PCURVE_S1.);
#5037 = LINE('',#5038,#5039);
#5038 = CARTESIAN_POINT('',(148.,-2.05,35.85));
#5039 = VECTOR('',#5040,1.);
#5040 = DIRECTION('',(1.,0.,0.));
#5041 = PCURVE('',#2414,#5042);
#5042 = DEFINITIONAL_REPRESENTATION('',(#5043),#5047);
#5043 = LINE('',#5044,#5045);
#5044 = CARTESIAN_POINT('',(-0.,0.));
#5045 = VECTOR('',#5046,1.);
#5046 = DIRECTION('',(-0.,1.));
#5047 = ( GEOMETRIC_REPRESENTATION_CONTEXT(2) 
PARAMETRIC_REPRESENTATION_CONTEXT() REPRESENTATION_CONTEXT('2D SPACE',''
  ) );
#5048 = PCURVE('',#2386,#5049);
#5049 = DEFINITIONAL_REPRESENTATION('',(#5050),#5054);
#5050 = LINE('',#5051,#5052);
#5051 = CARTESIAN_POINT('',(2.5,0.));
#5052 = VECTOR('',#5053,1.);
#5053 = DIRECTION('',(0.,-1.));
#5054 = ( GEOMETRIC_REPRESENTATION_CONTEXT(2) 
PARAMETRIC_REPRESENTATION_CONTEXT() REPRESENTATION_CONTEXT('2D SPACE',''
  ) );
#5055 = ORIENTED_EDGE('',*,*,#5056,.T.);
#5056 = EDGE_CURVE('',#5034,#4985,#5057,.T.);
#5057 = SURFACE_CURVE('',#5058,(#5063,#5070),.PCURVE_S1.);
#5058 = CIRCLE('',#5059,2.5);
#5059 = AXIS2_PLACEMENT_3D('',#5060,#5061,#5062);
#5060 = CARTESIAN_POINT('',(148.,-2.05,38.35));
#5061 = DIRECTION('',(-1.,0.,-0.));
#5062 = DIRECTION('',(-0.,0.,1.));
#5063 = PCURVE('',#2414,#5064);
#5064 = DEFINITIONAL_REPRESENTATION('',(#5065),#5069);
#5065 = LINE('',#5066,#5067);
#5066 = CARTESIAN_POINT('',(3.14159265359,-0.));
#5067 = VECTOR('',#5068,1.);
#5068 = DIRECTION('',(-1.,0.));
#5069 = ( GEOMETRIC_REPRESENTATION_CONTEXT(2) 
PARAMETRIC_REPRESENTATION_CONTEXT() REPRESENTATION_CONTEXT('2D SPACE',''
  ) );
#5070 = PCURVE('',#4749,#5071);
#5071 = DEFINITIONAL_REPRESENTATION('',(#5072),#5080);
#5072 = ( BOUNDED_CURVE() B_SPLINE_CURVE(2,(#5073,#5074,#5075,#5076,
#5077,#5078,#5079),.UNSPECIFIED.,.T.,.F.) B_SPLINE_CURVE_WITH_KNOTS((1,2
    ,2,2,2,1),(-2.094395102393,0.,2.094395102393,4.188790204786,
6.28318530718,8.377580409573),.UNSPECIFIED.) CURVE() 
GEOMETRIC_REPRESENTATION_ITEM() RATIONAL_B_SPLINE_CURVE((1.,0.5,1.,0.5,
1.,0.5,1.)) REPRESENTATION_ITEM('') );
#5073 = CARTESIAN_POINT('',(0.2,5.2));
#5074 = CARTESIAN_POINT('',(0.2,0.869872981078));
#5075 = CARTESIAN_POINT('',(-3.55,3.034936490539));
#5076 = CARTESIAN_POINT('',(-7.3,5.2));
#5077 = CARTESIAN_POINT('',(-3.55,7.365063509461));
#5078 = CARTESIAN_POINT('',(0.2,9.530127018922));
#5079 = CARTESIAN_POINT('',(0.2,5.2));
#5080 = ( GEOMETRIC_REPRESENTATION_CONTEXT(2) 
PARAMETRIC_REPRESENTATION_CONTEXT() REPRESENTATION_CONTEXT('2D SPACE',''
  ) );
#5081 = ORIENTED_EDGE('',*,*,#5009,.T.);
#5082 = ORIENTED_EDGE('',*,*,#2397,.T.);
#5083 = ADVANCED_FACE('',(#5084),#2386,.T.);
#5084 = FACE_BOUND('',#5085,.T.);
#5085 = EDGE_LOOP('',(#5086,#5107,#5108,#5109));
#5086 = ORIENTED_EDGE('',*,*,#5087,.F.);
#5087 = EDGE_CURVE('',#5034,#4710,#5088,.T.);
#5088 = SURFACE_CURVE('',#5089,(#5093,#5100),.PCURVE_S1.);
#5089 = LINE('',#5090,#5091);
#5090 = CARTESIAN_POINT('',(148.,-4.55,35.85));
#5091 = VECTOR('',#5092,1.);
#5092 = DIRECTION('',(0.,1.,0.));
#5093 = PCURVE('',#2386,#5094);
#5094 = DEFINITIONAL_REPRESENTATION('',(#5095),#5099);
#5095 = LINE('',#5096,#5097);
#5096 = CARTESIAN_POINT('',(0.,0.));
#5097 = VECTOR('',#5098,1.);
#5098 = DIRECTION('',(1.,0.));
#5099 = ( GEOMETRIC_REPRESENTATION_CONTEXT(2) 
PARAMETRIC_REPRESENTATION_CONTEXT() REPRESENTATION_CONTEXT('2D SPACE',''
  ) );
#5100 = PCURVE('',#4749,#5101);
#5101 = DEFINITIONAL_REPRESENTATION('',(#5102),#5106);
#5102 = LINE('',#5103,#5104);
#5103 = CARTESIAN_POINT('',(-4.8,7.7));
#5104 = VECTOR('',#5105,1.);
#5105 = DIRECTION('',(0.,-1.));
#5106 = ( GEOMETRIC_REPRESENTATION_CONTEXT(2) 
PARAMETRIC_REPRESENTATION_CONTEXT() REPRESENTATION_CONTEXT('2D SPACE',''
  ) );
#5107 = ORIENTED_EDGE('',*,*,#5033,.T.);
#5108 = ORIENTED_EDGE('',*,*,#2371,.F.);
#5109 = ORIENTED_EDGE('',*,*,#4709,.F.);
#5110 = ADVANCED_FACE('',(#5111),#2681,.F.);
#5111 = FACE_BOUND('',#5112,.T.);
#5112 = EDGE_LOOP('',(#5113,#5144,#5166,#5187,#5188));
#5113 = ORIENTED_EDGE('',*,*,#5114,.T.);
#5114 = EDGE_CURVE('',#5115,#5117,#5119,.T.);
#5115 = VERTEX_POINT('',#5116);
#5116 = CARTESIAN_POINT('',(91.7,-4.,38.));
#5117 = VERTEX_POINT('',#5118);
#5118 = CARTESIAN_POINT('',(90.,-5.7,38.));
#5119 = SURFACE_CURVE('',#5120,(#5125,#5132),.PCURVE_S1.);
#5120 = CIRCLE('',#5121,1.7);
#5121 = AXIS2_PLACEMENT_3D('',#5122,#5123,#5124);
#5122 = CARTESIAN_POINT('',(90.,-4.,38.));
#5123 = DIRECTION('',(0.,0.,1.));
#5124 = DIRECTION('',(1.,3.918434204559E-15,-0.));
#5125 = PCURVE('',#2681,#5126);
#5126 = DEFINITIONAL_REPRESENTATION('',(#5127),#5131);
#5127 = LINE('',#5128,#5129);
#5128 = CARTESIAN_POINT('',(-0.,-38.));
#5129 = VECTOR('',#5130,1.);
#5130 = DIRECTION('',(-1.,-0.));
#5131 = ( GEOMETRIC_REPRESENTATION_CONTEXT(2) 
PARAMETRIC_REPRESENTATION_CONTEXT() REPRESENTATION_CONTEXT('2D SPACE',''
  ) );
#5132 = PCURVE('',#5133,#5138);
#5133 = PLANE('',#5134);
#5134 = AXIS2_PLACEMENT_3D('',#5135,#5136,#5137);
#5135 = CARTESIAN_POINT('',(90.,-4.,38.));
#5136 = DIRECTION('',(0.,0.,1.));
#5137 = DIRECTION('',(1.,0.,-0.));
#5138 = DEFINITIONAL_REPRESENTATION('',(#5139),#5143);
#5139 = CIRCLE('',#5140,1.7);
#5140 = AXIS2_PLACEMENT_2D('',#5141,#5142);
#5141 = CARTESIAN_POINT('',(-2.84217094304E-14,-6.661338147751E-15));
#5142 = DIRECTION('',(1.,3.918434204559E-15));
#5143 = ( GEOMETRIC_REPRESENTATION_CONTEXT(2) 
PARAMETRIC_REPRESENTATION_CONTEXT() REPRESENTATION_CONTEXT('2D SPACE',''
  ) );
#5144 = ORIENTED_EDGE('',*,*,#5145,.T.);
#5145 = EDGE_CURVE('',#5117,#5115,#5146,.T.);
#5146 = SURFACE_CURVE('',#5147,(#5152,#5159),.PCURVE_S1.);
#5147 = CIRCLE('',#5148,1.7);
#5148 = AXIS2_PLACEMENT_3D('',#5149,#5150,#5151);
#5149 = CARTESIAN_POINT('',(90.,-4.,38.));
#5150 = DIRECTION('',(0.,0.,1.));
#5151 = DIRECTION('',(1.,3.918434204559E-15,-0.));
#5152 = PCURVE('',#2681,#5153);
#5153 = DEFINITIONAL_REPRESENTATION('',(#5154),#5158);
#5154 = LINE('',#5155,#5156);
#5155 = CARTESIAN_POINT('',(-0.,-38.));
#5156 = VECTOR('',#5157,1.);
#5157 = DIRECTION('',(-1.,-0.));
#5158 = ( GEOMETRIC_REPRESENTATION_CONTEXT(2) 
PARAMETRIC_REPRESENTATION_CONTEXT() REPRESENTATION_CONTEXT('2D SPACE',''
  ) );
#5159 = PCURVE('',#5133,#5160);
#5160 = DEFINITIONAL_REPRESENTATION('',(#5161),#5165);
#5161 = CIRCLE('',#5162,1.7);
#5162 = AXIS2_PLACEMENT_2D('',#5163,#5164);
#5163 = CARTESIAN_POINT('',(-2.84217094304E-14,-6.661338147751E-15));
#5164 = DIRECTION('',(1.,3.918434204559E-15));
#5165 = ( GEOMETRIC_REPRESENTATION_CONTEXT(2) 
PARAMETRIC_REPRESENTATION_CONTEXT() REPRESENTATION_CONTEXT('2D SPACE',''
  ) );
#5166 = ORIENTED_EDGE('',*,*,#5167,.T.);
#5167 = EDGE_CURVE('',#5115,#2661,#5168,.T.);
#5168 = SEAM_CURVE('',#5169,(#5173,#5180),.PCURVE_S1.);
#5169 = LINE('',#5170,#5171);
#5170 = CARTESIAN_POINT('',(91.7,-4.,38.));
#5171 = VECTOR('',#5172,1.);
#5172 = DIRECTION('',(0.,0.,-1.));
#5173 = PCURVE('',#2681,#5174);
#5174 = DEFINITIONAL_REPRESENTATION('',(#5175),#5179);
#5175 = LINE('',#5176,#5177);
#5176 = CARTESIAN_POINT('',(-0.,-38.));
#5177 = VECTOR('',#5178,1.);
#5178 = DIRECTION('',(0.,1.));
#5179 = ( GEOMETRIC_REPRESENTATION_CONTEXT(2) 
PARAMETRIC_REPRESENTATION_CONTEXT() REPRESENTATION_CONTEXT('2D SPACE',''
  ) );
#5180 = PCURVE('',#2681,#5181);
#5181 = DEFINITIONAL_REPRESENTATION('',(#5182),#5186);
#5182 = LINE('',#5183,#5184);
#5183 = CARTESIAN_POINT('',(-6.28318530718,-38.));
#5184 = VECTOR('',#5185,1.);
#5185 = DIRECTION('',(0.,1.));
#5186 = ( GEOMETRIC_REPRESENTATION_CONTEXT(2) 
PARAMETRIC_REPRESENTATION_CONTEXT() REPRESENTATION_CONTEXT('2D SPACE',''
  ) );
#5187 = ORIENTED_EDGE('',*,*,#2660,.T.);
#5188 = ORIENTED_EDGE('',*,*,#5167,.F.);
#5189 = ADVANCED_FACE('',(#5190,#5700),#2823,.F.);
#5190 = FACE_BOUND('',#5191,.T.);
#5191 = EDGE_LOOP('',(#5192,#5222,#5245,#5345,#5440,#5463,#5489,#5490,
    #5673,#5674));
#5192 = ORIENTED_EDGE('',*,*,#5193,.T.);
#5193 = EDGE_CURVE('',#5194,#5196,#5198,.T.);
#5194 = VERTEX_POINT('',#5195);
#5195 = CARTESIAN_POINT('',(90.,-9.5,38.));
#5196 = VERTEX_POINT('',#5197);
#5197 = CARTESIAN_POINT('',(95.5,-4.,38.));
#5198 = SURFACE_CURVE('',#5199,(#5204,#5211),.PCURVE_S1.);
#5199 = CIRCLE('',#5200,5.5);
#5200 = AXIS2_PLACEMENT_3D('',#5201,#5202,#5203);
#5201 = CARTESIAN_POINT('',(90.,-4.,38.));
#5202 = DIRECTION('',(0.,0.,-1.));
#5203 = DIRECTION('',(1.,1.2918958832E-15,0.));
#5204 = PCURVE('',#2823,#5205);
#5205 = DEFINITIONAL_REPRESENTATION('',(#5206),#5210);
#5206 = LINE('',#5207,#5208);
#5207 = CARTESIAN_POINT('',(-6.28318530718,0.));
#5208 = VECTOR('',#5209,1.);
#5209 = DIRECTION('',(1.,-0.));
#5210 = ( GEOMETRIC_REPRESENTATION_CONTEXT(2) 
PARAMETRIC_REPRESENTATION_CONTEXT() REPRESENTATION_CONTEXT('2D SPACE',''
  ) );
#5211 = PCURVE('',#5133,#5212);
#5212 = DEFINITIONAL_REPRESENTATION('',(#5213),#5221);
#5213 = ( BOUNDED_CURVE() B_SPLINE_CURVE(2,(#5214,#5215,#5216,#5217,
#5218,#5219,#5220),.UNSPECIFIED.,.T.,.F.) B_SPLINE_CURVE_WITH_KNOTS((1,2
    ,2,2,2,1),(-2.094395102393,0.,2.094395102393,4.188790204786,
6.28318530718,8.377580409573),.UNSPECIFIED.) CURVE() 
GEOMETRIC_REPRESENTATION_ITEM() RATIONAL_B_SPLINE_CURVE((1.,0.5,1.,0.5,
1.,0.5,1.)) REPRESENTATION_ITEM('') );
#5214 = CARTESIAN_POINT('',(5.5,-2.22044604925E-15));
#5215 = CARTESIAN_POINT('',(5.5,-9.526279441629));
#5216 = CARTESIAN_POINT('',(-2.75,-4.763139720814));
#5217 = CARTESIAN_POINT('',(-11.,-2.488383960112E-14));
#5218 = CARTESIAN_POINT('',(-2.75,4.763139720814));
#5219 = CARTESIAN_POINT('',(5.5,9.526279441629));
#5220 = CARTESIAN_POINT('',(5.5,-2.22044604925E-15));
#5221 = ( GEOMETRIC_REPRESENTATION_CONTEXT(2) 
PARAMETRIC_REPRESENTATION_CONTEXT() REPRESENTATION_CONTEXT('2D SPACE',''
  ) );
#5222 = ORIENTED_EDGE('',*,*,#5223,.T.);
#5223 = EDGE_CURVE('',#5196,#5224,#5226,.T.);
#5224 = VERTEX_POINT('',#5225);
#5225 = CARTESIAN_POINT('',(95.5,-4.,47.95));
#5226 = SEAM_CURVE('',#5227,(#5231,#5238),.PCURVE_S1.);
#5227 = LINE('',#5228,#5229);
#5228 = CARTESIAN_POINT('',(95.5,-4.,38.));
#5229 = VECTOR('',#5230,1.);
#5230 = DIRECTION('',(0.,0.,1.));
#5231 = PCURVE('',#2823,#5232);
#5232 = DEFINITIONAL_REPRESENTATION('',(#5233),#5237);
#5233 = LINE('',#5234,#5235);
#5234 = CARTESIAN_POINT('',(-6.28318530718,0.));
#5235 = VECTOR('',#5236,1.);
#5236 = DIRECTION('',(-0.,-1.));
#5237 = ( GEOMETRIC_REPRESENTATION_CONTEXT(2) 
PARAMETRIC_REPRESENTATION_CONTEXT() REPRESENTATION_CONTEXT('2D SPACE',''
  ) );
#5238 = PCURVE('',#2823,#5239);
#5239 = DEFINITIONAL_REPRESENTATION('',(#5240),#5244);
#5240 = LINE('',#5241,#5242);
#5241 = CARTESIAN_POINT('',(-0.,0.));
#5242 = VECTOR('',#5243,1.);
#5243 = DIRECTION('',(-0.,-1.));
#5244 = ( GEOMETRIC_REPRESENTATION_CONTEXT(2) 
PARAMETRIC_REPRESENTATION_CONTEXT() REPRESENTATION_CONTEXT('2D SPACE',''
  ) );
#5245 = ORIENTED_EDGE('',*,*,#5246,.T.);
#5246 = EDGE_CURVE('',#5224,#5247,#5249,.T.);
#5247 = VERTEX_POINT('',#5248);
#5248 = CARTESIAN_POINT('',(93.721222917268,5.E-02,52.));
#5249 = SURFACE_CURVE('',#5250,(#5278,#5309),.PCURVE_S1.);
#5250 = B_SPLINE_CURVE_WITH_KNOTS('',6,(#5251,#5252,#5253,#5254,#5255,
    #5256,#5257,#5258,#5259,#5260,#5261,#5262,#5263,#5264,#5265,#5266,
    #5267,#5268,#5269,#5270,#5271,#5272,#5273,#5274,#5275,#5276,#5277),
  .UNSPECIFIED.,.F.,.F.,(7,5,5,5,5,7),(0.,0.204641235665,0.306157433761,
    0.572060687972,0.805309492497,1.),.UNSPECIFIED.);
#5251 = CARTESIAN_POINT('',(95.5,-4.,47.95));
#5252 = CARTESIAN_POINT('',(95.5,-3.723513883649,47.95));
#5253 = CARTESIAN_POINT('',(95.483320662636,-3.449652728631,
    47.972650585061));
#5254 = CARTESIAN_POINT('',(95.450559296084,-3.182438586544,
    48.017143107215));
#5255 = CARTESIAN_POINT('',(95.403527011107,-2.925765747606,
    48.081444425504));
#5256 = CARTESIAN_POINT('',(95.345200170443,-2.683225685575,
    48.162300412951));
#5257 = CARTESIAN_POINT('',(95.246778127853,-2.346256198758,
    48.301049837336));
#5258 = CARTESIAN_POINT('',(95.212124773208,-2.238156857364,
    48.350238951439));
#5259 = CARTESIAN_POINT('',(95.175733346197,-2.133658726596,
    48.402312194493));
#5260 = CARTESIAN_POINT('',(95.137864544523,-2.032716278192,
    48.457000768471));
#5261 = CARTESIAN_POINT('',(95.098759141174,-1.935271389396,
    48.514064959662));
#5262 = CARTESIAN_POINT('',(94.953546858241,-1.594992217729,
    48.728433010657));
#5263 = CARTESIAN_POINT('',(94.841336711058,-1.371898126907,
    48.898642929806));
#5264 = CARTESIAN_POINT('',(94.725733327368,-1.170369028259,
    49.080510948463));
#5265 = CARTESIAN_POINT('',(94.609507956789,-0.988618316271,
    49.272097171101));
#5266 = CARTESIAN_POINT('',(94.494862523384,-0.825123913132,
    49.472573012899));
#5267 = CARTESIAN_POINT('',(94.287004102458,-0.550728918567,
    49.865704347068));
#5268 = CARTESIAN_POINT('',(94.192889236566,-0.435837035542,
    50.056294045081));
#5269 = CARTESIAN_POINT('',(94.103649664991,-0.334017053385,
    50.253276833378));
#5270 = CARTESIAN_POINT('',(94.02128704823,-0.245267250069,
    50.45631188967));
#5271 = CARTESIAN_POINT('',(93.948013481993,-0.169746450338,
    50.665227801376));
#5272 = CARTESIAN_POINT('',(93.83443721266,-5.634395967968E-02,
    51.059317313591));
#5273 = CARTESIAN_POINT('',(93.790584741809,-1.420234840506E-02,
    51.243059898973));
#5274 = CARTESIAN_POINT('',(93.756322492067,1.775006563533E-02,
    51.429931951942));
#5275 = CARTESIAN_POINT('',(93.732963402048,3.921252601417E-02,
    51.618916481352));
#5276 = CARTESIAN_POINT('',(93.721222917268,5.E-02,51.80919060959));
#5277 = CARTESIAN_POINT('',(93.721222917268,5.E-02,52.));
#5278 = PCURVE('',#2823,#5279);
#5279 = DEFINITIONAL_REPRESENTATION('',(#5280),#5308);
#5280 = B_SPLINE_CURVE_WITH_KNOTS('',6,(#5281,#5282,#5283,#5284,#5285,
    #5286,#5287,#5288,#5289,#5290,#5291,#5292,#5293,#5294,#5295,#5296,
    #5297,#5298,#5299,#5300,#5301,#5302,#5303,#5304,#5305,#5306,#5307),
  .UNSPECIFIED.,.F.,.F.,(7,5,5,5,5,7),(0.,0.204641235665,0.306157433761,
    0.572060687972,0.805309492497,1.),.UNSPECIFIED.);
#5281 = CARTESIAN_POINT('',(0.,-9.95));
#5282 = CARTESIAN_POINT('',(-5.027020297287E-02,-9.95));
#5283 = CARTESIAN_POINT('',(-0.100063221625,-9.972650585061));
#5284 = CARTESIAN_POINT('',(-0.14887589577,-10.01714310721));
#5285 = CARTESIAN_POINT('',(-0.196208926398,-10.0814444255));
#5286 = CARTESIAN_POINT('',(-0.241511795964,-10.16230041295));
#5287 = CARTESIAN_POINT('',(-0.305338869551,-10.30104983733));
#5288 = CARTESIAN_POINT('',(-0.325971497957,-10.35023895143));
#5289 = CARTESIAN_POINT('',(-0.346081272923,-10.40231219449));
#5290 = CARTESIAN_POINT('',(-0.365675659319,-10.45700076847));
#5291 = CARTESIAN_POINT('',(-0.384761839189,-10.51406495966));
#5292 = CARTESIAN_POINT('',(-0.452028797611,-10.72843301065));
#5293 = CARTESIAN_POINT('',(-0.497344044523,-10.8986429298));
#5294 = CARTESIAN_POINT('',(-0.539502688106,-11.08051094846));
#5295 = CARTESIAN_POINT('',(-0.578670439357,-11.2720971711));
#5296 = CARTESIAN_POINT('',(-0.614952263422,-11.47257301289));
#5297 = CARTESIAN_POINT('',(-0.677540445496,-11.86570434706));
#5298 = CARTESIAN_POINT('',(-0.704524329146,-12.05629404508));
#5299 = CARTESIAN_POINT('',(-0.72912329934,-12.25327683337));
#5300 = CARTESIAN_POINT('',(-0.751128843546,-12.45631188967));
#5301 = CARTESIAN_POINT('',(-0.770258368501,-12.66522780137));
#5302 = CARTESIAN_POINT('',(-0.799439871667,-13.05931731359));
#5303 = CARTESIAN_POINT('',(-0.810495820693,-13.24305989897));
#5304 = CARTESIAN_POINT('',(-0.819013307827,-13.42993195194));
#5305 = CARTESIAN_POINT('',(-0.824781077552,-13.61891648135));
#5306 = CARTESIAN_POINT('',(-0.827679943145,-13.80919060959));
#5307 = CARTESIAN_POINT('',(-0.827679943145,-14.));
#5308 = ( GEOMETRIC_REPRESENTATION_CONTEXT(2) 
PARAMETRIC_REPRESENTATION_CONTEXT() REPRESENTATION_CONTEXT('2D SPACE',''
  ) );
#5309 = PCURVE('',#5310,#5315);
#5310 = CYLINDRICAL_SURFACE('',#5311,4.05);
#5311 = AXIS2_PLACEMENT_3D('',#5312,#5313,#5314);
#5312 = CARTESIAN_POINT('',(90.,-4.,52.));
#5313 = DIRECTION('',(-1.,-0.,-0.));
#5314 = DIRECTION('',(0.,1.,0.));
#5315 = DEFINITIONAL_REPRESENTATION('',(#5316),#5344);
#5316 = B_SPLINE_CURVE_WITH_KNOTS('',6,(#5317,#5318,#5319,#5320,#5321,
    #5322,#5323,#5324,#5325,#5326,#5327,#5328,#5329,#5330,#5331,#5332,
    #5333,#5334,#5335,#5336,#5337,#5338,#5339,#5340,#5341,#5342,#5343),
  .UNSPECIFIED.,.F.,.F.,(7,5,5,5,5,7),(0.,0.204641235665,0.306157433761,
    0.572060687972,0.805309492497,1.),.UNSPECIFIED.);
#5317 = CARTESIAN_POINT('',(-4.712388980385,-5.5));
#5318 = CARTESIAN_POINT('',(-4.780657157261,-5.5));
#5319 = CARTESIAN_POINT('',(-4.848277181675,-5.483320662636));
#5320 = CARTESIAN_POINT('',(-4.914828792483,-5.450559296084));
#5321 = CARTESIAN_POINT('',(-4.979868013205,-5.403527011107));
#5322 = CARTESIAN_POINT('',(-5.042845159585,-5.345200170443));
#5323 = CARTESIAN_POINT('',(-5.132824695544,-5.246778127853));
#5324 = CARTESIAN_POINT('',(-5.162129842848,-5.212124773208));
#5325 = CARTESIAN_POINT('',(-5.190931682595,-5.175733346197));
#5326 = CARTESIAN_POINT('',(-5.219254747231,-5.137864544523));
#5327 = CARTESIAN_POINT('',(-5.24712256881,-5.098759141174));
#5328 = CARTESIAN_POINT('',(-5.346424683494,-4.953546858241));
#5329 = CARTESIAN_POINT('',(-5.415433750004,-4.841336711058));
#5330 = CARTESIAN_POINT('',(-5.482138828141,-4.725733327368));
#5331 = CARTESIAN_POINT('',(-5.5470652998,-4.609507956789));
#5332 = CARTESIAN_POINT('',(-5.610761264794,-4.494862523384));
#5333 = CARTESIAN_POINT('',(-5.729136914008,-4.287004102458));
#5334 = CARTESIAN_POINT('',(-5.783962620254,-4.192889236566));
#5335 = CARTESIAN_POINT('',(-5.838539617846,-4.103649664991));
#5336 = CARTESIAN_POINT('',(-5.893078789273,-4.02128704823));
#5337 = CARTESIAN_POINT('',(-5.94780805274,-3.948013481993));
#5338 = CARTESIAN_POINT('',(-6.049062693486,-3.83443721266));
#5339 = CARTESIAN_POINT('',(-6.095539412135,-3.790584741809));
#5340 = CARTESIAN_POINT('',(-6.142239282071,-3.756322492067));
#5341 = CARTESIAN_POINT('',(-6.189090675127,-3.732963402049));
#5342 = CARTESIAN_POINT('',(-6.236071877449,-3.721222917268));
#5343 = CARTESIAN_POINT('',(-6.28318530718,-3.721222917268));
#5344 = ( GEOMETRIC_REPRESENTATION_CONTEXT(2) 
PARAMETRIC_REPRESENTATION_CONTEXT() REPRESENTATION_CONTEXT('2D SPACE',''
  ) );
#5345 = ORIENTED_EDGE('',*,*,#5346,.T.);
#5346 = EDGE_CURVE('',#5247,#5347,#5349,.T.);
#5347 = VERTEX_POINT('',#5348);
#5348 = CARTESIAN_POINT('',(95.5,-4.,56.05));
#5349 = SURFACE_CURVE('',#5350,(#5378,#5409),.PCURVE_S1.);
#5350 = B_SPLINE_CURVE_WITH_KNOTS('',6,(#5351,#5352,#5353,#5354,#5355,
    #5356,#5357,#5358,#5359,#5360,#5361,#5362,#5363,#5364,#5365,#5366,
    #5367,#5368,#5369,#5370,#5371,#5372,#5373,#5374,#5375,#5376,#5377),
  .UNSPECIFIED.,.F.,.F.,(7,5,5,5,5,7),(0.,0.19699883782,0.429199415604,
    0.697267547359,0.871322013582,1.),.UNSPECIFIED.);
#5351 = CARTESIAN_POINT('',(93.721222917268,5.E-02,52.));
#5352 = CARTESIAN_POINT('',(93.721222917268,5.E-02,52.19316164565));
#5353 = CARTESIAN_POINT('',(93.733254637792,3.894492588625E-02,
    52.385758018558));
#5354 = CARTESIAN_POINT('',(93.757187818661,1.695501048153E-02,
    52.577017364535));
#5355 = CARTESIAN_POINT('',(93.792273050591,-1.577729529708E-02,
    52.766094760995));
#5356 = CARTESIAN_POINT('',(93.83713815986,-5.89406782224E-02,
    52.951940701072));
#5357 = CARTESIAN_POINT('',(93.952170092826,-0.174022882713,
    53.346816122599));
#5358 = CARTESIAN_POINT('',(94.025583484038,-0.249859854325,
    53.554596849736));
#5359 = CARTESIAN_POINT('',(94.107925210914,-0.338805027346,
    53.756530499254));
#5360 = CARTESIAN_POINT('',(94.197017585765,-0.440708010662,
    53.952451214681));
#5361 = CARTESIAN_POINT('',(94.29089242586,-0.555579856363,
    54.142027043737));
#5362 = CARTESIAN_POINT('',(94.49950511841,-0.831589711587,
    54.535756850469));
#5363 = CARTESIAN_POINT('',(94.615213706386,-0.997117146611,
    54.737615895084));
#5364 = CARTESIAN_POINT('',(94.732457575248,-1.181247112868,
    54.930419472528));
#5365 = CARTESIAN_POINT('',(94.848979547445,-1.385559635338,
    55.113298849136));
#5366 = CARTESIAN_POINT('',(94.961915628239,-1.611899782848,
    55.284224445846));
#5367 = CARTESIAN_POINT('',(95.135890865633,-2.024230358825,
    55.540531801042));
#5368 = CARTESIAN_POINT('',(95.201452598511,-2.197037133704,
    55.635204849968));
#5369 = CARTESIAN_POINT('',(95.262787882531,-2.380405126675,
    55.72229472398));
#5370 = CARTESIAN_POINT('',(95.318494854689,-2.574306601239,
    55.800342941027));
#5371 = CARTESIAN_POINT('',(95.367083528897,-2.778563614394,
    55.867753718451));
#5372 = CARTESIAN_POINT('',(95.436495848036,-3.151194729463,
    55.963429127316));
#5373 = CARTESIAN_POINT('',(95.461257905928,-3.315050845333,
    55.997319777194));
#5374 = CARTESIAN_POINT('',(95.480443633501,-3.483150739396,
    56.023443404837));
#5375 = CARTESIAN_POINT('',(95.493465825642,-3.654216746288,
    56.041125626677));
#5376 = CARTESIAN_POINT('',(95.5,-3.826939444434,56.05));
#5377 = CARTESIAN_POINT('',(95.5,-4.,56.05));
#5378 = PCURVE('',#2823,#5379);
#5379 = DEFINITIONAL_REPRESENTATION('',(#5380),#5408);
#5380 = B_SPLINE_CURVE_WITH_KNOTS('',6,(#5381,#5382,#5383,#5384,#5385,
    #5386,#5387,#5388,#5389,#5390,#5391,#5392,#5393,#5394,#5395,#5396,
    #5397,#5398,#5399,#5400,#5401,#5402,#5403,#5404,#5405,#5406,#5407),
  .UNSPECIFIED.,.F.,.F.,(7,5,5,5,5,7),(0.,0.19699883782,0.429199415604,
    0.697267547359,0.871322013582,1.),.UNSPECIFIED.);
#5381 = CARTESIAN_POINT('',(-0.827679943145,-14.));
#5382 = CARTESIAN_POINT('',(-0.827679943145,-14.19316164565));
#5383 = CARTESIAN_POINT('',(-0.824709169289,-14.38575801855));
#5384 = CARTESIAN_POINT('',(-0.81879964017,-14.57701736453));
#5385 = CARTESIAN_POINT('',(-0.810076060741,-14.76609476099));
#5386 = CARTESIAN_POINT('',(-0.79875877432,-14.95194070107));
#5387 = CARTESIAN_POINT('',(-0.769174179606,-15.34681612259));
#5388 = CARTESIAN_POINT('',(-0.749985734869,-15.55459684973));
#5389 = CARTESIAN_POINT('',(-0.727956802146,-15.75653049925));
#5390 = CARTESIAN_POINT('',(-0.703364067421,-15.95245121468));
#5391 = CARTESIAN_POINT('',(-0.676410529263,-16.14202704373));
#5392 = CARTESIAN_POINT('',(-0.613505459588,-16.53575685046));
#5393 = CARTESIAN_POINT('',(-0.576810772476,-16.73761589508));
#5394 = CARTESIAN_POINT('',(-0.537180699009,-16.93041947252));
#5395 = CARTESIAN_POINT('',(-0.494502910373,-17.11329884913));
#5396 = CARTESIAN_POINT('',(-0.448604558794,-17.28422444584));
#5397 = CARTESIAN_POINT('',(-0.367235308178,-17.54053180104));
#5398 = CARTESIAN_POINT('',(-0.333653210861,-17.63520484996));
#5399 = CARTESIAN_POINT('',(-0.298541495882,-17.72229472398));
#5400 = CARTESIAN_POINT('',(-0.261916102908,-17.80034294102));
#5401 = CARTESIAN_POINT('',(-0.223788684783,-17.86775371845));
#5402 = CARTESIAN_POINT('',(-0.15487215413,-17.96342912731));
#5403 = CARTESIAN_POINT('',(-0.124759415639,-17.99731977719));
#5404 = CARTESIAN_POINT('',(-9.402874728954E-02,-18.02344340483));
#5405 = CARTESIAN_POINT('',(-6.286963262027E-02,-18.04112562667));
#5406 = CARTESIAN_POINT('',(-3.146555555749E-02,-18.05));
#5407 = CARTESIAN_POINT('',(0.,-18.05));
#5408 = ( GEOMETRIC_REPRESENTATION_CONTEXT(2) 
PARAMETRIC_REPRESENTATION_CONTEXT() REPRESENTATION_CONTEXT('2D SPACE',''
  ) );
#5409 = PCURVE('',#5310,#5410);
#5410 = DEFINITIONAL_REPRESENTATION('',(#5411),#5439);
#5411 = B_SPLINE_CURVE_WITH_KNOTS('',6,(#5412,#5413,#5414,#5415,#5416,
    #5417,#5418,#5419,#5420,#5421,#5422,#5423,#5424,#5425,#5426,#5427,
    #5428,#5429,#5430,#5431,#5432,#5433,#5434,#5435,#5436,#5437,#5438),
  .UNSPECIFIED.,.F.,.F.,(7,5,5,5,5,7),(0.,0.19699883782,0.429199415604,
    0.697267547359,0.871322013582,1.),.UNSPECIFIED.);
#5412 = CARTESIAN_POINT('',(0.,-3.721222917268));
#5413 = CARTESIAN_POINT('',(-4.76942334938E-02,-3.721222917268));
#5414 = CARTESIAN_POINT('',(-9.524882476194E-02,-3.733254637792));
#5415 = CARTESIAN_POINT('',(-0.142668971696,-3.757187818661));
#5416 = CARTESIAN_POINT('',(-0.18993402093,-3.792273050591));
#5417 = CARTESIAN_POINT('',(-0.236971012611,-3.83713815986));
#5418 = CARTESIAN_POINT('',(-0.338527415316,-3.952170092826));
#5419 = CARTESIAN_POINT('',(-0.393021520655,-4.025583484038));
#5420 = CARTESIAN_POINT('',(-0.447333203621,-4.107925210914));
#5421 = CARTESIAN_POINT('',(-0.501688938726,-4.197017585765));
#5422 = CARTESIAN_POINT('',(-0.556299205611,-4.29089242586));
#5423 = CARTESIAN_POINT('',(-0.675024488445,-4.49950511841));
#5424 = CARTESIAN_POINT('',(-0.73929788405,-4.615213706386));
#5425 = CARTESIAN_POINT('',(-0.804839466953,-4.732457575248));
#5426 = CARTESIAN_POINT('',(-0.872212877063,-4.848979547445));
#5427 = CARTESIAN_POINT('',(-0.941957424238,-4.961915628239));
#5428 = CARTESIAN_POINT('',(-1.061833894776,-5.135890865633));
#5429 = CARTESIAN_POINT('',(-1.110412305088,-5.201452598511));
#5430 = CARTESIAN_POINT('',(-1.160406999431,-5.262787882531));
#5431 = CARTESIAN_POINT('',(-1.211864749969,-5.318494854689));
#5432 = CARTESIAN_POINT('',(-1.264853734344,-5.367083528897));
#5433 = CARTESIAN_POINT('',(-1.359845766443,-5.436495848036));
#5434 = CARTESIAN_POINT('',(-1.401114059393,-5.461257905928));
#5435 = CARTESIAN_POINT('',(-1.443038785577,-5.480443633501));
#5436 = CARTESIAN_POINT('',(-1.485417742034,-5.493465825642));
#5437 = CARTESIAN_POINT('',(-1.528065325421,-5.5));
#5438 = CARTESIAN_POINT('',(-1.570796326795,-5.5));
#5439 = ( GEOMETRIC_REPRESENTATION_CONTEXT(2) 
PARAMETRIC_REPRESENTATION_CONTEXT() REPRESENTATION_CONTEXT('2D SPACE',''
  ) );
#5440 = ORIENTED_EDGE('',*,*,#5441,.T.);
#5441 = EDGE_CURVE('',#5347,#5442,#5444,.T.);
#5442 = VERTEX_POINT('',#5443);
#5443 = CARTESIAN_POINT('',(95.5,-4.,56.45));
#5444 = SEAM_CURVE('',#5445,(#5449,#5456),.PCURVE_S1.);
#5445 = LINE('',#5446,#5447);
#5446 = CARTESIAN_POINT('',(95.5,-4.,38.));
#5447 = VECTOR('',#5448,1.);
#5448 = DIRECTION('',(0.,0.,1.));
#5449 = PCURVE('',#2823,#5450);
#5450 = DEFINITIONAL_REPRESENTATION('',(#5451),#5455);
#5451 = LINE('',#5452,#5453);
#5452 = CARTESIAN_POINT('',(-6.28318530718,0.));
#5453 = VECTOR('',#5454,1.);
#5454 = DIRECTION('',(-0.,-1.));
#5455 = ( GEOMETRIC_REPRESENTATION_CONTEXT(2) 
PARAMETRIC_REPRESENTATION_CONTEXT() REPRESENTATION_CONTEXT('2D SPACE',''
  ) );
#5456 = PCURVE('',#2823,#5457);
#5457 = DEFINITIONAL_REPRESENTATION('',(#5458),#5462);
#5458 = LINE('',#5459,#5460);
#5459 = CARTESIAN_POINT('',(-0.,0.));
#5460 = VECTOR('',#5461,1.);
#5461 = DIRECTION('',(-0.,-1.));
#5462 = ( GEOMETRIC_REPRESENTATION_CONTEXT(2) 
PARAMETRIC_REPRESENTATION_CONTEXT() REPRESENTATION_CONTEXT('2D SPACE',''
  ) );
#5463 = ORIENTED_EDGE('',*,*,#5464,.F.);
#5464 = EDGE_CURVE('',#5442,#5442,#5465,.T.);
#5465 = SURFACE_CURVE('',#5466,(#5471,#5478),.PCURVE_S1.);
#5466 = CIRCLE('',#5467,5.5);
#5467 = AXIS2_PLACEMENT_3D('',#5468,#5469,#5470);
#5468 = CARTESIAN_POINT('',(90.,-4.,56.45));
#5469 = DIRECTION('',(0.,0.,-1.));
#5470 = DIRECTION('',(1.,0.,0.));
#5471 = PCURVE('',#2823,#5472);
#5472 = DEFINITIONAL_REPRESENTATION('',(#5473),#5477);
#5473 = LINE('',#5474,#5475);
#5474 = CARTESIAN_POINT('',(-6.28318530718,-18.45));
#5475 = VECTOR('',#5476,1.);
#5476 = DIRECTION('',(1.,-0.));
#5477 = ( GEOMETRIC_REPRESENTATION_CONTEXT(2) 
PARAMETRIC_REPRESENTATION_CONTEXT() REPRESENTATION_CONTEXT('2D SPACE',''
  ) );
#5478 = PCURVE('',#3118,#5479);
#5479 = DEFINITIONAL_REPRESENTATION('',(#5480),#5488);
#5480 = ( BOUNDED_CURVE() B_SPLINE_CURVE(2,(#5481,#5482,#5483,#5484,
#5485,#5486,#5487),.UNSPECIFIED.,.T.,.F.) B_SPLINE_CURVE_WITH_KNOTS((1,2
    ,2,2,2,1),(-2.094395102393,0.,2.094395102393,4.188790204786,
6.28318530718,8.377580409573),.UNSPECIFIED.) CURVE() 
GEOMETRIC_REPRESENTATION_ITEM() RATIONAL_B_SPLINE_CURVE((1.,0.5,1.,0.5,
1.,0.5,1.)) REPRESENTATION_ITEM('') );
#5481 = CARTESIAN_POINT('',(5.5,-1.7763568394E-15));
#5482 = CARTESIAN_POINT('',(5.5,-9.526279441629));
#5483 = CARTESIAN_POINT('',(-2.75,-4.763139720814));
#5484 = CARTESIAN_POINT('',(-11.,-3.123468318462E-15));
#5485 = CARTESIAN_POINT('',(-2.75,4.763139720814));
#5486 = CARTESIAN_POINT('',(5.5,9.526279441629));
#5487 = CARTESIAN_POINT('',(5.5,-1.7763568394E-15));
#5488 = ( GEOMETRIC_REPRESENTATION_CONTEXT(2) 
PARAMETRIC_REPRESENTATION_CONTEXT() REPRESENTATION_CONTEXT('2D SPACE',''
  ) );
#5489 = ORIENTED_EDGE('',*,*,#5441,.F.);
#5490 = ORIENTED_EDGE('',*,*,#5491,.T.);
#5491 = EDGE_CURVE('',#5347,#5224,#5492,.T.);
#5492 = SURFACE_CURVE('',#5493,(#5551,#5612),.PCURVE_S1.);
#5493 = B_SPLINE_CURVE_WITH_KNOTS('',6,(#5494,#5495,#5496,#5497,#5498,
    #5499,#5500,#5501,#5502,#5503,#5504,#5505,#5506,#5507,#5508,#5509,
    #5510,#5511,#5512,#5513,#5514,#5515,#5516,#5517,#5518,#5519,#5520,
    #5521,#5522,#5523,#5524,#5525,#5526,#5527,#5528,#5529,#5530,#5531,
    #5532,#5533,#5534,#5535,#5536,#5537,#5538,#5539,#5540,#5541,#5542,
    #5543,#5544,#5545,#5546,#5547,#5548,#5549,#5550),.UNSPECIFIED.,.F.,
  .F.,(7,5,5,5,5,5,5,5,5,5,5,7),(0.,0.102399422311,0.153196613663,
    0.286250635921,0.402964858622,0.50038508462,0.564738715339,
    0.598913597417,0.714894119992,0.848789919491,0.935727377365,1.),
  .UNSPECIFIED.);
#5494 = CARTESIAN_POINT('',(95.5,-4.,56.05));
#5495 = CARTESIAN_POINT('',(95.5,-4.276486115649,56.05));
#5496 = CARTESIAN_POINT('',(95.483320662721,-4.550347271529,
    56.027349415053));
#5497 = CARTESIAN_POINT('',(95.450559295981,-4.817561414138,
    55.982856892652));
#5498 = CARTESIAN_POINT('',(95.403527010974,-5.0742342526,
    55.918555574302));
#5499 = CARTESIAN_POINT('',(95.345200170633,-5.316774313776,
    55.837699587316));
#5500 = CARTESIAN_POINT('',(95.246778127865,-5.653743801203,
    55.69895016268));
#5501 = CARTESIAN_POINT('',(95.212124773207,-5.761843142647,
    55.649761048559));
#5502 = CARTESIAN_POINT('',(95.175733346184,-5.866341273439,
    55.597687805489));
#5503 = CARTESIAN_POINT('',(95.137864544518,-5.967283721815,
    55.542999231521));
#5504 = CARTESIAN_POINT('',(95.098759141187,-6.064728610574,
    55.485935040356));
#5505 = CARTESIAN_POINT('',(94.953546858241,-6.405007782271,
    55.271566989343));
#5506 = CARTESIAN_POINT('',(94.841336711058,-6.628101873093,
    55.101357070194));
#5507 = CARTESIAN_POINT('',(94.725733327368,-6.829630971741,
    54.919489051537));
#5508 = CARTESIAN_POINT('',(94.609507956789,-7.011381683729,
    54.727902828899));
#5509 = CARTESIAN_POINT('',(94.494862523384,-7.174876086868,
    54.527426987101));
#5510 = CARTESIAN_POINT('',(94.287004102458,-7.449271081433,
    54.134295652932));
#5511 = CARTESIAN_POINT('',(94.192889236566,-7.564162964458,
    53.943705954919));
#5512 = CARTESIAN_POINT('',(94.103649664991,-7.665982946615,
    53.746723166622));
#5513 = CARTESIAN_POINT('',(94.02128704823,-7.754732749931,
    53.54368811033));
#5514 = CARTESIAN_POINT('',(93.948013481993,-7.830253549662,
    53.334772198624));
#5515 = CARTESIAN_POINT('',(93.83443721266,-7.94365604032,
    52.940682686408));
#5516 = CARTESIAN_POINT('',(93.79058474181,-7.985797651595,
    52.756940101027));
#5517 = CARTESIAN_POINT('',(93.756322492067,-8.017750065635,
    52.570068048058));
#5518 = CARTESIAN_POINT('',(93.732963402048,-8.039212526014,
    52.381083518648));
#5519 = CARTESIAN_POINT('',(93.721222917268,-8.05,52.190809390409));
#5520 = CARTESIAN_POINT('',(93.721222917268,-8.05,51.873955568031));
#5521 = CARTESIAN_POINT('',(93.726345892599,-8.045292208972,
    51.747990301763));
#5522 = CARTESIAN_POINT('',(93.736580966706,-8.035889971981,
    51.622400045581));
#5523 = CARTESIAN_POINT('',(93.751780589505,-8.021832625282,
    51.497488310411));
#5524 = CARTESIAN_POINT('',(93.771666568485,-8.003204563442,
    51.373588530851));
#5525 = CARTESIAN_POINT('',(93.808671286791,-7.967913508173,
    51.186031740541));
#5526 = CARTESIAN_POINT('',(93.822719060279,-7.954421706817,
    51.121348929326));
#5527 = CARTESIAN_POINT('',(93.837927711586,-7.93969249053,
    51.057059654908));
#5528 = CARTESIAN_POINT('',(93.854241197459,-7.923740870571,
    50.993188627804));
#5529 = CARTESIAN_POINT('',(93.871599140077,-7.906583281342,
    50.929763502806));
#5530 = CARTESIAN_POINT('',(93.952170092826,-7.825977117287,
    50.6531838774));
#5531 = CARTESIAN_POINT('',(94.025583484038,-7.750140145675,
    50.445403150265));
#5532 = CARTESIAN_POINT('',(94.107925210914,-7.661194972654,
    50.243469500747));
#5533 = CARTESIAN_POINT('',(94.197017585765,-7.559291989338,
    50.047548785319));
#5534 = CARTESIAN_POINT('',(94.29089242586,-7.444420143637,
    49.857972956263));
#5535 = CARTESIAN_POINT('',(94.49950511841,-7.168410288413,
    49.464243149531));
#5536 = CARTESIAN_POINT('',(94.615213706386,-7.002882853389,
    49.262384104916));
#5537 = CARTESIAN_POINT('',(94.732457575248,-6.818752887132,
    49.069580527472));
#5538 = CARTESIAN_POINT('',(94.848979547445,-6.614440364662,
    48.886701150864));
#5539 = CARTESIAN_POINT('',(94.961915628239,-6.388100217152,
    48.715775554155));
#5540 = CARTESIAN_POINT('',(95.135890865635,-5.975769641171,
    48.459468198956));
#5541 = CARTESIAN_POINT('',(95.20145259851,-5.802962866297,
    48.364795150034));
#5542 = CARTESIAN_POINT('',(95.26278788253,-5.619594873329,
    48.277705276022));
#5543 = CARTESIAN_POINT('',(95.31849485469,-5.425693398762,
    48.199657058973));
#5544 = CARTESIAN_POINT('',(95.367083528898,-5.221436385601,
    48.132246281547));
#5545 = CARTESIAN_POINT('',(95.43649584804,-4.848805270514,
    48.036570872678));
#5546 = CARTESIAN_POINT('',(95.461257905925,-4.684949154674,
    48.00268022281));
#5547 = CARTESIAN_POINT('',(95.480443633499,-4.516849260627,
    47.976556595166));
#5548 = CARTESIAN_POINT('',(95.493465825644,-4.345783253718,
    47.958874373321));
#5549 = CARTESIAN_POINT('',(95.5,-4.173060555543,47.95));
#5550 = CARTESIAN_POINT('',(95.5,-4.,47.95));
#5551 = PCURVE('',#2823,#5552);
#5552 = DEFINITIONAL_REPRESENTATION('',(#5553),#5611);
#5553 = B_SPLINE_CURVE_WITH_KNOTS('',6,(#5554,#5555,#5556,#5557,#5558,
    #5559,#5560,#5561,#5562,#5563,#5564,#5565,#5566,#5567,#5568,#5569,
    #5570,#5571,#5572,#5573,#5574,#5575,#5576,#5577,#5578,#5579,#5580,
    #5581,#5582,#5583,#5584,#5585,#5586,#5587,#5588,#5589,#5590,#5591,
    #5592,#5593,#5594,#5595,#5596,#5597,#5598,#5599,#5600,#5601,#5602,
    #5603,#5604,#5605,#5606,#5607,#5608,#5609,#5610),.UNSPECIFIED.,.F.,
  .F.,(7,5,5,5,5,5,5,5,5,5,5,7),(0.,0.102399422311,0.153196613663,
    0.286250635921,0.402964858622,0.50038508462,0.564738715339,
    0.598913597417,0.714894119992,0.848789919491,0.935727377365,1.),
  .UNSPECIFIED.);
#5554 = CARTESIAN_POINT('',(-6.28318530718,-18.05));
#5555 = CARTESIAN_POINT('',(-6.232915104334,-18.05));
#5556 = CARTESIAN_POINT('',(-6.183122085525,-18.02734941505));
#5557 = CARTESIAN_POINT('',(-6.134309411287,-17.98285689265));
#5558 = CARTESIAN_POINT('',(-6.086976380739,-17.9185555743));
#5559 = CARTESIAN_POINT('',(-6.041673511339,-17.83769958731));
#5560 = CARTESIAN_POINT('',(-5.977846437636,-17.69895016268));
#5561 = CARTESIAN_POINT('',(-5.957213809221,-17.64976104855));
#5562 = CARTESIAN_POINT('',(-5.93710403425,-17.59768780548));
#5563 = CARTESIAN_POINT('',(-5.917509647859,-17.54299923152));
#5564 = CARTESIAN_POINT('',(-5.898423467997,-17.48593504035));
#5565 = CARTESIAN_POINT('',(-5.831156509568,-17.27156698934));
#5566 = CARTESIAN_POINT('',(-5.785841262657,-17.10135707019));
#5567 = CARTESIAN_POINT('',(-5.743682619074,-16.91948905153));
#5568 = CARTESIAN_POINT('',(-5.704514867822,-16.72790282889));
#5569 = CARTESIAN_POINT('',(-5.668233043758,-16.5274269871));
#5570 = CARTESIAN_POINT('',(-5.605644861684,-16.13429565293));
#5571 = CARTESIAN_POINT('',(-5.578660978034,-15.94370595491));
#5572 = CARTESIAN_POINT('',(-5.554062007839,-15.74672316662));
#5573 = CARTESIAN_POINT('',(-5.532056463633,-15.54368811033));
#5574 = CARTESIAN_POINT('',(-5.512926938679,-15.33477219862));
#5575 = CARTESIAN_POINT('',(-5.483745435512,-14.9406826864));
#5576 = CARTESIAN_POINT('',(-5.472689486487,-14.75694010102));
#5577 = CARTESIAN_POINT('',(-5.464171999353,-14.57006804805));
#5578 = CARTESIAN_POINT('',(-5.458404229628,-14.38108351864));
#5579 = CARTESIAN_POINT('',(-5.455505364035,-14.1908093904));
#5580 = CARTESIAN_POINT('',(-5.455505364035,-13.87395556803));
#5581 = CARTESIAN_POINT('',(-5.456770370444,-13.74799030176));
#5582 = CARTESIAN_POINT('',(-5.459297342905,-13.62240004558));
#5583 = CARTESIAN_POINT('',(-5.463061563416,-13.49748831041));
#5584 = CARTESIAN_POINT('',(-5.468015568151,-13.37358853085));
#5585 = CARTESIAN_POINT('',(-5.477312875606,-13.18603174054));
#5586 = CARTESIAN_POINT('',(-5.480854202882,-13.12134892932));
#5587 = CARTESIAN_POINT('',(-5.48470359505,-13.0570596549));
#5588 = CARTESIAN_POINT('',(-5.48885192651,-12.9931886278));
#5589 = CARTESIAN_POINT('',(-5.493289412122,-12.9297635028));
#5590 = CARTESIAN_POINT('',(-5.514011127573,-12.6531838774));
#5591 = CARTESIAN_POINT('',(-5.53319957231,-12.44540315026));
#5592 = CARTESIAN_POINT('',(-5.555228505034,-12.24346950074));
#5593 = CARTESIAN_POINT('',(-5.579821239759,-12.04754878531));
#5594 = CARTESIAN_POINT('',(-5.606774777917,-11.85797295626));
#5595 = CARTESIAN_POINT('',(-5.669679847592,-11.46424314953));
#5596 = CARTESIAN_POINT('',(-5.706374534704,-11.26238410491));
#5597 = CARTESIAN_POINT('',(-5.746004608171,-11.06958052747));
#5598 = CARTESIAN_POINT('',(-5.788682396807,-10.88670115086));
#5599 = CARTESIAN_POINT('',(-5.834580748386,-10.71577555415));
#5600 = CARTESIAN_POINT('',(-5.915949999003,-10.45946819895));
#5601 = CARTESIAN_POINT('',(-5.949532096319,-10.36479515003));
#5602 = CARTESIAN_POINT('',(-5.984643811297,-10.27770527602));
#5603 = CARTESIAN_POINT('',(-6.021269204272,-10.19965705897));
#5604 = CARTESIAN_POINT('',(-6.059396622397,-10.13224628154));
#5605 = CARTESIAN_POINT('',(-6.128313153053,-10.03657087267));
#5606 = CARTESIAN_POINT('',(-6.158425891539,-10.00268022281));
#5607 = CARTESIAN_POINT('',(-6.189156559886,-9.976556595166));
#5608 = CARTESIAN_POINT('',(-6.220315674558,-9.958874373321));
#5609 = CARTESIAN_POINT('',(-6.251719751626,-9.95));
#5610 = CARTESIAN_POINT('',(-6.28318530718,-9.95));
#5611 = ( GEOMETRIC_REPRESENTATION_CONTEXT(2) 
PARAMETRIC_REPRESENTATION_CONTEXT() REPRESENTATION_CONTEXT('2D SPACE',''
  ) );
#5612 = PCURVE('',#5310,#5613);
#5613 = DEFINITIONAL_REPRESENTATION('',(#5614),#5672);
#5614 = B_SPLINE_CURVE_WITH_KNOTS('',6,(#5615,#5616,#5617,#5618,#5619,
    #5620,#5621,#5622,#5623,#5624,#5625,#5626,#5627,#5628,#5629,#5630,
    #5631,#5632,#5633,#5634,#5635,#5636,#5637,#5638,#5639,#5640,#5641,
    #5642,#5643,#5644,#5645,#5646,#5647,#5648,#5649,#5650,#5651,#5652,
    #5653,#5654,#5655,#5656,#5657,#5658,#5659,#5660,#5661,#5662,#5663,
    #5664,#5665,#5666,#5667,#5668,#5669,#5670,#5671),.UNSPECIFIED.,.F.,
  .F.,(7,5,5,5,5,5,5,5,5,5,5,7),(0.,0.102399422311,0.153196613663,
    0.286250635921,0.402964858622,0.50038508462,0.564738715339,
    0.598913597417,0.714894119992,0.848789919491,0.935727377365,1.),
  .UNSPECIFIED.);
#5615 = CARTESIAN_POINT('',(-1.570796326795,-5.5));
#5616 = CARTESIAN_POINT('',(-1.639064503498,-5.5));
#5617 = CARTESIAN_POINT('',(-1.706684528125,-5.483320662721));
#5618 = CARTESIAN_POINT('',(-1.773236139057,-5.450559295981));
#5619 = CARTESIAN_POINT('',(-1.838275359681,-5.403527010974));
#5620 = CARTESIAN_POINT('',(-1.901252505822,-5.345200170633));
#5621 = CARTESIAN_POINT('',(-1.991232041944,-5.246778127865));
#5622 = CARTESIAN_POINT('',(-2.020537189261,-5.212124773207));
#5623 = CARTESIAN_POINT('',(-2.049339029015,-5.175733346184));
#5624 = CARTESIAN_POINT('',(-2.077662093644,-5.137864544518));
#5625 = CARTESIAN_POINT('',(-2.105529915212,-5.098759141187));
#5626 = CARTESIAN_POINT('',(-2.204832029904,-4.953546858241));
#5627 = CARTESIAN_POINT('',(-2.273841096414,-4.841336711058));
#5628 = CARTESIAN_POINT('',(-2.340546174551,-4.725733327368));
#5629 = CARTESIAN_POINT('',(-2.40547264621,-4.609507956789));
#5630 = CARTESIAN_POINT('',(-2.469168611204,-4.494862523384));
#5631 = CARTESIAN_POINT('',(-2.587544260419,-4.287004102458));
#5632 = CARTESIAN_POINT('',(-2.642369966664,-4.192889236566));
#5633 = CARTESIAN_POINT('',(-2.696946964256,-4.103649664991));
#5634 = CARTESIAN_POINT('',(-2.751486135684,-4.02128704823));
#5635 = CARTESIAN_POINT('',(-2.80621539915,-3.948013481993));
#5636 = CARTESIAN_POINT('',(-2.907470039896,-3.83443721266));
#5637 = CARTESIAN_POINT('',(-2.953946758545,-3.79058474181));
#5638 = CARTESIAN_POINT('',(-3.000646628481,-3.756322492067));
#5639 = CARTESIAN_POINT('',(-3.047498021537,-3.732963402049));
#5640 = CARTESIAN_POINT('',(-3.094479223859,-3.721222917268));
#5641 = CARTESIAN_POINT('',(-3.172714735557,-3.721222917268));
#5642 = CARTESIAN_POINT('',(-3.203817311911,-3.726345892599));
#5643 = CARTESIAN_POINT('',(-3.234881405163,-3.736580966706));
#5644 = CARTESIAN_POINT('',(-3.265886314997,-3.751780589505));
#5645 = CARTESIAN_POINT('',(-3.296801759337,-3.771666568485));
#5646 = CARTESIAN_POINT('',(-3.343924754043,-3.808671286791));
#5647 = CARTESIAN_POINT('',(-3.360236398,-3.822719060279));
#5648 = CARTESIAN_POINT('',(-3.376516907529,-3.837927711586));
#5649 = CARTESIAN_POINT('',(-3.392767306133,-3.854241197459));
#5650 = CARTESIAN_POINT('',(-3.408987680597,-3.871599140077));
#5651 = CARTESIAN_POINT('',(-3.480120068906,-3.952170092826));
#5652 = CARTESIAN_POINT('',(-3.534614174245,-4.025583484038));
#5653 = CARTESIAN_POINT('',(-3.58892585721,-4.107925210914));
#5654 = CARTESIAN_POINT('',(-3.643281592315,-4.197017585765));
#5655 = CARTESIAN_POINT('',(-3.697891859201,-4.29089242586));
#5656 = CARTESIAN_POINT('',(-3.816617142035,-4.49950511841));
#5657 = CARTESIAN_POINT('',(-3.88089053764,-4.615213706386));
#5658 = CARTESIAN_POINT('',(-3.946432120542,-4.732457575248));
#5659 = CARTESIAN_POINT('',(-4.013805530652,-4.848979547445));
#5660 = CARTESIAN_POINT('',(-4.083550077828,-4.961915628239));
#5661 = CARTESIAN_POINT('',(-4.203426548367,-5.135890865635));
#5662 = CARTESIAN_POINT('',(-4.252004958677,-5.20145259851));
#5663 = CARTESIAN_POINT('',(-4.301999653019,-5.26278788253));
#5664 = CARTESIAN_POINT('',(-4.353457403559,-5.31849485469));
#5665 = CARTESIAN_POINT('',(-4.406446387935,-5.367083528898));
#5666 = CARTESIAN_POINT('',(-4.501438420039,-5.43649584804));
#5667 = CARTESIAN_POINT('',(-4.542706712982,-5.461257905925));
#5668 = CARTESIAN_POINT('',(-4.584631439161,-5.480443633499));
#5669 = CARTESIAN_POINT('',(-4.627010395622,-5.493465825644));
#5670 = CARTESIAN_POINT('',(-4.669657979016,-5.5));
#5671 = CARTESIAN_POINT('',(-4.712388980385,-5.5));
#5672 = ( GEOMETRIC_REPRESENTATION_CONTEXT(2) 
PARAMETRIC_REPRESENTATION_CONTEXT() REPRESENTATION_CONTEXT('2D SPACE',''
  ) );
#5673 = ORIENTED_EDGE('',*,*,#5223,.F.);
#5674 = ORIENTED_EDGE('',*,*,#5675,.T.);
#5675 = EDGE_CURVE('',#5196,#5194,#5676,.T.);
#5676 = SURFACE_CURVE('',#5677,(#5682,#5689),.PCURVE_S1.);
#5677 = CIRCLE('',#5678,5.5);
#5678 = AXIS2_PLACEMENT_3D('',#5679,#5680,#5681);
#5679 = CARTESIAN_POINT('',(90.,-4.,38.));
#5680 = DIRECTION('',(0.,0.,-1.));
#5681 = DIRECTION('',(1.,1.2918958832E-15,0.));
#5682 = PCURVE('',#2823,#5683);
#5683 = DEFINITIONAL_REPRESENTATION('',(#5684),#5688);
#5684 = LINE('',#5685,#5686);
#5685 = CARTESIAN_POINT('',(-6.28318530718,0.));
#5686 = VECTOR('',#5687,1.);
#5687 = DIRECTION('',(1.,-0.));
#5688 = ( GEOMETRIC_REPRESENTATION_CONTEXT(2) 
PARAMETRIC_REPRESENTATION_CONTEXT() REPRESENTATION_CONTEXT('2D SPACE',''
  ) );
#5689 = PCURVE('',#5133,#5690);
#5690 = DEFINITIONAL_REPRESENTATION('',(#5691),#5699);
#5691 = ( BOUNDED_CURVE() B_SPLINE_CURVE(2,(#5692,#5693,#5694,#5695,
#5696,#5697,#5698),.UNSPECIFIED.,.T.,.F.) B_SPLINE_CURVE_WITH_KNOTS((1,2
    ,2,2,2,1),(-2.094395102393,0.,2.094395102393,4.188790204786,
6.28318530718,8.377580409573),.UNSPECIFIED.) CURVE() 
GEOMETRIC_REPRESENTATION_ITEM() RATIONAL_B_SPLINE_CURVE((1.,0.5,1.,0.5,
1.,0.5,1.)) REPRESENTATION_ITEM('') );
#5692 = CARTESIAN_POINT('',(5.5,-2.22044604925E-15));
#5693 = CARTESIAN_POINT('',(5.5,-9.526279441629));
#5694 = CARTESIAN_POINT('',(-2.75,-4.763139720814));
#5695 = CARTESIAN_POINT('',(-11.,-2.488383960112E-14));
#5696 = CARTESIAN_POINT('',(-2.75,4.763139720814));
#5697 = CARTESIAN_POINT('',(5.5,9.526279441629));
#5698 = CARTESIAN_POINT('',(5.5,-2.22044604925E-15));
#5699 = ( GEOMETRIC_REPRESENTATION_CONTEXT(2) 
PARAMETRIC_REPRESENTATION_CONTEXT() REPRESENTATION_CONTEXT('2D SPACE',''
  ) );
#5700 = FACE_BOUND('',#5701,.T.);
#5701 = EDGE_LOOP('',(#5702,#5703));
#5702 = ORIENTED_EDGE('',*,*,#2723,.T.);
#5703 = ORIENTED_EDGE('',*,*,#2899,.T.);
#5704 = ADVANCED_FACE('',(#5705),#3063,.T.);
#5705 = FACE_BOUND('',#5706,.T.);
#5706 = EDGE_LOOP('',(#5707));
#5707 = ORIENTED_EDGE('',*,*,#3046,.T.);
#5708 = ADVANCED_FACE('',(#5709,#5712),#3118,.T.);
#5709 = FACE_BOUND('',#5710,.T.);
#5710 = EDGE_LOOP('',(#5711));
#5711 = ORIENTED_EDGE('',*,*,#3101,.T.);
#5712 = FACE_BOUND('',#5713,.T.);
#5713 = EDGE_LOOP('',(#5714));
#5714 = ORIENTED_EDGE('',*,*,#5464,.T.);
#5715 = ADVANCED_FACE('',(#5716),#3173,.T.);
#5716 = FACE_BOUND('',#5717,.T.);
#5717 = EDGE_LOOP('',(#5718));
#5718 = ORIENTED_EDGE('',*,*,#3156,.T.);
#5719 = ADVANCED_FACE('',(#5720),#3228,.T.);
#5720 = FACE_BOUND('',#5721,.T.);
#5721 = EDGE_LOOP('',(#5722));
#5722 = ORIENTED_EDGE('',*,*,#3211,.T.);
#5723 = ADVANCED_FACE('',(#5724),#3306,.T.);
#5724 = FACE_BOUND('',#5725,.T.);
#5725 = EDGE_LOOP('',(#5726,#5727,#5728,#5729,#5730,#5731,#5732,#5733,
    #5754,#5773,#5774,#5775,#5776,#5777));
#5726 = ORIENTED_EDGE('',*,*,#3727,.T.);
#5727 = ORIENTED_EDGE('',*,*,#3986,.T.);
#5728 = ORIENTED_EDGE('',*,*,#4139,.T.);
#5729 = ORIENTED_EDGE('',*,*,#4238,.T.);
#5730 = ORIENTED_EDGE('',*,*,#4285,.T.);
#5731 = ORIENTED_EDGE('',*,*,#4191,.T.);
#5732 = ORIENTED_EDGE('',*,*,#4054,.T.);
#5733 = ORIENTED_EDGE('',*,*,#5734,.F.);
#5734 = EDGE_CURVE('',#5735,#4055,#5737,.T.);
#5735 = VERTEX_POINT('',#5736);
#5736 = CARTESIAN_POINT('',(109.8,3.,38.));
#5737 = SURFACE_CURVE('',#5738,(#5742,#5748),.PCURVE_S1.);
#5738 = LINE('',#5739,#5740);
#5739 = CARTESIAN_POINT('',(85.,3.,38.));
#5740 = VECTOR('',#5741,1.);
#5741 = DIRECTION('',(-1.,0.,0.));
#5742 = PCURVE('',#3306,#5743);
#5743 = DEFINITIONAL_REPRESENTATION('',(#5744),#5747);
#5744 = B_SPLINE_CURVE_WITH_KNOTS('',1,(#5745,#5746),.UNSPECIFIED.,.F.,
  .F.,(2,2),(-24.8,-5.),.PIECEWISE_BEZIER_KNOTS.);
#5745 = CARTESIAN_POINT('',(29.8,-11.5));
#5746 = CARTESIAN_POINT('',(10.,-11.5));
#5747 = ( GEOMETRIC_REPRESENTATION_CONTEXT(2) 
PARAMETRIC_REPRESENTATION_CONTEXT() REPRESENTATION_CONTEXT('2D SPACE',''
  ) );
#5748 = PCURVE('',#4097,#5749);
#5749 = DEFINITIONAL_REPRESENTATION('',(#5750),#5753);
#5750 = B_SPLINE_CURVE_WITH_KNOTS('',1,(#5751,#5752),.UNSPECIFIED.,.F.,
  .F.,(2,2),(-24.8,-5.),.PIECEWISE_BEZIER_KNOTS.);
#5751 = CARTESIAN_POINT('',(1.,19.8));
#5752 = CARTESIAN_POINT('',(1.,0.));
#5753 = ( GEOMETRIC_REPRESENTATION_CONTEXT(2) 
PARAMETRIC_REPRESENTATION_CONTEXT() REPRESENTATION_CONTEXT('2D SPACE',''
  ) );
#5754 = ORIENTED_EDGE('',*,*,#5755,.F.);
#5755 = EDGE_CURVE('',#3780,#5735,#5756,.T.);
#5756 = SURFACE_CURVE('',#5757,(#5761,#5767),.PCURVE_S1.);
#5757 = LINE('',#5758,#5759);
#5758 = CARTESIAN_POINT('',(109.8,1.75,38.));
#5759 = VECTOR('',#5760,1.);
#5760 = DIRECTION('',(0.,1.,0.));
#5761 = PCURVE('',#3306,#5762);
#5762 = DEFINITIONAL_REPRESENTATION('',(#5763),#5766);
#5763 = B_SPLINE_CURVE_WITH_KNOTS('',1,(#5764,#5765),.UNSPECIFIED.,.F.,
  .F.,(2,2),(-12.75,1.25),.PIECEWISE_BEZIER_KNOTS.);
#5764 = CARTESIAN_POINT('',(29.8,-25.5));
#5765 = CARTESIAN_POINT('',(29.8,-11.5));
#5766 = ( GEOMETRIC_REPRESENTATION_CONTEXT(2) 
PARAMETRIC_REPRESENTATION_CONTEXT() REPRESENTATION_CONTEXT('2D SPACE',''
  ) );
#5767 = PCURVE('',#3818,#5768);
#5768 = DEFINITIONAL_REPRESENTATION('',(#5769),#5772);
#5769 = B_SPLINE_CURVE_WITH_KNOTS('',1,(#5770,#5771),.UNSPECIFIED.,.F.,
  .F.,(2,2),(-12.75,1.25),.PIECEWISE_BEZIER_KNOTS.);
#5770 = CARTESIAN_POINT('',(1.,0.));
#5771 = CARTESIAN_POINT('',(1.,-14.));
#5772 = ( GEOMETRIC_REPRESENTATION_CONTEXT(2) 
PARAMETRIC_REPRESENTATION_CONTEXT() REPRESENTATION_CONTEXT('2D SPACE',''
  ) );
#5773 = ORIENTED_EDGE('',*,*,#3779,.T.);
#5774 = ORIENTED_EDGE('',*,*,#3698,.T.);
#5775 = ORIENTED_EDGE('',*,*,#3343,.T.);
#5776 = ORIENTED_EDGE('',*,*,#3289,.T.);
#5777 = ORIENTED_EDGE('',*,*,#3628,.T.);
#5778 = ADVANCED_FACE('',(#5779),#3412,.F.);
#5779 = FACE_BOUND('',#5780,.T.);
#5780 = EDGE_LOOP('',(#5781,#5804,#5805,#5828));
#5781 = ORIENTED_EDGE('',*,*,#5782,.F.);
#5782 = EDGE_CURVE('',#3392,#5783,#5785,.T.);
#5783 = VERTEX_POINT('',#5784);
#5784 = CARTESIAN_POINT('',(148.,-0.45,38.55));
#5785 = SURFACE_CURVE('',#5786,(#5790,#5797),.PCURVE_S1.);
#5786 = LINE('',#5787,#5788);
#5787 = CARTESIAN_POINT('',(146.5,-0.45,38.55));
#5788 = VECTOR('',#5789,1.);
#5789 = DIRECTION('',(1.,0.,0.));
#5790 = PCURVE('',#3412,#5791);
#5791 = DEFINITIONAL_REPRESENTATION('',(#5792),#5796);
#5792 = LINE('',#5793,#5794);
#5793 = CARTESIAN_POINT('',(-0.,0.));
#5794 = VECTOR('',#5795,1.);
#5795 = DIRECTION('',(-0.,1.));
#5796 = ( GEOMETRIC_REPRESENTATION_CONTEXT(2) 
PARAMETRIC_REPRESENTATION_CONTEXT() REPRESENTATION_CONTEXT('2D SPACE',''
  ) );
#5797 = PCURVE('',#3439,#5798);
#5798 = DEFINITIONAL_REPRESENTATION('',(#5799),#5803);
#5799 = LINE('',#5800,#5801);
#5800 = CARTESIAN_POINT('',(1.4,0.));
#5801 = VECTOR('',#5802,1.);
#5802 = DIRECTION('',(0.,-1.));
#5803 = ( GEOMETRIC_REPRESENTATION_CONTEXT(2) 
PARAMETRIC_REPRESENTATION_CONTEXT() REPRESENTATION_CONTEXT('2D SPACE',''
  ) );
#5804 = ORIENTED_EDGE('',*,*,#3389,.F.);
#5805 = ORIENTED_EDGE('',*,*,#5806,.T.);
#5806 = EDGE_CURVE('',#3390,#5807,#5809,.T.);
#5807 = VERTEX_POINT('',#5808);
#5808 = CARTESIAN_POINT('',(148.,-1.85,39.95));
#5809 = SURFACE_CURVE('',#5810,(#5814,#5821),.PCURVE_S1.);
#5810 = LINE('',#5811,#5812);
#5811 = CARTESIAN_POINT('',(146.5,-1.85,39.95));
#5812 = VECTOR('',#5813,1.);
#5813 = DIRECTION('',(1.,0.,0.));
#5814 = PCURVE('',#3412,#5815);
#5815 = DEFINITIONAL_REPRESENTATION('',(#5816),#5820);
#5816 = LINE('',#5817,#5818);
#5817 = CARTESIAN_POINT('',(-1.570796326795,0.));
#5818 = VECTOR('',#5819,1.);
#5819 = DIRECTION('',(-0.,1.));
#5820 = ( GEOMETRIC_REPRESENTATION_CONTEXT(2) 
PARAMETRIC_REPRESENTATION_CONTEXT() REPRESENTATION_CONTEXT('2D SPACE',''
  ) );
#5821 = PCURVE('',#3614,#5822);
#5822 = DEFINITIONAL_REPRESENTATION('',(#5823),#5827);
#5823 = LINE('',#5824,#5825);
#5824 = CARTESIAN_POINT('',(2.8,0.));
#5825 = VECTOR('',#5826,1.);
#5826 = DIRECTION('',(0.,-1.));
#5827 = ( GEOMETRIC_REPRESENTATION_CONTEXT(2) 
PARAMETRIC_REPRESENTATION_CONTEXT() REPRESENTATION_CONTEXT('2D SPACE',''
  ) );
#5828 = ORIENTED_EDGE('',*,*,#5829,.T.);
#5829 = EDGE_CURVE('',#5807,#5783,#5830,.T.);
#5830 = SURFACE_CURVE('',#5831,(#5836,#5843),.PCURVE_S1.);
#5831 = CIRCLE('',#5832,1.4);
#5832 = AXIS2_PLACEMENT_3D('',#5833,#5834,#5835);
#5833 = CARTESIAN_POINT('',(148.,-0.45,39.95));
#5834 = DIRECTION('',(1.,0.,0.));
#5835 = DIRECTION('',(0.,0.,-1.));
#5836 = PCURVE('',#3412,#5837);
#5837 = DEFINITIONAL_REPRESENTATION('',(#5838),#5842);
#5838 = LINE('',#5839,#5840);
#5839 = CARTESIAN_POINT('',(-6.28318530718,1.5));
#5840 = VECTOR('',#5841,1.);
#5841 = DIRECTION('',(1.,-0.));
#5842 = ( GEOMETRIC_REPRESENTATION_CONTEXT(2) 
PARAMETRIC_REPRESENTATION_CONTEXT() REPRESENTATION_CONTEXT('2D SPACE',''
  ) );
#5843 = PCURVE('',#4749,#5844);
#5844 = DEFINITIONAL_REPRESENTATION('',(#5845),#5849);
#5845 = CIRCLE('',#5846,1.4);
#5846 = AXIS2_PLACEMENT_2D('',#5847,#5848);
#5847 = CARTESIAN_POINT('',(-0.7,3.6));
#5848 = DIRECTION('',(-1.,0.));
#5849 = ( GEOMETRIC_REPRESENTATION_CONTEXT(2) 
PARAMETRIC_REPRESENTATION_CONTEXT() REPRESENTATION_CONTEXT('2D SPACE',''
  ) );
#5850 = ADVANCED_FACE('',(#5851),#3614,.T.);
#5851 = FACE_BOUND('',#5852,.T.);
#5852 = EDGE_LOOP('',(#5853,#5854,#5877,#5896));
#5853 = ORIENTED_EDGE('',*,*,#3601,.F.);
#5854 = ORIENTED_EDGE('',*,*,#5855,.T.);
#5855 = EDGE_CURVE('',#3569,#5856,#5858,.T.);
#5856 = VERTEX_POINT('',#5857);
#5857 = CARTESIAN_POINT('',(148.,-1.85,41.35));
#5858 = SURFACE_CURVE('',#5859,(#5863,#5870),.PCURVE_S1.);
#5859 = LINE('',#5860,#5861);
#5860 = CARTESIAN_POINT('',(146.5,-1.85,41.35));
#5861 = VECTOR('',#5862,1.);
#5862 = DIRECTION('',(1.,0.,0.));
#5863 = PCURVE('',#3614,#5864);
#5864 = DEFINITIONAL_REPRESENTATION('',(#5865),#5869);
#5865 = LINE('',#5866,#5867);
#5866 = CARTESIAN_POINT('',(1.4,0.));
#5867 = VECTOR('',#5868,1.);
#5868 = DIRECTION('',(0.,-1.));
#5869 = ( GEOMETRIC_REPRESENTATION_CONTEXT(2) 
PARAMETRIC_REPRESENTATION_CONTEXT() REPRESENTATION_CONTEXT('2D SPACE',''
  ) );
#5870 = PCURVE('',#3589,#5871);
#5871 = DEFINITIONAL_REPRESENTATION('',(#5872),#5876);
#5872 = LINE('',#5873,#5874);
#5873 = CARTESIAN_POINT('',(1.570796326795,0.));
#5874 = VECTOR('',#5875,1.);
#5875 = DIRECTION('',(0.,1.));
#5876 = ( GEOMETRIC_REPRESENTATION_CONTEXT(2) 
PARAMETRIC_REPRESENTATION_CONTEXT() REPRESENTATION_CONTEXT('2D SPACE',''
  ) );
#5877 = ORIENTED_EDGE('',*,*,#5878,.T.);
#5878 = EDGE_CURVE('',#5856,#5807,#5879,.T.);
#5879 = SURFACE_CURVE('',#5880,(#5884,#5890),.PCURVE_S1.);
#5880 = LINE('',#5881,#5882);
#5881 = CARTESIAN_POINT('',(148.,-1.85,41.7));
#5882 = VECTOR('',#5883,1.);
#5883 = DIRECTION('',(0.,0.,-1.));
#5884 = PCURVE('',#3614,#5885);
#5885 = DEFINITIONAL_REPRESENTATION('',(#5886),#5889);
#5886 = B_SPLINE_CURVE_WITH_KNOTS('',1,(#5887,#5888),.UNSPECIFIED.,.F.,
  .F.,(2,2),(0.35,1.75),.PIECEWISE_BEZIER_KNOTS.);
#5887 = CARTESIAN_POINT('',(1.4,-1.5));
#5888 = CARTESIAN_POINT('',(2.8,-1.5));
#5889 = ( GEOMETRIC_REPRESENTATION_CONTEXT(2) 
PARAMETRIC_REPRESENTATION_CONTEXT() REPRESENTATION_CONTEXT('2D SPACE',''
  ) );
#5890 = PCURVE('',#4749,#5891);
#5891 = DEFINITIONAL_REPRESENTATION('',(#5892),#5895);
#5892 = B_SPLINE_CURVE_WITH_KNOTS('',1,(#5893,#5894),.UNSPECIFIED.,.F.,
  .F.,(2,2),(0.35,1.75),.PIECEWISE_BEZIER_KNOTS.);
#5893 = CARTESIAN_POINT('',(0.7,5.));
#5894 = CARTESIAN_POINT('',(-0.7,5.));
#5895 = ( GEOMETRIC_REPRESENTATION_CONTEXT(2) 
PARAMETRIC_REPRESENTATION_CONTEXT() REPRESENTATION_CONTEXT('2D SPACE',''
  ) );
#5896 = ORIENTED_EDGE('',*,*,#5806,.F.);
#5897 = ADVANCED_FACE('',(#5898),#3589,.F.);
#5898 = FACE_BOUND('',#5899,.F.);
#5899 = EDGE_LOOP('',(#5900,#5923,#5924,#5925));
#5900 = ORIENTED_EDGE('',*,*,#5901,.F.);
#5901 = EDGE_CURVE('',#3543,#5902,#5904,.T.);
#5902 = VERTEX_POINT('',#5903);
#5903 = CARTESIAN_POINT('',(148.,-0.45,42.75));
#5904 = SURFACE_CURVE('',#5905,(#5909,#5916),.PCURVE_S1.);
#5905 = LINE('',#5906,#5907);
#5906 = CARTESIAN_POINT('',(146.5,-0.45,42.75));
#5907 = VECTOR('',#5908,1.);
#5908 = DIRECTION('',(1.,0.,0.));
#5909 = PCURVE('',#3589,#5910);
#5910 = DEFINITIONAL_REPRESENTATION('',(#5911),#5915);
#5911 = LINE('',#5912,#5913);
#5912 = CARTESIAN_POINT('',(0.,0.));
#5913 = VECTOR('',#5914,1.);
#5914 = DIRECTION('',(0.,1.));
#5915 = ( GEOMETRIC_REPRESENTATION_CONTEXT(2) 
PARAMETRIC_REPRESENTATION_CONTEXT() REPRESENTATION_CONTEXT('2D SPACE',''
  ) );
#5916 = PCURVE('',#3557,#5917);
#5917 = DEFINITIONAL_REPRESENTATION('',(#5918),#5922);
#5918 = LINE('',#5919,#5920);
#5919 = CARTESIAN_POINT('',(8.6,0.));
#5920 = VECTOR('',#5921,1.);
#5921 = DIRECTION('',(0.,-1.));
#5922 = ( GEOMETRIC_REPRESENTATION_CONTEXT(2) 
PARAMETRIC_REPRESENTATION_CONTEXT() REPRESENTATION_CONTEXT('2D SPACE',''
  ) );
#5923 = ORIENTED_EDGE('',*,*,#3568,.T.);
#5924 = ORIENTED_EDGE('',*,*,#5855,.T.);
#5925 = ORIENTED_EDGE('',*,*,#5926,.F.);
#5926 = EDGE_CURVE('',#5902,#5856,#5927,.T.);
#5927 = SURFACE_CURVE('',#5928,(#5933,#5940),.PCURVE_S1.);
#5928 = CIRCLE('',#5929,1.4);
#5929 = AXIS2_PLACEMENT_3D('',#5930,#5931,#5932);
#5930 = CARTESIAN_POINT('',(148.,-0.45,41.35));
#5931 = DIRECTION('',(1.,0.,0.));
#5932 = DIRECTION('',(0.,-0.,1.));
#5933 = PCURVE('',#3589,#5934);
#5934 = DEFINITIONAL_REPRESENTATION('',(#5935),#5939);
#5935 = LINE('',#5936,#5937);
#5936 = CARTESIAN_POINT('',(0.,1.5));
#5937 = VECTOR('',#5938,1.);
#5938 = DIRECTION('',(1.,0.));
#5939 = ( GEOMETRIC_REPRESENTATION_CONTEXT(2) 
PARAMETRIC_REPRESENTATION_CONTEXT() REPRESENTATION_CONTEXT('2D SPACE',''
  ) );
#5940 = PCURVE('',#4749,#5941);
#5941 = DEFINITIONAL_REPRESENTATION('',(#5942),#5946);
#5942 = CIRCLE('',#5943,1.4);
#5943 = AXIS2_PLACEMENT_2D('',#5944,#5945);
#5944 = CARTESIAN_POINT('',(0.7,3.6));
#5945 = DIRECTION('',(1.,0.));
#5946 = ( GEOMETRIC_REPRESENTATION_CONTEXT(2) 
PARAMETRIC_REPRESENTATION_CONTEXT() REPRESENTATION_CONTEXT('2D SPACE',''
  ) );
#5947 = ADVANCED_FACE('',(#5948),#3557,.T.);
#5948 = FACE_BOUND('',#5949,.T.);
#5949 = EDGE_LOOP('',(#5950,#5951,#5974,#5993));
#5950 = ORIENTED_EDGE('',*,*,#3542,.F.);
#5951 = ORIENTED_EDGE('',*,*,#5952,.T.);
#5952 = EDGE_CURVE('',#3510,#5953,#5955,.T.);
#5953 = VERTEX_POINT('',#5954);
#5954 = CARTESIAN_POINT('',(148.,6.75,42.75));
#5955 = SURFACE_CURVE('',#5956,(#5960,#5967),.PCURVE_S1.);
#5956 = LINE('',#5957,#5958);
#5957 = CARTESIAN_POINT('',(146.5,6.75,42.75));
#5958 = VECTOR('',#5959,1.);
#5959 = DIRECTION('',(1.,0.,0.));
#5960 = PCURVE('',#3557,#5961);
#5961 = DEFINITIONAL_REPRESENTATION('',(#5962),#5966);
#5962 = LINE('',#5963,#5964);
#5963 = CARTESIAN_POINT('',(1.4,0.));
#5964 = VECTOR('',#5965,1.);
#5965 = DIRECTION('',(0.,-1.));
#5966 = ( GEOMETRIC_REPRESENTATION_CONTEXT(2) 
PARAMETRIC_REPRESENTATION_CONTEXT() REPRESENTATION_CONTEXT('2D SPACE',''
  ) );
#5967 = PCURVE('',#3530,#5968);
#5968 = DEFINITIONAL_REPRESENTATION('',(#5969),#5973);
#5969 = LINE('',#5970,#5971);
#5970 = CARTESIAN_POINT('',(1.570796326795,0.));
#5971 = VECTOR('',#5972,1.);
#5972 = DIRECTION('',(0.,1.));
#5973 = ( GEOMETRIC_REPRESENTATION_CONTEXT(2) 
PARAMETRIC_REPRESENTATION_CONTEXT() REPRESENTATION_CONTEXT('2D SPACE',''
  ) );
#5974 = ORIENTED_EDGE('',*,*,#5975,.T.);
#5975 = EDGE_CURVE('',#5953,#5902,#5976,.T.);
#5976 = SURFACE_CURVE('',#5977,(#5981,#5987),.PCURVE_S1.);
#5977 = LINE('',#5978,#5979);
#5978 = CARTESIAN_POINT('',(148.,5.65,42.75));
#5979 = VECTOR('',#5980,1.);
#5980 = DIRECTION('',(0.,-1.,0.));
#5981 = PCURVE('',#3557,#5982);
#5982 = DEFINITIONAL_REPRESENTATION('',(#5983),#5986);
#5983 = B_SPLINE_CURVE_WITH_KNOTS('',1,(#5984,#5985),.UNSPECIFIED.,.F.,
  .F.,(2,2),(-1.1,6.1),.PIECEWISE_BEZIER_KNOTS.);
#5984 = CARTESIAN_POINT('',(1.4,-1.5));
#5985 = CARTESIAN_POINT('',(8.6,-1.5));
#5986 = ( GEOMETRIC_REPRESENTATION_CONTEXT(2) 
PARAMETRIC_REPRESENTATION_CONTEXT() REPRESENTATION_CONTEXT('2D SPACE',''
  ) );
#5987 = PCURVE('',#4749,#5988);
#5988 = DEFINITIONAL_REPRESENTATION('',(#5989),#5992);
#5989 = B_SPLINE_CURVE_WITH_KNOTS('',1,(#5990,#5991),.UNSPECIFIED.,.F.,
  .F.,(2,2),(-1.1,6.1),.PIECEWISE_BEZIER_KNOTS.);
#5990 = CARTESIAN_POINT('',(2.1,-3.6));
#5991 = CARTESIAN_POINT('',(2.1,3.6));
#5992 = ( GEOMETRIC_REPRESENTATION_CONTEXT(2) 
PARAMETRIC_REPRESENTATION_CONTEXT() REPRESENTATION_CONTEXT('2D SPACE',''
  ) );
#5993 = ORIENTED_EDGE('',*,*,#5901,.F.);
#5994 = ADVANCED_FACE('',(#5995),#3530,.F.);
#5995 = FACE_BOUND('',#5996,.F.);
#5996 = EDGE_LOOP('',(#5997,#6020,#6021,#6022));
#5997 = ORIENTED_EDGE('',*,*,#5998,.F.);
#5998 = EDGE_CURVE('',#3484,#5999,#6001,.T.);
#5999 = VERTEX_POINT('',#6000);
#6000 = CARTESIAN_POINT('',(148.,8.15,41.35));
#6001 = SURFACE_CURVE('',#6002,(#6006,#6013),.PCURVE_S1.);
#6002 = LINE('',#6003,#6004);
#6003 = CARTESIAN_POINT('',(146.5,8.15,41.35));
#6004 = VECTOR('',#6005,1.);
#6005 = DIRECTION('',(1.,0.,0.));
#6006 = PCURVE('',#3530,#6007);
#6007 = DEFINITIONAL_REPRESENTATION('',(#6008),#6012);
#6008 = LINE('',#6009,#6010);
#6009 = CARTESIAN_POINT('',(0.,0.));
#6010 = VECTOR('',#6011,1.);
#6011 = DIRECTION('',(0.,1.));
#6012 = ( GEOMETRIC_REPRESENTATION_CONTEXT(2) 
PARAMETRIC_REPRESENTATION_CONTEXT() REPRESENTATION_CONTEXT('2D SPACE',''
  ) );
#6013 = PCURVE('',#3498,#6014);
#6014 = DEFINITIONAL_REPRESENTATION('',(#6015),#6019);
#6015 = LINE('',#6016,#6017);
#6016 = CARTESIAN_POINT('',(2.8,0.));
#6017 = VECTOR('',#6018,1.);
#6018 = DIRECTION('',(0.,-1.));
#6019 = ( GEOMETRIC_REPRESENTATION_CONTEXT(2) 
PARAMETRIC_REPRESENTATION_CONTEXT() REPRESENTATION_CONTEXT('2D SPACE',''
  ) );
#6020 = ORIENTED_EDGE('',*,*,#3509,.T.);
#6021 = ORIENTED_EDGE('',*,*,#5952,.T.);
#6022 = ORIENTED_EDGE('',*,*,#6023,.F.);
#6023 = EDGE_CURVE('',#5999,#5953,#6024,.T.);
#6024 = SURFACE_CURVE('',#6025,(#6030,#6037),.PCURVE_S1.);
#6025 = CIRCLE('',#6026,1.4);
#6026 = AXIS2_PLACEMENT_3D('',#6027,#6028,#6029);
#6027 = CARTESIAN_POINT('',(148.,6.75,41.35));
#6028 = DIRECTION('',(1.,0.,0.));
#6029 = DIRECTION('',(-0.,1.,0.));
#6030 = PCURVE('',#3530,#6031);
#6031 = DEFINITIONAL_REPRESENTATION('',(#6032),#6036);
#6032 = LINE('',#6033,#6034);
#6033 = CARTESIAN_POINT('',(0.,1.5));
#6034 = VECTOR('',#6035,1.);
#6035 = DIRECTION('',(1.,0.));
#6036 = ( GEOMETRIC_REPRESENTATION_CONTEXT(2) 
PARAMETRIC_REPRESENTATION_CONTEXT() REPRESENTATION_CONTEXT('2D SPACE',''
  ) );
#6037 = PCURVE('',#4749,#6038);
#6038 = DEFINITIONAL_REPRESENTATION('',(#6039),#6043);
#6039 = CIRCLE('',#6040,1.4);
#6040 = AXIS2_PLACEMENT_2D('',#6041,#6042);
#6041 = CARTESIAN_POINT('',(0.7,-3.6));
#6042 = DIRECTION('',(0.,-1.));
#6043 = ( GEOMETRIC_REPRESENTATION_CONTEXT(2) 
PARAMETRIC_REPRESENTATION_CONTEXT() REPRESENTATION_CONTEXT('2D SPACE',''
  ) );
#6044 = ADVANCED_FACE('',(#6045),#3498,.T.);
#6045 = FACE_BOUND('',#6046,.T.);
#6046 = EDGE_LOOP('',(#6047,#6048,#6071,#6090));
#6047 = ORIENTED_EDGE('',*,*,#3483,.F.);
#6048 = ORIENTED_EDGE('',*,*,#6049,.T.);
#6049 = EDGE_CURVE('',#3451,#6050,#6052,.T.);
#6050 = VERTEX_POINT('',#6051);
#6051 = CARTESIAN_POINT('',(148.,8.15,39.95));
#6052 = SURFACE_CURVE('',#6053,(#6057,#6064),.PCURVE_S1.);
#6053 = LINE('',#6054,#6055);
#6054 = CARTESIAN_POINT('',(146.5,8.15,39.95));
#6055 = VECTOR('',#6056,1.);
#6056 = DIRECTION('',(1.,0.,0.));
#6057 = PCURVE('',#3498,#6058);
#6058 = DEFINITIONAL_REPRESENTATION('',(#6059),#6063);
#6059 = LINE('',#6060,#6061);
#6060 = CARTESIAN_POINT('',(1.4,0.));
#6061 = VECTOR('',#6062,1.);
#6062 = DIRECTION('',(0.,-1.));
#6063 = ( GEOMETRIC_REPRESENTATION_CONTEXT(2) 
PARAMETRIC_REPRESENTATION_CONTEXT() REPRESENTATION_CONTEXT('2D SPACE',''
  ) );
#6064 = PCURVE('',#3471,#6065);
#6065 = DEFINITIONAL_REPRESENTATION('',(#6066),#6070);
#6066 = LINE('',#6067,#6068);
#6067 = CARTESIAN_POINT('',(1.570796326795,0.));
#6068 = VECTOR('',#6069,1.);
#6069 = DIRECTION('',(0.,1.));
#6070 = ( GEOMETRIC_REPRESENTATION_CONTEXT(2) 
PARAMETRIC_REPRESENTATION_CONTEXT() REPRESENTATION_CONTEXT('2D SPACE',''
  ) );
#6071 = ORIENTED_EDGE('',*,*,#6072,.T.);
#6072 = EDGE_CURVE('',#6050,#5999,#6073,.T.);
#6073 = SURFACE_CURVE('',#6074,(#6078,#6084),.PCURVE_S1.);
#6074 = LINE('',#6075,#6076);
#6075 = CARTESIAN_POINT('',(148.,8.15,39.6));
#6076 = VECTOR('',#6077,1.);
#6077 = DIRECTION('',(-0.,0.,1.));
#6078 = PCURVE('',#3498,#6079);
#6079 = DEFINITIONAL_REPRESENTATION('',(#6080),#6083);
#6080 = B_SPLINE_CURVE_WITH_KNOTS('',1,(#6081,#6082),.UNSPECIFIED.,.F.,
  .F.,(2,2),(0.35,1.75),.PIECEWISE_BEZIER_KNOTS.);
#6081 = CARTESIAN_POINT('',(1.4,-1.5));
#6082 = CARTESIAN_POINT('',(2.8,-1.5));
#6083 = ( GEOMETRIC_REPRESENTATION_CONTEXT(2) 
PARAMETRIC_REPRESENTATION_CONTEXT() REPRESENTATION_CONTEXT('2D SPACE',''
  ) );
#6084 = PCURVE('',#4749,#6085);
#6085 = DEFINITIONAL_REPRESENTATION('',(#6086),#6089);
#6086 = B_SPLINE_CURVE_WITH_KNOTS('',1,(#6087,#6088),.UNSPECIFIED.,.F.,
  .F.,(2,2),(0.35,1.75),.PIECEWISE_BEZIER_KNOTS.);
#6087 = CARTESIAN_POINT('',(-0.7,-5.));
#6088 = CARTESIAN_POINT('',(0.7,-5.));
#6089 = ( GEOMETRIC_REPRESENTATION_CONTEXT(2) 
PARAMETRIC_REPRESENTATION_CONTEXT() REPRESENTATION_CONTEXT('2D SPACE',''
  ) );
#6090 = ORIENTED_EDGE('',*,*,#5998,.F.);
#6091 = ADVANCED_FACE('',(#6092),#3471,.F.);
#6092 = FACE_BOUND('',#6093,.F.);
#6093 = EDGE_LOOP('',(#6094,#6117,#6118,#6119));
#6094 = ORIENTED_EDGE('',*,*,#6095,.F.);
#6095 = EDGE_CURVE('',#3425,#6096,#6098,.T.);
#6096 = VERTEX_POINT('',#6097);
#6097 = CARTESIAN_POINT('',(148.,6.75,38.55));
#6098 = SURFACE_CURVE('',#6099,(#6103,#6110),.PCURVE_S1.);
#6099 = LINE('',#6100,#6101);
#6100 = CARTESIAN_POINT('',(146.5,6.75,38.55));
#6101 = VECTOR('',#6102,1.);
#6102 = DIRECTION('',(1.,0.,0.));
#6103 = PCURVE('',#3471,#6104);
#6104 = DEFINITIONAL_REPRESENTATION('',(#6105),#6109);
#6105 = LINE('',#6106,#6107);
#6106 = CARTESIAN_POINT('',(0.,0.));
#6107 = VECTOR('',#6108,1.);
#6108 = DIRECTION('',(0.,1.));
#6109 = ( GEOMETRIC_REPRESENTATION_CONTEXT(2) 
PARAMETRIC_REPRESENTATION_CONTEXT() REPRESENTATION_CONTEXT('2D SPACE',''
  ) );
#6110 = PCURVE('',#3439,#6111);
#6111 = DEFINITIONAL_REPRESENTATION('',(#6112),#6116);
#6112 = LINE('',#6113,#6114);
#6113 = CARTESIAN_POINT('',(8.6,0.));
#6114 = VECTOR('',#6115,1.);
#6115 = DIRECTION('',(0.,-1.));
#6116 = ( GEOMETRIC_REPRESENTATION_CONTEXT(2) 
PARAMETRIC_REPRESENTATION_CONTEXT() REPRESENTATION_CONTEXT('2D SPACE',''
  ) );
#6117 = ORIENTED_EDGE('',*,*,#3450,.T.);
#6118 = ORIENTED_EDGE('',*,*,#6049,.T.);
#6119 = ORIENTED_EDGE('',*,*,#6120,.F.);
#6120 = EDGE_CURVE('',#6096,#6050,#6121,.T.);
#6121 = SURFACE_CURVE('',#6122,(#6127,#6134),.PCURVE_S1.);
#6122 = CIRCLE('',#6123,1.4);
#6123 = AXIS2_PLACEMENT_3D('',#6124,#6125,#6126);
#6124 = CARTESIAN_POINT('',(148.,6.75,39.95));
#6125 = DIRECTION('',(1.,0.,0.));
#6126 = DIRECTION('',(0.,0.,-1.));
#6127 = PCURVE('',#3471,#6128);
#6128 = DEFINITIONAL_REPRESENTATION('',(#6129),#6133);
#6129 = LINE('',#6130,#6131);
#6130 = CARTESIAN_POINT('',(0.,1.5));
#6131 = VECTOR('',#6132,1.);
#6132 = DIRECTION('',(1.,0.));
#6133 = ( GEOMETRIC_REPRESENTATION_CONTEXT(2) 
PARAMETRIC_REPRESENTATION_CONTEXT() REPRESENTATION_CONTEXT('2D SPACE',''
  ) );
#6134 = PCURVE('',#4749,#6135);
#6135 = DEFINITIONAL_REPRESENTATION('',(#6136),#6140);
#6136 = CIRCLE('',#6137,1.4);
#6137 = AXIS2_PLACEMENT_2D('',#6138,#6139);
#6138 = CARTESIAN_POINT('',(-0.7,-3.6));
#6139 = DIRECTION('',(-1.,0.));
#6140 = ( GEOMETRIC_REPRESENTATION_CONTEXT(2) 
PARAMETRIC_REPRESENTATION_CONTEXT() REPRESENTATION_CONTEXT('2D SPACE',''
  ) );
#6141 = ADVANCED_FACE('',(#6142),#3439,.T.);
#6142 = FACE_BOUND('',#6143,.T.);
#6143 = EDGE_LOOP('',(#6144,#6145,#6146,#6165));
#6144 = ORIENTED_EDGE('',*,*,#3424,.F.);
#6145 = ORIENTED_EDGE('',*,*,#5782,.T.);
#6146 = ORIENTED_EDGE('',*,*,#6147,.T.);
#6147 = EDGE_CURVE('',#5783,#6096,#6148,.T.);
#6148 = SURFACE_CURVE('',#6149,(#6153,#6159),.PCURVE_S1.);
#6149 = LINE('',#6150,#6151);
#6150 = CARTESIAN_POINT('',(148.,0.65,38.55));
#6151 = VECTOR('',#6152,1.);
#6152 = DIRECTION('',(0.,1.,0.));
#6153 = PCURVE('',#3439,#6154);
#6154 = DEFINITIONAL_REPRESENTATION('',(#6155),#6158);
#6155 = B_SPLINE_CURVE_WITH_KNOTS('',1,(#6156,#6157),.UNSPECIFIED.,.F.,
  .F.,(2,2),(-1.1,6.1),.PIECEWISE_BEZIER_KNOTS.);
#6156 = CARTESIAN_POINT('',(1.4,-1.5));
#6157 = CARTESIAN_POINT('',(8.6,-1.5));
#6158 = ( GEOMETRIC_REPRESENTATION_CONTEXT(2) 
PARAMETRIC_REPRESENTATION_CONTEXT() REPRESENTATION_CONTEXT('2D SPACE',''
  ) );
#6159 = PCURVE('',#4749,#6160);
#6160 = DEFINITIONAL_REPRESENTATION('',(#6161),#6164);
#6161 = B_SPLINE_CURVE_WITH_KNOTS('',1,(#6162,#6163),.UNSPECIFIED.,.F.,
  .F.,(2,2),(-1.1,6.1),.PIECEWISE_BEZIER_KNOTS.);
#6162 = CARTESIAN_POINT('',(-2.1,3.6));
#6163 = CARTESIAN_POINT('',(-2.1,-3.6));
#6164 = ( GEOMETRIC_REPRESENTATION_CONTEXT(2) 
PARAMETRIC_REPRESENTATION_CONTEXT() REPRESENTATION_CONTEXT('2D SPACE',''
  ) );
#6165 = ORIENTED_EDGE('',*,*,#6095,.F.);
#6166 = ADVANCED_FACE('',(#6167),#3950,.T.);
#6167 = FACE_BOUND('',#6168,.T.);
#6168 = EDGE_LOOP('',(#6169,#6192,#6193,#6194,#6215,#6241));
#6169 = ORIENTED_EDGE('',*,*,#6170,.F.);
#6170 = EDGE_CURVE('',#4083,#6171,#6173,.T.);
#6171 = VERTEX_POINT('',#6172);
#6172 = CARTESIAN_POINT('',(109.8,3.,58.));
#6173 = SURFACE_CURVE('',#6174,(#6178,#6185),.PCURVE_S1.);
#6174 = LINE('',#6175,#6176);
#6175 = CARTESIAN_POINT('',(90.,3.,58.));
#6176 = VECTOR('',#6177,1.);
#6177 = DIRECTION('',(1.,0.,0.));
#6178 = PCURVE('',#3950,#6179);
#6179 = DEFINITIONAL_REPRESENTATION('',(#6180),#6184);
#6180 = LINE('',#6181,#6182);
#6181 = CARTESIAN_POINT('',(0.,14.));
#6182 = VECTOR('',#6183,1.);
#6183 = DIRECTION('',(1.,0.));
#6184 = ( GEOMETRIC_REPRESENTATION_CONTEXT(2) 
PARAMETRIC_REPRESENTATION_CONTEXT() REPRESENTATION_CONTEXT('2D SPACE',''
  ) );
#6185 = PCURVE('',#4097,#6186);
#6186 = DEFINITIONAL_REPRESENTATION('',(#6187),#6191);
#6187 = LINE('',#6188,#6189);
#6188 = CARTESIAN_POINT('',(21.,0.));
#6189 = VECTOR('',#6190,1.);
#6190 = DIRECTION('',(0.,1.));
#6191 = ( GEOMETRIC_REPRESENTATION_CONTEXT(2) 
PARAMETRIC_REPRESENTATION_CONTEXT() REPRESENTATION_CONTEXT('2D SPACE',''
  ) );
#6192 = ORIENTED_EDGE('',*,*,#4108,.T.);
#6193 = ORIENTED_EDGE('',*,*,#3934,.T.);
#6194 = ORIENTED_EDGE('',*,*,#6195,.T.);
#6195 = EDGE_CURVE('',#3909,#6196,#6198,.T.);
#6196 = VERTEX_POINT('',#6197);
#6197 = CARTESIAN_POINT('',(108.8,-10.99,58.));
#6198 = SURFACE_CURVE('',#6199,(#6203,#6209),.PCURVE_S1.);
#6199 = LINE('',#6200,#6201);
#6200 = CARTESIAN_POINT('',(108.8,-12.,58.));
#6201 = VECTOR('',#6202,1.);
#6202 = DIRECTION('',(0.,1.,0.));
#6203 = PCURVE('',#3950,#6204);
#6204 = DEFINITIONAL_REPRESENTATION('',(#6205),#6208);
#6205 = B_SPLINE_CURVE_WITH_KNOTS('',1,(#6206,#6207),.UNSPECIFIED.,.F.,
  .F.,(2,2),(1.,1.01),.PIECEWISE_BEZIER_KNOTS.);
#6206 = CARTESIAN_POINT('',(18.8,0.));
#6207 = CARTESIAN_POINT('',(18.8,1.E-02));
#6208 = ( GEOMETRIC_REPRESENTATION_CONTEXT(2) 
PARAMETRIC_REPRESENTATION_CONTEXT() REPRESENTATION_CONTEXT('2D SPACE',''
  ) );
#6209 = PCURVE('',#3923,#6210);
#6210 = DEFINITIONAL_REPRESENTATION('',(#6211),#6214);
#6211 = B_SPLINE_CURVE_WITH_KNOTS('',1,(#6212,#6213),.UNSPECIFIED.,.F.,
  .F.,(2,2),(1.,1.01),.PIECEWISE_BEZIER_KNOTS.);
#6212 = CARTESIAN_POINT('',(14.35,-2.));
#6213 = CARTESIAN_POINT('',(14.35,-2.01));
#6214 = ( GEOMETRIC_REPRESENTATION_CONTEXT(2) 
PARAMETRIC_REPRESENTATION_CONTEXT() REPRESENTATION_CONTEXT('2D SPACE',''
  ) );
#6215 = ORIENTED_EDGE('',*,*,#6216,.F.);
#6216 = EDGE_CURVE('',#6217,#6196,#6219,.T.);
#6217 = VERTEX_POINT('',#6218);
#6218 = CARTESIAN_POINT('',(109.8,-10.99,58.));
#6219 = SURFACE_CURVE('',#6220,(#6224,#6230),.PCURVE_S1.);
#6220 = LINE('',#6221,#6222);
#6221 = CARTESIAN_POINT('',(99.4,-10.99,58.));
#6222 = VECTOR('',#6223,1.);
#6223 = DIRECTION('',(-1.,0.,0.));
#6224 = PCURVE('',#3950,#6225);
#6225 = DEFINITIONAL_REPRESENTATION('',(#6226),#6229);
#6226 = B_SPLINE_CURVE_WITH_KNOTS('',1,(#6227,#6228),.UNSPECIFIED.,.F.,
  .F.,(2,2),(-10.4,-9.4),.PIECEWISE_BEZIER_KNOTS.);
#6227 = CARTESIAN_POINT('',(19.8,9.999999999998E-03));
#6228 = CARTESIAN_POINT('',(18.8,9.999999999998E-03));
#6229 = ( GEOMETRIC_REPRESENTATION_CONTEXT(2) 
PARAMETRIC_REPRESENTATION_CONTEXT() REPRESENTATION_CONTEXT('2D SPACE',''
  ) );
#6230 = PCURVE('',#6231,#6236);
#6231 = PLANE('',#6232);
#6232 = AXIS2_PLACEMENT_3D('',#6233,#6234,#6235);
#6233 = CARTESIAN_POINT('',(108.8,-10.99,43.65));
#6234 = DIRECTION('',(0.,1.,0.));
#6235 = DIRECTION('',(0.,0.,1.));
#6236 = DEFINITIONAL_REPRESENTATION('',(#6237),#6240);
#6237 = B_SPLINE_CURVE_WITH_KNOTS('',1,(#6238,#6239),.UNSPECIFIED.,.F.,
  .F.,(2,2),(-10.4,-9.4),.PIECEWISE_BEZIER_KNOTS.);
#6238 = CARTESIAN_POINT('',(14.35,1.));
#6239 = CARTESIAN_POINT('',(14.35,0.));
#6240 = ( GEOMETRIC_REPRESENTATION_CONTEXT(2) 
PARAMETRIC_REPRESENTATION_CONTEXT() REPRESENTATION_CONTEXT('2D SPACE',''
  ) );
#6241 = ORIENTED_EDGE('',*,*,#6242,.T.);
#6242 = EDGE_CURVE('',#6217,#6171,#6243,.T.);
#6243 = SURFACE_CURVE('',#6244,(#6248,#6255),.PCURVE_S1.);
#6244 = LINE('',#6245,#6246);
#6245 = CARTESIAN_POINT('',(109.8,-11.,58.));
#6246 = VECTOR('',#6247,1.);
#6247 = DIRECTION('',(0.,1.,0.));
#6248 = PCURVE('',#3950,#6249);
#6249 = DEFINITIONAL_REPRESENTATION('',(#6250),#6254);
#6250 = LINE('',#6251,#6252);
#6251 = CARTESIAN_POINT('',(19.8,0.));
#6252 = VECTOR('',#6253,1.);
#6253 = DIRECTION('',(0.,1.));
#6254 = ( GEOMETRIC_REPRESENTATION_CONTEXT(2) 
PARAMETRIC_REPRESENTATION_CONTEXT() REPRESENTATION_CONTEXT('2D SPACE',''
  ) );
#6255 = PCURVE('',#3818,#6256);
#6256 = DEFINITIONAL_REPRESENTATION('',(#6257),#6261);
#6257 = LINE('',#6258,#6259);
#6258 = CARTESIAN_POINT('',(21.,0.));
#6259 = VECTOR('',#6260,1.);
#6260 = DIRECTION('',(0.,-1.));
#6261 = ( GEOMETRIC_REPRESENTATION_CONTEXT(2) 
PARAMETRIC_REPRESENTATION_CONTEXT() REPRESENTATION_CONTEXT('2D SPACE',''
  ) );
#6262 = ADVANCED_FACE('',(#6263),#3923,.T.);
#6263 = FACE_BOUND('',#6264,.T.);
#6264 = EDGE_LOOP('',(#6265,#6288,#6316,#6339,#6360,#6361));
#6265 = ORIENTED_EDGE('',*,*,#6266,.F.);
#6266 = EDGE_CURVE('',#6267,#3883,#6269,.T.);
#6267 = VERTEX_POINT('',#6268);
#6268 = CARTESIAN_POINT('',(108.8,-13.,60.35));
#6269 = SURFACE_CURVE('',#6270,(#6274,#6281),.PCURVE_S1.);
#6270 = LINE('',#6271,#6272);
#6271 = CARTESIAN_POINT('',(108.8,-13.,60.35));
#6272 = VECTOR('',#6273,1.);
#6273 = DIRECTION('',(0.,1.,0.));
#6274 = PCURVE('',#3923,#6275);
#6275 = DEFINITIONAL_REPRESENTATION('',(#6276),#6280);
#6276 = LINE('',#6277,#6278);
#6277 = CARTESIAN_POINT('',(16.7,0.));
#6278 = VECTOR('',#6279,1.);
#6279 = DIRECTION('',(0.,-1.));
#6280 = ( GEOMETRIC_REPRESENTATION_CONTEXT(2) 
PARAMETRIC_REPRESENTATION_CONTEXT() REPRESENTATION_CONTEXT('2D SPACE',''
  ) );
#6281 = PCURVE('',#3897,#6282);
#6282 = DEFINITIONAL_REPRESENTATION('',(#6283),#6287);
#6283 = LINE('',#6284,#6285);
#6284 = CARTESIAN_POINT('',(0.,0.));
#6285 = VECTOR('',#6286,1.);
#6286 = DIRECTION('',(0.,1.));
#6287 = ( GEOMETRIC_REPRESENTATION_CONTEXT(2) 
PARAMETRIC_REPRESENTATION_CONTEXT() REPRESENTATION_CONTEXT('2D SPACE',''
  ) );
#6288 = ORIENTED_EDGE('',*,*,#6289,.F.);
#6289 = EDGE_CURVE('',#6290,#6267,#6292,.T.);
#6290 = VERTEX_POINT('',#6291);
#6291 = CARTESIAN_POINT('',(108.8,-13.,43.65));
#6292 = SURFACE_CURVE('',#6293,(#6297,#6304),.PCURVE_S1.);
#6293 = LINE('',#6294,#6295);
#6294 = CARTESIAN_POINT('',(108.8,-13.,43.65));
#6295 = VECTOR('',#6296,1.);
#6296 = DIRECTION('',(0.,0.,1.));
#6297 = PCURVE('',#3923,#6298);
#6298 = DEFINITIONAL_REPRESENTATION('',(#6299),#6303);
#6299 = LINE('',#6300,#6301);
#6300 = CARTESIAN_POINT('',(0.,0.));
#6301 = VECTOR('',#6302,1.);
#6302 = DIRECTION('',(1.,0.));
#6303 = ( GEOMETRIC_REPRESENTATION_CONTEXT(2) 
PARAMETRIC_REPRESENTATION_CONTEXT() REPRESENTATION_CONTEXT('2D SPACE',''
  ) );
#6304 = PCURVE('',#6305,#6310);
#6305 = PLANE('',#6306);
#6306 = AXIS2_PLACEMENT_3D('',#6307,#6308,#6309);
#6307 = CARTESIAN_POINT('',(108.8,-13.,43.65));
#6308 = DIRECTION('',(0.,1.,0.));
#6309 = DIRECTION('',(0.,0.,1.));
#6310 = DEFINITIONAL_REPRESENTATION('',(#6311),#6315);
#6311 = LINE('',#6312,#6313);
#6312 = CARTESIAN_POINT('',(0.,0.));
#6313 = VECTOR('',#6314,1.);
#6314 = DIRECTION('',(1.,0.));
#6315 = ( GEOMETRIC_REPRESENTATION_CONTEXT(2) 
PARAMETRIC_REPRESENTATION_CONTEXT() REPRESENTATION_CONTEXT('2D SPACE',''
  ) );
#6316 = ORIENTED_EDGE('',*,*,#6317,.T.);
#6317 = EDGE_CURVE('',#6290,#6318,#6320,.T.);
#6318 = VERTEX_POINT('',#6319);
#6319 = CARTESIAN_POINT('',(108.8,-10.99,43.65));
#6320 = SURFACE_CURVE('',#6321,(#6325,#6332),.PCURVE_S1.);
#6321 = LINE('',#6322,#6323);
#6322 = CARTESIAN_POINT('',(108.8,-13.,43.65));
#6323 = VECTOR('',#6324,1.);
#6324 = DIRECTION('',(0.,1.,0.));
#6325 = PCURVE('',#3923,#6326);
#6326 = DEFINITIONAL_REPRESENTATION('',(#6327),#6331);
#6327 = LINE('',#6328,#6329);
#6328 = CARTESIAN_POINT('',(0.,0.));
#6329 = VECTOR('',#6330,1.);
#6330 = DIRECTION('',(0.,-1.));
#6331 = ( GEOMETRIC_REPRESENTATION_CONTEXT(2) 
PARAMETRIC_REPRESENTATION_CONTEXT() REPRESENTATION_CONTEXT('2D SPACE',''
  ) );
#6332 = PCURVE('',#3845,#6333);
#6333 = DEFINITIONAL_REPRESENTATION('',(#6334),#6338);
#6334 = LINE('',#6335,#6336);
#6335 = CARTESIAN_POINT('',(0.,0.));
#6336 = VECTOR('',#6337,1.);
#6337 = DIRECTION('',(0.,1.));
#6338 = ( GEOMETRIC_REPRESENTATION_CONTEXT(2) 
PARAMETRIC_REPRESENTATION_CONTEXT() REPRESENTATION_CONTEXT('2D SPACE',''
  ) );
#6339 = ORIENTED_EDGE('',*,*,#6340,.T.);
#6340 = EDGE_CURVE('',#6318,#6196,#6341,.T.);
#6341 = SURFACE_CURVE('',#6342,(#6346,#6353),.PCURVE_S1.);
#6342 = LINE('',#6343,#6344);
#6343 = CARTESIAN_POINT('',(108.8,-10.99,43.65));
#6344 = VECTOR('',#6345,1.);
#6345 = DIRECTION('',(0.,0.,1.));
#6346 = PCURVE('',#3923,#6347);
#6347 = DEFINITIONAL_REPRESENTATION('',(#6348),#6352);
#6348 = LINE('',#6349,#6350);
#6349 = CARTESIAN_POINT('',(0.,-2.01));
#6350 = VECTOR('',#6351,1.);
#6351 = DIRECTION('',(1.,0.));
#6352 = ( GEOMETRIC_REPRESENTATION_CONTEXT(2) 
PARAMETRIC_REPRESENTATION_CONTEXT() REPRESENTATION_CONTEXT('2D SPACE',''
  ) );
#6353 = PCURVE('',#6231,#6354);
#6354 = DEFINITIONAL_REPRESENTATION('',(#6355),#6359);
#6355 = LINE('',#6356,#6357);
#6356 = CARTESIAN_POINT('',(0.,0.));
#6357 = VECTOR('',#6358,1.);
#6358 = DIRECTION('',(1.,0.));
#6359 = ( GEOMETRIC_REPRESENTATION_CONTEXT(2) 
PARAMETRIC_REPRESENTATION_CONTEXT() REPRESENTATION_CONTEXT('2D SPACE',''
  ) );
#6360 = ORIENTED_EDGE('',*,*,#6195,.F.);
#6361 = ORIENTED_EDGE('',*,*,#3908,.F.);
#6362 = ADVANCED_FACE('',(#6363),#3897,.F.);
#6363 = FACE_BOUND('',#6364,.F.);
#6364 = EDGE_LOOP('',(#6365,#6366,#6389,#6410));
#6365 = ORIENTED_EDGE('',*,*,#6266,.F.);
#6366 = ORIENTED_EDGE('',*,*,#6367,.T.);
#6367 = EDGE_CURVE('',#6267,#6368,#6370,.T.);
#6368 = VERTEX_POINT('',#6369);
#6369 = CARTESIAN_POINT('',(141.4,-13.,60.35));
#6370 = SURFACE_CURVE('',#6371,(#6375,#6382),.PCURVE_S1.);
#6371 = LINE('',#6372,#6373);
#6372 = CARTESIAN_POINT('',(108.8,-13.,60.35));
#6373 = VECTOR('',#6374,1.);
#6374 = DIRECTION('',(1.,0.,0.));
#6375 = PCURVE('',#3897,#6376);
#6376 = DEFINITIONAL_REPRESENTATION('',(#6377),#6381);
#6377 = LINE('',#6378,#6379);
#6378 = CARTESIAN_POINT('',(0.,0.));
#6379 = VECTOR('',#6380,1.);
#6380 = DIRECTION('',(1.,0.));
#6381 = ( GEOMETRIC_REPRESENTATION_CONTEXT(2) 
PARAMETRIC_REPRESENTATION_CONTEXT() REPRESENTATION_CONTEXT('2D SPACE',''
  ) );
#6382 = PCURVE('',#6305,#6383);
#6383 = DEFINITIONAL_REPRESENTATION('',(#6384),#6388);
#6384 = LINE('',#6385,#6386);
#6385 = CARTESIAN_POINT('',(16.7,0.));
#6386 = VECTOR('',#6387,1.);
#6387 = DIRECTION('',(0.,1.));
#6388 = ( GEOMETRIC_REPRESENTATION_CONTEXT(2) 
PARAMETRIC_REPRESENTATION_CONTEXT() REPRESENTATION_CONTEXT('2D SPACE',''
  ) );
#6389 = ORIENTED_EDGE('',*,*,#6390,.T.);
#6390 = EDGE_CURVE('',#6368,#3857,#6391,.T.);
#6391 = SURFACE_CURVE('',#6392,(#6396,#6403),.PCURVE_S1.);
#6392 = LINE('',#6393,#6394);
#6393 = CARTESIAN_POINT('',(141.4,-13.,60.35));
#6394 = VECTOR('',#6395,1.);
#6395 = DIRECTION('',(0.,1.,0.));
#6396 = PCURVE('',#3897,#6397);
#6397 = DEFINITIONAL_REPRESENTATION('',(#6398),#6402);
#6398 = LINE('',#6399,#6400);
#6399 = CARTESIAN_POINT('',(32.6,0.));
#6400 = VECTOR('',#6401,1.);
#6401 = DIRECTION('',(0.,1.));
#6402 = ( GEOMETRIC_REPRESENTATION_CONTEXT(2) 
PARAMETRIC_REPRESENTATION_CONTEXT() REPRESENTATION_CONTEXT('2D SPACE',''
  ) );
#6403 = PCURVE('',#3871,#6404);
#6404 = DEFINITIONAL_REPRESENTATION('',(#6405),#6409);
#6405 = LINE('',#6406,#6407);
#6406 = CARTESIAN_POINT('',(16.7,0.));
#6407 = VECTOR('',#6408,1.);
#6408 = DIRECTION('',(0.,-1.));
#6409 = ( GEOMETRIC_REPRESENTATION_CONTEXT(2) 
PARAMETRIC_REPRESENTATION_CONTEXT() REPRESENTATION_CONTEXT('2D SPACE',''
  ) );
#6410 = ORIENTED_EDGE('',*,*,#3882,.F.);
#6411 = ADVANCED_FACE('',(#6412),#3871,.F.);
#6412 = FACE_BOUND('',#6413,.F.);
#6413 = EDGE_LOOP('',(#6414,#6415,#6438,#6459));
#6414 = ORIENTED_EDGE('',*,*,#6390,.F.);
#6415 = ORIENTED_EDGE('',*,*,#6416,.F.);
#6416 = EDGE_CURVE('',#6417,#6368,#6419,.T.);
#6417 = VERTEX_POINT('',#6418);
#6418 = CARTESIAN_POINT('',(141.4,-13.,43.65));
#6419 = SURFACE_CURVE('',#6420,(#6424,#6431),.PCURVE_S1.);
#6420 = LINE('',#6421,#6422);
#6421 = CARTESIAN_POINT('',(141.4,-13.,43.65));
#6422 = VECTOR('',#6423,1.);
#6423 = DIRECTION('',(0.,0.,1.));
#6424 = PCURVE('',#3871,#6425);
#6425 = DEFINITIONAL_REPRESENTATION('',(#6426),#6430);
#6426 = LINE('',#6427,#6428);
#6427 = CARTESIAN_POINT('',(0.,0.));
#6428 = VECTOR('',#6429,1.);
#6429 = DIRECTION('',(1.,0.));
#6430 = ( GEOMETRIC_REPRESENTATION_CONTEXT(2) 
PARAMETRIC_REPRESENTATION_CONTEXT() REPRESENTATION_CONTEXT('2D SPACE',''
  ) );
#6431 = PCURVE('',#6305,#6432);
#6432 = DEFINITIONAL_REPRESENTATION('',(#6433),#6437);
#6433 = LINE('',#6434,#6435);
#6434 = CARTESIAN_POINT('',(0.,32.6));
#6435 = VECTOR('',#6436,1.);
#6436 = DIRECTION('',(1.,0.));
#6437 = ( GEOMETRIC_REPRESENTATION_CONTEXT(2) 
PARAMETRIC_REPRESENTATION_CONTEXT() REPRESENTATION_CONTEXT('2D SPACE',''
  ) );
#6438 = ORIENTED_EDGE('',*,*,#6439,.T.);
#6439 = EDGE_CURVE('',#6417,#3831,#6440,.T.);
#6440 = SURFACE_CURVE('',#6441,(#6445,#6452),.PCURVE_S1.);
#6441 = LINE('',#6442,#6443);
#6442 = CARTESIAN_POINT('',(141.4,-13.,43.65));
#6443 = VECTOR('',#6444,1.);
#6444 = DIRECTION('',(0.,1.,0.));
#6445 = PCURVE('',#3871,#6446);
#6446 = DEFINITIONAL_REPRESENTATION('',(#6447),#6451);
#6447 = LINE('',#6448,#6449);
#6448 = CARTESIAN_POINT('',(0.,0.));
#6449 = VECTOR('',#6450,1.);
#6450 = DIRECTION('',(0.,-1.));
#6451 = ( GEOMETRIC_REPRESENTATION_CONTEXT(2) 
PARAMETRIC_REPRESENTATION_CONTEXT() REPRESENTATION_CONTEXT('2D SPACE',''
  ) );
#6452 = PCURVE('',#3845,#6453);
#6453 = DEFINITIONAL_REPRESENTATION('',(#6454),#6458);
#6454 = LINE('',#6455,#6456);
#6455 = CARTESIAN_POINT('',(32.6,0.));
#6456 = VECTOR('',#6457,1.);
#6457 = DIRECTION('',(0.,1.));
#6458 = ( GEOMETRIC_REPRESENTATION_CONTEXT(2) 
PARAMETRIC_REPRESENTATION_CONTEXT() REPRESENTATION_CONTEXT('2D SPACE',''
  ) );
#6459 = ORIENTED_EDGE('',*,*,#3856,.F.);
#6460 = ADVANCED_FACE('',(#6461),#3845,.T.);
#6461 = FACE_BOUND('',#6462,.T.);
#6462 = EDGE_LOOP('',(#6463,#6486,#6487,#6508,#6509,#6510));
#6463 = ORIENTED_EDGE('',*,*,#6464,.F.);
#6464 = EDGE_CURVE('',#6318,#6465,#6467,.T.);
#6465 = VERTEX_POINT('',#6466);
#6466 = CARTESIAN_POINT('',(109.8,-10.99,43.65));
#6467 = SURFACE_CURVE('',#6468,(#6472,#6479),.PCURVE_S1.);
#6468 = LINE('',#6469,#6470);
#6469 = CARTESIAN_POINT('',(108.8,-10.99,43.65));
#6470 = VECTOR('',#6471,1.);
#6471 = DIRECTION('',(1.,0.,0.));
#6472 = PCURVE('',#3845,#6473);
#6473 = DEFINITIONAL_REPRESENTATION('',(#6474),#6478);
#6474 = LINE('',#6475,#6476);
#6475 = CARTESIAN_POINT('',(0.,2.01));
#6476 = VECTOR('',#6477,1.);
#6477 = DIRECTION('',(1.,0.));
#6478 = ( GEOMETRIC_REPRESENTATION_CONTEXT(2) 
PARAMETRIC_REPRESENTATION_CONTEXT() REPRESENTATION_CONTEXT('2D SPACE',''
  ) );
#6479 = PCURVE('',#6231,#6480);
#6480 = DEFINITIONAL_REPRESENTATION('',(#6481),#6485);
#6481 = LINE('',#6482,#6483);
#6482 = CARTESIAN_POINT('',(0.,0.));
#6483 = VECTOR('',#6484,1.);
#6484 = DIRECTION('',(0.,1.));
#6485 = ( GEOMETRIC_REPRESENTATION_CONTEXT(2) 
PARAMETRIC_REPRESENTATION_CONTEXT() REPRESENTATION_CONTEXT('2D SPACE',''
  ) );
#6486 = ORIENTED_EDGE('',*,*,#6317,.F.);
#6487 = ORIENTED_EDGE('',*,*,#6488,.T.);
#6488 = EDGE_CURVE('',#6290,#6417,#6489,.T.);
#6489 = SURFACE_CURVE('',#6490,(#6494,#6501),.PCURVE_S1.);
#6490 = LINE('',#6491,#6492);
#6491 = CARTESIAN_POINT('',(108.8,-13.,43.65));
#6492 = VECTOR('',#6493,1.);
#6493 = DIRECTION('',(1.,0.,0.));
#6494 = PCURVE('',#3845,#6495);
#6495 = DEFINITIONAL_REPRESENTATION('',(#6496),#6500);
#6496 = LINE('',#6497,#6498);
#6497 = CARTESIAN_POINT('',(0.,0.));
#6498 = VECTOR('',#6499,1.);
#6499 = DIRECTION('',(1.,0.));
#6500 = ( GEOMETRIC_REPRESENTATION_CONTEXT(2) 
PARAMETRIC_REPRESENTATION_CONTEXT() REPRESENTATION_CONTEXT('2D SPACE',''
  ) );
#6501 = PCURVE('',#6305,#6502);
#6502 = DEFINITIONAL_REPRESENTATION('',(#6503),#6507);
#6503 = LINE('',#6504,#6505);
#6504 = CARTESIAN_POINT('',(0.,0.));
#6505 = VECTOR('',#6506,1.);
#6506 = DIRECTION('',(0.,1.));
#6507 = ( GEOMETRIC_REPRESENTATION_CONTEXT(2) 
PARAMETRIC_REPRESENTATION_CONTEXT() REPRESENTATION_CONTEXT('2D SPACE',''
  ) );
#6508 = ORIENTED_EDGE('',*,*,#6439,.T.);
#6509 = ORIENTED_EDGE('',*,*,#3830,.F.);
#6510 = ORIENTED_EDGE('',*,*,#6511,.F.);
#6511 = EDGE_CURVE('',#6465,#3803,#6512,.T.);
#6512 = SURFACE_CURVE('',#6513,(#6517,#6523),.PCURVE_S1.);
#6513 = LINE('',#6514,#6515);
#6514 = CARTESIAN_POINT('',(109.8,-12.,43.65));
#6515 = VECTOR('',#6516,1.);
#6516 = DIRECTION('',(0.,-1.,0.));
#6517 = PCURVE('',#3845,#6518);
#6518 = DEFINITIONAL_REPRESENTATION('',(#6519),#6522);
#6519 = B_SPLINE_CURVE_WITH_KNOTS('',1,(#6520,#6521),.UNSPECIFIED.,.F.,
  .F.,(2,2),(-1.01,-1.),.PIECEWISE_BEZIER_KNOTS.);
#6520 = CARTESIAN_POINT('',(1.,2.01));
#6521 = CARTESIAN_POINT('',(1.,2.));
#6522 = ( GEOMETRIC_REPRESENTATION_CONTEXT(2) 
PARAMETRIC_REPRESENTATION_CONTEXT() REPRESENTATION_CONTEXT('2D SPACE',''
  ) );
#6523 = PCURVE('',#3818,#6524);
#6524 = DEFINITIONAL_REPRESENTATION('',(#6525),#6528);
#6525 = B_SPLINE_CURVE_WITH_KNOTS('',1,(#6526,#6527),.UNSPECIFIED.,.F.,
  .F.,(2,2),(-1.01,-1.),.PIECEWISE_BEZIER_KNOTS.);
#6526 = CARTESIAN_POINT('',(6.65,-1.E-02));
#6527 = CARTESIAN_POINT('',(6.65,0.));
#6528 = ( GEOMETRIC_REPRESENTATION_CONTEXT(2) 
PARAMETRIC_REPRESENTATION_CONTEXT() REPRESENTATION_CONTEXT('2D SPACE',''
  ) );
#6529 = ADVANCED_FACE('',(#6530,#6576),#3818,.T.);
#6530 = FACE_BOUND('',#6531,.T.);
#6531 = EDGE_LOOP('',(#6532,#6533,#6534,#6555,#6556,#6575));
#6532 = ORIENTED_EDGE('',*,*,#3802,.F.);
#6533 = ORIENTED_EDGE('',*,*,#5755,.T.);
#6534 = ORIENTED_EDGE('',*,*,#6535,.T.);
#6535 = EDGE_CURVE('',#5735,#6171,#6536,.T.);
#6536 = SURFACE_CURVE('',#6537,(#6541,#6548),.PCURVE_S1.);
#6537 = LINE('',#6538,#6539);
#6538 = CARTESIAN_POINT('',(109.8,3.,37.));
#6539 = VECTOR('',#6540,1.);
#6540 = DIRECTION('',(0.,0.,1.));
#6541 = PCURVE('',#3818,#6542);
#6542 = DEFINITIONAL_REPRESENTATION('',(#6543),#6547);
#6543 = LINE('',#6544,#6545);
#6544 = CARTESIAN_POINT('',(0.,-14.));
#6545 = VECTOR('',#6546,1.);
#6546 = DIRECTION('',(1.,0.));
#6547 = ( GEOMETRIC_REPRESENTATION_CONTEXT(2) 
PARAMETRIC_REPRESENTATION_CONTEXT() REPRESENTATION_CONTEXT('2D SPACE',''
  ) );
#6548 = PCURVE('',#4097,#6549);
#6549 = DEFINITIONAL_REPRESENTATION('',(#6550),#6554);
#6550 = LINE('',#6551,#6552);
#6551 = CARTESIAN_POINT('',(0.,19.8));
#6552 = VECTOR('',#6553,1.);
#6553 = DIRECTION('',(1.,0.));
#6554 = ( GEOMETRIC_REPRESENTATION_CONTEXT(2) 
PARAMETRIC_REPRESENTATION_CONTEXT() REPRESENTATION_CONTEXT('2D SPACE',''
  ) );
#6555 = ORIENTED_EDGE('',*,*,#6242,.F.);
#6556 = ORIENTED_EDGE('',*,*,#6557,.F.);
#6557 = EDGE_CURVE('',#6465,#6217,#6558,.T.);
#6558 = SURFACE_CURVE('',#6559,(#6563,#6569),.PCURVE_S1.);
#6559 = LINE('',#6560,#6561);
#6560 = CARTESIAN_POINT('',(109.8,-10.99,40.325));
#6561 = VECTOR('',#6562,1.);
#6562 = DIRECTION('',(0.,0.,1.));
#6563 = PCURVE('',#3818,#6564);
#6564 = DEFINITIONAL_REPRESENTATION('',(#6565),#6568);
#6565 = B_SPLINE_CURVE_WITH_KNOTS('',1,(#6566,#6567),.UNSPECIFIED.,.F.,
  .F.,(2,2),(3.325,17.675),.PIECEWISE_BEZIER_KNOTS.);
#6566 = CARTESIAN_POINT('',(6.65,-9.999999999998E-03));
#6567 = CARTESIAN_POINT('',(21.,-9.999999999998E-03));
#6568 = ( GEOMETRIC_REPRESENTATION_CONTEXT(2) 
PARAMETRIC_REPRESENTATION_CONTEXT() REPRESENTATION_CONTEXT('2D SPACE',''
  ) );
#6569 = PCURVE('',#6231,#6570);
#6570 = DEFINITIONAL_REPRESENTATION('',(#6571),#6574);
#6571 = B_SPLINE_CURVE_WITH_KNOTS('',1,(#6572,#6573),.UNSPECIFIED.,.F.,
  .F.,(2,2),(3.325,17.675),.PIECEWISE_BEZIER_KNOTS.);
#6572 = CARTESIAN_POINT('',(0.,1.));
#6573 = CARTESIAN_POINT('',(14.35,1.));
#6574 = ( GEOMETRIC_REPRESENTATION_CONTEXT(2) 
PARAMETRIC_REPRESENTATION_CONTEXT() REPRESENTATION_CONTEXT('2D SPACE',''
  ) );
#6575 = ORIENTED_EDGE('',*,*,#6511,.T.);
#6576 = FACE_BOUND('',#6577,.T.);
#6577 = EDGE_LOOP('',(#6578));
#6578 = ORIENTED_EDGE('',*,*,#6579,.T.);
#6579 = EDGE_CURVE('',#6580,#6580,#6582,.T.);
#6580 = VERTEX_POINT('',#6581);
#6581 = CARTESIAN_POINT('',(109.8,1.05,52.));
#6582 = SURFACE_CURVE('',#6583,(#6588,#6599),.PCURVE_S1.);
#6583 = CIRCLE('',#6584,5.05);
#6584 = AXIS2_PLACEMENT_3D('',#6585,#6586,#6587);
#6585 = CARTESIAN_POINT('',(109.8,-4.,52.));
#6586 = DIRECTION('',(-1.,0.,0.));
#6587 = DIRECTION('',(0.,1.,0.));
#6588 = PCURVE('',#3818,#6589);
#6589 = DEFINITIONAL_REPRESENTATION('',(#6590),#6598);
#6590 = ( BOUNDED_CURVE() B_SPLINE_CURVE(2,(#6591,#6592,#6593,#6594,
#6595,#6596,#6597),.UNSPECIFIED.,.T.,.F.) B_SPLINE_CURVE_WITH_KNOTS((1,2
    ,2,2,2,1),(-2.094395102393,0.,2.094395102393,4.188790204786,
6.28318530718,8.377580409573),.UNSPECIFIED.) CURVE() 
GEOMETRIC_REPRESENTATION_ITEM() RATIONAL_B_SPLINE_CURVE((1.,0.5,1.,0.5,
1.,0.5,1.)) REPRESENTATION_ITEM('') );
#6591 = CARTESIAN_POINT('',(15.,-12.05));
#6592 = CARTESIAN_POINT('',(6.253143421777,-12.05));
#6593 = CARTESIAN_POINT('',(10.626571710889,-4.475));
#6594 = CARTESIAN_POINT('',(15.,3.1));
#6595 = CARTESIAN_POINT('',(19.373428289111,-4.475));
#6596 = CARTESIAN_POINT('',(23.746856578223,-12.05));
#6597 = CARTESIAN_POINT('',(15.,-12.05));
#6598 = ( GEOMETRIC_REPRESENTATION_CONTEXT(2) 
PARAMETRIC_REPRESENTATION_CONTEXT() REPRESENTATION_CONTEXT('2D SPACE',''
  ) );
#6599 = PCURVE('',#6600,#6605);
#6600 = CYLINDRICAL_SURFACE('',#6601,5.05);
#6601 = AXIS2_PLACEMENT_3D('',#6602,#6603,#6604);
#6602 = CARTESIAN_POINT('',(101.5,-4.,52.));
#6603 = DIRECTION('',(-1.,-0.,-0.));
#6604 = DIRECTION('',(0.,1.,0.));
#6605 = DEFINITIONAL_REPRESENTATION('',(#6606),#6610);
#6606 = LINE('',#6607,#6608);
#6607 = CARTESIAN_POINT('',(-6.28318530718,-8.3));
#6608 = VECTOR('',#6609,1.);
#6609 = DIRECTION('',(1.,-0.));
#6610 = ( GEOMETRIC_REPRESENTATION_CONTEXT(2) 
PARAMETRIC_REPRESENTATION_CONTEXT() REPRESENTATION_CONTEXT('2D SPACE',''
  ) );
#6611 = ADVANCED_FACE('',(#6612),#4097,.T.);
#6612 = FACE_BOUND('',#6613,.T.);
#6613 = EDGE_LOOP('',(#6614,#6615,#6616,#6617));
#6614 = ORIENTED_EDGE('',*,*,#6535,.F.);
#6615 = ORIENTED_EDGE('',*,*,#5734,.T.);
#6616 = ORIENTED_EDGE('',*,*,#4082,.F.);
#6617 = ORIENTED_EDGE('',*,*,#6170,.T.);
#6618 = ADVANCED_FACE('',(#6619),#4334,.T.);
#6619 = FACE_BOUND('',#6620,.T.);
#6620 = EDGE_LOOP('',(#6621));
#6621 = ORIENTED_EDGE('',*,*,#4317,.T.);
#6622 = ADVANCED_FACE('',(#6623),#4411,.T.);
#6623 = FACE_BOUND('',#6624,.T.);
#6624 = EDGE_LOOP('',(#6625));
#6625 = ORIENTED_EDGE('',*,*,#4396,.T.);
#6626 = ADVANCED_FACE('',(#6627),#4466,.F.);
#6627 = FACE_BOUND('',#6628,.F.);
#6628 = EDGE_LOOP('',(#6629));
#6629 = ORIENTED_EDGE('',*,*,#4451,.T.);
#6630 = ADVANCED_FACE('',(#6631),#4521,.T.);
#6631 = FACE_BOUND('',#6632,.T.);
#6632 = EDGE_LOOP('',(#6633));
#6633 = ORIENTED_EDGE('',*,*,#4506,.T.);
#6634 = ADVANCED_FACE('',(#6635),#4576,.T.);
#6635 = FACE_BOUND('',#6636,.T.);
#6636 = EDGE_LOOP('',(#6637));
#6637 = ORIENTED_EDGE('',*,*,#4561,.T.);
#6638 = ADVANCED_FACE('',(#6639),#4631,.F.);
#6639 = FACE_BOUND('',#6640,.F.);
#6640 = EDGE_LOOP('',(#6641));
#6641 = ORIENTED_EDGE('',*,*,#4616,.T.);
#6642 = ADVANCED_FACE('',(#6643),#4686,.F.);
#6643 = FACE_BOUND('',#6644,.F.);
#6644 = EDGE_LOOP('',(#6645));
#6645 = ORIENTED_EDGE('',*,*,#4671,.T.);
#6646 = ADVANCED_FACE('',(#6647,#6657),#4749,.T.);
#6647 = FACE_BOUND('',#6648,.T.);
#6648 = EDGE_LOOP('',(#6649,#6650,#6651,#6652,#6653,#6654,#6655,#6656));
#6649 = ORIENTED_EDGE('',*,*,#5087,.T.);
#6650 = ORIENTED_EDGE('',*,*,#4732,.T.);
#6651 = ORIENTED_EDGE('',*,*,#4786,.T.);
#6652 = ORIENTED_EDGE('',*,*,#4836,.T.);
#6653 = ORIENTED_EDGE('',*,*,#4885,.T.);
#6654 = ORIENTED_EDGE('',*,*,#4935,.T.);
#6655 = ORIENTED_EDGE('',*,*,#4984,.T.);
#6656 = ORIENTED_EDGE('',*,*,#5056,.F.);
#6657 = FACE_BOUND('',#6658,.T.);
#6658 = EDGE_LOOP('',(#6659,#6660,#6661,#6662,#6663,#6664,#6665,#6666));
#6659 = ORIENTED_EDGE('',*,*,#6120,.F.);
#6660 = ORIENTED_EDGE('',*,*,#6147,.F.);
#6661 = ORIENTED_EDGE('',*,*,#5829,.F.);
#6662 = ORIENTED_EDGE('',*,*,#5878,.F.);
#6663 = ORIENTED_EDGE('',*,*,#5926,.F.);
#6664 = ORIENTED_EDGE('',*,*,#5975,.F.);
#6665 = ORIENTED_EDGE('',*,*,#6023,.F.);
#6666 = ORIENTED_EDGE('',*,*,#6072,.F.);
#6667 = ADVANCED_FACE('',(#6668,#6672),#5133,.T.);
#6668 = FACE_BOUND('',#6669,.T.);
#6669 = EDGE_LOOP('',(#6670,#6671));
#6670 = ORIENTED_EDGE('',*,*,#5675,.F.);
#6671 = ORIENTED_EDGE('',*,*,#5193,.F.);
#6672 = FACE_BOUND('',#6673,.T.);
#6673 = EDGE_LOOP('',(#6674,#6675));
#6674 = ORIENTED_EDGE('',*,*,#5145,.F.);
#6675 = ORIENTED_EDGE('',*,*,#5114,.F.);
#6676 = ADVANCED_FACE('',(#6677),#5310,.F.);
#6677 = FACE_BOUND('',#6678,.T.);
#6678 = EDGE_LOOP('',(#6679,#6680,#6703,#6730,#6731,#6732));
#6679 = ORIENTED_EDGE('',*,*,#5346,.F.);
#6680 = ORIENTED_EDGE('',*,*,#6681,.T.);
#6681 = EDGE_CURVE('',#5247,#6682,#6684,.T.);
#6682 = VERTEX_POINT('',#6683);
#6683 = CARTESIAN_POINT('',(101.5,5.E-02,52.));
#6684 = SEAM_CURVE('',#6685,(#6689,#6696),.PCURVE_S1.);
#6685 = LINE('',#6686,#6687);
#6686 = CARTESIAN_POINT('',(90.,5.E-02,52.));
#6687 = VECTOR('',#6688,1.);
#6688 = DIRECTION('',(1.,0.,0.));
#6689 = PCURVE('',#5310,#6690);
#6690 = DEFINITIONAL_REPRESENTATION('',(#6691),#6695);
#6691 = LINE('',#6692,#6693);
#6692 = CARTESIAN_POINT('',(-6.28318530718,0.));
#6693 = VECTOR('',#6694,1.);
#6694 = DIRECTION('',(-0.,-1.));
#6695 = ( GEOMETRIC_REPRESENTATION_CONTEXT(2) 
PARAMETRIC_REPRESENTATION_CONTEXT() REPRESENTATION_CONTEXT('2D SPACE',''
  ) );
#6696 = PCURVE('',#5310,#6697);
#6697 = DEFINITIONAL_REPRESENTATION('',(#6698),#6702);
#6698 = LINE('',#6699,#6700);
#6699 = CARTESIAN_POINT('',(-0.,0.));
#6700 = VECTOR('',#6701,1.);
#6701 = DIRECTION('',(-0.,-1.));
#6702 = ( GEOMETRIC_REPRESENTATION_CONTEXT(2) 
PARAMETRIC_REPRESENTATION_CONTEXT() REPRESENTATION_CONTEXT('2D SPACE',''
  ) );
#6703 = ORIENTED_EDGE('',*,*,#6704,.T.);
#6704 = EDGE_CURVE('',#6682,#6682,#6705,.T.);
#6705 = SURFACE_CURVE('',#6706,(#6711,#6718),.PCURVE_S1.);
#6706 = CIRCLE('',#6707,4.05);
#6707 = AXIS2_PLACEMENT_3D('',#6708,#6709,#6710);
#6708 = CARTESIAN_POINT('',(101.5,-4.,52.));
#6709 = DIRECTION('',(1.,0.,0.));
#6710 = DIRECTION('',(0.,1.,0.));
#6711 = PCURVE('',#5310,#6712);
#6712 = DEFINITIONAL_REPRESENTATION('',(#6713),#6717);
#6713 = LINE('',#6714,#6715);
#6714 = CARTESIAN_POINT('',(-0.,-11.5));
#6715 = VECTOR('',#6716,1.);
#6716 = DIRECTION('',(-1.,0.));
#6717 = ( GEOMETRIC_REPRESENTATION_CONTEXT(2) 
PARAMETRIC_REPRESENTATION_CONTEXT() REPRESENTATION_CONTEXT('2D SPACE',''
  ) );
#6718 = PCURVE('',#6719,#6724);
#6719 = PLANE('',#6720);
#6720 = AXIS2_PLACEMENT_3D('',#6721,#6722,#6723);
#6721 = CARTESIAN_POINT('',(101.5,-4.,52.));
#6722 = DIRECTION('',(1.,0.,0.));
#6723 = DIRECTION('',(-0.,0.,1.));
#6724 = DEFINITIONAL_REPRESENTATION('',(#6725),#6729);
#6725 = CIRCLE('',#6726,4.05);
#6726 = AXIS2_PLACEMENT_2D('',#6727,#6728);
#6727 = CARTESIAN_POINT('',(0.,-8.881784197001E-16));
#6728 = DIRECTION('',(0.,-1.));
#6729 = ( GEOMETRIC_REPRESENTATION_CONTEXT(2) 
PARAMETRIC_REPRESENTATION_CONTEXT() REPRESENTATION_CONTEXT('2D SPACE',''
  ) );
#6730 = ORIENTED_EDGE('',*,*,#6681,.F.);
#6731 = ORIENTED_EDGE('',*,*,#5246,.F.);
#6732 = ORIENTED_EDGE('',*,*,#5491,.F.);
#6733 = ADVANCED_FACE('',(#6734),#6231,.F.);
#6734 = FACE_BOUND('',#6735,.F.);
#6735 = EDGE_LOOP('',(#6736,#6737,#6738,#6739));
#6736 = ORIENTED_EDGE('',*,*,#6464,.F.);
#6737 = ORIENTED_EDGE('',*,*,#6340,.T.);
#6738 = ORIENTED_EDGE('',*,*,#6216,.F.);
#6739 = ORIENTED_EDGE('',*,*,#6557,.F.);
#6740 = ADVANCED_FACE('',(#6741),#6305,.T.);
#6741 = FACE_BOUND('',#6742,.T.);
#6742 = EDGE_LOOP('',(#6743,#6744,#6745,#6746));
#6743 = ORIENTED_EDGE('',*,*,#6488,.F.);
#6744 = ORIENTED_EDGE('',*,*,#6289,.T.);
#6745 = ORIENTED_EDGE('',*,*,#6367,.T.);
#6746 = ORIENTED_EDGE('',*,*,#6416,.F.);
#6747 = ADVANCED_FACE('',(#6748),#6600,.F.);
#6748 = FACE_BOUND('',#6749,.T.);
#6749 = EDGE_LOOP('',(#6750,#6774,#6795,#6796));
#6750 = ORIENTED_EDGE('',*,*,#6751,.F.);
#6751 = EDGE_CURVE('',#6752,#6752,#6754,.T.);
#6752 = VERTEX_POINT('',#6753);
#6753 = CARTESIAN_POINT('',(101.5,1.05,52.));
#6754 = SURFACE_CURVE('',#6755,(#6760,#6767),.PCURVE_S1.);
#6755 = CIRCLE('',#6756,5.05);
#6756 = AXIS2_PLACEMENT_3D('',#6757,#6758,#6759);
#6757 = CARTESIAN_POINT('',(101.5,-4.,52.));
#6758 = DIRECTION('',(1.,0.,0.));
#6759 = DIRECTION('',(0.,1.,0.));
#6760 = PCURVE('',#6600,#6761);
#6761 = DEFINITIONAL_REPRESENTATION('',(#6762),#6766);
#6762 = LINE('',#6763,#6764);
#6763 = CARTESIAN_POINT('',(-0.,0.));
#6764 = VECTOR('',#6765,1.);
#6765 = DIRECTION('',(-1.,0.));
#6766 = ( GEOMETRIC_REPRESENTATION_CONTEXT(2) 
PARAMETRIC_REPRESENTATION_CONTEXT() REPRESENTATION_CONTEXT('2D SPACE',''
  ) );
#6767 = PCURVE('',#6719,#6768);
#6768 = DEFINITIONAL_REPRESENTATION('',(#6769),#6773);
#6769 = CIRCLE('',#6770,5.05);
#6770 = AXIS2_PLACEMENT_2D('',#6771,#6772);
#6771 = CARTESIAN_POINT('',(0.,-8.881784197001E-16));
#6772 = DIRECTION('',(0.,-1.));
#6773 = ( GEOMETRIC_REPRESENTATION_CONTEXT(2) 
PARAMETRIC_REPRESENTATION_CONTEXT() REPRESENTATION_CONTEXT('2D SPACE',''
  ) );
#6774 = ORIENTED_EDGE('',*,*,#6775,.T.);
#6775 = EDGE_CURVE('',#6752,#6580,#6776,.T.);
#6776 = SEAM_CURVE('',#6777,(#6781,#6788),.PCURVE_S1.);
#6777 = LINE('',#6778,#6779);
#6778 = CARTESIAN_POINT('',(101.5,1.05,52.));
#6779 = VECTOR('',#6780,1.);
#6780 = DIRECTION('',(1.,0.,0.));
#6781 = PCURVE('',#6600,#6782);
#6782 = DEFINITIONAL_REPRESENTATION('',(#6783),#6787);
#6783 = LINE('',#6784,#6785);
#6784 = CARTESIAN_POINT('',(-6.28318530718,0.));
#6785 = VECTOR('',#6786,1.);
#6786 = DIRECTION('',(-0.,-1.));
#6787 = ( GEOMETRIC_REPRESENTATION_CONTEXT(2) 
PARAMETRIC_REPRESENTATION_CONTEXT() REPRESENTATION_CONTEXT('2D SPACE',''
  ) );
#6788 = PCURVE('',#6600,#6789);
#6789 = DEFINITIONAL_REPRESENTATION('',(#6790),#6794);
#6790 = LINE('',#6791,#6792);
#6791 = CARTESIAN_POINT('',(-0.,0.));
#6792 = VECTOR('',#6793,1.);
#6793 = DIRECTION('',(-0.,-1.));
#6794 = ( GEOMETRIC_REPRESENTATION_CONTEXT(2) 
PARAMETRIC_REPRESENTATION_CONTEXT() REPRESENTATION_CONTEXT('2D SPACE',''
  ) );
#6795 = ORIENTED_EDGE('',*,*,#6579,.F.);
#6796 = ORIENTED_EDGE('',*,*,#6775,.F.);
#6797 = ADVANCED_FACE('',(#6798,#6801),#6719,.T.);
#6798 = FACE_BOUND('',#6799,.T.);
#6799 = EDGE_LOOP('',(#6800));
#6800 = ORIENTED_EDGE('',*,*,#6751,.T.);
#6801 = FACE_BOUND('',#6802,.T.);
#6802 = EDGE_LOOP('',(#6803));
#6803 = ORIENTED_EDGE('',*,*,#6704,.F.);
#6804 = ( GEOMETRIC_REPRESENTATION_CONTEXT(3) 
GLOBAL_UNCERTAINTY_ASSIGNED_CONTEXT((#6808)) 
GLOBAL_UNIT_ASSIGNED_CONTEXT((#6805,#6806,#6807)) REPRESENTATION_CONTEXT
('Context #1','3D Context with UNIT and UNCERTAINTY') );
#6805 = ( LENGTH_UNIT() NAMED_UNIT(*) SI_UNIT(.MILLI.,.METRE.) );
#6806 = ( NAMED_UNIT(*) PLANE_ANGLE_UNIT() SI_UNIT($,.RADIAN.) );
#6807 = ( NAMED_UNIT(*) SI_UNIT($,.STERADIAN.) SOLID_ANGLE_UNIT() );
#6808 = UNCERTAINTY_MEASURE_WITH_UNIT(LENGTH_MEASURE(1.E-07),#6805,
  'distance_accuracy_value','confusion accuracy');
#6809 = PRODUCT_RELATED_PRODUCT_CATEGORY('part',$,(#7));
ENDSEC;
END-ISO-10303-21;
