ISO-10303-21;
HEADER;
FILE_DESCRIPTION(('Open CASCADE Model'),'2;1');
FILE_NAME('Open CASCADE Shape Model','2026-09-11T17:05:55',('Author'),(
    'Open CASCADE'),'Open CASCADE STEP processor 7.9','Open CASCADE 7.9'
  ,'Unknown');
FILE_SCHEMA(('AUTOMOTIVE_DESIGN { 1 0 10303 214 1 1 1 1 }'));
ENDSEC;
DATA;
#1 = APPLICATION_PROTOCOL_DEFINITION('international standard',
  'automotive_design',2000,#2);
#2 = APPLICATION_CONTEXT(
  'core data for automotive mechanical design processes');
#3 = SHAPE_DEFINITION_REPRESENTATION(#4,#10);
#4 = PRODUCT_DEFINITION_SHAPE('','',#5);
#5 = PRODUCT_DEFINITION('design','',#6,#9);
#6 = PRODUCT_DEFINITION_FORMATION('','',#7);
#7 = PRODUCT('Open CASCADE STEP translator 7.9 1',
  'Open CASCADE STEP translator 7.9 1','',(#8));
#8 = PRODUCT_CONTEXT('',#2,'mechanical');
#9 = PRODUCT_DEFINITION_CONTEXT('part definition',#2,'design');
#10 = ADVANCED_BREP_SHAPE_REPRESENTATION('',(#11,#15),#8611);
#11 = AXIS2_PLACEMENT_3D('',#12,#13,#14);
#12 = CARTESIAN_POINT('',(0.,0.,0.));
#13 = DIRECTION('',(0.,0.,1.));
#14 = DIRECTION('',(1.,0.,-0.));
#15 = MANIFOLD_SOLID_BREP('',#16);
#16 = CLOSED_SHELL('',(#17,#1857,#1912,#2428,#7136,#7191,#7195,#7221,
    #7270,#7317,#7343,#7392,#7447,#7451,#7477,#7526,#7581,#7585,#7611,
    #7660,#7715,#7719,#7766,#7792,#7841,#7867,#7916,#7942,#7991,#8046,
    #8050,#8105,#8109,#8184,#8258,#8285,#8312,#8339,#8366,#8393,#8420,
    #8447,#8474,#8501,#8548,#8576,#8604));
#17 = ADVANCED_FACE('',(#18,#141,#312,#486,#657,#828,#999,#1173,#1344,
    #1515,#1686),#33,.T.);
#18 = FACE_BOUND('',#19,.F.);
#19 = EDGE_LOOP('',(#20,#56,#83,#116));
#20 = ORIENTED_EDGE('',*,*,#21,.F.);
#21 = EDGE_CURVE('',#22,#24,#26,.T.);
#22 = VERTEX_POINT('',#23);
#23 = CARTESIAN_POINT('',(0.,-5.832380380939E-15,-31.75));
#24 = VERTEX_POINT('',#25);
#25 = CARTESIAN_POINT('',(0.,1.944126793646E-15,31.75));
#26 = SURFACE_CURVE('',#27,(#32,#44),.PCURVE_S1.);
#27 = CIRCLE('',#28,31.75);
#28 = AXIS2_PLACEMENT_3D('',#29,#30,#31);
#29 = CARTESIAN_POINT('',(0.,0.,0.));
#30 = DIRECTION('',(1.,0.,0.));
#31 = DIRECTION('',(0.,-1.836970198721E-16,-1.));
#32 = PCURVE('',#33,#38);
#33 = CYLINDRICAL_SURFACE('',#34,31.75);
#34 = AXIS2_PLACEMENT_3D('',#35,#36,#37);
#35 = CARTESIAN_POINT('',(0.,0.,0.));
#36 = DIRECTION('',(-1.,-0.,-0.));
#37 = DIRECTION('',(0.,1.,0.));
#38 = DEFINITIONAL_REPRESENTATION('',(#39),#43);
#39 = LINE('',#40,#41);
#40 = CARTESIAN_POINT('',(-4.712388980385,0.));
#41 = VECTOR('',#42,1.);
#42 = DIRECTION('',(-1.,0.));
#43 = ( GEOMETRIC_REPRESENTATION_CONTEXT(2) 
PARAMETRIC_REPRESENTATION_CONTEXT() REPRESENTATION_CONTEXT('2D SPACE',''
  ) );
#44 = PCURVE('',#45,#50);
#45 = PLANE('',#46);
#46 = AXIS2_PLACEMENT_3D('',#47,#48,#49);
#47 = CARTESIAN_POINT('',(0.,-6.891036888388E-16,1.460330226257E-15));
#48 = DIRECTION('',(1.,0.,0.));
#49 = DIRECTION('',(-0.,0.,1.));
#50 = DEFINITIONAL_REPRESENTATION('',(#51),#55);
#51 = CIRCLE('',#52,31.75);
#52 = AXIS2_PLACEMENT_2D('',#53,#54);
#53 = CARTESIAN_POINT('',(-1.460330226257E-15,-6.891036888388E-16));
#54 = DIRECTION('',(-1.,1.836970198721E-16));
#55 = ( GEOMETRIC_REPRESENTATION_CONTEXT(2) 
PARAMETRIC_REPRESENTATION_CONTEXT() REPRESENTATION_CONTEXT('2D SPACE',''
  ) );
#56 = ORIENTED_EDGE('',*,*,#57,.F.);
#57 = EDGE_CURVE('',#58,#22,#60,.T.);
#58 = VERTEX_POINT('',#59);
#59 = CARTESIAN_POINT('',(150.,-5.832380380939E-15,-31.75));
#60 = SURFACE_CURVE('',#61,(#65,#71),.PCURVE_S1.);
#61 = LINE('',#62,#63);
#62 = CARTESIAN_POINT('',(0.,0.,-31.75));
#63 = VECTOR('',#64,1.);
#64 = DIRECTION('',(-1.,-0.,-0.));
#65 = PCURVE('',#33,#66);
#66 = DEFINITIONAL_REPRESENTATION('',(#67),#70);
#67 = B_SPLINE_CURVE_WITH_KNOTS('',1,(#68,#69),.UNSPECIFIED.,.F.,.F.,(2,
    2),(-150.,0.),.PIECEWISE_BEZIER_KNOTS.);
#68 = CARTESIAN_POINT('',(-4.712388980385,-150.));
#69 = CARTESIAN_POINT('',(-4.712388980385,0.));
#70 = ( GEOMETRIC_REPRESENTATION_CONTEXT(2) 
PARAMETRIC_REPRESENTATION_CONTEXT() REPRESENTATION_CONTEXT('2D SPACE',''
  ) );
#71 = PCURVE('',#72,#77);
#72 = PLANE('',#73);
#73 = AXIS2_PLACEMENT_3D('',#74,#75,#76);
#74 = CARTESIAN_POINT('',(-10.,0.,-200.));
#75 = DIRECTION('',(0.,1.,0.));
#76 = DIRECTION('',(0.,0.,1.));
#77 = DEFINITIONAL_REPRESENTATION('',(#78),#82);
#78 = LINE('',#79,#80);
#79 = CARTESIAN_POINT('',(168.25,10.));
#80 = VECTOR('',#81,1.);
#81 = DIRECTION('',(0.,-1.));
#82 = ( GEOMETRIC_REPRESENTATION_CONTEXT(2) 
PARAMETRIC_REPRESENTATION_CONTEXT() REPRESENTATION_CONTEXT('2D SPACE',''
  ) );
#83 = ORIENTED_EDGE('',*,*,#84,.F.);
#84 = EDGE_CURVE('',#85,#58,#87,.T.);
#85 = VERTEX_POINT('',#86);
#86 = CARTESIAN_POINT('',(150.,1.944126793646E-15,31.75));
#87 = SURFACE_CURVE('',#88,(#93,#100),.PCURVE_S1.);
#88 = CIRCLE('',#89,31.75);
#89 = AXIS2_PLACEMENT_3D('',#90,#91,#92);
#90 = CARTESIAN_POINT('',(150.,0.,0.));
#91 = DIRECTION('',(-1.,0.,0.));
#92 = DIRECTION('',(0.,6.123233995737E-17,1.));
#93 = PCURVE('',#33,#94);
#94 = DEFINITIONAL_REPRESENTATION('',(#95),#99);
#95 = LINE('',#96,#97);
#96 = CARTESIAN_POINT('',(-7.853981633974,-150.));
#97 = VECTOR('',#98,1.);
#98 = DIRECTION('',(1.,-0.));
#99 = ( GEOMETRIC_REPRESENTATION_CONTEXT(2) 
PARAMETRIC_REPRESENTATION_CONTEXT() REPRESENTATION_CONTEXT('2D SPACE',''
  ) );
#100 = PCURVE('',#101,#106);
#101 = PLANE('',#102);
#102 = AXIS2_PLACEMENT_3D('',#103,#104,#105);
#103 = CARTESIAN_POINT('',(150.,-6.891036888388E-16,1.460330226257E-15)
  );
#104 = DIRECTION('',(1.,0.,0.));
#105 = DIRECTION('',(-0.,0.,1.));
#106 = DEFINITIONAL_REPRESENTATION('',(#107),#115);
#107 = ( BOUNDED_CURVE() B_SPLINE_CURVE(2,(#108,#109,#110,#111,#112,#113
,#114),.UNSPECIFIED.,.T.,.F.) B_SPLINE_CURVE_WITH_KNOTS((1,2,2,2,2,1),(
    -2.094395102393,0.,2.094395102393,4.188790204786,6.28318530718,
8.377580409573),.UNSPECIFIED.) CURVE() GEOMETRIC_REPRESENTATION_ITEM() 
RATIONAL_B_SPLINE_CURVE((1.,0.5,1.,0.5,1.,0.5,1.)) REPRESENTATION_ITEM(
  '') );
#108 = CARTESIAN_POINT('',(31.75,-2.633230482485E-15));
#109 = CARTESIAN_POINT('',(31.75,-54.99261314031));
#110 = CARTESIAN_POINT('',(-15.875,-27.49630657015));
#111 = CARTESIAN_POINT('',(-63.5,-4.577357276132E-15));
#112 = CARTESIAN_POINT('',(-15.875,27.496306570156));
#113 = CARTESIAN_POINT('',(31.75,54.992613140312));
#114 = CARTESIAN_POINT('',(31.75,-2.633230482485E-15));
#115 = ( GEOMETRIC_REPRESENTATION_CONTEXT(2) 
PARAMETRIC_REPRESENTATION_CONTEXT() REPRESENTATION_CONTEXT('2D SPACE',''
  ) );
#116 = ORIENTED_EDGE('',*,*,#117,.T.);
#117 = EDGE_CURVE('',#85,#24,#118,.T.);
#118 = SURFACE_CURVE('',#119,(#123,#129),.PCURVE_S1.);
#119 = LINE('',#120,#121);
#120 = CARTESIAN_POINT('',(0.,0.,31.75));
#121 = VECTOR('',#122,1.);
#122 = DIRECTION('',(-1.,-0.,-0.));
#123 = PCURVE('',#33,#124);
#124 = DEFINITIONAL_REPRESENTATION('',(#125),#128);
#125 = B_SPLINE_CURVE_WITH_KNOTS('',1,(#126,#127),.UNSPECIFIED.,.F.,.F.,
  (2,2),(-150.,-0.),.PIECEWISE_BEZIER_KNOTS.);
#126 = CARTESIAN_POINT('',(-7.853981633974,-150.));
#127 = CARTESIAN_POINT('',(-7.853981633974,0.));
#128 = ( GEOMETRIC_REPRESENTATION_CONTEXT(2) 
PARAMETRIC_REPRESENTATION_CONTEXT() REPRESENTATION_CONTEXT('2D SPACE',''
  ) );
#129 = PCURVE('',#130,#135);
#130 = PLANE('',#131);
#131 = AXIS2_PLACEMENT_3D('',#132,#133,#134);
#132 = CARTESIAN_POINT('',(-10.,0.,-200.));
#133 = DIRECTION('',(0.,1.,0.));
#134 = DIRECTION('',(0.,0.,1.));
#135 = DEFINITIONAL_REPRESENTATION('',(#136),#140);
#136 = LINE('',#137,#138);
#137 = CARTESIAN_POINT('',(231.75,10.));
#138 = VECTOR('',#139,1.);
#139 = DIRECTION('',(0.,-1.));
#140 = ( GEOMETRIC_REPRESENTATION_CONTEXT(2) 
PARAMETRIC_REPRESENTATION_CONTEXT() REPRESENTATION_CONTEXT('2D SPACE',''
  ) );
#141 = FACE_BOUND('',#142,.F.);
#142 = EDGE_LOOP('',(#143));
#143 = ORIENTED_EDGE('',*,*,#144,.F.);
#144 = EDGE_CURVE('',#145,#145,#147,.T.);
#145 = VERTEX_POINT('',#146);
#146 = CARTESIAN_POINT('',(101.7,10.,-30.13407539646));
#147 = SURFACE_CURVE('',#148,(#199,#253),.PCURVE_S1.);
#148 = B_SPLINE_CURVE_WITH_KNOTS('',7,(#149,#150,#151,#152,#153,#154,
    #155,#156,#157,#158,#159,#160,#161,#162,#163,#164,#165,#166,#167,
    #168,#169,#170,#171,#172,#173,#174,#175,#176,#177,#178,#179,#180,
    #181,#182,#183,#184,#185,#186,#187,#188,#189,#190,#191,#192,#193,
    #194,#195,#196,#197,#198),.UNSPECIFIED.,.T.,.F.,(8,6,6,6,6,6,6,6,8),
  (0.,0.143400934918,0.271729534793,0.422103226257,0.553255714219,
    0.668327562584,0.783428337547,0.912078577703,1.),.UNSPECIFIED.);
#149 = CARTESIAN_POINT('',(101.7,10.,-30.13407539646));
#150 = CARTESIAN_POINT('',(101.7,10.228435662413,-30.05826896822));
#151 = CARTESIAN_POINT('',(101.66418845898,10.45220533128,
    -29.98176811615));
#152 = CARTESIAN_POINT('',(101.59519707395,10.664764119743,
    -29.90688633605));
#153 = CARTESIAN_POINT('',(101.49698828072,10.86046719511,
    -29.83602011051));
#154 = CARTESIAN_POINT('',(101.37472468553,11.034854673827,
    -29.77145060762));
#155 = CARTESIAN_POINT('',(101.2345972527,11.184973914474,-29.7149242858
    ));
#156 = CARTESIAN_POINT('',(100.9485128836,11.421643487213,
    -29.62470030884));
#157 = CARTESIAN_POINT('',(100.80295389624,11.514675170173,
    -29.5886716865));
#158 = CARTESIAN_POINT('',(100.64961838796,11.58894153542,
    -29.55957080915));
#159 = CARTESIAN_POINT('',(100.49074423156,11.644519372997,
    -29.53762378291));
#160 = CARTESIAN_POINT('',(100.32830372441,11.681512904336,
    -29.52295981265));
#161 = CARTESIAN_POINT('',(100.16413018121,11.7,-29.51563145182));
#162 = CARTESIAN_POINT('',(99.80767450706,11.7,-29.51563145182));
#163 = CARTESIAN_POINT('',(99.615219434071,11.674615672695,
    -29.52569378184));
#164 = CARTESIAN_POINT('',(99.425516263717,11.623782972363,
    -29.54584397967));
#165 = CARTESIAN_POINT('',(99.241574736515,11.54734277786,
    -29.57598543763));
#166 = CARTESIAN_POINT('',(99.066722617698,11.44514506194,
    -29.61585840058));
#167 = CARTESIAN_POINT('',(98.904830773846,11.317156970803,
    -29.66498472521));
#168 = CARTESIAN_POINT('',(98.635092291269,11.029914661684,
    -29.77287213656));
#169 = CARTESIAN_POINT('',(98.521424197621,10.875088417734,
    -29.83022236187));
#170 = CARTESIAN_POINT('',(98.425776332802,10.700959378761,
    -29.89357336709));
#171 = CARTESIAN_POINT('',(98.353101686584,10.510865291982,
    -29.9611848749));
#172 = CARTESIAN_POINT('',(98.307132781298,10.309304295848,
    -30.0309978663));
#173 = CARTESIAN_POINT('',(98.290249395385,10.101556770028,
    -30.10098180826));
#174 = CARTESIAN_POINT('',(98.314852900218,9.710495259152,
    -30.22922055188));
#175 = CARTESIAN_POINT('',(98.349319466014,9.529189278035,
    -30.28724489409));
#176 = CARTESIAN_POINT('',(98.406525631032,9.352818948054,
    -30.34227229083));
#177 = CARTESIAN_POINT('',(98.485598702451,9.184763519887,
    -30.39341124261));
#178 = CARTESIAN_POINT('',(98.585048802229,9.028221848198,
    -30.43996650176));
#179 = CARTESIAN_POINT('',(98.702806317232,8.886083998561,
    -30.48142079115));
#180 = CARTESIAN_POINT('',(98.969767072501,8.635391162762,-30.5533881966
    ));
#181 = CARTESIAN_POINT('',(99.118997742695,8.526828216867,
    -30.58390371969));
#182 = CARTESIAN_POINT('',(99.281427255177,8.437419980367,
    -30.60858597973));
#183 = CARTESIAN_POINT('',(99.454113124859,8.369038497131,
    -30.62722390516));
#184 = CARTESIAN_POINT('',(99.633775419197,8.32300265881,-30.63969126906
    ));
#185 = CARTESIAN_POINT('',(99.816917907895,8.3,-30.6459214252));
#186 = CARTESIAN_POINT('',(100.20463420098,8.3,-30.6459214252));
#187 = CARTESIAN_POINT('',(100.40964183399,8.328736981842,
    -30.63813838355));
#188 = CARTESIAN_POINT('',(100.61179582486,8.38640589292,-30.62251986628
    ));
#189 = CARTESIAN_POINT('',(100.80758427563,8.473516524563,
    -30.59874429536));
#190 = CARTESIAN_POINT('',(100.99288378362,8.590677611139,-30.5662786028
    ));
#191 = CARTESIAN_POINT('',(101.16259751783,8.738354330209,
    -30.52438484146));
#192 = CARTESIAN_POINT('',(101.41052235995,9.038043982836,
    -30.43669381895));
#193 = CARTESIAN_POINT('',(101.50131465371,9.174635768782,
    -30.39611049376));
#194 = CARTESIAN_POINT('',(101.57831168192,9.324592240033,
    -30.35072880618));
#195 = CARTESIAN_POINT('',(101.63840770911,9.485414729499,
    -30.30099249486));
#196 = CARTESIAN_POINT('',(101.67938974632,9.653959079057,
    -30.24761885754));
#197 = CARTESIAN_POINT('',(101.7,9.826704435268,-30.19158357033));
#198 = CARTESIAN_POINT('',(101.7,10.,-30.13407539646));
#199 = PCURVE('',#33,#200);
#200 = DEFINITIONAL_REPRESENTATION('',(#201),#252);
#201 = B_SPLINE_CURVE_WITH_KNOTS('',7,(#202,#203,#204,#205,#206,#207,
    #208,#209,#210,#211,#212,#213,#214,#215,#216,#217,#218,#219,#220,
    #221,#222,#223,#224,#225,#226,#227,#228,#229,#230,#231,#232,#233,
    #234,#235,#236,#237,#238,#239,#240,#241,#242,#243,#244,#245,#246,
    #247,#248,#249,#250,#251),.UNSPECIFIED.,.F.,.F.,(8,6,6,6,6,6,6,6,8),
  (0.,0.143400934918,0.271729534793,0.422103226257,0.553255714219,
    0.668327562584,0.783428337547,0.912078577703,1.),.UNSPECIFIED.);
#202 = CARTESIAN_POINT('',(-5.032804152869,-101.7));
#203 = CARTESIAN_POINT('',(-5.040384795693,-101.7));
#204 = CARTESIAN_POINT('',(-5.047832847387,-101.6641884589));
#205 = CARTESIAN_POINT('',(-5.054930415248,-101.5951970739));
#206 = CARTESIAN_POINT('',(-5.061485612804,-101.4969882807));
#207 = CARTESIAN_POINT('',(-5.0673424003,-101.3747246855));
#208 = CARTESIAN_POINT('',(-5.072394605537,-101.2345972527));
#209 = CARTESIAN_POINT('',(-5.080372058585,-100.9485128836));
#210 = CARTESIAN_POINT('',(-5.083514203897,-100.8029538962));
#211 = CARTESIAN_POINT('',(-5.086026447685,-100.6496183879));
#212 = CARTESIAN_POINT('',(-5.087908468995,-100.4907442315));
#213 = CARTESIAN_POINT('',(-5.089161819851,-100.3283037244));
#214 = CARTESIAN_POINT('',(-5.089788169992,-100.1641301812));
#215 = CARTESIAN_POINT('',(-5.089788169992,-99.80767450706));
#216 = CARTESIAN_POINT('',(-5.088928140164,-99.61521943407));
#217 = CARTESIAN_POINT('',(-5.087205909638,-99.42551626371));
#218 = CARTESIAN_POINT('',(-5.084617938071,-99.24157473651));
#219 = CARTESIAN_POINT('',(-5.081162853508,-99.06672261769));
#220 = CARTESIAN_POINT('',(-5.076845092253,-98.90483077384));
#221 = CARTESIAN_POINT('',(-5.067180991583,-98.63509229126));
#222 = CARTESIAN_POINT('',(-5.061980835835,-98.52142419762));
#223 = CARTESIAN_POINT('',(-5.056144930391,-98.4257763328));
#224 = CARTESIAN_POINT('',(-5.049790623237,-98.35310168658));
#225 = CARTESIAN_POINT('',(-5.04307261969,-98.30713278129));
#226 = CARTESIAN_POINT('',(-5.036168320675,-98.29024939538));
#227 = CARTESIAN_POINT('',(-5.023206082348,-98.31485290021));
#228 = CARTESIAN_POINT('',(-5.01721049899,-98.34931946601));
#229 = CARTESIAN_POINT('',(-5.011391681964,-98.40652563103));
#230 = CARTESIAN_POINT('',(-5.005859175529,-98.48559870245));
#231 = CARTESIAN_POINT('',(-5.000715430307,-98.58504880222));
#232 = CARTESIAN_POINT('',(-4.996052178891,-98.70280631723));
#233 = CARTESIAN_POINT('',(-4.987837428092,-98.9697670725));
#234 = CARTESIAN_POINT('',(-4.984285667703,-99.11899774269));
#235 = CARTESIAN_POINT('',(-4.981364359677,-99.28142725517));
#236 = CARTESIAN_POINT('',(-4.979132054033,-99.45411312485));
#237 = CARTESIAN_POINT('',(-4.97762987175,-99.63377541919));
#238 = CARTESIAN_POINT('',(-4.976879276585,-99.81691790789));
#239 = CARTESIAN_POINT('',(-4.976879276585,-100.2046342009));
#240 = CARTESIAN_POINT('',(-4.977816986968,-100.4096418339));
#241 = CARTESIAN_POINT('',(-4.979698765068,-100.6117958248));
#242 = CARTESIAN_POINT('',(-4.982542759689,-100.8075842756));
#243 = CARTESIAN_POINT('',(-4.986371860442,-100.9928837836));
#244 = CARTESIAN_POINT('',(-4.991206470234,-101.1625975178));
#245 = CARTESIAN_POINT('',(-5.001041294479,-101.4105223599));
#246 = CARTESIAN_POINT('',(-5.005529232294,-101.5013146537));
#247 = CARTESIAN_POINT('',(-5.010463709599,-101.5783116819));
#248 = CARTESIAN_POINT('',(-5.015765493236,-101.6384077091));
#249 = CARTESIAN_POINT('',(-5.021333576118,-101.6793897463));
#250 = CARTESIAN_POINT('',(-5.027053335482,-101.7));
#251 = CARTESIAN_POINT('',(-5.032804152869,-101.7));
#252 = ( GEOMETRIC_REPRESENTATION_CONTEXT(2) 
PARAMETRIC_REPRESENTATION_CONTEXT() REPRESENTATION_CONTEXT('2D SPACE',''
  ) );
#253 = PCURVE('',#254,#259);
#254 = CYLINDRICAL_SURFACE('',#255,1.7);
#255 = AXIS2_PLACEMENT_3D('',#256,#257,#258);
#256 = CARTESIAN_POINT('',(100.,10.,0.));
#257 = DIRECTION('',(0.,0.,1.));
#258 = DIRECTION('',(1.,0.,0.));
#259 = DEFINITIONAL_REPRESENTATION('',(#260),#311);
#260 = B_SPLINE_CURVE_WITH_KNOTS('',7,(#261,#262,#263,#264,#265,#266,
    #267,#268,#269,#270,#271,#272,#273,#274,#275,#276,#277,#278,#279,
    #280,#281,#282,#283,#284,#285,#286,#287,#288,#289,#290,#291,#292,
    #293,#294,#295,#296,#297,#298,#299,#300,#301,#302,#303,#304,#305,
    #306,#307,#308,#309,#310),.UNSPECIFIED.,.F.,.F.,(8,6,6,6,6,6,6,6,8),
  (0.,0.143400934918,0.271729534793,0.422103226257,0.553255714219,
    0.668327562584,0.783428337547,0.912078577703,1.),.UNSPECIFIED.);
#261 = CARTESIAN_POINT('',(0.,-30.13407539646));
#262 = CARTESIAN_POINT('',(0.134373919066,-30.05826896822));
#263 = CARTESIAN_POINT('',(0.266003192629,-29.98176811615));
#264 = CARTESIAN_POINT('',(0.395000334178,-29.90688633605));
#265 = CARTESIAN_POINT('',(0.521281804951,-29.83602011051));
#266 = CARTESIAN_POINT('',(0.644585803362,-29.77145060762));
#267 = CARTESIAN_POINT('',(0.764385512185,-29.7149242858));
#268 = CARTESIAN_POINT('',(0.982791781745,-29.62470030884));
#269 = CARTESIAN_POINT('',(1.083648953981,-29.5886716865));
#270 = CARTESIAN_POINT('',(1.182783105103,-29.55957080915));
#271 = CARTESIAN_POINT('',(1.280654940494,-29.53762378291));
#272 = CARTESIAN_POINT('',(1.377675883139,-29.52295981265));
#273 = CARTESIAN_POINT('',(1.474249161376,-29.51563145182));
#274 = CARTESIAN_POINT('',(1.683928969701,-29.51563145182));
#275 = CARTESIAN_POINT('',(1.797137622079,-29.52569378184));
#276 = CARTESIAN_POINT('',(1.911093764201,-29.54584397967));
#277 = CARTESIAN_POINT('',(2.026402082483,-29.57598543763));
#278 = CARTESIAN_POINT('',(2.143731955332,-29.61585840058));
#279 = CARTESIAN_POINT('',(2.263803837411,-29.66498472521));
#280 = CARTESIAN_POINT('',(2.495591678248,-29.77287213656));
#281 = CARTESIAN_POINT('',(2.60775327708,-29.83022236187));
#282 = CARTESIAN_POINT('',(2.722991822173,-29.89357336709));
#283 = CARTESIAN_POINT('',(2.840656530412,-29.9611848749));
#284 = CARTESIAN_POINT('',(2.960312824919,-30.0309978663));
#285 = CARTESIAN_POINT('',(3.081652448032,-30.10098180826));
#286 = CARTESIAN_POINT('',(3.312143452246,-30.22922055188));
#287 = CARTESIAN_POINT('',(3.419856344751,-30.28724489409));
#288 = CARTESIAN_POINT('',(3.527554425087,-30.34227229083));
#289 = CARTESIAN_POINT('',(3.63525750427,-30.39341124261));
#290 = CARTESIAN_POINT('',(3.742979535539,-30.43996650176));
#291 = CARTESIAN_POINT('',(3.850709376821,-30.48142079115));
#292 = CARTESIAN_POINT('',(4.066131183036,-30.5533881966));
#293 = CARTESIAN_POINT('',(4.173837479095,-30.58390371969));
#294 = CARTESIAN_POINT('',(4.281532900513,-30.60858597973));
#295 = CARTESIAN_POINT('',(4.389238129151,-30.62722390516));
#296 = CARTESIAN_POINT('',(4.496963093801,-30.63969126906));
#297 = CARTESIAN_POINT('',(4.604693632088,-30.6459214252));
#298 = CARTESIAN_POINT('',(4.832762039789,-30.6459214252));
#299 = CARTESIAN_POINT('',(4.953354178401,-30.63813838355));
#300 = CARTESIAN_POINT('',(5.0751198463,-30.62251986628));
#301 = CARTESIAN_POINT('',(5.198877012591,-30.59874429536));
#302 = CARTESIAN_POINT('',(5.325555855171,-30.5662786028));
#303 = CARTESIAN_POINT('',(5.456124836347,-30.52438484146));
#304 = CARTESIAN_POINT('',(5.684917829343,-30.43669381895));
#305 = CARTESIAN_POINT('',(5.780869598339,-30.39611049376));
#306 = CARTESIAN_POINT('',(5.879017385521,-30.35072880618));
#307 = CARTESIAN_POINT('',(5.978756412159,-30.30099249486));
#308 = CARTESIAN_POINT('',(6.079632356481,-30.24761885754));
#309 = CARTESIAN_POINT('',(6.18124673969,-30.19158357033));
#310 = CARTESIAN_POINT('',(6.28318530718,-30.13407539646));
#311 = ( GEOMETRIC_REPRESENTATION_CONTEXT(2) 
PARAMETRIC_REPRESENTATION_CONTEXT() REPRESENTATION_CONTEXT('2D SPACE',''
  ) );
#312 = FACE_BOUND('',#313,.F.);
#313 = EDGE_LOOP('',(#314));
#314 = ORIENTED_EDGE('',*,*,#315,.F.);
#315 = EDGE_CURVE('',#316,#316,#318,.T.);
#316 = VERTEX_POINT('',#317);
#317 = CARTESIAN_POINT('',(101.7,30.725600075507,-8.));
#318 = SURFACE_CURVE('',#319,(#371,#426),.PCURVE_S1.);
#319 = B_SPLINE_CURVE_WITH_KNOTS('',8,(#320,#321,#322,#323,#324,#325,
    #326,#327,#328,#329,#330,#331,#332,#333,#334,#335,#336,#337,#338,
    #339,#340,#341,#342,#343,#344,#345,#346,#347,#348,#349,#350,#351,
    #352,#353,#354,#355,#356,#357,#358,#359,#360,#361,#362,#363,#364,
    #365,#366,#367,#368,#369,#370),.UNSPECIFIED.,.T.,.F.,(9,7,7,7,7,7,7,
    9),(0.,0.134747638914,0.249050750481,0.398540334867,0.533562218007,
    0.748829105786,0.868677331047,1.),.UNSPECIFIED.);
#320 = CARTESIAN_POINT('',(101.7,30.725600075507,-8.));
#321 = CARTESIAN_POINT('',(101.7,30.779668982079,-7.79233755002));
#322 = CARTESIAN_POINT('',(101.67100925165,30.831185886441,
    -7.587898264266));
#323 = CARTESIAN_POINT('',(101.61460300037,30.878994146522,
    -7.391529088811));
#324 = CARTESIAN_POINT('',(101.53334082746,30.922275559342,
    -7.207616605819));
#325 = CARTESIAN_POINT('',(101.43070859511,30.960546484205,
    -7.039907150173));
#326 = CARTESIAN_POINT('',(101.31105544515,30.993599015809,
    -6.891275160029));
#327 = CARTESIAN_POINT('',(101.17952025959,31.021446032121,
    -6.763453122913));
#328 = CARTESIAN_POINT('',(100.9252377262,31.063739951975,
    -6.566211371746));
#329 = CARTESIAN_POINT('',(100.8021639253,31.079915175249,-6.48930478659
    ));
#330 = CARTESIAN_POINT('',(100.67423816033,31.093081049727,
    -6.425740499248));
#331 = CARTESIAN_POINT('',(100.54271452074,31.103421791655,
    -6.375242707098));
#332 = CARTESIAN_POINT('',(100.4086478544,31.111078826186,
    -6.337565628965));
#333 = CARTESIAN_POINT('',(100.27295448666,31.116149360331,
    -6.312520505484));
#334 = CARTESIAN_POINT('',(100.13646941799,31.118684098143,-6.3));
#335 = CARTESIAN_POINT('',(99.8215205492,31.118684098143,-6.3));
#336 = CARTESIAN_POINT('',(99.642891139877,31.114348710289,
    -6.321414312769));
#337 = CARTESIAN_POINT('',(99.465927091467,31.105664552309,
    -6.364310376093));
#338 = CARTESIAN_POINT('',(99.292601349128,31.092475639144,
    -6.429030874229));
#339 = CARTESIAN_POINT('',(99.125202821192,31.074505893235,
    -6.516088862745));
#340 = CARTESIAN_POINT('',(98.966499766564,31.051362045484,
    -6.626059563303));
#341 = CARTESIAN_POINT('',(98.819965975509,31.022547385241,
    -6.759431446069));
#342 = CARTESIAN_POINT('',(98.572854854164,30.955876531548,
    -7.058137479252));
#343 = CARTESIAN_POINT('',(98.466906487583,30.918545503894,
    -7.221904438488));
#344 = CARTESIAN_POINT('',(98.379889406685,30.875673974243,
    -7.405108133655));
#345 = CARTESIAN_POINT('',(98.317445923952,30.827816561696,
    -7.603253795088));
#346 = CARTESIAN_POINT('',(98.283185127045,30.775959062136,
    -7.81054070559));
#347 = CARTESIAN_POINT('',(98.278609173003,30.721546830874,
    -8.020479782859));
#348 = CARTESIAN_POINT('',(98.303022070532,30.666400646628,
    -8.226530130971));
#349 = CARTESIAN_POINT('',(98.433740471162,30.526321612907,
    -8.735644687832));
#350 = CARTESIAN_POINT('',(98.577048799142,30.446425856833,
    -9.01173576765));
#351 = CARTESIAN_POINT('',(98.765711733593,30.376401411331,
    -9.243385781717));
#352 = CARTESIAN_POINT('',(98.986650950416,30.318793241107,
    -9.428174655463));
#353 = CARTESIAN_POINT('',(99.228946144046,30.275177121621,
    -9.565358363402));
#354 = CARTESIAN_POINT('',(99.483618703975,30.246233067299,
    -9.655572268346));
#355 = CARTESIAN_POINT('',(99.742924246819,30.231978102665,-9.7));
#356 = CARTESIAN_POINT('',(100.1431249975,30.231978102665,-9.7));
#357 = CARTESIAN_POINT('',(100.28626673179,30.236396606202,
    -9.686228842996));
#358 = CARTESIAN_POINT('',(100.42841364481,30.24523566586,
    -9.658680207343));
#359 = CARTESIAN_POINT('',(100.56851986854,30.25848326463,
    -9.617270590859));
#360 = CARTESIAN_POINT('',(100.70545926178,30.276106766565,
    -9.561860196639));
#361 = CARTESIAN_POINT('',(100.83797380146,30.298043499006,
    -9.492273890523));
#362 = CARTESIAN_POINT('',(100.96460797027,30.324189367088,
    -9.408328473543));
#363 = CARTESIAN_POINT('',(101.2140280549,30.387474543475,
    -9.201990234765));
#364 = CARTESIAN_POINT('',(101.33732791001,30.425945074697,
    -9.074995766609));
#365 = CARTESIAN_POINT('',(101.4488293464,30.469376393248,
    -8.929301587549));
#366 = CARTESIAN_POINT('',(101.54428525232,30.516957922196,
    -8.766390676735));
#367 = CARTESIAN_POINT('',(101.61996280482,30.56760079397,
    -8.588625149091));
#368 = CARTESIAN_POINT('',(101.67270767795,30.620075893995,
    -8.399093789017));
#369 = CARTESIAN_POINT('',(101.7,30.673138665224,-8.201488538971));
#370 = CARTESIAN_POINT('',(101.7,30.725600075507,-8.));
#371 = PCURVE('',#33,#372);
#372 = DEFINITIONAL_REPRESENTATION('',(#373),#425);
#373 = B_SPLINE_CURVE_WITH_KNOTS('',8,(#374,#375,#376,#377,#378,#379,
    #380,#381,#382,#383,#384,#385,#386,#387,#388,#389,#390,#391,#392,
    #393,#394,#395,#396,#397,#398,#399,#400,#401,#402,#403,#404,#405,
    #406,#407,#408,#409,#410,#411,#412,#413,#414,#415,#416,#417,#418,
    #419,#420,#421,#422,#423,#424),.UNSPECIFIED.,.T.,.F.,(9,7,7,7,7,7,7,
    9),(0.,0.134747638914,0.249050750481,0.398540334867,0.533562218007,
    0.748829105786,0.868677331047,1.),.UNSPECIFIED.);
#374 = CARTESIAN_POINT('',(-6.028471454619,-101.7));
#375 = CARTESIAN_POINT('',(-6.03523006794,-101.7));
#376 = CARTESIAN_POINT('',(-6.041870187992,-101.6710092516));
#377 = CARTESIAN_POINT('',(-6.048235365281,-101.6146030003));
#378 = CARTESIAN_POINT('',(-6.05418582394,-101.5333408274));
#379 = CARTESIAN_POINT('',(-6.059603615449,-101.4307085951));
#380 = CARTESIAN_POINT('',(-6.064399219286,-101.3110554451));
#381 = CARTESIAN_POINT('',(-6.068519518087,-101.1795202595));
#382 = CARTESIAN_POINT('',(-6.074873069859,-100.9252377262));
#383 = CARTESIAN_POINT('',(-6.077348301006,-100.8021639253));
#384 = CARTESIAN_POINT('',(-6.07939280722,-100.6742381603));
#385 = CARTESIAN_POINT('',(-6.081016289731,-100.5427145207));
#386 = CARTESIAN_POINT('',(-6.082227227115,-100.4086478544));
#387 = CARTESIAN_POINT('',(-6.08303205354,-100.2729544866));
#388 = CARTESIAN_POINT('',(-6.08343440024,-100.1364694179));
#389 = CARTESIAN_POINT('',(-6.08343440024,-99.8215205492));
#390 = CARTESIAN_POINT('',(-6.082746250197,-99.64289113987));
#391 = CARTESIAN_POINT('',(-6.081367785093,-99.46592709146));
#392 = CARTESIAN_POINT('',(-6.079287450654,-99.29260134912));
#393 = CARTESIAN_POINT('',(-6.076487683924,-99.12520282119));
#394 = CARTESIAN_POINT('',(-6.072948230074,-98.96649976656));
#395 = CARTESIAN_POINT('',(-6.068650722266,-98.8199659755));
#396 = CARTESIAN_POINT('',(-6.059011162086,-98.57285485416));
#397 = CARTESIAN_POINT('',(-6.053720890145,-98.46690648758));
#398 = CARTESIAN_POINT('',(-6.047794968053,-98.37988940668));
#399 = CARTESIAN_POINT('',(-6.041375070136,-98.31744592395));
#400 = CARTESIAN_POINT('',(-6.034645600606,-98.28318512704));
#401 = CARTESIAN_POINT('',(-6.027815232601,-98.278609173));
#402 = CARTESIAN_POINT('',(-6.021097213685,-98.30302207053));
#403 = CARTESIAN_POINT('',(-6.004466225658,-98.43374047116));
#404 = CARTESIAN_POINT('',(-5.995414450643,-98.57704879914));
#405 = CARTESIAN_POINT('',(-5.987793087037,-98.76571173359));
#406 = CARTESIAN_POINT('',(-5.98169686251,-98.98665095041));
#407 = CARTESIAN_POINT('',(-5.977163025978,-99.22894614404));
#408 = CARTESIAN_POINT('',(-5.974178975714,-99.48361870397));
#409 = CARTESIAN_POINT('',(-5.972709413905,-99.74292424681));
#410 = CARTESIAN_POINT('',(-5.972709413905,-100.1431249975));
#411 = CARTESIAN_POINT('',(-5.973164930111,-100.2862667317));
#412 = CARTESIAN_POINT('',(-5.97407617184,-100.4284136448));
#413 = CARTESIAN_POINT('',(-5.97544552774,-100.5685198685));
#414 = CARTESIAN_POINT('',(-5.977276876334,-100.7054592617));
#415 = CARTESIAN_POINT('',(-5.97957487895,-100.8379738014));
#416 = CARTESIAN_POINT('',(-5.982344078592,-100.9646079702));
#417 = CARTESIAN_POINT('',(-5.98914172016,-101.2140280549));
#418 = CARTESIAN_POINT('',(-5.993321018811,-101.33732791));
#419 = CARTESIAN_POINT('',(-5.998109282456,-101.4488293464));
#420 = CARTESIAN_POINT('',(-6.003454529612,-101.5442852523));
#421 = CARTESIAN_POINT('',(-6.00927593259,-101.6199628048));
#422 = CARTESIAN_POINT('',(-6.015469691003,-101.6727076779));
#423 = CARTESIAN_POINT('',(-6.021913778333,-101.7));
#424 = CARTESIAN_POINT('',(-6.028471454619,-101.7));
#425 = ( GEOMETRIC_REPRESENTATION_CONTEXT(2) 
PARAMETRIC_REPRESENTATION_CONTEXT() REPRESENTATION_CONTEXT('2D SPACE',''
  ) );
#426 = PCURVE('',#427,#432);
#427 = CYLINDRICAL_SURFACE('',#428,1.7);
#428 = AXIS2_PLACEMENT_3D('',#429,#430,#431);
#429 = CARTESIAN_POINT('',(100.,0.,-8.));
#430 = DIRECTION('',(0.,-1.,0.));
#431 = DIRECTION('',(1.,0.,0.));
#432 = DEFINITIONAL_REPRESENTATION('',(#433),#485);
#433 = B_SPLINE_CURVE_WITH_KNOTS('',8,(#434,#435,#436,#437,#438,#439,
    #440,#441,#442,#443,#444,#445,#446,#447,#448,#449,#450,#451,#452,
    #453,#454,#455,#456,#457,#458,#459,#460,#461,#462,#463,#464,#465,
    #466,#467,#468,#469,#470,#471,#472,#473,#474,#475,#476,#477,#478,
    #479,#480,#481,#482,#483,#484),.UNSPECIFIED.,.F.,.F.,(9,7,7,7,7,7,7,
    9),(0.,0.134747638914,0.249050750481,0.398540334867,0.533562218007,
    0.748829105786,0.868677331047,1.),.UNSPECIFIED.);
#434 = CARTESIAN_POINT('',(0.,-30.7256000755));
#435 = CARTESIAN_POINT('',(0.122154382341,-30.77966898207));
#436 = CARTESIAN_POINT('',(0.242412669223,-30.83118588644));
#437 = CARTESIAN_POINT('',(0.360701891675,-30.87899414652));
#438 = CARTESIAN_POINT('',(0.476855609497,-30.92227555934));
#439 = CARTESIAN_POINT('',(0.59058189557,-30.9605464842));
#440 = CARTESIAN_POINT('',(0.701419484675,-30.9935990158));
#441 = CARTESIAN_POINT('',(0.808640962377,-31.02144603212));
#442 = CARTESIAN_POINT('',(0.997943008778,-31.06373995197));
#443 = CARTESIAN_POINT('',(1.082875384238,-31.07991517524));
#444 = CARTESIAN_POINT('',(1.166249538851,-31.09308104972));
#445 = CARTESIAN_POINT('',(1.248398705311,-31.10342179165));
#446 = CARTESIAN_POINT('',(1.32962784022,-31.11107882618));
#447 = CARTESIAN_POINT('',(1.410234305711,-31.11614936033));
#448 = CARTESIAN_POINT('',(1.490520198564,-31.11868409814));
#449 = CARTESIAN_POINT('',(1.67578423903,-31.11868409814));
#450 = CARTESIAN_POINT('',(1.780859866867,-31.11434871028));
#451 = CARTESIAN_POINT('',(1.886721511806,-31.1056645523));
#452 = CARTESIAN_POINT('',(1.993978484857,-31.09247563914));
#453 = CARTESIAN_POINT('',(2.1032600691,-31.07450589323));
#454 = CARTESIAN_POINT('',(2.215229244111,-31.05136204548));
#455 = CARTESIAN_POINT('',(2.330623150127,-31.02254738524));
#456 = CARTESIAN_POINT('',(2.558665215505,-30.95587653154));
#457 = CARTESIAN_POINT('',(2.672617984945,-30.91854550389));
#458 = CARTESIAN_POINT('',(2.790209834662,-30.87567397424));
#459 = CARTESIAN_POINT('',(2.910091883618,-30.82781656169));
#460 = CARTESIAN_POINT('',(3.031244119228,-30.77595906213));
#461 = CARTESIAN_POINT('',(3.152769878086,-30.72154683087));
#462 = CARTESIAN_POINT('',(3.273738901493,-30.66640064662));
#463 = CARTESIAN_POINT('',(3.582931919824,-30.5263216129));
#464 = CARTESIAN_POINT('',(3.761202935008,-30.44642585683));
#465 = CARTESIAN_POINT('',(3.931223241718,-30.37640141133));
#466 = CARTESIAN_POINT('',(4.094822809415,-30.3187932411));
#467 = CARTESIAN_POINT('',(4.253565318927,-30.27517712162));
#468 = CARTESIAN_POINT('',(4.408633772498,-30.24623306729));
#469 = CARTESIAN_POINT('',(4.561167949102,-30.23197810266));
#470 = CARTESIAN_POINT('',(4.796580155387,-30.23197810266));
#471 = CARTESIAN_POINT('',(4.880781123633,-30.2363966062));
#472 = CARTESIAN_POINT('',(4.965306487589,-30.24523566586));
#473 = CARTESIAN_POINT('',(5.050450650467,-30.25848326463));
#474 = CARTESIAN_POINT('',(5.136513377178,-30.27610676656));
#475 = CARTESIAN_POINT('',(5.223809168093,-30.298043499));
#476 = CARTESIAN_POINT('',(5.312681046941,-30.32418936708));
#477 = CARTESIAN_POINT('',(5.503096589071,-30.38747454347));
#478 = CARTESIAN_POINT('',(5.606598605311,-30.42594507469));
#479 = CARTESIAN_POINT('',(5.713268385101,-30.46937639324));
#480 = CARTESIAN_POINT('',(5.82262917557,-30.51695792219));
#481 = CARTESIAN_POINT('',(5.934398270966,-30.56760079397));
#482 = CARTESIAN_POINT('',(6.048424237142,-30.62007589399));
#483 = CARTESIAN_POINT('',(6.164662637197,-30.67313866522));
#484 = CARTESIAN_POINT('',(6.28318530718,-30.7256000755));
#485 = ( GEOMETRIC_REPRESENTATION_CONTEXT(2) 
PARAMETRIC_REPRESENTATION_CONTEXT() REPRESENTATION_CONTEXT('2D SPACE',''
  ) );
#486 = FACE_BOUND('',#487,.F.);
#487 = EDGE_LOOP('',(#488));
#488 = ORIENTED_EDGE('',*,*,#489,.F.);
#489 = EDGE_CURVE('',#490,#490,#492,.T.);
#490 = VERTEX_POINT('',#491);
#491 = CARTESIAN_POINT('',(136.7,30.725600075507,8.));
#492 = SURFACE_CURVE('',#493,(#544,#598),.PCURVE_S1.);
#493 = B_SPLINE_CURVE_WITH_KNOTS('',7,(#494,#495,#496,#497,#498,#499,
    #500,#501,#502,#503,#504,#505,#506,#507,#508,#509,#510,#511,#512,
    #513,#514,#515,#516,#517,#518,#519,#520,#521,#522,#523,#524,#525,
    #526,#527,#528,#529,#530,#531,#532,#533,#534,#535,#536,#537,#538,
    #539,#540,#541,#542,#543),.UNSPECIFIED.,.T.,.F.,(8,6,6,6,6,6,6,6,8),
  (0.,0.143458894915,0.274350290518,0.427544897004,0.558507497792,
    0.672792901385,0.787105205006,0.918603925887,1.),.UNSPECIFIED.);
#494 = CARTESIAN_POINT('',(136.7,30.725600075507,8.));
#495 = CARTESIAN_POINT('',(136.7,30.665624084418,8.230349789541));
#496 = CARTESIAN_POINT('',(136.6635858413,30.604861980128,8.455456025321
    ));
#497 = CARTESIAN_POINT('',(136.59373961801,30.545213493888,
    8.668632810173));
#498 = CARTESIAN_POINT('',(136.49477854095,30.488685161788,
    8.864204061111));
#499 = CARTESIAN_POINT('',(136.37223597981,30.437202851811,
    9.037768120595));
#500 = CARTESIAN_POINT('',(136.23269904398,30.392211919933,
    9.186544249298));
#501 = CARTESIAN_POINT('',(135.94760229656,30.319874529886,
    9.422396790324));
#502 = CARTESIAN_POINT('',(135.80142624166,30.290765735561,
    9.515568613795));
#503 = CARTESIAN_POINT('',(135.64787653316,30.267311321102,9.5896353147)
  );
#504 = CARTESIAN_POINT('',(135.48916515993,30.249655746076,
    9.644904177257));
#505 = CARTESIAN_POINT('',(135.32716869889,30.237869615124,
    9.681637915401));
#506 = CARTESIAN_POINT('',(135.16357378169,30.231978102665,9.7));
#507 = CARTESIAN_POINT('',(134.80855409934,30.231978102665,9.7));
#508 = CARTESIAN_POINT('',(134.61703009037,30.240048325897,
    9.674847459237));
#509 = CARTESIAN_POINT('',(134.4280262643,30.256201911293,9.624502052981
    ));
#510 = CARTESIAN_POINT('',(134.24430465938,30.280395916958,9.54864221538
    ));
#511 = CARTESIAN_POINT('',(134.0690439344,30.312487037404,9.446809422363
    ));
#512 = CARTESIAN_POINT('',(133.90613527492,30.352155511254,9.31854612336
    ));
#513 = CARTESIAN_POINT('',(133.63646960297,30.438721373232,
    9.031381349683));
#514 = CARTESIAN_POINT('',(133.52306504138,30.484353725201,
    8.877572355824));
#515 = CARTESIAN_POINT('',(133.42706476866,30.534823618751,
    8.703877551238));
#516 = CARTESIAN_POINT('',(133.35381084938,30.588656063425,8.51362628977
    ));
#517 = CARTESIAN_POINT('',(133.30732571011,30.644094756333,
    8.311415527473));
#518 = CARTESIAN_POINT('',(133.29017832096,30.699441730007,
    8.102686465609));
#519 = CARTESIAN_POINT('',(133.31485289767,30.800103313668,
    7.710495299636));
#520 = CARTESIAN_POINT('',(133.34931857407,30.845287202401,
    7.529191401208));
#521 = CARTESIAN_POINT('',(133.40652663845,30.887901790515,
    7.352816861293));
#522 = CARTESIAN_POINT('',(133.48559965681,30.927279396523,
    7.184761425517));
#523 = CARTESIAN_POINT('',(133.58504772014,30.962932206174,
    7.028224041514));
#524 = CARTESIAN_POINT('',(133.70280600952,30.99452850246,6.886084287514
    ));
#525 = CARTESIAN_POINT('',(133.9697652445,31.04916299979,6.635392879369)
  );
#526 = CARTESIAN_POINT('',(134.11899593691,31.07220420927,6.526828232381
    ));
#527 = CARTESIAN_POINT('',(134.28143076593,31.090751655195,
    6.437418372062));
#528 = CARTESIAN_POINT('',(134.45411614009,31.104707867366,
    6.369037861688));
#529 = CARTESIAN_POINT('',(134.63377281136,31.114026759406,
    6.323003723557));
#530 = CARTESIAN_POINT('',(134.81691615128,31.118684098143,6.3));
#531 = CARTESIAN_POINT('',(135.21060980451,31.118684098143,6.3));
#532 = CARTESIAN_POINT('',(135.42149163053,31.112521192943,
    6.330440996436));
#533 = CARTESIAN_POINT('',(135.62940246709,31.100167912432,
    6.391462296305));
#534 = CARTESIAN_POINT('',(135.83079848212,31.081269994163,6.4838369582)
  );
#535 = CARTESIAN_POINT('',(136.02116775387,31.055236741261,
    6.608555320906));
#536 = CARTESIAN_POINT('',(136.19475145499,31.021188985292,
    6.766597406925));
#537 = CARTESIAN_POINT('',(136.43519064438,30.951565619414,
    7.076569742096));
#538 = CARTESIAN_POINT('',(136.51812419857,30.921337326391,
    7.208674696947));
#539 = CARTESIAN_POINT('',(136.58849902333,30.887591754551,
    7.352942227498));
#540 = CARTESIAN_POINT('',(136.64348971881,30.850591561153,7.50714484071
    ));
#541 = CARTESIAN_POINT('',(136.68105769153,30.810795184046,
    7.668494359304));
#542 = CARTESIAN_POINT('',(136.7,30.768856638268,7.833864518994));
#543 = CARTESIAN_POINT('',(136.7,30.725600075507,8.));
#544 = PCURVE('',#33,#545);
#545 = DEFINITIONAL_REPRESENTATION('',(#546),#597);
#546 = B_SPLINE_CURVE_WITH_KNOTS('',7,(#547,#548,#549,#550,#551,#552,
    #553,#554,#555,#556,#557,#558,#559,#560,#561,#562,#563,#564,#565,
    #566,#567,#568,#569,#570,#571,#572,#573,#574,#575,#576,#577,#578,
    #579,#580,#581,#582,#583,#584,#585,#586,#587,#588,#589,#590,#591,
    #592,#593,#594,#595,#596),.UNSPECIFIED.,.F.,.F.,(8,6,6,6,6,6,6,6,8),
  (0.,0.143458894915,0.274350290518,0.427544897004,0.558507497792,
    0.672792901385,0.787105205006,0.918603925887,1.),.UNSPECIFIED.);
#547 = CARTESIAN_POINT('',(-6.53789915974,-136.7));
#548 = CARTESIAN_POINT('',(-6.545396158626,-136.7));
#549 = CARTESIAN_POINT('',(-6.552739574315,-136.6635858413));
#550 = CARTESIAN_POINT('',(-6.55971122629,-136.593739618));
#551 = CARTESIAN_POINT('',(-6.566122773298,-136.4947785409));
#552 = CARTESIAN_POINT('',(-6.57182464112,-136.3722359798));
#553 = CARTESIAN_POINT('',(-6.576720039061,-136.2326990439));
#554 = CARTESIAN_POINT('',(-6.584490004756,-135.9476022965));
#555 = CARTESIAN_POINT('',(-6.587564390209,-135.8014262416));
#556 = CARTESIAN_POINT('',(-6.590011352381,-135.6478765331));
#557 = CARTESIAN_POINT('',(-6.591838765006,-135.4891651599));
#558 = CARTESIAN_POINT('',(-6.593053827583,-135.3271686988));
#559 = CARTESIAN_POINT('',(-6.593661200454,-135.1635737816));
#560 = CARTESIAN_POINT('',(-6.593661200454,-134.8085540993));
#561 = CARTESIAN_POINT('',(-6.59282921603,-134.6170300903));
#562 = CARTESIAN_POINT('',(-6.591163911896,-134.4280262643));
#563 = CARTESIAN_POINT('',(-6.588656055889,-134.2443046593));
#564 = CARTESIAN_POINT('',(-6.585293278623,-134.0690439344));
#565 = CARTESIAN_POINT('',(-6.581064806032,-133.9061352749));
#566 = CARTESIAN_POINT('',(-6.571618231196,-133.6364696029));
#567 = CARTESIAN_POINT('',(-6.566565196815,-133.5230650413));
#568 = CARTESIAN_POINT('',(-6.560868377113,-133.4270647686));
#569 = CARTESIAN_POINT('',(-6.554641269552,-133.3538108493));
#570 = CARTESIAN_POINT('',(-6.548037775744,-133.3073257101));
#571 = CARTESIAN_POINT('',(-6.541236655575,-133.2901783209));
#572 = CARTESIAN_POINT('',(-6.528483796404,-133.3148528976));
#573 = CARTESIAN_POINT('',(-6.522598920484,-133.349318574));
#574 = CARTESIAN_POINT('',(-6.516884203631,-133.4065266384));
#575 = CARTESIAN_POINT('',(-6.511447963274,-133.4855996568));
#576 = CARTESIAN_POINT('',(-6.506391505858,-133.5850477201));
#577 = CARTESIAN_POINT('',(-6.501805428784,-133.7028060095));
#578 = CARTESIAN_POINT('',(-6.493724303111,-133.9697652445));
#579 = CARTESIAN_POINT('',(-6.490228835308,-134.1189959369));
#580 = CARTESIAN_POINT('',(-6.48735285627,-134.2814307659));
#581 = CARTESIAN_POINT('',(-6.485154747449,-134.45411614));
#582 = CARTESIAN_POINT('',(-6.483675439861,-134.6337728113));
#583 = CARTESIAN_POINT('',(-6.482936214119,-134.8169161512));
#584 = CARTESIAN_POINT('',(-6.482936214119,-135.2106098045));
#585 = CARTESIAN_POINT('',(-6.48391443743,-135.4214916305));
#586 = CARTESIAN_POINT('',(-6.485875354904,-135.629402467));
#587 = CARTESIAN_POINT('',(-6.488845048291,-135.8307984821));
#588 = CARTESIAN_POINT('',(-6.49285777527,-136.0211677538));
#589 = CARTESIAN_POINT('',(-6.497949486304,-136.1947514549));
#590 = CARTESIAN_POINT('',(-6.507955635403,-136.4351906443));
#591 = CARTESIAN_POINT('',(-6.512223924601,-136.5181241985));
#592 = CARTESIAN_POINT('',(-6.516890342682,-136.5884990233));
#593 = CARTESIAN_POINT('',(-6.521884813944,-136.6434897188));
#594 = CARTESIAN_POINT('',(-6.527118805384,-136.6810576915));
#595 = CARTESIAN_POINT('',(-6.532492089395,-136.7));
#596 = CARTESIAN_POINT('',(-6.53789915974,-136.7));
#597 = ( GEOMETRIC_REPRESENTATION_CONTEXT(2) 
PARAMETRIC_REPRESENTATION_CONTEXT() REPRESENTATION_CONTEXT('2D SPACE',''
  ) );
#598 = PCURVE('',#599,#604);
#599 = CYLINDRICAL_SURFACE('',#600,1.7);
#600 = AXIS2_PLACEMENT_3D('',#601,#602,#603);
#601 = CARTESIAN_POINT('',(135.,0.,8.));
#602 = DIRECTION('',(0.,-1.,0.));
#603 = DIRECTION('',(1.,0.,0.));
#604 = DEFINITIONAL_REPRESENTATION('',(#605),#656);
#605 = B_SPLINE_CURVE_WITH_KNOTS('',7,(#606,#607,#608,#609,#610,#611,
    #612,#613,#614,#615,#616,#617,#618,#619,#620,#621,#622,#623,#624,
    #625,#626,#627,#628,#629,#630,#631,#632,#633,#634,#635,#636,#637,
    #638,#639,#640,#641,#642,#643,#644,#645,#646,#647,#648,#649,#650,
    #651,#652,#653,#654,#655),.UNSPECIFIED.,.F.,.F.,(8,6,6,6,6,6,6,6,8),
  (0.,0.143458894915,0.274350290518,0.427544897004,0.558507497792,
    0.672792901385,0.787105205006,0.918603925887,1.),.UNSPECIFIED.);
#606 = CARTESIAN_POINT('',(0.,-30.7256000755));
#607 = CARTESIAN_POINT('',(0.135499876201,-30.66562408441));
#608 = CARTESIAN_POINT('',(0.267915340523,-30.60486198012));
#609 = CARTESIAN_POINT('',(0.397376565644,-30.54521349388));
#610 = CARTESIAN_POINT('',(0.523777825975,-30.48868516178));
#611 = CARTESIAN_POINT('',(0.646806177544,-30.43720285181));
#612 = CARTESIAN_POINT('',(0.765834667507,-30.39221191993));
#613 = CARTESIAN_POINT('',(0.983486954007,-30.31987452988));
#614 = CARTESIAN_POINT('',(1.084675564173,-30.29076573556));
#615 = CARTESIAN_POINT('',(1.183871107321,-30.2673113211));
#616 = CARTESIAN_POINT('',(1.281596850161,-30.24965574607));
#617 = CARTESIAN_POINT('',(1.378344214425,-30.23786961512));
#618 = CARTESIAN_POINT('',(1.474576455207,-30.23197810266));
#619 = CARTESIAN_POINT('',(1.683411562472,-30.23197810266));
#620 = CARTESIAN_POINT('',(1.796072465532,-30.24004832589));
#621 = CARTESIAN_POINT('',(1.909585220969,-30.25620191129));
#622 = CARTESIAN_POINT('',(2.024660945871,-30.28039591695));
#623 = CARTESIAN_POINT('',(2.142083482267,-30.3124870374));
#624 = CARTESIAN_POINT('',(2.262682872074,-30.35215551125));
#625 = CARTESIAN_POINT('',(2.494408146318,-30.43872137323));
#626 = CARTESIAN_POINT('',(2.60602747367,-30.4843537252));
#627 = CARTESIAN_POINT('',(2.721154550602,-30.53482361875));
#628 = CARTESIAN_POINT('',(2.839012174455,-30.58865606342));
#629 = CARTESIAN_POINT('',(2.959080548892,-30.64409475633));
#630 = CARTESIAN_POINT('',(3.080986607335,-30.69944173));
#631 = CARTESIAN_POINT('',(3.312143428386,-30.80010331366));
#632 = CARTESIAN_POINT('',(3.419854970007,-30.8452872024));
#633 = CARTESIAN_POINT('',(3.527555800352,-30.88790179051));
#634 = CARTESIAN_POINT('',(3.635258878108,-30.92727939652));
#635 = CARTESIAN_POINT('',(3.742978083604,-30.96293220617));
#636 = CARTESIAN_POINT('',(3.850709128521,-30.99452850246));
#637 = CARTESIAN_POINT('',(4.066129707946,-31.04916299979));
#638 = CARTESIAN_POINT('',(4.173836586346,-31.07220420927));
#639 = CARTESIAN_POINT('',(4.281535151145,-31.09075165519));
#640 = CARTESIAN_POINT('',(4.389239874622,-31.10470786736));
#641 = CARTESIAN_POINT('',(4.496961506381,-31.1140267594));
#642 = CARTESIAN_POINT('',(4.604692598789,-31.11868409814));
#643 = CARTESIAN_POINT('',(4.83627710069,-31.11868409814));
#644 = CARTESIAN_POINT('',(4.960324635257,-31.11252119294));
#645 = CARTESIAN_POINT('',(5.085733773386,-31.10016791243));
#646 = CARTESIAN_POINT('',(5.213548544125,-31.08126999416));
#647 = CARTESIAN_POINT('',(5.34487573882,-31.05523674126));
#648 = CARTESIAN_POINT('',(5.480916939888,-31.02118898529));
#649 = CARTESIAN_POINT('',(5.711677568995,-30.95156561941));
#650 = CARTESIAN_POINT('',(5.802979519815,-30.92133732639));
#651 = CARTESIAN_POINT('',(5.896529964961,-30.88759175455));
#652 = CARTESIAN_POINT('',(5.991745018139,-30.85059156115));
#653 = CARTESIAN_POINT('',(6.08818234346,-30.81079518404));
#654 = CARTESIAN_POINT('',(6.185458553647,-30.76885663826));
#655 = CARTESIAN_POINT('',(6.28318530718,-30.7256000755));
#656 = ( GEOMETRIC_REPRESENTATION_CONTEXT(2) 
PARAMETRIC_REPRESENTATION_CONTEXT() REPRESENTATION_CONTEXT('2D SPACE',''
  ) );
#657 = FACE_BOUND('',#658,.F.);
#658 = EDGE_LOOP('',(#659));
#659 = ORIENTED_EDGE('',*,*,#660,.T.);
#660 = EDGE_CURVE('',#661,#661,#663,.T.);
#661 = VERTEX_POINT('',#662);
#662 = CARTESIAN_POINT('',(136.7,6.,31.177916864345));
#663 = SURFACE_CURVE('',#664,(#715,#769),.PCURVE_S1.);
#664 = B_SPLINE_CURVE_WITH_KNOTS('',7,(#665,#666,#667,#668,#669,#670,
    #671,#672,#673,#674,#675,#676,#677,#678,#679,#680,#681,#682,#683,
    #684,#685,#686,#687,#688,#689,#690,#691,#692,#693,#694,#695,#696,
    #697,#698,#699,#700,#701,#702,#703,#704,#705,#706,#707,#708,#709,
    #710,#711,#712,#713,#714),.UNSPECIFIED.,.T.,.F.,(8,6,6,6,6,6,6,6,8),
  (0.,0.142943271122,0.27532211483,0.441069311812,0.588441650052,
    0.683738961678,0.788579641171,0.919830837232,1.),.UNSPECIFIED.);
#665 = CARTESIAN_POINT('',(136.7,6.,31.177916864345));
#666 = CARTESIAN_POINT('',(136.7,6.23184741172,31.133299243598));
#667 = CARTESIAN_POINT('',(136.66311084603,6.45798587921,31.087694329243
    ));
#668 = CARTESIAN_POINT('',(136.59260031493,6.671628055196,
    31.042580879238));
#669 = CARTESIAN_POINT('',(136.49306272125,6.867085565732,
    30.999586464808));
#670 = CARTESIAN_POINT('',(136.37031356017,7.040008869239,
    30.960310987853));
#671 = CARTESIAN_POINT('',(136.23123812597,7.187752825781,
    30.925951194489));
#672 = CARTESIAN_POINT('',(135.94691331059,7.42296676909,30.870302405046
    ));
#673 = CARTESIAN_POINT('',(135.80026956361,7.516243652429,
    30.847724215801));
#674 = CARTESIAN_POINT('',(135.64655876979,7.590158048669,
    30.829536878314));
#675 = CARTESIAN_POINT('',(135.48797597367,7.645191508211,
    30.815852088787));
#676 = CARTESIAN_POINT('',(135.32631932141,7.681730233722,
    30.806718016191));
#677 = CARTESIAN_POINT('',(135.16316219617,7.7,30.802150898923));
#678 = CARTESIAN_POINT('',(134.79570997969,7.7,30.802150898923));
#679 = CARTESIAN_POINT('',(134.5913708196,7.671359687819,30.8093104111)
  );
#680 = CARTESIAN_POINT('',(134.38988890039,7.61404748811,30.823637805639
    ));
#681 = CARTESIAN_POINT('',(134.19445230451,7.527466792378,
    30.845102303364));
#682 = CARTESIAN_POINT('',(134.00894779297,7.410728363104,
    30.873572499678));
#683 = CARTESIAN_POINT('',(133.83843431964,7.262892947048,
    30.908683376798));
#684 = CARTESIAN_POINT('',(133.55826206173,6.924222864893,
    30.986196545657));
#685 = CARTESIAN_POINT('',(133.44012747055,6.735347914386,
    31.028416866133));
#686 = CARTESIAN_POINT('',(133.34802213934,6.520657190215,
    31.074875142447));
#687 = CARTESIAN_POINT('',(133.29057129163,6.287542596576,
    31.123160956905));
#688 = CARTESIAN_POINT('',(133.27256826777,6.04575810402,31.17069676496)
  );
#689 = CARTESIAN_POINT('',(133.29472158319,5.805798132773,31.21552684389
    ));
#690 = CARTESIAN_POINT('',(133.3913581998,5.429423360729,31.282685362661
    ));
#691 = CARTESIAN_POINT('',(133.44478528271,5.285599822147,
    31.307507218468));
#692 = CARTESIAN_POINT('',(133.51318431169,5.147706636398,
    31.330513841995));
#693 = CARTESIAN_POINT('',(133.59575506786,5.017590629108,
    31.351523269546));
#694 = CARTESIAN_POINT('',(133.69141372627,4.89697013095,31.370422005894
    ));
#695 = CARTESIAN_POINT('',(133.7988141198,4.787385794368,31.387148762686
    ));
#696 = CARTESIAN_POINT('',(134.04571764795,4.583129432169,
    31.417656319155));
#697 = CARTESIAN_POINT('',(134.18737487922,4.491037590419,
    31.430976352025));
#698 = CARTESIAN_POINT('',(134.33928209808,4.415554026931,
    31.441599451483));
#699 = CARTESIAN_POINT('',(134.49910557116,4.358009588325,
    31.449542073148));
#700 = CARTESIAN_POINT('',(134.66429500138,4.319331214746,
    31.454828754339));
#701 = CARTESIAN_POINT('',(134.83216361799,4.3,31.457471290617));
#702 = CARTESIAN_POINT('',(135.21011620667,4.3,31.457471290617));
#703 = CARTESIAN_POINT('',(135.42033863112,4.330298512833,
    31.453329595304));
#704 = CARTESIAN_POINT('',(135.62769433272,4.390948190614,
    31.445039827513));
#705 = CARTESIAN_POINT('',(135.82889301536,4.482844497843,
    31.432289557492));
#706 = CARTESIAN_POINT('',(136.01955711056,4.607240074336,
    31.414537045438));
#707 = CARTESIAN_POINT('',(136.19389414015,4.765492163291,
    31.390931698672));
#708 = CARTESIAN_POINT('',(136.43449939978,5.075678594923,
    31.341891570273));
#709 = CARTESIAN_POINT('',(136.51719978096,5.207105452579,
    31.320585235531));
#710 = CARTESIAN_POINT('',(136.58766375387,5.35097931964,31.296560909385
    ));
#711 = CARTESIAN_POINT('',(136.64293013272,5.505126304754,
    31.269929117553));
#712 = CARTESIAN_POINT('',(136.68082316108,5.666787686451,
    31.240957532415));
#713 = CARTESIAN_POINT('',(136.7,5.832839226856,31.21008593591));
#714 = CARTESIAN_POINT('',(136.7,6.,31.177916864345));
#715 = PCURVE('',#33,#716);
#716 = DEFINITIONAL_REPRESENTATION('',(#717),#768);
#717 = B_SPLINE_CURVE_WITH_KNOTS('',7,(#718,#719,#720,#721,#722,#723,
    #724,#725,#726,#727,#728,#729,#730,#731,#732,#733,#734,#735,#736,
    #737,#738,#739,#740,#741,#742,#743,#744,#745,#746,#747,#748,#749,
    #750,#751,#752,#753,#754,#755,#756,#757,#758,#759,#760,#761,#762,
    #763,#764,#765,#766,#767),.UNSPECIFIED.,.F.,.F.,(8,6,6,6,6,6,6,6,8),
  (0.,0.142943271122,0.27532211483,0.441069311812,0.588441650052,
    0.683738961678,0.788579641171,0.919830837232,1.),.UNSPECIFIED.);
#718 = CARTESIAN_POINT('',(-7.663861996682,-136.7));
#719 = CARTESIAN_POINT('',(-7.656425726557,-136.7));
#720 = CARTESIAN_POINT('',(-7.649160148536,-136.663110846));
#721 = CARTESIAN_POINT('',(-7.642283322327,-136.5926003149));
#722 = CARTESIAN_POINT('',(-7.635980309187,-136.4930627212));
#723 = CARTESIAN_POINT('',(-7.630395312169,-136.3703135601));
#724 = CARTESIAN_POINT('',(-7.625617812088,-136.2312381259));
#725 = CARTESIAN_POINT('',(-7.618004985825,-135.9469133105));
#726 = CARTESIAN_POINT('',(-7.614982330914,-135.8002695636));
#727 = CARTESIAN_POINT('',(-7.612584894894,-135.6465587697));
#728 = CARTESIAN_POINT('',(-7.61079877382,-135.4879759736));
#729 = CARTESIAN_POINT('',(-7.60961253415,-135.3263193214));
#730 = CARTESIAN_POINT('',(-7.609019401387,-135.1631621961));
#731 = CARTESIAN_POINT('',(-7.609019401387,-134.7957099796));
#732 = CARTESIAN_POINT('',(-7.609949216348,-134.5913708196));
#733 = CARTESIAN_POINT('',(-7.61180987413,-134.3898889003));
#734 = CARTESIAN_POINT('',(-7.614619372138,-134.1944523045));
#735 = CARTESIAN_POINT('',(-7.618403873816,-134.0089477929));
#736 = CARTESIAN_POINT('',(-7.62318946583,-133.8384343196));
#737 = CARTESIAN_POINT('',(-7.634132057372,-133.5582620617));
#738 = CARTESIAN_POINT('',(-7.640227607795,-133.4401274705));
#739 = CARTESIAN_POINT('',(-7.647145779437,-133.3480221393));
#740 = CARTESIAN_POINT('',(-7.654643201234,-133.2905712916));
#741 = CARTESIAN_POINT('',(-7.662403671179,-133.2725682677));
#742 = CARTESIAN_POINT('',(-7.670091978306,-133.2947215831));
#743 = CARTESIAN_POINT('',(-7.682133538827,-133.3913581998));
#744 = CARTESIAN_POINT('',(-7.686730307905,-133.4447852827));
#745 = CARTESIAN_POINT('',(-7.691133328143,-133.5131843116));
#746 = CARTESIAN_POINT('',(-7.695284459516,-133.5957550678));
#747 = CARTESIAN_POINT('',(-7.69912982844,-133.6914137262));
#748 = CARTESIAN_POINT('',(-7.702621261117,-133.7988141198));
#749 = CARTESIAN_POINT('',(-7.709125893785,-134.0457176479));
#750 = CARTESIAN_POINT('',(-7.712056575252,-134.1873748792));
#751 = CARTESIAN_POINT('',(-7.714457420003,-134.339282098));
#752 = CARTESIAN_POINT('',(-7.71628702234,-134.4991055711));
#753 = CARTESIAN_POINT('',(-7.717516567556,-134.6642950013));
#754 = CARTESIAN_POINT('',(-7.718131086481,-134.8321636179));
#755 = CARTESIAN_POINT('',(-7.718131086481,-135.2101162066));
#756 = CARTESIAN_POINT('',(-7.717167927911,-135.4203386311));
#757 = CARTESIAN_POINT('',(-7.715239941459,-135.6276943327));
#758 = CARTESIAN_POINT('',(-7.712317848102,-135.8288930153));
#759 = CARTESIAN_POINT('',(-7.70836024979,-136.0195571105));
#760 = CARTESIAN_POINT('',(-7.703320979821,-136.1938941401));
#761 = CARTESIAN_POINT('',(-7.693429984534,-136.4344993997));
#762 = CARTESIAN_POINT('',(-7.689236545495,-136.5171997809));
#763 = CARTESIAN_POINT('',(-7.684642430843,-136.5876637538));
#764 = CARTESIAN_POINT('',(-7.67971563389,-136.6429301327));
#765 = CARTESIAN_POINT('',(-7.674542991267,-136.680823161));
#766 = CARTESIAN_POINT('',(-7.669223508609,-136.7));
#767 = CARTESIAN_POINT('',(-7.663861996682,-136.7));
#768 = ( GEOMETRIC_REPRESENTATION_CONTEXT(2) 
PARAMETRIC_REPRESENTATION_CONTEXT() REPRESENTATION_CONTEXT('2D SPACE',''
  ) );
#769 = PCURVE('',#770,#775);
#770 = CYLINDRICAL_SURFACE('',#771,1.7);
#771 = AXIS2_PLACEMENT_3D('',#772,#773,#774);
#772 = CARTESIAN_POINT('',(135.,6.,0.));
#773 = DIRECTION('',(-0.,-0.,-1.));
#774 = DIRECTION('',(1.,0.,0.));
#775 = DEFINITIONAL_REPRESENTATION('',(#776),#827);
#776 = B_SPLINE_CURVE_WITH_KNOTS('',7,(#777,#778,#779,#780,#781,#782,
    #783,#784,#785,#786,#787,#788,#789,#790,#791,#792,#793,#794,#795,
    #796,#797,#798,#799,#800,#801,#802,#803,#804,#805,#806,#807,#808,
    #809,#810,#811,#812,#813,#814,#815,#816,#817,#818,#819,#820,#821,
    #822,#823,#824,#825,#826),.UNSPECIFIED.,.F.,.F.,(8,6,6,6,6,6,6,6,8),
  (0.,0.142943271122,0.27532211483,0.441069311812,0.588441650052,
    0.683738961678,0.788579641171,0.919830837232,1.),.UNSPECIFIED.);
#777 = CARTESIAN_POINT('',(0.,-31.17791686434));
#778 = CARTESIAN_POINT('',(-0.136380830423,-31.13329924359));
#779 = CARTESIAN_POINT('',(-0.269403467099,-31.08769432924));
#780 = CARTESIAN_POINT('',(-0.399218313782,-31.04258087923));
#781 = CARTESIAN_POINT('',(-0.525706191152,-30.9995864648));
#782 = CARTESIAN_POINT('',(-0.648517655954,-30.96031098785));
#783 = CARTESIAN_POINT('',(-0.766949980634,-30.92595119448));
#784 = CARTESIAN_POINT('',(-0.984012948686,-30.87030240504));
#785 = CARTESIAN_POINT('',(-1.085452940326,-30.8477242158));
#786 = CARTESIAN_POINT('',(-1.184692249617,-30.82953687831));
#787 = CARTESIAN_POINT('',(-1.282307282264,-30.81585208878));
#788 = CARTESIAN_POINT('',(-1.378843860201,-30.80671801619));
#789 = CARTESIAN_POINT('',(-1.474818564341,-30.80215089892));
#790 = CARTESIAN_POINT('',(-1.690966926973,-30.80215089892));
#791 = CARTESIAN_POINT('',(-1.81116582545,-30.8093104111));
#792 = CARTESIAN_POINT('',(-1.932521856231,-30.82363780563));
#793 = CARTESIAN_POINT('',(-2.055988548196,-30.84510230336));
#794 = CARTESIAN_POINT('',(-2.182639149259,-30.87357249967));
#795 = CARTESIAN_POINT('',(-2.313579970046,-30.90868337679));
#796 = CARTESIAN_POINT('',(-2.572131912213,-30.98619654565));
#797 = CARTESIAN_POINT('',(-2.702034345231,-31.02841686613));
#798 = CARTESIAN_POINT('',(-2.836814405262,-31.07487514244));
#799 = CARTESIAN_POINT('',(-2.974650355342,-31.1231609569));
#800 = CARTESIAN_POINT('',(-3.114147016795,-31.17069676496));
#801 = CARTESIAN_POINT('',(-3.254105454934,-31.21552684389));
#802 = CARTESIAN_POINT('',(-3.482683581848,-31.28268536266));
#803 = CARTESIAN_POINT('',(-3.572443418499,-31.30750721846));
#804 = CARTESIAN_POINT('',(-3.662196312465,-31.33051384199));
#805 = CARTESIAN_POINT('',(-3.751952608669,-31.35152326954));
#806 = CARTESIAN_POINT('',(-3.841717959065,-31.37042200589));
#807 = CARTESIAN_POINT('',(-3.931485512628,-31.38714876268));
#808 = CARTESIAN_POINT('',(-4.119979832305,-31.41765631915));
#809 = CARTESIAN_POINT('',(-4.218715228706,-31.43097635202));
#810 = CARTESIAN_POINT('',(-4.317441896385,-31.44159945148));
#811 = CARTESIAN_POINT('',(-4.416172946062,-31.44954207314));
#812 = CARTESIAN_POINT('',(-4.514915676646,-31.45482875433));
#813 = CARTESIAN_POINT('',(-4.613661696852,-31.45747129061));
#814 = CARTESIAN_POINT('',(-4.835986749019,-31.45747129061));
#815 = CARTESIAN_POINT('',(-4.959646363343,-31.4533295953));
#816 = CARTESIAN_POINT('',(-5.084707322209,-31.44503982751));
#817 = CARTESIAN_POINT('',(-5.212318368614,-31.43228955749));
#818 = CARTESIAN_POINT('',(-5.343683632203,-31.41453704543));
#819 = CARTESIAN_POINT('',(-5.480094135116,-31.39093169867));
#820 = CARTESIAN_POINT('',(-5.711014149525,-31.34189157027));
#821 = CARTESIAN_POINT('',(-5.801916913772,-31.32058523553));
#822 = CARTESIAN_POINT('',(-5.895291188941,-31.29656090938));
#823 = CARTESIAN_POINT('',(-5.990529358442,-31.26992911755));
#824 = CARTESIAN_POINT('',(-6.087178366772,-31.24095753241));
#825 = CARTESIAN_POINT('',(-6.184855440625,-31.21008593591));
#826 = CARTESIAN_POINT('',(-6.28318530718,-31.17791686434));
#827 = ( GEOMETRIC_REPRESENTATION_CONTEXT(2) 
PARAMETRIC_REPRESENTATION_CONTEXT() REPRESENTATION_CONTEXT('2D SPACE',''
  ) );
#828 = FACE_BOUND('',#829,.F.);
#829 = EDGE_LOOP('',(#830));
#830 = ORIENTED_EDGE('',*,*,#831,.F.);
#831 = EDGE_CURVE('',#832,#832,#834,.T.);
#832 = VERTEX_POINT('',#833);
#833 = CARTESIAN_POINT('',(41.7,10.,-30.13407539646));
#834 = SURFACE_CURVE('',#835,(#886,#940),.PCURVE_S1.);
#835 = B_SPLINE_CURVE_WITH_KNOTS('',7,(#836,#837,#838,#839,#840,#841,
    #842,#843,#844,#845,#846,#847,#848,#849,#850,#851,#852,#853,#854,
    #855,#856,#857,#858,#859,#860,#861,#862,#863,#864,#865,#866,#867,
    #868,#869,#870,#871,#872,#873,#874,#875,#876,#877,#878,#879,#880,
    #881,#882,#883,#884,#885),.UNSPECIFIED.,.T.,.F.,(8,6,6,6,6,6,6,6,8),
  (0.,0.143400936544,0.271729536268,0.422103225941,0.553255713244,
    0.668327561863,0.783428337069,0.912078577509,1.),.UNSPECIFIED.);
#836 = CARTESIAN_POINT('',(41.7,10.,-30.13407539646));
#837 = CARTESIAN_POINT('',(41.7,10.228435662453,-30.05826896821));
#838 = CARTESIAN_POINT('',(41.664188458971,10.452205331237,
    -29.98176811616));
#839 = CARTESIAN_POINT('',(41.595197073982,10.664764119716,
    -29.90688633606));
#840 = CARTESIAN_POINT('',(41.496988280722,10.860467195144,
    -29.8360201105));
#841 = CARTESIAN_POINT('',(41.374724685495,11.03485467385,
    -29.77145060762));
#842 = CARTESIAN_POINT('',(41.23459725274,11.184973914448,
    -29.71492428581));
#843 = CARTESIAN_POINT('',(40.948512885269,11.421643485838,
    -29.62470030937));
#844 = CARTESIAN_POINT('',(40.802953892169,11.514675172322,
    -29.58867168568));
#845 = CARTESIAN_POINT('',(40.64961839044,11.588941535075,
    -29.55957080928));
#846 = CARTESIAN_POINT('',(40.490744234046,11.644519371584,
    -29.53762378345));
#847 = CARTESIAN_POINT('',(40.328303720392,11.681512905163,
    -29.52295981233));
#848 = CARTESIAN_POINT('',(40.164130182971,11.7,-29.51563145182));
#849 = CARTESIAN_POINT('',(39.80767450706,11.7,-29.51563145182));
#850 = CARTESIAN_POINT('',(39.615219434071,11.674615672695,
    -29.52569378184));
#851 = CARTESIAN_POINT('',(39.425516263717,11.623782972362,
    -29.54584397967));
#852 = CARTESIAN_POINT('',(39.241574736515,11.547342777861,
    -29.57598543763));
#853 = CARTESIAN_POINT('',(39.066722617698,11.44514506194,
    -29.61585840058));
#854 = CARTESIAN_POINT('',(38.904830773846,11.317156970803,
    -29.66498472521));
#855 = CARTESIAN_POINT('',(38.635092290405,11.029914660764,
    -29.7728721369));
#856 = CARTESIAN_POINT('',(38.521424200031,10.875088419795,
    -29.83022236107));
#857 = CARTESIAN_POINT('',(38.425776329903,10.700959378095,
    -29.89357336745));
#858 = CARTESIAN_POINT('',(38.353101688349,10.510865289255,
    -29.96118487572));
#859 = CARTESIAN_POINT('',(38.307132780744,10.309304299441,
    -30.03099786513));
#860 = CARTESIAN_POINT('',(38.29024939548,10.101556768521,
    -30.10098180876));
#861 = CARTESIAN_POINT('',(38.314852900218,9.710495259152,
    -30.22922055188));
#862 = CARTESIAN_POINT('',(38.349319466014,9.529189278035,
    -30.28724489409));
#863 = CARTESIAN_POINT('',(38.406525631032,9.352818948054,
    -30.34227229083));
#864 = CARTESIAN_POINT('',(38.485598702451,9.184763519887,
    -30.39341124261));
#865 = CARTESIAN_POINT('',(38.585048802229,9.028221848198,
    -30.43996650176));
#866 = CARTESIAN_POINT('',(38.702806317232,8.886083998561,
    -30.48142079115));
#867 = CARTESIAN_POINT('',(38.969767072489,8.635391162774,
    -30.55338819659));
#868 = CARTESIAN_POINT('',(39.118997742705,8.526828216852,
    -30.58390371969));
#869 = CARTESIAN_POINT('',(39.281427255192,8.437419980367,
    -30.60858597973));
#870 = CARTESIAN_POINT('',(39.45411312485,8.369038497141,-30.62722390516
    ));
#871 = CARTESIAN_POINT('',(39.633775419177,8.323002658806,
    -30.63969126907));
#872 = CARTESIAN_POINT('',(39.816917907912,8.3,-30.6459214252));
#873 = CARTESIAN_POINT('',(40.204634200988,8.3,-30.6459214252));
#874 = CARTESIAN_POINT('',(40.409641833996,8.328736981842,
    -30.63813838355));
#875 = CARTESIAN_POINT('',(40.611795824862,8.38640589292,-30.62251986628
    ));
#876 = CARTESIAN_POINT('',(40.80758427563,8.473516524563,-30.59874429536
    ));
#877 = CARTESIAN_POINT('',(40.992883783628,8.590677611139,-30.5662786028
    ));
#878 = CARTESIAN_POINT('',(41.162597517838,8.738354330209,
    -30.52438484146));
#879 = CARTESIAN_POINT('',(41.410522359955,9.038043982836,
    -30.43669381895));
#880 = CARTESIAN_POINT('',(41.501314653714,9.174635768782,
    -30.39611049376));
#881 = CARTESIAN_POINT('',(41.578311681921,9.324592240033,
    -30.35072880618));
#882 = CARTESIAN_POINT('',(41.638407709113,9.485414729499,
    -30.30099249486));
#883 = CARTESIAN_POINT('',(41.67938974632,9.653959079057,-30.24761885754
    ));
#884 = CARTESIAN_POINT('',(41.7,9.826704435268,-30.19158357033));
#885 = CARTESIAN_POINT('',(41.7,10.,-30.13407539646));
#886 = PCURVE('',#33,#887);
#887 = DEFINITIONAL_REPRESENTATION('',(#888),#939);
#888 = B_SPLINE_CURVE_WITH_KNOTS('',7,(#889,#890,#891,#892,#893,#894,
    #895,#896,#897,#898,#899,#900,#901,#902,#903,#904,#905,#906,#907,
    #908,#909,#910,#911,#912,#913,#914,#915,#916,#917,#918,#919,#920,
    #921,#922,#923,#924,#925,#926,#927,#928,#929,#930,#931,#932,#933,
    #934,#935,#936,#937,#938),.UNSPECIFIED.,.F.,.F.,(8,6,6,6,6,6,6,6,8),
  (0.,0.143400936544,0.271729536268,0.422103225941,0.553255713244,
    0.668327561863,0.783428337069,0.912078577509,1.),.UNSPECIFIED.);
#889 = CARTESIAN_POINT('',(-5.032804152869,-41.7));
#890 = CARTESIAN_POINT('',(-5.040384795695,-41.7));
#891 = CARTESIAN_POINT('',(-5.047832847386,-41.66418845897));
#892 = CARTESIAN_POINT('',(-5.054930415247,-41.59519707398));
#893 = CARTESIAN_POINT('',(-5.061485612805,-41.49698828072));
#894 = CARTESIAN_POINT('',(-5.067342400301,-41.37472468549));
#895 = CARTESIAN_POINT('',(-5.072394605536,-41.23459725274));
#896 = CARTESIAN_POINT('',(-5.080372058539,-40.94851288526));
#897 = CARTESIAN_POINT('',(-5.08351420397,-40.80295389216));
#898 = CARTESIAN_POINT('',(-5.086026447674,-40.64961839044));
#899 = CARTESIAN_POINT('',(-5.087908468947,-40.49074423404));
#900 = CARTESIAN_POINT('',(-5.089161819879,-40.32830372039));
#901 = CARTESIAN_POINT('',(-5.089788169992,-40.16413018297));
#902 = CARTESIAN_POINT('',(-5.089788169992,-39.80767450706));
#903 = CARTESIAN_POINT('',(-5.088928140164,-39.61521943407));
#904 = CARTESIAN_POINT('',(-5.087205909638,-39.42551626371));
#905 = CARTESIAN_POINT('',(-5.084617938071,-39.24157473651));
#906 = CARTESIAN_POINT('',(-5.081162853508,-39.06672261769));
#907 = CARTESIAN_POINT('',(-5.076845092253,-38.90483077384));
#908 = CARTESIAN_POINT('',(-5.067180991552,-38.6350922904));
#909 = CARTESIAN_POINT('',(-5.061980835905,-38.52142420003));
#910 = CARTESIAN_POINT('',(-5.056144930367,-38.4257763299));
#911 = CARTESIAN_POINT('',(-5.049790623147,-38.35310168834));
#912 = CARTESIAN_POINT('',(-5.043072619809,-38.30713278074));
#913 = CARTESIAN_POINT('',(-5.036168320625,-38.29024939548));
#914 = CARTESIAN_POINT('',(-5.023206082348,-38.31485290021));
#915 = CARTESIAN_POINT('',(-5.01721049899,-38.34931946601));
#916 = CARTESIAN_POINT('',(-5.011391681964,-38.40652563103));
#917 = CARTESIAN_POINT('',(-5.005859175529,-38.48559870245));
#918 = CARTESIAN_POINT('',(-5.000715430307,-38.58504880222));
#919 = CARTESIAN_POINT('',(-4.996052178891,-38.70280631723));
#920 = CARTESIAN_POINT('',(-4.987837428093,-38.96976707248));
#921 = CARTESIAN_POINT('',(-4.984285667703,-39.1189977427));
#922 = CARTESIAN_POINT('',(-4.981364359677,-39.28142725519));
#923 = CARTESIAN_POINT('',(-4.979132054033,-39.45411312485));
#924 = CARTESIAN_POINT('',(-4.97762987175,-39.63377541917));
#925 = CARTESIAN_POINT('',(-4.976879276585,-39.81691790791));
#926 = CARTESIAN_POINT('',(-4.976879276585,-40.20463420098));
#927 = CARTESIAN_POINT('',(-4.977816986968,-40.40964183399));
#928 = CARTESIAN_POINT('',(-4.979698765068,-40.61179582486));
#929 = CARTESIAN_POINT('',(-4.982542759689,-40.80758427563));
#930 = CARTESIAN_POINT('',(-4.986371860442,-40.99288378362));
#931 = CARTESIAN_POINT('',(-4.991206470234,-41.16259751783));
#932 = CARTESIAN_POINT('',(-5.001041294479,-41.41052235995));
#933 = CARTESIAN_POINT('',(-5.005529232294,-41.50131465371));
#934 = CARTESIAN_POINT('',(-5.010463709599,-41.57831168192));
#935 = CARTESIAN_POINT('',(-5.015765493236,-41.63840770911));
#936 = CARTESIAN_POINT('',(-5.021333576118,-41.67938974632));
#937 = CARTESIAN_POINT('',(-5.027053335482,-41.7));
#938 = CARTESIAN_POINT('',(-5.032804152869,-41.7));
#939 = ( GEOMETRIC_REPRESENTATION_CONTEXT(2) 
PARAMETRIC_REPRESENTATION_CONTEXT() REPRESENTATION_CONTEXT('2D SPACE',''
  ) );
#940 = PCURVE('',#941,#946);
#941 = CYLINDRICAL_SURFACE('',#942,1.7);
#942 = AXIS2_PLACEMENT_3D('',#943,#944,#945);
#943 = CARTESIAN_POINT('',(40.,10.,0.));
#944 = DIRECTION('',(0.,0.,1.));
#945 = DIRECTION('',(1.,0.,0.));
#946 = DEFINITIONAL_REPRESENTATION('',(#947),#998);
#947 = B_SPLINE_CURVE_WITH_KNOTS('',7,(#948,#949,#950,#951,#952,#953,
    #954,#955,#956,#957,#958,#959,#960,#961,#962,#963,#964,#965,#966,
    #967,#968,#969,#970,#971,#972,#973,#974,#975,#976,#977,#978,#979,
    #980,#981,#982,#983,#984,#985,#986,#987,#988,#989,#990,#991,#992,
    #993,#994,#995,#996,#997),.UNSPECIFIED.,.F.,.F.,(8,6,6,6,6,6,6,6,8),
  (0.,0.143400936544,0.271729536268,0.422103225941,0.553255713244,
    0.668327561863,0.783428337069,0.912078577509,1.),.UNSPECIFIED.);
#948 = CARTESIAN_POINT('',(0.,-30.13407539646));
#949 = CARTESIAN_POINT('',(0.13437391909,-30.05826896821));
#950 = CARTESIAN_POINT('',(0.266003192604,-29.98176811616));
#951 = CARTESIAN_POINT('',(0.395000334165,-29.90688633606));
#952 = CARTESIAN_POINT('',(0.521281804962,-29.8360201105));
#953 = CARTESIAN_POINT('',(0.644585803391,-29.77145060762));
#954 = CARTESIAN_POINT('',(0.764385512161,-29.71492428581));
#955 = CARTESIAN_POINT('',(0.982791780476,-29.62470030937));
#956 = CARTESIAN_POINT('',(1.083648956804,-29.58867168568));
#957 = CARTESIAN_POINT('',(1.182783103598,-29.55957080928));
#958 = CARTESIAN_POINT('',(1.28065493876,-29.53762378345));
#959 = CARTESIAN_POINT('',(1.377675885658,-29.52295981233));
#960 = CARTESIAN_POINT('',(1.474249160341,-29.51563145182));
#961 = CARTESIAN_POINT('',(1.683928969701,-29.51563145182));
#962 = CARTESIAN_POINT('',(1.797137622079,-29.52569378184));
#963 = CARTESIAN_POINT('',(1.911093764201,-29.54584397967));
#964 = CARTESIAN_POINT('',(2.026402082483,-29.57598543763));
#965 = CARTESIAN_POINT('',(2.143731955332,-29.61585840058));
#966 = CARTESIAN_POINT('',(2.263803837411,-29.66498472521));
#967 = CARTESIAN_POINT('',(2.49559167899,-29.7728721369));
#968 = CARTESIAN_POINT('',(2.607753275344,-29.83022236107));
#969 = CARTESIAN_POINT('',(2.722991823163,-29.89357336745));
#970 = CARTESIAN_POINT('',(2.840656531671,-29.96118487572));
#971 = CARTESIAN_POINT('',(2.960312822892,-30.03099786513));
#972 = CARTESIAN_POINT('',(3.08165244892,-30.10098180876));
#973 = CARTESIAN_POINT('',(3.312143452246,-30.22922055188));
#974 = CARTESIAN_POINT('',(3.419856344751,-30.28724489409));
#975 = CARTESIAN_POINT('',(3.527554425087,-30.34227229083));
#976 = CARTESIAN_POINT('',(3.63525750427,-30.39341124261));
#977 = CARTESIAN_POINT('',(3.742979535539,-30.43996650176));
#978 = CARTESIAN_POINT('',(3.850709376821,-30.48142079115));
#979 = CARTESIAN_POINT('',(4.066131183027,-30.55338819659));
#980 = CARTESIAN_POINT('',(4.173837479104,-30.58390371969));
#981 = CARTESIAN_POINT('',(4.281532900521,-30.60858597973));
#982 = CARTESIAN_POINT('',(4.389238129143,-30.62722390516));
#983 = CARTESIAN_POINT('',(4.496963093791,-30.63969126907));
#984 = CARTESIAN_POINT('',(4.604693632098,-30.6459214252));
#985 = CARTESIAN_POINT('',(4.832762039789,-30.6459214252));
#986 = CARTESIAN_POINT('',(4.953354178401,-30.63813838355));
#987 = CARTESIAN_POINT('',(5.0751198463,-30.62251986628));
#988 = CARTESIAN_POINT('',(5.198877012591,-30.59874429536));
#989 = CARTESIAN_POINT('',(5.325555855171,-30.5662786028));
#990 = CARTESIAN_POINT('',(5.456124836347,-30.52438484146));
#991 = CARTESIAN_POINT('',(5.684917829343,-30.43669381895));
#992 = CARTESIAN_POINT('',(5.780869598339,-30.39611049376));
#993 = CARTESIAN_POINT('',(5.879017385521,-30.35072880618));
#994 = CARTESIAN_POINT('',(5.978756412159,-30.30099249486));
#995 = CARTESIAN_POINT('',(6.079632356481,-30.24761885754));
#996 = CARTESIAN_POINT('',(6.18124673969,-30.19158357033));
#997 = CARTESIAN_POINT('',(6.28318530718,-30.13407539646));
#998 = ( GEOMETRIC_REPRESENTATION_CONTEXT(2) 
PARAMETRIC_REPRESENTATION_CONTEXT() REPRESENTATION_CONTEXT('2D SPACE',''
  ) );
#999 = FACE_BOUND('',#1000,.F.);
#1000 = EDGE_LOOP('',(#1001));
#1001 = ORIENTED_EDGE('',*,*,#1002,.F.);
#1002 = EDGE_CURVE('',#1003,#1003,#1005,.T.);
#1003 = VERTEX_POINT('',#1004);
#1004 = CARTESIAN_POINT('',(41.7,30.725600075507,-8.));
#1005 = SURFACE_CURVE('',#1006,(#1058,#1113),.PCURVE_S1.);
#1006 = B_SPLINE_CURVE_WITH_KNOTS('',8,(#1007,#1008,#1009,#1010,#1011,
    #1012,#1013,#1014,#1015,#1016,#1017,#1018,#1019,#1020,#1021,#1022,
    #1023,#1024,#1025,#1026,#1027,#1028,#1029,#1030,#1031,#1032,#1033,
    #1034,#1035,#1036,#1037,#1038,#1039,#1040,#1041,#1042,#1043,#1044,
    #1045,#1046,#1047,#1048,#1049,#1050,#1051,#1052,#1053,#1054,#1055,
    #1056,#1057),.UNSPECIFIED.,.T.,.F.,(9,7,7,7,7,7,7,9),(0.,
    0.134747638322,0.249050749386,0.398540333116,0.533562215521,
    0.748829102333,0.868677328967,1.),.UNSPECIFIED.);
#1007 = CARTESIAN_POINT('',(41.7,30.725600075507,-8.));
#1008 = CARTESIAN_POINT('',(41.7,30.779668982079,-7.79233755002));
#1009 = CARTESIAN_POINT('',(41.671009251652,30.831185886441,
    -7.587898264266));
#1010 = CARTESIAN_POINT('',(41.614603000378,30.878994146522,
    -7.39152908881));
#1011 = CARTESIAN_POINT('',(41.533340827468,30.922275559342,
    -7.207616605819));
#1012 = CARTESIAN_POINT('',(41.430708595116,30.960546484205,
    -7.039907150173));
#1013 = CARTESIAN_POINT('',(41.311055445151,30.993599015809,
    -6.891275160029));
#1014 = CARTESIAN_POINT('',(41.179520259595,31.021446032121,
    -6.763453122913));
#1015 = CARTESIAN_POINT('',(40.925237726206,31.063739951975,
    -6.566211371746));
#1016 = CARTESIAN_POINT('',(40.802163925309,31.079915175249,
    -6.48930478659));
#1017 = CARTESIAN_POINT('',(40.674238160331,31.093081049727,
    -6.425740499248));
#1018 = CARTESIAN_POINT('',(40.542714520746,31.103421791655,
    -6.375242707098));
#1019 = CARTESIAN_POINT('',(40.408647854401,31.111078826186,
    -6.337565628965));
#1020 = CARTESIAN_POINT('',(40.27295448666,31.116149360331,
    -6.312520505484));
#1021 = CARTESIAN_POINT('',(40.136469417993,31.118684098143,-6.3));
#1022 = CARTESIAN_POINT('',(39.8215205492,31.118684098143,-6.3));
#1023 = CARTESIAN_POINT('',(39.642891139877,31.114348710289,
    -6.321414312769));
#1024 = CARTESIAN_POINT('',(39.465927091467,31.105664552309,
    -6.364310376093));
#1025 = CARTESIAN_POINT('',(39.292601349128,31.092475639144,
    -6.429030874229));
#1026 = CARTESIAN_POINT('',(39.125202821192,31.074505893235,
    -6.516088862745));
#1027 = CARTESIAN_POINT('',(38.966499766564,31.051362045484,
    -6.626059563304));
#1028 = CARTESIAN_POINT('',(38.819965975509,31.022547385241,
    -6.759431446069));
#1029 = CARTESIAN_POINT('',(38.572854854287,30.955876531582,
    -7.058137479103));
#1030 = CARTESIAN_POINT('',(38.46690648746,30.918545503879,
    -7.221904438565));
#1031 = CARTESIAN_POINT('',(38.379889406632,30.8756739742,
    -7.405108133835));
#1032 = CARTESIAN_POINT('',(38.317445924034,30.827816561689,
    -7.603253795096));
#1033 = CARTESIAN_POINT('',(38.283185127074,30.775959062183,
    -7.810540705401));
#1034 = CARTESIAN_POINT('',(38.278609172925,30.721546830906,
    -8.020479782753));
#1035 = CARTESIAN_POINT('',(38.30302207058,30.666400646577,
    -8.226530131158));
#1036 = CARTESIAN_POINT('',(38.433740471162,30.526321612907,
    -8.735644687832));
#1037 = CARTESIAN_POINT('',(38.577048799142,30.446425856833,
    -9.01173576765));
#1038 = CARTESIAN_POINT('',(38.765711733593,30.37640141133,
    -9.243385781718));
#1039 = CARTESIAN_POINT('',(38.986650950417,30.318793241107,
    -9.428174655462));
#1040 = CARTESIAN_POINT('',(39.228946144044,30.275177121621,
    -9.565358363402));
#1041 = CARTESIAN_POINT('',(39.483618703976,30.246233067299,
    -9.655572268345));
#1042 = CARTESIAN_POINT('',(39.742924246819,30.231978102665,-9.7));
#1043 = CARTESIAN_POINT('',(40.143124999788,30.231978102665,-9.7));
#1044 = CARTESIAN_POINT('',(40.286266727652,30.236396606339,
    -9.686228842538));
#1045 = CARTESIAN_POINT('',(40.428413645312,30.245235665371,
    -9.658680208943));
#1046 = CARTESIAN_POINT('',(40.568519872008,30.258483265032,
    -9.617270589557));
#1047 = CARTESIAN_POINT('',(40.705459261302,30.276106767052,
    -9.561860195048));
#1048 = CARTESIAN_POINT('',(40.837973798199,30.298043498005,
    -9.492273893781));
#1049 = CARTESIAN_POINT('',(40.96460797228,30.324189367596,
    -9.408328471886));
#1050 = CARTESIAN_POINT('',(41.214028053284,30.387474543063,
    -9.201990236109));
#1051 = CARTESIAN_POINT('',(41.3373279134,30.425945075371,-9.07499576454
    ));
#1052 = CARTESIAN_POINT('',(41.44882934465,30.469376393449,
    -8.929301586507));
#1053 = CARTESIAN_POINT('',(41.544285250951,30.516957921321,
    -8.766390679872));
#1054 = CARTESIAN_POINT('',(41.619962806552,30.567600793764,
    -8.588625150141));
#1055 = CARTESIAN_POINT('',(41.672707677473,30.620075895186,
    -8.399093784383));
#1056 = CARTESIAN_POINT('',(41.7,30.67313866455,-8.201488541558));
#1057 = CARTESIAN_POINT('',(41.7,30.725600075507,-8.));
#1058 = PCURVE('',#33,#1059);
#1059 = DEFINITIONAL_REPRESENTATION('',(#1060),#1112);
#1060 = B_SPLINE_CURVE_WITH_KNOTS('',8,(#1061,#1062,#1063,#1064,#1065,
    #1066,#1067,#1068,#1069,#1070,#1071,#1072,#1073,#1074,#1075,#1076,
    #1077,#1078,#1079,#1080,#1081,#1082,#1083,#1084,#1085,#1086,#1087,
    #1088,#1089,#1090,#1091,#1092,#1093,#1094,#1095,#1096,#1097,#1098,
    #1099,#1100,#1101,#1102,#1103,#1104,#1105,#1106,#1107,#1108,#1109,
    #1110,#1111),.UNSPECIFIED.,.T.,.F.,(9,7,7,7,7,7,7,9),(0.,
    0.134747638322,0.249050749386,0.398540333116,0.533562215521,
    0.748829102333,0.868677328967,1.),.UNSPECIFIED.);
#1061 = CARTESIAN_POINT('',(-6.028471454619,-41.7));
#1062 = CARTESIAN_POINT('',(-6.03523006794,-41.7));
#1063 = CARTESIAN_POINT('',(-6.041870187992,-41.67100925165));
#1064 = CARTESIAN_POINT('',(-6.048235365281,-41.61460300037));
#1065 = CARTESIAN_POINT('',(-6.05418582394,-41.53334082746));
#1066 = CARTESIAN_POINT('',(-6.059603615449,-41.43070859511));
#1067 = CARTESIAN_POINT('',(-6.064399219286,-41.31105544515));
#1068 = CARTESIAN_POINT('',(-6.068519518087,-41.17952025959));
#1069 = CARTESIAN_POINT('',(-6.074873069859,-40.9252377262));
#1070 = CARTESIAN_POINT('',(-6.077348301006,-40.8021639253));
#1071 = CARTESIAN_POINT('',(-6.07939280722,-40.67423816033));
#1072 = CARTESIAN_POINT('',(-6.081016289731,-40.54271452074));
#1073 = CARTESIAN_POINT('',(-6.082227227115,-40.4086478544));
#1074 = CARTESIAN_POINT('',(-6.08303205354,-40.27295448666));
#1075 = CARTESIAN_POINT('',(-6.08343440024,-40.13646941799));
#1076 = CARTESIAN_POINT('',(-6.08343440024,-39.8215205492));
#1077 = CARTESIAN_POINT('',(-6.082746250197,-39.64289113987));
#1078 = CARTESIAN_POINT('',(-6.081367785093,-39.46592709146));
#1079 = CARTESIAN_POINT('',(-6.079287450654,-39.29260134912));
#1080 = CARTESIAN_POINT('',(-6.076487683924,-39.12520282119));
#1081 = CARTESIAN_POINT('',(-6.072948230074,-38.96649976656));
#1082 = CARTESIAN_POINT('',(-6.068650722266,-38.8199659755));
#1083 = CARTESIAN_POINT('',(-6.059011162091,-38.57285485428));
#1084 = CARTESIAN_POINT('',(-6.053720890143,-38.46690648746));
#1085 = CARTESIAN_POINT('',(-6.047794968047,-38.37988940663));
#1086 = CARTESIAN_POINT('',(-6.041375070135,-38.31744592403));
#1087 = CARTESIAN_POINT('',(-6.034645600612,-38.28318512707));
#1088 = CARTESIAN_POINT('',(-6.027815232605,-38.27860917292));
#1089 = CARTESIAN_POINT('',(-6.021097213679,-38.30302207058));
#1090 = CARTESIAN_POINT('',(-6.004466225658,-38.43374047116));
#1091 = CARTESIAN_POINT('',(-5.995414450643,-38.57704879914));
#1092 = CARTESIAN_POINT('',(-5.987793087037,-38.76571173359));
#1093 = CARTESIAN_POINT('',(-5.98169686251,-38.98665095041));
#1094 = CARTESIAN_POINT('',(-5.977163025978,-39.22894614404));
#1095 = CARTESIAN_POINT('',(-5.974178975714,-39.48361870397));
#1096 = CARTESIAN_POINT('',(-5.972709413905,-39.74292424681));
#1097 = CARTESIAN_POINT('',(-5.972709413905,-40.14312499978));
#1098 = CARTESIAN_POINT('',(-5.973164930126,-40.28626672765));
#1099 = CARTESIAN_POINT('',(-5.974076171787,-40.42841364531));
#1100 = CARTESIAN_POINT('',(-5.975445527783,-40.568519872));
#1101 = CARTESIAN_POINT('',(-5.977276876386,-40.7054592613));
#1102 = CARTESIAN_POINT('',(-5.979574878842,-40.83797379819));
#1103 = CARTESIAN_POINT('',(-5.982344078647,-40.96460797228));
#1104 = CARTESIAN_POINT('',(-5.989141720116,-41.21402805328));
#1105 = CARTESIAN_POINT('',(-5.99332101888,-41.3373279134));
#1106 = CARTESIAN_POINT('',(-5.998109282489,-41.44882934465));
#1107 = CARTESIAN_POINT('',(-6.003454529509,-41.54428525095));
#1108 = CARTESIAN_POINT('',(-6.009275932556,-41.61996280655));
#1109 = CARTESIAN_POINT('',(-6.015469691153,-41.67270767747));
#1110 = CARTESIAN_POINT('',(-6.021913778249,-41.7));
#1111 = CARTESIAN_POINT('',(-6.028471454619,-41.7));
#1112 = ( GEOMETRIC_REPRESENTATION_CONTEXT(2) 
PARAMETRIC_REPRESENTATION_CONTEXT() REPRESENTATION_CONTEXT('2D SPACE',''
  ) );
#1113 = PCURVE('',#1114,#1119);
#1114 = CYLINDRICAL_SURFACE('',#1115,1.7);
#1115 = AXIS2_PLACEMENT_3D('',#1116,#1117,#1118);
#1116 = CARTESIAN_POINT('',(40.,0.,-8.));
#1117 = DIRECTION('',(0.,-1.,0.));
#1118 = DIRECTION('',(1.,0.,0.));
#1119 = DEFINITIONAL_REPRESENTATION('',(#1120),#1172);
#1120 = B_SPLINE_CURVE_WITH_KNOTS('',8,(#1121,#1122,#1123,#1124,#1125,
    #1126,#1127,#1128,#1129,#1130,#1131,#1132,#1133,#1134,#1135,#1136,
    #1137,#1138,#1139,#1140,#1141,#1142,#1143,#1144,#1145,#1146,#1147,
    #1148,#1149,#1150,#1151,#1152,#1153,#1154,#1155,#1156,#1157,#1158,
    #1159,#1160,#1161,#1162,#1163,#1164,#1165,#1166,#1167,#1168,#1169,
    #1170,#1171),.UNSPECIFIED.,.F.,.F.,(9,7,7,7,7,7,7,9),(0.,
    0.134747638322,0.249050749386,0.398540333116,0.533562215521,
    0.748829102333,0.868677328967,1.),.UNSPECIFIED.);
#1121 = CARTESIAN_POINT('',(0.,-30.7256000755));
#1122 = CARTESIAN_POINT('',(0.122154382341,-30.77966898207));
#1123 = CARTESIAN_POINT('',(0.242412669223,-30.83118588644));
#1124 = CARTESIAN_POINT('',(0.360701891675,-30.87899414652));
#1125 = CARTESIAN_POINT('',(0.476855609497,-30.92227555934));
#1126 = CARTESIAN_POINT('',(0.59058189557,-30.9605464842));
#1127 = CARTESIAN_POINT('',(0.701419484675,-30.9935990158));
#1128 = CARTESIAN_POINT('',(0.808640962377,-31.02144603212));
#1129 = CARTESIAN_POINT('',(0.997943008778,-31.06373995197));
#1130 = CARTESIAN_POINT('',(1.082875384238,-31.07991517524));
#1131 = CARTESIAN_POINT('',(1.166249538851,-31.09308104972));
#1132 = CARTESIAN_POINT('',(1.248398705311,-31.10342179165));
#1133 = CARTESIAN_POINT('',(1.32962784022,-31.11107882618));
#1134 = CARTESIAN_POINT('',(1.410234305711,-31.11614936033));
#1135 = CARTESIAN_POINT('',(1.490520198564,-31.11868409814));
#1136 = CARTESIAN_POINT('',(1.67578423903,-31.11868409814));
#1137 = CARTESIAN_POINT('',(1.780859866867,-31.11434871028));
#1138 = CARTESIAN_POINT('',(1.886721511806,-31.1056645523));
#1139 = CARTESIAN_POINT('',(1.993978484857,-31.09247563914));
#1140 = CARTESIAN_POINT('',(2.1032600691,-31.07450589323));
#1141 = CARTESIAN_POINT('',(2.215229244111,-31.05136204548));
#1142 = CARTESIAN_POINT('',(2.330623150126,-31.02254738524));
#1143 = CARTESIAN_POINT('',(2.558665215392,-30.95587653158));
#1144 = CARTESIAN_POINT('',(2.672617985027,-30.91854550387));
#1145 = CARTESIAN_POINT('',(2.790209834755,-30.8756739742));
#1146 = CARTESIAN_POINT('',(2.910091883612,-30.82781656168));
#1147 = CARTESIAN_POINT('',(3.031244119132,-30.77595906218));
#1148 = CARTESIAN_POINT('',(3.152769878014,-30.7215468309));
#1149 = CARTESIAN_POINT('',(3.273738901606,-30.66640064657));
#1150 = CARTESIAN_POINT('',(3.582931919824,-30.5263216129));
#1151 = CARTESIAN_POINT('',(3.761202935007,-30.44642585683));
#1152 = CARTESIAN_POINT('',(3.931223241718,-30.37640141133));
#1153 = CARTESIAN_POINT('',(4.094822809416,-30.3187932411));
#1154 = CARTESIAN_POINT('',(4.253565318926,-30.27517712162));
#1155 = CARTESIAN_POINT('',(4.408633772498,-30.24623306729));
#1156 = CARTESIAN_POINT('',(4.561167949102,-30.23197810266));
#1157 = CARTESIAN_POINT('',(4.796580156731,-30.23197810266));
#1158 = CARTESIAN_POINT('',(4.880781121327,-30.23639660633));
#1159 = CARTESIAN_POINT('',(4.965306487527,-30.24523566537));
#1160 = CARTESIAN_POINT('',(5.050450652748,-30.25848326503));
#1161 = CARTESIAN_POINT('',(5.136513377234,-30.27610676705));
#1162 = CARTESIAN_POINT('',(5.223809165506,-30.298043498));
#1163 = CARTESIAN_POINT('',(5.31268104847,-30.32418936759));
#1164 = CARTESIAN_POINT('',(5.503096587831,-30.38747454306));
#1165 = CARTESIAN_POINT('',(5.606598607412,-30.42594507537));
#1166 = CARTESIAN_POINT('',(5.713268385258,-30.46937639344));
#1167 = CARTESIAN_POINT('',(5.822629173392,-30.51695792132));
#1168 = CARTESIAN_POINT('',(5.934398270815,-30.56760079376));
#1169 = CARTESIAN_POINT('',(6.048424239706,-30.62007589518));
#1170 = CARTESIAN_POINT('',(6.164662635675,-30.67313866455));
#1171 = CARTESIAN_POINT('',(6.28318530718,-30.7256000755));
#1172 = ( GEOMETRIC_REPRESENTATION_CONTEXT(2) 
PARAMETRIC_REPRESENTATION_CONTEXT() REPRESENTATION_CONTEXT('2D SPACE',''
  ) );
#1173 = FACE_BOUND('',#1174,.F.);
#1174 = EDGE_LOOP('',(#1175));
#1175 = ORIENTED_EDGE('',*,*,#1176,.F.);
#1176 = EDGE_CURVE('',#1177,#1177,#1179,.T.);
#1177 = VERTEX_POINT('',#1178);
#1178 = CARTESIAN_POINT('',(76.7,30.725600075507,8.));
#1179 = SURFACE_CURVE('',#1180,(#1231,#1285),.PCURVE_S1.);
#1180 = B_SPLINE_CURVE_WITH_KNOTS('',7,(#1181,#1182,#1183,#1184,#1185,
    #1186,#1187,#1188,#1189,#1190,#1191,#1192,#1193,#1194,#1195,#1196,
    #1197,#1198,#1199,#1200,#1201,#1202,#1203,#1204,#1205,#1206,#1207,
    #1208,#1209,#1210,#1211,#1212,#1213,#1214,#1215,#1216,#1217,#1218,
    #1219,#1220,#1221,#1222,#1223,#1224,#1225,#1226,#1227,#1228,#1229,
    #1230),.UNSPECIFIED.,.T.,.F.,(8,6,6,6,6,6,6,6,8),(0.,0.143458894943,
    0.274350290572,0.427544897087,0.558507497854,0.672792901431,
    0.787105205036,0.918603925898,1.),.UNSPECIFIED.);
#1181 = CARTESIAN_POINT('',(76.7,30.725600075507,8.));
#1182 = CARTESIAN_POINT('',(76.7,30.665624084418,8.230349789541));
#1183 = CARTESIAN_POINT('',(76.663585841302,30.604861980128,
    8.455456025322));
#1184 = CARTESIAN_POINT('',(76.593739618012,30.545213493888,
    8.668632810172));
#1185 = CARTESIAN_POINT('',(76.494778540952,30.488685161788,
    8.864204061111));
#1186 = CARTESIAN_POINT('',(76.372235979813,30.437202851811,
    9.037768120595));
#1187 = CARTESIAN_POINT('',(76.232699043985,30.392211919933,
    9.186544249298));
#1188 = CARTESIAN_POINT('',(75.947602296568,30.319874529886,
    9.422396790324));
#1189 = CARTESIAN_POINT('',(75.801426241669,30.290765735561,
    9.515568613795));
#1190 = CARTESIAN_POINT('',(75.647876533168,30.267311321102,
    9.589635314699));
#1191 = CARTESIAN_POINT('',(75.489165159929,30.249655746075,
    9.644904177258));
#1192 = CARTESIAN_POINT('',(75.327168698892,30.237869615124,
    9.681637915401));
#1193 = CARTESIAN_POINT('',(75.163573781699,30.231978102665,9.7));
#1194 = CARTESIAN_POINT('',(74.808554099349,30.231978102665,9.7));
#1195 = CARTESIAN_POINT('',(74.61703009037,30.240048325897,
    9.674847459237));
#1196 = CARTESIAN_POINT('',(74.428026264302,30.256201911293,
    9.62450205298));
#1197 = CARTESIAN_POINT('',(74.244304659385,30.280395916958,
    9.548642215381));
#1198 = CARTESIAN_POINT('',(74.069043934408,30.312487037404,
    9.446809422363));
#1199 = CARTESIAN_POINT('',(73.906135274928,30.352155511254,
    9.31854612336));
#1200 = CARTESIAN_POINT('',(73.636469603021,30.438721373217,
    9.03138134973));
#1201 = CARTESIAN_POINT('',(73.523065041287,30.484353725231,
    8.877572355724));
#1202 = CARTESIAN_POINT('',(73.427064768758,30.534823618727,
    8.703877551316));
#1203 = CARTESIAN_POINT('',(73.353810849336,30.588656063433,
    8.513626289744));
#1204 = CARTESIAN_POINT('',(73.307325710122,30.64409475633,
    8.311415527481));
#1205 = CARTESIAN_POINT('',(73.290178320964,30.699441730008,
    8.102686465604));
#1206 = CARTESIAN_POINT('',(73.314852897671,30.800103313668,
    7.710495299635));
#1207 = CARTESIAN_POINT('',(73.349318574078,30.845287202401,
    7.529191401209));
#1208 = CARTESIAN_POINT('',(73.406526638456,30.887901790515,
    7.352816861293));
#1209 = CARTESIAN_POINT('',(73.485599656817,30.927279396523,
    7.184761425517));
#1210 = CARTESIAN_POINT('',(73.585047720143,30.962932206174,
    7.028224041514));
#1211 = CARTESIAN_POINT('',(73.702806009528,30.99452850246,
    6.886084287514));
#1212 = CARTESIAN_POINT('',(73.969765244501,31.04916299979,
    6.635392879369));
#1213 = CARTESIAN_POINT('',(74.118995936918,31.07220420927,
    6.526828232381));
#1214 = CARTESIAN_POINT('',(74.28143076593,31.090751655195,
    6.437418372062));
#1215 = CARTESIAN_POINT('',(74.454116140099,31.104707867366,
    6.369037861688));
#1216 = CARTESIAN_POINT('',(74.633772811362,31.114026759406,
    6.323003723557));
#1217 = CARTESIAN_POINT('',(74.816916151288,31.118684098143,6.3));
#1218 = CARTESIAN_POINT('',(75.210609804519,31.118684098143,6.3));
#1219 = CARTESIAN_POINT('',(75.421491630536,31.112521192943,
    6.330440996436));
#1220 = CARTESIAN_POINT('',(75.629402467095,31.100167912432,
    6.391462296305));
#1221 = CARTESIAN_POINT('',(75.830798482121,31.081269994163,6.4838369582
    ));
#1222 = CARTESIAN_POINT('',(76.021167753878,31.055236741261,
    6.608555320905));
#1223 = CARTESIAN_POINT('',(76.194751454999,31.021188985292,
    6.766597406925));
#1224 = CARTESIAN_POINT('',(76.435190644383,30.951565619414,
    7.076569742096));
#1225 = CARTESIAN_POINT('',(76.51812419857,30.921337326391,
    7.208674696947));
#1226 = CARTESIAN_POINT('',(76.588499023335,30.887591754551,
    7.352942227498));
#1227 = CARTESIAN_POINT('',(76.643489718817,30.850591561153,
    7.50714484071));
#1228 = CARTESIAN_POINT('',(76.681057691534,30.810795184046,
    7.668494359304));
#1229 = CARTESIAN_POINT('',(76.7,30.768856638268,7.833864518994));
#1230 = CARTESIAN_POINT('',(76.7,30.725600075507,8.));
#1231 = PCURVE('',#33,#1232);
#1232 = DEFINITIONAL_REPRESENTATION('',(#1233),#1284);
#1233 = B_SPLINE_CURVE_WITH_KNOTS('',7,(#1234,#1235,#1236,#1237,#1238,
    #1239,#1240,#1241,#1242,#1243,#1244,#1245,#1246,#1247,#1248,#1249,
    #1250,#1251,#1252,#1253,#1254,#1255,#1256,#1257,#1258,#1259,#1260,
    #1261,#1262,#1263,#1264,#1265,#1266,#1267,#1268,#1269,#1270,#1271,
    #1272,#1273,#1274,#1275,#1276,#1277,#1278,#1279,#1280,#1281,#1282,
    #1283),.UNSPECIFIED.,.F.,.F.,(8,6,6,6,6,6,6,6,8),(0.,0.143458894943,
    0.274350290572,0.427544897087,0.558507497854,0.672792901431,
    0.787105205036,0.918603925898,1.),.UNSPECIFIED.);
#1234 = CARTESIAN_POINT('',(-6.53789915974,-76.7));
#1235 = CARTESIAN_POINT('',(-6.545396158626,-76.7));
#1236 = CARTESIAN_POINT('',(-6.552739574315,-76.6635858413));
#1237 = CARTESIAN_POINT('',(-6.55971122629,-76.59373961801));
#1238 = CARTESIAN_POINT('',(-6.566122773298,-76.49477854095));
#1239 = CARTESIAN_POINT('',(-6.57182464112,-76.37223597981));
#1240 = CARTESIAN_POINT('',(-6.576720039061,-76.23269904398));
#1241 = CARTESIAN_POINT('',(-6.584490004756,-75.94760229656));
#1242 = CARTESIAN_POINT('',(-6.587564390209,-75.80142624166));
#1243 = CARTESIAN_POINT('',(-6.590011352381,-75.64787653316));
#1244 = CARTESIAN_POINT('',(-6.591838765006,-75.48916515992));
#1245 = CARTESIAN_POINT('',(-6.593053827583,-75.32716869889));
#1246 = CARTESIAN_POINT('',(-6.593661200454,-75.16357378169));
#1247 = CARTESIAN_POINT('',(-6.593661200454,-74.80855409934));
#1248 = CARTESIAN_POINT('',(-6.59282921603,-74.61703009037));
#1249 = CARTESIAN_POINT('',(-6.591163911896,-74.4280262643));
#1250 = CARTESIAN_POINT('',(-6.588656055889,-74.24430465938));
#1251 = CARTESIAN_POINT('',(-6.585293278623,-74.0690439344));
#1252 = CARTESIAN_POINT('',(-6.581064806032,-73.90613527492));
#1253 = CARTESIAN_POINT('',(-6.571618231198,-73.63646960302));
#1254 = CARTESIAN_POINT('',(-6.566565196812,-73.52306504128));
#1255 = CARTESIAN_POINT('',(-6.560868377115,-73.42706476875));
#1256 = CARTESIAN_POINT('',(-6.554641269551,-73.35381084933));
#1257 = CARTESIAN_POINT('',(-6.548037775744,-73.30732571012));
#1258 = CARTESIAN_POINT('',(-6.541236655575,-73.29017832096));
#1259 = CARTESIAN_POINT('',(-6.528483796404,-73.31485289767));
#1260 = CARTESIAN_POINT('',(-6.522598920484,-73.34931857407));
#1261 = CARTESIAN_POINT('',(-6.516884203631,-73.40652663845));
#1262 = CARTESIAN_POINT('',(-6.511447963274,-73.48559965681));
#1263 = CARTESIAN_POINT('',(-6.506391505858,-73.58504772014));
#1264 = CARTESIAN_POINT('',(-6.501805428784,-73.70280600952));
#1265 = CARTESIAN_POINT('',(-6.493724303111,-73.9697652445));
#1266 = CARTESIAN_POINT('',(-6.490228835308,-74.11899593691));
#1267 = CARTESIAN_POINT('',(-6.48735285627,-74.28143076593));
#1268 = CARTESIAN_POINT('',(-6.485154747449,-74.45411614009));
#1269 = CARTESIAN_POINT('',(-6.483675439861,-74.63377281136));
#1270 = CARTESIAN_POINT('',(-6.482936214119,-74.81691615128));
#1271 = CARTESIAN_POINT('',(-6.482936214119,-75.21060980451));
#1272 = CARTESIAN_POINT('',(-6.48391443743,-75.42149163053));
#1273 = CARTESIAN_POINT('',(-6.485875354904,-75.62940246709));
#1274 = CARTESIAN_POINT('',(-6.488845048291,-75.83079848212));
#1275 = CARTESIAN_POINT('',(-6.49285777527,-76.02116775387));
#1276 = CARTESIAN_POINT('',(-6.497949486304,-76.19475145499));
#1277 = CARTESIAN_POINT('',(-6.507955635403,-76.43519064438));
#1278 = CARTESIAN_POINT('',(-6.512223924601,-76.51812419857));
#1279 = CARTESIAN_POINT('',(-6.516890342682,-76.58849902333));
#1280 = CARTESIAN_POINT('',(-6.521884813944,-76.64348971881));
#1281 = CARTESIAN_POINT('',(-6.527118805384,-76.68105769153));
#1282 = CARTESIAN_POINT('',(-6.532492089395,-76.7));
#1283 = CARTESIAN_POINT('',(-6.53789915974,-76.7));
#1284 = ( GEOMETRIC_REPRESENTATION_CONTEXT(2) 
PARAMETRIC_REPRESENTATION_CONTEXT() REPRESENTATION_CONTEXT('2D SPACE',''
  ) );
#1285 = PCURVE('',#1286,#1291);
#1286 = CYLINDRICAL_SURFACE('',#1287,1.7);
#1287 = AXIS2_PLACEMENT_3D('',#1288,#1289,#1290);
#1288 = CARTESIAN_POINT('',(75.,0.,8.));
#1289 = DIRECTION('',(0.,-1.,0.));
#1290 = DIRECTION('',(1.,0.,0.));
#1291 = DEFINITIONAL_REPRESENTATION('',(#1292),#1343);
#1292 = B_SPLINE_CURVE_WITH_KNOTS('',7,(#1293,#1294,#1295,#1296,#1297,
    #1298,#1299,#1300,#1301,#1302,#1303,#1304,#1305,#1306,#1307,#1308,
    #1309,#1310,#1311,#1312,#1313,#1314,#1315,#1316,#1317,#1318,#1319,
    #1320,#1321,#1322,#1323,#1324,#1325,#1326,#1327,#1328,#1329,#1330,
    #1331,#1332,#1333,#1334,#1335,#1336,#1337,#1338,#1339,#1340,#1341,
    #1342),.UNSPECIFIED.,.F.,.F.,(8,6,6,6,6,6,6,6,8),(0.,0.143458894943,
    0.274350290572,0.427544897087,0.558507497854,0.672792901431,
    0.787105205036,0.918603925898,1.),.UNSPECIFIED.);
#1293 = CARTESIAN_POINT('',(0.,-30.7256000755));
#1294 = CARTESIAN_POINT('',(0.1354998762,-30.66562408441));
#1295 = CARTESIAN_POINT('',(0.267915340523,-30.60486198012));
#1296 = CARTESIAN_POINT('',(0.397376565643,-30.54521349388));
#1297 = CARTESIAN_POINT('',(0.523777825975,-30.48868516178));
#1298 = CARTESIAN_POINT('',(0.646806177544,-30.43720285181));
#1299 = CARTESIAN_POINT('',(0.765834667507,-30.39221191993));
#1300 = CARTESIAN_POINT('',(0.983486954007,-30.31987452988));
#1301 = CARTESIAN_POINT('',(1.084675564173,-30.29076573556));
#1302 = CARTESIAN_POINT('',(1.183871107321,-30.2673113211));
#1303 = CARTESIAN_POINT('',(1.281596850162,-30.24965574607));
#1304 = CARTESIAN_POINT('',(1.378344214425,-30.23786961512));
#1305 = CARTESIAN_POINT('',(1.474576455207,-30.23197810266));
#1306 = CARTESIAN_POINT('',(1.683411562472,-30.23197810266));
#1307 = CARTESIAN_POINT('',(1.796072465532,-30.24004832589));
#1308 = CARTESIAN_POINT('',(1.909585220969,-30.25620191129));
#1309 = CARTESIAN_POINT('',(2.024660945871,-30.28039591695));
#1310 = CARTESIAN_POINT('',(2.142083482267,-30.3124870374));
#1311 = CARTESIAN_POINT('',(2.262682872074,-30.35215551125));
#1312 = CARTESIAN_POINT('',(2.494408146279,-30.43872137321));
#1313 = CARTESIAN_POINT('',(2.606027473752,-30.48435372523));
#1314 = CARTESIAN_POINT('',(2.721154550532,-30.53482361872));
#1315 = CARTESIAN_POINT('',(2.839012174483,-30.58865606343));
#1316 = CARTESIAN_POINT('',(2.959080548884,-30.64409475633));
#1317 = CARTESIAN_POINT('',(3.080986607338,-30.69944173));
#1318 = CARTESIAN_POINT('',(3.312143428386,-30.80010331366));
#1319 = CARTESIAN_POINT('',(3.419854970007,-30.8452872024));
#1320 = CARTESIAN_POINT('',(3.527555800352,-30.88790179051));
#1321 = CARTESIAN_POINT('',(3.635258878108,-30.92727939652));
#1322 = CARTESIAN_POINT('',(3.742978083604,-30.96293220617));
#1323 = CARTESIAN_POINT('',(3.850709128521,-30.99452850246));
#1324 = CARTESIAN_POINT('',(4.066129707946,-31.04916299979));
#1325 = CARTESIAN_POINT('',(4.173836586345,-31.07220420927));
#1326 = CARTESIAN_POINT('',(4.281535151145,-31.09075165519));
#1327 = CARTESIAN_POINT('',(4.389239874622,-31.10470786736));
#1328 = CARTESIAN_POINT('',(4.496961506381,-31.1140267594));
#1329 = CARTESIAN_POINT('',(4.604692598789,-31.11868409814));
#1330 = CARTESIAN_POINT('',(4.83627710069,-31.11868409814));
#1331 = CARTESIAN_POINT('',(4.960324635258,-31.11252119294));
#1332 = CARTESIAN_POINT('',(5.085733773385,-31.10016791243));
#1333 = CARTESIAN_POINT('',(5.213548544126,-31.08126999416));
#1334 = CARTESIAN_POINT('',(5.344875738819,-31.05523674126));
#1335 = CARTESIAN_POINT('',(5.480916939888,-31.02118898529));
#1336 = CARTESIAN_POINT('',(5.711677568995,-30.95156561941));
#1337 = CARTESIAN_POINT('',(5.802979519815,-30.92133732639));
#1338 = CARTESIAN_POINT('',(5.896529964961,-30.88759175455));
#1339 = CARTESIAN_POINT('',(5.991745018139,-30.85059156115));
#1340 = CARTESIAN_POINT('',(6.08818234346,-30.81079518404));
#1341 = CARTESIAN_POINT('',(6.185458553647,-30.76885663826));
#1342 = CARTESIAN_POINT('',(6.28318530718,-30.7256000755));
#1343 = ( GEOMETRIC_REPRESENTATION_CONTEXT(2) 
PARAMETRIC_REPRESENTATION_CONTEXT() REPRESENTATION_CONTEXT('2D SPACE',''
  ) );
#1344 = FACE_BOUND('',#1345,.F.);
#1345 = EDGE_LOOP('',(#1346));
#1346 = ORIENTED_EDGE('',*,*,#1347,.T.);
#1347 = EDGE_CURVE('',#1348,#1348,#1350,.T.);
#1348 = VERTEX_POINT('',#1349);
#1349 = CARTESIAN_POINT('',(76.7,6.,31.177916864345));
#1350 = SURFACE_CURVE('',#1351,(#1402,#1456),.PCURVE_S1.);
#1351 = B_SPLINE_CURVE_WITH_KNOTS('',7,(#1352,#1353,#1354,#1355,#1356,
    #1357,#1358,#1359,#1360,#1361,#1362,#1363,#1364,#1365,#1366,#1367,
    #1368,#1369,#1370,#1371,#1372,#1373,#1374,#1375,#1376,#1377,#1378,
    #1379,#1380,#1381,#1382,#1383,#1384,#1385,#1386,#1387,#1388,#1389,
    #1390,#1391,#1392,#1393,#1394,#1395,#1396,#1397,#1398,#1399,#1400,
    #1401),.UNSPECIFIED.,.T.,.F.,(8,6,6,6,6,6,6,6,8),(0.,0.142943271161,
    0.275322114905,0.441069311932,0.588441650021,0.683738961656,
    0.788579641145,0.91983083722,1.),.UNSPECIFIED.);
#1352 = CARTESIAN_POINT('',(76.7,6.,31.177916864345));
#1353 = CARTESIAN_POINT('',(76.7,6.23184741172,31.133299243598));
#1354 = CARTESIAN_POINT('',(76.663110846034,6.457985879211,
    31.087694329243));
#1355 = CARTESIAN_POINT('',(76.592600314937,6.671628055195,
    31.042580879238));
#1356 = CARTESIAN_POINT('',(76.493062721252,6.867085565733,
    30.999586464808));
#1357 = CARTESIAN_POINT('',(76.370313560175,7.040008869239,
    30.960310987853));
#1358 = CARTESIAN_POINT('',(76.231238125978,7.187752825781,
    30.925951194489));
#1359 = CARTESIAN_POINT('',(75.946913310596,7.42296676909,
    30.870302405046));
#1360 = CARTESIAN_POINT('',(75.800269563618,7.516243652429,
    30.847724215801));
#1361 = CARTESIAN_POINT('',(75.646558769799,7.590158048669,
    30.829536878314));
#1362 = CARTESIAN_POINT('',(75.487975973674,7.645191508212,
    30.815852088787));
#1363 = CARTESIAN_POINT('',(75.326319321414,7.681730233722,
    30.806718016191));
#1364 = CARTESIAN_POINT('',(75.163162196172,7.7,30.802150898923));
#1365 = CARTESIAN_POINT('',(74.795709979697,7.7,30.802150898923));
#1366 = CARTESIAN_POINT('',(74.5913708196,7.671359687819,30.8093104111)
  );
#1367 = CARTESIAN_POINT('',(74.389888900398,7.614047488111,
    30.823637805639));
#1368 = CARTESIAN_POINT('',(74.194452304512,7.527466792377,
    30.845102303364));
#1369 = CARTESIAN_POINT('',(74.008947792979,7.410728363104,
    30.873572499678));
#1370 = CARTESIAN_POINT('',(73.838434319646,7.262892947048,
    30.908683376798));
#1371 = CARTESIAN_POINT('',(73.558262061909,6.9242228651,30.98619654561)
  );
#1372 = CARTESIAN_POINT('',(73.440127470298,6.735347914198,
    31.028416866179));
#1373 = CARTESIAN_POINT('',(73.34802213939,6.520657189962,
    31.074875142497));
#1374 = CARTESIAN_POINT('',(73.290571291784,6.287542596816,
    31.123160956849));
#1375 = CARTESIAN_POINT('',(73.272568267619,6.045758104262,
    31.170696764922));
#1376 = CARTESIAN_POINT('',(73.294721583262,5.805798132516,
    31.215526843936));
#1377 = CARTESIAN_POINT('',(73.391358199801,5.429423360729,
    31.282685362661));
#1378 = CARTESIAN_POINT('',(73.444785282718,5.285599822147,
    31.307507218468));
#1379 = CARTESIAN_POINT('',(73.51318431169,5.147706636398,
    31.330513841995));
#1380 = CARTESIAN_POINT('',(73.595755067863,5.017590629108,
    31.351523269546));
#1381 = CARTESIAN_POINT('',(73.691413726278,4.89697013095,
    31.370422005894));
#1382 = CARTESIAN_POINT('',(73.798814119807,4.787385794368,
    31.387148762686));
#1383 = CARTESIAN_POINT('',(74.045717647937,4.583129432185,
    31.417656319153));
#1384 = CARTESIAN_POINT('',(74.187374879245,4.491037590399,
    31.430976352028));
#1385 = CARTESIAN_POINT('',(74.339282098108,4.415554026931,
    31.441599451483));
#1386 = CARTESIAN_POINT('',(74.499105571146,4.358009588337,
    31.449542073146));
#1387 = CARTESIAN_POINT('',(74.664295001355,4.319331214741,
    31.45482875434));
#1388 = CARTESIAN_POINT('',(74.832163618019,4.3,31.457471290617));
#1389 = CARTESIAN_POINT('',(75.210116206679,4.3,31.457471290617));
#1390 = CARTESIAN_POINT('',(75.420338631123,4.330298512833,
    31.453329595304));
#1391 = CARTESIAN_POINT('',(75.627694332729,4.390948190614,
    31.445039827513));
#1392 = CARTESIAN_POINT('',(75.828893015365,4.482844497844,
    31.432289557492));
#1393 = CARTESIAN_POINT('',(76.019557110564,4.607240074335,
    31.414537045438));
#1394 = CARTESIAN_POINT('',(76.193894140157,4.765492163291,
    31.390931698672));
#1395 = CARTESIAN_POINT('',(76.434499399784,5.075678594928,
    31.341891570272));
#1396 = CARTESIAN_POINT('',(76.517199780962,5.207105452575,
    31.320585235532));
#1397 = CARTESIAN_POINT('',(76.587663753871,5.350979319635,
    31.296560909386));
#1398 = CARTESIAN_POINT('',(76.64293013273,5.505126304758,
    31.269929117552));
#1399 = CARTESIAN_POINT('',(76.680823161086,5.666787686458,
    31.240957532413));
#1400 = CARTESIAN_POINT('',(76.7,5.83283922685,31.210085935911));
#1401 = CARTESIAN_POINT('',(76.7,6.,31.177916864345));
#1402 = PCURVE('',#33,#1403);
#1403 = DEFINITIONAL_REPRESENTATION('',(#1404),#1455);
#1404 = B_SPLINE_CURVE_WITH_KNOTS('',7,(#1405,#1406,#1407,#1408,#1409,
    #1410,#1411,#1412,#1413,#1414,#1415,#1416,#1417,#1418,#1419,#1420,
    #1421,#1422,#1423,#1424,#1425,#1426,#1427,#1428,#1429,#1430,#1431,
    #1432,#1433,#1434,#1435,#1436,#1437,#1438,#1439,#1440,#1441,#1442,
    #1443,#1444,#1445,#1446,#1447,#1448,#1449,#1450,#1451,#1452,#1453,
    #1454),.UNSPECIFIED.,.F.,.F.,(8,6,6,6,6,6,6,6,8),(0.,0.142943271161,
    0.275322114905,0.441069311932,0.588441650021,0.683738961656,
    0.788579641145,0.91983083722,1.),.UNSPECIFIED.);
#1405 = CARTESIAN_POINT('',(-7.663861996682,-76.7));
#1406 = CARTESIAN_POINT('',(-7.656425726557,-76.7));
#1407 = CARTESIAN_POINT('',(-7.649160148536,-76.66311084603));
#1408 = CARTESIAN_POINT('',(-7.642283322327,-76.59260031493));
#1409 = CARTESIAN_POINT('',(-7.635980309187,-76.49306272125));
#1410 = CARTESIAN_POINT('',(-7.630395312169,-76.37031356017));
#1411 = CARTESIAN_POINT('',(-7.625617812088,-76.23123812597));
#1412 = CARTESIAN_POINT('',(-7.618004985825,-75.94691331059));
#1413 = CARTESIAN_POINT('',(-7.614982330914,-75.80026956361));
#1414 = CARTESIAN_POINT('',(-7.612584894894,-75.64655876979));
#1415 = CARTESIAN_POINT('',(-7.61079877382,-75.48797597367));
#1416 = CARTESIAN_POINT('',(-7.60961253415,-75.32631932141));
#1417 = CARTESIAN_POINT('',(-7.609019401387,-75.16316219617));
#1418 = CARTESIAN_POINT('',(-7.609019401387,-74.79570997969));
#1419 = CARTESIAN_POINT('',(-7.609949216348,-74.5913708196));
#1420 = CARTESIAN_POINT('',(-7.61180987413,-74.38988890039));
#1421 = CARTESIAN_POINT('',(-7.614619372138,-74.19445230451));
#1422 = CARTESIAN_POINT('',(-7.618403873816,-74.00894779297));
#1423 = CARTESIAN_POINT('',(-7.62318946583,-73.83843431964));
#1424 = CARTESIAN_POINT('',(-7.634132057365,-73.5582620619));
#1425 = CARTESIAN_POINT('',(-7.640227607801,-73.44012747029));
#1426 = CARTESIAN_POINT('',(-7.647145779445,-73.34802213939));
#1427 = CARTESIAN_POINT('',(-7.654643201226,-73.29057129178));
#1428 = CARTESIAN_POINT('',(-7.662403671171,-73.27256826761));
#1429 = CARTESIAN_POINT('',(-7.670091978314,-73.29472158326));
#1430 = CARTESIAN_POINT('',(-7.682133538827,-73.3913581998));
#1431 = CARTESIAN_POINT('',(-7.686730307905,-73.44478528271));
#1432 = CARTESIAN_POINT('',(-7.691133328143,-73.51318431169));
#1433 = CARTESIAN_POINT('',(-7.695284459516,-73.59575506786));
#1434 = CARTESIAN_POINT('',(-7.69912982844,-73.69141372627));
#1435 = CARTESIAN_POINT('',(-7.702621261117,-73.7988141198));
#1436 = CARTESIAN_POINT('',(-7.709125893784,-74.04571764793));
#1437 = CARTESIAN_POINT('',(-7.712056575253,-74.18737487924));
#1438 = CARTESIAN_POINT('',(-7.714457420003,-74.3392820981));
#1439 = CARTESIAN_POINT('',(-7.716287022339,-74.49910557114));
#1440 = CARTESIAN_POINT('',(-7.717516567556,-74.66429500135));
#1441 = CARTESIAN_POINT('',(-7.718131086481,-74.83216361801));
#1442 = CARTESIAN_POINT('',(-7.718131086481,-75.21011620667));
#1443 = CARTESIAN_POINT('',(-7.717167927911,-75.42033863112));
#1444 = CARTESIAN_POINT('',(-7.71523994146,-75.62769433272));
#1445 = CARTESIAN_POINT('',(-7.712317848102,-75.82889301536));
#1446 = CARTESIAN_POINT('',(-7.70836024979,-76.01955711056));
#1447 = CARTESIAN_POINT('',(-7.703320979821,-76.19389414015));
#1448 = CARTESIAN_POINT('',(-7.693429984533,-76.43449939978));
#1449 = CARTESIAN_POINT('',(-7.689236545496,-76.51719978096));
#1450 = CARTESIAN_POINT('',(-7.684642430843,-76.58766375387));
#1451 = CARTESIAN_POINT('',(-7.67971563389,-76.64293013273));
#1452 = CARTESIAN_POINT('',(-7.674542991267,-76.68082316108));
#1453 = CARTESIAN_POINT('',(-7.66922350861,-76.7));
#1454 = CARTESIAN_POINT('',(-7.663861996682,-76.7));
#1455 = ( GEOMETRIC_REPRESENTATION_CONTEXT(2) 
PARAMETRIC_REPRESENTATION_CONTEXT() REPRESENTATION_CONTEXT('2D SPACE',''
  ) );
#1456 = PCURVE('',#1457,#1462);
#1457 = CYLINDRICAL_SURFACE('',#1458,1.7);
#1458 = AXIS2_PLACEMENT_3D('',#1459,#1460,#1461);
#1459 = CARTESIAN_POINT('',(75.,6.,0.));
#1460 = DIRECTION('',(-0.,-0.,-1.));
#1461 = DIRECTION('',(1.,0.,0.));
#1462 = DEFINITIONAL_REPRESENTATION('',(#1463),#1514);
#1463 = B_SPLINE_CURVE_WITH_KNOTS('',7,(#1464,#1465,#1466,#1467,#1468,
    #1469,#1470,#1471,#1472,#1473,#1474,#1475,#1476,#1477,#1478,#1479,
    #1480,#1481,#1482,#1483,#1484,#1485,#1486,#1487,#1488,#1489,#1490,
    #1491,#1492,#1493,#1494,#1495,#1496,#1497,#1498,#1499,#1500,#1501,
    #1502,#1503,#1504,#1505,#1506,#1507,#1508,#1509,#1510,#1511,#1512,
    #1513),.UNSPECIFIED.,.F.,.F.,(8,6,6,6,6,6,6,6,8),(0.,0.142943271161,
    0.275322114905,0.441069311932,0.588441650021,0.683738961656,
    0.788579641145,0.91983083722,1.),.UNSPECIFIED.);
#1464 = CARTESIAN_POINT('',(0.,-31.17791686434));
#1465 = CARTESIAN_POINT('',(-0.136380830423,-31.13329924359));
#1466 = CARTESIAN_POINT('',(-0.269403467099,-31.08769432924));
#1467 = CARTESIAN_POINT('',(-0.399218313781,-31.04258087923));
#1468 = CARTESIAN_POINT('',(-0.525706191152,-30.9995864648));
#1469 = CARTESIAN_POINT('',(-0.648517655954,-30.96031098785));
#1470 = CARTESIAN_POINT('',(-0.766949980634,-30.92595119448));
#1471 = CARTESIAN_POINT('',(-0.984012948686,-30.87030240504));
#1472 = CARTESIAN_POINT('',(-1.085452940326,-30.8477242158));
#1473 = CARTESIAN_POINT('',(-1.184692249617,-30.82953687831));
#1474 = CARTESIAN_POINT('',(-1.282307282265,-30.81585208878));
#1475 = CARTESIAN_POINT('',(-1.378843860201,-30.80671801619));
#1476 = CARTESIAN_POINT('',(-1.474818564341,-30.80215089892));
#1477 = CARTESIAN_POINT('',(-1.690966926973,-30.80215089892));
#1478 = CARTESIAN_POINT('',(-1.81116582545,-30.8093104111));
#1479 = CARTESIAN_POINT('',(-1.932521856231,-30.82363780563));
#1480 = CARTESIAN_POINT('',(-2.055988548196,-30.84510230336));
#1481 = CARTESIAN_POINT('',(-2.182639149259,-30.87357249967));
#1482 = CARTESIAN_POINT('',(-2.313579970046,-30.90868337679));
#1483 = CARTESIAN_POINT('',(-2.572131912055,-30.98619654561));
#1484 = CARTESIAN_POINT('',(-2.702034345412,-31.02841686617));
#1485 = CARTESIAN_POINT('',(-2.836814405346,-31.07487514249));
#1486 = CARTESIAN_POINT('',(-2.97465035524,-31.12316095684));
#1487 = CARTESIAN_POINT('',(-3.114147016636,-31.17069676492));
#1488 = CARTESIAN_POINT('',(-3.25410545509,-31.21552684393));
#1489 = CARTESIAN_POINT('',(-3.482683581848,-31.28268536266));
#1490 = CARTESIAN_POINT('',(-3.572443418499,-31.30750721846));
#1491 = CARTESIAN_POINT('',(-3.662196312465,-31.33051384199));
#1492 = CARTESIAN_POINT('',(-3.751952608669,-31.35152326954));
#1493 = CARTESIAN_POINT('',(-3.841717959065,-31.37042200589));
#1494 = CARTESIAN_POINT('',(-3.931485512628,-31.38714876268));
#1495 = CARTESIAN_POINT('',(-4.11997983229,-31.41765631915));
#1496 = CARTESIAN_POINT('',(-4.218715228719,-31.43097635202));
#1497 = CARTESIAN_POINT('',(-4.317441896397,-31.44159945148));
#1498 = CARTESIAN_POINT('',(-4.416172946052,-31.44954207314));
#1499 = CARTESIAN_POINT('',(-4.514915676631,-31.45482875434));
#1500 = CARTESIAN_POINT('',(-4.613661696866,-31.45747129061));
#1501 = CARTESIAN_POINT('',(-4.835986749019,-31.45747129061));
#1502 = CARTESIAN_POINT('',(-4.959646363342,-31.4533295953));
#1503 = CARTESIAN_POINT('',(-5.084707322209,-31.44503982751));
#1504 = CARTESIAN_POINT('',(-5.212318368614,-31.43228955749));
#1505 = CARTESIAN_POINT('',(-5.343683632203,-31.41453704543));
#1506 = CARTESIAN_POINT('',(-5.480094135117,-31.39093169867));
#1507 = CARTESIAN_POINT('',(-5.711014149529,-31.34189157027));
#1508 = CARTESIAN_POINT('',(-5.801916913769,-31.32058523553));
#1509 = CARTESIAN_POINT('',(-5.895291188938,-31.29656090938));
#1510 = CARTESIAN_POINT('',(-5.990529358445,-31.26992911755));
#1511 = CARTESIAN_POINT('',(-6.087178366776,-31.24095753241));
#1512 = CARTESIAN_POINT('',(-6.184855440621,-31.21008593591));
#1513 = CARTESIAN_POINT('',(-6.28318530718,-31.17791686434));
#1514 = ( GEOMETRIC_REPRESENTATION_CONTEXT(2) 
PARAMETRIC_REPRESENTATION_CONTEXT() REPRESENTATION_CONTEXT('2D SPACE',''
  ) );
#1515 = FACE_BOUND('',#1516,.F.);
#1516 = EDGE_LOOP('',(#1517));
#1517 = ORIENTED_EDGE('',*,*,#1518,.F.);
#1518 = EDGE_CURVE('',#1519,#1519,#1521,.T.);
#1519 = VERTEX_POINT('',#1520);
#1520 = CARTESIAN_POINT('',(26.7,30.725600075507,8.));
#1521 = SURFACE_CURVE('',#1522,(#1573,#1627),.PCURVE_S1.);
#1522 = B_SPLINE_CURVE_WITH_KNOTS('',7,(#1523,#1524,#1525,#1526,#1527,
    #1528,#1529,#1530,#1531,#1532,#1533,#1534,#1535,#1536,#1537,#1538,
    #1539,#1540,#1541,#1542,#1543,#1544,#1545,#1546,#1547,#1548,#1549,
    #1550,#1551,#1552,#1553,#1554,#1555,#1556,#1557,#1558,#1559,#1560,
    #1561,#1562,#1563,#1564,#1565,#1566,#1567,#1568,#1569,#1570,#1571,
    #1572),.UNSPECIFIED.,.T.,.F.,(8,6,6,6,6,6,6,6,8),(0.,0.143458889695,
    0.274350279892,0.427544883688,0.558507487504,0.672792893765,
    0.787105200055,0.918603923997,1.),.UNSPECIFIED.);
#1523 = CARTESIAN_POINT('',(26.7,30.725600075507,8.));
#1524 = CARTESIAN_POINT('',(26.7,30.665624083633,8.230349792556));
#1525 = CARTESIAN_POINT('',(26.663585840654,30.60486198204,
    8.455456017905));
#1526 = CARTESIAN_POINT('',(26.593739621274,30.545213492406,
    8.668632816334));
#1527 = CARTESIAN_POINT('',(26.49477853484,30.488685161453,
    8.864204061462));
#1528 = CARTESIAN_POINT('',(26.372235985119,30.437202852906,
    9.037768117199));
#1529 = CARTESIAN_POINT('',(26.232699042069,30.392211919447,
    9.186544250883));
#1530 = CARTESIAN_POINT('',(25.947602298984,30.319874530499,
    9.422396788325));
#1531 = CARTESIAN_POINT('',(25.801426236409,30.29076573398,9.51556861894
    ));
#1532 = CARTESIAN_POINT('',(25.647876535318,30.267311322807,
    9.589635309143));
#1533 = CARTESIAN_POINT('',(25.489165164743,30.24965574521,
    9.644904180095));
#1534 = CARTESIAN_POINT('',(25.327168692664,30.237869615302,
    9.681637914808));
#1535 = CARTESIAN_POINT('',(25.16357378426,30.231978102665,9.7));
#1536 = CARTESIAN_POINT('',(24.808554091806,30.231978102665,9.7));
#1537 = CARTESIAN_POINT('',(24.617030108963,30.240048326499,
    9.674847457177));
#1538 = CARTESIAN_POINT('',(24.428026249957,30.256201908369,
    9.624502062764));
#1539 = CARTESIAN_POINT('',(24.244304654751,30.280395922518,
    9.54864219694));
#1540 = CARTESIAN_POINT('',(24.069043947405,30.312487032383,
    9.446809438981));
#1541 = CARTESIAN_POINT('',(23.906135268954,30.352155513172,
    9.318546116998));
#1542 = CARTESIAN_POINT('',(23.636469603028,30.438721373215,
    9.031381349738));
#1543 = CARTESIAN_POINT('',(23.523065041291,30.484353725225,
    8.877572355745));
#1544 = CARTESIAN_POINT('',(23.427064768721,30.534823618751,
    8.703877551233));
#1545 = CARTESIAN_POINT('',(23.353810849379,30.588656063412,
    8.513626289814));
#1546 = CARTESIAN_POINT('',(23.307325710105,30.644094756329,
    8.311415527492));
#1547 = CARTESIAN_POINT('',(23.290178320966,30.699441730016,
    8.102686465575));
#1548 = CARTESIAN_POINT('',(23.314852897672,30.800103313671,
    7.710495299624));
#1549 = CARTESIAN_POINT('',(23.34931857408,30.845287202398,
    7.529191401222));
#1550 = CARTESIAN_POINT('',(23.406526638449,30.887901790513,7.3528168613
    ));
#1551 = CARTESIAN_POINT('',(23.485599656817,30.927279396525,
    7.184761425508));
#1552 = CARTESIAN_POINT('',(23.585047720155,30.962932206175,
    7.028224041507));
#1553 = CARTESIAN_POINT('',(23.702806009519,30.994528502458,
    6.886084287522));
#1554 = CARTESIAN_POINT('',(23.969765244511,31.049162999793,
    6.635392879359));
#1555 = CARTESIAN_POINT('',(24.11899593691,31.072204209267,
    6.526828232394));
#1556 = CARTESIAN_POINT('',(24.281430765919,31.090751655195,
    6.437418372062));
#1557 = CARTESIAN_POINT('',(24.454116140107,31.104707867367,
    6.36903786168));
#1558 = CARTESIAN_POINT('',(24.633772811378,31.114026759406,
    6.323003723561));
#1559 = CARTESIAN_POINT('',(24.816916151273,31.118684098143,6.3));
#1560 = CARTESIAN_POINT('',(25.210609804519,31.118684098143,6.3));
#1561 = CARTESIAN_POINT('',(25.421491630537,31.112521192943,
    6.330440996436));
#1562 = CARTESIAN_POINT('',(25.629402467093,31.100167912432,
    6.391462296305));
#1563 = CARTESIAN_POINT('',(25.830798482122,31.081269994163,6.4838369582
    ));
#1564 = CARTESIAN_POINT('',(26.021167753878,31.055236741261,
    6.608555320906));
#1565 = CARTESIAN_POINT('',(26.194751454999,31.021188985292,
    6.766597406925));
#1566 = CARTESIAN_POINT('',(26.435190644378,30.951565619415,
    7.076569742089));
#1567 = CARTESIAN_POINT('',(26.518124198578,30.92133732639,
    7.208674696954));
#1568 = CARTESIAN_POINT('',(26.588499023335,30.887591754549,
    7.352942227506));
#1569 = CARTESIAN_POINT('',(26.643489718812,30.850591561154,
    7.507144840704));
#1570 = CARTESIAN_POINT('',(26.681057691536,30.810795184049,
    7.668494359294));
#1571 = CARTESIAN_POINT('',(26.7,30.768856638266,7.833864519005));
#1572 = CARTESIAN_POINT('',(26.7,30.725600075507,8.));
#1573 = PCURVE('',#33,#1574);
#1574 = DEFINITIONAL_REPRESENTATION('',(#1575),#1626);
#1575 = B_SPLINE_CURVE_WITH_KNOTS('',7,(#1576,#1577,#1578,#1579,#1580,
    #1581,#1582,#1583,#1584,#1585,#1586,#1587,#1588,#1589,#1590,#1591,
    #1592,#1593,#1594,#1595,#1596,#1597,#1598,#1599,#1600,#1601,#1602,
    #1603,#1604,#1605,#1606,#1607,#1608,#1609,#1610,#1611,#1612,#1613,
    #1614,#1615,#1616,#1617,#1618,#1619,#1620,#1621,#1622,#1623,#1624,
    #1625),.UNSPECIFIED.,.F.,.F.,(8,6,6,6,6,6,6,6,8),(0.,0.143458889695,
    0.274350279892,0.427544883688,0.558507487504,0.672792893765,
    0.787105200055,0.918603923997,1.),.UNSPECIFIED.);
#1576 = CARTESIAN_POINT('',(-6.53789915974,-26.7));
#1577 = CARTESIAN_POINT('',(-6.545396158725,-26.7));
#1578 = CARTESIAN_POINT('',(-6.552739574074,-26.66358584065));
#1579 = CARTESIAN_POINT('',(-6.55971122649,-26.59373962127));
#1580 = CARTESIAN_POINT('',(-6.566122773311,-26.49477853483));
#1581 = CARTESIAN_POINT('',(-6.571824641007,-26.37223598511));
#1582 = CARTESIAN_POINT('',(-6.576720039114,-26.23269904206));
#1583 = CARTESIAN_POINT('',(-6.58449000469,-25.94760229898));
#1584 = CARTESIAN_POINT('',(-6.587564390379,-25.8014262364));
#1585 = CARTESIAN_POINT('',(-6.590011352198,-25.64787653531));
#1586 = CARTESIAN_POINT('',(-6.5918387651,-25.48916516474));
#1587 = CARTESIAN_POINT('',(-6.593053827564,-25.32716869266));
#1588 = CARTESIAN_POINT('',(-6.593661200454,-25.16357378426));
#1589 = CARTESIAN_POINT('',(-6.593661200454,-24.8085540918));
#1590 = CARTESIAN_POINT('',(-6.592829215963,-24.61703010896));
#1591 = CARTESIAN_POINT('',(-6.591163912218,-24.42802624995));
#1592 = CARTESIAN_POINT('',(-6.588656055282,-24.24430465475));
#1593 = CARTESIAN_POINT('',(-6.58529327917,-24.0690439474));
#1594 = CARTESIAN_POINT('',(-6.581064805823,-23.90613526895));
#1595 = CARTESIAN_POINT('',(-6.571618231198,-23.63646960302));
#1596 = CARTESIAN_POINT('',(-6.566565196813,-23.52306504129));
#1597 = CARTESIAN_POINT('',(-6.560868377113,-23.42706476872));
#1598 = CARTESIAN_POINT('',(-6.554641269553,-23.35381084937));
#1599 = CARTESIAN_POINT('',(-6.548037775744,-23.3073257101));
#1600 = CARTESIAN_POINT('',(-6.541236655574,-23.29017832096));
#1601 = CARTESIAN_POINT('',(-6.528483796403,-23.31485289767));
#1602 = CARTESIAN_POINT('',(-6.522598920485,-23.34931857408));
#1603 = CARTESIAN_POINT('',(-6.516884203632,-23.40652663844));
#1604 = CARTESIAN_POINT('',(-6.511447963274,-23.48559965681));
#1605 = CARTESIAN_POINT('',(-6.506391505858,-23.58504772015));
#1606 = CARTESIAN_POINT('',(-6.501805428784,-23.70280600951));
#1607 = CARTESIAN_POINT('',(-6.493724303111,-23.96976524451));
#1608 = CARTESIAN_POINT('',(-6.490228835309,-24.11899593691));
#1609 = CARTESIAN_POINT('',(-6.48735285627,-24.28143076591));
#1610 = CARTESIAN_POINT('',(-6.485154747448,-24.4541161401));
#1611 = CARTESIAN_POINT('',(-6.483675439861,-24.63377281137));
#1612 = CARTESIAN_POINT('',(-6.482936214119,-24.81691615127));
#1613 = CARTESIAN_POINT('',(-6.482936214119,-25.21060980451));
#1614 = CARTESIAN_POINT('',(-6.48391443743,-25.42149163053));
#1615 = CARTESIAN_POINT('',(-6.485875354904,-25.62940246709));
#1616 = CARTESIAN_POINT('',(-6.488845048291,-25.83079848212));
#1617 = CARTESIAN_POINT('',(-6.49285777527,-26.02116775387));
#1618 = CARTESIAN_POINT('',(-6.497949486304,-26.19475145499));
#1619 = CARTESIAN_POINT('',(-6.507955635403,-26.43519064437));
#1620 = CARTESIAN_POINT('',(-6.512223924601,-26.51812419857));
#1621 = CARTESIAN_POINT('',(-6.516890342682,-26.58849902333));
#1622 = CARTESIAN_POINT('',(-6.521884813943,-26.64348971881));
#1623 = CARTESIAN_POINT('',(-6.527118805384,-26.68105769153));
#1624 = CARTESIAN_POINT('',(-6.532492089395,-26.7));
#1625 = CARTESIAN_POINT('',(-6.53789915974,-26.7));
#1626 = ( GEOMETRIC_REPRESENTATION_CONTEXT(2) 
PARAMETRIC_REPRESENTATION_CONTEXT() REPRESENTATION_CONTEXT('2D SPACE',''
  ) );
#1627 = PCURVE('',#1628,#1633);
#1628 = CYLINDRICAL_SURFACE('',#1629,1.7);
#1629 = AXIS2_PLACEMENT_3D('',#1630,#1631,#1632);
#1630 = CARTESIAN_POINT('',(25.,0.,8.));
#1631 = DIRECTION('',(0.,-1.,0.));
#1632 = DIRECTION('',(1.,0.,0.));
#1633 = DEFINITIONAL_REPRESENTATION('',(#1634),#1685);
#1634 = B_SPLINE_CURVE_WITH_KNOTS('',7,(#1635,#1636,#1637,#1638,#1639,
    #1640,#1641,#1642,#1643,#1644,#1645,#1646,#1647,#1648,#1649,#1650,
    #1651,#1652,#1653,#1654,#1655,#1656,#1657,#1658,#1659,#1660,#1661,
    #1662,#1663,#1664,#1665,#1666,#1667,#1668,#1669,#1670,#1671,#1672,
    #1673,#1674,#1675,#1676,#1677,#1678,#1679,#1680,#1681,#1682,#1683,
    #1684),.UNSPECIFIED.,.F.,.F.,(8,6,6,6,6,6,6,6,8),(0.,0.143458889695,
    0.274350279892,0.427544883688,0.558507487504,0.672792893765,
    0.787105200055,0.918603923997,1.),.UNSPECIFIED.);
#1635 = CARTESIAN_POINT('',(0.,-30.7256000755));
#1636 = CARTESIAN_POINT('',(0.135499877974,-30.66562408363));
#1637 = CARTESIAN_POINT('',(0.267915336386,-30.60486198204));
#1638 = CARTESIAN_POINT('',(0.397376568353,-30.5452134924));
#1639 = CARTESIAN_POINT('',(0.523777827781,-30.48868516145));
#1640 = CARTESIAN_POINT('',(0.64680617415,-30.4372028529));
#1641 = CARTESIAN_POINT('',(0.76583466897,-30.39221191944));
#1642 = CARTESIAN_POINT('',(0.983486952163,-30.31987453049));
#1643 = CARTESIAN_POINT('',(1.084675568324,-30.29076573398));
#1644 = CARTESIAN_POINT('',(1.183871104898,-30.2673113228));
#1645 = CARTESIAN_POINT('',(1.281596847971,-30.24965574521));
#1646 = CARTESIAN_POINT('',(1.378344217932,-30.2378696153));
#1647 = CARTESIAN_POINT('',(1.474576453701,-30.23197810266));
#1648 = CARTESIAN_POINT('',(1.683411566909,-30.23197810266));
#1649 = CARTESIAN_POINT('',(1.796072455287,-30.24004832649));
#1650 = CARTESIAN_POINT('',(1.909585226712,-30.25620190836));
#1651 = CARTESIAN_POINT('',(2.024660953252,-30.28039592251));
#1652 = CARTESIAN_POINT('',(2.142083470504,-30.31248703238));
#1653 = CARTESIAN_POINT('',(2.262682877208,-30.35215551317));
#1654 = CARTESIAN_POINT('',(2.494408146273,-30.43872137321));
#1655 = CARTESIAN_POINT('',(2.606027473741,-30.48435372522));
#1656 = CARTESIAN_POINT('',(2.721154550584,-30.53482361875));
#1657 = CARTESIAN_POINT('',(2.839012174439,-30.58865606341));
#1658 = CARTESIAN_POINT('',(2.959080548878,-30.64409475632));
#1659 = CARTESIAN_POINT('',(3.080986607355,-30.69944173001));
#1660 = CARTESIAN_POINT('',(3.312143428393,-30.80010331367));
#1661 = CARTESIAN_POINT('',(3.41985497,-30.84528720239));
#1662 = CARTESIAN_POINT('',(3.527555800347,-30.88790179051));
#1663 = CARTESIAN_POINT('',(3.635258878114,-30.92727939652));
#1664 = CARTESIAN_POINT('',(3.742978083611,-30.96293220617));
#1665 = CARTESIAN_POINT('',(3.850709128514,-30.99452850245));
#1666 = CARTESIAN_POINT('',(4.066129707955,-31.04916299979));
#1667 = CARTESIAN_POINT('',(4.173836586337,-31.07220420926));
#1668 = CARTESIAN_POINT('',(4.281535151138,-31.09075165519));
#1669 = CARTESIAN_POINT('',(4.389239874629,-31.10470786736));
#1670 = CARTESIAN_POINT('',(4.496961506389,-31.1140267594));
#1671 = CARTESIAN_POINT('',(4.604692598781,-31.11868409814));
#1672 = CARTESIAN_POINT('',(4.83627710069,-31.11868409814));
#1673 = CARTESIAN_POINT('',(4.960324635258,-31.11252119294));
#1674 = CARTESIAN_POINT('',(5.085733773385,-31.10016791243));
#1675 = CARTESIAN_POINT('',(5.213548544126,-31.08126999416));
#1676 = CARTESIAN_POINT('',(5.34487573882,-31.05523674126));
#1677 = CARTESIAN_POINT('',(5.480916939888,-31.02118898529));
#1678 = CARTESIAN_POINT('',(5.711677568989,-30.95156561941));
#1679 = CARTESIAN_POINT('',(5.80297951982,-30.92133732639));
#1680 = CARTESIAN_POINT('',(5.896529964966,-30.88759175454));
#1681 = CARTESIAN_POINT('',(5.991745018135,-30.85059156115));
#1682 = CARTESIAN_POINT('',(6.088182343454,-30.81079518404));
#1683 = CARTESIAN_POINT('',(6.185458553653,-30.76885663826));
#1684 = CARTESIAN_POINT('',(6.28318530718,-30.7256000755));
#1685 = ( GEOMETRIC_REPRESENTATION_CONTEXT(2) 
PARAMETRIC_REPRESENTATION_CONTEXT() REPRESENTATION_CONTEXT('2D SPACE',''
  ) );
#1686 = FACE_BOUND('',#1687,.F.);
#1687 = EDGE_LOOP('',(#1688));
#1688 = ORIENTED_EDGE('',*,*,#1689,.T.);
#1689 = EDGE_CURVE('',#1690,#1690,#1692,.T.);
#1690 = VERTEX_POINT('',#1691);
#1691 = CARTESIAN_POINT('',(26.7,6.,31.177916864345));
#1692 = SURFACE_CURVE('',#1693,(#1744,#1798),.PCURVE_S1.);
#1693 = B_SPLINE_CURVE_WITH_KNOTS('',7,(#1694,#1695,#1696,#1697,#1698,
    #1699,#1700,#1701,#1702,#1703,#1704,#1705,#1706,#1707,#1708,#1709,
    #1710,#1711,#1712,#1713,#1714,#1715,#1716,#1717,#1718,#1719,#1720,
    #1721,#1722,#1723,#1724,#1725,#1726,#1727,#1728,#1729,#1730,#1731,
    #1732,#1733,#1734,#1735,#1736,#1737,#1738,#1739,#1740,#1741,#1742,
    #1743),.UNSPECIFIED.,.T.,.F.,(8,6,6,6,6,6,6,6,8),(0.,0.14294327426,
    0.275322119541,0.441069315507,0.588441652653,0.683738963701,
    0.788579642505,0.919830837739,1.),.UNSPECIFIED.);
#1694 = CARTESIAN_POINT('',(26.7,6.,31.177916864345));
#1695 = CARTESIAN_POINT('',(26.7,6.231847414209,31.133299243119));
#1696 = CARTESIAN_POINT('',(26.663110845506,6.4579858731,31.087694330404
    ));
#1697 = CARTESIAN_POINT('',(26.592600317594,6.671628060276,
    31.042580878355));
#1698 = CARTESIAN_POINT('',(26.493062716284,6.86708556598,
    30.999586464571));
#1699 = CARTESIAN_POINT('',(26.370313564474,7.0400088665,30.960310988543
    ));
#1700 = CARTESIAN_POINT('',(26.231238124432,7.18775282706,
    30.925951194186));
#1701 = CARTESIAN_POINT('',(25.946913313405,7.422966766767,
    30.870302405595));
#1702 = CARTESIAN_POINT('',(25.800269557508,7.516243658398,
    30.847724214386));
#1703 = CARTESIAN_POINT('',(25.646558772318,7.590158042233,
    30.829536879838));
#1704 = CARTESIAN_POINT('',(25.48797597919,7.645191511496,
    30.815852088016));
#1705 = CARTESIAN_POINT('',(25.326319314266,7.681730233035,
    30.80671801635));
#1706 = CARTESIAN_POINT('',(25.163162199109,7.7,30.802150898923));
#1707 = CARTESIAN_POINT('',(24.795709979697,7.7,30.802150898923));
#1708 = CARTESIAN_POINT('',(24.5913708196,7.671359687819,30.8093104111)
  );
#1709 = CARTESIAN_POINT('',(24.389888900397,7.61404748811,
    30.823637805639));
#1710 = CARTESIAN_POINT('',(24.194452304512,7.527466792378,
    30.845102303364));
#1711 = CARTESIAN_POINT('',(24.008947792979,7.410728363104,
    30.873572499678));
#1712 = CARTESIAN_POINT('',(23.838434319646,7.262892947048,
    30.908683376798));
#1713 = CARTESIAN_POINT('',(23.558262061909,6.9242228651,30.98619654561)
  );
#1714 = CARTESIAN_POINT('',(23.440127470299,6.735347914198,
    31.028416866179));
#1715 = CARTESIAN_POINT('',(23.34802213939,6.520657189961,
    31.074875142497));
#1716 = CARTESIAN_POINT('',(23.290571291784,6.287542596817,
    31.123160956848));
#1717 = CARTESIAN_POINT('',(23.272568267619,6.045758104262,
    31.170696764922));
#1718 = CARTESIAN_POINT('',(23.294721583262,5.805798132516,
    31.215526843936));
#1719 = CARTESIAN_POINT('',(23.391358199809,5.429423360694,
    31.282685362667));
#1720 = CARTESIAN_POINT('',(23.444785282717,5.285599822185,
    31.307507218461));
#1721 = CARTESIAN_POINT('',(23.513184311665,5.147706636418,
    31.330513841992));
#1722 = CARTESIAN_POINT('',(23.595755067869,5.017590629081,
    31.351523269551));
#1723 = CARTESIAN_POINT('',(23.691413726315,4.896970130928,
    31.370422005897));
#1724 = CARTESIAN_POINT('',(23.798814119777,4.787385794392,
    31.387148762683));
#1725 = CARTESIAN_POINT('',(24.045717647921,4.583129432198,
    31.417656319151));
#1726 = CARTESIAN_POINT('',(24.187374879258,4.491037590381,
    31.430976352031));
#1727 = CARTESIAN_POINT('',(24.339282098126,4.415554026931,
    31.441599451483));
#1728 = CARTESIAN_POINT('',(24.499105571133,4.358009588348,
    31.449542073145));
#1729 = CARTESIAN_POINT('',(24.664295001331,4.319331214737,
    31.45482875434));
#1730 = CARTESIAN_POINT('',(24.83216361804,4.3,31.457471290617));
#1731 = CARTESIAN_POINT('',(25.210116206679,4.3,31.457471290617));
#1732 = CARTESIAN_POINT('',(25.420338631124,4.330298512833,
    31.453329595304));
#1733 = CARTESIAN_POINT('',(25.627694332728,4.390948190614,
    31.445039827513));
#1734 = CARTESIAN_POINT('',(25.828893015365,4.482844497843,
    31.432289557492));
#1735 = CARTESIAN_POINT('',(26.019557110564,4.607240074336,
    31.414537045438));
#1736 = CARTESIAN_POINT('',(26.193894140157,4.765492163291,
    31.390931698672));
#1737 = CARTESIAN_POINT('',(26.434499399779,5.075678594921,
    31.341891570273));
#1738 = CARTESIAN_POINT('',(26.517199780969,5.207105452581,
    31.320585235531));
#1739 = CARTESIAN_POINT('',(26.587663753871,5.350979319642,
    31.296560909385));
#1740 = CARTESIAN_POINT('',(26.642930132726,5.505126304752,
    31.269929117553));
#1741 = CARTESIAN_POINT('',(26.680823161088,5.666787686448,
    31.240957532415));
#1742 = CARTESIAN_POINT('',(26.7,5.832839226859,31.210085935909));
#1743 = CARTESIAN_POINT('',(26.7,6.,31.177916864345));
#1744 = PCURVE('',#33,#1745);
#1745 = DEFINITIONAL_REPRESENTATION('',(#1746),#1797);
#1746 = B_SPLINE_CURVE_WITH_KNOTS('',7,(#1747,#1748,#1749,#1750,#1751,
    #1752,#1753,#1754,#1755,#1756,#1757,#1758,#1759,#1760,#1761,#1762,
    #1763,#1764,#1765,#1766,#1767,#1768,#1769,#1770,#1771,#1772,#1773,
    #1774,#1775,#1776,#1777,#1778,#1779,#1780,#1781,#1782,#1783,#1784,
    #1785,#1786,#1787,#1788,#1789,#1790,#1791,#1792,#1793,#1794,#1795,
    #1796),.UNSPECIFIED.,.F.,.F.,(8,6,6,6,6,6,6,6,8),(0.,0.14294327426,
    0.275322119541,0.441069315507,0.588441652653,0.683738963701,
    0.788579642505,0.919830837739,1.),.UNSPECIFIED.);
#1747 = CARTESIAN_POINT('',(-7.663861996682,-26.7));
#1748 = CARTESIAN_POINT('',(-7.656425726478,-26.7));
#1749 = CARTESIAN_POINT('',(-7.649160148732,-26.6631108455));
#1750 = CARTESIAN_POINT('',(-7.642283322165,-26.59260031759));
#1751 = CARTESIAN_POINT('',(-7.635980309177,-26.49306271628));
#1752 = CARTESIAN_POINT('',(-7.630395312258,-26.37031356447));
#1753 = CARTESIAN_POINT('',(-7.625617812047,-26.23123812443));
#1754 = CARTESIAN_POINT('',(-7.6180049859,-25.9469133134));
#1755 = CARTESIAN_POINT('',(-7.614982330721,-25.8002695575));
#1756 = CARTESIAN_POINT('',(-7.612584895102,-25.64655877231));
#1757 = CARTESIAN_POINT('',(-7.610798773714,-25.48797597919));
#1758 = CARTESIAN_POINT('',(-7.609612534172,-25.32631931426));
#1759 = CARTESIAN_POINT('',(-7.609019401387,-25.1631621991));
#1760 = CARTESIAN_POINT('',(-7.609019401387,-24.79570997969));
#1761 = CARTESIAN_POINT('',(-7.609949216348,-24.5913708196));
#1762 = CARTESIAN_POINT('',(-7.61180987413,-24.38988890039));
#1763 = CARTESIAN_POINT('',(-7.614619372138,-24.19445230451));
#1764 = CARTESIAN_POINT('',(-7.618403873816,-24.00894779297));
#1765 = CARTESIAN_POINT('',(-7.62318946583,-23.83843431964));
#1766 = CARTESIAN_POINT('',(-7.634132057365,-23.5582620619));
#1767 = CARTESIAN_POINT('',(-7.640227607801,-23.44012747029));
#1768 = CARTESIAN_POINT('',(-7.647145779445,-23.34802213939));
#1769 = CARTESIAN_POINT('',(-7.654643201226,-23.29057129178));
#1770 = CARTESIAN_POINT('',(-7.662403671171,-23.27256826761));
#1771 = CARTESIAN_POINT('',(-7.670091978314,-23.29472158326));
#1772 = CARTESIAN_POINT('',(-7.682133538828,-23.3913581998));
#1773 = CARTESIAN_POINT('',(-7.686730307904,-23.44478528271));
#1774 = CARTESIAN_POINT('',(-7.691133328142,-23.51318431166));
#1775 = CARTESIAN_POINT('',(-7.695284459517,-23.59575506786));
#1776 = CARTESIAN_POINT('',(-7.699129828441,-23.69141372631));
#1777 = CARTESIAN_POINT('',(-7.702621261116,-23.79881411977));
#1778 = CARTESIAN_POINT('',(-7.709125893784,-24.04571764792));
#1779 = CARTESIAN_POINT('',(-7.712056575254,-24.18737487925));
#1780 = CARTESIAN_POINT('',(-7.714457420003,-24.33928209812));
#1781 = CARTESIAN_POINT('',(-7.716287022339,-24.49910557113));
#1782 = CARTESIAN_POINT('',(-7.717516567557,-24.66429500133));
#1783 = CARTESIAN_POINT('',(-7.718131086481,-24.83216361804));
#1784 = CARTESIAN_POINT('',(-7.718131086481,-25.21011620667));
#1785 = CARTESIAN_POINT('',(-7.717167927911,-25.42033863112));
#1786 = CARTESIAN_POINT('',(-7.715239941459,-25.62769433272));
#1787 = CARTESIAN_POINT('',(-7.712317848102,-25.82889301536));
#1788 = CARTESIAN_POINT('',(-7.70836024979,-26.01955711056));
#1789 = CARTESIAN_POINT('',(-7.703320979821,-26.19389414015));
#1790 = CARTESIAN_POINT('',(-7.693429984534,-26.43449939977));
#1791 = CARTESIAN_POINT('',(-7.689236545495,-26.51719978096));
#1792 = CARTESIAN_POINT('',(-7.684642430843,-26.58766375387));
#1793 = CARTESIAN_POINT('',(-7.679715633891,-26.64293013272));
#1794 = CARTESIAN_POINT('',(-7.674542991267,-26.68082316108));
#1795 = CARTESIAN_POINT('',(-7.669223508609,-26.7));
#1796 = CARTESIAN_POINT('',(-7.663861996682,-26.7));
#1797 = ( GEOMETRIC_REPRESENTATION_CONTEXT(2) 
PARAMETRIC_REPRESENTATION_CONTEXT() REPRESENTATION_CONTEXT('2D SPACE',''
  ) );
#1798 = PCURVE('',#1799,#1804);
#1799 = CYLINDRICAL_SURFACE('',#1800,1.7);
#1800 = AXIS2_PLACEMENT_3D('',#1801,#1802,#1803);
#1801 = CARTESIAN_POINT('',(25.,6.,0.));
#1802 = DIRECTION('',(-0.,-0.,-1.));
#1803 = DIRECTION('',(1.,0.,0.));
#1804 = DEFINITIONAL_REPRESENTATION('',(#1805),#1856);
#1805 = B_SPLINE_CURVE_WITH_KNOTS('',7,(#1806,#1807,#1808,#1809,#1810,
    #1811,#1812,#1813,#1814,#1815,#1816,#1817,#1818,#1819,#1820,#1821,
    #1822,#1823,#1824,#1825,#1826,#1827,#1828,#1829,#1830,#1831,#1832,
    #1833,#1834,#1835,#1836,#1837,#1838,#1839,#1840,#1841,#1842,#1843,
    #1844,#1845,#1846,#1847,#1848,#1849,#1850,#1851,#1852,#1853,#1854,
    #1855),.UNSPECIFIED.,.F.,.F.,(8,6,6,6,6,6,6,6,8),(0.,0.14294327426,
    0.275322119541,0.441069315507,0.588441652653,0.683738963701,
    0.788579642505,0.919830837739,1.),.UNSPECIFIED.);
#1806 = CARTESIAN_POINT('',(0.,-31.17791686434));
#1807 = CARTESIAN_POINT('',(-0.136380831888,-31.13329924311));
#1808 = CARTESIAN_POINT('',(-0.269403463687,-31.0876943304));
#1809 = CARTESIAN_POINT('',(-0.399218316028,-31.04258087835));
#1810 = CARTESIAN_POINT('',(-0.525706192593,-30.99958646457));
#1811 = CARTESIAN_POINT('',(-0.648517653213,-30.96031098854));
#1812 = CARTESIAN_POINT('',(-0.766949981813,-30.92595119418));
#1813 = CARTESIAN_POINT('',(-0.984012946542,-30.87030240559));
#1814 = CARTESIAN_POINT('',(-1.085452945147,-30.84772421438));
#1815 = CARTESIAN_POINT('',(-1.184692246792,-30.82953687983));
#1816 = CARTESIAN_POINT('',(-1.282307279764,-30.81585208801));
#1817 = CARTESIAN_POINT('',(-1.378843864223,-30.80671801635));
#1818 = CARTESIAN_POINT('',(-1.474818562613,-30.80215089892));
#1819 = CARTESIAN_POINT('',(-1.690966926973,-30.80215089892));
#1820 = CARTESIAN_POINT('',(-1.811165825449,-30.8093104111));
#1821 = CARTESIAN_POINT('',(-1.932521856231,-30.82363780563));
#1822 = CARTESIAN_POINT('',(-2.055988548196,-30.84510230336));
#1823 = CARTESIAN_POINT('',(-2.18263914926,-30.87357249967));
#1824 = CARTESIAN_POINT('',(-2.313579970046,-30.90868337679));
#1825 = CARTESIAN_POINT('',(-2.572131912055,-30.98619654561));
#1826 = CARTESIAN_POINT('',(-2.702034345412,-31.02841686617));
#1827 = CARTESIAN_POINT('',(-2.836814405346,-31.07487514249));
#1828 = CARTESIAN_POINT('',(-2.974650355239,-31.12316095684));
#1829 = CARTESIAN_POINT('',(-3.114147016636,-31.17069676492));
#1830 = CARTESIAN_POINT('',(-3.25410545509,-31.21552684393));
#1831 = CARTESIAN_POINT('',(-3.482683581869,-31.28268536266));
#1832 = CARTESIAN_POINT('',(-3.572443418479,-31.30750721846));
#1833 = CARTESIAN_POINT('',(-3.662196312446,-31.33051384199));
#1834 = CARTESIAN_POINT('',(-3.751952608685,-31.35152326955));
#1835 = CARTESIAN_POINT('',(-3.841717959088,-31.37042200589));
#1836 = CARTESIAN_POINT('',(-3.931485512605,-31.38714876268));
#1837 = CARTESIAN_POINT('',(-4.119979832278,-31.41765631915));
#1838 = CARTESIAN_POINT('',(-4.218715228731,-31.43097635203));
#1839 = CARTESIAN_POINT('',(-4.317441896407,-31.44159945148));
#1840 = CARTESIAN_POINT('',(-4.416172946042,-31.44954207314));
#1841 = CARTESIAN_POINT('',(-4.514915676618,-31.45482875434));
#1842 = CARTESIAN_POINT('',(-4.613661696879,-31.45747129061));
#1843 = CARTESIAN_POINT('',(-4.835986749019,-31.45747129061));
#1844 = CARTESIAN_POINT('',(-4.959646363343,-31.4533295953));
#1845 = CARTESIAN_POINT('',(-5.084707322209,-31.44503982751));
#1846 = CARTESIAN_POINT('',(-5.212318368614,-31.43228955749));
#1847 = CARTESIAN_POINT('',(-5.343683632203,-31.41453704543));
#1848 = CARTESIAN_POINT('',(-5.480094135116,-31.39093169867));
#1849 = CARTESIAN_POINT('',(-5.711014149524,-31.34189157027));
#1850 = CARTESIAN_POINT('',(-5.801916913774,-31.32058523553));
#1851 = CARTESIAN_POINT('',(-5.895291188942,-31.29656090938));
#1852 = CARTESIAN_POINT('',(-5.990529358441,-31.26992911755));
#1853 = CARTESIAN_POINT('',(-6.087178366771,-31.24095753241));
#1854 = CARTESIAN_POINT('',(-6.184855440626,-31.2100859359));
#1855 = CARTESIAN_POINT('',(-6.28318530718,-31.17791686434));
#1856 = ( GEOMETRIC_REPRESENTATION_CONTEXT(2) 
PARAMETRIC_REPRESENTATION_CONTEXT() REPRESENTATION_CONTEXT('2D SPACE',''
  ) );
#1857 = ADVANCED_FACE('',(#1858),#1799,.F.);
#1858 = FACE_BOUND('',#1859,.T.);
#1859 = EDGE_LOOP('',(#1860,#1883,#1910,#1911));
#1860 = ORIENTED_EDGE('',*,*,#1861,.F.);
#1861 = EDGE_CURVE('',#1862,#1690,#1864,.T.);
#1862 = VERTEX_POINT('',#1863);
#1863 = CARTESIAN_POINT('',(26.7,6.,27.774893162176));
#1864 = SEAM_CURVE('',#1865,(#1869,#1876),.PCURVE_S1.);
#1865 = LINE('',#1866,#1867);
#1866 = CARTESIAN_POINT('',(26.7,6.,0.));
#1867 = VECTOR('',#1868,1.);
#1868 = DIRECTION('',(0.,0.,1.));
#1869 = PCURVE('',#1799,#1870);
#1870 = DEFINITIONAL_REPRESENTATION('',(#1871),#1875);
#1871 = LINE('',#1872,#1873);
#1872 = CARTESIAN_POINT('',(-6.28318530718,0.));
#1873 = VECTOR('',#1874,1.);
#1874 = DIRECTION('',(-0.,-1.));
#1875 = ( GEOMETRIC_REPRESENTATION_CONTEXT(2) 
PARAMETRIC_REPRESENTATION_CONTEXT() REPRESENTATION_CONTEXT('2D SPACE',''
  ) );
#1876 = PCURVE('',#1799,#1877);
#1877 = DEFINITIONAL_REPRESENTATION('',(#1878),#1882);
#1878 = LINE('',#1879,#1880);
#1879 = CARTESIAN_POINT('',(-0.,0.));
#1880 = VECTOR('',#1881,1.);
#1881 = DIRECTION('',(-0.,-1.));
#1882 = ( GEOMETRIC_REPRESENTATION_CONTEXT(2) 
PARAMETRIC_REPRESENTATION_CONTEXT() REPRESENTATION_CONTEXT('2D SPACE',''
  ) );
#1883 = ORIENTED_EDGE('',*,*,#1884,.F.);
#1884 = EDGE_CURVE('',#1862,#1862,#1885,.T.);
#1885 = SURFACE_CURVE('',#1886,(#1891,#1898),.PCURVE_S1.);
#1886 = CIRCLE('',#1887,1.7);
#1887 = AXIS2_PLACEMENT_3D('',#1888,#1889,#1890);
#1888 = CARTESIAN_POINT('',(25.,6.,27.774893162176));
#1889 = DIRECTION('',(0.,0.,1.));
#1890 = DIRECTION('',(1.,0.,0.));
#1891 = PCURVE('',#1799,#1892);
#1892 = DEFINITIONAL_REPRESENTATION('',(#1893),#1897);
#1893 = LINE('',#1894,#1895);
#1894 = CARTESIAN_POINT('',(-0.,-27.77489316217));
#1895 = VECTOR('',#1896,1.);
#1896 = DIRECTION('',(-1.,0.));
#1897 = ( GEOMETRIC_REPRESENTATION_CONTEXT(2) 
PARAMETRIC_REPRESENTATION_CONTEXT() REPRESENTATION_CONTEXT('2D SPACE',''
  ) );
#1898 = PCURVE('',#1899,#1904);
#1899 = CONICAL_SURFACE('',#1900,5.15,0.785398163397);
#1900 = AXIS2_PLACEMENT_3D('',#1901,#1902,#1903);
#1901 = CARTESIAN_POINT('',(25.,6.,24.324893162176));
#1902 = DIRECTION('',(-0.,-0.,-1.));
#1903 = DIRECTION('',(1.,0.,0.));
#1904 = DEFINITIONAL_REPRESENTATION('',(#1905),#1909);
#1905 = LINE('',#1906,#1907);
#1906 = CARTESIAN_POINT('',(-0.,-3.45));
#1907 = VECTOR('',#1908,1.);
#1908 = DIRECTION('',(-1.,-0.));
#1909 = ( GEOMETRIC_REPRESENTATION_CONTEXT(2) 
PARAMETRIC_REPRESENTATION_CONTEXT() REPRESENTATION_CONTEXT('2D SPACE',''
  ) );
#1910 = ORIENTED_EDGE('',*,*,#1861,.T.);
#1911 = ORIENTED_EDGE('',*,*,#1689,.T.);
#1912 = ADVANCED_FACE('',(#1913),#1899,.F.);
#1913 = FACE_BOUND('',#1914,.F.);
#1914 = EDGE_LOOP('',(#1915,#2408,#2426,#2427));
#1915 = ORIENTED_EDGE('',*,*,#1916,.F.);
#1916 = EDGE_CURVE('',#1917,#1917,#1919,.T.);
#1917 = VERTEX_POINT('',#1918);
#1918 = CARTESIAN_POINT('',(28.15,6.,26.324893162176));
#1919 = SURFACE_CURVE('',#1920,(#2079,#2241),.PCURVE_S1.);
#1920 = B_SPLINE_CURVE_WITH_KNOTS('',7,(#1921,#1922,#1923,#1924,#1925,
    #1926,#1927,#1928,#1929,#1930,#1931,#1932,#1933,#1934,#1935,#1936,
    #1937,#1938,#1939,#1940,#1941,#1942,#1943,#1944,#1945,#1946,#1947,
    #1948,#1949,#1950,#1951,#1952,#1953,#1954,#1955,#1956,#1957,#1958,
    #1959,#1960,#1961,#1962,#1963,#1964,#1965,#1966,#1967,#1968,#1969,
    #1970,#1971,#1972,#1973,#1974,#1975,#1976,#1977,#1978,#1979,#1980,
    #1981,#1982,#1983,#1984,#1985,#1986,#1987,#1988,#1989,#1990,#1991,
    #1992,#1993,#1994,#1995,#1996,#1997,#1998,#1999,#2000,#2001,#2002,
    #2003,#2004,#2005,#2006,#2007,#2008,#2009,#2010,#2011,#2012,#2013,
    #2014,#2015,#2016,#2017,#2018,#2019,#2020,#2021,#2022,#2023,#2024,
    #2025,#2026,#2027,#2028,#2029,#2030,#2031,#2032,#2033,#2034,#2035,
    #2036,#2037,#2038,#2039,#2040,#2041,#2042,#2043,#2044,#2045,#2046,
    #2047,#2048,#2049,#2050,#2051,#2052,#2053,#2054,#2055,#2056,#2057,
    #2058,#2059,#2060,#2061,#2062,#2063,#2064,#2065,#2066,#2067,#2068,
    #2069,#2070,#2071,#2072,#2073,#2074,#2075,#2076,#2077,#2078),
  .UNSPECIFIED.,.T.,.F.,(8,6,6,6,6,6,6,6,6,6,6,6,6,6,6,6,6,6,6,6,6,6,6,6
    ,6,6,8),(0.,5.164882834804E-02,8.285873121029E-02,0.119131323351,
    0.144623562818,0.202248745034,0.272958347999,0.298248718646,
    0.334379438544,0.365265693908,0.382670987534,0.419455449154,
    0.450342198999,0.465068478958,0.490356879481,0.518000408841,
    0.536529099964,0.581339238562,0.645687937865,0.666969112066,
    0.707874251326,0.770565718934,0.834664405326,0.879760428985,
    0.898417202451,0.926265130972,1.),.UNSPECIFIED.);
#1921 = CARTESIAN_POINT('',(28.15,6.,26.324893162176));
#1922 = CARTESIAN_POINT('',(28.109552233508,5.822536144742,
    26.365340928668));
#1923 = CARTESIAN_POINT('',(28.059599142467,5.648103134148,
    26.403629677275));
#1924 = CARTESIAN_POINT('',(28.000401880799,5.477894952277,
    26.439586981853));
#1925 = CARTESIAN_POINT('',(27.932409604984,5.312913131685,
    26.473139308899));
#1926 = CARTESIAN_POINT('',(27.856201758446,5.153991833435,
    26.504283624001));
#1927 = CARTESIAN_POINT('',(27.772448391725,5.001814267512,
    26.533065226613));
#1928 = CARTESIAN_POINT('',(27.627165789168,4.769365285346,
    26.575572939046));
#1929 = CARTESIAN_POINT('',(27.56994660155,4.684452176063,
    26.590752884624));
#1930 = CARTESIAN_POINT('',(27.510382445035,4.60228627616,
    26.605121234451));
#1931 = CARTESIAN_POINT('',(27.448625344779,4.522948457873,
    26.618702248172));
#1932 = CARTESIAN_POINT('',(27.384825051259,4.446498689148,
    26.631523390557));
#1933 = CARTESIAN_POINT('',(27.319126229912,4.372979407506,
    26.643613861542));
#1934 = CARTESIAN_POINT('',(27.173262008072,4.220412463381,
    26.668239891405));
#1935 = CARTESIAN_POINT('',(27.092480228694,4.142404125154,
    26.680529264628));
#1936 = CARTESIAN_POINT('',(27.009532697461,4.068434547755,
    26.691918460911));
#1937 = CARTESIAN_POINT('',(26.924621062484,3.998523299962,
    26.702454498037));
#1938 = CARTESIAN_POINT('',(26.837934143634,3.932673211422,
    26.712183113573));
#1939 = CARTESIAN_POINT('',(26.749645841009,3.870874733272,
    26.721147681831));
#1940 = CARTESIAN_POINT('',(26.596849175367,3.772513674421,
    26.735179486998));
#1941 = CARTESIAN_POINT('',(26.533072809174,3.733910153205,
    26.740613115366));
#1942 = CARTESIAN_POINT('',(26.468638916342,3.697293786743,
    26.745702907847));
#1943 = CARTESIAN_POINT('',(26.403599861691,3.662657464454,
    26.750461862437));
#1944 = CARTESIAN_POINT('',(26.33800531618,3.62999325069,26.754902053736
    ));
#1945 = CARTESIAN_POINT('',(26.271902169734,3.599292721886,
    26.759034603454));
#1946 = CARTESIAN_POINT('',(26.054858165745,3.505568314194,
    26.771538771936));
#1947 = CARTESIAN_POINT('',(25.902020867813,3.450585243376,
    26.778686959851));
#1948 = CARTESIAN_POINT('',(25.747315951146,3.405489356546,
    26.784432715505));
#1949 = CARTESIAN_POINT('',(25.591202818075,3.37019331425,
    26.788865539702));
#1950 = CARTESIAN_POINT('',(25.434108478434,3.344626051173,
    26.792048843401));
#1951 = CARTESIAN_POINT('',(25.276427739212,3.328738539342,
    26.794020582884));
#1952 = CARTESIAN_POINT('',(24.924762005759,3.31489044424,
    26.795737729247));
#1953 = CARTESIAN_POINT('',(24.730769253143,3.321823529372,
    26.794875478353));
#1954 = CARTESIAN_POINT('',(24.537166458183,3.34327098881,
    26.792228494046));
#1955 = CARTESIAN_POINT('',(24.344649806469,3.379296342294,
    26.787756123567));
#1956 = CARTESIAN_POINT('',(24.153984475714,3.430017938928,
    26.78136072311));
#1957 = CARTESIAN_POINT('',(23.966005200698,3.495589042786,
    26.772886918182));
#1958 = CARTESIAN_POINT('',(23.715674336815,3.605052644945,
    26.75825932051));
#1959 = CARTESIAN_POINT('',(23.650189931128,3.635814281195,
    26.754111742005));
#1960 = CARTESIAN_POINT('',(23.585211982964,3.668509059568,
    26.749660063311));
#1961 = CARTESIAN_POINT('',(23.520786490786,3.703145066141,
    26.744893342775));
#1962 = CARTESIAN_POINT('',(23.4569621099,3.739729718949,26.739799734068
    ));
#1963 = CARTESIAN_POINT('',(23.393790152455,3.778269767982,
    26.734366486194));
#1964 = CARTESIAN_POINT('',(23.242084067229,3.876633212489,
    26.720313083463));
#1965 = CARTESIAN_POINT('',(23.154287168887,3.938496959937,
    26.711325319646));
#1966 = CARTESIAN_POINT('',(23.068089590804,4.0043795084,26.701577035248
    ));
#1967 = CARTESIAN_POINT('',(22.983663802286,4.074289758425,
    26.691025249881));
#1968 = CARTESIAN_POINT('',(22.901196960754,4.148224228652,
    26.679624699491));
#1969 = CARTESIAN_POINT('',(22.82088882896,4.226162744219,
    26.667328916294));
#1970 = CARTESIAN_POINT('',(22.676323616433,4.378077315453,
    26.642775173049));
#1971 = CARTESIAN_POINT('',(22.611429818263,4.450985304401,
    26.63077096206));
#1972 = CARTESIAN_POINT('',(22.548401087496,4.526760075069,
    26.618050158014));
#1973 = CARTESIAN_POINT('',(22.487377713059,4.605359935087,26.6045845367
    ));
#1974 = CARTESIAN_POINT('',(22.428504806127,4.686726311464,
    26.590347567486));
#1975 = CARTESIAN_POINT('',(22.371929623244,4.770780545385,
    26.575315813386));
#1976 = CARTESIAN_POINT('',(22.287294663402,4.906244899813,
    26.550540945916));
#1977 = CARTESIAN_POINT('',(22.25756659337,4.955890198304,
    26.541353218451));
#1978 = CARTESIAN_POINT('',(22.228641294946,5.006338264437,
    26.531903700512));
#1979 = CARTESIAN_POINT('',(22.200544812714,5.057568357211,
    26.52218955441));
#1980 = CARTESIAN_POINT('',(22.173302620266,5.109557312666,
    26.512208552983));
#1981 = CARTESIAN_POINT('',(22.146939620196,5.162279543886,
    26.501959079596));
#1982 = CARTESIAN_POINT('',(22.067673920469,5.328621063547,
    26.469209307174));
#1983 = CARTESIAN_POINT('',(22.017897611525,5.444696035612,
    26.445772886434));
#1984 = CARTESIAN_POINT('',(21.972386826727,5.563650562967,
    26.421125493932));
#1985 = CARTESIAN_POINT('',(21.931346456063,5.685169525243,
    26.39527389183));
#1986 = CARTESIAN_POINT('',(21.894945091099,5.808903060158,
    26.368240405363));
#1987 = CARTESIAN_POINT('',(21.863309446018,5.934465547762,
    26.340066351766));
#1988 = CARTESIAN_POINT('',(21.814023502009,6.168046490496,
    26.286254427593));
#1989 = CARTESIAN_POINT('',(21.794941695744,6.275661429045,
    26.260931585841));
#1990 = CARTESIAN_POINT('',(21.7793202148,6.384032794196,26.234883624756
    ));
#1991 = CARTESIAN_POINT('',(21.767178074053,6.492918395601,
    26.208153232571));
#1992 = CARTESIAN_POINT('',(21.758509286584,6.602081265537,
    26.180788873908));
#1993 = CARTESIAN_POINT('',(21.753285701938,6.711290455763,
    26.152844558731));
#1994 = CARTESIAN_POINT('',(21.750589306388,6.8723061517,26.110808005786
    ));
#1995 = CARTESIAN_POINT('',(21.750491169718,6.924251248209,
    26.097117720526));
#1996 = CARTESIAN_POINT('',(21.751160169031,6.976133635288,
    26.083314982368));
#1997 = CARTESIAN_POINT('',(21.752590254636,7.027930710369,
    26.069406101054));
#1998 = CARTESIAN_POINT('',(21.754774592495,7.079620756908,
    26.055397469225));
#1999 = CARTESIAN_POINT('',(21.757705564228,7.131182944389,
    26.041295562425));
#2000 = CARTESIAN_POINT('',(21.767675630085,7.2708876187,26.00274181833)
  );
#2001 = CARTESIAN_POINT('',(21.776153653283,7.358742247087,
    25.978120893535));
#2002 = CARTESIAN_POINT('',(21.786766910891,7.446060510918,
    25.953277163646));
#2003 = CARTESIAN_POINT('',(21.799468480719,7.532750808265,
    25.928243646793));
#2004 = CARTESIAN_POINT('',(21.814207949715,7.61873010705,
    25.903053139699));
#2005 = CARTESIAN_POINT('',(21.830932919465,7.703923414264,
    25.877737977075));
#2006 = CARTESIAN_POINT('',(21.869985700328,7.880457711568,
    25.824555320413));
#2007 = CARTESIAN_POINT('',(21.892690162693,7.971631980393,
    25.796669794673));
#2008 = CARTESIAN_POINT('',(21.917634921773,8.06169938526,
    25.768714125066));
#2009 = CARTESIAN_POINT('',(21.94475026198,8.1505829943,25.740728454597)
  );
#2010 = CARTESIAN_POINT('',(21.973967046672,8.238214724883,
    25.712751972845));
#2011 = CARTESIAN_POINT('',(22.005218035655,8.324534458325,
    25.684822730786));
#2012 = CARTESIAN_POINT('',(22.060706429668,8.466431931561,
    25.638313539893));
#2013 = CARTESIAN_POINT('',(22.083858717491,8.5227611439,25.619687430387
    ));
#2014 = CARTESIAN_POINT('',(22.107876631617,8.578460870494,
    25.60111022542));
#2015 = CARTESIAN_POINT('',(22.132741313903,8.633516095854,
    25.582592880739));
#2016 = CARTESIAN_POINT('',(22.158434482595,8.687912710131,
    25.56414620953));
#2017 = CARTESIAN_POINT('',(22.184938432338,8.741637509115,
    25.545780882421));
#2018 = CARTESIAN_POINT('',(22.278253073008,8.922952794737,
    25.483314556898));
#2019 = CARTESIAN_POINT('',(22.348908460324,9.047218911309,
    25.439661415348));
#2020 = CARTESIAN_POINT('',(22.423965770161,9.167311592159,
    25.396693371217));
#2021 = CARTESIAN_POINT('',(22.503203682699,9.283072109466,
    25.354557135303));
#2022 = CARTESIAN_POINT('',(22.586416356429,9.394346227875,
    25.313400074542));
#2023 = CARTESIAN_POINT('',(22.67341380033,9.500982473,25.273369525754)
  );
#2024 = CARTESIAN_POINT('',(22.894138684203,9.749087069273,25.1789553002
    ));
#2025 = CARTESIAN_POINT('',(23.031683734921,9.885449140689,
    25.125931646903));
#2026 = CARTESIAN_POINT('',(23.17614153958,10.011474685729,
    25.075974429553));
#2027 = CARTESIAN_POINT('',(23.326989722184,10.126640207413,
    25.029546894994));
#2028 = CARTESIAN_POINT('',(23.483675662353,10.230374879787,
    24.987126665846));
#2029 = CARTESIAN_POINT('',(23.645591030078,10.322096534912,
    24.949181952496));
#2030 = CARTESIAN_POINT('',(23.867093512167,10.427426551946,
    24.90521190757));
#2031 = CARTESIAN_POINT('',(23.922635783802,10.452227609371,
    24.89482102234));
#2032 = CARTESIAN_POINT('',(23.978644888113,10.475632129793,
    24.884982505184));
#2033 = CARTESIAN_POINT('',(24.035093054523,10.497620146632,
    24.875711399661));
#2034 = CARTESIAN_POINT('',(24.091951150553,10.518172457865,
    24.867022014911));
#2035 = CARTESIAN_POINT('',(24.149188581471,10.53727091739,
    24.858927740483));
#2036 = CARTESIAN_POINT('',(24.317458174087,10.58878163033,
    24.837050121336));
#2037 = CARTESIAN_POINT('',(24.429433922688,10.617233507755,
    24.824902374764));
#2038 = CARTESIAN_POINT('',(24.542460401938,10.640130373615,
    24.815087048399));
#2039 = CARTESIAN_POINT('',(24.656289991568,10.657374121125,
    24.807674891578));
#2040 = CARTESIAN_POINT('',(24.770667015586,10.668895559784,
    24.802715634904));
#2041 = CARTESIAN_POINT('',(24.885327273008,10.674657453398,
    24.800235649135));
#2042 = CARTESIAN_POINT('',(25.17574196775,10.674657718599,
    24.800235534985));
#2043 = CARTESIAN_POINT('',(25.35100547448,10.661123729094,
    24.80605985212));
#2044 = CARTESIAN_POINT('',(25.525016136634,10.634190676798,
    24.8176536853));
#2045 = CARTESIAN_POINT('',(25.697005531972,10.594091027053,
    24.834858888957));
#2046 = CARTESIAN_POINT('',(25.866209015064,10.541162328394,
    24.857422374921));
#2047 = CARTESIAN_POINT('',(26.031865964173,10.475854917617,
    24.885004445213));
#2048 = CARTESIAN_POINT('',(26.358195964093,10.319893345484,
    24.950092200583));
#2049 = CARTESIAN_POINT('',(26.518691857084,10.228694513567,
    24.987810583237));
#2050 = CARTESIAN_POINT('',(26.674034605302,10.12568600519,
    25.029925036425));
#2051 = CARTESIAN_POINT('',(26.823631099497,10.011435681215,
    25.075978699208));
#2052 = CARTESIAN_POINT('',(26.966942089327,9.886500173379,
    25.125505729659));
#2053 = CARTESIAN_POINT('',(27.103457714939,9.751390304526,
    25.178054143168));
#2054 = CARTESIAN_POINT('',(27.323584092367,9.504628776728,
    25.271998785527));
#2055 = CARTESIAN_POINT('',(27.410872184472,9.397907059993,
    25.312079058349));
#2056 = CARTESIAN_POINT('',(27.494364294382,9.286524515357,
    25.353294077001));
#2057 = CARTESIAN_POINT('',(27.573869476617,9.170633620386,
    25.395495550803));
#2058 = CARTESIAN_POINT('',(27.649180876924,9.050389530955,
    25.438535182141));
#2059 = CARTESIAN_POINT('',(27.720076083244,8.925951804607,
    25.482265363291));
#2060 = CARTESIAN_POINT('',(27.813722346801,8.744338309354,
    25.544856776476));
#2061 = CARTESIAN_POINT('',(27.840330071129,8.690502334256,
    25.563266432875));
#2062 = CARTESIAN_POINT('',(27.866123405077,8.63599057358,
    25.581758235075));
#2063 = CARTESIAN_POINT('',(27.891084521132,8.580816313637,
    25.600321432237));
#2064 = CARTESIAN_POINT('',(27.915195008854,8.524993752081,
    25.618945130024));
#2065 = CARTESIAN_POINT('',(27.938435874877,8.468537997914,
    25.637618290607));
#2066 = CARTESIAN_POINT('',(27.994150635118,8.326275487199,
    25.684259261952));
#2067 = CARTESIAN_POINT('',(28.025532444035,8.239711531498,
    25.712273894517));
#2068 = CARTESIAN_POINT('',(28.054868386181,8.151826650347,
    25.740336576472));
#2069 = CARTESIAN_POINT('',(28.082090615502,8.062681443692,
    25.768408913764));
#2070 = CARTESIAN_POINT('',(28.107129359337,7.972344563895,
    25.796451359935));
#2071 = CARTESIAN_POINT('',(28.129914254376,7.880893614157,
    25.824423403865));
#2072 = CARTESIAN_POINT('',(28.204552808617,7.543556853889,
    25.926051525448));
#2073 = CARTESIAN_POINT('',(28.242502812547,7.291220563421,
    25.999120626698));
#2074 = CARTESIAN_POINT('',(28.262786382958,7.033373070887,
    26.070609606877));
#2075 = CARTESIAN_POINT('',(28.264182422318,6.772365144823,
    26.139655872327));
#2076 = CARTESIAN_POINT('',(28.245846255292,6.510949880499,
    26.205469053619));
#2077 = CARTESIAN_POINT('',(28.207506581234,6.252309101187,
    26.267386580942));
#2078 = CARTESIAN_POINT('',(28.15,6.,26.324893162176));
#2079 = PCURVE('',#1899,#2080);
#2080 = DEFINITIONAL_REPRESENTATION('',(#2081),#2240);
#2081 = B_SPLINE_CURVE_WITH_KNOTS('',7,(#2082,#2083,#2084,#2085,#2086,
    #2087,#2088,#2089,#2090,#2091,#2092,#2093,#2094,#2095,#2096,#2097,
    #2098,#2099,#2100,#2101,#2102,#2103,#2104,#2105,#2106,#2107,#2108,
    #2109,#2110,#2111,#2112,#2113,#2114,#2115,#2116,#2117,#2118,#2119,
    #2120,#2121,#2122,#2123,#2124,#2125,#2126,#2127,#2128,#2129,#2130,
    #2131,#2132,#2133,#2134,#2135,#2136,#2137,#2138,#2139,#2140,#2141,
    #2142,#2143,#2144,#2145,#2146,#2147,#2148,#2149,#2150,#2151,#2152,
    #2153,#2154,#2155,#2156,#2157,#2158,#2159,#2160,#2161,#2162,#2163,
    #2164,#2165,#2166,#2167,#2168,#2169,#2170,#2171,#2172,#2173,#2174,
    #2175,#2176,#2177,#2178,#2179,#2180,#2181,#2182,#2183,#2184,#2185,
    #2186,#2187,#2188,#2189,#2190,#2191,#2192,#2193,#2194,#2195,#2196,
    #2197,#2198,#2199,#2200,#2201,#2202,#2203,#2204,#2205,#2206,#2207,
    #2208,#2209,#2210,#2211,#2212,#2213,#2214,#2215,#2216,#2217,#2218,
    #2219,#2220,#2221,#2222,#2223,#2224,#2225,#2226,#2227,#2228,#2229,
    #2230,#2231,#2232,#2233,#2234,#2235,#2236,#2237,#2238,#2239),
  .UNSPECIFIED.,.F.,.F.,(8,6,6,6,6,6,6,6,6,6,6,6,6,6,6,6,6,6,6,6,6,6,6,6
    ,6,6,8),(0.,5.164882834804E-02,8.285873121029E-02,0.119131323351,
    0.144623562818,0.202248745034,0.272958347999,0.298248718646,
    0.334379438544,0.365265693908,0.382670987534,0.419455449154,
    0.450342198999,0.465068478958,0.490356879481,0.518000408841,
    0.536529099964,0.581339238562,0.645687937865,0.666969112066,
    0.707874251326,0.770565718934,0.834664405326,0.879760428985,
    0.898417202451,0.926265130972,1.),.UNSPECIFIED.);
#2082 = CARTESIAN_POINT('',(-6.28318530718,-2.));
#2083 = CARTESIAN_POINT('',(-6.226847575352,-2.040447766492));
#2084 = CARTESIAN_POINT('',(-6.169784086733,-2.078736515099));
#2085 = CARTESIAN_POINT('',(-6.112204731419,-2.114693819677));
#2086 = CARTESIAN_POINT('',(-6.054297887039,-2.148246146723));
#2087 = CARTESIAN_POINT('',(-5.996236368753,-2.179390461824));
#2088 = CARTESIAN_POINT('',(-5.938180767723,-2.208172064437));
#2089 = CARTESIAN_POINT('',(-5.845292515456,-2.25067977687));
#2090 = CARTESIAN_POINT('',(-5.810354439836,-2.265859722447));
#2091 = CARTESIAN_POINT('',(-5.775492559623,-2.280228072275));
#2092 = CARTESIAN_POINT('',(-5.740728753509,-2.293809085996));
#2093 = CARTESIAN_POINT('',(-5.706080407729,-2.306630228381));
#2094 = CARTESIAN_POINT('',(-5.671560653356,-2.318720699366));
#2095 = CARTESIAN_POINT('',(-5.597219297287,-2.343346729229));
#2096 = CARTESIAN_POINT('',(-5.557446765042,-2.355636102452));
#2097 = CARTESIAN_POINT('',(-5.517873648702,-2.367025298735));
#2098 = CARTESIAN_POINT('',(-5.478507232059,-2.377561335861));
#2099 = CARTESIAN_POINT('',(-5.439349588526,-2.387289951396));
#2100 = CARTESIAN_POINT('',(-5.40039772883,-2.396254519654));
#2101 = CARTESIAN_POINT('',(-5.334407599201,-2.410286324822));
#2102 = CARTESIAN_POINT('',(-5.307269589819,-2.415719953189));
#2103 = CARTESIAN_POINT('',(-5.280227127989,-2.42080974567));
#2104 = CARTESIAN_POINT('',(-5.253277014399,-2.425568700261));
#2105 = CARTESIAN_POINT('',(-5.226415417239,-2.43000889156));
#2106 = CARTESIAN_POINT('',(-5.199637846475,-2.434141441277));
#2107 = CARTESIAN_POINT('',(-5.112586701517,-2.446645609759));
#2108 = CARTESIAN_POINT('',(-5.052642351074,-2.453793797674));
#2109 = CARTESIAN_POINT('',(-4.993039935876,-2.459539553328));
#2110 = CARTESIAN_POINT('',(-4.933712217914,-2.463972377526));
#2111 = CARTESIAN_POINT('',(-4.874588051895,-2.467155681225));
#2112 = CARTESIAN_POINT('',(-4.815589139823,-2.469127420708));
#2113 = CARTESIAN_POINT('',(-4.684275421928,-2.47084456707));
#2114 = CARTESIAN_POINT('',(-4.612018278755,-2.469982316176));
#2115 = CARTESIAN_POINT('',(-4.539673561485,-2.467335331869));
#2116 = CARTESIAN_POINT('',(-4.467089834879,-2.462862961391));
#2117 = CARTESIAN_POINT('',(-4.394133422798,-2.456467560933));
#2118 = CARTESIAN_POINT('',(-4.320678998764,-2.447993756005));
#2119 = CARTESIAN_POINT('',(-4.220108494234,-2.433366158333));
#2120 = CARTESIAN_POINT('',(-4.193535775565,-2.429218579829));
#2121 = CARTESIAN_POINT('',(-4.166879820778,-2.424766901135));
#2122 = CARTESIAN_POINT('',(-4.140136303091,-2.420000180598));
#2123 = CARTESIAN_POINT('',(-4.11330152426,-2.414906571892));
#2124 = CARTESIAN_POINT('',(-4.086372414569,-2.409473324018));
#2125 = CARTESIAN_POINT('',(-4.020736400294,-2.395419921286));
#2126 = CARTESIAN_POINT('',(-3.981929547876,-2.38643215747));
#2127 = CARTESIAN_POINT('',(-3.942918380027,-2.376683873071));
#2128 = CARTESIAN_POINT('',(-3.903700169308,-2.366132087704));
#2129 = CARTESIAN_POINT('',(-3.864277206039,-2.354731537314));
#2130 = CARTESIAN_POINT('',(-3.824656947945,-2.342435754118));
#2131 = CARTESIAN_POINT('',(-3.750825154931,-2.317882010873));
#2132 = CARTESIAN_POINT('',(-3.716663851539,-2.305877799883));
#2133 = CARTESIAN_POINT('',(-3.682377261143,-2.293156995837));
#2134 = CARTESIAN_POINT('',(-3.647978245122,-2.279691374523));
#2135 = CARTESIAN_POINT('',(-3.613483750667,-2.26545440531));
#2136 = CARTESIAN_POINT('',(-3.578915036734,-2.25042265121));
#2137 = CARTESIAN_POINT('',(-3.52479014738,-2.225647783739));
#2138 = CARTESIAN_POINT('',(-3.505267033605,-2.216460056275));
#2139 = CARTESIAN_POINT('',(-3.485733262011,-2.207010538335));
#2140 = CARTESIAN_POINT('',(-3.466193934556,-2.197296392233));
#2141 = CARTESIAN_POINT('',(-3.446654551819,-2.187315390807));
#2142 = CARTESIAN_POINT('',(-3.427121013008,-2.177065917419));
#2143 = CARTESIAN_POINT('',(-3.366342967482,-2.144316144998));
#2144 = CARTESIAN_POINT('',(-3.325136480512,-2.120879724258));
#2145 = CARTESIAN_POINT('',(-3.284045688559,-2.096232331756));
#2146 = CARTESIAN_POINT('',(-3.243136430299,-2.070380729654));
#2147 = CARTESIAN_POINT('',(-3.202475532384,-2.043347243187));
#2148 = CARTESIAN_POINT('',(-3.162131492249,-2.01517318959));
#2149 = CARTESIAN_POINT('',(-3.088625092343,-1.961361265417));
#2150 = CARTESIAN_POINT('',(-3.055344823977,-1.936038423665));
#2151 = CARTESIAN_POINT('',(-3.022375351953,-1.909990462579));
#2152 = CARTESIAN_POINT('',(-2.989752000132,-1.883260070395));
#2153 = CARTESIAN_POINT('',(-2.957505214294,-1.855895711732));
#2154 = CARTESIAN_POINT('',(-2.925661356332,-1.827951396554));
#2155 = CARTESIAN_POINT('',(-2.879263995143,-1.78591484361));
#2156 = CARTESIAN_POINT('',(-2.864380992474,-1.77222455835));
#2157 = CARTESIAN_POINT('',(-2.849596730524,-1.758421820192));
#2158 = CARTESIAN_POINT('',(-2.834913161302,-1.744512938878));
#2159 = CARTESIAN_POINT('',(-2.820331948734,-1.730504307049));
#2160 = CARTESIAN_POINT('',(-2.805854468662,-1.716402400248));
#2161 = CARTESIAN_POINT('',(-2.766800655211,-1.677848656153));
#2162 = CARTESIAN_POINT('',(-2.742428589988,-1.653227731358));
#2163 = CARTESIAN_POINT('',(-2.71837113876,-1.62838400147));
#2164 = CARTESIAN_POINT('',(-2.69463127597,-1.603350484617));
#2165 = CARTESIAN_POINT('',(-2.671209756071,-1.578159977522));
#2166 = CARTESIAN_POINT('',(-2.648105444683,-1.552844814899));
#2167 = CARTESIAN_POINT('',(-2.600403423086,-1.499662158236));
#2168 = CARTESIAN_POINT('',(-2.575867115909,-1.471776632496));
#2169 = CARTESIAN_POINT('',(-2.551702741873,-1.443820962889));
#2170 = CARTESIAN_POINT('',(-2.527904344996,-1.415835292421));
#2171 = CARTESIAN_POINT('',(-2.5044642574,-1.387858810668));
#2172 = CARTESIAN_POINT('',(-2.481373357066,-1.35992956861));
#2173 = CARTESIAN_POINT('',(-2.44337126983,-1.313420377716));
#2174 = CARTESIAN_POINT('',(-2.42827352699,-1.294794268211));
#2175 = CARTESIAN_POINT('',(-2.413324982597,-1.276217063244));
#2176 = CARTESIAN_POINT('',(-2.398522391436,-1.257699718563));
#2177 = CARTESIAN_POINT('',(-2.383862377536,-1.239253047354));
#2178 = CARTESIAN_POINT('',(-2.369341434173,-1.220887720245));
#2179 = CARTESIAN_POINT('',(-2.320165732464,-1.158421394722));
#2180 = CARTESIAN_POINT('',(-2.2861696002,-1.114768253172));
#2181 = CARTESIAN_POINT('',(-2.252913391236,-1.071800209041));
#2182 = CARTESIAN_POINT('',(-2.220344414629,-1.029663973126));
#2183 = CARTESIAN_POINT('',(-2.188410565305,-0.988506912366));
#2184 = CARTESIAN_POINT('',(-2.157059465021,-0.948476363577));
#2185 = CARTESIAN_POINT('',(-2.081976488079,-0.854062138024));
#2186 = CARTESIAN_POINT('',(-2.038812859243,-0.801038484727));
#2187 = CARTESIAN_POINT('',(-1.996587628264,-0.751081267377));
#2188 = CARTESIAN_POINT('',(-1.955162718794,-0.704653732817));
#2189 = CARTESIAN_POINT('',(-1.914409329432,-0.66223350367));
#2190 = CARTESIAN_POINT('',(-1.874203256998,-0.624288790319));
#2191 = CARTESIAN_POINT('',(-1.821272710041,-0.580318745393));
#2192 = CARTESIAN_POINT('',(-1.808165895448,-0.569927860164));
#2193 = CARTESIAN_POINT('',(-1.795102918593,-0.560089343007));
#2194 = CARTESIAN_POINT('',(-1.782079974111,-0.550818237485));
#2195 = CARTESIAN_POINT('',(-1.769093382857,-0.542128852735));
#2196 = CARTESIAN_POINT('',(-1.756139605536,-0.534034578306));
#2197 = CARTESIAN_POINT('',(-1.718373003767,-0.51215695916));
#2198 = CARTESIAN_POINT('',(-1.693637653679,-0.500009212587));
#2199 = CARTESIAN_POINT('',(-1.668987944921,-0.490193886223));
#2200 = CARTESIAN_POINT('',(-1.644401355351,-0.482781729401));
#2201 = CARTESIAN_POINT('',(-1.61985508666,-0.477822472728));
#2202 = CARTESIAN_POINT('',(-1.59532704922,-0.475342486958));
#2203 = CARTESIAN_POINT('',(-1.533201708245,-0.475342372809));
#2204 = CARTESIAN_POINT('',(-1.495709035201,-0.481166689943));
#2205 = CARTESIAN_POINT('',(-1.458201620589,-0.492760523123));
#2206 = CARTESIAN_POINT('',(-1.420566357337,-0.509965726781));
#2207 = CARTESIAN_POINT('',(-1.382698180252,-0.532529212745));
#2208 = CARTESIAN_POINT('',(-1.344504007791,-0.560111283037));
#2209 = CARTESIAN_POINT('',(-1.266442975922,-0.625199038407));
#2210 = CARTESIAN_POINT('',(-1.226553562943,-0.66291742106));
#2211 = CARTESIAN_POINT('',(-1.186123966065,-0.705031874248));
#2212 = CARTESIAN_POINT('',(-1.145032954171,-0.751085537031));
#2213 = CARTESIAN_POINT('',(-1.103154779885,-0.800612567483));
#2214 = CARTESIAN_POINT('',(-1.060354679178,-0.853160980991));
#2215 = CARTESIAN_POINT('',(-0.985608355396,-0.947105623351));
#2216 = CARTESIAN_POINT('',(-0.954208977021,-0.987185896172));
#2217 = CARTESIAN_POINT('',(-0.922225681006,-1.028400914825));
#2218 = CARTESIAN_POINT('',(-0.889605783762,-1.070602388626));
#2219 = CARTESIAN_POINT('',(-0.856296863947,-1.113642019964));
#2220 = CARTESIAN_POINT('',(-0.822245889884,-1.157372201115));
#2221 = CARTESIAN_POINT('',(-0.772981494662,-1.2199636143));
#2222 = CARTESIAN_POINT('',(-0.758428639034,-1.238373270698));
#2223 = CARTESIAN_POINT('',(-0.74373611161,-1.256865072899));
#2224 = CARTESIAN_POINT('',(-0.728900375261,-1.27542827006));
#2225 = CARTESIAN_POINT('',(-0.713918024223,-1.294051967848));
#2226 = CARTESIAN_POINT('',(-0.698785784096,-1.312725128431));
#2227 = CARTESIAN_POINT('',(-0.660685035755,-1.359366099775));
#2228 = CARTESIAN_POINT('',(-0.637528766396,-1.387380732341));
#2229 = CARTESIAN_POINT('',(-0.614021275091,-1.415443414295));
#2230 = CARTESIAN_POINT('',(-0.590153341459,-1.443515751588));
#2231 = CARTESIAN_POINT('',(-0.565917214638,-1.471558197759));
#2232 = CARTESIAN_POINT('',(-0.541306874506,-1.499530241688));
#2233 = CARTESIAN_POINT('',(-0.450154312656,-1.601158363271));
#2234 = CARTESIAN_POINT('',(-0.381262987306,-1.674227464521));
#2235 = CARTESIAN_POINT('',(-0.309660203454,-1.745716444701));
#2236 = CARTESIAN_POINT('',(-0.235435461504,-1.81476271015));
#2237 = CARTESIAN_POINT('',(-0.158794258781,-1.880575891443));
#2238 = CARTESIAN_POINT('',(-8.009812736081E-02,-1.942493418766));
#2239 = CARTESIAN_POINT('',(0.,-2.));
#2240 = ( GEOMETRIC_REPRESENTATION_CONTEXT(2) 
PARAMETRIC_REPRESENTATION_CONTEXT() REPRESENTATION_CONTEXT('2D SPACE',''
  ) );
#2241 = PCURVE('',#2242,#2247);
#2242 = CYLINDRICAL_SURFACE('',#2243,27.);
#2243 = AXIS2_PLACEMENT_3D('',#2244,#2245,#2246);
#2244 = CARTESIAN_POINT('',(-1.,0.,0.));
#2245 = DIRECTION('',(-1.,-0.,-0.));
#2246 = DIRECTION('',(0.,1.,0.));
#2247 = DEFINITIONAL_REPRESENTATION('',(#2248),#2407);
#2248 = B_SPLINE_CURVE_WITH_KNOTS('',7,(#2249,#2250,#2251,#2252,#2253,
    #2254,#2255,#2256,#2257,#2258,#2259,#2260,#2261,#2262,#2263,#2264,
    #2265,#2266,#2267,#2268,#2269,#2270,#2271,#2272,#2273,#2274,#2275,
    #2276,#2277,#2278,#2279,#2280,#2281,#2282,#2283,#2284,#2285,#2286,
    #2287,#2288,#2289,#2290,#2291,#2292,#2293,#2294,#2295,#2296,#2297,
    #2298,#2299,#2300,#2301,#2302,#2303,#2304,#2305,#2306,#2307,#2308,
    #2309,#2310,#2311,#2312,#2313,#2314,#2315,#2316,#2317,#2318,#2319,
    #2320,#2321,#2322,#2323,#2324,#2325,#2326,#2327,#2328,#2329,#2330,
    #2331,#2332,#2333,#2334,#2335,#2336,#2337,#2338,#2339,#2340,#2341,
    #2342,#2343,#2344,#2345,#2346,#2347,#2348,#2349,#2350,#2351,#2352,
    #2353,#2354,#2355,#2356,#2357,#2358,#2359,#2360,#2361,#2362,#2363,
    #2364,#2365,#2366,#2367,#2368,#2369,#2370,#2371,#2372,#2373,#2374,
    #2375,#2376,#2377,#2378,#2379,#2380,#2381,#2382,#2383,#2384,#2385,
    #2386,#2387,#2388,#2389,#2390,#2391,#2392,#2393,#2394,#2395,#2396,
    #2397,#2398,#2399,#2400,#2401,#2402,#2403,#2404,#2405,#2406),
  .UNSPECIFIED.,.F.,.F.,(8,6,6,6,6,6,6,6,6,6,6,6,6,6,6,6,6,6,6,6,6,6,6,6
    ,6,6,8),(0.,5.164882834804E-02,8.285873121029E-02,0.119131323351,
    0.144623562818,0.202248745034,0.272958347999,0.298248718646,
    0.334379438544,0.365265693908,0.382670987534,0.419455449154,
    0.450342198999,0.465068478958,0.490356879481,0.518000408841,
    0.536529099964,0.581339238562,0.645687937865,0.666969112066,
    0.707874251326,0.770565718934,0.834664405326,0.879760428985,
    0.898417202451,0.926265130972,1.),.UNSPECIFIED.);
#2249 = CARTESIAN_POINT('',(-7.629888541673,-29.15));
#2250 = CARTESIAN_POINT('',(-7.636629836088,-29.1095522335));
#2251 = CARTESIAN_POINT('',(-7.643243913889,-29.05959914246));
#2252 = CARTESIAN_POINT('',(-7.649686741467,-29.00040188079));
#2253 = CARTESIAN_POINT('',(-7.655921960262,-28.93240960498));
#2254 = CARTESIAN_POINT('',(-7.661919682321,-28.85620175844));
#2255 = CARTESIAN_POINT('',(-7.667655703265,-28.77244839172));
#2256 = CARTESIAN_POINT('',(-7.676407691863,-28.62716578916));
#2257 = CARTESIAN_POINT('',(-7.679602455529,-28.56994660155));
#2258 = CARTESIAN_POINT('',(-7.682691781991,-28.51038244503));
#2259 = CARTESIAN_POINT('',(-7.685672928317,-28.44862534477));
#2260 = CARTESIAN_POINT('',(-7.688543919734,-28.38482505125));
#2261 = CARTESIAN_POINT('',(-7.691303419063,-28.31912622991));
#2262 = CARTESIAN_POINT('',(-7.697027182943,-28.17326200807));
#2263 = CARTESIAN_POINT('',(-7.699951993031,-28.09248022869));
#2264 = CARTESIAN_POINT('',(-7.702723865528,-28.00953269746));
#2265 = CARTESIAN_POINT('',(-7.705342388945,-27.92462106248));
#2266 = CARTESIAN_POINT('',(-7.707807739998,-27.83793414363));
#2267 = CARTESIAN_POINT('',(-7.710120522409,-27.749645841));
#2268 = CARTESIAN_POINT('',(-7.713800406826,-27.59684917536));
#2269 = CARTESIAN_POINT('',(-7.715244258036,-27.53307280917));
#2270 = CARTESIAN_POINT('',(-7.716613455802,-27.46863891634));
#2271 = CARTESIAN_POINT('',(-7.717908332048,-27.40359986169));
#2272 = CARTESIAN_POINT('',(-7.719129242191,-27.33800531618));
#2273 = CARTESIAN_POINT('',(-7.720276553177,-27.27190216973));
#2274 = CARTESIAN_POINT('',(-7.723778584496,-27.05485816574));
#2275 = CARTESIAN_POINT('',(-7.725832120457,-26.90202086781));
#2276 = CARTESIAN_POINT('',(-7.72751583488,-26.74731595114));
#2277 = CARTESIAN_POINT('',(-7.728833363778,-26.59120281807));
#2278 = CARTESIAN_POINT('',(-7.729787610738,-26.43410847843));
#2279 = CARTESIAN_POINT('',(-7.730380551387,-26.27642773921));
#2280 = CARTESIAN_POINT('',(-7.730897371793,-25.92476200575));
#2281 = CARTESIAN_POINT('',(-7.730638612539,-25.73076925314));
#2282 = CARTESIAN_POINT('',(-7.729838235829,-25.53716645818));
#2283 = CARTESIAN_POINT('',(-7.728493720097,-25.34464980646));
#2284 = CARTESIAN_POINT('',(-7.726600275981,-25.15398447571));
#2285 = CARTESIAN_POINT('',(-7.724151544178,-24.96600520069));
#2286 = CARTESIAN_POINT('',(-7.72006129903,-24.71567433681));
#2287 = CARTESIAN_POINT('',(-7.71891167049,-24.65018993112));
#2288 = CARTESIAN_POINT('',(-7.717689581416,-24.58521198296));
#2289 = CARTESIAN_POINT('',(-7.716394677892,-24.52078649078));
#2290 = CARTESIAN_POINT('',(-7.715026624125,-24.4569621099));
#2291 = CARTESIAN_POINT('',(-7.713585102441,-24.39379015245));
#2292 = CARTESIAN_POINT('',(-7.709905017501,-24.24208406722));
#2293 = CARTESIAN_POINT('',(-7.707589719398,-24.15428716888));
#2294 = CARTESIAN_POINT('',(-7.705123072553,-24.0680895908));
#2295 = CARTESIAN_POINT('',(-7.702504498703,-23.98366380228));
#2296 = CARTESIAN_POINT('',(-7.699733847214,-23.90119696075));
#2297 = CARTESIAN_POINT('',(-7.696811554546,-23.82088882896));
#2298 = CARTESIAN_POINT('',(-7.691112070386,-23.67632361643));
#2299 = CARTESIAN_POINT('',(-7.688375429563,-23.61142981826));
#2300 = CARTESIAN_POINT('',(-7.685529707771,-23.54840108749));
#2301 = CARTESIAN_POINT('',(-7.682576221566,-23.48737771305));
#2302 = CARTESIAN_POINT('',(-7.67951690162,-23.42850480612));
#2303 = CARTESIAN_POINT('',(-7.676354416794,-23.37192962324));
#2304 = CARTESIAN_POINT('',(-7.671254000531,-23.2872946634));
#2305 = CARTESIAN_POINT('',(-7.669384067078,-23.25756659337));
#2306 = CARTESIAN_POINT('',(-7.667483132109,-23.22864129494));
#2307 = CARTESIAN_POINT('',(-7.665551920632,-23.20054481271));
#2308 = CARTESIAN_POINT('',(-7.663591248407,-23.17330262026));
#2309 = CARTESIAN_POINT('',(-7.661602021952,-23.14693962019));
#2310 = CARTESIAN_POINT('',(-7.655322955247,-23.06767392046));
#2311 = CARTESIAN_POINT('',(-7.650937178716,-23.01789761152));
#2312 = CARTESIAN_POINT('',(-7.646437971895,-22.97238682672));
#2313 = CARTESIAN_POINT('',(-7.641836672446,-22.93134645606));
#2314 = CARTESIAN_POINT('',(-7.637145963963,-22.89494509109));
#2315 = CARTESIAN_POINT('',(-7.632379947202,-22.86330944601));
#2316 = CARTESIAN_POINT('',(-7.623502193375,-22.814023502));
#2317 = CARTESIAN_POINT('',(-7.61940763981,-22.79494169574));
#2318 = CARTESIAN_POINT('',(-7.615279647776,-22.7793202148));
#2319 = CARTESIAN_POINT('',(-7.611127194208,-22.76717807405));
#2320 = CARTESIAN_POINT('',(-7.606959111131,-22.75850928658));
#2321 = CARTESIAN_POINT('',(-7.602784060991,-22.75328570193));
#2322 = CARTESIAN_POINT('',(-7.596620634401,-22.75058930638));
#2323 = CARTESIAN_POINT('',(-7.594631052063,-22.75049116971));
#2324 = CARTESIAN_POINT('',(-7.592642651935,-22.75116016903));
#2325 = CARTESIAN_POINT('',(-7.590656290224,-22.75259025463));
#2326 = CARTESIAN_POINT('',(-7.588672792381,-22.75477459249));
#2327 = CARTESIAN_POINT('',(-7.5866929531,-22.75770556422));
#2328 = CARTESIAN_POINT('',(-7.581325292582,-22.76767563008));
#2329 = CARTESIAN_POINT('',(-7.577946082752,-22.77615365328));
#2330 = CARTESIAN_POINT('',(-7.574583763361,-22.78676691089));
#2331 = CARTESIAN_POINT('',(-7.571241868791,-22.79946848071));
#2332 = CARTESIAN_POINT('',(-7.567923629049,-22.81420794971));
#2333 = CARTESIAN_POINT('',(-7.564631987544,-22.83093291946));
#2334 = CARTESIAN_POINT('',(-7.557803423204,-22.86998570032));
#2335 = CARTESIAN_POINT('',(-7.554272220129,-22.89269016269));
#2336 = CARTESIAN_POINT('',(-7.550779445856,-22.91763492177));
#2337 = CARTESIAN_POINT('',(-7.547328190195,-22.94475026198));
#2338 = CARTESIAN_POINT('',(-7.543921226671,-22.97396704667));
#2339 = CARTESIAN_POINT('',(-7.540561042646,-23.00521803565));
#2340 = CARTESIAN_POINT('',(-7.535030481866,-23.06070642966));
#2341 = CARTESIAN_POINT('',(-7.53283312468,-23.08385871749));
#2342 = CARTESIAN_POINT('',(-7.530658468361,-23.10787663161));
#2343 = CARTESIAN_POINT('',(-7.528507151517,-23.1327413139));
#2344 = CARTESIAN_POINT('',(-7.52637978088,-23.15843448259));
#2345 = CARTESIAN_POINT('',(-7.524276931311,-23.18493843233));
#2346 = CARTESIAN_POINT('',(-7.517174189841,-23.278253073));
#2347 = CARTESIAN_POINT('',(-7.512296111141,-23.34890846032));
#2348 = CARTESIAN_POINT('',(-7.507572231401,-23.42396577016));
#2349 = CARTESIAN_POINT('',(-7.503009727198,-23.50320368269));
#2350 = CARTESIAN_POINT('',(-7.498615678547,-23.58641635642));
#2351 = CARTESIAN_POINT('',(-7.494397117468,-23.67341380033));
#2352 = CARTESIAN_POINT('',(-7.484565201083,-23.8941386842));
#2353 = CARTESIAN_POINT('',(-7.479146516382,-24.03168373492));
#2354 = CARTESIAN_POINT('',(-7.474125709583,-24.17614153958));
#2355 = CARTESIAN_POINT('',(-7.469526871478,-24.32698972218));
#2356 = CARTESIAN_POINT('',(-7.465376077055,-24.48367566235));
#2357 = CARTESIAN_POINT('',(-7.46169977802,-24.64559103007));
#2358 = CARTESIAN_POINT('',(-7.457472396938,-24.86709351216));
#2359 = CARTESIAN_POINT('',(-7.456476478149,-24.9226357838));
#2360 = CARTESIAN_POINT('',(-7.455536170127,-24.97864488811));
#2361 = CARTESIAN_POINT('',(-7.45465236893,-25.03509305452));
#2362 = CARTESIAN_POINT('',(-7.453825934707,-25.09195115055));
#2363 = CARTESIAN_POINT('',(-7.453057678899,-25.14918858147));
#2364 = CARTESIAN_POINT('',(-7.45098493337,-25.31745817408));
#2365 = CARTESIAN_POINT('',(-7.449839132983,-25.42943392268));
#2366 = CARTESIAN_POINT('',(-7.448916468085,-25.54246040193));
#2367 = CARTESIAN_POINT('',(-7.448221308642,-25.65628999156));
#2368 = CARTESIAN_POINT('',(-7.447756736619,-25.77066701558));
#2369 = CARTESIAN_POINT('',(-7.447524405793,-25.885327273));
#2370 = CARTESIAN_POINT('',(-7.4475243951,-26.17574196775));
#2371 = CARTESIAN_POINT('',(-7.448070097018,-26.35100547448));
#2372 = CARTESIAN_POINT('',(-7.449156117342,-26.52501613663));
#2373 = CARTESIAN_POINT('',(-7.450772222348,-26.69700553197));
#2374 = CARTESIAN_POINT('',(-7.452903224184,-26.86620901506));
#2375 = CARTESIAN_POINT('',(-7.455528870484,-27.03186596417));
#2376 = CARTESIAN_POINT('',(-7.461788067052,-27.35819596409));
#2377 = CARTESIAN_POINT('',(-7.465443268712,-27.51869185708));
#2378 = CARTESIAN_POINT('',(-7.469564883581,-27.6740346053));
#2379 = CARTESIAN_POINT('',(-7.474127109192,-27.82363109949));
#2380 = CARTESIAN_POINT('',(-7.479104518277,-27.96694208932));
#2381 = CARTESIAN_POINT('',(-7.484473603069,-28.10345771493));
#2382 = CARTESIAN_POINT('',(-7.494252843099,-28.32358409236));
#2383 = CARTESIAN_POINT('',(-7.498475015057,-28.41087218447));
#2384 = CARTESIAN_POINT('',(-7.502873574587,-28.49436429438));
#2385 = CARTESIAN_POINT('',(-7.507441442426,-28.57386947661));
#2386 = CARTESIAN_POINT('',(-7.512171494835,-28.64918087692));
#2387 = CARTESIAN_POINT('',(-7.517056515508,-28.72007608324));
#2388 = CARTESIAN_POINT('',(-7.524171208535,-28.8137223468));
#2389 = CARTESIAN_POINT('',(-7.526278485422,-28.84033007112));
#2390 = CARTESIAN_POINT('',(-7.528410431587,-28.86612340507));
#2391 = CARTESIAN_POINT('',(-7.53056646841,-28.89108452113));
#2392 = CARTESIAN_POINT('',(-7.532745985204,-28.91519500885));
#2393 = CARTESIAN_POINT('',(-7.534948339215,-28.93843587487));
#2394 = CARTESIAN_POINT('',(-7.540493267589,-28.99415063511));
#2395 = CARTESIAN_POINT('',(-7.543863031012,-29.02553244403));
#2396 = CARTESIAN_POINT('',(-7.547279896956,-29.05486838618));
#2397 = CARTESIAN_POINT('',(-7.550741357714,-29.0820906155));
#2398 = CARTESIAN_POINT('',(-7.55424461624,-29.10712935933));
#2399 = CARTESIAN_POINT('',(-7.55778655558,-29.12991425437));
#2400 = CARTESIAN_POINT('',(-7.570835180739,-29.20455280861));
#2401 = CARTESIAN_POINT('',(-7.580564346375,-29.24250281254));
#2402 = CARTESIAN_POINT('',(-7.590473461904,-29.26278638295));
#2403 = CARTESIAN_POINT('',(-7.600471667567,-29.26418242231));
#2404 = CARTESIAN_POINT('',(-7.610454733937,-29.24584625529));
#2405 = CARTESIAN_POINT('',(-7.620304111467,-29.20750658123));
#2406 = CARTESIAN_POINT('',(-7.629888541673,-29.15));
#2407 = ( GEOMETRIC_REPRESENTATION_CONTEXT(2) 
PARAMETRIC_REPRESENTATION_CONTEXT() REPRESENTATION_CONTEXT('2D SPACE',''
  ) );
#2408 = ORIENTED_EDGE('',*,*,#2409,.T.);
#2409 = EDGE_CURVE('',#1917,#1862,#2410,.T.);
#2410 = SEAM_CURVE('',#2411,(#2414,#2420),.PCURVE_S1.);
#2411 = B_SPLINE_CURVE_WITH_KNOTS('',1,(#2412,#2413),.UNSPECIFIED.,.F.,
  .F.,(2,2),(0.,1.),.PIECEWISE_BEZIER_KNOTS.);
#2412 = CARTESIAN_POINT('',(30.15,6.,24.324893162176));
#2413 = CARTESIAN_POINT('',(26.7,6.,27.774893162176));
#2414 = PCURVE('',#1899,#2415);
#2415 = DEFINITIONAL_REPRESENTATION('',(#2416),#2419);
#2416 = B_SPLINE_CURVE_WITH_KNOTS('',1,(#2417,#2418),.UNSPECIFIED.,.F.,
  .F.,(2,2),(0.,1.),.PIECEWISE_BEZIER_KNOTS.);
#2417 = CARTESIAN_POINT('',(0.,0.));
#2418 = CARTESIAN_POINT('',(0.,-3.45));
#2419 = ( GEOMETRIC_REPRESENTATION_CONTEXT(2) 
PARAMETRIC_REPRESENTATION_CONTEXT() REPRESENTATION_CONTEXT('2D SPACE',''
  ) );
#2420 = PCURVE('',#1899,#2421);
#2421 = DEFINITIONAL_REPRESENTATION('',(#2422),#2425);
#2422 = B_SPLINE_CURVE_WITH_KNOTS('',1,(#2423,#2424),.UNSPECIFIED.,.F.,
  .F.,(2,2),(0.,1.),.PIECEWISE_BEZIER_KNOTS.);
#2423 = CARTESIAN_POINT('',(-6.28318530718,0.));
#2424 = CARTESIAN_POINT('',(-6.28318530718,-3.45));
#2425 = ( GEOMETRIC_REPRESENTATION_CONTEXT(2) 
PARAMETRIC_REPRESENTATION_CONTEXT() REPRESENTATION_CONTEXT('2D SPACE',''
  ) );
#2426 = ORIENTED_EDGE('',*,*,#1884,.F.);
#2427 = ORIENTED_EDGE('',*,*,#2409,.F.);
#2428 = ADVANCED_FACE('',(#2429,#2532,#2727,#2936,#3165,#3538,#3941,
    #4436,#4631,#4860,#5055,#5428,#5637,#6040,#6535,#6938,#7133),#2242,
  .F.);
#2429 = FACE_BOUND('',#2430,.T.);
#2430 = EDGE_LOOP('',(#2431,#2466,#2488,#2512));
#2431 = ORIENTED_EDGE('',*,*,#2432,.F.);
#2432 = EDGE_CURVE('',#2433,#2435,#2437,.T.);
#2433 = VERTEX_POINT('',#2434);
#2434 = CARTESIAN_POINT('',(148.,0.,27.));
#2435 = VERTEX_POINT('',#2436);
#2436 = CARTESIAN_POINT('',(148.,0.,-27.));
#2437 = SURFACE_CURVE('',#2438,(#2443,#2450),.PCURVE_S1.);
#2438 = CIRCLE('',#2439,27.);
#2439 = AXIS2_PLACEMENT_3D('',#2440,#2441,#2442);
#2440 = CARTESIAN_POINT('',(148.,0.,0.));
#2441 = DIRECTION('',(-1.,0.,0.));
#2442 = DIRECTION('',(0.,1.,0.));
#2443 = PCURVE('',#2242,#2444);
#2444 = DEFINITIONAL_REPRESENTATION('',(#2445),#2449);
#2445 = LINE('',#2446,#2447);
#2446 = CARTESIAN_POINT('',(-12.56637061435,-149.));
#2447 = VECTOR('',#2448,1.);
#2448 = DIRECTION('',(1.,-0.));
#2449 = ( GEOMETRIC_REPRESENTATION_CONTEXT(2) 
PARAMETRIC_REPRESENTATION_CONTEXT() REPRESENTATION_CONTEXT('2D SPACE',''
  ) );
#2450 = PCURVE('',#2451,#2456);
#2451 = PLANE('',#2452);
#2452 = AXIS2_PLACEMENT_3D('',#2453,#2454,#2455);
#2453 = CARTESIAN_POINT('',(148.,-8.10034880438E-16,5.174794260437E-16)
  );
#2454 = DIRECTION('',(1.,0.,0.));
#2455 = DIRECTION('',(-0.,0.,1.));
#2456 = DEFINITIONAL_REPRESENTATION('',(#2457),#2465);
#2457 = ( BOUNDED_CURVE() B_SPLINE_CURVE(2,(#2458,#2459,#2460,#2461,
#2462,#2463,#2464),.UNSPECIFIED.,.T.,.F.) B_SPLINE_CURVE_WITH_KNOTS((1,2
    ,2,2,2,1),(-2.094395102393,0.,2.094395102393,4.188790204786,
6.28318530718,8.377580409573),.UNSPECIFIED.) CURVE() 
GEOMETRIC_REPRESENTATION_ITEM() RATIONAL_B_SPLINE_CURVE((1.,0.5,1.,0.5,
1.,0.5,1.)) REPRESENTATION_ITEM('') );
#2458 = CARTESIAN_POINT('',(-5.174794260437E-16,-27.));
#2459 = CARTESIAN_POINT('',(-46.76537180436,-27.));
#2460 = CARTESIAN_POINT('',(-23.38268590218,13.5));
#2461 = CARTESIAN_POINT('',(-7.130572141439E-15,54.));
#2462 = CARTESIAN_POINT('',(23.38268590218,13.5));
#2463 = CARTESIAN_POINT('',(46.76537180436,-27.));
#2464 = CARTESIAN_POINT('',(-5.174794260437E-16,-27.));
#2465 = ( GEOMETRIC_REPRESENTATION_CONTEXT(2) 
PARAMETRIC_REPRESENTATION_CONTEXT() REPRESENTATION_CONTEXT('2D SPACE',''
  ) );
#2466 = ORIENTED_EDGE('',*,*,#2467,.T.);
#2467 = EDGE_CURVE('',#2433,#2468,#2470,.T.);
#2468 = VERTEX_POINT('',#2469);
#2469 = CARTESIAN_POINT('',(0.,-4.959819536547E-15,27.));
#2470 = SURFACE_CURVE('',#2471,(#2475,#2481),.PCURVE_S1.);
#2471 = LINE('',#2472,#2473);
#2472 = CARTESIAN_POINT('',(-1.,0.,27.));
#2473 = VECTOR('',#2474,1.);
#2474 = DIRECTION('',(-1.,-0.,-0.));
#2475 = PCURVE('',#2242,#2476);
#2476 = DEFINITIONAL_REPRESENTATION('',(#2477),#2480);
#2477 = B_SPLINE_CURVE_WITH_KNOTS('',1,(#2478,#2479),.UNSPECIFIED.,.F.,
  .F.,(2,2),(-151.,-1.),.PIECEWISE_BEZIER_KNOTS.);
#2478 = CARTESIAN_POINT('',(-7.853981633974,-151.));
#2479 = CARTESIAN_POINT('',(-7.853981633974,-1.));
#2480 = ( GEOMETRIC_REPRESENTATION_CONTEXT(2) 
PARAMETRIC_REPRESENTATION_CONTEXT() REPRESENTATION_CONTEXT('2D SPACE',''
  ) );
#2481 = PCURVE('',#130,#2482);
#2482 = DEFINITIONAL_REPRESENTATION('',(#2483),#2487);
#2483 = LINE('',#2484,#2485);
#2484 = CARTESIAN_POINT('',(227.,9.));
#2485 = VECTOR('',#2486,1.);
#2486 = DIRECTION('',(0.,-1.));
#2487 = ( GEOMETRIC_REPRESENTATION_CONTEXT(2) 
PARAMETRIC_REPRESENTATION_CONTEXT() REPRESENTATION_CONTEXT('2D SPACE',''
  ) );
#2488 = ORIENTED_EDGE('',*,*,#2489,.F.);
#2489 = EDGE_CURVE('',#2490,#2468,#2492,.T.);
#2490 = VERTEX_POINT('',#2491);
#2491 = CARTESIAN_POINT('',(0.,1.653273178849E-15,-27.));
#2492 = SURFACE_CURVE('',#2493,(#2498,#2505),.PCURVE_S1.);
#2493 = CIRCLE('',#2494,27.);
#2494 = AXIS2_PLACEMENT_3D('',#2495,#2496,#2497);
#2495 = CARTESIAN_POINT('',(0.,0.,0.));
#2496 = DIRECTION('',(1.,-0.,0.));
#2497 = DIRECTION('',(0.,6.123233995737E-17,-1.));
#2498 = PCURVE('',#2242,#2499);
#2499 = DEFINITIONAL_REPRESENTATION('',(#2500),#2504);
#2500 = LINE('',#2501,#2502);
#2501 = CARTESIAN_POINT('',(-4.712388980385,-1.));
#2502 = VECTOR('',#2503,1.);
#2503 = DIRECTION('',(-1.,-0.));
#2504 = ( GEOMETRIC_REPRESENTATION_CONTEXT(2) 
PARAMETRIC_REPRESENTATION_CONTEXT() REPRESENTATION_CONTEXT('2D SPACE',''
  ) );
#2505 = PCURVE('',#45,#2506);
#2506 = DEFINITIONAL_REPRESENTATION('',(#2507),#2511);
#2507 = CIRCLE('',#2508,27.);
#2508 = AXIS2_PLACEMENT_2D('',#2509,#2510);
#2509 = CARTESIAN_POINT('',(-1.460330226257E-15,-6.891036888388E-16));
#2510 = DIRECTION('',(-1.,-6.123233995737E-17));
#2511 = ( GEOMETRIC_REPRESENTATION_CONTEXT(2) 
PARAMETRIC_REPRESENTATION_CONTEXT() REPRESENTATION_CONTEXT('2D SPACE',''
  ) );
#2512 = ORIENTED_EDGE('',*,*,#2513,.F.);
#2513 = EDGE_CURVE('',#2435,#2490,#2514,.T.);
#2514 = SURFACE_CURVE('',#2515,(#2519,#2525),.PCURVE_S1.);
#2515 = LINE('',#2516,#2517);
#2516 = CARTESIAN_POINT('',(-1.,0.,-27.));
#2517 = VECTOR('',#2518,1.);
#2518 = DIRECTION('',(-1.,-0.,-0.));
#2519 = PCURVE('',#2242,#2520);
#2520 = DEFINITIONAL_REPRESENTATION('',(#2521),#2524);
#2521 = B_SPLINE_CURVE_WITH_KNOTS('',1,(#2522,#2523),.UNSPECIFIED.,.F.,
  .F.,(2,2),(-151.,-1.),.PIECEWISE_BEZIER_KNOTS.);
#2522 = CARTESIAN_POINT('',(-4.712388980385,-151.));
#2523 = CARTESIAN_POINT('',(-4.712388980385,-1.));
#2524 = ( GEOMETRIC_REPRESENTATION_CONTEXT(2) 
PARAMETRIC_REPRESENTATION_CONTEXT() REPRESENTATION_CONTEXT('2D SPACE',''
  ) );
#2525 = PCURVE('',#72,#2526);
#2526 = DEFINITIONAL_REPRESENTATION('',(#2527),#2531);
#2527 = LINE('',#2528,#2529);
#2528 = CARTESIAN_POINT('',(173.,9.));
#2529 = VECTOR('',#2530,1.);
#2530 = DIRECTION('',(0.,-1.));
#2531 = ( GEOMETRIC_REPRESENTATION_CONTEXT(2) 
PARAMETRIC_REPRESENTATION_CONTEXT() REPRESENTATION_CONTEXT('2D SPACE',''
  ) );
#2532 = FACE_BOUND('',#2533,.T.);
#2533 = EDGE_LOOP('',(#2534));
#2534 = ORIENTED_EDGE('',*,*,#2535,.T.);
#2535 = EDGE_CURVE('',#2536,#2536,#2538,.T.);
#2536 = VERTEX_POINT('',#2537);
#2537 = CARTESIAN_POINT('',(117.1,19.091883092037,-19.09188309203));
#2538 = SURFACE_CURVE('',#2539,(#2598,#2660),.PCURVE_S1.);
#2539 = B_SPLINE_CURVE_WITH_KNOTS('',8,(#2540,#2541,#2542,#2543,#2544,
    #2545,#2546,#2547,#2548,#2549,#2550,#2551,#2552,#2553,#2554,#2555,
    #2556,#2557,#2558,#2559,#2560,#2561,#2562,#2563,#2564,#2565,#2566,
    #2567,#2568,#2569,#2570,#2571,#2572,#2573,#2574,#2575,#2576,#2577,
    #2578,#2579,#2580,#2581,#2582,#2583,#2584,#2585,#2586,#2587,#2588,
    #2589,#2590,#2591,#2592,#2593,#2594,#2595,#2596,#2597),
  .UNSPECIFIED.,.T.,.F.,(9,7,7,7,7,7,7,7,9),(0.,0.137279016976,
    0.279829335554,0.449927586119,0.595996801867,0.690456078952,
    0.79437567713,0.899144679127,1.),.UNSPECIFIED.);
#2540 = CARTESIAN_POINT('',(117.1,19.091883092037,-19.09188309203));
#2541 = CARTESIAN_POINT('',(117.1,18.91941234368,-19.26435384039));
#2542 = CARTESIAN_POINT('',(117.06762353505,18.749059526786,
    -19.43114536183));
#2543 = CARTESIAN_POINT('',(117.00543026761,18.584430630111,
    -19.58893363203));
#2544 = CARTESIAN_POINT('',(116.91675252628,18.428862712408,
    -19.73505255839));
#2545 = CARTESIAN_POINT('',(116.80566188674,18.285293385183,
    -19.86750477211));
#2546 = CARTESIAN_POINT('',(116.67692535576,18.156051992374,
    -19.98496733832));
#2547 = CARTESIAN_POINT('',(116.53595500697,18.042632104633,
    -20.08681969938));
#2548 = CARTESIAN_POINT('',(116.23590257195,17.844648254716,
    -20.26294031633));
#2549 = CARTESIAN_POINT('',(116.07283594416,17.759052241072,
    -20.33805169681));
#2550 = CARTESIAN_POINT('',(115.90237618245,17.688438702454,
    -20.3993680015));
#2551 = CARTESIAN_POINT('',(115.72665346692,17.632448111538,
    -20.44761773747));
#2552 = CARTESIAN_POINT('',(115.54731608578,17.590727816383,
    -20.48339068042));
#2553 = CARTESIAN_POINT('',(115.36568912492,17.563001606522,
    -20.5071038278));
#2554 = CARTESIAN_POINT('',(115.18290149233,17.549124199081,
    -20.51897268006));
#2555 = CARTESIAN_POINT('',(114.78175268788,17.549124199081,
    -20.51897268006));
#2556 = CARTESIAN_POINT('',(114.56280139967,17.568884037752,
    -20.50207261224));
#2557 = CARTESIAN_POINT('',(114.34536390034,17.608625570693,
    -20.4680839383));
#2558 = CARTESIAN_POINT('',(114.13176021921,17.668719425234,
    -20.41650210419));
#2559 = CARTESIAN_POINT('',(113.92470176934,17.749638400841,
    -20.34654734697));
#2560 = CARTESIAN_POINT('',(113.72752055251,17.851907229983,
    -20.2571567493));
#2561 = CARTESIAN_POINT('',(113.54455664881,17.975967827355,
    -20.14704256294));
#2562 = CARTESIAN_POINT('',(113.24226238914,18.247178229083,
    -19.90148378866));
#2563 = CARTESIAN_POINT('',(113.1125686255,18.393098808883,
    -19.76773338977));
#2564 = CARTESIAN_POINT('',(113.00387647875,18.556981810139,
    -19.61511077251));
#2565 = CARTESIAN_POINT('',(112.92446728639,18.734271707652,
    -19.44669115053));
#2566 = CARTESIAN_POINT('',(112.87985302152,18.919053091721,
    -19.26702164765));
#2567 = CARTESIAN_POINT('',(112.87266757573,19.10505754865,
    -19.08174728521));
#2568 = CARTESIAN_POINT('',(112.90254646171,19.286293254,-18.89708823484
    ));
#2569 = CARTESIAN_POINT('',(113.00699323114,19.56837470805,
    -18.60387707428));
#2570 = CARTESIAN_POINT('',(113.06235200729,19.675836861603,
    -18.49061626442));
#2571 = CARTESIAN_POINT('',(113.13166094922,19.778994348789,
    -18.38039589421));
#2572 = CARTESIAN_POINT('',(113.21434681073,19.876945913656,
    -18.27435671363));
#2573 = CARTESIAN_POINT('',(113.30965889205,19.968875763716,
    -18.17361438935));
#2574 = CARTESIAN_POINT('',(113.41667837303,20.054055241339,
    -18.0792371284));
#2575 = CARTESIAN_POINT('',(113.5343319279,20.131848496349,
    -17.99221408865));
#2576 = CARTESIAN_POINT('',(113.80121444817,20.278593836727,
    -17.82672310524));
#2577 = CARTESIAN_POINT('',(113.95243157462,20.345882985658,
    -17.74998201853));
#2578 = CARTESIAN_POINT('',(114.11346278258,20.40288156489,
    -17.68434580261));
#2579 = CARTESIAN_POINT('',(114.28254072275,20.449036332148,
    -17.63079294061));
#2580 = CARTESIAN_POINT('',(114.45776337736,20.483933813629,
    -17.59009306008));
#2581 = CARTESIAN_POINT('',(114.63712912501,20.507293987238,
    -17.56277905743));
#2582 = CARTESIAN_POINT('',(114.81857240767,20.518972680064,
    -17.54912419908));
#2583 = CARTESIAN_POINT('',(115.18291052039,20.518972680064,
    -17.54912419908));
#2584 = CARTESIAN_POINT('',(115.36569769618,20.507102677483,
    -17.56300294924));
#2585 = CARTESIAN_POINT('',(115.54732036829,20.483389291066,
    -17.59072944474));
#2586 = CARTESIAN_POINT('',(115.72665360943,20.44761716824,
    -17.63244875552));
#2587 = CARTESIAN_POINT('',(115.90237448631,20.399368467976,
    -17.6884381435));
#2588 = CARTESIAN_POINT('',(116.07283482997,20.338052388539,
    -17.75905146758));
#2589 = CARTESIAN_POINT('',(116.23590278608,20.262940190648,
    -17.844648396));
#2590 = CARTESIAN_POINT('',(116.53589720577,20.086853626728,
    -18.04259396561));
#2591 = CARTESIAN_POINT('',(116.67688763246,19.985004506483,
    -18.15601105461));
#2592 = CARTESIAN_POINT('',(116.80566927798,19.86751655834,
    -18.28528157171));
#2593 = CARTESIAN_POINT('',(116.9167949864,19.735021094064,
    -18.42889827648));
#2594 = CARTESIAN_POINT('',(117.00548011963,19.588858224708,
    -18.58451152992));
#2595 = CARTESIAN_POINT('',(117.06765307992,19.431046820406,
    -18.74916131559));
#2596 = CARTESIAN_POINT('',(117.1,19.264275141445,-18.91949104262));
#2597 = CARTESIAN_POINT('',(117.1,19.091883092037,-19.09188309203));
#2598 = PCURVE('',#2242,#2599);
#2599 = DEFINITIONAL_REPRESENTATION('',(#2600),#2659);
#2600 = B_SPLINE_CURVE_WITH_KNOTS('',8,(#2601,#2602,#2603,#2604,#2605,
    #2606,#2607,#2608,#2609,#2610,#2611,#2612,#2613,#2614,#2615,#2616,
    #2617,#2618,#2619,#2620,#2621,#2622,#2623,#2624,#2625,#2626,#2627,
    #2628,#2629,#2630,#2631,#2632,#2633,#2634,#2635,#2636,#2637,#2638,
    #2639,#2640,#2641,#2642,#2643,#2644,#2645,#2646,#2647,#2648,#2649,
    #2650,#2651,#2652,#2653,#2654,#2655,#2656,#2657,#2658),
  .UNSPECIFIED.,.T.,.F.,(9,7,7,7,7,7,7,7,9),(0.,0.137279016976,
    0.279829335554,0.449927586119,0.595996801867,0.690456078952,
    0.79437567713,0.899144679127,1.),.UNSPECIFIED.);
#2601 = CARTESIAN_POINT('',(-5.497787143782,-118.1));
#2602 = CARTESIAN_POINT('',(-5.488753422618,-118.1));
#2603 = CARTESIAN_POINT('',(-5.479923900749,-118.067623535));
#2604 = CARTESIAN_POINT('',(-5.471478955893,-118.0054302676));
#2605 = CARTESIAN_POINT('',(-5.4635748666,-117.9167525262));
#2606 = CARTESIAN_POINT('',(-5.456340678369,-117.8056618867));
#2607 = CARTESIAN_POINT('',(-5.449872546486,-117.6769253557));
#2608 = CARTESIAN_POINT('',(-5.444226681544,-117.5359550069));
#2609 = CARTESIAN_POINT('',(-5.43441249033,-117.2359025719));
#2610 = CARTESIAN_POINT('',(-5.430194851091,-117.0728359441));
#2611 = CARTESIAN_POINT('',(-5.426731211517,-116.9023761824));
#2612 = CARTESIAN_POINT('',(-5.423993748272,-116.7266534669));
#2613 = CARTESIAN_POINT('',(-5.421958301181,-116.5473160857));
#2614 = CARTESIAN_POINT('',(-5.420607054905,-116.3656891249));
#2615 = CARTESIAN_POINT('',(-5.419930733837,-116.1829014923));
#2616 = CARTESIAN_POINT('',(-5.419930733837,-115.7817526878));
#2617 = CARTESIAN_POINT('',(-5.420893742032,-115.5628013996));
#2618 = CARTESIAN_POINT('',(-5.422830541782,-115.3453639003));
#2619 = CARTESIAN_POINT('',(-5.425763709872,-115.1317602192));
#2620 = CARTESIAN_POINT('',(-5.429725329406,-114.9247017693));
#2621 = CARTESIAN_POINT('',(-5.434755864226,-114.7275205525));
#2622 = CARTESIAN_POINT('',(-5.440899266642,-114.5445566488));
#2623 = CARTESIAN_POINT('',(-5.454449670117,-114.2422623891));
#2624 = CARTESIAN_POINT('',(-5.461780806619,-114.1125686255));
#2625 = CARTESIAN_POINT('',(-5.470074621506,-114.0038764787));
#2626 = CARTESIAN_POINT('',(-5.479130489053,-113.9244672863));
#2627 = CARTESIAN_POINT('',(-5.488674715722,-113.8798530215));
#2628 = CARTESIAN_POINT('',(-5.498397173266,-113.8726675757));
#2629 = CARTESIAN_POINT('',(-5.507979582786,-113.9025464617));
#2630 = CARTESIAN_POINT('',(-5.523048820858,-114.0069932311));
#2631 = CARTESIAN_POINT('',(-5.528831221476,-114.0623520072));
#2632 = CARTESIAN_POINT('',(-5.534422251911,-114.1316609492));
#2633 = CARTESIAN_POINT('',(-5.539768578824,-114.2143468107));
#2634 = CARTESIAN_POINT('',(-5.544819612308,-114.309658892));
#2635 = CARTESIAN_POINT('',(-5.549528123269,-114.416678373));
#2636 = CARTESIAN_POINT('',(-5.553851248244,-114.5343319279));
#2637 = CARTESIAN_POINT('',(-5.56204317278,-114.8012144481));
#2638 = CARTESIAN_POINT('',(-5.565823254291,-114.9524315746));
#2639 = CARTESIAN_POINT('',(-5.569042862673,-115.1134627825));
#2640 = CARTESIAN_POINT('',(-5.571661275677,-115.2825407227));
#2641 = CARTESIAN_POINT('',(-5.573646925847,-115.4577633773));
#2642 = CARTESIAN_POINT('',(-5.57497807558,-115.637129125));
#2643 = CARTESIAN_POINT('',(-5.575643553727,-115.8185724076));
#2644 = CARTESIAN_POINT('',(-5.575643553727,-116.1829105203));
#2645 = CARTESIAN_POINT('',(-5.574967167178,-116.3656976961));
#2646 = CARTESIAN_POINT('',(-5.5736159071,-116.5473203682));
#2647 = CARTESIAN_POINT('',(-5.571580507459,-116.7266536094));
#2648 = CARTESIAN_POINT('',(-5.568843103012,-116.9023744863));
#2649 = CARTESIAN_POINT('',(-5.565379474899,-117.0728348299));
#2650 = CARTESIAN_POINT('',(-5.56116179023,-117.235902786));
#2651 = CARTESIAN_POINT('',(-5.551349496597,-117.5358972057));
#2652 = CARTESIAN_POINT('',(-5.545703788922,-117.6768876324));
#2653 = CARTESIAN_POINT('',(-5.539234226315,-117.8056692779));
#2654 = CARTESIAN_POINT('',(-5.531997662904,-117.9167949864));
#2655 = CARTESIAN_POINT('',(-5.524091236465,-118.0054801196));
#2656 = CARTESIAN_POINT('',(-5.515645140366,-118.0676530799));
#2657 = CARTESIAN_POINT('',(-5.506816742831,-118.1));
#2658 = CARTESIAN_POINT('',(-5.497787143782,-118.1));
#2659 = ( GEOMETRIC_REPRESENTATION_CONTEXT(2) 
PARAMETRIC_REPRESENTATION_CONTEXT() REPRESENTATION_CONTEXT('2D SPACE',''
  ) );
#2660 = PCURVE('',#2661,#2666);
#2661 = CYLINDRICAL_SURFACE('',#2662,2.1);
#2662 = AXIS2_PLACEMENT_3D('',#2663,#2664,#2665);
#2663 = CARTESIAN_POINT('',(115.,18.738329701444,-18.73832970144));
#2664 = DIRECTION('',(-0.,-0.707106781187,0.707106781187));
#2665 = DIRECTION('',(1.,0.,0.));
#2666 = DEFINITIONAL_REPRESENTATION('',(#2667),#2726);
#2667 = B_SPLINE_CURVE_WITH_KNOTS('',8,(#2668,#2669,#2670,#2671,#2672,
    #2673,#2674,#2675,#2676,#2677,#2678,#2679,#2680,#2681,#2682,#2683,
    #2684,#2685,#2686,#2687,#2688,#2689,#2690,#2691,#2692,#2693,#2694,
    #2695,#2696,#2697,#2698,#2699,#2700,#2701,#2702,#2703,#2704,#2705,
    #2706,#2707,#2708,#2709,#2710,#2711,#2712,#2713,#2714,#2715,#2716,
    #2717,#2718,#2719,#2720,#2721,#2722,#2723,#2724,#2725),
  .UNSPECIFIED.,.F.,.F.,(9,7,7,7,7,7,7,7,9),(0.,0.137279016976,
    0.279829335554,0.449927586119,0.595996801867,0.690456078952,
    0.79437567713,0.899144679127,1.),.UNSPECIFIED.);
#2668 = CARTESIAN_POINT('',(0.,-0.5));
#2669 = CARTESIAN_POINT('',(-0.116147843542,-0.5));
#2670 = CARTESIAN_POINT('',(-0.229670173464,-0.497481783832));
#2671 = CARTESIAN_POINT('',(-0.340621488831,-0.492644730466));
#2672 = CARTESIAN_POINT('',(-0.448914346694,-0.485963284612));
#2673 = CARTESIAN_POINT('',(-0.554331536527,-0.478102298268));
#2674 = CARTESIAN_POINT('',(-0.656493602588,-0.469773410104));
#2675 = CARTESIAN_POINT('',(-0.754783480759,-0.461593933543));
#2676 = CARTESIAN_POINT('',(-0.9452647544,-0.446134293259));
#2677 = CARTESIAN_POINT('',(-1.039297123896,-0.438720538051));
#2678 = CARTESIAN_POINT('',(-1.130953862066,-0.43214640089));
#2679 = CARTESIAN_POINT('',(-1.220749268063,-0.426672789864));
#2680 = CARTESIAN_POINT('',(-1.309162547986,-0.422467376793));
#2681 = CARTESIAN_POINT('',(-1.396658765924,-0.4196297131));
#2682 = CARTESIAN_POINT('',(-1.483700378064,-0.41820945011));
#2683 = CARTESIAN_POINT('',(-1.674723618281,-0.41820945011));
#2684 = CARTESIAN_POINT('',(-1.778985558295,-0.420231613469));
#2685 = CARTESIAN_POINT('',(-1.88423993264,-0.424299499083));
#2686 = CARTESIAN_POINT('',(-1.991130416396,-0.43031840645));
#2687 = CARTESIAN_POINT('',(-2.100347505928,-0.438071279624));
#2688 = CARTESIAN_POINT('',(-2.212653065045,-0.447177564427));
#2689 = CARTESIAN_POINT('',(-2.328945461468,-0.457039166227));
#2690 = CARTESIAN_POINT('',(-2.554775756183,-0.475177605943));
#2691 = CARTESIAN_POINT('',(-2.666701900586,-0.483783223391));
#2692 = CARTESIAN_POINT('',(-2.783538992267,-0.491745517274));
#2693 = CARTESIAN_POINT('',(-2.903589961612,-0.498017749252));
#2694 = CARTESIAN_POINT('',(-3.025629328413,-0.50163239511));
#2695 = CARTESIAN_POINT('',(-3.148595508617,-0.502148649872));
#2696 = CARTESIAN_POINT('',(-3.27146664291,-0.499727979394));
#2697 = CARTESIAN_POINT('',(-3.471460930728,-0.491858088451));
#2698 = CARTESIAN_POINT('',(-3.550003038018,-0.487757819256));
#2699 = CARTESIAN_POINT('',(-3.628540101809,-0.482763606774));
#2700 = CARTESIAN_POINT('',(-3.707076056829,-0.477044798858));
#2701 = CARTESIAN_POINT('',(-3.785615646442,-0.470813438579));
#2702 = CARTESIAN_POINT('',(-3.86415931288,-0.464309623617));
#2703 = CARTESIAN_POINT('',(-3.942702389716,-0.457783180238));
#2704 = CARTESIAN_POINT('',(-4.107640391242,-0.444528008928));
#2705 = CARTESIAN_POINT('',(-4.194036941759,-0.437844479631));
#2706 = CARTESIAN_POINT('',(-4.2804256898,-0.431736748157));
#2707 = CARTESIAN_POINT('',(-4.366810571287,-0.426505505199));
#2708 = CARTESIAN_POINT('',(-4.453198190184,-0.422402589478));
#2709 = CARTESIAN_POINT('',(-4.539593485113,-0.419606810155));
#2710 = CARTESIAN_POINT('',(-4.625994888803,-0.41820945011));
#2711 = CARTESIAN_POINT('',(-4.799489228193,-0.41820945011));
#2712 = CARTESIAN_POINT('',(-4.88653061141,-0.419629849146));
#2713 = CARTESIAN_POINT('',(-4.97402495487,-0.422467545793));
#2714 = CARTESIAN_POINT('',(-5.062436284903,-0.426672842723));
#2715 = CARTESIAN_POINT('',(-5.15223059908,-0.432146335502));
#2716 = CARTESIAN_POINT('',(-5.243887465095,-0.438720480235));
#2717 = CARTESIAN_POINT('',(-5.337920688718,-0.446134304292));
#2718 = CARTESIAN_POINT('',(-5.528365132678,-0.461590955444));
#2719 = CARTESIAN_POINT('',(-5.62666084744,-0.469770744596));
#2720 = CARTESIAN_POINT('',(-5.728849657448,-0.478102279));
#2721 = CARTESIAN_POINT('',(-5.8342995821,-0.48596618357));
#2722 = CARTESIAN_POINT('',(-5.942619682656,-0.492648614242));
#2723 = CARTESIAN_POINT('',(-6.053582597576,-0.497484080077));
#2724 = CARTESIAN_POINT('',(-6.167090462266,-0.5));
#2725 = CARTESIAN_POINT('',(-6.28318530718,-0.5));
#2726 = ( GEOMETRIC_REPRESENTATION_CONTEXT(2) 
PARAMETRIC_REPRESENTATION_CONTEXT() REPRESENTATION_CONTEXT('2D SPACE',''
  ) );
#2727 = FACE_BOUND('',#2728,.T.);
#2728 = EDGE_LOOP('',(#2729));
#2729 = ORIENTED_EDGE('',*,*,#2730,.T.);
#2730 = EDGE_CURVE('',#2731,#2731,#2733,.T.);
#2731 = VERTEX_POINT('',#2732);
#2732 = CARTESIAN_POINT('',(117.1,27.,0.));
#2733 = SURFACE_CURVE('',#2734,(#2785,#2858),.PCURVE_S1.);
#2734 = B_SPLINE_CURVE_WITH_KNOTS('',7,(#2735,#2736,#2737,#2738,#2739,
    #2740,#2741,#2742,#2743,#2744,#2745,#2746,#2747,#2748,#2749,#2750,
    #2751,#2752,#2753,#2754,#2755,#2756,#2757,#2758,#2759,#2760,#2761,
    #2762,#2763,#2764,#2765,#2766,#2767,#2768,#2769,#2770,#2771,#2772,
    #2773,#2774,#2775,#2776,#2777,#2778,#2779,#2780,#2781,#2782,#2783,
    #2784),.UNSPECIFIED.,.T.,.F.,(8,6,6,6,6,6,6,6,8),(0.,0.245295717863,
    0.500010411372,0.754737677663,1.,1.24531983978,1.500059232648,
    1.754798633176,2.000022158163),.UNSPECIFIED.);
#2735 = CARTESIAN_POINT('',(117.1,27.,-1.33226762955E-15));
#2736 = CARTESIAN_POINT('',(117.1,27.,-0.278754824457));
#2737 = CARTESIAN_POINT('',(117.05683138008,26.996642378444,
    -0.550158417625));
#2738 = CARTESIAN_POINT('',(116.97458960011,26.990246141677,
    -0.806370364493));
#2739 = CARTESIAN_POINT('',(116.85891545242,26.981680427546,
    -1.040861030729));
#2740 = CARTESIAN_POINT('',(116.71690594398,26.972138749474,
    -1.248678017952));
#2741 = CARTESIAN_POINT('',(116.55698359119,26.962677391998,
    -1.426919719441));
#2742 = CARTESIAN_POINT('',(116.21406652263,26.945009231675,
    -1.729241782725));
#2743 = CARTESIAN_POINT('',(116.02575908467,26.936624306844,
    -1.855090077538));
#2744 = CARTESIAN_POINT('',(115.82834644112,26.929459657317,
    -1.954012338555));
#2745 = CARTESIAN_POINT('',(115.62496049271,26.923885922411,
    -2.02723872682));
#2746 = CARTESIAN_POINT('',(115.4179087409,26.920103134097,
    -2.075726193569));
#2747 = CARTESIAN_POINT('',(115.20903027695,26.91820945011,-2.1));
#2748 = CARTESIAN_POINT('',(114.79095940526,26.91820945011,-2.1));
#2749 = CARTESIAN_POINT('',(114.58208326999,26.920103315491,
    -2.075723843104));
#2750 = CARTESIAN_POINT('',(114.37503744873,26.923886083974,
    -2.027236722939));
#2751 = CARTESIAN_POINT('',(114.1716553324,26.929459601472,
    -1.954012626691));
#2752 = CARTESIAN_POINT('',(113.97424248248,26.936624225551,
    -1.855091530865));
#2753 = CARTESIAN_POINT('',(113.78593323264,26.945009244284,
    -1.72924156697));
#2754 = CARTESIAN_POINT('',(113.44304785001,26.962675772048,
    -1.426947438601));
#2755 = CARTESIAN_POINT('',(113.28311192178,26.972137372758,
    -1.248707728792));
#2756 = CARTESIAN_POINT('',(113.14107527496,26.981680750785,
    -1.040865628129));
#2757 = CARTESIAN_POINT('',(113.02538455971,26.99024814671,
    -0.806334151745));
#2758 = CARTESIAN_POINT('',(112.94314837479,26.996643954728,
    -0.550088494912));
#2759 = CARTESIAN_POINT('',(112.9,27.,-0.278689467881));
#2760 = CARTESIAN_POINT('',(112.9,27.,0.278754824457));
#2761 = CARTESIAN_POINT('',(112.94316861991,26.996642378444,
    0.550158417625));
#2762 = CARTESIAN_POINT('',(113.02541039988,26.990246141677,
    0.806370364493));
#2763 = CARTESIAN_POINT('',(113.14108454757,26.981680427546,
    1.04086103073));
#2764 = CARTESIAN_POINT('',(113.28309405601,26.972138749474,
    1.248678017952));
#2765 = CARTESIAN_POINT('',(113.4430164088,26.962677391998,
    1.426919719441));
#2766 = CARTESIAN_POINT('',(113.78593323817,26.945009243999,
    1.729241571848));
#2767 = CARTESIAN_POINT('',(113.97424247013,26.936624226308,
    1.85509151807));
#2768 = CARTESIAN_POINT('',(114.17165533793,26.929459600639,
    1.954012640921));
#2769 = CARTESIAN_POINT('',(114.37503745988,26.923886084396,
    2.027236715377));
#2770 = CARTESIAN_POINT('',(114.5820832546,26.920103315412,
    2.075723844699));
#2771 = CARTESIAN_POINT('',(114.79095941154,26.91820945011,2.1));
#2772 = CARTESIAN_POINT('',(115.20904059474,26.91820945011,2.1));
#2773 = CARTESIAN_POINT('',(115.41791673,26.920103315491,2.075723843104)
  );
#2774 = CARTESIAN_POINT('',(115.62496255126,26.923886083974,
    2.027236722939));
#2775 = CARTESIAN_POINT('',(115.8283446676,26.929459601472,
    1.954012626691));
#2776 = CARTESIAN_POINT('',(116.02575751751,26.936624225551,
    1.855091530865));
#2777 = CARTESIAN_POINT('',(116.21406676736,26.945009244284,
    1.72924156697));
#2778 = CARTESIAN_POINT('',(116.55691753271,26.962673988458,
    1.426977957829));
#2779 = CARTESIAN_POINT('',(116.71687766571,26.972136329976,
    1.248732244136));
#2780 = CARTESIAN_POINT('',(116.85894424534,26.981681848414,
    1.04085519508));
#2781 = CARTESIAN_POINT('',(116.97464572746,26.990250518725,
    0.806281407671));
#2782 = CARTESIAN_POINT('',(117.05687077323,26.996645440103,
    0.550011943334));
#2783 = CARTESIAN_POINT('',(117.1,27.,0.278627627792));
#2784 = CARTESIAN_POINT('',(117.1,27.,-1.184195848507E-15));
#2785 = PCURVE('',#2242,#2786);
#2786 = DEFINITIONAL_REPRESENTATION('',(#2787),#2857);
#2787 = B_SPLINE_CURVE_WITH_KNOTS('',3,(#2788,#2789,#2790,#2791,#2792,
    #2793,#2794,#2795,#2796,#2797,#2798,#2799,#2800,#2801,#2802,#2803,
    #2804,#2805,#2806,#2807,#2808,#2809,#2810,#2811,#2812,#2813,#2814,
    #2815,#2816,#2817,#2818,#2819,#2820,#2821,#2822,#2823,#2824,#2825,
    #2826,#2827,#2828,#2829,#2830,#2831,#2832,#2833,#2834,#2835,#2836,
    #2837,#2838,#2839,#2840,#2841,#2842,#2843,#2844,#2845,#2846,#2847,
    #2848,#2849,#2850,#2851,#2852,#2853,#2854,#2855,#2856),
  .UNSPECIFIED.,.T.,.F.,(4,1,1,1,1,1,1,1,1,1,1,1,1,1,1,1,1,1,1,1,1,1,1,1
    ,1,1,1,1,1,1,1,1,1,1,1,1,1,1,1,1,1,1,1,1,1,1,1,1,1,1,1,1,1,1,1,1,1,1
    ,1,1,1,1,1,1,1,1,4),(0.,3.030336603277E-02,6.060673206555E-02,
    9.091009809832E-02,0.121213464131,0.151516830164,0.181820196197,
    0.212123562229,0.242426928262,0.272730294295,0.303033660328,
    0.333337026361,0.363640392393,0.393943758426,0.424247124459,
    0.454550490492,0.484853856524,0.515157222557,0.54546058859,
    0.575763954623,0.606067320655,0.636370686688,0.666674052721,
    0.696977418754,0.727280784787,0.757584150819,0.787887516852,
    0.818190882885,0.848494248918,0.87879761495,0.909100980983,
    0.939404347016,0.969707713049,1.000011079082,1.030314445114,
    1.060617811147,1.09092117718,1.121224543213,1.151527909245,
    1.181831275278,1.212134641311,1.242438007344,1.272741373376,
    1.303044739409,1.333348105442,1.363651471475,1.393954837508,
    1.42425820354,1.454561569573,1.484864935606,1.515168301639,
    1.545471667671,1.575775033704,1.606078399737,1.63638176577,
    1.666685131803,1.696988497835,1.727291863868,1.757595229901,
    1.787898595934,1.818201961966,1.848505327999,1.878808694032,
    1.909112060065,1.939415426097,1.96971879213,2.000022158163),
  .QUASI_UNIFORM_KNOTS.);
#2788 = CARTESIAN_POINT('',(-6.28318530718,-118.1));
#2789 = CARTESIAN_POINT('',(-6.280208425767,-118.1000245));
#2790 = CARTESIAN_POINT('',(-6.274316074225,-118.0907567087));
#2791 = CARTESIAN_POINT('',(-6.26575996421,-118.0509996239));
#2792 = CARTESIAN_POINT('',(-6.257588670817,-117.9873679592));
#2793 = CARTESIAN_POINT('',(-6.249889837792,-117.9022420863));
#2794 = CARTESIAN_POINT('',(-6.242739908635,-117.7982458491));
#2795 = CARTESIAN_POINT('',(-6.236202929775,-117.6783085933));
#2796 = CARTESIAN_POINT('',(-6.230325110128,-117.5455213008));
#2797 = CARTESIAN_POINT('',(-6.225150494347,-117.4035953578));
#2798 = CARTESIAN_POINT('',(-6.220655938963,-117.2551142574));
#2799 = CARTESIAN_POINT('',(-6.216751757783,-117.0994790252));
#2800 = CARTESIAN_POINT('',(-6.213441889433,-116.9385333669));
#2801 = CARTESIAN_POINT('',(-6.210707006392,-116.7732578003));
#2802 = CARTESIAN_POINT('',(-6.208535792115,-116.6046710835));
#2803 = CARTESIAN_POINT('',(-6.206917112668,-116.4336217953));
#2804 = CARTESIAN_POINT('',(-6.205842649409,-116.2608718278));
#2805 = CARTESIAN_POINT('',(-6.205306615571,-116.0871107617));
#2806 = CARTESIAN_POINT('',(-6.205306533352,-115.9129450137));
#2807 = CARTESIAN_POINT('',(-6.205842370538,-115.739190125));
#2808 = CARTESIAN_POINT('',(-6.206916568945,-115.5664491664));
#2809 = CARTESIAN_POINT('',(-6.208534904521,-115.3954097228));
#2810 = CARTESIAN_POINT('',(-6.210705699653,-115.2268321088));
#2811 = CARTESIAN_POINT('',(-6.213440103987,-115.06156384));
#2812 = CARTESIAN_POINT('',(-6.216749432684,-114.9006236473));
#2813 = CARTESIAN_POINT('',(-6.22065306147,-114.7449907215));
#2814 = CARTESIAN_POINT('',(-6.225146857136,-114.5965146402));
#2815 = CARTESIAN_POINT('',(-6.230321100529,-114.4545776951));
#2816 = CARTESIAN_POINT('',(-6.236199472126,-114.3217604645));
#2817 = CARTESIAN_POINT('',(-6.242737567378,-114.2017897649));
#2818 = CARTESIAN_POINT('',(-6.249889320389,-114.0977646732));
#2819 = CARTESIAN_POINT('',(-6.257589176722,-114.0126191193));
#2820 = CARTESIAN_POINT('',(-6.265764817091,-113.9489856968));
#2821 = CARTESIAN_POINT('',(-6.27431146671,-113.9092203023));
#2822 = CARTESIAN_POINT('',(-6.283188728428,-113.8953849124));
#2823 = CARTESIAN_POINT('',(-6.292065045574,-113.9092400588));
#2824 = CARTESIAN_POINT('',(-6.300609859529,-113.949012991));
#2825 = CARTESIAN_POINT('',(-6.30878307678,-114.0126372113));
#2826 = CARTESIAN_POINT('',(-6.316480394804,-114.097756116));
#2827 = CARTESIAN_POINT('',(-6.323629863651,-114.20174043));
#2828 = CARTESIAN_POINT('',(-6.330166257843,-114.3216633891));
#2829 = CARTESIAN_POINT('',(-6.336043696355,-114.4544343806));
#2830 = CARTESIAN_POINT('',(-6.341218072509,-114.5963438348));
#2831 = CARTESIAN_POINT('',(-6.345712481836,-114.7448070804));
#2832 = CARTESIAN_POINT('',(-6.349616635471,-114.9004243012));
#2833 = CARTESIAN_POINT('',(-6.352926560876,-115.0613508469));
#2834 = CARTESIAN_POINT('',(-6.355661589934,-115.2266061474));
#2835 = CARTESIAN_POINT('',(-6.357833049834,-115.3951717925));
#2836 = CARTESIAN_POINT('',(-6.359452088649,-115.5662001274));
#2837 = CARTESIAN_POINT('',(-6.360527031606,-115.7389309051));
#2838 = CARTESIAN_POINT('',(-6.361063659469,-115.9126763266));
#2839 = CARTESIAN_POINT('',(-6.361064412774,-116.08683411));
#2840 = CARTESIAN_POINT('',(-6.360529293729,-116.2605815575));
#2841 = CARTESIAN_POINT('',(-6.359455871718,-116.4333161015));
#2842 = CARTESIAN_POINT('',(-6.357838373488,-116.604350257));
#2843 = CARTESIAN_POINT('',(-6.355668482904,-116.7729239326));
#2844 = CARTESIAN_POINT('',(-6.352935050874,-116.9381900061));
#2845 = CARTESIAN_POINT('',(-6.349626781314,-117.0991296385));
#2846 = CARTESIAN_POINT('',(-6.345724247658,-117.2547657191));
#2847 = CARTESIAN_POINT('',(-6.341231790956,-117.4032429028));
#2848 = CARTESIAN_POINT('',(-6.336058423766,-117.5452012019));
#2849 = CARTESIAN_POINT('',(-6.330179817081,-117.678064834));
#2850 = CARTESIAN_POINT('',(-6.323640743987,-117.7980854843));
#2851 = CARTESIAN_POINT('',(-6.316487826261,-117.9021563341));
#2852 = CARTESIAN_POINT('',(-6.308785758382,-117.9873356741));
#2853 = CARTESIAN_POINT('',(-6.300611666834,-118.0509958588));
#2854 = CARTESIAN_POINT('',(-6.292053919494,-118.0907591629));
#2855 = CARTESIAN_POINT('',(-6.286161700976,-118.1000251611));
#2856 = CARTESIAN_POINT('',(-6.28318530718,-118.1));
#2857 = ( GEOMETRIC_REPRESENTATION_CONTEXT(2) 
PARAMETRIC_REPRESENTATION_CONTEXT() REPRESENTATION_CONTEXT('2D SPACE',''
  ) );
#2858 = PCURVE('',#2859,#2864);
#2859 = CYLINDRICAL_SURFACE('',#2860,2.1);
#2860 = AXIS2_PLACEMENT_3D('',#2861,#2862,#2863);
#2861 = CARTESIAN_POINT('',(115.,26.5,0.));
#2862 = DIRECTION('',(0.,-1.,-0.));
#2863 = DIRECTION('',(1.,0.,0.));
#2864 = DEFINITIONAL_REPRESENTATION('',(#2865),#2935);
#2865 = B_SPLINE_CURVE_WITH_KNOTS('',3,(#2866,#2867,#2868,#2869,#2870,
    #2871,#2872,#2873,#2874,#2875,#2876,#2877,#2878,#2879,#2880,#2881,
    #2882,#2883,#2884,#2885,#2886,#2887,#2888,#2889,#2890,#2891,#2892,
    #2893,#2894,#2895,#2896,#2897,#2898,#2899,#2900,#2901,#2902,#2903,
    #2904,#2905,#2906,#2907,#2908,#2909,#2910,#2911,#2912,#2913,#2914,
    #2915,#2916,#2917,#2918,#2919,#2920,#2921,#2922,#2923,#2924,#2925,
    #2926,#2927,#2928,#2929,#2930,#2931,#2932,#2933,#2934),
  .UNSPECIFIED.,.F.,.F.,(4,1,1,1,1,1,1,1,1,1,1,1,1,1,1,1,1,1,1,1,1,1,1,1
    ,1,1,1,1,1,1,1,1,1,1,1,1,1,1,1,1,1,1,1,1,1,1,1,1,1,1,1,1,1,1,1,1,1,1
    ,1,1,1,1,1,1,1,1,4),(0.,3.030336603277E-02,6.060673206555E-02,
    9.091009809832E-02,0.121213464131,0.151516830164,0.181820196197,
    0.212123562229,0.242426928262,0.272730294295,0.303033660328,
    0.333337026361,0.363640392393,0.393943758426,0.424247124459,
    0.454550490492,0.484853856524,0.515157222557,0.54546058859,
    0.575763954623,0.606067320655,0.636370686688,0.666674052721,
    0.696977418754,0.727280784787,0.757584150819,0.787887516852,
    0.818190882885,0.848494248918,0.87879761495,0.909100980983,
    0.939404347016,0.969707713049,1.000011079082,1.030314445114,
    1.060617811147,1.09092117718,1.121224543213,1.151527909245,
    1.181831275278,1.212134641311,1.242438007344,1.272741373376,
    1.303044739409,1.333348105442,1.363651471475,1.393954837508,
    1.42425820354,1.454561569573,1.484864935606,1.515168301639,
    1.545471667671,1.575775033704,1.606078399737,1.63638176577,
    1.666685131803,1.696988497835,1.727291863868,1.757595229901,
    1.787898595934,1.818201961966,1.848505327999,1.878808694032,
    1.909112060065,1.939415426097,1.96971879213,2.000022158163),
  .QUASI_UNIFORM_KNOTS.);
#2866 = CARTESIAN_POINT('',(-6.344131569287E-16,-0.5));
#2867 = CARTESIAN_POINT('',(-3.825854788554E-02,-0.500007077956));
#2868 = CARTESIAN_POINT('',(-0.114045184325,-0.499276426));
#2869 = CARTESIAN_POINT('',(-0.225479894333,-0.496217650149));
#2870 = CARTESIAN_POINT('',(-0.334638097894,-0.491439258809));
#2871 = CARTESIAN_POINT('',(-0.44140941621,-0.485283985822));
#2872 = CARTESIAN_POINT('',(-0.54563092774,-0.478130122377));
#2873 = CARTESIAN_POINT('',(-0.647049372813,-0.470379666781));
#2874 = CARTESIAN_POINT('',(-0.745394083329,-0.462424126688));
#2875 = CARTESIAN_POINT('',(-0.840052635548,-0.454648337208));
#2876 = CARTESIAN_POINT('',(-0.931206525037,-0.447311863119));
#2877 = CARTESIAN_POINT('',(-1.020570799213,-0.440498999821));
#2878 = CARTESIAN_POINT('',(-1.108101288354,-0.434401308474));
#2879 = CARTESIAN_POINT('',(-1.194185938302,-0.429140877705));
#2880 = CARTESIAN_POINT('',(-1.279078981185,-0.424821353591));
#2881 = CARTESIAN_POINT('',(-1.363059055055,-0.421518654317));
#2882 = CARTESIAN_POINT('',(-1.446393767488,-0.419287463617));
#2883 = CARTESIAN_POINT('',(-1.529350547098,-0.418162758739));
#2884 = CARTESIAN_POINT('',(-1.6122155552,-0.418162585549));
#2885 = CARTESIAN_POINT('',(-1.695169202597,-0.419286880055));
#2886 = CARTESIAN_POINT('',(-1.778499135861,-0.421517532243));
#2887 = CARTESIAN_POINT('',(-1.862473593663,-0.42481955991));
#2888 = CARTESIAN_POINT('',(-1.947360794859,-0.429138312984));
#2889 = CARTESIAN_POINT('',(-2.033439787609,-0.434397934729));
#2890 = CARTESIAN_POINT('',(-2.120964655491,-0.440494815597));
#2891 = CARTESIAN_POINT('',(-2.210324064966,-0.447306983021));
#2892 = CARTESIAN_POINT('',(-2.301469959834,-0.454642608739));
#2893 = CARTESIAN_POINT('',(-2.396128873538,-0.462418415186));
#2894 = CARTESIAN_POINT('',(-2.494488146578,-0.470375312757));
#2895 = CARTESIAN_POINT('',(-2.595927221873,-0.478127717212));
#2896 = CARTESIAN_POINT('',(-2.700175955009,-0.485283433046));
#2897 = CARTESIAN_POINT('',(-2.806962702743,-0.491440375237));
#2898 = CARTESIAN_POINT('',(-2.916173974699,-0.496218117762));
#2899 = CARTESIAN_POINT('',(-3.027496364991,-0.499280614622));
#2900 = CARTESIAN_POINT('',(-3.141636541267,-0.500360076402));
#2901 = CARTESIAN_POINT('',(-3.255765171884,-0.499279078909));
#2902 = CARTESIAN_POINT('',(-3.367065027407,-0.496216043562));
#2903 = CARTESIAN_POINT('',(-3.476245283208,-0.49143905905));
#2904 = CARTESIAN_POINT('',(-3.582997187097,-0.485284076296));
#2905 = CARTESIAN_POINT('',(-3.687211019149,-0.478131068014));
#2906 = CARTESIAN_POINT('',(-3.788619378753,-0.470381431084));
#2907 = CARTESIAN_POINT('',(-3.886955424003,-0.462426695972));
#2908 = CARTESIAN_POINT('',(-3.98160623934,-0.454651534086));
#2909 = CARTESIAN_POINT('',(-4.072752388102,-0.447315561293));
#2910 = CARTESIAN_POINT('',(-4.162109383798,-0.440502981489));
#2911 = CARTESIAN_POINT('',(-4.249632291258,-0.434405382851));
#2912 = CARTESIAN_POINT('',(-4.335708913157,-0.429144827639));
#2913 = CARTESIAN_POINT('',(-4.420593532307,-0.424824927931));
#2914 = CARTESIAN_POINT('',(-4.504565097984,-0.421521566519));
#2915 = CARTESIAN_POINT('',(-4.587891835881,-0.419289414513));
#2916 = CARTESIAN_POINT('',(-4.670841837281,-0.418163473036));
#2917 = CARTESIAN_POINT('',(-4.753703064831,-0.418161887038));
#2918 = CARTESIAN_POINT('',(-4.836652429225,-0.419284684392));
#2919 = CARTESIAN_POINT('',(-4.919977719653,-0.421513765356));
#2920 = CARTESIAN_POINT('',(-5.003947100448,-0.424814181269));
#2921 = CARTESIAN_POINT('',(-5.088828742733,-0.429131315749));
#2922 = CARTESIAN_POINT('',(-5.174901721104,-0.434389363098));
#2923 = CARTESIAN_POINT('',(-5.262419781292,-0.44048474453));
#2924 = CARTESIAN_POINT('',(-5.351772584571,-0.447295639214));
#2925 = CARTESIAN_POINT('',(-5.442908036567,-0.454629971755));
#2926 = CARTESIAN_POINT('',(-5.537566311658,-0.462405679861));
#2927 = CARTESIAN_POINT('',(-5.635941972681,-0.470364365996));
#2928 = CARTESIAN_POINT('',(-5.737404780232,-0.478119322199));
#2929 = CARTESIAN_POINT('',(-5.841676720019,-0.485277865069));
#2930 = CARTESIAN_POINT('',(-5.948495945544,-0.491436844853));
#2931 = CARTESIAN_POINT('',(-6.057692267657,-0.496217356297));
#2932 = CARTESIAN_POINT('',(-6.169148209924,-0.4992766122));
#2933 = CARTESIAN_POINT('',(-6.244932931474,-0.500007138807));
#2934 = CARTESIAN_POINT('',(-6.28318530718,-0.5));
#2935 = ( GEOMETRIC_REPRESENTATION_CONTEXT(2) 
PARAMETRIC_REPRESENTATION_CONTEXT() REPRESENTATION_CONTEXT('2D SPACE',''
  ) );
#2936 = FACE_BOUND('',#2937,.T.);
#2937 = EDGE_LOOP('',(#2938,#3085,#3111));
#2938 = ORIENTED_EDGE('',*,*,#2939,.T.);
#2939 = EDGE_CURVE('',#2940,#2942,#2944,.T.);
#2940 = VERTEX_POINT('',#2941);
#2941 = CARTESIAN_POINT('',(103.15,10.,-25.07987240796));
#2942 = VERTEX_POINT('',#2943);
#2943 = CARTESIAN_POINT('',(96.770274883733,14.011405697926,
    -23.07987240796));
#2944 = SURFACE_CURVE('',#2945,(#2978,#3029),.PCURVE_S1.);
#2945 = B_SPLINE_CURVE_WITH_KNOTS('',7,(#2946,#2947,#2948,#2949,#2950,
    #2951,#2952,#2953,#2954,#2955,#2956,#2957,#2958,#2959,#2960,#2961,
    #2962,#2963,#2964,#2965,#2966,#2967,#2968,#2969,#2970,#2971,#2972,
    #2973,#2974,#2975,#2976,#2977),.UNSPECIFIED.,.F.,.F.,(8,6,6,6,6,8),(
    0.,1.,1.794818994862,2.07521286815,2.410954936237,2.98773461677),
  .UNSPECIFIED.);
#2946 = CARTESIAN_POINT('',(103.15,10.,-25.07987240796));
#2947 = CARTESIAN_POINT('',(102.91274791994,9.404974810371,
    -25.31712448802));
#2948 = CARTESIAN_POINT('',(102.5808807237,8.853658430457,-25.5178619952
    ));
#2949 = CARTESIAN_POINT('',(102.156687499,8.383427883799,-25.67297085224
    ));
#2950 = CARTESIAN_POINT('',(101.65878835919,8.020397907611,
    -25.78393376369));
#2951 = CARTESIAN_POINT('',(101.11509439241,7.778465363947,
    -25.85560021584));
#2952 = CARTESIAN_POINT('',(100.55335696749,7.660579823765,
    -25.89045223173));
#2953 = CARTESIAN_POINT('',(99.560181371299,7.660579823765,
    -25.89045223173));
#2954 = CARTESIAN_POINT('',(99.121842271132,7.735006413411,
    -25.86843827949));
#2955 = CARTESIAN_POINT('',(98.693430657314,7.883035426394,
    -25.82461828046));
#2956 = CARTESIAN_POINT('',(98.285796912748,8.104369808501,
    -25.75769505893));
#2957 = CARTESIAN_POINT('',(97.910961578741,8.395612074837,
    -25.66568868136));
#2958 = CARTESIAN_POINT('',(97.580057751193,8.749444415286,
    -25.54666286112));
#2959 = CARTESIAN_POINT('',(97.201984164756,9.296482043585,
    -25.34952495431));
#2960 = CARTESIAN_POINT('',(97.109945180188,9.445204907221,
    -25.29487305303));
#2961 = CARTESIAN_POINT('',(97.02485701366,9.599280443595,
    -25.23706544729));
#2962 = CARTESIAN_POINT('',(96.946973441738,9.757950402108,
    -25.17622222059));
#2963 = CARTESIAN_POINT('',(96.876421475757,9.920433051028,
    -25.11249971112));
#2964 = CARTESIAN_POINT('',(96.81321465915,10.085939317314,
    -25.04609168073));
#2965 = CARTESIAN_POINT('',(96.690269831669,10.454540740071,
    -24.89477295117));
#2966 = CARTESIAN_POINT('',(96.633667843632,10.658642047262,
    -24.808783098));
#2967 = CARTESIAN_POINT('',(96.587286308771,10.864719795727,
    -24.71962102846));
#2968 = CARTESIAN_POINT('',(96.550722333769,11.071667007987,
    -24.6276573398));
#2969 = CARTESIAN_POINT('',(96.523443047452,11.278558675577,
    -24.53325277949));
#2970 = CARTESIAN_POINT('',(96.504858715985,11.484658218374,
    -24.43673913189));
#2971 = CARTESIAN_POINT('',(96.47634619212,12.041157295047,
    -24.16946002734));
#2972 = CARTESIAN_POINT('',(96.482224137052,12.388683535451,
    -23.99524883167));
#2973 = CARTESIAN_POINT('',(96.508868580875,12.729725066384,
    -23.81695576053));
#2974 = CARTESIAN_POINT('',(96.553343269165,13.062901925305,
    -23.63562134521));
#2975 = CARTESIAN_POINT('',(96.613071891317,13.387546612021,
    -23.45205157498));
#2976 = CARTESIAN_POINT('',(96.685931258655,13.703575948708,
    -23.26675071587));
#2977 = CARTESIAN_POINT('',(96.770274883733,14.011405697926,
    -23.07987240796));
#2978 = PCURVE('',#2242,#2979);
#2979 = DEFINITIONAL_REPRESENTATION('',(#2980),#3028);
#2980 = B_SPLINE_CURVE_WITH_KNOTS('',3,(#2981,#2982,#2983,#2984,#2985,
    #2986,#2987,#2988,#2989,#2990,#2991,#2992,#2993,#2994,#2995,#2996,
    #2997,#2998,#2999,#3000,#3001,#3002,#3003,#3004,#3005,#3006,#3007,
    #3008,#3009,#3010,#3011,#3012,#3013,#3014,#3015,#3016,#3017,#3018,
    #3019,#3020,#3021,#3022,#3023,#3024,#3025,#3026,#3027),
  .UNSPECIFIED.,.F.,.F.,(4,1,1,1,1,1,1,1,1,1,1,1,1,1,1,1,1,1,1,1,1,1,1,1
    ,1,1,1,1,1,1,1,1,1,1,1,1,1,1,1,1,1,1,1,1,4),(0.,6.790305947204E-02,
    0.135806118944,0.203709178416,0.271612237888,0.33951529736,
    0.407418356832,0.475321416304,0.543224475776,0.611127535248,
    0.67903059472,0.746933654192,0.814836713665,0.882739773137,
    0.950642832609,1.018545892081,1.086448951553,1.154352011025,
    1.222255070497,1.290158129969,1.358061189441,1.425964248913,
    1.493867308385,1.561770367857,1.629673427329,1.697576486801,
    1.765479546273,1.833382605745,1.901285665217,1.969188724689,
    2.037091784161,2.104994843633,2.172897903105,2.240800962577,
    2.308704022049,2.376607081521,2.444510140994,2.512413200466,
    2.580316259938,2.64821931941,2.716122378882,2.784025438354,
    2.851928497826,2.919831557298,2.98773461677),.QUASI_UNIFORM_KNOTS.);
#2981 = CARTESIAN_POINT('',(-5.091796695512,-104.15));
#2982 = CARTESIAN_POINT('',(-5.088036926286,-104.1124313409));
#2983 = CARTESIAN_POINT('',(-5.080649591989,-104.0311034562));
#2984 = CARTESIAN_POINT('',(-5.070042261345,-103.8911190709));
#2985 = CARTESIAN_POINT('',(-5.059989053516,-103.7336254608));
#2986 = CARTESIAN_POINT('',(-5.050558542628,-103.5594412871));
#2987 = CARTESIAN_POINT('',(-5.041811890502,-103.3695703358));
#2988 = CARTESIAN_POINT('',(-5.033802002692,-103.1652068389));
#2989 = CARTESIAN_POINT('',(-5.02657408825,-102.9476993506));
#2990 = CARTESIAN_POINT('',(-5.020165827001,-102.7185263405));
#2991 = CARTESIAN_POINT('',(-5.014607627809,-102.4792699827));
#2992 = CARTESIAN_POINT('',(-5.009922852671,-102.2315912136));
#2993 = CARTESIAN_POINT('',(-5.006128035903,-101.9772094383));
#2994 = CARTESIAN_POINT('',(-5.003233116838,-101.7178724476));
#2995 = CARTESIAN_POINT('',(-5.001241590059,-101.4553730729));
#2996 = CARTESIAN_POINT('',(-5.000150940601,-101.1914030545));
#2997 = CARTESIAN_POINT('',(-4.999951985564,-100.9280278507));
#2998 = CARTESIAN_POINT('',(-5.000632387698,-100.6655847841));
#2999 = CARTESIAN_POINT('',(-5.002189668009,-100.4050297799));
#3000 = CARTESIAN_POINT('',(-5.004619980531,-100.1476981935));
#3001 = CARTESIAN_POINT('',(-5.007918224722,-99.89491858716));
#3002 = CARTESIAN_POINT('',(-5.012076604841,-99.64809314531));
#3003 = CARTESIAN_POINT('',(-5.017083793837,-99.40865106239));
#3004 = CARTESIAN_POINT('',(-5.022924085291,-99.17803412615));
#3005 = CARTESIAN_POINT('',(-5.029576713755,-98.95767140085));
#3006 = CARTESIAN_POINT('',(-5.037015105467,-98.74895630008));
#3007 = CARTESIAN_POINT('',(-5.045206692938,-98.55321611675));
#3008 = CARTESIAN_POINT('',(-5.054110854227,-98.37170058059));
#3009 = CARTESIAN_POINT('',(-5.063683951754,-98.20549322523));
#3010 = CARTESIAN_POINT('',(-5.073832858799,-98.05610409911));
#3011 = CARTESIAN_POINT('',(-5.08447751555,-97.9242489423));
#3012 = CARTESIAN_POINT('',(-5.095532917819,-97.81033394353));
#3013 = CARTESIAN_POINT('',(-5.106911145221,-97.71442457685));
#3014 = CARTESIAN_POINT('',(-5.118529269322,-97.63623411635));
#3015 = CARTESIAN_POINT('',(-5.130312331275,-97.5751899514));
#3016 = CARTESIAN_POINT('',(-5.142193695637,-97.53051216846));
#3017 = CARTESIAN_POINT('',(-5.154115953472,-97.50127644004));
#3018 = CARTESIAN_POINT('',(-5.166031044044,-97.48647507807));
#3019 = CARTESIAN_POINT('',(-5.177897142581,-97.48505998296));
#3020 = CARTESIAN_POINT('',(-5.189689953162,-97.49598897986));
#3021 = CARTESIAN_POINT('',(-5.201388008092,-97.51826982971));
#3022 = CARTESIAN_POINT('',(-5.212974824723,-97.55096105311));
#3023 = CARTESIAN_POINT('',(-5.224438019669,-97.59317954722));
#3024 = CARTESIAN_POINT('',(-5.235769415944,-97.64410817615));
#3025 = CARTESIAN_POINT('',(-5.246964366638,-97.70299107104));
#3026 = CARTESIAN_POINT('',(-5.254337028424,-97.74711203325));
#3027 = CARTESIAN_POINT('',(-5.25800053641,-97.77027488373));
#3028 = ( GEOMETRIC_REPRESENTATION_CONTEXT(2) 
PARAMETRIC_REPRESENTATION_CONTEXT() REPRESENTATION_CONTEXT('2D SPACE',''
  ) );
#3029 = PCURVE('',#3030,#3035);
#3030 = CONICAL_SURFACE('',#3031,5.15,0.785398163397);
#3031 = AXIS2_PLACEMENT_3D('',#3032,#3033,#3034);
#3032 = CARTESIAN_POINT('',(100.,10.,-23.07987240796));
#3033 = DIRECTION('',(-0.,-0.,1.));
#3034 = DIRECTION('',(1.,0.,0.));
#3035 = DEFINITIONAL_REPRESENTATION('',(#3036),#3084);
#3036 = B_SPLINE_CURVE_WITH_KNOTS('',3,(#3037,#3038,#3039,#3040,#3041,
    #3042,#3043,#3044,#3045,#3046,#3047,#3048,#3049,#3050,#3051,#3052,
    #3053,#3054,#3055,#3056,#3057,#3058,#3059,#3060,#3061,#3062,#3063,
    #3064,#3065,#3066,#3067,#3068,#3069,#3070,#3071,#3072,#3073,#3074,
    #3075,#3076,#3077,#3078,#3079,#3080,#3081,#3082,#3083),
  .UNSPECIFIED.,.F.,.F.,(4,1,1,1,1,1,1,1,1,1,1,1,1,1,1,1,1,1,1,1,1,1,1,1
    ,1,1,1,1,1,1,1,1,1,1,1,1,1,1,1,1,1,1,1,1,4),(0.,6.790305947204E-02,
    0.135806118944,0.203709178416,0.271612237888,0.33951529736,
    0.407418356832,0.475321416304,0.543224475776,0.611127535248,
    0.67903059472,0.746933654192,0.814836713665,0.882739773137,
    0.950642832609,1.018545892081,1.086448951553,1.154352011025,
    1.222255070497,1.290158129969,1.358061189441,1.425964248913,
    1.493867308385,1.561770367857,1.629673427329,1.697576486801,
    1.765479546273,1.833382605745,1.901285665217,1.969188724689,
    2.037091784161,2.104994843633,2.172897903105,2.240800962577,
    2.308704022049,2.376607081521,2.444510140994,2.512413200466,
    2.580316259938,2.64821931941,2.716122378882,2.784025438354,
    2.851928497826,2.919831557298,2.98773461677),.QUASI_UNIFORM_KNOTS.);
#3037 = CARTESIAN_POINT('',(0.,-2.));
#3038 = CARTESIAN_POINT('',(-2.992775621583E-02,-2.03760351318));
#3039 = CARTESIAN_POINT('',(-9.103490019718E-02,-2.110402685736));
#3040 = CARTESIAN_POINT('',(-0.186168848457,-2.212044300838));
#3041 = CARTESIAN_POINT('',(-0.284499519139,-2.305738824966));
#3042 = CARTESIAN_POINT('',(-0.385732368643,-2.391293588106));
#3043 = CARTESIAN_POINT('',(-0.489563434859,-2.468614798111));
#3044 = CARTESIAN_POINT('',(-0.595680196906,-2.537704973372));
#3045 = CARTESIAN_POINT('',(-0.70376502499,-2.598636673622));
#3046 = CARTESIAN_POINT('',(-0.813498212129,-2.651534860009));
#3047 = CARTESIAN_POINT('',(-0.924560964245,-2.696559412901));
#3048 = CARTESIAN_POINT('',(-1.036638302071,-2.73389019719));
#3049 = CARTESIAN_POINT('',(-1.149419873202,-2.763714306312));
#3050 = CARTESIAN_POINT('',(-1.262604786116,-2.786215575149));
#3051 = CARTESIAN_POINT('',(-1.375886271856,-2.801568006937));
#3052 = CARTESIAN_POINT('',(-1.489005761392,-2.809928914557));
#3053 = CARTESIAN_POINT('',(-1.60154234673,-2.811450224697));
#3054 = CARTESIAN_POINT('',(-1.713803179641,-2.806238621735));
#3055 = CARTESIAN_POINT('',(-1.825823821343,-2.794266236385));
#3056 = CARTESIAN_POINT('',(-1.937474503115,-2.775457181898));
#3057 = CARTESIAN_POINT('',(-2.048622207797,-2.749686353169));
#3058 = CARTESIAN_POINT('',(-2.159093293243,-2.716793806672));
#3059 = CARTESIAN_POINT('',(-2.268688960954,-2.676594469748));
#3060 = CARTESIAN_POINT('',(-2.377186077867,-2.628889805129));
#3061 = CARTESIAN_POINT('',(-2.484342042424,-2.573480013282));
#3062 = CARTESIAN_POINT('',(-2.589897585003,-2.510179254154));
#3063 = CARTESIAN_POINT('',(-2.6935840583,-2.438827723959));
#3064 = CARTESIAN_POINT('',(-2.795115281811,-2.359324348313));
#3065 = CARTESIAN_POINT('',(-2.894236616918,-2.271592350664));
#3066 = CARTESIAN_POINT('',(-2.990311995741,-2.176038182732));
#3067 = CARTESIAN_POINT('',(-3.083007336287,-2.073014141336));
#3068 = CARTESIAN_POINT('',(-3.17203753262,-1.962989235942));
#3069 = CARTESIAN_POINT('',(-3.257180755404,-1.846547098493));
#3070 = CARTESIAN_POINT('',(-3.338315315922,-1.724312301822));
#3071 = CARTESIAN_POINT('',(-3.415411990116,-1.596915543797));
#3072 = CARTESIAN_POINT('',(-3.488511901851,-1.4649807176));
#3073 = CARTESIAN_POINT('',(-3.557713870353,-1.329103889054));
#3074 = CARTESIAN_POINT('',(-3.623159894945,-1.189837975962));
#3075 = CARTESIAN_POINT('',(-3.685009488244,-1.047717264453));
#3076 = CARTESIAN_POINT('',(-3.743488873999,-0.90310651908));
#3077 = CARTESIAN_POINT('',(-3.798806672366,-0.756360765164));
#3078 = CARTESIAN_POINT('',(-3.851167491395,-0.60779375916));
#3079 = CARTESIAN_POINT('',(-3.900767970389,-0.457681564448));
#3080 = CARTESIAN_POINT('',(-3.94779745417,-0.306254957009));
#3081 = CARTESIAN_POINT('',(-3.992438645553,-0.153703042648));
#3082 = CARTESIAN_POINT('',(-4.020722499777,-5.133075240399E-02));
#3083 = CARTESIAN_POINT('',(-4.034524473249,0.));
#3084 = ( GEOMETRIC_REPRESENTATION_CONTEXT(2) 
PARAMETRIC_REPRESENTATION_CONTEXT() REPRESENTATION_CONTEXT('2D SPACE',''
  ) );
#3085 = ORIENTED_EDGE('',*,*,#3086,.F.);
#3086 = EDGE_CURVE('',#3087,#2942,#3089,.T.);
#3087 = VERTEX_POINT('',#3088);
#3088 = CARTESIAN_POINT('',(103.22972511626,14.011405697926,
    -23.07987240796));
#3089 = SURFACE_CURVE('',#3090,(#3094,#3100),.PCURVE_S1.);
#3090 = LINE('',#3091,#3092);
#3091 = CARTESIAN_POINT('',(-1.,14.011405697926,-23.07987240796));
#3092 = VECTOR('',#3093,1.);
#3093 = DIRECTION('',(-1.,-0.,-0.));
#3094 = PCURVE('',#2242,#3095);
#3095 = DEFINITIONAL_REPRESENTATION('',(#3096),#3099);
#3096 = B_SPLINE_CURVE_WITH_KNOTS('',1,(#3097,#3098),.UNSPECIFIED.,.F.,
  .F.,(2,2),(-107.18,-94.82),.PIECEWISE_BEZIER_KNOTS.);
#3097 = CARTESIAN_POINT('',(-5.25800053641,-107.18));
#3098 = CARTESIAN_POINT('',(-5.25800053641,-94.82));
#3099 = ( GEOMETRIC_REPRESENTATION_CONTEXT(2) 
PARAMETRIC_REPRESENTATION_CONTEXT() REPRESENTATION_CONTEXT('2D SPACE',''
  ) );
#3100 = PCURVE('',#3101,#3106);
#3101 = PLANE('',#3102);
#3102 = AXIS2_PLACEMENT_3D('',#3103,#3104,#3105);
#3103 = CARTESIAN_POINT('',(100.,10.,-23.07987240796));
#3104 = DIRECTION('',(0.,0.,-1.));
#3105 = DIRECTION('',(1.,0.,0.));
#3106 = DEFINITIONAL_REPRESENTATION('',(#3107),#3110);
#3107 = B_SPLINE_CURVE_WITH_KNOTS('',1,(#3108,#3109),.UNSPECIFIED.,.F.,
  .F.,(2,2),(-107.18,-94.82),.PIECEWISE_BEZIER_KNOTS.);
#3108 = CARTESIAN_POINT('',(6.18,-4.011405697926));
#3109 = CARTESIAN_POINT('',(-6.18,-4.011405697926));
#3110 = ( GEOMETRIC_REPRESENTATION_CONTEXT(2) 
PARAMETRIC_REPRESENTATION_CONTEXT() REPRESENTATION_CONTEXT('2D SPACE',''
  ) );
#3111 = ORIENTED_EDGE('',*,*,#3112,.F.);
#3112 = EDGE_CURVE('',#2940,#3087,#3113,.T.);
#3113 = SURFACE_CURVE('',#3114,(#3129,#3147),.PCURVE_S1.);
#3114 = B_SPLINE_CURVE_WITH_KNOTS('',7,(#3115,#3116,#3117,#3118,#3119,
    #3120,#3121,#3122,#3123,#3124,#3125,#3126,#3127,#3128),
  .UNSPECIFIED.,.F.,.F.,(8,6,8),(0.,0.471683097938,1.),.UNSPECIFIED.);
#3115 = CARTESIAN_POINT('',(103.15,10.,-25.07987240796));
#3116 = CARTESIAN_POINT('',(103.25744084444,10.269460267,-24.97243156352
    ));
#3117 = CARTESIAN_POINT('',(103.34505801731,10.54683121718,
    -24.85792196772));
#3118 = CARTESIAN_POINT('',(103.41304414805,10.828842912767,
    -24.73716297953));
#3119 = CARTESIAN_POINT('',(103.46242800441,11.112680859496,
    -24.61103576675));
#3120 = CARTESIAN_POINT('',(103.49460189505,11.396066995473,
    -24.48043723334));
#3121 = CARTESIAN_POINT('',(103.51112184753,11.677221202015,
    -24.34621877736));
#3122 = CARTESIAN_POINT('',(103.51625921548,12.265783305193,
    -24.05557785416));
#3123 = CARTESIAN_POINT('',(103.50128931624,12.572396923193,
    -23.89837160349));
#3124 = CARTESIAN_POINT('',(103.47080728451,12.873405261868,
    -23.7382740346));
#3125 = CARTESIAN_POINT('',(103.42680141976,13.168025397951,
    -23.57594792851));
#3126 = CARTESIAN_POINT('',(103.37101920187,13.455877695501,
    -23.41191214393));
#3127 = CARTESIAN_POINT('',(103.30493249028,13.736920613093,
    -23.24650772612));
#3128 = CARTESIAN_POINT('',(103.22972511626,14.011405697926,
    -23.07987240796));
#3129 = PCURVE('',#2242,#3130);
#3130 = DEFINITIONAL_REPRESENTATION('',(#3131),#3146);
#3131 = B_SPLINE_CURVE_WITH_KNOTS('',7,(#3132,#3133,#3134,#3135,#3136,
    #3137,#3138,#3139,#3140,#3141,#3142,#3143,#3144,#3145),
  .UNSPECIFIED.,.F.,.F.,(8,6,8),(0.,0.471683097938,1.),.UNSPECIFIED.);
#3132 = CARTESIAN_POINT('',(-5.091796695512,-104.15));
#3133 = CARTESIAN_POINT('',(-5.102540779957,-104.2574408444));
#3134 = CARTESIAN_POINT('',(-5.113653982132,-104.3450580173));
#3135 = CARTESIAN_POINT('',(-5.125014588933,-104.413044148));
#3136 = CARTESIAN_POINT('',(-5.136516348023,-104.4624280044));
#3137 = CARTESIAN_POINT('',(-5.14807137112,-104.494601895));
#3138 = CARTESIAN_POINT('',(-5.159609173252,-104.5111218475));
#3139 = CARTESIAN_POINT('',(-5.183920750863,-104.5162592154));
#3140 = CARTESIAN_POINT('',(-5.19668100125,-104.5012893162));
#3141 = CARTESIAN_POINT('',(-5.209305988534,-104.4708072845));
#3142 = CARTESIAN_POINT('',(-5.221762086117,-104.4268014197));
#3143 = CARTESIAN_POINT('',(-5.234030909595,-104.3710192018));
#3144 = CARTESIAN_POINT('',(-5.24610770269,-104.3049324902));
#3145 = CARTESIAN_POINT('',(-5.25800053641,-104.2297251162));
#3146 = ( GEOMETRIC_REPRESENTATION_CONTEXT(2) 
PARAMETRIC_REPRESENTATION_CONTEXT() REPRESENTATION_CONTEXT('2D SPACE',''
  ) );
#3147 = PCURVE('',#3030,#3148);
#3148 = DEFINITIONAL_REPRESENTATION('',(#3149),#3164);
#3149 = B_SPLINE_CURVE_WITH_KNOTS('',7,(#3150,#3151,#3152,#3153,#3154,
    #3155,#3156,#3157,#3158,#3159,#3160,#3161,#3162,#3163),
  .UNSPECIFIED.,.F.,.F.,(8,6,8),(0.,0.471683097938,1.),.UNSPECIFIED.);
#3150 = CARTESIAN_POINT('',(-6.28318530718,-2.));
#3151 = CARTESIAN_POINT('',(-6.197642365275,-1.892559155558));
#3152 = CARTESIAN_POINT('',(-6.116396249285,-1.778049559759));
#3153 = CARTESIAN_POINT('',(-6.039652382398,-1.657290571568));
#3154 = CARTESIAN_POINT('',(-5.96736735097,-1.531163358785));
#3155 = CARTESIAN_POINT('',(-5.899390742193,-1.400564825375));
#3156 = CARTESIAN_POINT('',(-5.835506401672,-1.266346369391));
#3157 = CARTESIAN_POINT('',(-5.708211582453,-0.975705446191));
#3158 = CARTESIAN_POINT('',(-5.645755843514,-0.818499195529));
#3159 = CARTESIAN_POINT('',(-5.587626135366,-0.658401626634));
#3160 = CARTESIAN_POINT('',(-5.533390824655,-0.496075520551));
#3161 = CARTESIAN_POINT('',(-5.482654181385,-0.332039735965));
#3162 = CARTESIAN_POINT('',(-5.435053135412,-0.166635318153));
#3163 = CARTESIAN_POINT('',(-5.390253487521,0.));
#3164 = ( GEOMETRIC_REPRESENTATION_CONTEXT(2) 
PARAMETRIC_REPRESENTATION_CONTEXT() REPRESENTATION_CONTEXT('2D SPACE',''
  ) );
#3165 = FACE_BOUND('',#3166,.T.);
#3166 = EDGE_LOOP('',(#3167,#3254,#3280));
#3167 = ORIENTED_EDGE('',*,*,#3168,.F.);
#3168 = EDGE_CURVE('',#3169,#3171,#3173,.T.);
#3169 = VERTEX_POINT('',#3170);
#3170 = CARTESIAN_POINT('',(101.93407720068,23.787593916455,
    -12.77303314275));
#3171 = VERTEX_POINT('',#3172);
#3172 = CARTESIAN_POINT('',(103.15,25.787593916455,-8.));
#3173 = SURFACE_CURVE('',#3174,(#3197,#3223),.PCURVE_S1.);
#3174 = B_SPLINE_CURVE_WITH_KNOTS('',6,(#3175,#3176,#3177,#3178,#3179,
    #3180,#3181,#3182,#3183,#3184,#3185,#3186,#3187,#3188,#3189,#3190,
    #3191,#3192,#3193,#3194,#3195,#3196),.UNSPECIFIED.,.F.,.F.,(7,5,5,5,
    7),(0.,0.260632831297,0.551255667352,0.687706795853,1.),
  .UNSPECIFIED.);
#3175 = CARTESIAN_POINT('',(101.93407720068,23.787593916455,
    -12.77303314275));
#3176 = CARTESIAN_POINT('',(102.08180724208,23.864011247484,
    -12.63071890788));
#3177 = CARTESIAN_POINT('',(102.22120082597,23.944617259527,
    -12.47815256788));
#3178 = CARTESIAN_POINT('',(102.35231164425,24.028528724627,
    -12.31635234072));
#3179 = CARTESIAN_POINT('',(102.4750503791,24.115029765968,
    -12.14608524503));
#3180 = CARTESIAN_POINT('',(102.58926073798,24.203533560923,
    -11.96793823999));
#3181 = CARTESIAN_POINT('',(102.8122256564,24.393994050206,
    -11.57523218981));
#3182 = CARTESIAN_POINT('',(102.91878651882,24.496280676441,
    -11.35893729894));
#3183 = CARTESIAN_POINT('',(103.01400145689,24.599797405964,
    -11.13390974531));
#3184 = CARTESIAN_POINT('',(103.09714821658,24.70391674528,
    -10.90069966562));
#3185 = CARTESIAN_POINT('',(103.16729263014,24.808000108743,
    -10.65997383104));
#3186 = CARTESIAN_POINT('',(103.24959997209,24.959972947245,
    -10.29638785197));
#3187 = CARTESIAN_POINT('',(103.2727780211,25.00837525895,-10.1787612719
    ));
#3188 = CARTESIAN_POINT('',(103.29271859809,25.056553979666,
    -10.05977270182));
#3189 = CARTESIAN_POINT('',(103.30929303512,25.104433586543,
    -9.939542383324));
#3190 = CARTESIAN_POINT('',(103.32236846005,25.151934308159,
    -9.818215635091));
#3191 = CARTESIAN_POINT('',(103.35343225266,25.306630162391,
    -9.416174539082));
#3192 = CARTESIAN_POINT('',(103.35605247562,25.411937911655,
    -9.131365172359));
#3193 = CARTESIAN_POINT('',(103.33803414348,25.51377979191,
    -8.84391029996));
#3194 = CARTESIAN_POINT('',(103.29796676412,25.611001702203,
    -8.556881208937));
#3195 = CARTESIAN_POINT('',(103.2350382235,25.702555692954,
    -8.274116396879));
#3196 = CARTESIAN_POINT('',(103.15,25.787593916455,-8.));
#3197 = PCURVE('',#2242,#3198);
#3198 = DEFINITIONAL_REPRESENTATION('',(#3199),#3222);
#3199 = B_SPLINE_CURVE_WITH_KNOTS('',6,(#3200,#3201,#3202,#3203,#3204,
    #3205,#3206,#3207,#3208,#3209,#3210,#3211,#3212,#3213,#3214,#3215,
    #3216,#3217,#3218,#3219,#3220,#3221),.UNSPECIFIED.,.F.,.F.,(7,5,5,5,
    7),(0.,0.260632831297,0.551255667352,0.687706795853,1.),
  .UNSPECIFIED.);
#3200 = CARTESIAN_POINT('',(-5.790407180214,-102.9340772006));
#3201 = CARTESIAN_POINT('',(-5.796389888485,-103.081807242));
#3202 = CARTESIAN_POINT('',(-5.802780518852,-103.2212008259));
#3203 = CARTESIAN_POINT('',(-5.809530755313,-103.3523116442));
#3204 = CARTESIAN_POINT('',(-5.816603679081,-103.4750503791));
#3205 = CARTESIAN_POINT('',(-5.823970763513,-103.5892607379));
#3206 = CARTESIAN_POINT('',(-5.840135775088,-103.8122256564));
#3207 = CARTESIAN_POINT('',(-5.848996880905,-103.9187865188));
#3208 = CARTESIAN_POINT('',(-5.858169994956,-104.0140014568));
#3209 = CARTESIAN_POINT('',(-5.867628195461,-104.0971482165));
#3210 = CARTESIAN_POINT('',(-5.877340946162,-104.1672926301));
#3211 = CARTESIAN_POINT('',(-5.891936100468,-104.249599972));
#3212 = CARTESIAN_POINT('',(-5.896646987444,-104.2727780211));
#3213 = CARTESIAN_POINT('',(-5.901401404871,-104.292718598));
#3214 = CARTESIAN_POINT('',(-5.906194367355,-104.3092930351));
#3215 = CARTESIAN_POINT('',(-5.911019984314,-104.32236846));
#3216 = CARTESIAN_POINT('',(-5.926974646167,-104.3534322526));
#3217 = CARTESIAN_POINT('',(-5.938220140548,-104.3560524756));
#3218 = CARTESIAN_POINT('',(-5.949513435806,-104.3380341434));
#3219 = CARTESIAN_POINT('',(-5.960735842211,-104.2979667641));
#3220 = CARTESIAN_POINT('',(-5.971743053985,-104.2350382235));
#3221 = CARTESIAN_POINT('',(-5.982372831923,-104.15));
#3222 = ( GEOMETRIC_REPRESENTATION_CONTEXT(2) 
PARAMETRIC_REPRESENTATION_CONTEXT() REPRESENTATION_CONTEXT('2D SPACE',''
  ) );
#3223 = PCURVE('',#3224,#3229);
#3224 = CONICAL_SURFACE('',#3225,5.15,0.785398163397);
#3225 = AXIS2_PLACEMENT_3D('',#3226,#3227,#3228);
#3226 = CARTESIAN_POINT('',(100.,23.787593916455,-8.));
#3227 = DIRECTION('',(0.,-1.,-0.));
#3228 = DIRECTION('',(1.,0.,0.));
#3229 = DEFINITIONAL_REPRESENTATION('',(#3230),#3253);
#3230 = B_SPLINE_CURVE_WITH_KNOTS('',6,(#3231,#3232,#3233,#3234,#3235,
    #3236,#3237,#3238,#3239,#3240,#3241,#3242,#3243,#3244,#3245,#3246,
    #3247,#3248,#3249,#3250,#3251,#3252),.UNSPECIFIED.,.F.,.F.,(7,5,5,5,
    7),(0.,0.260632831297,0.551255667352,0.687706795853,1.),
  .UNSPECIFIED.);
#3231 = CARTESIAN_POINT('',(-1.185807295435,-4.352074256531E-14));
#3232 = CARTESIAN_POINT('',(-1.14884369469,-7.64173310286E-02));
#3233 = CARTESIAN_POINT('',(-1.111316327142,-0.157023343072));
#3234 = CARTESIAN_POINT('',(-1.073026340514,-0.240934808172));
#3235 = CARTESIAN_POINT('',(-1.033797671727,-0.327435849513));
#3236 = CARTESIAN_POINT('',(-0.993449355304,-0.415939644468));
#3237 = CARTESIAN_POINT('',(-0.905280221452,-0.606400133751));
#3238 = CARTESIAN_POINT('',(-0.857155008995,-0.708686759986));
#3239 = CARTESIAN_POINT('',(-0.807091543548,-0.812203489509));
#3240 = CARTESIAN_POINT('',(-0.754817256519,-0.916322828825));
#3241 = CARTESIAN_POINT('',(-0.700057184085,-1.020406192287));
#3242 = CARTESIAN_POINT('',(-0.615509975598,-1.172379030789));
#3243 = CARTESIAN_POINT('',(-0.58788899748,-1.220781342495));
#3244 = CARTESIAN_POINT('',(-0.55963338909,-1.268960063211));
#3245 = CARTESIAN_POINT('',(-0.530719177963,-1.316839670087));
#3246 = CARTESIAN_POINT('',(-0.501126150043,-1.364340391703));
#3247 = CARTESIAN_POINT('',(-0.40152101758,-1.519036245936));
#3248 = CARTESIAN_POINT('',(-0.328521936256,-1.6243439952));
#3249 = CARTESIAN_POINT('',(-0.25172292056,-1.726185875454));
#3250 = CARTESIAN_POINT('',(-0.171149049367,-1.823407785748));
#3251 = CARTESIAN_POINT('',(-8.702107837417E-02,-1.914961776499));
#3252 = CARTESIAN_POINT('',(0.,-2.));
#3253 = ( GEOMETRIC_REPRESENTATION_CONTEXT(2) 
PARAMETRIC_REPRESENTATION_CONTEXT() REPRESENTATION_CONTEXT('2D SPACE',''
  ) );
#3254 = ORIENTED_EDGE('',*,*,#3255,.T.);
#3255 = EDGE_CURVE('',#3169,#3256,#3258,.T.);
#3256 = VERTEX_POINT('',#3257);
#3257 = CARTESIAN_POINT('',(98.065922799318,23.787593916455,
    -12.77303314275));
#3258 = SURFACE_CURVE('',#3259,(#3263,#3269),.PCURVE_S1.);
#3259 = LINE('',#3260,#3261);
#3260 = CARTESIAN_POINT('',(-1.,23.787593916455,-12.77303314275));
#3261 = VECTOR('',#3262,1.);
#3262 = DIRECTION('',(-1.,-0.,-0.));
#3263 = PCURVE('',#2242,#3264);
#3264 = DEFINITIONAL_REPRESENTATION('',(#3265),#3268);
#3265 = B_SPLINE_CURVE_WITH_KNOTS('',1,(#3266,#3267),.UNSPECIFIED.,.F.,
  .F.,(2,2),(-107.18,-94.82),.PIECEWISE_BEZIER_KNOTS.);
#3266 = CARTESIAN_POINT('',(-5.790407180214,-107.18));
#3267 = CARTESIAN_POINT('',(-5.790407180214,-94.82));
#3268 = ( GEOMETRIC_REPRESENTATION_CONTEXT(2) 
PARAMETRIC_REPRESENTATION_CONTEXT() REPRESENTATION_CONTEXT('2D SPACE',''
  ) );
#3269 = PCURVE('',#3270,#3275);
#3270 = PLANE('',#3271);
#3271 = AXIS2_PLACEMENT_3D('',#3272,#3273,#3274);
#3272 = CARTESIAN_POINT('',(100.,23.787593916455,-8.));
#3273 = DIRECTION('',(-0.,1.,0.));
#3274 = DIRECTION('',(1.,0.,0.));
#3275 = DEFINITIONAL_REPRESENTATION('',(#3276),#3279);
#3276 = B_SPLINE_CURVE_WITH_KNOTS('',1,(#3277,#3278),.UNSPECIFIED.,.F.,
  .F.,(2,2),(-107.18,-94.82),.PIECEWISE_BEZIER_KNOTS.);
#3277 = CARTESIAN_POINT('',(6.18,4.773033142751));
#3278 = CARTESIAN_POINT('',(-6.18,4.773033142751));
#3279 = ( GEOMETRIC_REPRESENTATION_CONTEXT(2) 
PARAMETRIC_REPRESENTATION_CONTEXT() REPRESENTATION_CONTEXT('2D SPACE',''
  ) );
#3280 = ORIENTED_EDGE('',*,*,#3281,.F.);
#3281 = EDGE_CURVE('',#3171,#3256,#3282,.T.);
#3282 = SURFACE_CURVE('',#3283,(#3366,#3452),.PCURVE_S1.);
#3283 = B_SPLINE_CURVE_WITH_KNOTS('',6,(#3284,#3285,#3286,#3287,#3288,
    #3289,#3290,#3291,#3292,#3293,#3294,#3295,#3296,#3297,#3298,#3299,
    #3300,#3301,#3302,#3303,#3304,#3305,#3306,#3307,#3308,#3309,#3310,
    #3311,#3312,#3313,#3314,#3315,#3316,#3317,#3318,#3319,#3320,#3321,
    #3322,#3323,#3324,#3325,#3326,#3327,#3328,#3329,#3330,#3331,#3332,
    #3333,#3334,#3335,#3336,#3337,#3338,#3339,#3340,#3341,#3342,#3343,
    #3344,#3345,#3346,#3347,#3348,#3349,#3350,#3351,#3352,#3353,#3354,
    #3355,#3356,#3357,#3358,#3359,#3360,#3361,#3362,#3363,#3364,#3365),
  .UNSPECIFIED.,.F.,.F.,(7,5,5,5,5,5,5,5,5,5,5,5,5,5,5,5,7),(0.,
    1.991811718323E-02,0.101944427941,0.148227088514,0.199582487281,
    0.323007507255,0.401860048076,0.436379609087,0.487660719427,
    0.53390485949,0.615891928693,0.67439059808,0.701627997848,
    0.748104301248,0.798310360155,0.905015387412,1.),.UNSPECIFIED.);
#3284 = CARTESIAN_POINT('',(103.15,25.787593916455,-8.));
#3285 = CARTESIAN_POINT('',(103.13511596382,25.802477952635,
    -7.952022064895));
#3286 = CARTESIAN_POINT('',(103.1195543704,25.817162657621,
    -7.904308142211));
#3287 = CARTESIAN_POINT('',(103.10331851808,25.831644126812,
    -7.85687963885));
#3288 = CARTESIAN_POINT('',(103.0864129523,25.845918721187,
    -7.809758044866));
#3289 = CARTESIAN_POINT('',(103.06884346558,25.859983067309,
    -7.762964933459));
#3290 = CARTESIAN_POINT('',(102.97555770739,25.930874870987,
    -7.525261629606));
#3291 = CARTESIAN_POINT('',(102.88934332155,25.984308683823,
    -7.339901100092));
#3292 = CARTESIAN_POINT('',(102.79248244341,26.033899946264,
    -7.162008186148));
#3293 = CARTESIAN_POINT('',(102.6857596917,26.079595477621,
    -6.992817693694));
#3294 = CARTESIAN_POINT('',(102.57012289902,26.121444220528,
    -6.833289932136));
#3295 = CARTESIAN_POINT('',(102.37695059616,26.181059088067,
    -6.599976529712));
#3296 = CARTESIAN_POINT('',(102.30475968137,26.201376050484,
    -6.519107812279));
#3297 = CARTESIAN_POINT('',(102.23023616793,26.220528369572,
    -6.441646497229));
#3298 = CARTESIAN_POINT('',(102.15355911535,26.238545252153,
    -6.367678535441));
#3299 = CARTESIAN_POINT('',(102.07490362227,26.255459811693,
    -6.297264937393));
#3300 = CARTESIAN_POINT('',(101.90514978243,26.288888974887,
    -6.15630753168));
#3301 = CARTESIAN_POINT('',(101.81363306242,26.3051564553,
    -6.086595744951));
#3302 = CARTESIAN_POINT('',(101.72011220593,26.320155597334,
    -6.021367990223));
#3303 = CARTESIAN_POINT('',(101.62480248405,26.333934323967,
    -5.960653670284));
#3304 = CARTESIAN_POINT('',(101.52790529986,26.346538852157,
    -5.904463690462));
#3305 = CARTESIAN_POINT('',(101.19335484143,26.385583356155,
    -5.728627197065));
#3306 = CARTESIAN_POINT('',(100.94906841703,26.406608118292,
    -5.630625075864));
#3307 = CARTESIAN_POINT('',(100.69918757111,26.42169349141,
    -5.558692375238));
#3308 = CARTESIAN_POINT('',(100.44590602905,26.431249715373,
    -5.512640905403));
#3309 = CARTESIAN_POINT('',(100.19115715709,26.435491678276,
    -5.492249947274));
#3310 = CARTESIAN_POINT('',(99.773941648579,26.433671403523,
    -5.501002479134));
#3311 = CARTESIAN_POINT('',(99.611445859516,26.430777431764,
    -5.514915214004));
#3312 = CARTESIAN_POINT('',(99.4495565809,26.425691992753,
    -5.539331544836));
#3313 = CARTESIAN_POINT('',(99.288772539181,26.418369540677,
    -5.574284304918));
#3314 = CARTESIAN_POINT('',(99.129628616581,26.408728013744,
    -5.619820743969));
#3315 = CARTESIAN_POINT('',(98.903993867145,26.391363689736,
    -5.700574981741));
#3316 = CARTESIAN_POINT('',(98.835717397898,26.385609911965,
    -5.727199675276));
#3317 = CARTESIAN_POINT('',(98.767914600967,26.379379662398,
    -5.755864864896));
#3318 = CARTESIAN_POINT('',(98.700636807213,26.372662116892,
    -5.786573240944));
#3319 = CARTESIAN_POINT('',(98.633937851963,26.365445414153,
    -5.819326314533));
#3320 = CARTESIAN_POINT('',(98.46973192788,26.346235069589,
    -5.905819320616));
#3321 = CARTESIAN_POINT('',(98.372992434768,26.333623561886,
    -5.962026697697));
#3322 = CARTESIAN_POINT('',(98.277839379588,26.31984020267,
    -6.022746479608));
#3323 = CARTESIAN_POINT('',(98.184473543898,26.304838924625,
    -6.087967623352));
#3324 = CARTESIAN_POINT('',(98.093109500305,26.288571984015,
    -6.157660617559));
#3325 = CARTESIAN_POINT('',(97.923590599503,26.255139571732,
    -6.298600134171));
#3326 = CARTESIAN_POINT('',(97.845020172568,26.238219369681,
    -6.369021351455));
#3327 = CARTESIAN_POINT('',(97.768427616593,26.220197951005,
    -6.442991317484));
#3328 = CARTESIAN_POINT('',(97.693987721669,26.201042297764,
    -6.520448932531));
#3329 = CARTESIAN_POINT('',(97.621879199411,26.180723305524,
    -6.60130819085));
#3330 = CARTESIAN_POINT('',(97.428887173597,26.121093214222,
    -6.834632219844));
#3331 = CARTESIAN_POINT('',(97.313350443292,26.079231650067,
    -6.994175046357));
#3332 = CARTESIAN_POINT('',(97.206727204154,26.033525523819,
    -7.163369125069));
#3333 = CARTESIAN_POINT('',(97.109963799557,25.983926376414,
    -7.341253775407));
#3334 = CARTESIAN_POINT('',(97.023843146863,25.93048784961,
    -7.526594347839));
#3335 = CARTESIAN_POINT('',(96.895379564538,25.832745501747,
    -7.854268485307));
#3336 = CARTESIAN_POINT('',(96.847553208949,25.790203047532,
    -7.99373695969));
#3337 = CARTESIAN_POINT('',(96.805575961497,25.745898974038,
    -8.135673839961));
#3338 = CARTESIAN_POINT('',(96.76953291764,25.699936981876,
    -8.279518871444));
#3339 = CARTESIAN_POINT('',(96.739425567311,25.652443600942,
    -8.424716277138));
#3340 = CARTESIAN_POINT('',(96.703899809027,25.580811106308,
    -8.638706071835));
#3341 = CARTESIAN_POINT('',(96.693885430622,25.557753749713,
    -8.706866340283));
#3342 = CARTESIAN_POINT('',(96.685135372937,25.534410274468,
    -8.775151904257));
#3343 = CARTESIAN_POINT('',(96.677639440482,25.510795332443,
    -8.843512506828));
#3344 = CARTESIAN_POINT('',(96.67138468316,25.48692383975,
    -8.911900418913));
#3345 = CARTESIAN_POINT('',(96.657773715736,25.421666199846,
    -9.096933036908));
#3346 = CARTESIAN_POINT('',(96.65276048778,25.379818480634,
    -9.213543885332));
#3347 = CARTESIAN_POINT('',(96.651239156026,25.337342532331,
    -9.329879641495));
#3348 = CARTESIAN_POINT('',(96.653115294987,25.294312680145,
    -9.445743703888));
#3349 = CARTESIAN_POINT('',(96.65828450679,25.250801378638,
    -9.560965106976));
#3350 = CARTESIAN_POINT('',(96.675666688611,25.159429176289,
    -9.799012996227));
#3351 = CARTESIAN_POINT('',(96.688411553802,25.111499767867,
    -9.921706864517));
#3352 = CARTESIAN_POINT('',(96.704740407415,25.063175384003,
    -10.04329775412));
#3353 = CARTESIAN_POINT('',(96.724516065315,25.01453859683,
    -10.16363380792));
#3354 = CARTESIAN_POINT('',(96.74760543117,24.965667543578,
    -10.28258957257));
#3355 = CARTESIAN_POINT('',(96.829742007021,24.812423467736,
    -10.64973414425));
#3356 = CARTESIAN_POINT('',(96.899997461961,24.707512474154,
    -10.89263600375));
#3357 = CARTESIAN_POINT('',(96.983488229108,24.60254822149,
    -11.12791927816));
#3358 = CARTESIAN_POINT('',(97.079253035293,24.498185356227,
    -11.35489816789));
#3359 = CARTESIAN_POINT('',(97.186548801519,24.395066198716,
    -11.57300944911));
#3360 = CARTESIAN_POINT('',(97.410456089504,24.203753021201,
    -11.96749648301));
#3361 = CARTESIAN_POINT('',(97.524706175133,24.115201344661,
    -12.14574750974));
#3362 = CARTESIAN_POINT('',(97.647493341781,24.028653538489,
    -12.31611166989));
#3363 = CARTESIAN_POINT('',(97.778660956096,23.944697190222,
    -12.47800127844));
#3364 = CARTESIAN_POINT('',(97.918119492711,23.86404914588,
    -12.63064832858));
#3365 = CARTESIAN_POINT('',(98.065922799318,23.787593916455,
    -12.77303314275));
#3366 = PCURVE('',#2242,#3367);
#3367 = DEFINITIONAL_REPRESENTATION('',(#3368),#3451);
#3368 = B_SPLINE_CURVE_WITH_KNOTS('',6,(#3369,#3370,#3371,#3372,#3373,
    #3374,#3375,#3376,#3377,#3378,#3379,#3380,#3381,#3382,#3383,#3384,
    #3385,#3386,#3387,#3388,#3389,#3390,#3391,#3392,#3393,#3394,#3395,
    #3396,#3397,#3398,#3399,#3400,#3401,#3402,#3403,#3404,#3405,#3406,
    #3407,#3408,#3409,#3410,#3411,#3412,#3413,#3414,#3415,#3416,#3417,
    #3418,#3419,#3420,#3421,#3422,#3423,#3424,#3425,#3426,#3427,#3428,
    #3429,#3430,#3431,#3432,#3433,#3434,#3435,#3436,#3437,#3438,#3439,
    #3440,#3441,#3442,#3443,#3444,#3445,#3446,#3447,#3448,#3449,#3450),
  .UNSPECIFIED.,.F.,.F.,(7,5,5,5,5,5,5,5,5,5,5,5,5,5,5,5,7),(0.,
    1.991811718323E-02,0.101944427941,0.148227088514,0.199582487281,
    0.323007507255,0.401860048076,0.436379609087,0.487660719427,
    0.53390485949,0.615891928693,0.67439059808,0.701627997848,
    0.748104301248,0.798310360155,0.905015387412,1.),.UNSPECIFIED.);
#3369 = CARTESIAN_POINT('',(-5.982372831923,-104.15));
#3370 = CARTESIAN_POINT('',(-5.984233336445,-104.1351159638));
#3371 = CARTESIAN_POINT('',(-5.986082314339,-104.1195543704));
#3372 = CARTESIAN_POINT('',(-5.987918977175,-104.103318518));
#3373 = CARTESIAN_POINT('',(-5.989742535653,-104.0864129523));
#3374 = CARTESIAN_POINT('',(-5.9915521996,-104.0688434655));
#3375 = CARTESIAN_POINT('',(-6.000739214687,-103.9755577073));
#3376 = CARTESIAN_POINT('',(-6.007883673652,-103.8893433215));
#3377 = CARTESIAN_POINT('',(-6.014723145174,-103.7924824434));
#3378 = CARTESIAN_POINT('',(-6.021213717686,-103.6857596917));
#3379 = CARTESIAN_POINT('',(-6.027321945075,-103.570122899));
#3380 = CARTESIAN_POINT('',(-6.036240804748,-103.3769505961));
#3381 = CARTESIAN_POINT('',(-6.039328995406,-103.3047596813));
#3382 = CARTESIAN_POINT('',(-6.042284295844,-103.2302361679));
#3383 = CARTESIAN_POINT('',(-6.045103925096,-103.1535591153));
#3384 = CARTESIAN_POINT('',(-6.047786013561,-103.0749036222));
#3385 = CARTESIAN_POINT('',(-6.053151464587,-102.9051497824));
#3386 = CARTESIAN_POINT('',(-6.055802731238,-102.8136330624));
#3387 = CARTESIAN_POINT('',(-6.058281605207,-102.7201122059));
#3388 = CARTESIAN_POINT('',(-6.060587452619,-102.624802484));
#3389 = CARTESIAN_POINT('',(-6.062720275472,-102.5279052998));
#3390 = CARTESIAN_POINT('',(-6.069391358958,-102.1933548414));
#3391 = CARTESIAN_POINT('',(-6.073103560305,-101.949068417));
#3392 = CARTESIAN_POINT('',(-6.075825688301,-101.6991875711));
#3393 = CARTESIAN_POINT('',(-6.077567633126,-101.445906029));
#3394 = CARTESIAN_POINT('',(-6.078339022773,-101.191157157));
#3395 = CARTESIAN_POINT('',(-6.078007918676,-100.7739416485));
#3396 = CARTESIAN_POINT('',(-6.077481603274,-100.6114458595));
#3397 = CARTESIAN_POINT('',(-6.076557886595,-100.4495565809));
#3398 = CARTESIAN_POINT('',(-6.075235239865,-100.2887725391));
#3399 = CARTESIAN_POINT('',(-6.07351132351,-100.1296286165));
#3400 = CARTESIAN_POINT('',(-6.070452062756,-99.90399386714));
#3401 = CARTESIAN_POINT('',(-6.069443199633,-99.83571739789));
#3402 = CARTESIAN_POINT('',(-6.068356740413,-99.76791460096));
#3403 = CARTESIAN_POINT('',(-6.06719250047,-99.70063680721));
#3404 = CARTESIAN_POINT('',(-6.065950327872,-99.63393785196));
#3405 = CARTESIAN_POINT('',(-6.062668821844,-99.46973192788));
#3406 = CARTESIAN_POINT('',(-6.060535313699,-99.37299243476));
#3407 = CARTESIAN_POINT('',(-6.058229231042,-99.27783937958));
#3408 = CARTESIAN_POINT('',(-6.055750577958,-99.18447354389));
#3409 = CARTESIAN_POINT('',(-6.053099993632,-99.0931095003));
#3410 = CARTESIAN_POINT('',(-6.047735159509,-98.9235905995));
#3411 = CARTESIAN_POINT('',(-6.045052747847,-98.84502017256));
#3412 = CARTESIAN_POINT('',(-6.042233006716,-98.76842761659));
#3413 = CARTESIAN_POINT('',(-6.039277809662,-98.69398772166));
#3414 = CARTESIAN_POINT('',(-6.036189940446,-98.62187919941));
#3415 = CARTESIAN_POINT('',(-6.027270559851,-98.42888717359));
#3416 = CARTESIAN_POINT('',(-6.021161672339,-98.31335044329));
#3417 = CARTESIAN_POINT('',(-6.014670869352,-98.20672720415));
#3418 = CARTESIAN_POINT('',(-6.007831614158,-98.10996379955));
#3419 = CARTESIAN_POINT('',(-6.000687816906,-98.02384314686));
#3420 = CARTESIAN_POINT('',(-5.988023321373,-97.89537956453));
#3421 = CARTESIAN_POINT('',(-5.982622957368,-97.84755320894));
#3422 = CARTESIAN_POINT('',(-5.977116072457,-97.80557596149));
#3423 = CARTESIAN_POINT('',(-5.971523318727,-97.76953291764));
#3424 = CARTESIAN_POINT('',(-5.965865398159,-97.73942556731));
#3425 = CARTESIAN_POINT('',(-5.95750758666,-97.70389980902));
#3426 = CARTESIAN_POINT('',(-5.954842615207,-97.69388543062));
#3427 = CARTESIAN_POINT('',(-5.952169845335,-97.68513537293));
#3428 = CARTESIAN_POINT('',(-5.949491179787,-97.67763944048));
#3429 = CARTESIAN_POINT('',(-5.946808435175,-97.67138468316));
#3430 = CARTESIAN_POINT('',(-5.939541656258,-97.65777371573));
#3431 = CARTESIAN_POINT('',(-5.934953118857,-97.65276048778));
#3432 = CARTESIAN_POINT('',(-5.930366277637,-97.65123915602));
#3433 = CARTESIAN_POINT('',(-5.925788740234,-97.65311529498));
#3434 = CARTESIAN_POINT('',(-5.921227202489,-97.65828450679));
#3435 = CARTESIAN_POINT('',(-5.911783435125,-97.67566668861));
#3436 = CARTESIAN_POINT('',(-5.906904881867,-97.6884115538));
#3437 = CARTESIAN_POINT('',(-5.902059011759,-97.70474040741));
#3438 = CARTESIAN_POINT('',(-5.897251971392,-97.72451606531));
#3439 = CARTESIAN_POINT('',(-5.892488954292,-97.74760543117));
#3440 = CARTESIAN_POINT('',(-5.877754036249,-97.82974200702));
#3441 = CARTESIAN_POINT('',(-5.867955164207,-97.89999746196));
#3442 = CARTESIAN_POINT('',(-5.858414117328,-97.9834882291));
#3443 = CARTESIAN_POINT('',(-5.849162268936,-98.07925303529));
#3444 = CARTESIAN_POINT('',(-5.840227175194,-98.18654880151));
#3445 = CARTESIAN_POINT('',(-5.823989031823,-98.4104560895));
#3446 = CARTESIAN_POINT('',(-5.816617708637,-98.52470617513));
#3447 = CARTESIAN_POINT('',(-5.809540795982,-98.64749334178));
#3448 = CARTESIAN_POINT('',(-5.802786855985,-98.77866095609));
#3449 = CARTESIAN_POINT('',(-5.796392855548,-98.91811949271));
#3450 = CARTESIAN_POINT('',(-5.790407180214,-99.06592279931));
#3451 = ( GEOMETRIC_REPRESENTATION_CONTEXT(2) 
PARAMETRIC_REPRESENTATION_CONTEXT() REPRESENTATION_CONTEXT('2D SPACE',''
  ) );
#3452 = PCURVE('',#3224,#3453);
#3453 = DEFINITIONAL_REPRESENTATION('',(#3454),#3537);
#3454 = B_SPLINE_CURVE_WITH_KNOTS('',6,(#3455,#3456,#3457,#3458,#3459,
    #3460,#3461,#3462,#3463,#3464,#3465,#3466,#3467,#3468,#3469,#3470,
    #3471,#3472,#3473,#3474,#3475,#3476,#3477,#3478,#3479,#3480,#3481,
    #3482,#3483,#3484,#3485,#3486,#3487,#3488,#3489,#3490,#3491,#3492,
    #3493,#3494,#3495,#3496,#3497,#3498,#3499,#3500,#3501,#3502,#3503,
    #3504,#3505,#3506,#3507,#3508,#3509,#3510,#3511,#3512,#3513,#3514,
    #3515,#3516,#3517,#3518,#3519,#3520,#3521,#3522,#3523,#3524,#3525,
    #3526,#3527,#3528,#3529,#3530,#3531,#3532,#3533,#3534,#3535,#3536),
  .UNSPECIFIED.,.F.,.F.,(7,5,5,5,5,5,5,5,5,5,5,5,5,5,5,5,7),(0.,
    1.991811718323E-02,0.101944427941,0.148227088514,0.199582487281,
    0.323007507255,0.401860048076,0.436379609087,0.487660719427,
    0.53390485949,0.615891928693,0.67439059808,0.701627997848,
    0.748104301248,0.798310360155,0.905015387412,1.),.UNSPECIFIED.);
#3455 = CARTESIAN_POINT('',(-6.28318530718,-2.));
#3456 = CARTESIAN_POINT('',(-6.26795421667,-2.01488403618));
#3457 = CARTESIAN_POINT('',(-6.252634223966,-2.029568741166));
#3458 = CARTESIAN_POINT('',(-6.237228187232,-2.044050210357));
#3459 = CARTESIAN_POINT('',(-6.221739243734,-2.058324804732));
#3460 = CARTESIAN_POINT('',(-6.206170809845,-2.072389150854));
#3461 = CARTESIAN_POINT('',(-6.126100894538,-2.143280954531));
#3462 = CARTESIAN_POINT('',(-6.060377021193,-2.196714767368));
#3463 = CARTESIAN_POINT('',(-5.993630959699,-2.246306029808));
#3464 = CARTESIAN_POINT('',(-5.926117716601,-2.292001561166));
#3465 = CARTESIAN_POINT('',(-5.85807724686,-2.333850304073));
#3466 = CARTESIAN_POINT('',(-5.751174711493,-2.393465171612));
#3467 = CARTESIAN_POINT('',(-5.712512200658,-2.413782134029));
#3468 = CARTESIAN_POINT('',(-5.673783210301,-2.432934453117));
#3469 = CARTESIAN_POINT('',(-5.635016972725,-2.450951335698));
#3470 = CARTESIAN_POINT('',(-5.59623723762,-2.467865895238));
#3471 = CARTESIAN_POINT('',(-5.514437915594,-2.501295058432));
#3472 = CARTESIAN_POINT('',(-5.471419732818,-2.517562538845));
#3473 = CARTESIAN_POINT('',(-5.428432052223,-2.532561680879));
#3474 = CARTESIAN_POINT('',(-5.38549206332,-2.546340407512));
#3475 = CARTESIAN_POINT('',(-5.342610260084,-2.558944935702));
#3476 = CARTESIAN_POINT('',(-5.196880147717,-2.5979894397));
#3477 = CARTESIAN_POINT('',(-5.094358473892,-2.619014201836));
#3478 = CARTESIAN_POINT('',(-4.992225858486,-2.634099574955));
#3479 = CARTESIAN_POINT('',(-4.890410663162,-2.643655798918));
#3480 = CARTESIAN_POINT('',(-4.788772399098,-2.647897761821));
#3481 = CARTESIAN_POINT('',(-4.622065311918,-2.646077487068));
#3482 = CARTESIAN_POINT('',(-4.55707460663,-2.643183515309));
#3483 = CARTESIAN_POINT('',(-4.492025436488,-2.638098076298));
#3484 = CARTESIAN_POINT('',(-4.42687733252,-2.630775624222));
#3485 = CARTESIAN_POINT('',(-4.361600850531,-2.621134097289));
#3486 = CARTESIAN_POINT('',(-4.267533246388,-2.603769773281));
#3487 = CARTESIAN_POINT('',(-4.23886341282,-2.59801599551));
#3488 = CARTESIAN_POINT('',(-4.210164105992,-2.591785745942));
#3489 = CARTESIAN_POINT('',(-4.181434847915,-2.585068200437));
#3490 = CARTESIAN_POINT('',(-4.152676045867,-2.577851497698));
#3491 = CARTESIAN_POINT('',(-4.081123904364,-2.558641153134));
#3492 = CARTESIAN_POINT('',(-4.038296855631,-2.546029645431));
#3493 = CARTESIAN_POINT('',(-3.99541191743,-2.532246286215));
#3494 = CARTESIAN_POINT('',(-3.952479615159,-2.51724500817));
#3495 = CARTESIAN_POINT('',(-3.909517144898,-2.50097806756));
#3496 = CARTESIAN_POINT('',(-3.827800523379,-2.467545655277));
#3497 = CARTESIAN_POINT('',(-3.789047707702,-2.450625453225));
#3498 = CARTESIAN_POINT('',(-3.750308653098,-2.43260403455));
#3499 = CARTESIAN_POINT('',(-3.711607111511,-2.413448381309));
#3500 = CARTESIAN_POINT('',(-3.672972302496,-2.393129389069));
#3501 = CARTESIAN_POINT('',(-3.566122999354,-2.333499297766));
#3502 = CARTESIAN_POINT('',(-3.498108775768,-2.291637733612));
#3503 = CARTESIAN_POINT('',(-3.430622745836,-2.245931607364));
#3504 = CARTESIAN_POINT('',(-3.363904755034,-2.196332459958));
#3505 = CARTESIAN_POINT('',(-3.298209577715,-2.142893933154));
#3506 = CARTESIAN_POINT('',(-3.187865074405,-2.045151585292));
#3507 = CARTESIAN_POINT('',(-3.142569695503,-2.002609131077));
#3508 = CARTESIAN_POINT('',(-3.098023171639,-1.958305057583));
#3509 = CARTESIAN_POINT('',(-3.054301864483,-1.912343065421));
#3510 = CARTESIAN_POINT('',(-3.011466029622,-1.864849684487));
#3511 = CARTESIAN_POINT('',(-2.950053837992,-1.793217189852));
#3512 = CARTESIAN_POINT('',(-2.930745584365,-1.770159833258));
#3513 = CARTESIAN_POINT('',(-2.911643264973,-1.746816358013));
#3514 = CARTESIAN_POINT('',(-2.892750163462,-1.723201415988));
#3515 = CARTESIAN_POINT('',(-2.874068632491,-1.699329923295));
#3516 = CARTESIAN_POINT('',(-2.824086461078,-1.63407228339));
#3517 = CARTESIAN_POINT('',(-2.793192989855,-1.592224564179));
#3518 = CARTESIAN_POINT('',(-2.762926753477,-1.549748615876));
#3519 = CARTESIAN_POINT('',(-2.733287019369,-1.50671876369));
#3520 = CARTESIAN_POINT('',(-2.704266904786,-1.463207462183));
#3521 = CARTESIAN_POINT('',(-2.645163088094,-1.371835259834));
#3522 = CARTESIAN_POINT('',(-2.615181141626,-1.323905851412));
#3523 = CARTESIAN_POINT('',(-2.585893822268,-1.275581467548));
#3524 = CARTESIAN_POINT('',(-2.557280622241,-1.226944680375));
#3525 = CARTESIAN_POINT('',(-2.529317030241,-1.178073627123));
#3526 = CARTESIAN_POINT('',(-2.443865922296,-1.024829551281));
#3527 = CARTESIAN_POINT('',(-2.388583769315,-0.919918557699));
#3528 = CARTESIAN_POINT('',(-2.335834382403,-0.814954305035));
#3529 = CARTESIAN_POINT('',(-2.285336307388,-0.710591439772));
#3530 = CARTESIAN_POINT('',(-2.236810495714,-0.607472282261));
#3531 = CARTESIAN_POINT('',(-2.148243349389,-0.416159104745));
#3532 = CARTESIAN_POINT('',(-2.107872793432,-0.327607428205));
#3533 = CARTESIAN_POINT('',(-2.068623266878,-0.241059622034));
#3534 = CARTESIAN_POINT('',(-2.0303135389,-0.157103273767));
#3535 = CARTESIAN_POINT('',(-1.992767290621,-7.64552294248E-02));
#3536 = CARTESIAN_POINT('',(-1.955785358155,0.));
#3537 = ( GEOMETRIC_REPRESENTATION_CONTEXT(2) 
PARAMETRIC_REPRESENTATION_CONTEXT() REPRESENTATION_CONTEXT('2D SPACE',''
  ) );
#3538 = FACE_BOUND('',#3539,.T.);
#3539 = EDGE_LOOP('',(#3540,#3837,#3863));
#3540 = ORIENTED_EDGE('',*,*,#3541,.F.);
#3541 = EDGE_CURVE('',#3542,#3544,#3546,.T.);
#3542 = VERTEX_POINT('',#3543);
#3543 = CARTESIAN_POINT('',(133.06592279931,23.787593916455,
    12.773033142751));
#3544 = VERTEX_POINT('',#3545);
#3545 = CARTESIAN_POINT('',(138.15,25.787593916455,8.));
#3546 = SURFACE_CURVE('',#3547,(#3640,#3736),.PCURVE_S1.);
#3547 = B_SPLINE_CURVE_WITH_KNOTS('',7,(#3548,#3549,#3550,#3551,#3552,
    #3553,#3554,#3555,#3556,#3557,#3558,#3559,#3560,#3561,#3562,#3563,
    #3564,#3565,#3566,#3567,#3568,#3569,#3570,#3571,#3572,#3573,#3574,
    #3575,#3576,#3577,#3578,#3579,#3580,#3581,#3582,#3583,#3584,#3585,
    #3586,#3587,#3588,#3589,#3590,#3591,#3592,#3593,#3594,#3595,#3596,
    #3597,#3598,#3599,#3600,#3601,#3602,#3603,#3604,#3605,#3606,#3607,
    #3608,#3609,#3610,#3611,#3612,#3613,#3614,#3615,#3616,#3617,#3618,
    #3619,#3620,#3621,#3622,#3623,#3624,#3625,#3626,#3627,#3628,#3629,
    #3630,#3631,#3632,#3633,#3634,#3635,#3636,#3637,#3638,#3639),
  .UNSPECIFIED.,.F.,.F.,(8,6,6,6,6,6,6,6,6,6,6,6,6,6,6,8),(0.,
    9.496911448263E-02,0.20164524633,0.251878101219,0.29818586071,
    0.325445842365,0.384167853746,0.466377877302,0.512381426309,
    0.563486414106,0.669991449136,0.801382527411,0.852402974684,
    0.898458354747,0.979901756536,1.),.UNSPECIFIED.);
#3548 = CARTESIAN_POINT('',(133.06592279931,23.787593916455,
    12.773033142751));
#3549 = CARTESIAN_POINT('',(132.93928390205,23.853101286801,
    12.65103684736));
#3550 = CARTESIAN_POINT('',(132.81860085553,23.921601192607,
    12.521716100617));
#3551 = CARTESIAN_POINT('',(132.70384296233,23.992588778339,
    12.385652916434));
#3552 = CARTESIAN_POINT('',(132.5950408466,24.065630938418,
    12.243321609816));
#3553 = CARTESIAN_POINT('',(132.49226471638,24.14035536885,
    12.095109134763));
#3554 = CARTESIAN_POINT('',(132.39561939077,24.216445185705,
    11.941317991618));
#3555 = CARTESIAN_POINT('',(132.2037535433,24.38034887218,
    11.603364695124));
#3556 = CARTESIAN_POINT('',(132.11021660118,24.468417899843,
    11.417865348492));
#3557 = CARTESIAN_POINT('',(132.02485473532,24.557469445823,
    11.225960822301));
#3558 = CARTESIAN_POINT('',(131.94803809625,24.647134439212,
    11.027968918275));
#3559 = CARTESIAN_POINT('',(131.88025261852,24.737042883968,
    10.824245857067));
#3560 = CARTESIAN_POINT('',(131.8220754412,24.826822484869,
    10.615205983183));
#3561 = CARTESIAN_POINT('',(131.75161269785,24.958146619706,
    10.300622675299));
#3562 = CARTESIAN_POINT('',(131.7313351246,25.000073552556,
    10.198851953635));
#3563 = CARTESIAN_POINT('',(131.71340781362,25.041843802807,
    10.096079542178));
#3564 = CARTESIAN_POINT('',(131.69790531603,25.083413488073,
    9.992373779046));
#3565 = CARTESIAN_POINT('',(131.68490491278,25.124736662508,
    9.887813892554));
#3566 = CARTESIAN_POINT('',(131.67448468089,25.165765638748,
    9.782490861144));
#3567 = CARTESIAN_POINT('',(131.65956503345,25.243957883516,
    9.578806954215));
#3568 = CARTESIAN_POINT('',(131.65466664772,25.281172501636,
    9.480545672504));
#3569 = CARTESIAN_POINT('',(131.65208655094,25.318056144831,
    9.381807067486));
#3570 = CARTESIAN_POINT('',(131.65188402368,25.354568375904,
    9.282684129228));
#3571 = CARTESIAN_POINT('',(131.65411526785,25.390667754838,
    9.183280510751));
#3572 = CARTESIAN_POINT('',(131.65883119581,25.42631225378,
    9.083710840179));
#3573 = CARTESIAN_POINT('',(131.67033955775,25.482149897327,
    8.925463742986));
#3574 = CARTESIAN_POINT('',(131.67547987117,25.502667909315,
    8.866812460715));
#3575 = CARTESIAN_POINT('',(131.68150518527,25.523005017613,
    8.808173013752));
#3576 = CARTESIAN_POINT('',(131.68842334661,25.543152643521,
    8.749572319158));
#3577 = CARTESIAN_POINT('',(131.69624102277,25.563102320022,
    8.691038383392));
#3578 = CARTESIAN_POINT('',(131.70496370233,25.582845691782,
    8.632600302317));
#3579 = CARTESIAN_POINT('',(131.73534442412,25.644442474054,
    8.448675544877));
#3580 = CARTESIAN_POINT('',(131.76031369983,25.685517686991,
    8.32363953405));
#3581 = CARTESIAN_POINT('',(131.789543274,25.725513913632,8.199493156494
    ));
#3582 = CARTESIAN_POINT('',(131.82304276557,25.76435470688,
    8.076555345885));
#3583 = CARTESIAN_POINT('',(131.8607875269,25.801973487279,
    7.955148387134));
#3584 = CARTESIAN_POINT('',(131.90271451025,25.838313617429,
    7.835595261732));
#3585 = CARTESIAN_POINT('',(132.01312258712,25.922348806474,
    7.553889000857));
#3586 = CARTESIAN_POINT('',(132.0855313246,25.968782527538,
    7.393786906742));
#3587 = CARTESIAN_POINT('',(132.16565263427,26.01249377336,
    7.238813041654));
#3588 = CARTESIAN_POINT('',(132.25307531574,26.053425566386,
    7.089725833588));
#3589 = CARTESIAN_POINT('',(132.34730127932,26.091576647931,
    6.947156683818));
#3590 = CARTESIAN_POINT('',(132.44776945812,26.12698383763,
    6.811621982552));
#3591 = CARTESIAN_POINT('',(132.61324395206,26.178022969197,
    6.61185197722));
#3592 = CARTESIAN_POINT('',(132.6743881302,26.195498667773,6.54249567627
    ));
#3593 = CARTESIAN_POINT('',(132.7372033499,26.212149500074,
    6.475526962273));
#3594 = CARTESIAN_POINT('',(132.80158921924,26.22799086545,
    6.410998439457));
#3595 = CARTESIAN_POINT('',(132.86744638881,26.243040227924,
    6.34895141975));
#3596 = CARTESIAN_POINT('',(132.9346777681,26.257316263724,
    6.289417627327));
#3597 = CARTESIAN_POINT('',(133.07929916499,26.285859211177,
    6.169103681833));
#3598 = CARTESIAN_POINT('',(133.15698858266,26.29994949191,6.10891770202
    ));
#3599 = CARTESIAN_POINT('',(133.23613070428,26.313135383978,
    6.051894396406));
#3600 = CARTESIAN_POINT('',(133.31660270837,26.325443759165,
    5.998054212507));
#3601 = CARTESIAN_POINT('',(133.3982871453,26.33690113547,5.947408719016
    ));
#3602 = CARTESIAN_POINT('',(133.48107283993,26.347532984476,
    5.899962712165));
#3603 = CARTESIAN_POINT('',(133.73946314444,26.377849302741,
    5.763504905375));
#3604 = CARTESIAN_POINT('',(133.91837313583,26.39484986514,
    5.685205321651));
#3605 = CARTESIAN_POINT('',(134.10068034841,26.408586955568,
    5.620789010456));
#3606 = CARTESIAN_POINT('',(134.28554151421,26.419237798176,
    5.570198774635));
#3607 = CARTESIAN_POINT('',(134.47217794327,26.426933278565,
    5.533361595678));
#3608 = CARTESIAN_POINT('',(134.65987898207,26.431754063959,
    5.510215115052));
#3609 = CARTESIAN_POINT('',(135.08009203961,26.43615462716,
    5.489068304018));
#3610 = CARTESIAN_POINT('',(135.31318559698,26.43425027835,
    5.498189509987));
#3611 = CARTESIAN_POINT('',(135.54564627609,26.428026638908,
    5.528229624358));
#3612 = CARTESIAN_POINT('',(135.7759416189,26.417416673376,5.579191773)
  );
#3613 = CARTESIAN_POINT('',(136.00262202891,26.402241595683,
    5.651074578796));
#3614 = CARTESIAN_POINT('',(136.22433028719,26.382207040686,
    5.743939230208));
#3615 = CARTESIAN_POINT('',(136.52336561436,26.346967994396,
    5.902486016258));
#3616 = CARTESIAN_POINT('',(136.60600663314,26.336310762517,
    5.950023761972));
#3617 = CARTESIAN_POINT('',(136.68754475657,26.324828946115,
    6.00075349925));
#3618 = CARTESIAN_POINT('',(136.76786900994,26.312497122421,
    6.054670268615));
#3619 = CARTESIAN_POINT('',(136.84686217414,26.299288842467,
    6.111762315742));
#3620 = CARTESIAN_POINT('',(136.92440169033,26.285177324673,
    6.172008988954));
#3621 = CARTESIAN_POINT('',(137.06892748263,26.256558707889,
    6.292581451847));
#3622 = CARTESIAN_POINT('',(137.13620614549,26.242223795737,
    6.352328761527));
#3623 = CARTESIAN_POINT('',(137.20210237091,26.227112299715,
    6.414596362669));
#3624 = CARTESIAN_POINT('',(137.26651850162,26.211205483052,
    6.479352083204));
#3625 = CARTESIAN_POINT('',(137.32935463734,26.19448584731,
    6.546554062903));
#3626 = CARTESIAN_POINT('',(137.39050986676,26.176937995236,
    6.61614903419));
#3627 = CARTESIAN_POINT('',(137.55487862979,26.126031639592,
    6.815255249228));
#3628 = CARTESIAN_POINT('',(137.6543244961,26.090878190629,
    6.949742121229));
#3629 = CARTESIAN_POINT('',(137.7476291034,26.05302851875,7.091131271956
    ));
#3630 = CARTESIAN_POINT('',(137.83424676691,26.012447249023,
    7.238918500215));
#3631 = CARTESIAN_POINT('',(137.91369276984,25.969135903468,
    7.392488451439));
#3632 = CARTESIAN_POINT('',(137.98556626479,25.923149792882,
    7.551103104648));
#3633 = CARTESIAN_POINT('',(138.06537879614,25.862644226986,
    7.754056403005));
#3634 = CARTESIAN_POINT('',(138.08069817878,25.850512975163,
    7.794482419765));
#3635 = CARTESIAN_POINT('',(138.09553548965,25.838228143111,
    7.835151224974));
#3636 = CARTESIAN_POINT('',(138.10988715243,25.825791646083,
    7.876050207397));
#3637 = CARTESIAN_POINT('',(138.12375009152,25.813205572584,
    7.917166615425));
#3638 = CARTESIAN_POINT('',(138.13712173208,25.800472184372,
    7.958487557077));
#3639 = CARTESIAN_POINT('',(138.15,25.787593916455,8.));
#3640 = PCURVE('',#2242,#3641);
#3641 = DEFINITIONAL_REPRESENTATION('',(#3642),#3735);
#3642 = B_SPLINE_CURVE_WITH_KNOTS('',7,(#3643,#3644,#3645,#3646,#3647,
    #3648,#3649,#3650,#3651,#3652,#3653,#3654,#3655,#3656,#3657,#3658,
    #3659,#3660,#3661,#3662,#3663,#3664,#3665,#3666,#3667,#3668,#3669,
    #3670,#3671,#3672,#3673,#3674,#3675,#3676,#3677,#3678,#3679,#3680,
    #3681,#3682,#3683,#3684,#3685,#3686,#3687,#3688,#3689,#3690,#3691,
    #3692,#3693,#3694,#3695,#3696,#3697,#3698,#3699,#3700,#3701,#3702,
    #3703,#3704,#3705,#3706,#3707,#3708,#3709,#3710,#3711,#3712,#3713,
    #3714,#3715,#3716,#3717,#3718,#3719,#3720,#3721,#3722,#3723,#3724,
    #3725,#3726,#3727,#3728,#3729,#3730,#3731,#3732,#3733,#3734),
  .UNSPECIFIED.,.F.,.F.,(8,6,6,6,6,6,6,6,6,6,6,6,6,6,6,8),(0.,
    9.496911448263E-02,0.20164524633,0.251878101219,0.29818586071,
    0.325445842365,0.384167853746,0.466377877302,0.512381426309,
    0.563486414106,0.669991449136,0.801382527411,0.852402974684,
    0.898458354747,0.979901756536,1.),.UNSPECIFIED.);
#3643 = CARTESIAN_POINT('',(-6.775963434145,-134.0659227993));
#3644 = CARTESIAN_POINT('',(-6.770834866043,-133.939283902));
#3645 = CARTESIAN_POINT('',(-6.765414864574,-133.8186008555));
#3646 = CARTESIAN_POINT('',(-6.759731047223,-133.7038429623));
#3647 = CARTESIAN_POINT('',(-6.753806145042,-133.5950408466));
#3648 = CARTESIAN_POINT('',(-6.747658861754,-133.4922647163));
#3649 = CARTESIAN_POINT('',(-6.741304062878,-133.3956193907));
#3650 = CARTESIAN_POINT('',(-6.727392878351,-133.2037535433));
#3651 = CARTESIAN_POINT('',(-6.719787807388,-133.1102166011));
#3652 = CARTESIAN_POINT('',(-6.711952755168,-133.0248547353));
#3653 = CARTESIAN_POINT('',(-6.703903432372,-132.9480380962));
#3654 = CARTESIAN_POINT('',(-6.69565664744,-132.8802526185));
#3655 = CARTESIAN_POINT('',(-6.687231013972,-132.8220754412));
#3656 = CARTESIAN_POINT('',(-6.674605312074,-132.7516126978));
#3657 = CARTESIAN_POINT('',(-6.670528733191,-132.7313351246));
#3658 = CARTESIAN_POINT('',(-6.666420046004,-132.7134078136));
#3659 = CARTESIAN_POINT('',(-6.662282095761,-132.697905316));
#3660 = CARTESIAN_POINT('',(-6.658118122721,-132.6849049127));
#3661 = CARTESIAN_POINT('',(-6.653931789346,-132.6744846808));
#3662 = CARTESIAN_POINT('',(-6.645851163302,-132.6595650334));
#3663 = CARTESIAN_POINT('',(-6.641959632689,-132.6546666477));
#3664 = CARTESIAN_POINT('',(-6.638055896098,-132.6520865509));
#3665 = CARTESIAN_POINT('',(-6.634143606755,-132.6518840236));
#3666 = CARTESIAN_POINT('',(-6.630226798711,-132.6541152678));
#3667 = CARTESIAN_POINT('',(-6.626309894886,-132.6588311958));
#3668 = CARTESIAN_POINT('',(-6.620094732863,-132.6703395577));
#3669 = CARTESIAN_POINT('',(-6.617793384349,-132.6754798711));
#3670 = CARTESIAN_POINT('',(-6.615494658525,-132.6815051852));
#3671 = CARTESIAN_POINT('',(-6.613199581476,-132.6884233466));
#3672 = CARTESIAN_POINT('',(-6.610909216422,-132.6962410227));
#3673 = CARTESIAN_POINT('',(-6.608624663723,-132.7049637023));
#3674 = CARTESIAN_POINT('',(-6.601440769224,-132.7353444241));
#3675 = CARTESIAN_POINT('',(-6.596566407983,-132.7603136998));
#3676 = CARTESIAN_POINT('',(-6.591735787807,-132.789543274));
#3677 = CARTESIAN_POINT('',(-6.586960827963,-132.8230427655));
#3678 = CARTESIAN_POINT('',(-6.582253471389,-132.8607875269));
#3679 = CARTESIAN_POINT('',(-6.577625599745,-132.9027145102));
#3680 = CARTESIAN_POINT('',(-6.566737697899,-133.0131225871));
#3681 = CARTESIAN_POINT('',(-6.560563816595,-133.0855313246));
#3682 = CARTESIAN_POINT('',(-6.55460034865,-133.1656526342));
#3683 = CARTESIAN_POINT('',(-6.548874504227,-133.2530753157));
#3684 = CARTESIAN_POINT('',(-6.54340853468,-133.3473012793));
#3685 = CARTESIAN_POINT('',(-6.538220340786,-133.4477694581));
#3686 = CARTESIAN_POINT('',(-6.530583788013,-133.613243952));
#3687 = CARTESIAN_POINT('',(-6.527934761871,-133.6743881302));
#3688 = CARTESIAN_POINT('',(-6.525378941564,-133.7372033499));
#3689 = CARTESIAN_POINT('',(-6.522918050163,-133.8015892192));
#3690 = CARTESIAN_POINT('',(-6.520553395439,-133.8674463888));
#3691 = CARTESIAN_POINT('',(-6.518285937414,-133.9346777681));
#3692 = CARTESIAN_POINT('',(-6.513706184555,-134.0792991649));
#3693 = CARTESIAN_POINT('',(-6.511416811854,-134.1569885826));
#3694 = CARTESIAN_POINT('',(-6.509249120902,-134.2361307042));
#3695 = CARTESIAN_POINT('',(-6.507203606217,-134.3166027083));
#3696 = CARTESIAN_POINT('',(-6.505280453322,-134.3982871453));
#3697 = CARTESIAN_POINT('',(-6.503479618333,-134.4810728399));
#3698 = CARTESIAN_POINT('',(-6.49830240062,-134.7394631444));
#3699 = CARTESIAN_POINT('',(-6.495334882039,-134.9183731358));
#3700 = CARTESIAN_POINT('',(-6.492895464321,-135.1006803484));
#3701 = CARTESIAN_POINT('',(-6.490980681152,-135.2855415142));
#3702 = CARTESIAN_POINT('',(-6.489586888705,-135.4721779432));
#3703 = CARTESIAN_POINT('',(-6.48871121568,-135.659878982));
#3704 = CARTESIAN_POINT('',(-6.487911222047,-136.0800920396));
#3705 = CARTESIAN_POINT('',(-6.488256328689,-136.3131855969));
#3706 = CARTESIAN_POINT('',(-6.48939255226,-136.545646276));
#3707 = CARTESIAN_POINT('',(-6.491320512109,-136.7759416189));
#3708 = CARTESIAN_POINT('',(-6.494041495451,-137.0026220289));
#3709 = CARTESIAN_POINT('',(-6.497559990065,-137.2243302871));
#3710 = CARTESIAN_POINT('',(-6.503575387974,-137.5233656143));
#3711 = CARTESIAN_POINT('',(-6.50537974403,-137.6060066331));
#3712 = CARTESIAN_POINT('',(-6.507306139863,-137.6875447565));
#3713 = CARTESIAN_POINT('',(-6.509354613221,-137.7678690099));
#3714 = CARTESIAN_POINT('',(-6.51152497148,-137.8468621741));
#3715 = CARTESIAN_POINT('',(-6.513816712189,-137.9244016903));
#3716 = CARTESIAN_POINT('',(-6.518406428139,-138.0689274826));
#3717 = CARTESIAN_POINT('',(-6.520682084634,-138.1362061454));
#3718 = CARTESIAN_POINT('',(-6.523055221151,-138.2021023709));
#3719 = CARTESIAN_POINT('',(-6.525524862406,-138.2665185016));
#3720 = CARTESIAN_POINT('',(-6.528089681612,-138.3293546373));
#3721 = CARTESIAN_POINT('',(-6.530747932308,-138.3905098667));
#3722 = CARTESIAN_POINT('',(-6.538359448194,-138.5548786297));
#3723 = CARTESIAN_POINT('',(-6.54350771995,-138.6543244961));
#3724 = CARTESIAN_POINT('',(-6.548928589229,-138.7476291034));
#3725 = CARTESIAN_POINT('',(-6.554604573219,-138.8342467669));
#3726 = CARTESIAN_POINT('',(-6.560513983175,-138.9136927698));
#3727 = CARTESIAN_POINT('',(-6.566630341713,-138.9855662647));
#3728 = CARTESIAN_POINT('',(-6.574474062592,-139.0653787961));
#3729 = CARTESIAN_POINT('',(-6.576037281938,-139.0806981787));
#3730 = CARTESIAN_POINT('',(-6.577610749891,-139.0955354896));
#3731 = CARTESIAN_POINT('',(-6.57919400505,-139.1098871524));
#3732 = CARTESIAN_POINT('',(-6.580786579528,-139.1237500915));
#3733 = CARTESIAN_POINT('',(-6.582387998947,-139.137121732));
#3734 = CARTESIAN_POINT('',(-6.583997782436,-139.15));
#3735 = ( GEOMETRIC_REPRESENTATION_CONTEXT(2) 
PARAMETRIC_REPRESENTATION_CONTEXT() REPRESENTATION_CONTEXT('2D SPACE',''
  ) );
#3736 = PCURVE('',#3737,#3742);
#3737 = CONICAL_SURFACE('',#3738,5.15,0.785398163397);
#3738 = AXIS2_PLACEMENT_3D('',#3739,#3740,#3741);
#3739 = CARTESIAN_POINT('',(135.,23.787593916455,8.));
#3740 = DIRECTION('',(0.,-1.,-0.));
#3741 = DIRECTION('',(1.,0.,0.));
#3742 = DEFINITIONAL_REPRESENTATION('',(#3743),#3836);
#3743 = B_SPLINE_CURVE_WITH_KNOTS('',7,(#3744,#3745,#3746,#3747,#3748,
    #3749,#3750,#3751,#3752,#3753,#3754,#3755,#3756,#3757,#3758,#3759,
    #3760,#3761,#3762,#3763,#3764,#3765,#3766,#3767,#3768,#3769,#3770,
    #3771,#3772,#3773,#3774,#3775,#3776,#3777,#3778,#3779,#3780,#3781,
    #3782,#3783,#3784,#3785,#3786,#3787,#3788,#3789,#3790,#3791,#3792,
    #3793,#3794,#3795,#3796,#3797,#3798,#3799,#3800,#3801,#3802,#3803,
    #3804,#3805,#3806,#3807,#3808,#3809,#3810,#3811,#3812,#3813,#3814,
    #3815,#3816,#3817,#3818,#3819,#3820,#3821,#3822,#3823,#3824,#3825,
    #3826,#3827,#3828,#3829,#3830,#3831,#3832,#3833,#3834,#3835),
  .UNSPECIFIED.,.F.,.F.,(8,6,6,6,6,6,6,6,6,6,6,6,6,6,6,8),(0.,
    9.496911448263E-02,0.20164524633,0.251878101219,0.29818586071,
    0.325445842365,0.384167853746,0.466377877302,0.512381426309,
    0.563486414106,0.669991449136,0.801382527411,0.852402974684,
    0.898458354747,0.979901756536,1.),.UNSPECIFIED.);
#3744 = CARTESIAN_POINT('',(-4.327399949025,3.907985046681E-14));
#3745 = CARTESIAN_POINT('',(-4.295713573032,-6.550737034588E-02));
#3746 = CARTESIAN_POINT('',(-4.263624423233,-0.134007276152));
#3747 = CARTESIAN_POINT('',(-4.231018832819,-0.204994861884));
#3748 = CARTESIAN_POINT('',(-4.197792906663,-0.278037021963));
#3749 = CARTESIAN_POINT('',(-4.163844605578,-0.352761452395));
#3750 = CARTESIAN_POINT('',(-4.12906515771,-0.428851269249));
#3751 = CARTESIAN_POINT('',(-4.053189272808,-0.592754955725));
#3752 = CARTESIAN_POINT('',(-4.011858160064,-0.680823983388));
#3753 = CARTESIAN_POINT('',(-3.969163367137,-0.769875529368));
#3754 = CARTESIAN_POINT('',(-3.92494220868,-0.859540522757));
#3755 = CARTESIAN_POINT('',(-3.879034778288,-0.949448967512));
#3756 = CARTESIAN_POINT('',(-3.831278564446,-1.039228568414));
#3757 = CARTESIAN_POINT('',(-3.75806752074,-1.170552703251));
#3758 = CARTESIAN_POINT('',(-3.734185152629,-1.212479636101));
#3759 = CARTESIAN_POINT('',(-3.709842537213,-1.254249886351));
#3760 = CARTESIAN_POINT('',(-3.68502523579,-1.295819571618));
#3761 = CARTESIAN_POINT('',(-3.659720362847,-1.337142746053));
#3762 = CARTESIAN_POINT('',(-3.633916909698,-1.378171722293));
#3763 = CARTESIAN_POINT('',(-3.583351103372,-1.456363967061));
#3764 = CARTESIAN_POINT('',(-3.558665078101,-1.493578585181));
#3765 = CARTESIAN_POINT('',(-3.533541550801,-1.530462228375));
#3766 = CARTESIAN_POINT('',(-3.507975975992,-1.566974459449));
#3767 = CARTESIAN_POINT('',(-3.481966167704,-1.603073838383));
#3768 = CARTESIAN_POINT('',(-3.455512762966,-1.638718337325));
#3769 = CARTESIAN_POINT('',(-3.412788541407,-1.694555980872));
#3770 = CARTESIAN_POINT('',(-3.396805040077,-1.71507399286));
#3771 = CARTESIAN_POINT('',(-3.380669980541,-1.735411101158));
#3772 = CARTESIAN_POINT('',(-3.364384561747,-1.755558727066));
#3773 = CARTESIAN_POINT('',(-3.347950382352,-1.775508403567));
#3774 = CARTESIAN_POINT('',(-3.331369440729,-1.795251775327));
#3775 = CARTESIAN_POINT('',(-3.27861536546,-1.856848557598));
#3776 = CARTESIAN_POINT('',(-3.241914420585,-1.897923770536));
#3777 = CARTESIAN_POINT('',(-3.20456898497,-1.937919997177));
#3778 = CARTESIAN_POINT('',(-3.166612009365,-1.976760790425));
#3779 = CARTESIAN_POINT('',(-3.128082874754,-2.014379570824));
#3780 = CARTESIAN_POINT('',(-3.089028556482,-2.050719700974));
#3781 = CARTESIAN_POINT('',(-2.994172046355,-2.134754890019));
#3782 = CARTESIAN_POINT('',(-2.937906933938,-2.181188611083));
#3783 = CARTESIAN_POINT('',(-2.880868179812,-2.224899856905));
#3784 = CARTESIAN_POINT('',(-2.823205456444,-2.265831649931));
#3785 = CARTESIAN_POINT('',(-2.765061096036,-2.303982731476));
#3786 = CARTESIAN_POINT('',(-2.70657114369,-2.339389921175));
#3787 = CARTESIAN_POINT('',(-2.615015051004,-2.390429052742));
#3788 = CARTESIAN_POINT('',(-2.582092910664,-2.407904751318));
#3789 = CARTESIAN_POINT('',(-2.549118919132,-2.424555583619));
#3790 = CARTESIAN_POINT('',(-2.516110280951,-2.440396948995));
#3791 = CARTESIAN_POINT('',(-2.483081875736,-2.455446311469));
#3792 = CARTESIAN_POINT('',(-2.450046321059,-2.469722347269));
#3793 = CARTESIAN_POINT('',(-2.380318723869,-2.498265294722));
#3794 = CARTESIAN_POINT('',(-2.343627619299,-2.512355575456));
#3795 = CARTESIAN_POINT('',(-2.306954357401,-2.525541467523));
#3796 = CARTESIAN_POINT('',(-2.270309661124,-2.53784984271));
#3797 = CARTESIAN_POINT('',(-2.233701401646,-2.549307219015));
#3798 = CARTESIAN_POINT('',(-2.197134659437,-2.559939068021));
#3799 = CARTESIAN_POINT('',(-2.084496514476,-2.590255386286));
#3800 = CARTESIAN_POINT('',(-2.008584194275,-2.607255948683));
#3801 = CARTESIAN_POINT('',(-1.932878923142,-2.620993039113));
#3802 = CARTESIAN_POINT('',(-1.85736594125,-2.631643881721));
#3803 = CARTESIAN_POINT('',(-1.782012011444,-2.639339362109));
#3804 = CARTESIAN_POINT('',(-1.70676277831,-2.644160147504));
#3805 = CARTESIAN_POINT('',(-1.538734147536,-2.648560710705));
#3806 = CARTESIAN_POINT('',(-1.445823475303,-2.646656361893));
#3807 = CARTESIAN_POINT('',(-1.35283069581,-2.640432722455));
#3808 = CARTESIAN_POINT('',(-1.259730507826,-2.62982275692));
#3809 = CARTESIAN_POINT('',(-1.166464166216,-2.614647679228));
#3810 = CARTESIAN_POINT('',(-1.072936598738,-2.594613124231));
#3811 = CARTESIAN_POINT('',(-0.942500107052,-2.559374077941));
#3812 = CARTESIAN_POINT('',(-0.905973400867,-2.548716846062));
#3813 = CARTESIAN_POINT('',(-0.86940545025,-2.53723502966));
#3814 = CARTESIAN_POINT('',(-0.83280139525,-2.524903205965));
#3815 = CARTESIAN_POINT('',(-0.7961691619,-2.511694926012));
#3816 = CARTESIAN_POINT('',(-0.759519523537,-2.497583408218));
#3817 = CARTESIAN_POINT('',(-0.689779731463,-2.468964791434));
#3818 = CARTESIAN_POINT('',(-0.656690402574,-2.454629879281));
#3819 = CARTESIAN_POINT('',(-0.623608715685,-2.43951838326));
#3820 = CARTESIAN_POINT('',(-0.590547424188,-2.423611566597));
#3821 = CARTESIAN_POINT('',(-0.557521557974,-2.406891930856));
#3822 = CARTESIAN_POINT('',(-0.524548486775,-2.389344078781));
#3823 = CARTESIAN_POINT('',(-0.433467399548,-2.338437723137));
#3824 = CARTESIAN_POINT('',(-0.375501587929,-2.303284274174));
#3825 = CARTESIAN_POINT('',(-0.31787742707,-2.265434602295));
#3826 = CARTESIAN_POINT('',(-0.260727505168,-2.224853332568));
#3827 = CARTESIAN_POINT('',(-0.204190496423,-2.181541987013));
#3828 = CARTESIAN_POINT('',(-0.148412168942,-2.135555876427));
#3829 = CARTESIAN_POINT('',(-8.000764594542E-02,-2.075050310531));
#3830 = CARTESIAN_POINT('',(-6.652339678346E-02,-2.062919058708));
#3831 = CARTESIAN_POINT('',(-5.309637097569E-02,-2.050634226656));
#3832 = CARTESIAN_POINT('',(-3.972859454019E-02,-2.038197729628));
#3833 = CARTESIAN_POINT('',(-2.642202538518E-02,-2.025611656129));
#3834 = CARTESIAN_POINT('',(-1.317855330897E-02,-2.012878267917));
#3835 = CARTESIAN_POINT('',(0.,-2.));
#3836 = ( GEOMETRIC_REPRESENTATION_CONTEXT(2) 
PARAMETRIC_REPRESENTATION_CONTEXT() REPRESENTATION_CONTEXT('2D SPACE',''
  ) );
#3837 = ORIENTED_EDGE('',*,*,#3838,.F.);
#3838 = EDGE_CURVE('',#3839,#3542,#3841,.T.);
#3839 = VERTEX_POINT('',#3840);
#3840 = CARTESIAN_POINT('',(136.93407720068,23.787593916455,
    12.773033142751));
#3841 = SURFACE_CURVE('',#3842,(#3846,#3852),.PCURVE_S1.);
#3842 = LINE('',#3843,#3844);
#3843 = CARTESIAN_POINT('',(-1.,23.787593916455,12.773033142751));
#3844 = VECTOR('',#3845,1.);
#3845 = DIRECTION('',(-1.,-0.,-0.));
#3846 = PCURVE('',#2242,#3847);
#3847 = DEFINITIONAL_REPRESENTATION('',(#3848),#3851);
#3848 = B_SPLINE_CURVE_WITH_KNOTS('',1,(#3849,#3850),.UNSPECIFIED.,.F.,
  .F.,(2,2),(-142.18,-129.82),.PIECEWISE_BEZIER_KNOTS.);
#3849 = CARTESIAN_POINT('',(-6.775963434145,-142.18));
#3850 = CARTESIAN_POINT('',(-6.775963434145,-129.82));
#3851 = ( GEOMETRIC_REPRESENTATION_CONTEXT(2) 
PARAMETRIC_REPRESENTATION_CONTEXT() REPRESENTATION_CONTEXT('2D SPACE',''
  ) );
#3852 = PCURVE('',#3853,#3858);
#3853 = PLANE('',#3854);
#3854 = AXIS2_PLACEMENT_3D('',#3855,#3856,#3857);
#3855 = CARTESIAN_POINT('',(135.,23.787593916455,8.));
#3856 = DIRECTION('',(-0.,1.,0.));
#3857 = DIRECTION('',(1.,0.,0.));
#3858 = DEFINITIONAL_REPRESENTATION('',(#3859),#3862);
#3859 = B_SPLINE_CURVE_WITH_KNOTS('',1,(#3860,#3861),.UNSPECIFIED.,.F.,
  .F.,(2,2),(-142.18,-129.82),.PIECEWISE_BEZIER_KNOTS.);
#3860 = CARTESIAN_POINT('',(6.18,-4.773033142751));
#3861 = CARTESIAN_POINT('',(-6.18,-4.773033142751));
#3862 = ( GEOMETRIC_REPRESENTATION_CONTEXT(2) 
PARAMETRIC_REPRESENTATION_CONTEXT() REPRESENTATION_CONTEXT('2D SPACE',''
  ) );
#3863 = ORIENTED_EDGE('',*,*,#3864,.F.);
#3864 = EDGE_CURVE('',#3544,#3839,#3865,.T.);
#3865 = SURFACE_CURVE('',#3866,(#3889,#3915),.PCURVE_S1.);
#3866 = B_SPLINE_CURVE_WITH_KNOTS('',6,(#3867,#3868,#3869,#3870,#3871,
    #3872,#3873,#3874,#3875,#3876,#3877,#3878,#3879,#3880,#3881,#3882,
    #3883,#3884,#3885,#3886,#3887,#3888),.UNSPECIFIED.,.F.,.F.,(7,5,5,5,
    7),(0.,0.312961994383,0.449455069571,0.739499178126,1.),
  .UNSPECIFIED.);
#3867 = CARTESIAN_POINT('',(138.15,25.787593916455,8.));
#3868 = CARTESIAN_POINT('',(138.23522047438,25.702373442066,
    8.274703873365));
#3869 = CARTESIAN_POINT('',(138.29823634074,25.61060928746,
    8.558093133417));
#3870 = CARTESIAN_POINT('',(138.33829127826,25.513154869238,
    8.845755027553));
#3871 = CARTESIAN_POINT('',(138.35620620786,25.411065270643,
    9.133827919633));
#3872 = CARTESIAN_POINT('',(138.35340334268,25.305502184891,
    9.419224697825));
#3873 = CARTESIAN_POINT('',(138.32199729652,25.150524218849,
    9.821827490437));
#3874 = CARTESIAN_POINT('',(138.30883031451,25.102999135866,
    9.943165004604));
#3875 = CARTESIAN_POINT('',(138.29216482212,25.055096542416,
    10.063402382204));
#3876 = CARTESIAN_POINT('',(138.27213377236,25.00689621429,
    10.18239458439));
#3877 = CARTESIAN_POINT('',(138.24886584948,24.958473677191,
    10.300021615228));
#3878 = CARTESIAN_POINT('',(138.16640812971,24.806679625622,
    10.663031131458));
#3879 = CARTESIAN_POINT('',(138.09627005147,24.702803060006,
    10.903200712098));
#3880 = CARTESIAN_POINT('',(138.01318884907,24.598895616926,
    11.135879269444));
#3881 = CARTESIAN_POINT('',(137.91809172727,24.49559187931,
    11.36040489817));
#3882 = CARTESIAN_POINT('',(137.81169553883,24.393515690804,
    11.576230728537));
#3883 = CARTESIAN_POINT('',(137.58897104832,24.20330909334,
    11.968390056889));
#3884 = CARTESIAN_POINT('',(137.474801338,24.114854269178,
    12.146430682636));
#3885 = CARTESIAN_POINT('',(137.35211215106,24.028401056502,
    12.316598511137));
#3886 = CARTESIAN_POINT('',(137.22105943276,23.944535496666,
    12.478307324124));
#3887 = CARTESIAN_POINT('',(137.08173229156,23.863972477316,
    12.6307911107));
#3888 = CARTESIAN_POINT('',(136.93407720068,23.787593916455,
    12.773033142751));
#3889 = PCURVE('',#2242,#3890);
#3890 = DEFINITIONAL_REPRESENTATION('',(#3891),#3914);
#3891 = B_SPLINE_CURVE_WITH_KNOTS('',6,(#3892,#3893,#3894,#3895,#3896,
    #3897,#3898,#3899,#3900,#3901,#3902,#3903,#3904,#3905,#3906,#3907,
    #3908,#3909,#3910,#3911,#3912,#3913),.UNSPECIFIED.,.F.,.F.,(7,5,5,5,
    7),(0.,0.312961994383,0.449455069571,0.739499178126,1.),
  .UNSPECIFIED.);
#3892 = CARTESIAN_POINT('',(-6.583997782436,-139.15));
#3893 = CARTESIAN_POINT('',(-6.594650341735,-139.2352204743));
#3894 = CARTESIAN_POINT('',(-6.605681949035,-139.2982363407));
#3895 = CARTESIAN_POINT('',(-6.616929305512,-139.3382912782));
#3896 = CARTESIAN_POINT('',(-6.628247229741,-139.3562062078));
#3897 = CARTESIAN_POINT('',(-6.639516403881,-139.3534033426));
#3898 = CARTESIAN_POINT('',(-6.655494233968,-139.3219972965));
#3899 = CARTESIAN_POINT('',(-6.660320551165,-139.3088303145));
#3900 = CARTESIAN_POINT('',(-6.66511407153,-139.2921648221));
#3901 = CARTESIAN_POINT('',(-6.669868914017,-139.2721337723));
#3902 = CARTESIAN_POINT('',(-6.674580101529,-139.2488658494));
#3903 = CARTESIAN_POINT('',(-6.689153003405,-139.1664081297));
#3904 = CARTESIAN_POINT('',(-6.698843809292,-139.0962700514));
#3905 = CARTESIAN_POINT('',(-6.708280841103,-139.013188849));
#3906 = CARTESIAN_POINT('',(-6.71743377502,-138.9180917272));
#3907 = CARTESIAN_POINT('',(-6.726275846459,-138.8116955388));
#3908 = CARTESIAN_POINT('',(-6.742418535331,-138.5889710483));
#3909 = CARTESIAN_POINT('',(-6.749781284876,-138.474801338));
#3910 = CARTESIAN_POINT('',(-6.756850129193,-138.352112151));
#3911 = CARTESIAN_POINT('',(-6.763596577864,-138.2210594327));
#3912 = CARTESIAN_POINT('',(-6.769983761188,-138.0817322915));
#3913 = CARTESIAN_POINT('',(-6.775963434145,-137.9340772006));
#3914 = ( GEOMETRIC_REPRESENTATION_CONTEXT(2) 
PARAMETRIC_REPRESENTATION_CONTEXT() REPRESENTATION_CONTEXT('2D SPACE',''
  ) );
#3915 = PCURVE('',#3737,#3916);
#3916 = DEFINITIONAL_REPRESENTATION('',(#3917),#3940);
#3917 = B_SPLINE_CURVE_WITH_KNOTS('',6,(#3918,#3919,#3920,#3921,#3922,
    #3923,#3924,#3925,#3926,#3927,#3928,#3929,#3930,#3931,#3932,#3933,
    #3934,#3935,#3936,#3937,#3938,#3939),.UNSPECIFIED.,.F.,.F.,(7,5,5,5,
    7),(0.,0.312961994383,0.449455069571,0.739499178126,1.),
  .UNSPECIFIED.);
#3918 = CARTESIAN_POINT('',(-6.28318530718,-2.));
#3919 = CARTESIAN_POINT('',(-6.195977728334,-1.914779525611));
#3920 = CARTESIAN_POINT('',(-6.11167571941,-1.823015371005));
#3921 = CARTESIAN_POINT('',(-6.030944611432,-1.725560952782));
#3922 = CARTESIAN_POINT('',(-5.954005516352,-1.623471354188));
#3923 = CARTESIAN_POINT('',(-5.880882635848,-1.517908268435));
#3924 = CARTESIAN_POINT('',(-5.781175897122,-1.362930302394));
#3925 = CARTESIAN_POINT('',(-5.751590748419,-1.315405219411));
#3926 = CARTESIAN_POINT('',(-5.722684450673,-1.267502625961));
#3927 = CARTESIAN_POINT('',(-5.69443670632,-1.219302297835));
#3928 = CARTESIAN_POINT('',(-5.666823474101,-1.170879760736));
#3929 = CARTESIAN_POINT('',(-5.58243213345,-1.019085709167));
#3930 = CARTESIAN_POINT('',(-5.527806731835,-0.915209143551));
#3931 = CARTESIAN_POINT('',(-5.475655062147,-0.81130170047));
#3932 = CARTESIAN_POINT('',(-5.425703766146,-0.707997962856));
#3933 = CARTESIAN_POINT('',(-5.377681887651,-0.605921774349));
#3934 = CARTESIAN_POINT('',(-5.289633618986,-0.415715176884));
#3935 = CARTESIAN_POINT('',(-5.249308046285,-0.327260352723));
#3936 = CARTESIAN_POINT('',(-5.210100709314,-0.240807140046));
#3937 = CARTESIAN_POINT('',(-5.171830913976,-0.156941580212));
#3938 = CARTESIAN_POINT('',(-5.134322859087,-7.637856086086E-02));
#3939 = CARTESIAN_POINT('',(-5.097378011744,0.));
#3940 = ( GEOMETRIC_REPRESENTATION_CONTEXT(2) 
PARAMETRIC_REPRESENTATION_CONTEXT() REPRESENTATION_CONTEXT('2D SPACE',''
  ) );
#3941 = FACE_BOUND('',#3942,.T.);
#3942 = EDGE_LOOP('',(#3943));
#3943 = ORIENTED_EDGE('',*,*,#3944,.F.);
#3944 = EDGE_CURVE('',#3945,#3945,#3947,.T.);
#3945 = VERTEX_POINT('',#3946);
#3946 = CARTESIAN_POINT('',(138.15,6.,26.324893162176));
#3947 = SURFACE_CURVE('',#3948,(#4107,#4269),.PCURVE_S1.);
#3948 = B_SPLINE_CURVE_WITH_KNOTS('',7,(#3949,#3950,#3951,#3952,#3953,
    #3954,#3955,#3956,#3957,#3958,#3959,#3960,#3961,#3962,#3963,#3964,
    #3965,#3966,#3967,#3968,#3969,#3970,#3971,#3972,#3973,#3974,#3975,
    #3976,#3977,#3978,#3979,#3980,#3981,#3982,#3983,#3984,#3985,#3986,
    #3987,#3988,#3989,#3990,#3991,#3992,#3993,#3994,#3995,#3996,#3997,
    #3998,#3999,#4000,#4001,#4002,#4003,#4004,#4005,#4006,#4007,#4008,
    #4009,#4010,#4011,#4012,#4013,#4014,#4015,#4016,#4017,#4018,#4019,
    #4020,#4021,#4022,#4023,#4024,#4025,#4026,#4027,#4028,#4029,#4030,
    #4031,#4032,#4033,#4034,#4035,#4036,#4037,#4038,#4039,#4040,#4041,
    #4042,#4043,#4044,#4045,#4046,#4047,#4048,#4049,#4050,#4051,#4052,
    #4053,#4054,#4055,#4056,#4057,#4058,#4059,#4060,#4061,#4062,#4063,
    #4064,#4065,#4066,#4067,#4068,#4069,#4070,#4071,#4072,#4073,#4074,
    #4075,#4076,#4077,#4078,#4079,#4080,#4081,#4082,#4083,#4084,#4085,
    #4086,#4087,#4088,#4089,#4090,#4091,#4092,#4093,#4094,#4095,#4096,
    #4097,#4098,#4099,#4100,#4101,#4102,#4103,#4104,#4105,#4106),
  .UNSPECIFIED.,.T.,.F.,(8,6,6,6,6,6,6,6,6,6,6,6,6,6,6,6,6,6,6,6,6,6,6,6
    ,6,6,8),(0.,5.164882828657E-02,8.285873111167E-02,0.119131323209,
    0.144623562646,0.202248744794,0.272958347674,0.298248718291,
    0.334379438146,0.365265693473,0.382670987078,0.419455448655,
    0.450342198463,0.465068478404,0.490356878897,0.518000408225,
    0.536529099326,0.581339237871,0.645687937097,0.666969111273,
    0.707874374348,0.770565717816,0.834664404521,0.879760428399,
    0.898417201956,0.926265130613,1.),.UNSPECIFIED.);
#3949 = CARTESIAN_POINT('',(138.15,6.,26.324893162176));
#3950 = CARTESIAN_POINT('',(138.1095522335,5.822536144742,
    26.365340928668));
#3951 = CARTESIAN_POINT('',(138.05959914246,5.648103134148,
    26.403629677275));
#3952 = CARTESIAN_POINT('',(138.00040188079,5.477894952277,
    26.439586981853));
#3953 = CARTESIAN_POINT('',(137.93240960498,5.312913131685,
    26.473139308899));
#3954 = CARTESIAN_POINT('',(137.85620175844,5.153991833435,
    26.504283624001));
#3955 = CARTESIAN_POINT('',(137.77244839172,5.001814267512,
    26.533065226613));
#3956 = CARTESIAN_POINT('',(137.62716578916,4.769365285346,
    26.575572939046));
#3957 = CARTESIAN_POINT('',(137.56994660154,4.684452176063,
    26.590752884624));
#3958 = CARTESIAN_POINT('',(137.51038244503,4.60228627616,
    26.605121234451));
#3959 = CARTESIAN_POINT('',(137.44862534477,4.522948457872,
    26.618702248172));
#3960 = CARTESIAN_POINT('',(137.38482505125,4.446498689147,
    26.631523390557));
#3961 = CARTESIAN_POINT('',(137.31912622991,4.372979407506,
    26.643613861542));
#3962 = CARTESIAN_POINT('',(137.17326200807,4.220412463381,
    26.668239891405));
#3963 = CARTESIAN_POINT('',(137.09248022869,4.142404125154,
    26.680529264628));
#3964 = CARTESIAN_POINT('',(137.00953269746,4.068434547755,
    26.691918460911));
#3965 = CARTESIAN_POINT('',(136.92462106248,3.998523299962,
    26.702454498038));
#3966 = CARTESIAN_POINT('',(136.83793414363,3.932673211421,
    26.712183113573));
#3967 = CARTESIAN_POINT('',(136.749645841,3.870874733272,26.721147681831
    ));
#3968 = CARTESIAN_POINT('',(136.59684917536,3.772513674421,
    26.735179486998));
#3969 = CARTESIAN_POINT('',(136.53307280917,3.733910153205,
    26.740613115366));
#3970 = CARTESIAN_POINT('',(136.46863891634,3.697293786743,
    26.745702907847));
#3971 = CARTESIAN_POINT('',(136.40359986168,3.662657464453,
    26.750461862438));
#3972 = CARTESIAN_POINT('',(136.33800531617,3.629993250689,
    26.754902053736));
#3973 = CARTESIAN_POINT('',(136.27190216973,3.599292721886,
    26.759034603454));
#3974 = CARTESIAN_POINT('',(136.05485816574,3.505568314194,
    26.771538771936));
#3975 = CARTESIAN_POINT('',(135.9020208678,3.450585243374,
    26.778686959851));
#3976 = CARTESIAN_POINT('',(135.74731595113,3.405489356545,
    26.784432715505));
#3977 = CARTESIAN_POINT('',(135.59120281806,3.370193314249,
    26.788865539702));
#3978 = CARTESIAN_POINT('',(135.43410847842,3.344626051171,
    26.792048843401));
#3979 = CARTESIAN_POINT('',(135.2764277392,3.328738539341,
    26.794020582884));
#3980 = CARTESIAN_POINT('',(134.92476200574,3.314890444241,
    26.795737729247));
#3981 = CARTESIAN_POINT('',(134.73076925313,3.321823529373,
    26.794875478352));
#3982 = CARTESIAN_POINT('',(134.53716645817,3.343270988812,
    26.792228494046));
#3983 = CARTESIAN_POINT('',(134.34464980646,3.379296342296,
    26.787756123567));
#3984 = CARTESIAN_POINT('',(134.1539844757,3.43001793893,26.781360723109
    ));
#3985 = CARTESIAN_POINT('',(133.96600520069,3.495589042788,
    26.772886918182));
#3986 = CARTESIAN_POINT('',(133.71567433681,3.605052644946,
    26.75825932051));
#3987 = CARTESIAN_POINT('',(133.65018993112,3.635814281197,
    26.754111742005));
#3988 = CARTESIAN_POINT('',(133.58521198296,3.668509059569,
    26.749660063311));
#3989 = CARTESIAN_POINT('',(133.52078649078,3.703145066142,
    26.744893342774));
#3990 = CARTESIAN_POINT('',(133.45696210989,3.73972971895,
    26.739799734068));
#3991 = CARTESIAN_POINT('',(133.39379015245,3.778269767983,
    26.734366486194));
#3992 = CARTESIAN_POINT('',(133.24208406722,3.87663321249,
    26.720313083463));
#3993 = CARTESIAN_POINT('',(133.15428716888,3.938496959939,
    26.711325319646));
#3994 = CARTESIAN_POINT('',(133.0680895908,4.004379508401,
    26.701577035247));
#3995 = CARTESIAN_POINT('',(132.98366380228,4.074289758426,
    26.691025249881));
#3996 = CARTESIAN_POINT('',(132.90119696075,4.148224228652,
    26.679624699491));
#3997 = CARTESIAN_POINT('',(132.82088882896,4.22616274422,
    26.667328916294));
#3998 = CARTESIAN_POINT('',(132.67632361643,4.378077315454,
    26.642775173049));
#3999 = CARTESIAN_POINT('',(132.61142981826,4.450985304401,
    26.63077096206));
#4000 = CARTESIAN_POINT('',(132.54840108749,4.526760075069,
    26.618050158014));
#4001 = CARTESIAN_POINT('',(132.48737771305,4.605359935087,
    26.604584536699));
#4002 = CARTESIAN_POINT('',(132.42850480612,4.686726311465,
    26.590347567486));
#4003 = CARTESIAN_POINT('',(132.37192962324,4.770780545386,
    26.575315813386));
#4004 = CARTESIAN_POINT('',(132.2872946634,4.906244899814,
    26.550540945915));
#4005 = CARTESIAN_POINT('',(132.25756659337,4.955890198305,
    26.541353218451));
#4006 = CARTESIAN_POINT('',(132.22864129494,5.006338264438,
    26.531903700511));
#4007 = CARTESIAN_POINT('',(132.20054481271,5.057568357211,
    26.52218955441));
#4008 = CARTESIAN_POINT('',(132.17330262026,5.109557312667,
    26.512208552983));
#4009 = CARTESIAN_POINT('',(132.14693962019,5.162279543887,
    26.501959079595));
#4010 = CARTESIAN_POINT('',(132.06767392046,5.328621063548,
    26.469209307174));
#4011 = CARTESIAN_POINT('',(132.01789761152,5.444696035613,
    26.445772886434));
#4012 = CARTESIAN_POINT('',(131.97238682672,5.563650562968,
    26.421125493932));
#4013 = CARTESIAN_POINT('',(131.93134645606,5.685169525243,
    26.39527389183));
#4014 = CARTESIAN_POINT('',(131.89494509109,5.808903060158,
    26.368240405363));
#4015 = CARTESIAN_POINT('',(131.86330944601,5.934465547763,
    26.340066351766));
#4016 = CARTESIAN_POINT('',(131.814023502,6.168046490497,26.286254427593
    ));
#4017 = CARTESIAN_POINT('',(131.79494169574,6.275661429046,
    26.260931585841));
#4018 = CARTESIAN_POINT('',(131.7793202148,6.384032794197,
    26.234883624755));
#4019 = CARTESIAN_POINT('',(131.76717807405,6.492918395601,
    26.208153232571));
#4020 = CARTESIAN_POINT('',(131.75850928658,6.602081265538,
    26.180788873908));
#4021 = CARTESIAN_POINT('',(131.75328570193,6.711290455764,
    26.152844558731));
#4022 = CARTESIAN_POINT('',(131.75058930638,6.872306151701,
    26.110808005786));
#4023 = CARTESIAN_POINT('',(131.75049116971,6.924251248209,
    26.097117720526));
#4024 = CARTESIAN_POINT('',(131.75116016903,6.976133635289,
    26.083314982368));
#4025 = CARTESIAN_POINT('',(131.75259025463,7.02793071037,
    26.069406101054));
#4026 = CARTESIAN_POINT('',(131.75477459249,7.079620756909,
    26.055397469225));
#4027 = CARTESIAN_POINT('',(131.75770556422,7.13118294439,
    26.041295562424));
#4028 = CARTESIAN_POINT('',(131.76767563008,7.270887618701,
    26.00274181833));
#4029 = CARTESIAN_POINT('',(131.77615365328,7.358742247088,
    25.978120893535));
#4030 = CARTESIAN_POINT('',(131.78676691089,7.44606051092,
    25.953277163646));
#4031 = CARTESIAN_POINT('',(131.79946848072,7.532750808266,
    25.928243646793));
#4032 = CARTESIAN_POINT('',(131.81420794971,7.618730107051,
    25.903053139699));
#4033 = CARTESIAN_POINT('',(131.83093291946,7.703923414265,
    25.877737977075));
#4034 = CARTESIAN_POINT('',(131.86998570032,7.880457711569,
    25.824555320412));
#4035 = CARTESIAN_POINT('',(131.89269016269,7.971631980394,
    25.796669794673));
#4036 = CARTESIAN_POINT('',(131.91763492177,8.061699385261,
    25.768714125066));
#4037 = CARTESIAN_POINT('',(131.94475026198,8.150582994301,
    25.740728454597));
#4038 = CARTESIAN_POINT('',(131.97396704667,8.238214724884,
    25.712751972844));
#4039 = CARTESIAN_POINT('',(132.00521803565,8.324534458326,
    25.684822730786));
#4040 = CARTESIAN_POINT('',(132.06070642966,8.466431931562,
    25.638313539892));
#4041 = CARTESIAN_POINT('',(132.08385871749,8.522761143901,
    25.619687430387));
#4042 = CARTESIAN_POINT('',(132.10787663161,8.578460870495,
    25.60111022542));
#4043 = CARTESIAN_POINT('',(132.1327413139,8.633516095855,
    25.582592880739));
#4044 = CARTESIAN_POINT('',(132.15843448259,8.687912710132,
    25.56414620953));
#4045 = CARTESIAN_POINT('',(132.18493843234,8.741637509116,
    25.545780882421));
#4046 = CARTESIAN_POINT('',(132.278253073,8.922952794738,25.483314556898
    ));
#4047 = CARTESIAN_POINT('',(132.34890846032,9.04721891131,
    25.439661415348));
#4048 = CARTESIAN_POINT('',(132.42396577016,9.16731159216,
    25.396693371217));
#4049 = CARTESIAN_POINT('',(132.5032036827,9.283072109467,
    25.354557135302));
#4050 = CARTESIAN_POINT('',(132.58641635643,9.394346227875,
    25.313400074542));
#4051 = CARTESIAN_POINT('',(132.67341380033,9.500982473001,
    25.273369525753));
#4052 = CARTESIAN_POINT('',(132.8941386842,9.749087069274,25.1789553002)
  );
#4053 = CARTESIAN_POINT('',(133.03168373492,9.88544914069,
    25.125931646903));
#4054 = CARTESIAN_POINT('',(133.17614153958,10.011474685729,
    25.075974429553));
#4055 = CARTESIAN_POINT('',(133.32698972218,10.126640207414,
    25.029546894993));
#4056 = CARTESIAN_POINT('',(133.48367566235,10.230374879788,
    24.987126665846));
#4057 = CARTESIAN_POINT('',(133.64559103008,10.322096534913,
    24.949181952496));
#4058 = CARTESIAN_POINT('',(133.86709351217,10.427426551947,
    24.905211907569));
#4059 = CARTESIAN_POINT('',(133.9226357838,10.452227609372,
    24.894821022339));
#4060 = CARTESIAN_POINT('',(133.97864488811,10.475632129794,
    24.884982505184));
#4061 = CARTESIAN_POINT('',(134.03509305452,10.497620146632,
    24.875711399661));
#4062 = CARTESIAN_POINT('',(134.09195115055,10.518172457866,
    24.867022014911));
#4063 = CARTESIAN_POINT('',(134.14918858147,10.537270917391,
    24.858927740482));
#4064 = CARTESIAN_POINT('',(134.31745850925,10.58878173293,
    24.83705007776));
#4065 = CARTESIAN_POINT('',(134.42943460096,10.617233680102,
    24.824902301178));
#4066 = CARTESIAN_POINT('',(134.5424614289,10.640130581655,
    24.815086959217));
#4067 = CARTESIAN_POINT('',(134.65629137049,10.657374330003,
    24.807674801793));
#4068 = CARTESIAN_POINT('',(134.77066874741,10.668895734232,
    24.802715559815));
#4069 = CARTESIAN_POINT('',(134.88532935641,10.674657558114,
    24.800235604062));
#4070 = CARTESIAN_POINT('',(135.17574405253,10.674657558114,
    24.800235604062));
#4071 = CARTESIAN_POINT('',(135.35100720172,10.661123461983,
    24.806059967106));
#4072 = CARTESIAN_POINT('',(135.52501750277,10.634190358248,
    24.817653821975));
#4073 = CARTESIAN_POINT('',(135.69700653975,10.594090711746,
    24.834859023371));
#4074 = CARTESIAN_POINT('',(135.86620967266,10.54116206916,
    24.857422484407));
#4075 = CARTESIAN_POINT('',(136.03186628446,10.47585476454,
    24.885004509097));
#4076 = CARTESIAN_POINT('',(136.35819596409,10.319893345483,
    24.950092200584));
#4077 = CARTESIAN_POINT('',(136.51869185708,10.228694513568,
    24.987810583237));
#4078 = CARTESIAN_POINT('',(136.6740346053,10.125686005189,
    25.029925036425));
#4079 = CARTESIAN_POINT('',(136.82363109949,10.011435681213,
    25.075978699208));
#4080 = CARTESIAN_POINT('',(136.96694208932,9.886500173379,
    25.125505729659));
#4081 = CARTESIAN_POINT('',(137.10345771493,9.751390304525,
    25.178054143168));
#4082 = CARTESIAN_POINT('',(137.32358409236,9.504628776727,
    25.271998785527));
#4083 = CARTESIAN_POINT('',(137.41087218447,9.397907059993,
    25.312079058349));
#4084 = CARTESIAN_POINT('',(137.49436429438,9.286524515357,
    25.353294077002));
#4085 = CARTESIAN_POINT('',(137.57386947661,9.170633620385,
    25.395495550803));
#4086 = CARTESIAN_POINT('',(137.64918087692,9.050389530954,
    25.438535182141));
#4087 = CARTESIAN_POINT('',(137.72007608324,8.925951804607,
    25.482265363291));
#4088 = CARTESIAN_POINT('',(137.8137223468,8.744338309354,
    25.544856776477));
#4089 = CARTESIAN_POINT('',(137.84033007112,8.690502334255,
    25.563266432875));
#4090 = CARTESIAN_POINT('',(137.86612340507,8.63599057358,
    25.581758235075));
#4091 = CARTESIAN_POINT('',(137.89108452113,8.580816313636,
    25.600321432237));
#4092 = CARTESIAN_POINT('',(137.91519500885,8.52499375208,
    25.618945130024));
#4093 = CARTESIAN_POINT('',(137.93843587487,8.468537997913,
    25.637618290607));
#4094 = CARTESIAN_POINT('',(137.99415063511,8.326275487198,
    25.684259261952));
#4095 = CARTESIAN_POINT('',(138.02553244403,8.239711531498,
    25.712273894518));
#4096 = CARTESIAN_POINT('',(138.05486838618,8.151826650346,
    25.740336576472));
#4097 = CARTESIAN_POINT('',(138.0820906155,8.062681443692,
    25.768408913764));
#4098 = CARTESIAN_POINT('',(138.10712935933,7.972344563895,
    25.796451359935));
#4099 = CARTESIAN_POINT('',(138.12991425437,7.880893614157,
    25.824423403865));
#4100 = CARTESIAN_POINT('',(138.20455280861,7.543556853888,
    25.926051525448));
#4101 = CARTESIAN_POINT('',(138.24250281254,7.29122056342,
    25.999120626698));
#4102 = CARTESIAN_POINT('',(138.26278638295,7.03337307089,
    26.070609606876));
#4103 = CARTESIAN_POINT('',(138.26418242232,6.772365144818,
    26.139655872327));
#4104 = CARTESIAN_POINT('',(138.24584625528,6.510949880503,
    26.205469053618));
#4105 = CARTESIAN_POINT('',(138.20750658123,6.252309101185,
    26.267386580942));
#4106 = CARTESIAN_POINT('',(138.15,6.,26.324893162176));
#4107 = PCURVE('',#2242,#4108);
#4108 = DEFINITIONAL_REPRESENTATION('',(#4109),#4268);
#4109 = B_SPLINE_CURVE_WITH_KNOTS('',7,(#4110,#4111,#4112,#4113,#4114,
    #4115,#4116,#4117,#4118,#4119,#4120,#4121,#4122,#4123,#4124,#4125,
    #4126,#4127,#4128,#4129,#4130,#4131,#4132,#4133,#4134,#4135,#4136,
    #4137,#4138,#4139,#4140,#4141,#4142,#4143,#4144,#4145,#4146,#4147,
    #4148,#4149,#4150,#4151,#4152,#4153,#4154,#4155,#4156,#4157,#4158,
    #4159,#4160,#4161,#4162,#4163,#4164,#4165,#4166,#4167,#4168,#4169,
    #4170,#4171,#4172,#4173,#4174,#4175,#4176,#4177,#4178,#4179,#4180,
    #4181,#4182,#4183,#4184,#4185,#4186,#4187,#4188,#4189,#4190,#4191,
    #4192,#4193,#4194,#4195,#4196,#4197,#4198,#4199,#4200,#4201,#4202,
    #4203,#4204,#4205,#4206,#4207,#4208,#4209,#4210,#4211,#4212,#4213,
    #4214,#4215,#4216,#4217,#4218,#4219,#4220,#4221,#4222,#4223,#4224,
    #4225,#4226,#4227,#4228,#4229,#4230,#4231,#4232,#4233,#4234,#4235,
    #4236,#4237,#4238,#4239,#4240,#4241,#4242,#4243,#4244,#4245,#4246,
    #4247,#4248,#4249,#4250,#4251,#4252,#4253,#4254,#4255,#4256,#4257,
    #4258,#4259,#4260,#4261,#4262,#4263,#4264,#4265,#4266,#4267),
  .UNSPECIFIED.,.F.,.F.,(8,6,6,6,6,6,6,6,6,6,6,6,6,6,6,6,6,6,6,6,6,6,6,6
    ,6,6,8),(0.,5.164882828657E-02,8.285873111167E-02,0.119131323209,
    0.144623562646,0.202248744794,0.272958347674,0.298248718291,
    0.334379438146,0.365265693473,0.382670987078,0.419455448655,
    0.450342198463,0.465068478404,0.490356878897,0.518000408225,
    0.536529099326,0.581339237871,0.645687937097,0.666969111273,
    0.707874374348,0.770565717816,0.834664404521,0.879760428399,
    0.898417201956,0.926265130613,1.),.UNSPECIFIED.);
#4110 = CARTESIAN_POINT('',(-7.629888541673,-139.15));
#4111 = CARTESIAN_POINT('',(-7.636629836088,-139.1095522335));
#4112 = CARTESIAN_POINT('',(-7.643243913889,-139.0595991424));
#4113 = CARTESIAN_POINT('',(-7.649686741467,-139.0004018807));
#4114 = CARTESIAN_POINT('',(-7.655921960262,-138.9324096049));
#4115 = CARTESIAN_POINT('',(-7.661919682321,-138.8562017584));
#4116 = CARTESIAN_POINT('',(-7.667655703265,-138.7724483917));
#4117 = CARTESIAN_POINT('',(-7.676407691863,-138.6271657891));
#4118 = CARTESIAN_POINT('',(-7.679602455529,-138.5699466015));
#4119 = CARTESIAN_POINT('',(-7.682691781991,-138.510382445));
#4120 = CARTESIAN_POINT('',(-7.685672928317,-138.4486253447));
#4121 = CARTESIAN_POINT('',(-7.688543919734,-138.3848250512));
#4122 = CARTESIAN_POINT('',(-7.691303419063,-138.3191262299));
#4123 = CARTESIAN_POINT('',(-7.697027182943,-138.173262008));
#4124 = CARTESIAN_POINT('',(-7.699951993031,-138.0924802286));
#4125 = CARTESIAN_POINT('',(-7.702723865528,-138.0095326974));
#4126 = CARTESIAN_POINT('',(-7.705342388945,-137.9246210624));
#4127 = CARTESIAN_POINT('',(-7.707807739998,-137.8379341436));
#4128 = CARTESIAN_POINT('',(-7.710120522409,-137.749645841));
#4129 = CARTESIAN_POINT('',(-7.713800406826,-137.5968491753));
#4130 = CARTESIAN_POINT('',(-7.715244258036,-137.5330728091));
#4131 = CARTESIAN_POINT('',(-7.716613455802,-137.4686389163));
#4132 = CARTESIAN_POINT('',(-7.717908332048,-137.4035998616));
#4133 = CARTESIAN_POINT('',(-7.719129242191,-137.3380053161));
#4134 = CARTESIAN_POINT('',(-7.720276553177,-137.2719021697));
#4135 = CARTESIAN_POINT('',(-7.723778584496,-137.0548581657));
#4136 = CARTESIAN_POINT('',(-7.725832120457,-136.9020208678));
#4137 = CARTESIAN_POINT('',(-7.72751583488,-136.7473159511));
#4138 = CARTESIAN_POINT('',(-7.728833363778,-136.591202818));
#4139 = CARTESIAN_POINT('',(-7.729787610738,-136.4341084784));
#4140 = CARTESIAN_POINT('',(-7.730380551387,-136.2764277392));
#4141 = CARTESIAN_POINT('',(-7.730897371793,-135.9247620057));
#4142 = CARTESIAN_POINT('',(-7.730638612539,-135.7307692531));
#4143 = CARTESIAN_POINT('',(-7.729838235829,-135.5371664581));
#4144 = CARTESIAN_POINT('',(-7.728493720097,-135.3446498064));
#4145 = CARTESIAN_POINT('',(-7.726600275981,-135.1539844757));
#4146 = CARTESIAN_POINT('',(-7.724151544177,-134.9660052006));
#4147 = CARTESIAN_POINT('',(-7.72006129903,-134.7156743368));
#4148 = CARTESIAN_POINT('',(-7.71891167049,-134.6501899311));
#4149 = CARTESIAN_POINT('',(-7.717689581416,-134.5852119829));
#4150 = CARTESIAN_POINT('',(-7.716394677892,-134.5207864907));
#4151 = CARTESIAN_POINT('',(-7.715026624125,-134.4569621098));
#4152 = CARTESIAN_POINT('',(-7.713585102441,-134.3937901524));
#4153 = CARTESIAN_POINT('',(-7.709905017501,-134.2420840672));
#4154 = CARTESIAN_POINT('',(-7.707589719398,-134.1542871688));
#4155 = CARTESIAN_POINT('',(-7.705123072553,-134.0680895908));
#4156 = CARTESIAN_POINT('',(-7.702504498703,-133.9836638022));
#4157 = CARTESIAN_POINT('',(-7.699733847214,-133.9011969607));
#4158 = CARTESIAN_POINT('',(-7.696811554546,-133.8208888289));
#4159 = CARTESIAN_POINT('',(-7.691112070385,-133.6763236164));
#4160 = CARTESIAN_POINT('',(-7.688375429563,-133.6114298182));
#4161 = CARTESIAN_POINT('',(-7.685529707771,-133.5484010874));
#4162 = CARTESIAN_POINT('',(-7.682576221566,-133.487377713));
#4163 = CARTESIAN_POINT('',(-7.67951690162,-133.4285048061));
#4164 = CARTESIAN_POINT('',(-7.676354416794,-133.3719296232));
#4165 = CARTESIAN_POINT('',(-7.671254000531,-133.2872946634));
#4166 = CARTESIAN_POINT('',(-7.669384067078,-133.2575665933));
#4167 = CARTESIAN_POINT('',(-7.667483132109,-133.2286412949));
#4168 = CARTESIAN_POINT('',(-7.665551920632,-133.2005448127));
#4169 = CARTESIAN_POINT('',(-7.663591248407,-133.1733026202));
#4170 = CARTESIAN_POINT('',(-7.661602021952,-133.1469396201));
#4171 = CARTESIAN_POINT('',(-7.655322955247,-133.0676739204));
#4172 = CARTESIAN_POINT('',(-7.650937178716,-133.0178976115));
#4173 = CARTESIAN_POINT('',(-7.646437971895,-132.9723868267));
#4174 = CARTESIAN_POINT('',(-7.641836672446,-132.931346456));
#4175 = CARTESIAN_POINT('',(-7.637145963963,-132.894945091));
#4176 = CARTESIAN_POINT('',(-7.632379947202,-132.863309446));
#4177 = CARTESIAN_POINT('',(-7.623502193375,-132.814023502));
#4178 = CARTESIAN_POINT('',(-7.61940763981,-132.7949416957));
#4179 = CARTESIAN_POINT('',(-7.615279647776,-132.7793202148));
#4180 = CARTESIAN_POINT('',(-7.611127194208,-132.767178074));
#4181 = CARTESIAN_POINT('',(-7.606959111131,-132.7585092865));
#4182 = CARTESIAN_POINT('',(-7.602784060991,-132.7532857019));
#4183 = CARTESIAN_POINT('',(-7.596620634401,-132.7505893063));
#4184 = CARTESIAN_POINT('',(-7.594631052063,-132.7504911697));
#4185 = CARTESIAN_POINT('',(-7.592642651935,-132.751160169));
#4186 = CARTESIAN_POINT('',(-7.590656290224,-132.7525902546));
#4187 = CARTESIAN_POINT('',(-7.588672792381,-132.7547745924));
#4188 = CARTESIAN_POINT('',(-7.586692953099,-132.7577055642));
#4189 = CARTESIAN_POINT('',(-7.581325292582,-132.76767563));
#4190 = CARTESIAN_POINT('',(-7.577946082752,-132.7761536532));
#4191 = CARTESIAN_POINT('',(-7.574583763361,-132.7867669108));
#4192 = CARTESIAN_POINT('',(-7.571241868791,-132.7994684807));
#4193 = CARTESIAN_POINT('',(-7.567923629049,-132.8142079497));
#4194 = CARTESIAN_POINT('',(-7.564631987544,-132.8309329194));
#4195 = CARTESIAN_POINT('',(-7.557803423204,-132.8699857003));
#4196 = CARTESIAN_POINT('',(-7.554272220129,-132.8926901626));
#4197 = CARTESIAN_POINT('',(-7.550779445855,-132.9176349217));
#4198 = CARTESIAN_POINT('',(-7.547328190194,-132.9447502619));
#4199 = CARTESIAN_POINT('',(-7.543921226671,-132.9739670466));
#4200 = CARTESIAN_POINT('',(-7.540561042646,-133.0052180356));
#4201 = CARTESIAN_POINT('',(-7.535030481866,-133.0607064296));
#4202 = CARTESIAN_POINT('',(-7.53283312468,-133.0838587174));
#4203 = CARTESIAN_POINT('',(-7.530658468361,-133.1078766316));
#4204 = CARTESIAN_POINT('',(-7.528507151517,-133.1327413139));
#4205 = CARTESIAN_POINT('',(-7.52637978088,-133.1584344825));
#4206 = CARTESIAN_POINT('',(-7.524276931311,-133.1849384323));
#4207 = CARTESIAN_POINT('',(-7.517174189841,-133.278253073));
#4208 = CARTESIAN_POINT('',(-7.512296111141,-133.3489084603));
#4209 = CARTESIAN_POINT('',(-7.507572231401,-133.4239657701));
#4210 = CARTESIAN_POINT('',(-7.503009727198,-133.5032036827));
#4211 = CARTESIAN_POINT('',(-7.498615678547,-133.5864163564));
#4212 = CARTESIAN_POINT('',(-7.494397117468,-133.6734138003));
#4213 = CARTESIAN_POINT('',(-7.484565201083,-133.8941386842));
#4214 = CARTESIAN_POINT('',(-7.479146516382,-134.0316837349));
#4215 = CARTESIAN_POINT('',(-7.474125709583,-134.1761415395));
#4216 = CARTESIAN_POINT('',(-7.469526871478,-134.3269897221));
#4217 = CARTESIAN_POINT('',(-7.465376077055,-134.4836756623));
#4218 = CARTESIAN_POINT('',(-7.46169977802,-134.64559103));
#4219 = CARTESIAN_POINT('',(-7.457472396938,-134.8670935121));
#4220 = CARTESIAN_POINT('',(-7.456476478149,-134.9226357838));
#4221 = CARTESIAN_POINT('',(-7.455536170127,-134.9786448881));
#4222 = CARTESIAN_POINT('',(-7.45465236893,-135.0350930545));
#4223 = CARTESIAN_POINT('',(-7.453825934707,-135.0919511505));
#4224 = CARTESIAN_POINT('',(-7.453057678899,-135.1491885814));
#4225 = CARTESIAN_POINT('',(-7.450984929241,-135.3174585092));
#4226 = CARTESIAN_POINT('',(-7.449839126043,-135.4294346009));
#4227 = CARTESIAN_POINT('',(-7.448916459702,-135.5424614289));
#4228 = CARTESIAN_POINT('',(-7.448221300221,-135.6562913704));
#4229 = CARTESIAN_POINT('',(-7.447756729585,-135.7706687474));
#4230 = CARTESIAN_POINT('',(-7.447524401571,-135.8853293564));
#4231 = CARTESIAN_POINT('',(-7.447524401571,-136.1757440525));
#4232 = CARTESIAN_POINT('',(-7.448070107789,-136.3510072017));
#4233 = CARTESIAN_POINT('',(-7.449156130181,-136.5250175027));
#4234 = CARTESIAN_POINT('',(-7.450772235043,-136.6970065397));
#4235 = CARTESIAN_POINT('',(-7.452903234607,-136.8662096726));
#4236 = CARTESIAN_POINT('',(-7.455528876628,-137.0318662844));
#4237 = CARTESIAN_POINT('',(-7.461788067052,-137.358195964));
#4238 = CARTESIAN_POINT('',(-7.465443268712,-137.518691857));
#4239 = CARTESIAN_POINT('',(-7.469564883582,-137.6740346053));
#4240 = CARTESIAN_POINT('',(-7.474127109192,-137.8236310994));
#4241 = CARTESIAN_POINT('',(-7.479104518277,-137.9669420893));
#4242 = CARTESIAN_POINT('',(-7.484473603069,-138.1034577149));
#4243 = CARTESIAN_POINT('',(-7.494252843099,-138.3235840923));
#4244 = CARTESIAN_POINT('',(-7.498475015057,-138.4108721844));
#4245 = CARTESIAN_POINT('',(-7.502873574587,-138.4943642943));
#4246 = CARTESIAN_POINT('',(-7.507441442426,-138.5738694766));
#4247 = CARTESIAN_POINT('',(-7.512171494835,-138.6491808769));
#4248 = CARTESIAN_POINT('',(-7.517056515508,-138.7200760832));
#4249 = CARTESIAN_POINT('',(-7.524171208535,-138.8137223468));
#4250 = CARTESIAN_POINT('',(-7.526278485422,-138.8403300711));
#4251 = CARTESIAN_POINT('',(-7.528410431587,-138.866123405));
#4252 = CARTESIAN_POINT('',(-7.53056646841,-138.8910845211));
#4253 = CARTESIAN_POINT('',(-7.532745985204,-138.9151950088));
#4254 = CARTESIAN_POINT('',(-7.534948339215,-138.9384358748));
#4255 = CARTESIAN_POINT('',(-7.540493267589,-138.9941506351));
#4256 = CARTESIAN_POINT('',(-7.543863031012,-139.025532444));
#4257 = CARTESIAN_POINT('',(-7.547279896956,-139.0548683861));
#4258 = CARTESIAN_POINT('',(-7.550741357714,-139.0820906155));
#4259 = CARTESIAN_POINT('',(-7.55424461624,-139.1071293593));
#4260 = CARTESIAN_POINT('',(-7.55778655558,-139.1299142543));
#4261 = CARTESIAN_POINT('',(-7.570835180739,-139.2045528086));
#4262 = CARTESIAN_POINT('',(-7.580564346375,-139.2425028125));
#4263 = CARTESIAN_POINT('',(-7.590473461904,-139.2627863829));
#4264 = CARTESIAN_POINT('',(-7.600471667568,-139.2641824223));
#4265 = CARTESIAN_POINT('',(-7.610454733937,-139.2458462552));
#4266 = CARTESIAN_POINT('',(-7.620304111467,-139.2075065812));
#4267 = CARTESIAN_POINT('',(-7.629888541673,-139.15));
#4268 = ( GEOMETRIC_REPRESENTATION_CONTEXT(2) 
PARAMETRIC_REPRESENTATION_CONTEXT() REPRESENTATION_CONTEXT('2D SPACE',''
  ) );
#4269 = PCURVE('',#4270,#4275);
#4270 = CONICAL_SURFACE('',#4271,5.15,0.785398163397);
#4271 = AXIS2_PLACEMENT_3D('',#4272,#4273,#4274);
#4272 = CARTESIAN_POINT('',(135.,6.,24.324893162176));
#4273 = DIRECTION('',(-0.,-0.,-1.));
#4274 = DIRECTION('',(1.,0.,0.));
#4275 = DEFINITIONAL_REPRESENTATION('',(#4276),#4435);
#4276 = B_SPLINE_CURVE_WITH_KNOTS('',7,(#4277,#4278,#4279,#4280,#4281,
    #4282,#4283,#4284,#4285,#4286,#4287,#4288,#4289,#4290,#4291,#4292,
    #4293,#4294,#4295,#4296,#4297,#4298,#4299,#4300,#4301,#4302,#4303,
    #4304,#4305,#4306,#4307,#4308,#4309,#4310,#4311,#4312,#4313,#4314,
    #4315,#4316,#4317,#4318,#4319,#4320,#4321,#4322,#4323,#4324,#4325,
    #4326,#4327,#4328,#4329,#4330,#4331,#4332,#4333,#4334,#4335,#4336,
    #4337,#4338,#4339,#4340,#4341,#4342,#4343,#4344,#4345,#4346,#4347,
    #4348,#4349,#4350,#4351,#4352,#4353,#4354,#4355,#4356,#4357,#4358,
    #4359,#4360,#4361,#4362,#4363,#4364,#4365,#4366,#4367,#4368,#4369,
    #4370,#4371,#4372,#4373,#4374,#4375,#4376,#4377,#4378,#4379,#4380,
    #4381,#4382,#4383,#4384,#4385,#4386,#4387,#4388,#4389,#4390,#4391,
    #4392,#4393,#4394,#4395,#4396,#4397,#4398,#4399,#4400,#4401,#4402,
    #4403,#4404,#4405,#4406,#4407,#4408,#4409,#4410,#4411,#4412,#4413,
    #4414,#4415,#4416,#4417,#4418,#4419,#4420,#4421,#4422,#4423,#4424,
    #4425,#4426,#4427,#4428,#4429,#4430,#4431,#4432,#4433,#4434),
  .UNSPECIFIED.,.F.,.F.,(8,6,6,6,6,6,6,6,6,6,6,6,6,6,6,6,6,6,6,6,6,6,6,6
    ,6,6,8),(0.,5.164882828657E-02,8.285873111167E-02,0.119131323209,
    0.144623562646,0.202248744794,0.272958347674,0.298248718291,
    0.334379438146,0.365265693473,0.382670987078,0.419455448655,
    0.450342198463,0.465068478404,0.490356878897,0.518000408225,
    0.536529099326,0.581339237871,0.645687937097,0.666969111273,
    0.707874374348,0.770565717816,0.834664404521,0.879760428399,
    0.898417201956,0.926265130613,1.),.UNSPECIFIED.);
#4277 = CARTESIAN_POINT('',(-6.28318530718,-2.));
#4278 = CARTESIAN_POINT('',(-6.226847575352,-2.040447766492));
#4279 = CARTESIAN_POINT('',(-6.169784086733,-2.078736515099));
#4280 = CARTESIAN_POINT('',(-6.112204731419,-2.114693819677));
#4281 = CARTESIAN_POINT('',(-6.054297887039,-2.148246146723));
#4282 = CARTESIAN_POINT('',(-5.996236368753,-2.179390461825));
#4283 = CARTESIAN_POINT('',(-5.938180767723,-2.208172064437));
#4284 = CARTESIAN_POINT('',(-5.845292515456,-2.25067977687));
#4285 = CARTESIAN_POINT('',(-5.810354439836,-2.265859722447));
#4286 = CARTESIAN_POINT('',(-5.775492559623,-2.280228072275));
#4287 = CARTESIAN_POINT('',(-5.740728753509,-2.293809085996));
#4288 = CARTESIAN_POINT('',(-5.706080407729,-2.306630228381));
#4289 = CARTESIAN_POINT('',(-5.671560653356,-2.318720699366));
#4290 = CARTESIAN_POINT('',(-5.597219297287,-2.343346729229));
#4291 = CARTESIAN_POINT('',(-5.557446765041,-2.355636102452));
#4292 = CARTESIAN_POINT('',(-5.517873648702,-2.367025298735));
#4293 = CARTESIAN_POINT('',(-5.478507232058,-2.377561335861));
#4294 = CARTESIAN_POINT('',(-5.439349588526,-2.387289951396));
#4295 = CARTESIAN_POINT('',(-5.40039772883,-2.396254519655));
#4296 = CARTESIAN_POINT('',(-5.334407599201,-2.410286324822));
#4297 = CARTESIAN_POINT('',(-5.307269589818,-2.415719953189));
#4298 = CARTESIAN_POINT('',(-5.280227127989,-2.420809745671));
#4299 = CARTESIAN_POINT('',(-5.253277014398,-2.425568700261));
#4300 = CARTESIAN_POINT('',(-5.226415417239,-2.43000889156));
#4301 = CARTESIAN_POINT('',(-5.199637846474,-2.434141441278));
#4302 = CARTESIAN_POINT('',(-5.112586701516,-2.44664560976));
#4303 = CARTESIAN_POINT('',(-5.052642351072,-2.453793797674));
#4304 = CARTESIAN_POINT('',(-4.993039935874,-2.459539553329));
#4305 = CARTESIAN_POINT('',(-4.933712217911,-2.463972377527));
#4306 = CARTESIAN_POINT('',(-4.874588051891,-2.467155681225));
#4307 = CARTESIAN_POINT('',(-4.815589139819,-2.469127420708));
#4308 = CARTESIAN_POINT('',(-4.684275421923,-2.47084456707));
#4309 = CARTESIAN_POINT('',(-4.612018278751,-2.469982316176));
#4310 = CARTESIAN_POINT('',(-4.539673561482,-2.467335331869));
#4311 = CARTESIAN_POINT('',(-4.467089834877,-2.462862961391));
#4312 = CARTESIAN_POINT('',(-4.394133422796,-2.456467560933));
#4313 = CARTESIAN_POINT('',(-4.320678998763,-2.447993756005));
#4314 = CARTESIAN_POINT('',(-4.220108494234,-2.433366158333));
#4315 = CARTESIAN_POINT('',(-4.193535775565,-2.429218579829));
#4316 = CARTESIAN_POINT('',(-4.166879820777,-2.424766901135));
#4317 = CARTESIAN_POINT('',(-4.140136303091,-2.420000180598));
#4318 = CARTESIAN_POINT('',(-4.113301524259,-2.414906571892));
#4319 = CARTESIAN_POINT('',(-4.086372414568,-2.409473324018));
#4320 = CARTESIAN_POINT('',(-4.020736400293,-2.395419921286));
#4321 = CARTESIAN_POINT('',(-3.981929547876,-2.38643215747));
#4322 = CARTESIAN_POINT('',(-3.942918380027,-2.376683873071));
#4323 = CARTESIAN_POINT('',(-3.903700169307,-2.366132087704));
#4324 = CARTESIAN_POINT('',(-3.864277206039,-2.354731537314));
#4325 = CARTESIAN_POINT('',(-3.824656947945,-2.342435754118));
#4326 = CARTESIAN_POINT('',(-3.750825154931,-2.317882010873));
#4327 = CARTESIAN_POINT('',(-3.716663851539,-2.305877799883));
#4328 = CARTESIAN_POINT('',(-3.682377261143,-2.293156995837));
#4329 = CARTESIAN_POINT('',(-3.647978245122,-2.279691374523));
#4330 = CARTESIAN_POINT('',(-3.613483750666,-2.26545440531));
#4331 = CARTESIAN_POINT('',(-3.578915036734,-2.25042265121));
#4332 = CARTESIAN_POINT('',(-3.52479014738,-2.225647783739));
#4333 = CARTESIAN_POINT('',(-3.505267033604,-2.216460056275));
#4334 = CARTESIAN_POINT('',(-3.485733262011,-2.207010538335));
#4335 = CARTESIAN_POINT('',(-3.466193934555,-2.197296392233));
#4336 = CARTESIAN_POINT('',(-3.446654551819,-2.187315390807));
#4337 = CARTESIAN_POINT('',(-3.427121013008,-2.177065917419));
#4338 = CARTESIAN_POINT('',(-3.366342967482,-2.144316144998));
#4339 = CARTESIAN_POINT('',(-3.325136480512,-2.120879724258));
#4340 = CARTESIAN_POINT('',(-3.284045688559,-2.096232331756));
#4341 = CARTESIAN_POINT('',(-3.243136430299,-2.070380729654));
#4342 = CARTESIAN_POINT('',(-3.202475532384,-2.043347243186));
#4343 = CARTESIAN_POINT('',(-3.162131492248,-2.01517318959));
#4344 = CARTESIAN_POINT('',(-3.088625092342,-1.961361265417));
#4345 = CARTESIAN_POINT('',(-3.055344823976,-1.936038423665));
#4346 = CARTESIAN_POINT('',(-3.022375351953,-1.909990462579));
#4347 = CARTESIAN_POINT('',(-2.989752000131,-1.883260070395));
#4348 = CARTESIAN_POINT('',(-2.957505214293,-1.855895711732));
#4349 = CARTESIAN_POINT('',(-2.925661356332,-1.827951396554));
#4350 = CARTESIAN_POINT('',(-2.879263995143,-1.78591484361));
#4351 = CARTESIAN_POINT('',(-2.864380992474,-1.77222455835));
#4352 = CARTESIAN_POINT('',(-2.849596730524,-1.758421820192));
#4353 = CARTESIAN_POINT('',(-2.834913161302,-1.744512938878));
#4354 = CARTESIAN_POINT('',(-2.820331948734,-1.730504307049));
#4355 = CARTESIAN_POINT('',(-2.805854468662,-1.716402400248));
#4356 = CARTESIAN_POINT('',(-2.766800655211,-1.677848656153));
#4357 = CARTESIAN_POINT('',(-2.742428589987,-1.653227731359));
#4358 = CARTESIAN_POINT('',(-2.718371138759,-1.62838400147));
#4359 = CARTESIAN_POINT('',(-2.69463127597,-1.603350484617));
#4360 = CARTESIAN_POINT('',(-2.671209756071,-1.578159977522));
#4361 = CARTESIAN_POINT('',(-2.648105444682,-1.552844814899));
#4362 = CARTESIAN_POINT('',(-2.600403423086,-1.499662158236));
#4363 = CARTESIAN_POINT('',(-2.575867115909,-1.471776632496));
#4364 = CARTESIAN_POINT('',(-2.551702741873,-1.443820962889));
#4365 = CARTESIAN_POINT('',(-2.527904344996,-1.41583529242));
#4366 = CARTESIAN_POINT('',(-2.5044642574,-1.387858810668));
#4367 = CARTESIAN_POINT('',(-2.481373357065,-1.35992956861));
#4368 = CARTESIAN_POINT('',(-2.44337126983,-1.313420377716));
#4369 = CARTESIAN_POINT('',(-2.42827352699,-1.294794268211));
#4370 = CARTESIAN_POINT('',(-2.413324982597,-1.276217063244));
#4371 = CARTESIAN_POINT('',(-2.398522391436,-1.257699718562));
#4372 = CARTESIAN_POINT('',(-2.383862377536,-1.239253047354));
#4373 = CARTESIAN_POINT('',(-2.369341434173,-1.220887720244));
#4374 = CARTESIAN_POINT('',(-2.320165732464,-1.158421394722));
#4375 = CARTESIAN_POINT('',(-2.2861696002,-1.114768253172));
#4376 = CARTESIAN_POINT('',(-2.252913391235,-1.071800209041));
#4377 = CARTESIAN_POINT('',(-2.220344414629,-1.029663973126));
#4378 = CARTESIAN_POINT('',(-2.188410565305,-0.988506912366));
#4379 = CARTESIAN_POINT('',(-2.157059465021,-0.948476363577));
#4380 = CARTESIAN_POINT('',(-2.081976488079,-0.854062138023));
#4381 = CARTESIAN_POINT('',(-2.038812859242,-0.801038484727));
#4382 = CARTESIAN_POINT('',(-1.996587628264,-0.751081267376));
#4383 = CARTESIAN_POINT('',(-1.955162718793,-0.704653732817));
#4384 = CARTESIAN_POINT('',(-1.914409329431,-0.66223350367));
#4385 = CARTESIAN_POINT('',(-1.874203256998,-0.624288790319));
#4386 = CARTESIAN_POINT('',(-1.82127271004,-0.580318745393));
#4387 = CARTESIAN_POINT('',(-1.808165895447,-0.569927860163));
#4388 = CARTESIAN_POINT('',(-1.795102918593,-0.560089343007));
#4389 = CARTESIAN_POINT('',(-1.78207997411,-0.550818237485));
#4390 = CARTESIAN_POINT('',(-1.769093382856,-0.542128852735));
#4391 = CARTESIAN_POINT('',(-1.756139605535,-0.534034578306));
#4392 = CARTESIAN_POINT('',(-1.718372928543,-0.512156915584));
#4393 = CARTESIAN_POINT('',(-1.693637503849,-0.500009139002));
#4394 = CARTESIAN_POINT('',(-1.668987720951,-0.490193797041));
#4395 = CARTESIAN_POINT('',(-1.644401057511,-0.482781639617));
#4396 = CARTESIAN_POINT('',(-1.619854714996,-0.477822397639));
#4397 = CARTESIAN_POINT('',(-1.595326603539,-0.475342441886));
#4398 = CARTESIAN_POINT('',(-1.533201262269,-0.475342441886));
#4399 = CARTESIAN_POINT('',(-1.4957086629,-0.481166804929));
#4400 = CARTESIAN_POINT('',(-1.458201321647,-0.492760659799));
#4401 = CARTESIAN_POINT('',(-1.420566131792,-0.509965861195));
#4402 = CARTESIAN_POINT('',(-1.382698028633,-0.532529322231));
#4403 = CARTESIAN_POINT('',(-1.344503931174,-0.560111346921));
#4404 = CARTESIAN_POINT('',(-1.266442975922,-0.625199038407));
#4405 = CARTESIAN_POINT('',(-1.226553562944,-0.66291742106));
#4406 = CARTESIAN_POINT('',(-1.186123966065,-0.705031874249));
#4407 = CARTESIAN_POINT('',(-1.145032954171,-0.751085537032));
#4408 = CARTESIAN_POINT('',(-1.103154779885,-0.800612567483));
#4409 = CARTESIAN_POINT('',(-1.060354679178,-0.853160980992));
#4410 = CARTESIAN_POINT('',(-0.985608355396,-0.947105623351));
#4411 = CARTESIAN_POINT('',(-0.954208977021,-0.987185896172));
#4412 = CARTESIAN_POINT('',(-0.922225681006,-1.028400914825));
#4413 = CARTESIAN_POINT('',(-0.889605783762,-1.070602388627));
#4414 = CARTESIAN_POINT('',(-0.856296863947,-1.113642019965));
#4415 = CARTESIAN_POINT('',(-0.822245889884,-1.157372201115));
#4416 = CARTESIAN_POINT('',(-0.772981494662,-1.2199636143));
#4417 = CARTESIAN_POINT('',(-0.758428639033,-1.238373270698));
#4418 = CARTESIAN_POINT('',(-0.74373611161,-1.256865072899));
#4419 = CARTESIAN_POINT('',(-0.728900375261,-1.275428270061));
#4420 = CARTESIAN_POINT('',(-0.713918024223,-1.294051967848));
#4421 = CARTESIAN_POINT('',(-0.698785784096,-1.312725128431));
#4422 = CARTESIAN_POINT('',(-0.660685035754,-1.359366099776));
#4423 = CARTESIAN_POINT('',(-0.637528766396,-1.387380732341));
#4424 = CARTESIAN_POINT('',(-0.614021275091,-1.415443414295));
#4425 = CARTESIAN_POINT('',(-0.590153341459,-1.443515751588));
#4426 = CARTESIAN_POINT('',(-0.565917214638,-1.471558197759));
#4427 = CARTESIAN_POINT('',(-0.541306874506,-1.499530241689));
#4428 = CARTESIAN_POINT('',(-0.450154312656,-1.601158363272));
#4429 = CARTESIAN_POINT('',(-0.381262987305,-1.674227464521));
#4430 = CARTESIAN_POINT('',(-0.309660203455,-1.745716444702));
#4431 = CARTESIAN_POINT('',(-0.235435461503,-1.814762710149));
#4432 = CARTESIAN_POINT('',(-0.158794258782,-1.880575891444));
#4433 = CARTESIAN_POINT('',(-8.009812736047E-02,-1.942493418766));
#4434 = CARTESIAN_POINT('',(0.,-2.));
#4435 = ( GEOMETRIC_REPRESENTATION_CONTEXT(2) 
PARAMETRIC_REPRESENTATION_CONTEXT() REPRESENTATION_CONTEXT('2D SPACE',''
  ) );
#4436 = FACE_BOUND('',#4437,.T.);
#4437 = EDGE_LOOP('',(#4438));
#4438 = ORIENTED_EDGE('',*,*,#4439,.T.);
#4439 = EDGE_CURVE('',#4440,#4440,#4442,.T.);
#4440 = VERTEX_POINT('',#4441);
#4441 = CARTESIAN_POINT('',(117.1,19.091883092037,19.091883092037));
#4442 = SURFACE_CURVE('',#4443,(#4502,#4564),.PCURVE_S1.);
#4443 = B_SPLINE_CURVE_WITH_KNOTS('',8,(#4444,#4445,#4446,#4447,#4448,
    #4449,#4450,#4451,#4452,#4453,#4454,#4455,#4456,#4457,#4458,#4459,
    #4460,#4461,#4462,#4463,#4464,#4465,#4466,#4467,#4468,#4469,#4470,
    #4471,#4472,#4473,#4474,#4475,#4476,#4477,#4478,#4479,#4480,#4481,
    #4482,#4483,#4484,#4485,#4486,#4487,#4488,#4489,#4490,#4491,#4492,
    #4493,#4494,#4495,#4496,#4497,#4498,#4499,#4500,#4501),
  .UNSPECIFIED.,.T.,.F.,(9,7,7,7,7,7,7,7,9),(0.,0.137279017744,
    0.279829337154,0.449927588709,0.595996808003,0.690456085874,
    0.794375684878,0.899144684558,1.),.UNSPECIFIED.);
#4444 = CARTESIAN_POINT('',(117.1,19.091883092037,19.091883092037));
#4445 = CARTESIAN_POINT('',(117.1,19.264353840361,18.919412343713));
#4446 = CARTESIAN_POINT('',(117.06762353506,19.431145361849,
    18.749059526769));
#4447 = CARTESIAN_POINT('',(117.00543026759,19.588933632062,
    18.58443063008));
#4448 = CARTESIAN_POINT('',(116.91675252626,19.735052558391,
    18.428862712409));
#4449 = CARTESIAN_POINT('',(116.80566188676,19.86750477209,
    18.285293385211));
#4450 = CARTESIAN_POINT('',(116.67692535579,19.984967338314,
    18.156051992386));
#4451 = CARTESIAN_POINT('',(116.53595500694,20.0868196994,18.04263210461
    ));
#4452 = CARTESIAN_POINT('',(116.23590257195,20.262940316337,
    17.844648254716));
#4453 = CARTESIAN_POINT('',(116.07283594416,20.338051696819,
    17.759052241072));
#4454 = CARTESIAN_POINT('',(115.90237618245,20.399368001502,
    17.688438702454));
#4455 = CARTESIAN_POINT('',(115.72665346692,20.447617737471,
    17.632448111538));
#4456 = CARTESIAN_POINT('',(115.54731608578,20.483390680426,
    17.590727816383));
#4457 = CARTESIAN_POINT('',(115.36568912492,20.507103827807,
    17.563001606522));
#4458 = CARTESIAN_POINT('',(115.18290149233,20.518972680064,
    17.549124199081));
#4459 = CARTESIAN_POINT('',(114.78175268788,20.518972680064,
    17.549124199081));
#4460 = CARTESIAN_POINT('',(114.56280139967,20.50207261224,
    17.568884037752));
#4461 = CARTESIAN_POINT('',(114.34536390034,20.468083938306,
    17.608625570693));
#4462 = CARTESIAN_POINT('',(114.13176021921,20.416502104193,
    17.668719425234));
#4463 = CARTESIAN_POINT('',(113.92470176934,20.346547346976,
    17.749638400841));
#4464 = CARTESIAN_POINT('',(113.72752055251,20.257156749305,
    17.851907229983));
#4465 = CARTESIAN_POINT('',(113.54455664881,20.147042562945,
    17.975967827355));
#4466 = CARTESIAN_POINT('',(113.24226238657,19.901483786571,
    18.247178231394));
#4467 = CARTESIAN_POINT('',(113.11256863435,19.767733395818,
    18.393098802065));
#4468 = CARTESIAN_POINT('',(113.00387646423,19.615110767152,
    18.556981816793));
#4469 = CARTESIAN_POINT('',(112.92446730068,19.446691146942,
    18.73427170994));
#4470 = CARTESIAN_POINT('',(112.87985301222,19.267021658922,
    18.919053081333));
#4471 = CARTESIAN_POINT('',(112.87266757984,19.081747276072,
    19.105057557381));
#4472 = CARTESIAN_POINT('',(112.90254646068,18.897088237745,
    19.286293251208));
#4473 = CARTESIAN_POINT('',(113.00699323116,18.603877074248,
    19.568374708087));
#4474 = CARTESIAN_POINT('',(113.06235200729,18.490616264454,
    19.675836861579));
#4475 = CARTESIAN_POINT('',(113.13166094919,18.380395894253,
    19.778994348756));
#4476 = CARTESIAN_POINT('',(113.21434681072,18.274356713632,
    19.87694591366));
#4477 = CARTESIAN_POINT('',(113.30965889208,18.173614389324,
    19.968875763746));
#4478 = CARTESIAN_POINT('',(113.41667837306,18.079237128393,
    20.054055241351));
#4479 = CARTESIAN_POINT('',(113.53433192786,17.992214088686,
    20.131848496324));
#4480 = CARTESIAN_POINT('',(113.80121444817,17.82672310524,
    20.278593836727));
#4481 = CARTESIAN_POINT('',(113.95243157461,17.749982018533,
    20.345882985658));
#4482 = CARTESIAN_POINT('',(114.11346278258,17.684345802616,
    20.40288156489));
#4483 = CARTESIAN_POINT('',(114.28254072275,17.630792940617,
    20.449036332148));
#4484 = CARTESIAN_POINT('',(114.45776337736,17.59009306008,
    20.483933813629));
#4485 = CARTESIAN_POINT('',(114.63712912501,17.562779057434,
    20.507293987238));
#4486 = CARTESIAN_POINT('',(114.81857240767,17.549124199081,
    20.518972680064));
#4487 = CARTESIAN_POINT('',(115.18291051489,17.549124199081,
    20.518972680064));
#4488 = CARTESIAN_POINT('',(115.36569770615,17.563002948355,
    20.507102678287));
#4489 = CARTESIAN_POINT('',(115.54732036709,17.590729447828,
    20.483389288313));
#4490 = CARTESIAN_POINT('',(115.72665360108,17.632448753019,
    20.447617170452));
#4491 = CARTESIAN_POINT('',(115.90237448748,17.688438140444,
    20.399368470705));
#4492 = CARTESIAN_POINT('',(116.07283483785,17.759051473861,
    20.338052382967));
#4493 = CARTESIAN_POINT('',(116.23590278124,17.844648392814,
    20.262940193489));
#4494 = CARTESIAN_POINT('',(116.53589720576,18.042593965611,
    20.086853626733));
#4495 = CARTESIAN_POINT('',(116.67688763246,18.156011054615,
    19.985004506486));
#4496 = CARTESIAN_POINT('',(116.80566927798,18.285281571715,
    19.867516558336));
#4497 = CARTESIAN_POINT('',(116.9167949864,18.428898276488,
    19.735021094058));
#4498 = CARTESIAN_POINT('',(117.00548011963,18.584511529927,
    19.588858224704));
#4499 = CARTESIAN_POINT('',(117.06765307992,18.749161315588,
    19.431046820409));
#4500 = CARTESIAN_POINT('',(117.1,18.919491042621,19.264275141452));
#4501 = CARTESIAN_POINT('',(117.1,19.091883092037,19.091883092037));
#4502 = PCURVE('',#2242,#4503);
#4503 = DEFINITIONAL_REPRESENTATION('',(#4504),#4563);
#4504 = B_SPLINE_CURVE_WITH_KNOTS('',8,(#4505,#4506,#4507,#4508,#4509,
    #4510,#4511,#4512,#4513,#4514,#4515,#4516,#4517,#4518,#4519,#4520,
    #4521,#4522,#4523,#4524,#4525,#4526,#4527,#4528,#4529,#4530,#4531,
    #4532,#4533,#4534,#4535,#4536,#4537,#4538,#4539,#4540,#4541,#4542,
    #4543,#4544,#4545,#4546,#4547,#4548,#4549,#4550,#4551,#4552,#4553,
    #4554,#4555,#4556,#4557,#4558,#4559,#4560,#4561,#4562),
  .UNSPECIFIED.,.T.,.F.,(9,7,7,7,7,7,7,7,9),(0.,0.137279017744,
    0.279829337154,0.449927588709,0.595996808003,0.690456085874,
    0.794375684878,0.899144684558,1.),.UNSPECIFIED.);
#4505 = CARTESIAN_POINT('',(-7.068583470577,-118.1));
#4506 = CARTESIAN_POINT('',(-7.059549749414,-118.1));
#4507 = CARTESIAN_POINT('',(-7.050720227543,-118.067623535));
#4508 = CARTESIAN_POINT('',(-7.042275282687,-118.0054302675));
#4509 = CARTESIAN_POINT('',(-7.034371193395,-117.9167525262));
#4510 = CARTESIAN_POINT('',(-7.027137005166,-117.8056618867));
#4511 = CARTESIAN_POINT('',(-7.020668873281,-117.6769253557));
#4512 = CARTESIAN_POINT('',(-7.015023008338,-117.5359550069));
#4513 = CARTESIAN_POINT('',(-7.005208817125,-117.2359025719));
#4514 = CARTESIAN_POINT('',(-7.000991177886,-117.0728359441));
#4515 = CARTESIAN_POINT('',(-6.997527538311,-116.9023761824));
#4516 = CARTESIAN_POINT('',(-6.994790075067,-116.7266534669));
#4517 = CARTESIAN_POINT('',(-6.992754627976,-116.5473160857));
#4518 = CARTESIAN_POINT('',(-6.9914033817,-116.3656891249));
#4519 = CARTESIAN_POINT('',(-6.990727060632,-116.1829014923));
#4520 = CARTESIAN_POINT('',(-6.990727060632,-115.7817526878));
#4521 = CARTESIAN_POINT('',(-6.991690068827,-115.5628013996));
#4522 = CARTESIAN_POINT('',(-6.993626868577,-115.3453639003));
#4523 = CARTESIAN_POINT('',(-6.996560036667,-115.1317602192));
#4524 = CARTESIAN_POINT('',(-7.000521656201,-114.9247017693));
#4525 = CARTESIAN_POINT('',(-7.005552191021,-114.7275205525));
#4526 = CARTESIAN_POINT('',(-7.011695593437,-114.5445566488));
#4527 = CARTESIAN_POINT('',(-7.025245997028,-114.2422623865));
#4528 = CARTESIAN_POINT('',(-7.032577133077,-114.1125686343));
#4529 = CARTESIAN_POINT('',(-7.040870948617,-114.0038764642));
#4530 = CARTESIAN_POINT('',(-7.049926816001,-113.9244673006));
#4531 = CARTESIAN_POINT('',(-7.05947104195,-113.8798530122));
#4532 = CARTESIAN_POINT('',(-7.069193500529,-113.8726675798));
#4533 = CARTESIAN_POINT('',(-7.078775909432,-113.9025464606));
#4534 = CARTESIAN_POINT('',(-7.093845147655,-114.0069932311));
#4535 = CARTESIAN_POINT('',(-7.09962754827,-114.0623520072));
#4536 = CARTESIAN_POINT('',(-7.105218578704,-114.1316609491));
#4537 = CARTESIAN_POINT('',(-7.110564905619,-114.2143468107));
#4538 = CARTESIAN_POINT('',(-7.115615939104,-114.309658892));
#4539 = CARTESIAN_POINT('',(-7.120324450064,-114.416678373));
#4540 = CARTESIAN_POINT('',(-7.124647575038,-114.5343319278));
#4541 = CARTESIAN_POINT('',(-7.132839499575,-114.8012144481));
#4542 = CARTESIAN_POINT('',(-7.136619581086,-114.9524315746));
#4543 = CARTESIAN_POINT('',(-7.139839189468,-115.1134627825));
#4544 = CARTESIAN_POINT('',(-7.142457602472,-115.2825407227));
#4545 = CARTESIAN_POINT('',(-7.144443252642,-115.4577633773));
#4546 = CARTESIAN_POINT('',(-7.145774402375,-115.637129125));
#4547 = CARTESIAN_POINT('',(-7.146439880522,-115.8185724076));
#4548 = CARTESIAN_POINT('',(-7.146439880522,-116.1829105148));
#4549 = CARTESIAN_POINT('',(-7.145763494017,-116.3656977061));
#4550 = CARTESIAN_POINT('',(-7.144412233742,-116.547320367));
#4551 = CARTESIAN_POINT('',(-7.142376834378,-116.726653601));
#4552 = CARTESIAN_POINT('',(-7.139639429959,-116.9023744874));
#4553 = CARTESIAN_POINT('',(-7.136175801383,-117.0728348378));
#4554 = CARTESIAN_POINT('',(-7.131958117183,-117.2359027812));
#4555 = CARTESIAN_POINT('',(-7.122145823392,-117.5358972057));
#4556 = CARTESIAN_POINT('',(-7.116500115717,-117.6768876324));
#4557 = CARTESIAN_POINT('',(-7.110030553109,-117.8056692779));
#4558 = CARTESIAN_POINT('',(-7.102793989699,-117.9167949864));
#4559 = CARTESIAN_POINT('',(-7.09488756326,-118.0054801196));
#4560 = CARTESIAN_POINT('',(-7.086441467161,-118.0676530799));
#4561 = CARTESIAN_POINT('',(-7.077613069626,-118.1));
#4562 = CARTESIAN_POINT('',(-7.068583470577,-118.1));
#4563 = ( GEOMETRIC_REPRESENTATION_CONTEXT(2) 
PARAMETRIC_REPRESENTATION_CONTEXT() REPRESENTATION_CONTEXT('2D SPACE',''
  ) );
#4564 = PCURVE('',#4565,#4570);
#4565 = CYLINDRICAL_SURFACE('',#4566,2.1);
#4566 = AXIS2_PLACEMENT_3D('',#4567,#4568,#4569);
#4567 = CARTESIAN_POINT('',(115.,18.738329701444,18.738329701444));
#4568 = DIRECTION('',(-0.,-0.707106781187,-0.707106781187));
#4569 = DIRECTION('',(1.,0.,-0.));
#4570 = DEFINITIONAL_REPRESENTATION('',(#4571),#4630);
#4571 = B_SPLINE_CURVE_WITH_KNOTS('',8,(#4572,#4573,#4574,#4575,#4576,
    #4577,#4578,#4579,#4580,#4581,#4582,#4583,#4584,#4585,#4586,#4587,
    #4588,#4589,#4590,#4591,#4592,#4593,#4594,#4595,#4596,#4597,#4598,
    #4599,#4600,#4601,#4602,#4603,#4604,#4605,#4606,#4607,#4608,#4609,
    #4610,#4611,#4612,#4613,#4614,#4615,#4616,#4617,#4618,#4619,#4620,
    #4621,#4622,#4623,#4624,#4625,#4626,#4627,#4628,#4629),
  .UNSPECIFIED.,.F.,.F.,(9,7,7,7,7,7,7,7,9),(0.,0.137279017744,
    0.279829337154,0.449927588709,0.595996808003,0.690456085874,
    0.794375684878,0.899144684558,1.),.UNSPECIFIED.);
#4572 = CARTESIAN_POINT('',(0.,-0.5));
#4573 = CARTESIAN_POINT('',(-0.11614784352,-0.5));
#4574 = CARTESIAN_POINT('',(-0.229670173476,-0.497481783833));
#4575 = CARTESIAN_POINT('',(-0.340621488851,-0.492644730465));
#4576 = CARTESIAN_POINT('',(-0.448914346696,-0.485963284611));
#4577 = CARTESIAN_POINT('',(-0.554331536509,-0.478102298269));
#4578 = CARTESIAN_POINT('',(-0.656493602572,-0.469773410105));
#4579 = CARTESIAN_POINT('',(-0.754783480781,-0.461593933541));
#4580 = CARTESIAN_POINT('',(-0.9452647544,-0.446134293259));
#4581 = CARTESIAN_POINT('',(-1.039297123897,-0.438720538051));
#4582 = CARTESIAN_POINT('',(-1.130953862066,-0.43214640089));
#4583 = CARTESIAN_POINT('',(-1.220749268063,-0.426672789864));
#4584 = CARTESIAN_POINT('',(-1.309162547986,-0.422467376793));
#4585 = CARTESIAN_POINT('',(-1.396658765924,-0.4196297131));
#4586 = CARTESIAN_POINT('',(-1.483700378064,-0.41820945011));
#4587 = CARTESIAN_POINT('',(-1.67472361828,-0.41820945011));
#4588 = CARTESIAN_POINT('',(-1.778985558294,-0.420231613469));
#4589 = CARTESIAN_POINT('',(-1.88423993264,-0.424299499083));
#4590 = CARTESIAN_POINT('',(-1.991130416395,-0.43031840645));
#4591 = CARTESIAN_POINT('',(-2.100347505929,-0.438071279624));
#4592 = CARTESIAN_POINT('',(-2.212653065046,-0.447177564427));
#4593 = CARTESIAN_POINT('',(-2.328945461469,-0.457039166227));
#4594 = CARTESIAN_POINT('',(-2.554775758107,-0.475177606097));
#4595 = CARTESIAN_POINT('',(-2.666701894908,-0.483783222845));
#4596 = CARTESIAN_POINT('',(-2.783538998221,-0.491745518188));
#4597 = CARTESIAN_POINT('',(-2.903589962119,-0.498017748333));
#4598 = CARTESIAN_POINT('',(-3.025629321677,-0.501632395731));
#4599 = CARTESIAN_POINT('',(-3.148595514629,-0.502148649581));
#4600 = CARTESIAN_POINT('',(-3.271466640931,-0.499727979472));
#4601 = CARTESIAN_POINT('',(-3.471460930754,-0.49185808845));
#4602 = CARTESIAN_POINT('',(-3.550003038004,-0.487757819257));
#4603 = CARTESIAN_POINT('',(-3.628540101782,-0.482763606776));
#4604 = CARTESIAN_POINT('',(-3.707076056827,-0.477044798858));
#4605 = CARTESIAN_POINT('',(-3.785615646469,-0.470813438577));
#4606 = CARTESIAN_POINT('',(-3.864159312897,-0.464309623615));
#4607 = CARTESIAN_POINT('',(-3.942702389687,-0.45778318024));
#4608 = CARTESIAN_POINT('',(-4.107640391242,-0.444528008928));
#4609 = CARTESIAN_POINT('',(-4.194036941758,-0.437844479631));
#4610 = CARTESIAN_POINT('',(-4.2804256898,-0.431736748157));
#4611 = CARTESIAN_POINT('',(-4.366810571287,-0.426505505199));
#4612 = CARTESIAN_POINT('',(-4.453198190184,-0.422402589478));
#4613 = CARTESIAN_POINT('',(-4.539593485113,-0.419606810155));
#4614 = CARTESIAN_POINT('',(-4.625994888803,-0.41820945011));
#4615 = CARTESIAN_POINT('',(-4.799489225574,-0.41820945011));
#4616 = CARTESIAN_POINT('',(-4.886530615876,-0.419629849087));
#4617 = CARTESIAN_POINT('',(-4.974024955076,-0.422467546027));
#4618 = CARTESIAN_POINT('',(-5.062436280395,-0.426672842518));
#4619 = CARTESIAN_POINT('',(-5.152230598891,-0.432146335265));
#4620 = CARTESIAN_POINT('',(-5.243887470307,-0.438720480731));
#4621 = CARTESIAN_POINT('',(-5.337920685645,-0.446134304042));
#4622 = CARTESIAN_POINT('',(-5.528365132673,-0.461590955443));
#4623 = CARTESIAN_POINT('',(-5.626660847439,-0.469770744596));
#4624 = CARTESIAN_POINT('',(-5.728849657451,-0.478102279));
#4625 = CARTESIAN_POINT('',(-5.834299582105,-0.48596618357));
#4626 = CARTESIAN_POINT('',(-5.942619682658,-0.492648614242));
#4627 = CARTESIAN_POINT('',(-6.053582597574,-0.497484080077));
#4628 = CARTESIAN_POINT('',(-6.167090462261,-0.5));
#4629 = CARTESIAN_POINT('',(-6.28318530718,-0.5));
#4630 = ( GEOMETRIC_REPRESENTATION_CONTEXT(2) 
PARAMETRIC_REPRESENTATION_CONTEXT() REPRESENTATION_CONTEXT('2D SPACE',''
  ) );
#4631 = FACE_BOUND('',#4632,.T.);
#4632 = EDGE_LOOP('',(#4633,#4780,#4806));
#4633 = ORIENTED_EDGE('',*,*,#4634,.T.);
#4634 = EDGE_CURVE('',#4635,#4637,#4639,.T.);
#4635 = VERTEX_POINT('',#4636);
#4636 = CARTESIAN_POINT('',(43.15,10.,-25.07987240796));
#4637 = VERTEX_POINT('',#4638);
#4638 = CARTESIAN_POINT('',(36.770274883733,14.011405697926,
    -23.07987240796));
#4639 = SURFACE_CURVE('',#4640,(#4673,#4724),.PCURVE_S1.);
#4640 = B_SPLINE_CURVE_WITH_KNOTS('',7,(#4641,#4642,#4643,#4644,#4645,
    #4646,#4647,#4648,#4649,#4650,#4651,#4652,#4653,#4654,#4655,#4656,
    #4657,#4658,#4659,#4660,#4661,#4662,#4663,#4664,#4665,#4666,#4667,
    #4668,#4669,#4670,#4671,#4672),.UNSPECIFIED.,.F.,.F.,(8,6,6,6,6,8),(
    0.,1.,1.794818992966,2.075212865587,2.410954932875,2.987734612036),
  .UNSPECIFIED.);
#4641 = CARTESIAN_POINT('',(43.15,10.,-25.07987240796));
#4642 = CARTESIAN_POINT('',(42.912747919946,9.404974810371,
    -25.31712448802));
#4643 = CARTESIAN_POINT('',(42.580880723699,8.853658430456,
    -25.5178619952));
#4644 = CARTESIAN_POINT('',(42.156687499009,8.383427883801,
    -25.67297085224));
#4645 = CARTESIAN_POINT('',(41.658788359169,8.020397907608,
    -25.78393376369));
#4646 = CARTESIAN_POINT('',(41.115094392476,7.77846536395,
    -25.85560021584));
#4647 = CARTESIAN_POINT('',(40.553356967415,7.660579823765,
    -25.89045223173));
#4648 = CARTESIAN_POINT('',(39.560181372409,7.660579823765,
    -25.89045223173));
#4649 = CARTESIAN_POINT('',(39.121842270488,7.735006413452,
    -25.86843827947));
#4650 = CARTESIAN_POINT('',(38.693430657556,7.883035426356,
    -25.82461828047));
#4651 = CARTESIAN_POINT('',(38.285796912682,8.104369808522,
    -25.75769505892));
#4652 = CARTESIAN_POINT('',(37.910961578753,8.39561207483,
    -25.66568868136));
#4653 = CARTESIAN_POINT('',(37.580057751192,8.749444415288,
    -25.54666286112));
#4654 = CARTESIAN_POINT('',(37.201984164756,9.296482043586,
    -25.3495249543));
#4655 = CARTESIAN_POINT('',(37.109945180188,9.445204907222,
    -25.29487305303));
#4656 = CARTESIAN_POINT('',(37.02485701366,9.599280443595,
    -25.23706544729));
#4657 = CARTESIAN_POINT('',(36.946973441738,9.757950402108,
    -25.17622222059));
#4658 = CARTESIAN_POINT('',(36.876421475757,9.920433051028,
    -25.11249971112));
#4659 = CARTESIAN_POINT('',(36.81321465915,10.085939317315,
    -25.04609168073));
#4660 = CARTESIAN_POINT('',(36.690269831669,10.454540740071,
    -24.89477295117));
#4661 = CARTESIAN_POINT('',(36.633667843632,10.658642047262,
    -24.808783098));
#4662 = CARTESIAN_POINT('',(36.587286308772,10.864719795727,
    -24.71962102846));
#4663 = CARTESIAN_POINT('',(36.550722333769,11.071667007987,
    -24.6276573398));
#4664 = CARTESIAN_POINT('',(36.523443047452,11.278558675576,
    -24.53325277949));
#4665 = CARTESIAN_POINT('',(36.504858715985,11.484658218374,
    -24.43673913189));
#4666 = CARTESIAN_POINT('',(36.47634619212,12.041157295048,
    -24.16946002734));
#4667 = CARTESIAN_POINT('',(36.482224137052,12.388683535451,
    -23.99524883167));
#4668 = CARTESIAN_POINT('',(36.508868580875,12.729725066385,
    -23.81695576053));
#4669 = CARTESIAN_POINT('',(36.553343269165,13.062901925305,
    -23.63562134521));
#4670 = CARTESIAN_POINT('',(36.613071891317,13.387546612021,
    -23.45205157498));
#4671 = CARTESIAN_POINT('',(36.685931258655,13.703575948708,
    -23.26675071587));
#4672 = CARTESIAN_POINT('',(36.770274883733,14.011405697926,
    -23.07987240796));
#4673 = PCURVE('',#2242,#4674);
#4674 = DEFINITIONAL_REPRESENTATION('',(#4675),#4723);
#4675 = B_SPLINE_CURVE_WITH_KNOTS('',3,(#4676,#4677,#4678,#4679,#4680,
    #4681,#4682,#4683,#4684,#4685,#4686,#4687,#4688,#4689,#4690,#4691,
    #4692,#4693,#4694,#4695,#4696,#4697,#4698,#4699,#4700,#4701,#4702,
    #4703,#4704,#4705,#4706,#4707,#4708,#4709,#4710,#4711,#4712,#4713,
    #4714,#4715,#4716,#4717,#4718,#4719,#4720,#4721,#4722),
  .UNSPECIFIED.,.F.,.F.,(4,1,1,1,1,1,1,1,1,1,1,1,1,1,1,1,1,1,1,1,1,1,1,1
    ,1,1,1,1,1,1,1,1,1,1,1,1,1,1,1,1,1,1,1,1,4),(0.,6.790305936445E-02,
    0.135806118729,0.203709178093,0.271612237458,0.339515296822,
    0.407418356187,0.475321415551,0.543224474916,0.61112753428,
    0.679030593645,0.746933653009,0.814836712373,0.882739771738,
    0.950642831102,1.018545890467,1.086448949831,1.154352009196,
    1.22225506856,1.290158127925,1.358061187289,1.425964246654,
    1.493867306018,1.561770365382,1.629673424747,1.697576484111,
    1.765479543476,1.83338260284,1.901285662205,1.969188721569,
    2.037091780934,2.104994840298,2.172897899662,2.240800959027,
    2.308704018391,2.376607077756,2.44451013712,2.512413196485,
    2.580316255849,2.648219315214,2.716122374578,2.784025433943,
    2.851928493307,2.919831552671,2.987734612036),
  .QUASI_UNIFORM_KNOTS.);
#4676 = CARTESIAN_POINT('',(-5.091796695512,-44.15));
#4677 = CARTESIAN_POINT('',(-5.088036926292,-44.11243134101));
#4678 = CARTESIAN_POINT('',(-5.080649592006,-44.03110345648));
#4679 = CARTESIAN_POINT('',(-5.070042261378,-43.8911190714));
#4680 = CARTESIAN_POINT('',(-5.059989053562,-43.7336254616));
#4681 = CARTESIAN_POINT('',(-5.050558542686,-43.55944128825));
#4682 = CARTESIAN_POINT('',(-5.041811890569,-43.36957033745));
#4683 = CARTESIAN_POINT('',(-5.033802002765,-43.16520684097));
#4684 = CARTESIAN_POINT('',(-5.026574088326,-42.94769935308));
#4685 = CARTESIAN_POINT('',(-5.020165827077,-42.71852634351));
#4686 = CARTESIAN_POINT('',(-5.014607627882,-42.47926998625));
#4687 = CARTESIAN_POINT('',(-5.009922852739,-42.23159121757));
#4688 = CARTESIAN_POINT('',(-5.006128035962,-41.9772094428));
#4689 = CARTESIAN_POINT('',(-5.003233116885,-41.71787245257));
#4690 = CARTESIAN_POINT('',(-5.001241590091,-41.45537307832));
#4691 = CARTESIAN_POINT('',(-5.000150940616,-41.19140306032));
#4692 = CARTESIAN_POINT('',(-4.999951985558,-40.92802785713));
#4693 = CARTESIAN_POINT('',(-5.000632387673,-40.66558479035));
#4694 = CARTESIAN_POINT('',(-5.002189667966,-40.40502978574));
#4695 = CARTESIAN_POINT('',(-5.004619980472,-40.14769819893));
#4696 = CARTESIAN_POINT('',(-5.007918224648,-39.89491859219));
#4697 = CARTESIAN_POINT('',(-5.012076604754,-39.64809314997));
#4698 = CARTESIAN_POINT('',(-5.017083793738,-39.40865106669));
#4699 = CARTESIAN_POINT('',(-5.022924085182,-39.1780341301));
#4700 = CARTESIAN_POINT('',(-5.029576713637,-38.95767140444));
#4701 = CARTESIAN_POINT('',(-5.037015105342,-38.7489563033));
#4702 = CARTESIAN_POINT('',(-5.045206692808,-38.5532161196));
#4703 = CARTESIAN_POINT('',(-5.054110854095,-38.37170058307));
#4704 = CARTESIAN_POINT('',(-5.06368395162,-38.20549322736));
#4705 = CARTESIAN_POINT('',(-5.073832858666,-38.05610410089));
#4706 = CARTESIAN_POINT('',(-5.08447751542,-37.92424894376));
#4707 = CARTESIAN_POINT('',(-5.095532917694,-37.81033394469));
#4708 = CARTESIAN_POINT('',(-5.106911145102,-37.71442457775));
#4709 = CARTESIAN_POINT('',(-5.118529269211,-37.636234117));
#4710 = CARTESIAN_POINT('',(-5.130312331172,-37.57518995186));
#4711 = CARTESIAN_POINT('',(-5.142193695542,-37.53051216875));
#4712 = CARTESIAN_POINT('',(-5.154115953387,-37.50127644019));
#4713 = CARTESIAN_POINT('',(-5.166031043969,-37.48647507811));
#4714 = CARTESIAN_POINT('',(-5.177897142515,-37.48505998293));
#4715 = CARTESIAN_POINT('',(-5.189689953106,-37.49598897977));
#4716 = CARTESIAN_POINT('',(-5.201388008046,-37.5182698296));
#4717 = CARTESIAN_POINT('',(-5.212974824687,-37.55096105299));
#4718 = CARTESIAN_POINT('',(-5.224438019642,-37.5931795471));
#4719 = CARTESIAN_POINT('',(-5.235769415927,-37.64410817606));
#4720 = CARTESIAN_POINT('',(-5.24696436663,-37.70299107099));
#4721 = CARTESIAN_POINT('',(-5.254337028422,-37.74711203323));
#4722 = CARTESIAN_POINT('',(-5.25800053641,-37.77027488373));
#4723 = ( GEOMETRIC_REPRESENTATION_CONTEXT(2) 
PARAMETRIC_REPRESENTATION_CONTEXT() REPRESENTATION_CONTEXT('2D SPACE',''
  ) );
#4724 = PCURVE('',#4725,#4730);
#4725 = CONICAL_SURFACE('',#4726,5.15,0.785398163397);
#4726 = AXIS2_PLACEMENT_3D('',#4727,#4728,#4729);
#4727 = CARTESIAN_POINT('',(40.,10.,-23.07987240796));
#4728 = DIRECTION('',(-0.,-0.,1.));
#4729 = DIRECTION('',(1.,0.,0.));
#4730 = DEFINITIONAL_REPRESENTATION('',(#4731),#4779);
#4731 = B_SPLINE_CURVE_WITH_KNOTS('',3,(#4732,#4733,#4734,#4735,#4736,
    #4737,#4738,#4739,#4740,#4741,#4742,#4743,#4744,#4745,#4746,#4747,
    #4748,#4749,#4750,#4751,#4752,#4753,#4754,#4755,#4756,#4757,#4758,
    #4759,#4760,#4761,#4762,#4763,#4764,#4765,#4766,#4767,#4768,#4769,
    #4770,#4771,#4772,#4773,#4774,#4775,#4776,#4777,#4778),
  .UNSPECIFIED.,.F.,.F.,(4,1,1,1,1,1,1,1,1,1,1,1,1,1,1,1,1,1,1,1,1,1,1,1
    ,1,1,1,1,1,1,1,1,1,1,1,1,1,1,1,1,1,1,1,1,4),(0.,6.790305936445E-02,
    0.135806118729,0.203709178093,0.271612237458,0.339515296822,
    0.407418356187,0.475321415551,0.543224474916,0.61112753428,
    0.679030593645,0.746933653009,0.814836712373,0.882739771738,
    0.950642831102,1.018545890467,1.086448949831,1.154352009196,
    1.22225506856,1.290158127925,1.358061187289,1.425964246654,
    1.493867306018,1.561770365382,1.629673424747,1.697576484111,
    1.765479543476,1.83338260284,1.901285662205,1.969188721569,
    2.037091780934,2.104994840298,2.172897899662,2.240800959027,
    2.308704018391,2.376607077756,2.44451013712,2.512413196485,
    2.580316255849,2.648219315214,2.716122374578,2.784025433943,
    2.851928493307,2.919831552671,2.987734612036),
  .QUASI_UNIFORM_KNOTS.);
#4732 = CARTESIAN_POINT('',(0.,-2.));
#4733 = CARTESIAN_POINT('',(-2.992775616841E-02,-2.03760351312));
#4734 = CARTESIAN_POINT('',(-9.103490005093E-02,-2.110402685565));
#4735 = CARTESIAN_POINT('',(-0.186168848152,-2.212044300524));
#4736 = CARTESIAN_POINT('',(-0.284499518666,-2.305738824536));
#4737 = CARTESIAN_POINT('',(-0.385732367994,-2.391293587586));
#4738 = CARTESIAN_POINT('',(-0.489563434028,-2.468614797527));
#4739 = CARTESIAN_POINT('',(-0.595680195888,-2.53770497275));
#4740 = CARTESIAN_POINT('',(-0.703765023782,-2.598636672987));
#4741 = CARTESIAN_POINT('',(-0.813498210729,-2.651534859385));
#4742 = CARTESIAN_POINT('',(-0.924560962654,-2.696559412311));
#4743 = CARTESIAN_POINT('',(-1.03663830029,-2.733890196656));
#4744 = CARTESIAN_POINT('',(-1.149419871235,-2.763714305854));
#4745 = CARTESIAN_POINT('',(-1.26260478397,-2.786215574788));
#4746 = CARTESIAN_POINT('',(-1.375886269531,-2.801568006692));
#4747 = CARTESIAN_POINT('',(-1.489005758906,-2.809928914445));
#4748 = CARTESIAN_POINT('',(-1.601542344024,-2.811450224736));
#4749 = CARTESIAN_POINT('',(-1.713803176978,-2.806238621958));
#4750 = CARTESIAN_POINT('',(-1.825823818829,-2.794266236757));
#4751 = CARTESIAN_POINT('',(-1.937474500755,-2.775457182389));
#4752 = CARTESIAN_POINT('',(-2.048622205573,-2.749686353767));
#4753 = CARTESIAN_POINT('',(-2.159093291136,-2.716793807375));
#4754 = CARTESIAN_POINT('',(-2.268688958957,-2.676594470555));
#4755 = CARTESIAN_POINT('',(-2.377186075978,-2.628889806033));
#4756 = CARTESIAN_POINT('',(-2.484342040646,-2.573480014275));
#4757 = CARTESIAN_POINT('',(-2.589897583338,-2.510179255227));
#4758 = CARTESIAN_POINT('',(-2.693584056749,-2.4388277251));
#4759 = CARTESIAN_POINT('',(-2.795115280375,-2.359324349512));
#4760 = CARTESIAN_POINT('',(-2.894236615599,-2.271592351905));
#4761 = CARTESIAN_POINT('',(-2.990311994541,-2.176038183997));
#4762 = CARTESIAN_POINT('',(-3.083007335204,-2.073014142609));
#4763 = CARTESIAN_POINT('',(-3.172037531652,-1.962989237205));
#4764 = CARTESIAN_POINT('',(-3.257180754546,-1.846547099728));
#4765 = CARTESIAN_POINT('',(-3.338315315168,-1.724312303015));
#4766 = CARTESIAN_POINT('',(-3.415411989461,-1.596915544932));
#4767 = CARTESIAN_POINT('',(-3.488511901287,-1.464980718665));
#4768 = CARTESIAN_POINT('',(-3.557713869873,-1.329103890039));
#4769 = CARTESIAN_POINT('',(-3.623159894542,-1.189837976857));
#4770 = CARTESIAN_POINT('',(-3.685009487911,-1.047717265252));
#4771 = CARTESIAN_POINT('',(-3.743488873729,-0.903106519775));
#4772 = CARTESIAN_POINT('',(-3.798806672153,-0.756360765751));
#4773 = CARTESIAN_POINT('',(-3.851167491233,-0.607793759635));
#4774 = CARTESIAN_POINT('',(-3.900767970275,-0.457681564808));
#4775 = CARTESIAN_POINT('',(-3.947797454098,-0.306254957251));
#4776 = CARTESIAN_POINT('',(-3.992438645519,-0.15370304277));
#4777 = CARTESIAN_POINT('',(-4.020722499767,-5.133075244475E-02));
#4778 = CARTESIAN_POINT('',(-4.034524473249,0.));
#4779 = ( GEOMETRIC_REPRESENTATION_CONTEXT(2) 
PARAMETRIC_REPRESENTATION_CONTEXT() REPRESENTATION_CONTEXT('2D SPACE',''
  ) );
#4780 = ORIENTED_EDGE('',*,*,#4781,.F.);
#4781 = EDGE_CURVE('',#4782,#4637,#4784,.T.);
#4782 = VERTEX_POINT('',#4783);
#4783 = CARTESIAN_POINT('',(43.229725116267,14.011405697926,
    -23.07987240796));
#4784 = SURFACE_CURVE('',#4785,(#4789,#4795),.PCURVE_S1.);
#4785 = LINE('',#4786,#4787);
#4786 = CARTESIAN_POINT('',(-1.,14.011405697926,-23.07987240796));
#4787 = VECTOR('',#4788,1.);
#4788 = DIRECTION('',(-1.,-0.,-0.));
#4789 = PCURVE('',#2242,#4790);
#4790 = DEFINITIONAL_REPRESENTATION('',(#4791),#4794);
#4791 = B_SPLINE_CURVE_WITH_KNOTS('',1,(#4792,#4793),.UNSPECIFIED.,.F.,
  .F.,(2,2),(-47.18,-34.82),.PIECEWISE_BEZIER_KNOTS.);
#4792 = CARTESIAN_POINT('',(-5.25800053641,-47.18));
#4793 = CARTESIAN_POINT('',(-5.25800053641,-34.82));
#4794 = ( GEOMETRIC_REPRESENTATION_CONTEXT(2) 
PARAMETRIC_REPRESENTATION_CONTEXT() REPRESENTATION_CONTEXT('2D SPACE',''
  ) );
#4795 = PCURVE('',#4796,#4801);
#4796 = PLANE('',#4797);
#4797 = AXIS2_PLACEMENT_3D('',#4798,#4799,#4800);
#4798 = CARTESIAN_POINT('',(40.,10.,-23.07987240796));
#4799 = DIRECTION('',(0.,0.,-1.));
#4800 = DIRECTION('',(1.,0.,0.));
#4801 = DEFINITIONAL_REPRESENTATION('',(#4802),#4805);
#4802 = B_SPLINE_CURVE_WITH_KNOTS('',1,(#4803,#4804),.UNSPECIFIED.,.F.,
  .F.,(2,2),(-47.18,-34.82),.PIECEWISE_BEZIER_KNOTS.);
#4803 = CARTESIAN_POINT('',(6.18,-4.011405697926));
#4804 = CARTESIAN_POINT('',(-6.18,-4.011405697926));
#4805 = ( GEOMETRIC_REPRESENTATION_CONTEXT(2) 
PARAMETRIC_REPRESENTATION_CONTEXT() REPRESENTATION_CONTEXT('2D SPACE',''
  ) );
#4806 = ORIENTED_EDGE('',*,*,#4807,.F.);
#4807 = EDGE_CURVE('',#4635,#4782,#4808,.T.);
#4808 = SURFACE_CURVE('',#4809,(#4824,#4842),.PCURVE_S1.);
#4809 = B_SPLINE_CURVE_WITH_KNOTS('',7,(#4810,#4811,#4812,#4813,#4814,
    #4815,#4816,#4817,#4818,#4819,#4820,#4821,#4822,#4823),
  .UNSPECIFIED.,.F.,.F.,(8,6,8),(0.,0.471683097938,1.),.UNSPECIFIED.);
#4810 = CARTESIAN_POINT('',(43.15,10.,-25.07987240796));
#4811 = CARTESIAN_POINT('',(43.25744084444,10.269460266996,
    -24.97243156352));
#4812 = CARTESIAN_POINT('',(43.345058017318,10.546831217186,
    -24.85792196772));
#4813 = CARTESIAN_POINT('',(43.413044148051,10.828842912761,
    -24.73716297954));
#4814 = CARTESIAN_POINT('',(43.462428004415,11.112680859501,
    -24.61103576675));
#4815 = CARTESIAN_POINT('',(43.494601895056,11.396066995471,
    -24.48043723334));
#4816 = CARTESIAN_POINT('',(43.511121847536,11.677221202016,
    -24.34621877735));
#4817 = CARTESIAN_POINT('',(43.516259215484,12.265783305193,
    -24.05557785416));
#4818 = CARTESIAN_POINT('',(43.501289316247,12.572396923193,
    -23.89837160349));
#4819 = CARTESIAN_POINT('',(43.470807284517,12.873405261868,
    -23.7382740346));
#4820 = CARTESIAN_POINT('',(43.426801419766,13.168025397951,
    -23.57594792851));
#4821 = CARTESIAN_POINT('',(43.371019201877,13.455877695501,
    -23.41191214393));
#4822 = CARTESIAN_POINT('',(43.304932490289,13.736920613093,
    -23.24650772612));
#4823 = CARTESIAN_POINT('',(43.229725116267,14.011405697926,
    -23.07987240796));
#4824 = PCURVE('',#2242,#4825);
#4825 = DEFINITIONAL_REPRESENTATION('',(#4826),#4841);
#4826 = B_SPLINE_CURVE_WITH_KNOTS('',7,(#4827,#4828,#4829,#4830,#4831,
    #4832,#4833,#4834,#4835,#4836,#4837,#4838,#4839,#4840),
  .UNSPECIFIED.,.F.,.F.,(8,6,8),(0.,0.471683097938,1.),.UNSPECIFIED.);
#4827 = CARTESIAN_POINT('',(-5.091796695512,-44.15));
#4828 = CARTESIAN_POINT('',(-5.102540779956,-44.25744084444));
#4829 = CARTESIAN_POINT('',(-5.113653982132,-44.34505801731));
#4830 = CARTESIAN_POINT('',(-5.125014588933,-44.41304414805));
#4831 = CARTESIAN_POINT('',(-5.136516348023,-44.46242800441));
#4832 = CARTESIAN_POINT('',(-5.14807137112,-44.49460189505));
#4833 = CARTESIAN_POINT('',(-5.159609173252,-44.51112184753));
#4834 = CARTESIAN_POINT('',(-5.183920750863,-44.51625921548));
#4835 = CARTESIAN_POINT('',(-5.19668100125,-44.50128931624));
#4836 = CARTESIAN_POINT('',(-5.209305988534,-44.47080728451));
#4837 = CARTESIAN_POINT('',(-5.221762086117,-44.42680141976));
#4838 = CARTESIAN_POINT('',(-5.234030909595,-44.37101920187));
#4839 = CARTESIAN_POINT('',(-5.24610770269,-44.30493249028));
#4840 = CARTESIAN_POINT('',(-5.25800053641,-44.22972511626));
#4841 = ( GEOMETRIC_REPRESENTATION_CONTEXT(2) 
PARAMETRIC_REPRESENTATION_CONTEXT() REPRESENTATION_CONTEXT('2D SPACE',''
  ) );
#4842 = PCURVE('',#4725,#4843);
#4843 = DEFINITIONAL_REPRESENTATION('',(#4844),#4859);
#4844 = B_SPLINE_CURVE_WITH_KNOTS('',7,(#4845,#4846,#4847,#4848,#4849,
    #4850,#4851,#4852,#4853,#4854,#4855,#4856,#4857,#4858),
  .UNSPECIFIED.,.F.,.F.,(8,6,8),(0.,0.471683097938,1.),.UNSPECIFIED.);
#4845 = CARTESIAN_POINT('',(-6.28318530718,-2.));
#4846 = CARTESIAN_POINT('',(-6.197642365276,-1.89255915556));
#4847 = CARTESIAN_POINT('',(-6.116396249283,-1.778049559756));
#4848 = CARTESIAN_POINT('',(-6.0396523824,-1.657290571571));
#4849 = CARTESIAN_POINT('',(-5.967367350969,-1.531163358783));
#4850 = CARTESIAN_POINT('',(-5.899390742194,-1.400564825376));
#4851 = CARTESIAN_POINT('',(-5.835506401672,-1.26634636939));
#4852 = CARTESIAN_POINT('',(-5.708211582453,-0.975705446191));
#4853 = CARTESIAN_POINT('',(-5.645755843514,-0.81849919553));
#4854 = CARTESIAN_POINT('',(-5.587626135366,-0.658401626634));
#4855 = CARTESIAN_POINT('',(-5.533390824655,-0.496075520551));
#4856 = CARTESIAN_POINT('',(-5.482654181384,-0.332039735965));
#4857 = CARTESIAN_POINT('',(-5.435053135412,-0.166635318153));
#4858 = CARTESIAN_POINT('',(-5.390253487521,0.));
#4859 = ( GEOMETRIC_REPRESENTATION_CONTEXT(2) 
PARAMETRIC_REPRESENTATION_CONTEXT() REPRESENTATION_CONTEXT('2D SPACE',''
  ) );
#4860 = FACE_BOUND('',#4861,.T.);
#4861 = EDGE_LOOP('',(#4862));
#4862 = ORIENTED_EDGE('',*,*,#4863,.T.);
#4863 = EDGE_CURVE('',#4864,#4864,#4866,.T.);
#4864 = VERTEX_POINT('',#4865);
#4865 = CARTESIAN_POINT('',(37.1,19.091883092037,-19.09188309203));
#4866 = SURFACE_CURVE('',#4867,(#4926,#4988),.PCURVE_S1.);
#4867 = B_SPLINE_CURVE_WITH_KNOTS('',8,(#4868,#4869,#4870,#4871,#4872,
    #4873,#4874,#4875,#4876,#4877,#4878,#4879,#4880,#4881,#4882,#4883,
    #4884,#4885,#4886,#4887,#4888,#4889,#4890,#4891,#4892,#4893,#4894,
    #4895,#4896,#4897,#4898,#4899,#4900,#4901,#4902,#4903,#4904,#4905,
    #4906,#4907,#4908,#4909,#4910,#4911,#4912,#4913,#4914,#4915,#4916,
    #4917,#4918,#4919,#4920,#4921,#4922,#4923,#4924,#4925),
  .UNSPECIFIED.,.T.,.F.,(9,7,7,7,7,7,7,7,9),(0.,0.137279018235,
    0.279829338149,0.449927590306,0.595996807423,0.690456085443,
    0.79437568459,0.899144684414,1.),.UNSPECIFIED.);
#4868 = CARTESIAN_POINT('',(37.1,19.091883092037,-19.09188309203));
#4869 = CARTESIAN_POINT('',(37.1,18.919412343708,-19.26435384036));
#4870 = CARTESIAN_POINT('',(37.067623535063,18.749059526771,
    -19.43114536184));
#4871 = CARTESIAN_POINT('',(37.005430267601,18.584430630084,
    -19.58893363205));
#4872 = CARTESIAN_POINT('',(36.91675252627,18.428862712409,
    -19.73505255839));
#4873 = CARTESIAN_POINT('',(36.805661886763,18.285293385207,
    -19.86750477209));
#4874 = CARTESIAN_POINT('',(36.676925355792,18.156051992384,
    -19.98496733831));
#4875 = CARTESIAN_POINT('',(36.535955006946,18.042632104613,
    -20.08681969939));
#4876 = CARTESIAN_POINT('',(36.235902571953,17.844648254716,
    -20.26294031633));
#4877 = CARTESIAN_POINT('',(36.072835944163,17.759052241072,
    -20.33805169681));
#4878 = CARTESIAN_POINT('',(35.902376182457,17.688438702454,
    -20.3993680015));
#4879 = CARTESIAN_POINT('',(35.726653466922,17.632448111538,
    -20.44761773747));
#4880 = CARTESIAN_POINT('',(35.547316085789,17.590727816383,
    -20.48339068042));
#4881 = CARTESIAN_POINT('',(35.36568912492,17.563001606522,
    -20.5071038278));
#4882 = CARTESIAN_POINT('',(35.182901492334,17.549124199081,
    -20.51897268006));
#4883 = CARTESIAN_POINT('',(34.781752687881,17.549124199081,
    -20.51897268006));
#4884 = CARTESIAN_POINT('',(34.562801399679,17.568884037752,
    -20.50207261224));
#4885 = CARTESIAN_POINT('',(34.345363900347,17.608625570693,
    -20.4680839383));
#4886 = CARTESIAN_POINT('',(34.13176021921,17.668719425234,
    -20.41650210419));
#4887 = CARTESIAN_POINT('',(33.924701769343,17.749638400841,
    -20.34654734697));
#4888 = CARTESIAN_POINT('',(33.727520552514,17.851907229983,
    -20.2571567493));
#4889 = CARTESIAN_POINT('',(33.544556648818,17.975967827355,
    -20.14704256294));
#4890 = CARTESIAN_POINT('',(33.242262389147,18.247178229083,
    -19.90148378866));
#4891 = CARTESIAN_POINT('',(33.1125686255,18.393098808883,
    -19.76773338977));
#4892 = CARTESIAN_POINT('',(33.003876478756,18.55698181014,
    -19.61511077251));
#4893 = CARTESIAN_POINT('',(32.924467286392,18.734271707651,
    -19.44669115053));
#4894 = CARTESIAN_POINT('',(32.879853021529,18.919053091722,
    -19.26702164765));
#4895 = CARTESIAN_POINT('',(32.872667575733,19.10505754865,
    -19.08174728521));
#4896 = CARTESIAN_POINT('',(32.902546461718,19.286293254,-18.89708823484
    ));
#4897 = CARTESIAN_POINT('',(33.006993231169,19.568374708109,
    -18.60387707422));
#4898 = CARTESIAN_POINT('',(33.062352007295,19.675836861565,
    -18.49061626446));
#4899 = CARTESIAN_POINT('',(33.131660949177,19.778994348737,
    -18.38039589427));
#4900 = CARTESIAN_POINT('',(33.214346810714,19.876945913663,
    -18.27435671363));
#4901 = CARTESIAN_POINT('',(33.309658892107,19.968875763764,
    -18.1736143893));
#4902 = CARTESIAN_POINT('',(33.41667837309,20.054055241358,
    -18.07923712838));
#4903 = CARTESIAN_POINT('',(33.534331927835,20.131848496309,
    -17.9922140887));
#4904 = CARTESIAN_POINT('',(33.801214448177,20.278593836727,
    -17.82672310524));
#4905 = CARTESIAN_POINT('',(33.95243157462,20.345882985658,
    -17.74998201853));
#4906 = CARTESIAN_POINT('',(34.113462782587,20.40288156489,
    -17.68434580261));
#4907 = CARTESIAN_POINT('',(34.282540722758,20.449036332148,
    -17.63079294061));
#4908 = CARTESIAN_POINT('',(34.457763377367,20.483933813629,
    -17.59009306008));
#4909 = CARTESIAN_POINT('',(34.63712912501,20.507293987238,
    -17.56277905743));
#4910 = CARTESIAN_POINT('',(34.818572407679,20.518972680064,
    -17.54912419908));
#4911 = CARTESIAN_POINT('',(35.182910514898,20.518972680064,
    -17.54912419908));
#4912 = CARTESIAN_POINT('',(35.365697706159,20.507102678287,
    -17.56300294835));
#4913 = CARTESIAN_POINT('',(35.547320367093,20.483389288313,
    -17.59072944782));
#4914 = CARTESIAN_POINT('',(35.726653601088,20.447617170452,
    -17.63244875301));
#4915 = CARTESIAN_POINT('',(35.902374487488,20.399368470705,
    -17.68843814044));
#4916 = CARTESIAN_POINT('',(36.072834837855,20.338052382967,
    -17.75905147386));
#4917 = CARTESIAN_POINT('',(36.235902781246,20.262940193489,
    -17.84464839281));
#4918 = CARTESIAN_POINT('',(36.535897205771,20.086853626729,
    -18.04259396561));
#4919 = CARTESIAN_POINT('',(36.676887632466,19.985004506483,
    -18.15601105461));
#4920 = CARTESIAN_POINT('',(36.805669277982,19.86751655834,
    -18.28528157171));
#4921 = CARTESIAN_POINT('',(36.916794986404,19.735021094064,
    -18.42889827648));
#4922 = CARTESIAN_POINT('',(37.005480119631,19.588858224707,
    -18.58451152992));
#4923 = CARTESIAN_POINT('',(37.067653079928,19.431046820407,
    -18.74916131559));
#4924 = CARTESIAN_POINT('',(37.1,19.264275141445,-18.91949104262));
#4925 = CARTESIAN_POINT('',(37.1,19.091883092037,-19.09188309203));
#4926 = PCURVE('',#2242,#4927);
#4927 = DEFINITIONAL_REPRESENTATION('',(#4928),#4987);
#4928 = B_SPLINE_CURVE_WITH_KNOTS('',8,(#4929,#4930,#4931,#4932,#4933,
    #4934,#4935,#4936,#4937,#4938,#4939,#4940,#4941,#4942,#4943,#4944,
    #4945,#4946,#4947,#4948,#4949,#4950,#4951,#4952,#4953,#4954,#4955,
    #4956,#4957,#4958,#4959,#4960,#4961,#4962,#4963,#4964,#4965,#4966,
    #4967,#4968,#4969,#4970,#4971,#4972,#4973,#4974,#4975,#4976,#4977,
    #4978,#4979,#4980,#4981,#4982,#4983,#4984,#4985,#4986),
  .UNSPECIFIED.,.T.,.F.,(9,7,7,7,7,7,7,7,9),(0.,0.137279018235,
    0.279829338149,0.449927590306,0.595996807423,0.690456085443,
    0.79437568459,0.899144684414,1.),.UNSPECIFIED.);
#4929 = CARTESIAN_POINT('',(-5.497787143782,-38.1));
#4930 = CARTESIAN_POINT('',(-5.488753422619,-38.1));
#4931 = CARTESIAN_POINT('',(-5.479923900749,-38.06762353506));
#4932 = CARTESIAN_POINT('',(-5.471478955892,-38.0054302676));
#4933 = CARTESIAN_POINT('',(-5.4635748666,-37.91675252627));
#4934 = CARTESIAN_POINT('',(-5.456340678371,-37.80566188676));
#4935 = CARTESIAN_POINT('',(-5.449872546486,-37.67692535579));
#4936 = CARTESIAN_POINT('',(-5.444226681543,-37.53595500694));
#4937 = CARTESIAN_POINT('',(-5.43441249033,-37.23590257195));
#4938 = CARTESIAN_POINT('',(-5.430194851091,-37.07283594416));
#4939 = CARTESIAN_POINT('',(-5.426731211517,-36.90237618245));
#4940 = CARTESIAN_POINT('',(-5.423993748272,-36.72665346692));
#4941 = CARTESIAN_POINT('',(-5.421958301181,-36.54731608578));
#4942 = CARTESIAN_POINT('',(-5.420607054905,-36.36568912492));
#4943 = CARTESIAN_POINT('',(-5.419930733837,-36.18290149233));
#4944 = CARTESIAN_POINT('',(-5.419930733837,-35.78175268788));
#4945 = CARTESIAN_POINT('',(-5.420893742032,-35.56280139967));
#4946 = CARTESIAN_POINT('',(-5.422830541782,-35.34536390034));
#4947 = CARTESIAN_POINT('',(-5.425763709872,-35.13176021921));
#4948 = CARTESIAN_POINT('',(-5.429725329406,-34.92470176934));
#4949 = CARTESIAN_POINT('',(-5.434755864226,-34.72752055251));
#4950 = CARTESIAN_POINT('',(-5.440899266642,-34.54455664881));
#4951 = CARTESIAN_POINT('',(-5.454449670117,-34.24226238914));
#4952 = CARTESIAN_POINT('',(-5.461780806619,-34.1125686255));
#4953 = CARTESIAN_POINT('',(-5.470074621506,-34.00387647875));
#4954 = CARTESIAN_POINT('',(-5.479130489053,-33.92446728639));
#4955 = CARTESIAN_POINT('',(-5.488674715722,-33.87985302152));
#4956 = CARTESIAN_POINT('',(-5.498397173266,-33.87266757573));
#4957 = CARTESIAN_POINT('',(-5.507979582786,-33.90254646171));
#4958 = CARTESIAN_POINT('',(-5.523048820861,-34.00699323116));
#4959 = CARTESIAN_POINT('',(-5.528831221474,-34.06235200729));
#4960 = CARTESIAN_POINT('',(-5.534422251908,-34.13166094917));
#4961 = CARTESIAN_POINT('',(-5.539768578824,-34.21434681071));
#4962 = CARTESIAN_POINT('',(-5.54481961231,-34.3096588921));
#4963 = CARTESIAN_POINT('',(-5.54952812327,-34.41667837309));
#4964 = CARTESIAN_POINT('',(-5.553851248242,-34.53433192783));
#4965 = CARTESIAN_POINT('',(-5.56204317278,-34.80121444817));
#4966 = CARTESIAN_POINT('',(-5.565823254291,-34.95243157462));
#4967 = CARTESIAN_POINT('',(-5.569042862673,-35.11346278258));
#4968 = CARTESIAN_POINT('',(-5.571661275677,-35.28254072275));
#4969 = CARTESIAN_POINT('',(-5.573646925847,-35.45776337736));
#4970 = CARTESIAN_POINT('',(-5.57497807558,-35.63712912501));
#4971 = CARTESIAN_POINT('',(-5.575643553727,-35.81857240767));
#4972 = CARTESIAN_POINT('',(-5.575643553727,-36.18291051489));
#4973 = CARTESIAN_POINT('',(-5.574967167222,-36.36569770615));
#4974 = CARTESIAN_POINT('',(-5.573615906947,-36.54732036709));
#4975 = CARTESIAN_POINT('',(-5.571580507583,-36.72665360108));
#4976 = CARTESIAN_POINT('',(-5.568843103164,-36.90237448748));
#4977 = CARTESIAN_POINT('',(-5.565379474588,-37.07283483785));
#4978 = CARTESIAN_POINT('',(-5.561161790388,-37.23590278124));
#4979 = CARTESIAN_POINT('',(-5.551349496597,-37.53589720577));
#4980 = CARTESIAN_POINT('',(-5.545703788922,-37.67688763246));
#4981 = CARTESIAN_POINT('',(-5.539234226315,-37.80566927798));
#4982 = CARTESIAN_POINT('',(-5.531997662904,-37.9167949864));
#4983 = CARTESIAN_POINT('',(-5.524091236465,-38.00548011963));
#4984 = CARTESIAN_POINT('',(-5.515645140366,-38.06765307992));
#4985 = CARTESIAN_POINT('',(-5.506816742831,-38.1));
#4986 = CARTESIAN_POINT('',(-5.497787143782,-38.1));
#4987 = ( GEOMETRIC_REPRESENTATION_CONTEXT(2) 
PARAMETRIC_REPRESENTATION_CONTEXT() REPRESENTATION_CONTEXT('2D SPACE',''
  ) );
#4988 = PCURVE('',#4989,#4994);
#4989 = CYLINDRICAL_SURFACE('',#4990,2.1);
#4990 = AXIS2_PLACEMENT_3D('',#4991,#4992,#4993);
#4991 = CARTESIAN_POINT('',(35.,18.738329701444,-18.73832970144));
#4992 = DIRECTION('',(-0.,-0.707106781187,0.707106781187));
#4993 = DIRECTION('',(1.,0.,0.));
#4994 = DEFINITIONAL_REPRESENTATION('',(#4995),#5054);
#4995 = B_SPLINE_CURVE_WITH_KNOTS('',8,(#4996,#4997,#4998,#4999,#5000,
    #5001,#5002,#5003,#5004,#5005,#5006,#5007,#5008,#5009,#5010,#5011,
    #5012,#5013,#5014,#5015,#5016,#5017,#5018,#5019,#5020,#5021,#5022,
    #5023,#5024,#5025,#5026,#5027,#5028,#5029,#5030,#5031,#5032,#5033,
    #5034,#5035,#5036,#5037,#5038,#5039,#5040,#5041,#5042,#5043,#5044,
    #5045,#5046,#5047,#5048,#5049,#5050,#5051,#5052,#5053),
  .UNSPECIFIED.,.F.,.F.,(9,7,7,7,7,7,7,7,9),(0.,0.137279018235,
    0.279829338149,0.449927590306,0.595996807423,0.690456085443,
    0.79437568459,0.899144684414,1.),.UNSPECIFIED.);
#4996 = CARTESIAN_POINT('',(0.,-0.5));
#4997 = CARTESIAN_POINT('',(-0.116147843524,-0.5));
#4998 = CARTESIAN_POINT('',(-0.229670173474,-0.497481783833));
#4999 = CARTESIAN_POINT('',(-0.340621488848,-0.492644730465));
#5000 = CARTESIAN_POINT('',(-0.448914346696,-0.485963284612));
#5001 = CARTESIAN_POINT('',(-0.554331536512,-0.478102298269));
#5002 = CARTESIAN_POINT('',(-0.656493602574,-0.469773410105));
#5003 = CARTESIAN_POINT('',(-0.754783480778,-0.461593933541));
#5004 = CARTESIAN_POINT('',(-0.9452647544,-0.446134293259));
#5005 = CARTESIAN_POINT('',(-1.039297123896,-0.438720538051));
#5006 = CARTESIAN_POINT('',(-1.130953862066,-0.43214640089));
#5007 = CARTESIAN_POINT('',(-1.220749268063,-0.426672789864));
#5008 = CARTESIAN_POINT('',(-1.309162547986,-0.422467376793));
#5009 = CARTESIAN_POINT('',(-1.396658765924,-0.4196297131));
#5010 = CARTESIAN_POINT('',(-1.483700378064,-0.41820945011));
#5011 = CARTESIAN_POINT('',(-1.67472361828,-0.41820945011));
#5012 = CARTESIAN_POINT('',(-1.778985558294,-0.420231613469));
#5013 = CARTESIAN_POINT('',(-1.88423993264,-0.424299499083));
#5014 = CARTESIAN_POINT('',(-1.991130416396,-0.43031840645));
#5015 = CARTESIAN_POINT('',(-2.100347505929,-0.438071279624));
#5016 = CARTESIAN_POINT('',(-2.212653065046,-0.447177564427));
#5017 = CARTESIAN_POINT('',(-2.328945461469,-0.457039166227));
#5018 = CARTESIAN_POINT('',(-2.554775756182,-0.475177605943));
#5019 = CARTESIAN_POINT('',(-2.666701900585,-0.483783223391));
#5020 = CARTESIAN_POINT('',(-2.783538992269,-0.491745517274));
#5021 = CARTESIAN_POINT('',(-2.90358996161,-0.498017749252));
#5022 = CARTESIAN_POINT('',(-3.025629328414,-0.50163239511));
#5023 = CARTESIAN_POINT('',(-3.148595508617,-0.502148649872));
#5024 = CARTESIAN_POINT('',(-3.27146664291,-0.499727979394));
#5025 = CARTESIAN_POINT('',(-3.47146093077,-0.491858088449));
#5026 = CARTESIAN_POINT('',(-3.550003037996,-0.487757819257));
#5027 = CARTESIAN_POINT('',(-3.628540101766,-0.482763606777));
#5028 = CARTESIAN_POINT('',(-3.707076056826,-0.477044798859));
#5029 = CARTESIAN_POINT('',(-3.785615646485,-0.470813438576));
#5030 = CARTESIAN_POINT('',(-3.864159312908,-0.464309623614));
#5031 = CARTESIAN_POINT('',(-3.942702389671,-0.457783180242));
#5032 = CARTESIAN_POINT('',(-4.107640391243,-0.444528008928));
#5033 = CARTESIAN_POINT('',(-4.194036941759,-0.437844479631));
#5034 = CARTESIAN_POINT('',(-4.2804256898,-0.431736748157));
#5035 = CARTESIAN_POINT('',(-4.366810571287,-0.426505505199));
#5036 = CARTESIAN_POINT('',(-4.453198190184,-0.422402589478));
#5037 = CARTESIAN_POINT('',(-4.539593485113,-0.419606810155));
#5038 = CARTESIAN_POINT('',(-4.625994888803,-0.41820945011));
#5039 = CARTESIAN_POINT('',(-4.799489225574,-0.41820945011));
#5040 = CARTESIAN_POINT('',(-4.886530615876,-0.419629849086));
#5041 = CARTESIAN_POINT('',(-4.974024955076,-0.422467546027));
#5042 = CARTESIAN_POINT('',(-5.062436280395,-0.426672842518));
#5043 = CARTESIAN_POINT('',(-5.15223059889,-0.432146335265));
#5044 = CARTESIAN_POINT('',(-5.243887470307,-0.438720480731));
#5045 = CARTESIAN_POINT('',(-5.337920685645,-0.446134304042));
#5046 = CARTESIAN_POINT('',(-5.528365132678,-0.461590955444));
#5047 = CARTESIAN_POINT('',(-5.626660847441,-0.469770744596));
#5048 = CARTESIAN_POINT('',(-5.728849657447,-0.478102279));
#5049 = CARTESIAN_POINT('',(-5.834299582101,-0.48596618357));
#5050 = CARTESIAN_POINT('',(-5.942619682657,-0.492648614242));
#5051 = CARTESIAN_POINT('',(-6.053582597575,-0.497484080077));
#5052 = CARTESIAN_POINT('',(-6.167090462266,-0.5));
#5053 = CARTESIAN_POINT('',(-6.28318530718,-0.5));
#5054 = ( GEOMETRIC_REPRESENTATION_CONTEXT(2) 
PARAMETRIC_REPRESENTATION_CONTEXT() REPRESENTATION_CONTEXT('2D SPACE',''
  ) );
#5055 = FACE_BOUND('',#5056,.T.);
#5056 = EDGE_LOOP('',(#5057,#5144,#5170));
#5057 = ORIENTED_EDGE('',*,*,#5058,.F.);
#5058 = EDGE_CURVE('',#5059,#5061,#5063,.T.);
#5059 = VERTEX_POINT('',#5060);
#5060 = CARTESIAN_POINT('',(41.934077200682,23.787593916455,
    -12.77303314275));
#5061 = VERTEX_POINT('',#5062);
#5062 = CARTESIAN_POINT('',(43.15,25.787593916455,-8.));
#5063 = SURFACE_CURVE('',#5064,(#5087,#5113),.PCURVE_S1.);
#5064 = B_SPLINE_CURVE_WITH_KNOTS('',6,(#5065,#5066,#5067,#5068,#5069,
    #5070,#5071,#5072,#5073,#5074,#5075,#5076,#5077,#5078,#5079,#5080,
    #5081,#5082,#5083,#5084,#5085,#5086),.UNSPECIFIED.,.F.,.F.,(7,5,5,5,
    7),(0.,0.260632831297,0.551255667353,0.687706795854,1.),
  .UNSPECIFIED.);
#5065 = CARTESIAN_POINT('',(41.934077200682,23.787593916455,
    -12.77303314275));
#5066 = CARTESIAN_POINT('',(42.081807242081,23.864011247484,
    -12.63071890788));
#5067 = CARTESIAN_POINT('',(42.221200825972,23.944617259527,
    -12.47815256788));
#5068 = CARTESIAN_POINT('',(42.352311644256,24.028528724627,
    -12.31635234072));
#5069 = CARTESIAN_POINT('',(42.4750503791,24.115029765968,
    -12.14608524503));
#5070 = CARTESIAN_POINT('',(42.589260737984,24.203533560923,
    -11.96793823999));
#5071 = CARTESIAN_POINT('',(42.812225656404,24.393994050206,
    -11.57523218981));
#5072 = CARTESIAN_POINT('',(42.918786518825,24.496280676441,
    -11.35893729894));
#5073 = CARTESIAN_POINT('',(43.014001456891,24.599797405964,
    -11.13390974531));
#5074 = CARTESIAN_POINT('',(43.097148216586,24.703916745281,
    -10.90069966562));
#5075 = CARTESIAN_POINT('',(43.167292630143,24.808000108743,
    -10.65997383104));
#5076 = CARTESIAN_POINT('',(43.249599972093,24.959972947245,
    -10.29638785197));
#5077 = CARTESIAN_POINT('',(43.272778021107,25.00837525895,
    -10.1787612719));
#5078 = CARTESIAN_POINT('',(43.292718598095,25.056553979666,
    -10.05977270182));
#5079 = CARTESIAN_POINT('',(43.309293035122,25.104433586543,
    -9.939542383324));
#5080 = CARTESIAN_POINT('',(43.322368460051,25.151934308159,
    -9.818215635091));
#5081 = CARTESIAN_POINT('',(43.35343225266,25.306630162391,
    -9.416174539082));
#5082 = CARTESIAN_POINT('',(43.356052475621,25.411937911656,
    -9.131365172357));
#5083 = CARTESIAN_POINT('',(43.338034143486,25.513779791909,
    -8.843910299964));
#5084 = CARTESIAN_POINT('',(43.297966764121,25.611001702204,
    -8.556881208934));
#5085 = CARTESIAN_POINT('',(43.235038223502,25.702555692954,
    -8.274116396879));
#5086 = CARTESIAN_POINT('',(43.15,25.787593916455,-8.));
#5087 = PCURVE('',#2242,#5088);
#5088 = DEFINITIONAL_REPRESENTATION('',(#5089),#5112);
#5089 = B_SPLINE_CURVE_WITH_KNOTS('',6,(#5090,#5091,#5092,#5093,#5094,
    #5095,#5096,#5097,#5098,#5099,#5100,#5101,#5102,#5103,#5104,#5105,
    #5106,#5107,#5108,#5109,#5110,#5111),.UNSPECIFIED.,.F.,.F.,(7,5,5,5,
    7),(0.,0.260632831297,0.551255667353,0.687706795854,1.),
  .UNSPECIFIED.);
#5090 = CARTESIAN_POINT('',(-5.790407180214,-42.93407720068));
#5091 = CARTESIAN_POINT('',(-5.796389888485,-43.08180724208));
#5092 = CARTESIAN_POINT('',(-5.802780518852,-43.22120082597));
#5093 = CARTESIAN_POINT('',(-5.809530755313,-43.35231164425));
#5094 = CARTESIAN_POINT('',(-5.816603679081,-43.4750503791));
#5095 = CARTESIAN_POINT('',(-5.823970763513,-43.58926073798));
#5096 = CARTESIAN_POINT('',(-5.840135775088,-43.8122256564));
#5097 = CARTESIAN_POINT('',(-5.848996880905,-43.91878651882));
#5098 = CARTESIAN_POINT('',(-5.858169994956,-44.01400145689));
#5099 = CARTESIAN_POINT('',(-5.867628195461,-44.09714821658));
#5100 = CARTESIAN_POINT('',(-5.877340946162,-44.16729263014));
#5101 = CARTESIAN_POINT('',(-5.891936100468,-44.24959997209));
#5102 = CARTESIAN_POINT('',(-5.896646987444,-44.2727780211));
#5103 = CARTESIAN_POINT('',(-5.901401404871,-44.29271859809));
#5104 = CARTESIAN_POINT('',(-5.906194367355,-44.30929303512));
#5105 = CARTESIAN_POINT('',(-5.911019984314,-44.32236846005));
#5106 = CARTESIAN_POINT('',(-5.926974646167,-44.35343225266));
#5107 = CARTESIAN_POINT('',(-5.938220140549,-44.35605247562));
#5108 = CARTESIAN_POINT('',(-5.949513435806,-44.33803414348));
#5109 = CARTESIAN_POINT('',(-5.960735842211,-44.29796676412));
#5110 = CARTESIAN_POINT('',(-5.971743053985,-44.2350382235));
#5111 = CARTESIAN_POINT('',(-5.982372831923,-44.15));
#5112 = ( GEOMETRIC_REPRESENTATION_CONTEXT(2) 
PARAMETRIC_REPRESENTATION_CONTEXT() REPRESENTATION_CONTEXT('2D SPACE',''
  ) );
#5113 = PCURVE('',#5114,#5119);
#5114 = CONICAL_SURFACE('',#5115,5.15,0.785398163397);
#5115 = AXIS2_PLACEMENT_3D('',#5116,#5117,#5118);
#5116 = CARTESIAN_POINT('',(40.,23.787593916455,-8.));
#5117 = DIRECTION('',(0.,-1.,-0.));
#5118 = DIRECTION('',(1.,0.,0.));
#5119 = DEFINITIONAL_REPRESENTATION('',(#5120),#5143);
#5120 = B_SPLINE_CURVE_WITH_KNOTS('',6,(#5121,#5122,#5123,#5124,#5125,
    #5126,#5127,#5128,#5129,#5130,#5131,#5132,#5133,#5134,#5135,#5136,
    #5137,#5138,#5139,#5140,#5141,#5142),.UNSPECIFIED.,.F.,.F.,(7,5,5,5,
    7),(0.,0.260632831297,0.551255667353,0.687706795854,1.),
  .UNSPECIFIED.);
#5121 = CARTESIAN_POINT('',(-1.185807295435,1.287858708565E-14));
#5122 = CARTESIAN_POINT('',(-1.14884369469,-7.641733102855E-02));
#5123 = CARTESIAN_POINT('',(-1.111316327142,-0.157023343072));
#5124 = CARTESIAN_POINT('',(-1.073026340514,-0.240934808172));
#5125 = CARTESIAN_POINT('',(-1.033797671727,-0.327435849513));
#5126 = CARTESIAN_POINT('',(-0.993449355304,-0.415939644468));
#5127 = CARTESIAN_POINT('',(-0.905280221452,-0.606400133751));
#5128 = CARTESIAN_POINT('',(-0.857155008995,-0.708686759986));
#5129 = CARTESIAN_POINT('',(-0.807091543548,-0.812203489509));
#5130 = CARTESIAN_POINT('',(-0.754817256519,-0.916322828825));
#5131 = CARTESIAN_POINT('',(-0.700057184085,-1.020406192287));
#5132 = CARTESIAN_POINT('',(-0.615509975598,-1.172379030789));
#5133 = CARTESIAN_POINT('',(-0.58788899748,-1.220781342495));
#5134 = CARTESIAN_POINT('',(-0.55963338909,-1.268960063211));
#5135 = CARTESIAN_POINT('',(-0.530719177963,-1.316839670087));
#5136 = CARTESIAN_POINT('',(-0.501126150043,-1.364340391703));
#5137 = CARTESIAN_POINT('',(-0.40152101758,-1.519036245936));
#5138 = CARTESIAN_POINT('',(-0.328521936256,-1.6243439952));
#5139 = CARTESIAN_POINT('',(-0.251722920561,-1.726185875454));
#5140 = CARTESIAN_POINT('',(-0.171149049366,-1.823407785748));
#5141 = CARTESIAN_POINT('',(-8.702107837443E-02,-1.914961776498));
#5142 = CARTESIAN_POINT('',(0.,-2.));
#5143 = ( GEOMETRIC_REPRESENTATION_CONTEXT(2) 
PARAMETRIC_REPRESENTATION_CONTEXT() REPRESENTATION_CONTEXT('2D SPACE',''
  ) );
#5144 = ORIENTED_EDGE('',*,*,#5145,.T.);
#5145 = EDGE_CURVE('',#5059,#5146,#5148,.T.);
#5146 = VERTEX_POINT('',#5147);
#5147 = CARTESIAN_POINT('',(38.065922799318,23.787593916455,
    -12.77303314275));
#5148 = SURFACE_CURVE('',#5149,(#5153,#5159),.PCURVE_S1.);
#5149 = LINE('',#5150,#5151);
#5150 = CARTESIAN_POINT('',(-1.,23.787593916455,-12.77303314275));
#5151 = VECTOR('',#5152,1.);
#5152 = DIRECTION('',(-1.,-0.,-0.));
#5153 = PCURVE('',#2242,#5154);
#5154 = DEFINITIONAL_REPRESENTATION('',(#5155),#5158);
#5155 = B_SPLINE_CURVE_WITH_KNOTS('',1,(#5156,#5157),.UNSPECIFIED.,.F.,
  .F.,(2,2),(-47.18,-34.82),.PIECEWISE_BEZIER_KNOTS.);
#5156 = CARTESIAN_POINT('',(-5.790407180214,-47.18));
#5157 = CARTESIAN_POINT('',(-5.790407180214,-34.82));
#5158 = ( GEOMETRIC_REPRESENTATION_CONTEXT(2) 
PARAMETRIC_REPRESENTATION_CONTEXT() REPRESENTATION_CONTEXT('2D SPACE',''
  ) );
#5159 = PCURVE('',#5160,#5165);
#5160 = PLANE('',#5161);
#5161 = AXIS2_PLACEMENT_3D('',#5162,#5163,#5164);
#5162 = CARTESIAN_POINT('',(40.,23.787593916455,-8.));
#5163 = DIRECTION('',(-0.,1.,0.));
#5164 = DIRECTION('',(1.,0.,0.));
#5165 = DEFINITIONAL_REPRESENTATION('',(#5166),#5169);
#5166 = B_SPLINE_CURVE_WITH_KNOTS('',1,(#5167,#5168),.UNSPECIFIED.,.F.,
  .F.,(2,2),(-47.18,-34.82),.PIECEWISE_BEZIER_KNOTS.);
#5167 = CARTESIAN_POINT('',(6.18,4.773033142751));
#5168 = CARTESIAN_POINT('',(-6.18,4.773033142751));
#5169 = ( GEOMETRIC_REPRESENTATION_CONTEXT(2) 
PARAMETRIC_REPRESENTATION_CONTEXT() REPRESENTATION_CONTEXT('2D SPACE',''
  ) );
#5170 = ORIENTED_EDGE('',*,*,#5171,.F.);
#5171 = EDGE_CURVE('',#5061,#5146,#5172,.T.);
#5172 = SURFACE_CURVE('',#5173,(#5256,#5342),.PCURVE_S1.);
#5173 = B_SPLINE_CURVE_WITH_KNOTS('',6,(#5174,#5175,#5176,#5177,#5178,
    #5179,#5180,#5181,#5182,#5183,#5184,#5185,#5186,#5187,#5188,#5189,
    #5190,#5191,#5192,#5193,#5194,#5195,#5196,#5197,#5198,#5199,#5200,
    #5201,#5202,#5203,#5204,#5205,#5206,#5207,#5208,#5209,#5210,#5211,
    #5212,#5213,#5214,#5215,#5216,#5217,#5218,#5219,#5220,#5221,#5222,
    #5223,#5224,#5225,#5226,#5227,#5228,#5229,#5230,#5231,#5232,#5233,
    #5234,#5235,#5236,#5237,#5238,#5239,#5240,#5241,#5242,#5243,#5244,
    #5245,#5246,#5247,#5248,#5249,#5250,#5251,#5252,#5253,#5254,#5255),
  .UNSPECIFIED.,.F.,.F.,(7,5,5,5,5,5,5,5,5,5,5,5,5,5,5,5,7),(0.,
    1.991811718314E-02,0.101944427941,0.148227088514,0.199582487281,
    0.323007507254,0.401860048075,0.436379609086,0.487660719426,
    0.533904859489,0.615891928692,0.674390598079,0.701627997847,
    0.748104301248,0.798310360154,0.905015387412,1.),.UNSPECIFIED.);
#5174 = CARTESIAN_POINT('',(43.15,25.787593916455,-8.));
#5175 = CARTESIAN_POINT('',(43.13511596382,25.802477952635,
    -7.952022064895));
#5176 = CARTESIAN_POINT('',(43.119554370404,25.817162657621,
    -7.904308142211));
#5177 = CARTESIAN_POINT('',(43.103318518089,25.831644126812,
    -7.85687963885));
#5178 = CARTESIAN_POINT('',(43.086412952308,25.845918721187,
    -7.809758044866));
#5179 = CARTESIAN_POINT('',(43.068843465587,25.859983067309,
    -7.762964933459));
#5180 = CARTESIAN_POINT('',(42.975557707396,25.930874870987,
    -7.525261629605));
#5181 = CARTESIAN_POINT('',(42.889343321555,25.984308683823,
    -7.339901100093));
#5182 = CARTESIAN_POINT('',(42.792482443418,26.033899946264,
    -7.162008186147));
#5183 = CARTESIAN_POINT('',(42.685759691709,26.07959547762,
    -6.992817693695));
#5184 = CARTESIAN_POINT('',(42.57012289902,26.121444220528,
    -6.833289932136));
#5185 = CARTESIAN_POINT('',(42.37695059616,26.181059088067,
    -6.599976529712));
#5186 = CARTESIAN_POINT('',(42.304759681377,26.201376050484,
    -6.519107812279));
#5187 = CARTESIAN_POINT('',(42.230236167933,26.220528369572,
    -6.441646497229));
#5188 = CARTESIAN_POINT('',(42.15355911535,26.238545252153,
    -6.367678535441));
#5189 = CARTESIAN_POINT('',(42.074903622273,26.255459811693,
    -6.297264937393));
#5190 = CARTESIAN_POINT('',(41.905149782432,26.288888974887,
    -6.15630753168));
#5191 = CARTESIAN_POINT('',(41.81363306242,26.3051564553,-6.086595744952
    ));
#5192 = CARTESIAN_POINT('',(41.720112205932,26.320155597334,
    -6.021367990223));
#5193 = CARTESIAN_POINT('',(41.624802484057,26.333934323967,
    -5.960653670284));
#5194 = CARTESIAN_POINT('',(41.52790529986,26.346538852157,
    -5.904463690462));
#5195 = CARTESIAN_POINT('',(41.19335484144,26.385583356155,
    -5.728627197065));
#5196 = CARTESIAN_POINT('',(40.949068417035,26.406608118291,
    -5.630625075864));
#5197 = CARTESIAN_POINT('',(40.699187571118,26.42169349141,
    -5.558692375238));
#5198 = CARTESIAN_POINT('',(40.445906029063,26.431249715373,
    -5.512640905404));
#5199 = CARTESIAN_POINT('',(40.191157157101,26.435491678276,
    -5.492249947274));
#5200 = CARTESIAN_POINT('',(39.773941648584,26.433671403523,
    -5.501002479133));
#5201 = CARTESIAN_POINT('',(39.61144585952,26.430777431764,
    -5.514915214003));
#5202 = CARTESIAN_POINT('',(39.449556580903,26.425691992753,
    -5.539331544835));
#5203 = CARTESIAN_POINT('',(39.288772539183,26.418369540677,
    -5.574284304917));
#5204 = CARTESIAN_POINT('',(39.129628616582,26.408728013744,
    -5.619820743969));
#5205 = CARTESIAN_POINT('',(38.903993867146,26.391363689737,
    -5.700574981741));
#5206 = CARTESIAN_POINT('',(38.835717397898,26.385609911965,
    -5.727199675275));
#5207 = CARTESIAN_POINT('',(38.767914600967,26.379379662398,
    -5.755864864896));
#5208 = CARTESIAN_POINT('',(38.700636807214,26.372662116892,
    -5.786573240944));
#5209 = CARTESIAN_POINT('',(38.633937851964,26.365445414153,
    -5.819326314532));
#5210 = CARTESIAN_POINT('',(38.46973192788,26.346235069589,
    -5.905819320616));
#5211 = CARTESIAN_POINT('',(38.372992434769,26.333623561886,
    -5.962026697697));
#5212 = CARTESIAN_POINT('',(38.277839379588,26.319840202671,
    -6.022746479608));
#5213 = CARTESIAN_POINT('',(38.184473543899,26.304838924625,
    -6.087967623352));
#5214 = CARTESIAN_POINT('',(38.093109500305,26.288571984015,
    -6.157660617559));
#5215 = CARTESIAN_POINT('',(37.923590599503,26.255139571732,
    -6.298600134171));
#5216 = CARTESIAN_POINT('',(37.845020172568,26.238219369681,
    -6.369021351456));
#5217 = CARTESIAN_POINT('',(37.768427616593,26.220197951005,
    -6.442991317483));
#5218 = CARTESIAN_POINT('',(37.693987721669,26.201042297764,
    -6.52044893253));
#5219 = CARTESIAN_POINT('',(37.621879199411,26.180723305524,
    -6.60130819085));
#5220 = CARTESIAN_POINT('',(37.428887173597,26.121093214222,
    -6.834632219844));
#5221 = CARTESIAN_POINT('',(37.313350443292,26.079231650068,
    -6.994175046355));
#5222 = CARTESIAN_POINT('',(37.206727204154,26.033525523819,
    -7.16336912507));
#5223 = CARTESIAN_POINT('',(37.109963799558,25.983926376414,
    -7.341253775406));
#5224 = CARTESIAN_POINT('',(37.023843146863,25.93048784961,
    -7.526594347839));
#5225 = CARTESIAN_POINT('',(36.895379564538,25.832745501747,
    -7.854268485307));
#5226 = CARTESIAN_POINT('',(36.847553208949,25.790203047532,
    -7.993736959689));
#5227 = CARTESIAN_POINT('',(36.805575961497,25.745898974039,
    -8.135673839961));
#5228 = CARTESIAN_POINT('',(36.76953291764,25.699936981876,
    -8.279518871444));
#5229 = CARTESIAN_POINT('',(36.739425567311,25.652443600942,
    -8.424716277138));
#5230 = CARTESIAN_POINT('',(36.703899809027,25.580811106308,
    -8.638706071834));
#5231 = CARTESIAN_POINT('',(36.693885430622,25.557753749713,
    -8.706866340283));
#5232 = CARTESIAN_POINT('',(36.685135372937,25.534410274468,
    -8.775151904257));
#5233 = CARTESIAN_POINT('',(36.677639440481,25.510795332443,
    -8.843512506828));
#5234 = CARTESIAN_POINT('',(36.67138468316,25.48692383975,
    -8.911900418913));
#5235 = CARTESIAN_POINT('',(36.657773715736,25.421666199846,
    -9.096933036907));
#5236 = CARTESIAN_POINT('',(36.65276048778,25.379818480634,
    -9.213543885332));
#5237 = CARTESIAN_POINT('',(36.651239156025,25.337342532331,
    -9.329879641495));
#5238 = CARTESIAN_POINT('',(36.653115294987,25.294312680145,
    -9.445743703888));
#5239 = CARTESIAN_POINT('',(36.65828450679,25.250801378638,
    -9.560965106976));
#5240 = CARTESIAN_POINT('',(36.675666688611,25.159429176289,
    -9.799012996226));
#5241 = CARTESIAN_POINT('',(36.688411553802,25.111499767867,
    -9.921706864516));
#5242 = CARTESIAN_POINT('',(36.704740407415,25.063175384003,
    -10.04329775412));
#5243 = CARTESIAN_POINT('',(36.724516065314,25.014538596831,
    -10.16363380792));
#5244 = CARTESIAN_POINT('',(36.74760543117,24.965667543578,
    -10.28258957257));
#5245 = CARTESIAN_POINT('',(36.82974200702,24.812423467736,
    -10.64973414425));
#5246 = CARTESIAN_POINT('',(36.89999746196,24.707512474155,
    -10.89263600375));
#5247 = CARTESIAN_POINT('',(36.983488229107,24.60254822149,
    -11.12791927816));
#5248 = CARTESIAN_POINT('',(37.079253035293,24.498185356228,
    -11.35489816789));
#5249 = CARTESIAN_POINT('',(37.186548801519,24.395066198716,
    -11.57300944911));
#5250 = CARTESIAN_POINT('',(37.410456089503,24.203753021201,
    -11.96749648301));
#5251 = CARTESIAN_POINT('',(37.524706175134,24.11520134466,
    -12.14574750974));
#5252 = CARTESIAN_POINT('',(37.647493341779,24.02865353849,
    -12.31611166989));
#5253 = CARTESIAN_POINT('',(37.778660956096,23.944697190222,
    -12.47800127844));
#5254 = CARTESIAN_POINT('',(37.918119492711,23.86404914588,
    -12.63064832858));
#5255 = CARTESIAN_POINT('',(38.065922799318,23.787593916455,
    -12.77303314275));
#5256 = PCURVE('',#2242,#5257);
#5257 = DEFINITIONAL_REPRESENTATION('',(#5258),#5341);
#5258 = B_SPLINE_CURVE_WITH_KNOTS('',6,(#5259,#5260,#5261,#5262,#5263,
    #5264,#5265,#5266,#5267,#5268,#5269,#5270,#5271,#5272,#5273,#5274,
    #5275,#5276,#5277,#5278,#5279,#5280,#5281,#5282,#5283,#5284,#5285,
    #5286,#5287,#5288,#5289,#5290,#5291,#5292,#5293,#5294,#5295,#5296,
    #5297,#5298,#5299,#5300,#5301,#5302,#5303,#5304,#5305,#5306,#5307,
    #5308,#5309,#5310,#5311,#5312,#5313,#5314,#5315,#5316,#5317,#5318,
    #5319,#5320,#5321,#5322,#5323,#5324,#5325,#5326,#5327,#5328,#5329,
    #5330,#5331,#5332,#5333,#5334,#5335,#5336,#5337,#5338,#5339,#5340),
  .UNSPECIFIED.,.F.,.F.,(7,5,5,5,5,5,5,5,5,5,5,5,5,5,5,5,7),(0.,
    1.991811718314E-02,0.101944427941,0.148227088514,0.199582487281,
    0.323007507254,0.401860048075,0.436379609086,0.487660719426,
    0.533904859489,0.615891928692,0.674390598079,0.701627997847,
    0.748104301248,0.798310360154,0.905015387412,1.),.UNSPECIFIED.);
#5259 = CARTESIAN_POINT('',(-5.982372831923,-44.15));
#5260 = CARTESIAN_POINT('',(-5.984233336445,-44.13511596382));
#5261 = CARTESIAN_POINT('',(-5.986082314339,-44.1195543704));
#5262 = CARTESIAN_POINT('',(-5.987918977175,-44.10331851808));
#5263 = CARTESIAN_POINT('',(-5.989742535653,-44.0864129523));
#5264 = CARTESIAN_POINT('',(-5.9915521996,-44.06884346558));
#5265 = CARTESIAN_POINT('',(-6.000739214687,-43.97555770739));
#5266 = CARTESIAN_POINT('',(-6.007883673652,-43.88934332155));
#5267 = CARTESIAN_POINT('',(-6.014723145174,-43.79248244341));
#5268 = CARTESIAN_POINT('',(-6.021213717686,-43.6857596917));
#5269 = CARTESIAN_POINT('',(-6.027321945075,-43.57012289902));
#5270 = CARTESIAN_POINT('',(-6.036240804748,-43.37695059616));
#5271 = CARTESIAN_POINT('',(-6.039328995406,-43.30475968137));
#5272 = CARTESIAN_POINT('',(-6.042284295844,-43.23023616793));
#5273 = CARTESIAN_POINT('',(-6.045103925096,-43.15355911535));
#5274 = CARTESIAN_POINT('',(-6.047786013561,-43.07490362227));
#5275 = CARTESIAN_POINT('',(-6.053151464587,-42.90514978243));
#5276 = CARTESIAN_POINT('',(-6.055802731238,-42.81363306242));
#5277 = CARTESIAN_POINT('',(-6.058281605207,-42.72011220593));
#5278 = CARTESIAN_POINT('',(-6.060587452619,-42.62480248405));
#5279 = CARTESIAN_POINT('',(-6.062720275472,-42.52790529986));
#5280 = CARTESIAN_POINT('',(-6.069391358958,-42.19335484144));
#5281 = CARTESIAN_POINT('',(-6.073103560305,-41.94906841703));
#5282 = CARTESIAN_POINT('',(-6.075825688301,-41.69918757111));
#5283 = CARTESIAN_POINT('',(-6.077567633126,-41.44590602906));
#5284 = CARTESIAN_POINT('',(-6.078339022773,-41.1911571571));
#5285 = CARTESIAN_POINT('',(-6.078007918676,-40.77394164858));
#5286 = CARTESIAN_POINT('',(-6.077481603274,-40.61144585952));
#5287 = CARTESIAN_POINT('',(-6.076557886595,-40.4495565809));
#5288 = CARTESIAN_POINT('',(-6.075235239865,-40.28877253918));
#5289 = CARTESIAN_POINT('',(-6.07351132351,-40.12962861658));
#5290 = CARTESIAN_POINT('',(-6.070452062756,-39.90399386714));
#5291 = CARTESIAN_POINT('',(-6.069443199633,-39.83571739789));
#5292 = CARTESIAN_POINT('',(-6.068356740413,-39.76791460096));
#5293 = CARTESIAN_POINT('',(-6.06719250047,-39.70063680721));
#5294 = CARTESIAN_POINT('',(-6.065950327872,-39.63393785196));
#5295 = CARTESIAN_POINT('',(-6.062668821844,-39.46973192788));
#5296 = CARTESIAN_POINT('',(-6.060535313699,-39.37299243476));
#5297 = CARTESIAN_POINT('',(-6.058229231042,-39.27783937958));
#5298 = CARTESIAN_POINT('',(-6.055750577958,-39.18447354389));
#5299 = CARTESIAN_POINT('',(-6.053099993632,-39.0931095003));
#5300 = CARTESIAN_POINT('',(-6.047735159509,-38.9235905995));
#5301 = CARTESIAN_POINT('',(-6.045052747847,-38.84502017256));
#5302 = CARTESIAN_POINT('',(-6.042233006716,-38.76842761659));
#5303 = CARTESIAN_POINT('',(-6.039277809662,-38.69398772166));
#5304 = CARTESIAN_POINT('',(-6.036189940446,-38.62187919941));
#5305 = CARTESIAN_POINT('',(-6.027270559851,-38.42888717359));
#5306 = CARTESIAN_POINT('',(-6.021161672339,-38.31335044329));
#5307 = CARTESIAN_POINT('',(-6.014670869352,-38.20672720415));
#5308 = CARTESIAN_POINT('',(-6.007831614158,-38.10996379955));
#5309 = CARTESIAN_POINT('',(-6.000687816906,-38.02384314686));
#5310 = CARTESIAN_POINT('',(-5.988023321373,-37.89537956453));
#5311 = CARTESIAN_POINT('',(-5.982622957368,-37.84755320894));
#5312 = CARTESIAN_POINT('',(-5.977116072457,-37.80557596149));
#5313 = CARTESIAN_POINT('',(-5.971523318727,-37.76953291764));
#5314 = CARTESIAN_POINT('',(-5.965865398159,-37.73942556731));
#5315 = CARTESIAN_POINT('',(-5.95750758666,-37.70389980902));
#5316 = CARTESIAN_POINT('',(-5.954842615207,-37.69388543062));
#5317 = CARTESIAN_POINT('',(-5.952169845335,-37.68513537293));
#5318 = CARTESIAN_POINT('',(-5.949491179787,-37.67763944048));
#5319 = CARTESIAN_POINT('',(-5.946808435175,-37.67138468316));
#5320 = CARTESIAN_POINT('',(-5.939541656258,-37.65777371573));
#5321 = CARTESIAN_POINT('',(-5.934953118857,-37.65276048778));
#5322 = CARTESIAN_POINT('',(-5.930366277637,-37.65123915602));
#5323 = CARTESIAN_POINT('',(-5.925788740234,-37.65311529498));
#5324 = CARTESIAN_POINT('',(-5.921227202489,-37.65828450679));
#5325 = CARTESIAN_POINT('',(-5.911783435125,-37.67566668861));
#5326 = CARTESIAN_POINT('',(-5.906904881867,-37.6884115538));
#5327 = CARTESIAN_POINT('',(-5.902059011759,-37.70474040741));
#5328 = CARTESIAN_POINT('',(-5.897251971392,-37.72451606531));
#5329 = CARTESIAN_POINT('',(-5.892488954292,-37.74760543117));
#5330 = CARTESIAN_POINT('',(-5.877754036249,-37.82974200702));
#5331 = CARTESIAN_POINT('',(-5.867955164207,-37.89999746196));
#5332 = CARTESIAN_POINT('',(-5.858414117328,-37.9834882291));
#5333 = CARTESIAN_POINT('',(-5.849162268936,-38.07925303529));
#5334 = CARTESIAN_POINT('',(-5.840227175194,-38.18654880151));
#5335 = CARTESIAN_POINT('',(-5.823989031823,-38.4104560895));
#5336 = CARTESIAN_POINT('',(-5.816617708637,-38.52470617513));
#5337 = CARTESIAN_POINT('',(-5.809540795982,-38.64749334177));
#5338 = CARTESIAN_POINT('',(-5.802786855985,-38.77866095609));
#5339 = CARTESIAN_POINT('',(-5.796392855548,-38.91811949271));
#5340 = CARTESIAN_POINT('',(-5.790407180214,-39.06592279931));
#5341 = ( GEOMETRIC_REPRESENTATION_CONTEXT(2) 
PARAMETRIC_REPRESENTATION_CONTEXT() REPRESENTATION_CONTEXT('2D SPACE',''
  ) );
#5342 = PCURVE('',#5114,#5343);
#5343 = DEFINITIONAL_REPRESENTATION('',(#5344),#5427);
#5344 = B_SPLINE_CURVE_WITH_KNOTS('',6,(#5345,#5346,#5347,#5348,#5349,
    #5350,#5351,#5352,#5353,#5354,#5355,#5356,#5357,#5358,#5359,#5360,
    #5361,#5362,#5363,#5364,#5365,#5366,#5367,#5368,#5369,#5370,#5371,
    #5372,#5373,#5374,#5375,#5376,#5377,#5378,#5379,#5380,#5381,#5382,
    #5383,#5384,#5385,#5386,#5387,#5388,#5389,#5390,#5391,#5392,#5393,
    #5394,#5395,#5396,#5397,#5398,#5399,#5400,#5401,#5402,#5403,#5404,
    #5405,#5406,#5407,#5408,#5409,#5410,#5411,#5412,#5413,#5414,#5415,
    #5416,#5417,#5418,#5419,#5420,#5421,#5422,#5423,#5424,#5425,#5426),
  .UNSPECIFIED.,.F.,.F.,(7,5,5,5,5,5,5,5,5,5,5,5,5,5,5,5,7),(0.,
    1.991811718314E-02,0.101944427941,0.148227088514,0.199582487281,
    0.323007507254,0.401860048075,0.436379609086,0.487660719426,
    0.533904859489,0.615891928692,0.674390598079,0.701627997847,
    0.748104301248,0.798310360154,0.905015387412,1.),.UNSPECIFIED.);
#5345 = CARTESIAN_POINT('',(-6.28318530718,-2.));
#5346 = CARTESIAN_POINT('',(-6.26795421667,-2.01488403618));
#5347 = CARTESIAN_POINT('',(-6.252634223966,-2.029568741166));
#5348 = CARTESIAN_POINT('',(-6.237228187232,-2.044050210357));
#5349 = CARTESIAN_POINT('',(-6.221739243734,-2.058324804732));
#5350 = CARTESIAN_POINT('',(-6.206170809845,-2.072389150854));
#5351 = CARTESIAN_POINT('',(-6.126100894538,-2.143280954531));
#5352 = CARTESIAN_POINT('',(-6.060377021194,-2.196714767368));
#5353 = CARTESIAN_POINT('',(-5.993630959699,-2.246306029809));
#5354 = CARTESIAN_POINT('',(-5.926117716602,-2.292001561165));
#5355 = CARTESIAN_POINT('',(-5.85807724686,-2.333850304073));
#5356 = CARTESIAN_POINT('',(-5.751174711494,-2.393465171612));
#5357 = CARTESIAN_POINT('',(-5.712512200658,-2.413782134028));
#5358 = CARTESIAN_POINT('',(-5.673783210301,-2.432934453117));
#5359 = CARTESIAN_POINT('',(-5.635016972725,-2.450951335698));
#5360 = CARTESIAN_POINT('',(-5.59623723762,-2.467865895238));
#5361 = CARTESIAN_POINT('',(-5.514437915594,-2.501295058432));
#5362 = CARTESIAN_POINT('',(-5.471419732819,-2.517562538845));
#5363 = CARTESIAN_POINT('',(-5.428432052223,-2.532561680879));
#5364 = CARTESIAN_POINT('',(-5.38549206332,-2.546340407511));
#5365 = CARTESIAN_POINT('',(-5.342610260084,-2.558944935702));
#5366 = CARTESIAN_POINT('',(-5.196880147718,-2.5979894397));
#5367 = CARTESIAN_POINT('',(-5.094358473893,-2.619014201836));
#5368 = CARTESIAN_POINT('',(-4.992225858487,-2.634099574955));
#5369 = CARTESIAN_POINT('',(-4.890410663164,-2.643655798918));
#5370 = CARTESIAN_POINT('',(-4.7887723991,-2.647897761821));
#5371 = CARTESIAN_POINT('',(-4.62206531192,-2.646077487068));
#5372 = CARTESIAN_POINT('',(-4.557074606632,-2.643183515309));
#5373 = CARTESIAN_POINT('',(-4.492025436489,-2.638098076298));
#5374 = CARTESIAN_POINT('',(-4.426877332521,-2.630775624222));
#5375 = CARTESIAN_POINT('',(-4.361600850532,-2.621134097289));
#5376 = CARTESIAN_POINT('',(-4.267533246388,-2.603769773281));
#5377 = CARTESIAN_POINT('',(-4.238863412821,-2.59801599551));
#5378 = CARTESIAN_POINT('',(-4.210164105992,-2.591785745942));
#5379 = CARTESIAN_POINT('',(-4.181434847915,-2.585068200437));
#5380 = CARTESIAN_POINT('',(-4.152676045867,-2.577851497698));
#5381 = CARTESIAN_POINT('',(-4.081123904364,-2.558641153134));
#5382 = CARTESIAN_POINT('',(-4.038296855632,-2.546029645431));
#5383 = CARTESIAN_POINT('',(-3.99541191743,-2.532246286215));
#5384 = CARTESIAN_POINT('',(-3.952479615159,-2.51724500817));
#5385 = CARTESIAN_POINT('',(-3.909517144898,-2.50097806756));
#5386 = CARTESIAN_POINT('',(-3.827800523379,-2.467545655277));
#5387 = CARTESIAN_POINT('',(-3.789047707702,-2.450625453225));
#5388 = CARTESIAN_POINT('',(-3.750308653098,-2.43260403455));
#5389 = CARTESIAN_POINT('',(-3.711607111512,-2.413448381309));
#5390 = CARTESIAN_POINT('',(-3.672972302497,-2.393129389069));
#5391 = CARTESIAN_POINT('',(-3.566122999354,-2.333499297766));
#5392 = CARTESIAN_POINT('',(-3.498108775769,-2.291637733612));
#5393 = CARTESIAN_POINT('',(-3.430622745836,-2.245931607363));
#5394 = CARTESIAN_POINT('',(-3.363904755035,-2.196332459959));
#5395 = CARTESIAN_POINT('',(-3.298209577715,-2.142893933154));
#5396 = CARTESIAN_POINT('',(-3.187865074405,-2.045151585292));
#5397 = CARTESIAN_POINT('',(-3.142569695503,-2.002609131077));
#5398 = CARTESIAN_POINT('',(-3.098023171639,-1.958305057583));
#5399 = CARTESIAN_POINT('',(-3.054301864484,-1.912343065421));
#5400 = CARTESIAN_POINT('',(-3.011466029622,-1.864849684487));
#5401 = CARTESIAN_POINT('',(-2.950053837992,-1.793217189852));
#5402 = CARTESIAN_POINT('',(-2.930745584365,-1.770159833258));
#5403 = CARTESIAN_POINT('',(-2.911643264973,-1.746816358013));
#5404 = CARTESIAN_POINT('',(-2.892750163462,-1.723201415988));
#5405 = CARTESIAN_POINT('',(-2.874068632491,-1.699329923295));
#5406 = CARTESIAN_POINT('',(-2.824086461078,-1.63407228339));
#5407 = CARTESIAN_POINT('',(-2.793192989855,-1.592224564179));
#5408 = CARTESIAN_POINT('',(-2.762926753478,-1.549748615876));
#5409 = CARTESIAN_POINT('',(-2.733287019369,-1.50671876369));
#5410 = CARTESIAN_POINT('',(-2.704266904786,-1.463207462183));
#5411 = CARTESIAN_POINT('',(-2.645163088094,-1.371835259834));
#5412 = CARTESIAN_POINT('',(-2.615181141626,-1.323905851412));
#5413 = CARTESIAN_POINT('',(-2.585893822269,-1.275581467548));
#5414 = CARTESIAN_POINT('',(-2.557280622241,-1.226944680375));
#5415 = CARTESIAN_POINT('',(-2.529317030241,-1.178073627123));
#5416 = CARTESIAN_POINT('',(-2.443865922296,-1.024829551281));
#5417 = CARTESIAN_POINT('',(-2.388583769316,-0.9199185577));
#5418 = CARTESIAN_POINT('',(-2.335834382403,-0.814954305035));
#5419 = CARTESIAN_POINT('',(-2.285336307388,-0.710591439772));
#5420 = CARTESIAN_POINT('',(-2.236810495714,-0.607472282261));
#5421 = CARTESIAN_POINT('',(-2.14824334939,-0.416159104746));
#5422 = CARTESIAN_POINT('',(-2.107872793432,-0.327607428205));
#5423 = CARTESIAN_POINT('',(-2.068623266878,-0.241059622035));
#5424 = CARTESIAN_POINT('',(-2.0303135389,-0.157103273766));
#5425 = CARTESIAN_POINT('',(-1.992767290621,-7.645522942499E-02));
#5426 = CARTESIAN_POINT('',(-1.955785358155,0.));
#5427 = ( GEOMETRIC_REPRESENTATION_CONTEXT(2) 
PARAMETRIC_REPRESENTATION_CONTEXT() REPRESENTATION_CONTEXT('2D SPACE',''
  ) );
#5428 = FACE_BOUND('',#5429,.T.);
#5429 = EDGE_LOOP('',(#5430));
#5430 = ORIENTED_EDGE('',*,*,#5431,.T.);
#5431 = EDGE_CURVE('',#5432,#5432,#5434,.T.);
#5432 = VERTEX_POINT('',#5433);
#5433 = CARTESIAN_POINT('',(37.1,27.,0.));
#5434 = SURFACE_CURVE('',#5435,(#5486,#5559),.PCURVE_S1.);
#5435 = B_SPLINE_CURVE_WITH_KNOTS('',7,(#5436,#5437,#5438,#5439,#5440,
    #5441,#5442,#5443,#5444,#5445,#5446,#5447,#5448,#5449,#5450,#5451,
    #5452,#5453,#5454,#5455,#5456,#5457,#5458,#5459,#5460,#5461,#5462,
    #5463,#5464,#5465,#5466,#5467,#5468,#5469,#5470,#5471,#5472,#5473,
    #5474,#5475,#5476,#5477,#5478,#5479,#5480,#5481,#5482,#5483,#5484,
    #5485),.UNSPECIFIED.,.T.,.F.,(8,6,6,6,6,6,6,6,8),(0.,0.245295723459,
    0.500010422775,0.754737687214,1.,1.245319830227,1.500059205106,
    1.754798579986,2.000022080229),.UNSPECIFIED.);
#5436 = CARTESIAN_POINT('',(37.1,27.,-1.33226762955E-15));
#5437 = CARTESIAN_POINT('',(37.1,27.,-0.27875482446));
#5438 = CARTESIAN_POINT('',(37.056831380082,26.996642378444,
    -0.550158417621));
#5439 = CARTESIAN_POINT('',(36.974589600115,26.990246141677,
    -0.80637036449));
#5440 = CARTESIAN_POINT('',(36.858915452428,26.981680427546,
    -1.040861030733));
#5441 = CARTESIAN_POINT('',(36.716905943985,26.972138749474,
    -1.248678017955));
#5442 = CARTESIAN_POINT('',(36.556983591201,26.962677391998,
    -1.426919719438));
#5443 = CARTESIAN_POINT('',(36.214066522635,26.945009231675,
    -1.729241782725));
#5444 = CARTESIAN_POINT('',(36.025759084672,26.936624306844,
    -1.855090077538));
#5445 = CARTESIAN_POINT('',(35.828346441128,26.929459657317,
    -1.954012338555));
#5446 = CARTESIAN_POINT('',(35.624960492716,26.923885922411,
    -2.02723872682));
#5447 = CARTESIAN_POINT('',(35.417908740909,26.920103134097,
    -2.075726193569));
#5448 = CARTESIAN_POINT('',(35.209030276954,26.91820945011,-2.1));
#5449 = CARTESIAN_POINT('',(34.790959411545,26.91820945011,-2.1));
#5450 = CARTESIAN_POINT('',(34.582083254607,26.920103315412,
    -2.075723844699));
#5451 = CARTESIAN_POINT('',(34.375037459886,26.923886084396,
    -2.027236715377));
#5452 = CARTESIAN_POINT('',(34.171655337939,26.929459600639,
    -1.954012640921));
#5453 = CARTESIAN_POINT('',(33.974242470135,26.936624226308,
    -1.85509151807));
#5454 = CARTESIAN_POINT('',(33.785933238173,26.945009243999,
    -1.729241571848));
#5455 = CARTESIAN_POINT('',(33.443047850017,26.962675772048,
    -1.426947438601));
#5456 = CARTESIAN_POINT('',(33.283111921783,26.972137372758,
    -1.248707728792));
#5457 = CARTESIAN_POINT('',(33.141075274963,26.981680750785,
    -1.040865628129));
#5458 = CARTESIAN_POINT('',(33.025384559714,26.99024814671,
    -0.806334151745));
#5459 = CARTESIAN_POINT('',(32.943148374795,26.996643954728,
    -0.550088494912));
#5460 = CARTESIAN_POINT('',(32.9,27.,-0.278689467881));
#5461 = CARTESIAN_POINT('',(32.9,27.,0.278754824457));
#5462 = CARTESIAN_POINT('',(32.943168619916,26.996642378444,
    0.550158417625));
#5463 = CARTESIAN_POINT('',(33.025410399888,26.990246141677,
    0.806370364493));
#5464 = CARTESIAN_POINT('',(33.141084547572,26.981680427546,
    1.04086103073));
#5465 = CARTESIAN_POINT('',(33.283094056011,26.972138749474,
    1.248678017952));
#5466 = CARTESIAN_POINT('',(33.443016408802,26.962677391998,
    1.426919719441));
#5467 = CARTESIAN_POINT('',(33.78593323264,26.945009244284,1.72924156697
    ));
#5468 = CARTESIAN_POINT('',(33.974242482483,26.936624225551,
    1.855091530865));
#5469 = CARTESIAN_POINT('',(34.1716553324,26.929459601472,1.954012626691
    ));
#5470 = CARTESIAN_POINT('',(34.375037448731,26.923886083974,
    2.027236722939));
#5471 = CARTESIAN_POINT('',(34.582083269999,26.920103315491,
    2.075723843104));
#5472 = CARTESIAN_POINT('',(34.79095940526,26.91820945011,2.1));
#5473 = CARTESIAN_POINT('',(35.20904059474,26.91820945011,2.1));
#5474 = CARTESIAN_POINT('',(35.417916730001,26.920103315491,
    2.075723843104));
#5475 = CARTESIAN_POINT('',(35.624962551269,26.923886083974,
    2.027236722939));
#5476 = CARTESIAN_POINT('',(35.8283446676,26.929459601472,1.954012626691
    ));
#5477 = CARTESIAN_POINT('',(36.025757517517,26.936624225551,
    1.855091530865));
#5478 = CARTESIAN_POINT('',(36.21406676736,26.945009244284,1.72924156697
    ));
#5479 = CARTESIAN_POINT('',(36.556917532676,26.962673988456,
    1.426977957862));
#5480 = CARTESIAN_POINT('',(36.716877665725,26.972136329976,
    1.248732244145));
#5481 = CARTESIAN_POINT('',(36.858944245368,26.981681848416,
    1.040855195046));
#5482 = CARTESIAN_POINT('',(36.974645727472,26.990250518726,
    0.806281407632));
#5483 = CARTESIAN_POINT('',(37.056870773224,26.996645440102,
    0.550011943339));
#5484 = CARTESIAN_POINT('',(37.1,27.,0.278627627839));
#5485 = CARTESIAN_POINT('',(37.1,27.,-1.184195848507E-15));
#5486 = PCURVE('',#2242,#5487);
#5487 = DEFINITIONAL_REPRESENTATION('',(#5488),#5558);
#5488 = B_SPLINE_CURVE_WITH_KNOTS('',3,(#5489,#5490,#5491,#5492,#5493,
    #5494,#5495,#5496,#5497,#5498,#5499,#5500,#5501,#5502,#5503,#5504,
    #5505,#5506,#5507,#5508,#5509,#5510,#5511,#5512,#5513,#5514,#5515,
    #5516,#5517,#5518,#5519,#5520,#5521,#5522,#5523,#5524,#5525,#5526,
    #5527,#5528,#5529,#5530,#5531,#5532,#5533,#5534,#5535,#5536,#5537,
    #5538,#5539,#5540,#5541,#5542,#5543,#5544,#5545,#5546,#5547,#5548,
    #5549,#5550,#5551,#5552,#5553,#5554,#5555,#5556,#5557),
  .UNSPECIFIED.,.T.,.F.,(4,1,1,1,1,1,1,1,1,1,1,1,1,1,1,1,1,1,1,1,1,1,1,1
    ,1,1,1,1,1,1,1,1,1,1,1,1,1,1,1,1,1,1,1,1,1,1,1,1,1,1,1,1,1,1,1,1,1,1
    ,1,1,1,1,1,1,1,1,4),(0.,3.030336485196E-02,6.060672970392E-02,
    9.091009455588E-02,0.121213459408,0.15151682426,0.181820189112,
    0.212123553964,0.242426918816,0.272730283668,0.30303364852,
    0.333337013372,0.363640378224,0.393943743075,0.424247107927,
    0.454550472779,0.484853837631,0.515157202483,0.545460567335,
    0.575763932187,0.606067297039,0.636370661891,0.666674026743,
    0.696977391595,0.727280756447,0.757584121299,0.787887486151,
    0.818190851003,0.848494215855,0.878797580707,0.909100945559,
    0.939404310411,0.969707675263,1.000011040115,1.030314404967,
    1.060617769819,1.090921134671,1.121224499523,1.151527864374,
    1.181831229226,1.212134594078,1.24243795893,1.272741323782,
    1.303044688634,1.333348053486,1.363651418338,1.39395478319,
    1.424258148042,1.454561512894,1.484864877746,1.515168242598,
    1.54547160745,1.575774972302,1.606078337154,1.636381702006,
    1.666685066858,1.69698843171,1.727291796562,1.757595161414,
    1.787898526266,1.818201891118,1.84850525597,1.878808620821,
    1.909111985673,1.939415350525,1.969718715377,2.000022080229),
  .QUASI_UNIFORM_KNOTS.);
#5489 = CARTESIAN_POINT('',(-6.28318530718,-38.1));
#5490 = CARTESIAN_POINT('',(-6.280208425951,-38.10002450001));
#5491 = CARTESIAN_POINT('',(-6.274316074769,-38.09075670989));
#5492 = CARTESIAN_POINT('',(-6.265759965253,-38.05099962992));
#5493 = CARTESIAN_POINT('',(-6.257588672301,-37.98736797266));
#5494 = CARTESIAN_POINT('',(-6.24988983964,-37.9022421094));
#5495 = CARTESIAN_POINT('',(-6.242739910765,-37.79824588356));
#5496 = CARTESIAN_POINT('',(-6.236202932091,-37.6783086401));
#5497 = CARTESIAN_POINT('',(-6.230325112538,-37.54552136041));
#5498 = CARTESIAN_POINT('',(-6.225150496735,-37.40359542921));
#5499 = CARTESIAN_POINT('',(-6.220655941312,-37.25511434207));
#5500 = CARTESIAN_POINT('',(-6.216751760021,-37.099479123));
#5501 = CARTESIAN_POINT('',(-6.213441891497,-36.93853347782));
#5502 = CARTESIAN_POINT('',(-6.21070700822,-36.77325792411));
#5503 = CARTESIAN_POINT('',(-6.208535793647,-36.60467121997));
#5504 = CARTESIAN_POINT('',(-6.206917113843,-36.43362194403));
#5505 = CARTESIAN_POINT('',(-6.205842650165,-36.2608719884));
#5506 = CARTESIAN_POINT('',(-6.205306615848,-36.08711093388));
#5507 = CARTESIAN_POINT('',(-6.205306533077,-35.91294519635));
#5508 = CARTESIAN_POINT('',(-6.205842369687,-35.73919030901));
#5509 = CARTESIAN_POINT('',(-6.206916567481,-35.56644935467));
#5510 = CARTESIAN_POINT('',(-6.208534902382,-35.39540991549));
#5511 = CARTESIAN_POINT('',(-6.210705696798,-35.22683230386));
#5512 = CARTESIAN_POINT('',(-6.213440100392,-35.06156403471));
#5513 = CARTESIAN_POINT('',(-6.216749428305,-34.9006238404));
#5514 = CARTESIAN_POINT('',(-6.220653056164,-34.74499091433));
#5515 = CARTESIAN_POINT('',(-6.225146850936,-34.59651482722));
#5516 = CARTESIAN_POINT('',(-6.230321093414,-34.45457787265));
#5517 = CARTESIAN_POINT('',(-6.236199464136,-34.3217606277));
#5518 = CARTESIAN_POINT('',(-6.242737558565,-34.20178990966));
#5519 = CARTESIAN_POINT('',(-6.249889310825,-34.09776479546));
#5520 = CARTESIAN_POINT('',(-6.257589166501,-34.01261921558));
#5521 = CARTESIAN_POINT('',(-6.265764806306,-33.94898576382));
#5522 = CARTESIAN_POINT('',(-6.274311455537,-33.90922033735));
#5523 = CARTESIAN_POINT('',(-6.283188716796,-33.89538491244));
#5524 = CARTESIAN_POINT('',(-6.292065034403,-33.90924002387));
#5525 = CARTESIAN_POINT('',(-6.300609848746,-33.94901292413));
#5526 = CARTESIAN_POINT('',(-6.308783066562,-34.01263711517));
#5527 = CARTESIAN_POINT('',(-6.316480385242,-34.09775599384));
#5528 = CARTESIAN_POINT('',(-6.323629854839,-34.20174028542));
#5529 = CARTESIAN_POINT('',(-6.330166249853,-34.321663226));
#5530 = CARTESIAN_POINT('',(-6.336043689239,-34.45443420312));
#5531 = CARTESIAN_POINT('',(-6.341218066306,-34.59634364787));
#5532 = CARTESIAN_POINT('',(-6.345712476527,-34.74480688753));
#5533 = CARTESIAN_POINT('',(-6.34961663109,-34.9004241081));
#5534 = CARTESIAN_POINT('',(-6.352926557279,-35.06135065228));
#5535 = CARTESIAN_POINT('',(-6.355661587078,-35.22660595244));
#5536 = CARTESIAN_POINT('',(-6.357833047693,-35.39517159976));
#5537 = CARTESIAN_POINT('',(-6.359452087183,-35.56619993908));
#5538 = CARTESIAN_POINT('',(-6.360527030753,-35.73893072101));
#5539 = CARTESIAN_POINT('',(-6.361063659192,-35.91267614391));
#5540 = CARTESIAN_POINT('',(-6.361064413051,-36.08683393776));
#5541 = CARTESIAN_POINT('',(-6.360529294485,-36.26058139681));
#5542 = CARTESIAN_POINT('',(-6.359455872893,-36.43331595263));
#5543 = CARTESIAN_POINT('',(-6.357838375021,-36.60435012048));
#5544 = CARTESIAN_POINT('',(-6.355668484734,-36.77292380866));
#5545 = CARTESIAN_POINT('',(-6.352935052941,-36.93818989513));
#5546 = CARTESIAN_POINT('',(-6.349626783555,-37.09912954055));
#5547 = CARTESIAN_POINT('',(-6.345724250012,-37.25476563436));
#5548 = CARTESIAN_POINT('',(-6.341231793348,-37.40324283129));
#5549 = CARTESIAN_POINT('',(-6.336058426184,-37.54520114218));
#5550 = CARTESIAN_POINT('',(-6.330179819404,-37.67806478719));
#5551 = CARTESIAN_POINT('',(-6.323640746123,-37.79808544978));
#5552 = CARTESIAN_POINT('',(-6.316487828115,-37.90215631096));
#5553 = CARTESIAN_POINT('',(-6.308785759869,-37.98733566065));
#5554 = CARTESIAN_POINT('',(-6.30061166788,-38.0509958529));
#5555 = CARTESIAN_POINT('',(-6.292053920041,-38.09075916183));
#5556 = CARTESIAN_POINT('',(-6.286161701161,-38.10002516115));
#5557 = CARTESIAN_POINT('',(-6.28318530718,-38.1));
#5558 = ( GEOMETRIC_REPRESENTATION_CONTEXT(2) 
PARAMETRIC_REPRESENTATION_CONTEXT() REPRESENTATION_CONTEXT('2D SPACE',''
  ) );
#5559 = PCURVE('',#5560,#5565);
#5560 = CYLINDRICAL_SURFACE('',#5561,2.1);
#5561 = AXIS2_PLACEMENT_3D('',#5562,#5563,#5564);
#5562 = CARTESIAN_POINT('',(35.,26.5,0.));
#5563 = DIRECTION('',(0.,-1.,-0.));
#5564 = DIRECTION('',(1.,0.,0.));
#5565 = DEFINITIONAL_REPRESENTATION('',(#5566),#5636);
#5566 = B_SPLINE_CURVE_WITH_KNOTS('',3,(#5567,#5568,#5569,#5570,#5571,
    #5572,#5573,#5574,#5575,#5576,#5577,#5578,#5579,#5580,#5581,#5582,
    #5583,#5584,#5585,#5586,#5587,#5588,#5589,#5590,#5591,#5592,#5593,
    #5594,#5595,#5596,#5597,#5598,#5599,#5600,#5601,#5602,#5603,#5604,
    #5605,#5606,#5607,#5608,#5609,#5610,#5611,#5612,#5613,#5614,#5615,
    #5616,#5617,#5618,#5619,#5620,#5621,#5622,#5623,#5624,#5625,#5626,
    #5627,#5628,#5629,#5630,#5631,#5632,#5633,#5634,#5635),
  .UNSPECIFIED.,.F.,.F.,(4,1,1,1,1,1,1,1,1,1,1,1,1,1,1,1,1,1,1,1,1,1,1,1
    ,1,1,1,1,1,1,1,1,1,1,1,1,1,1,1,1,1,1,1,1,1,1,1,1,1,1,1,1,1,1,1,1,1,1
    ,1,1,1,1,1,1,1,1,4),(0.,3.030336485196E-02,6.060672970392E-02,
    9.091009455588E-02,0.121213459408,0.15151682426,0.181820189112,
    0.212123553964,0.242426918816,0.272730283668,0.30303364852,
    0.333337013372,0.363640378224,0.393943743075,0.424247107927,
    0.454550472779,0.484853837631,0.515157202483,0.545460567335,
    0.575763932187,0.606067297039,0.636370661891,0.666674026743,
    0.696977391595,0.727280756447,0.757584121299,0.787887486151,
    0.818190851003,0.848494215855,0.878797580707,0.909100945559,
    0.939404310411,0.969707675263,1.000011040115,1.030314404967,
    1.060617769819,1.090921134671,1.121224499523,1.151527864374,
    1.181831229226,1.212134594078,1.24243795893,1.272741323782,
    1.303044688634,1.333348053486,1.363651418338,1.39395478319,
    1.424258148042,1.454561512894,1.484864877746,1.515168242598,
    1.54547160745,1.575774972302,1.606078337154,1.636381702006,
    1.666685066858,1.69698843171,1.727291796562,1.757595161414,
    1.787898526266,1.818201891118,1.84850525597,1.878808620821,
    1.909111985673,1.939415350525,1.969718715377,2.000022080229),
  .QUASI_UNIFORM_KNOTS.);
#5567 = CARTESIAN_POINT('',(-6.344131569287E-16,-0.5));
#5568 = CARTESIAN_POINT('',(-3.825854552318E-02,-0.500007077955));
#5569 = CARTESIAN_POINT('',(-0.114045177325,-0.49927642609));
#5570 = CARTESIAN_POINT('',(-0.225479880656,-0.496217650604));
#5571 = CARTESIAN_POINT('',(-0.33463807783,-0.491439259805));
#5572 = CARTESIAN_POINT('',(-0.44140939008,-0.485283987462));
#5573 = CARTESIAN_POINT('',(-0.545630895902,-0.478130124688));
#5574 = CARTESIAN_POINT('',(-0.647049335725,-0.47037966971));
#5575 = CARTESIAN_POINT('',(-0.745394041399,-0.462424130126));
#5576 = CARTESIAN_POINT('',(-0.840052589839,-0.454648340949));
#5577 = CARTESIAN_POINT('',(-0.931206474776,-0.447311867086));
#5578 = CARTESIAN_POINT('',(-1.020570744585,-0.440499003837));
#5579 = CARTESIAN_POINT('',(-1.108101229362,-0.434401312364));
#5580 = CARTESIAN_POINT('',(-1.19418587494,-0.429140881286));
#5581 = CARTESIAN_POINT('',(-1.279078913395,-0.424821356681));
#5582 = CARTESIAN_POINT('',(-1.36305898273,-0.421518656739));
#5583 = CARTESIAN_POINT('',(-1.446393690488,-0.419287465198));
#5584 = CARTESIAN_POINT('',(-1.529350465167,-0.418162759322));
#5585 = CARTESIAN_POINT('',(-1.612215468266,-0.418162584971));
#5586 = CARTESIAN_POINT('',(-1.695169114404,-0.419286878276));
#5587 = CARTESIAN_POINT('',(-1.778499044399,-0.421517529221));
#5588 = CARTESIAN_POINT('',(-1.862473498038,-0.424819555592));
#5589 = CARTESIAN_POINT('',(-1.947360695183,-0.42913830739));
#5590 = CARTESIAN_POINT('',(-2.033439684226,-0.434397927944));
#5591 = CARTESIAN_POINT('',(-2.120964547902,-0.440494807717));
#5592 = CARTESIAN_POINT('',(-2.210323950817,-0.44730697404));
#5593 = CARTESIAN_POINT('',(-2.301469840594,-0.454642598988));
#5594 = CARTESIAN_POINT('',(-2.396128749263,-0.462418404991));
#5595 = CARTESIAN_POINT('',(-2.494488018077,-0.470375302577));
#5596 = CARTESIAN_POINT('',(-2.595927089577,-0.478127707541));
#5597 = CARTESIAN_POINT('',(-2.700175819281,-0.485283424403));
#5598 = CARTESIAN_POINT('',(-2.806962563895,-0.491440368128));
#5599 = CARTESIAN_POINT('',(-2.916173832719,-0.496218112657));
#5600 = CARTESIAN_POINT('',(-3.027496220695,-0.499280611903));
#5601 = CARTESIAN_POINT('',(-3.141636392025,-0.500360076403));
#5602 = CARTESIAN_POINT('',(-3.255765027606,-0.499279081629));
#5603 = CARTESIAN_POINT('',(-3.367064885452,-0.496216048666));
#5604 = CARTESIAN_POINT('',(-3.476245144387,-0.491439066157));
#5605 = CARTESIAN_POINT('',(-3.582997051394,-0.485284084938));
#5606 = CARTESIAN_POINT('',(-3.687210886872,-0.478131077683));
#5607 = CARTESIAN_POINT('',(-3.788619250259,-0.470381441263));
#5608 = CARTESIAN_POINT('',(-3.886955299719,-0.462426706168));
#5609 = CARTESIAN_POINT('',(-3.981606120062,-0.45465154384));
#5610 = CARTESIAN_POINT('',(-4.072752273912,-0.447315570279));
#5611 = CARTESIAN_POINT('',(-4.162109276165,-0.440502989373));
#5612 = CARTESIAN_POINT('',(-4.249632187829,-0.434405389641));
#5613 = CARTESIAN_POINT('',(-4.335708813431,-0.429144833238));
#5614 = CARTESIAN_POINT('',(-4.420593436629,-0.424824932253));
#5615 = CARTESIAN_POINT('',(-4.504565006465,-0.421521569545));
#5616 = CARTESIAN_POINT('',(-4.587891747629,-0.419289416294));
#5617 = CARTESIAN_POINT('',(-4.670841750285,-0.418163473616));
#5618 = CARTESIAN_POINT('',(-4.753702982829,-0.418161886457));
#5619 = CARTESIAN_POINT('',(-4.836652352154,-0.419284682812));
#5620 = CARTESIAN_POINT('',(-4.919977647252,-0.421513762933));
#5621 = CARTESIAN_POINT('',(-5.003947032577,-0.424814178177));
#5622 = CARTESIAN_POINT('',(-5.088828679285,-0.429131312164));
#5623 = CARTESIAN_POINT('',(-5.174901662021,-0.434389359203));
#5624 = CARTESIAN_POINT('',(-5.262419726567,-0.440484740507));
#5625 = CARTESIAN_POINT('',(-5.351772534204,-0.44729563524));
#5626 = CARTESIAN_POINT('',(-5.442907990749,-0.454629968005));
#5627 = CARTESIAN_POINT('',(-5.537566269599,-0.462405676412));
#5628 = CARTESIAN_POINT('',(-5.635941935481,-0.470364363058));
#5629 = CARTESIAN_POINT('',(-5.737404748301,-0.478119319881));
#5630 = CARTESIAN_POINT('',(-5.841676693818,-0.485277863424));
#5631 = CARTESIAN_POINT('',(-5.948495925424,-0.491436843854));
#5632 = CARTESIAN_POINT('',(-6.057692253937,-0.49621735584));
#5633 = CARTESIAN_POINT('',(-6.169148202895,-0.49927661211));
#5634 = CARTESIAN_POINT('',(-6.2449329291,-0.500007138808));
#5635 = CARTESIAN_POINT('',(-6.28318530718,-0.5));
#5636 = ( GEOMETRIC_REPRESENTATION_CONTEXT(2) 
PARAMETRIC_REPRESENTATION_CONTEXT() REPRESENTATION_CONTEXT('2D SPACE',''
  ) );
#5637 = FACE_BOUND('',#5638,.T.);
#5638 = EDGE_LOOP('',(#5639,#5936,#5962));
#5639 = ORIENTED_EDGE('',*,*,#5640,.F.);
#5640 = EDGE_CURVE('',#5641,#5643,#5645,.T.);
#5641 = VERTEX_POINT('',#5642);
#5642 = CARTESIAN_POINT('',(73.065922799318,23.787593916455,
    12.773033142751));
#5643 = VERTEX_POINT('',#5644);
#5644 = CARTESIAN_POINT('',(78.15,25.787593916455,8.));
#5645 = SURFACE_CURVE('',#5646,(#5739,#5835),.PCURVE_S1.);
#5646 = B_SPLINE_CURVE_WITH_KNOTS('',7,(#5647,#5648,#5649,#5650,#5651,
    #5652,#5653,#5654,#5655,#5656,#5657,#5658,#5659,#5660,#5661,#5662,
    #5663,#5664,#5665,#5666,#5667,#5668,#5669,#5670,#5671,#5672,#5673,
    #5674,#5675,#5676,#5677,#5678,#5679,#5680,#5681,#5682,#5683,#5684,
    #5685,#5686,#5687,#5688,#5689,#5690,#5691,#5692,#5693,#5694,#5695,
    #5696,#5697,#5698,#5699,#5700,#5701,#5702,#5703,#5704,#5705,#5706,
    #5707,#5708,#5709,#5710,#5711,#5712,#5713,#5714,#5715,#5716,#5717,
    #5718,#5719,#5720,#5721,#5722,#5723,#5724,#5725,#5726,#5727,#5728,
    #5729,#5730,#5731,#5732,#5733,#5734,#5735,#5736,#5737,#5738),
  .UNSPECIFIED.,.F.,.F.,(8,6,6,6,6,6,6,6,6,6,6,6,6,6,6,8),(0.,
    9.496911448249E-02,0.20164524633,0.251878101219,0.29818586071,
    0.325445842366,0.384167853746,0.466377877303,0.51238142631,
    0.563486414107,0.669991449135,0.801382527411,0.852402974685,
    0.898458354747,0.979901756536,1.),.UNSPECIFIED.);
#5647 = CARTESIAN_POINT('',(73.065922799318,23.787593916455,
    12.773033142751));
#5648 = CARTESIAN_POINT('',(72.939283902056,23.853101286802,
    12.651036847359));
#5649 = CARTESIAN_POINT('',(72.818600855534,23.921601192606,
    12.521716100619));
#5650 = CARTESIAN_POINT('',(72.703842962329,23.99258877834,
    12.385652916434));
#5651 = CARTESIAN_POINT('',(72.595040846602,24.065630938419,
    12.243321609815));
#5652 = CARTESIAN_POINT('',(72.492264716385,24.14035536885,
    12.095109134764));
#5653 = CARTESIAN_POINT('',(72.395619390771,24.216445185705,
    11.941317991617));
#5654 = CARTESIAN_POINT('',(72.2037535433,24.38034887218,11.603364695124
    ));
#5655 = CARTESIAN_POINT('',(72.11021660119,24.468417899844,
    11.417865348492));
#5656 = CARTESIAN_POINT('',(72.02485473532,24.557469445823,11.2259608223
    ));
#5657 = CARTESIAN_POINT('',(71.948038096252,24.647134439211,
    11.027968918275));
#5658 = CARTESIAN_POINT('',(71.88025261853,24.737042883968,
    10.824245857067));
#5659 = CARTESIAN_POINT('',(71.822075441206,24.826822484869,
    10.615205983183));
#5660 = CARTESIAN_POINT('',(71.751612697858,24.958146619706,
    10.300622675299));
#5661 = CARTESIAN_POINT('',(71.731335124602,25.000073552556,
    10.198851953635));
#5662 = CARTESIAN_POINT('',(71.713407813624,25.041843802807,
    10.096079542177));
#5663 = CARTESIAN_POINT('',(71.697905316036,25.083413488073,
    9.992373779047));
#5664 = CARTESIAN_POINT('',(71.684904912784,25.124736662508,
    9.887813892554));
#5665 = CARTESIAN_POINT('',(71.674484680898,25.165765638748,
    9.782490861144));
#5666 = CARTESIAN_POINT('',(71.659565033456,25.243957883515,
    9.578806954215));
#5667 = CARTESIAN_POINT('',(71.654666647726,25.281172501636,
    9.480545672504));
#5668 = CARTESIAN_POINT('',(71.65208655094,25.318056144831,
    9.381807067486));
#5669 = CARTESIAN_POINT('',(71.651884023681,25.354568375904,
    9.282684129229));
#5670 = CARTESIAN_POINT('',(71.654115267855,25.390667754838,
    9.183280510751));
#5671 = CARTESIAN_POINT('',(71.65883119581,25.42631225378,9.083710840179
    ));
#5672 = CARTESIAN_POINT('',(71.670339557751,25.482149897327,
    8.925463742986));
#5673 = CARTESIAN_POINT('',(71.675479871172,25.502667909315,
    8.866812460714));
#5674 = CARTESIAN_POINT('',(71.681505185272,25.523005017613,
    8.808173013752));
#5675 = CARTESIAN_POINT('',(71.688423346612,25.543152643522,
    8.749572319158));
#5676 = CARTESIAN_POINT('',(71.69624102277,25.563102320022,
    8.691038383392));
#5677 = CARTESIAN_POINT('',(71.704963702334,25.582845691782,
    8.632600302317));
#5678 = CARTESIAN_POINT('',(71.735344424121,25.644442474054,
    8.448675544877));
#5679 = CARTESIAN_POINT('',(71.76031369983,25.685517686991,8.32363953405
    ));
#5680 = CARTESIAN_POINT('',(71.789543274005,25.725513913632,
    8.199493156494));
#5681 = CARTESIAN_POINT('',(71.823042765576,25.76435470688,
    8.076555345885));
#5682 = CARTESIAN_POINT('',(71.860787526904,25.801973487279,
    7.955148387134));
#5683 = CARTESIAN_POINT('',(71.902714510254,25.838313617429,
    7.835595261732));
#5684 = CARTESIAN_POINT('',(72.013122587128,25.922348806474,
    7.553889000858));
#5685 = CARTESIAN_POINT('',(72.085531324608,25.968782527538,
    7.393786906742));
#5686 = CARTESIAN_POINT('',(72.165652634272,26.01249377336,
    7.238813041654));
#5687 = CARTESIAN_POINT('',(72.253075315742,26.053425566386,
    7.089725833588));
#5688 = CARTESIAN_POINT('',(72.347301279326,26.091576647931,
    6.947156683816));
#5689 = CARTESIAN_POINT('',(72.447769458121,26.12698383763,
    6.811621982552));
#5690 = CARTESIAN_POINT('',(72.613243952063,26.178022969197,
    6.61185197722));
#5691 = CARTESIAN_POINT('',(72.674388130204,26.195498667773,
    6.54249567627));
#5692 = CARTESIAN_POINT('',(72.737203349905,26.212149500074,
    6.475526962272));
#5693 = CARTESIAN_POINT('',(72.801589219242,26.227990865451,
    6.410998439456));
#5694 = CARTESIAN_POINT('',(72.867446388818,26.243040227924,
    6.34895141975));
#5695 = CARTESIAN_POINT('',(72.934677768108,26.257316263724,
    6.289417627327));
#5696 = CARTESIAN_POINT('',(73.079299164994,26.285859211177,
    6.169103681833));
#5697 = CARTESIAN_POINT('',(73.156988582668,26.299949491911,
    6.108917702019));
#5698 = CARTESIAN_POINT('',(73.236130704281,26.313135383978,
    6.051894396406));
#5699 = CARTESIAN_POINT('',(73.316602708377,26.325443759165,
    5.998054212507));
#5700 = CARTESIAN_POINT('',(73.398287145306,26.33690113547,
    5.947408719017));
#5701 = CARTESIAN_POINT('',(73.481072839933,26.347532984476,
    5.899962712165));
#5702 = CARTESIAN_POINT('',(73.739463144441,26.377849302741,
    5.763504905375));
#5703 = CARTESIAN_POINT('',(73.918373135831,26.394849865139,
    5.685205321654));
#5704 = CARTESIAN_POINT('',(74.100680348407,26.408586955568,
    5.620789010456));
#5705 = CARTESIAN_POINT('',(74.285541514207,26.419237798176,
    5.570198774635));
#5706 = CARTESIAN_POINT('',(74.472177943266,26.426933278565,
    5.533361595681));
#5707 = CARTESIAN_POINT('',(74.65987898207,26.431754063959,
    5.510215115053));
#5708 = CARTESIAN_POINT('',(75.080092039604,26.43615462716,
    5.489068304017));
#5709 = CARTESIAN_POINT('',(75.313185596975,26.43425027835,
    5.498189509989));
#5710 = CARTESIAN_POINT('',(75.545646276093,26.428026638908,
    5.528229624354));
#5711 = CARTESIAN_POINT('',(75.775941618898,26.417416673377,
    5.579191772998));
#5712 = CARTESIAN_POINT('',(76.002622028914,26.402241595683,
    5.651074578796));
#5713 = CARTESIAN_POINT('',(76.224330287194,26.382207040686,
    5.743939230207));
#5714 = CARTESIAN_POINT('',(76.523365614367,26.346967994396,
    5.902486016258));
#5715 = CARTESIAN_POINT('',(76.606006633149,26.336310762517,
    5.950023761972));
#5716 = CARTESIAN_POINT('',(76.687544756575,26.324828946115,
    6.00075349925));
#5717 = CARTESIAN_POINT('',(76.767869009943,26.312497122421,
    6.054670268616));
#5718 = CARTESIAN_POINT('',(76.846862174141,26.299288842467,
    6.111762315742));
#5719 = CARTESIAN_POINT('',(76.924401690333,26.285177324673,
    6.172008988954));
#5720 = CARTESIAN_POINT('',(77.068927482635,26.256558707889,
    6.292581451846));
#5721 = CARTESIAN_POINT('',(77.136206145499,26.242223795737,
    6.352328761528));
#5722 = CARTESIAN_POINT('',(77.202102370919,26.227112299715,
    6.41459636267));
#5723 = CARTESIAN_POINT('',(77.266518501624,26.211205483052,
    6.479352083204));
#5724 = CARTESIAN_POINT('',(77.329354637342,26.194485847311,
    6.546554062902));
#5725 = CARTESIAN_POINT('',(77.390509866768,26.176937995236,
    6.61614903419));
#5726 = CARTESIAN_POINT('',(77.554878629797,26.126031639592,
    6.815255249228));
#5727 = CARTESIAN_POINT('',(77.654324496108,26.090878190629,
    6.949742121228));
#5728 = CARTESIAN_POINT('',(77.747629103404,26.05302851875,
    7.091131271956));
#5729 = CARTESIAN_POINT('',(77.834246766911,26.012447249023,
    7.238918500215));
#5730 = CARTESIAN_POINT('',(77.913692769844,25.969135903468,
    7.392488451438));
#5731 = CARTESIAN_POINT('',(77.98556626479,25.923149792882,
    7.551103104647));
#5732 = CARTESIAN_POINT('',(78.065378796146,25.862644226986,
    7.754056403005));
#5733 = CARTESIAN_POINT('',(78.080698178788,25.850512975163,
    7.794482419765));
#5734 = CARTESIAN_POINT('',(78.09553548966,25.838228143111,
    7.835151224974));
#5735 = CARTESIAN_POINT('',(78.109887152434,25.825791646083,
    7.876050207397));
#5736 = CARTESIAN_POINT('',(78.123750091525,25.813205572584,
    7.917166615424));
#5737 = CARTESIAN_POINT('',(78.137121732083,25.800472184372,
    7.958487557077));
#5738 = CARTESIAN_POINT('',(78.15,25.787593916455,8.));
#5739 = PCURVE('',#2242,#5740);
#5740 = DEFINITIONAL_REPRESENTATION('',(#5741),#5834);
#5741 = B_SPLINE_CURVE_WITH_KNOTS('',7,(#5742,#5743,#5744,#5745,#5746,
    #5747,#5748,#5749,#5750,#5751,#5752,#5753,#5754,#5755,#5756,#5757,
    #5758,#5759,#5760,#5761,#5762,#5763,#5764,#5765,#5766,#5767,#5768,
    #5769,#5770,#5771,#5772,#5773,#5774,#5775,#5776,#5777,#5778,#5779,
    #5780,#5781,#5782,#5783,#5784,#5785,#5786,#5787,#5788,#5789,#5790,
    #5791,#5792,#5793,#5794,#5795,#5796,#5797,#5798,#5799,#5800,#5801,
    #5802,#5803,#5804,#5805,#5806,#5807,#5808,#5809,#5810,#5811,#5812,
    #5813,#5814,#5815,#5816,#5817,#5818,#5819,#5820,#5821,#5822,#5823,
    #5824,#5825,#5826,#5827,#5828,#5829,#5830,#5831,#5832,#5833),
  .UNSPECIFIED.,.F.,.F.,(8,6,6,6,6,6,6,6,6,6,6,6,6,6,6,8),(0.,
    9.496911448249E-02,0.20164524633,0.251878101219,0.29818586071,
    0.325445842366,0.384167853746,0.466377877303,0.51238142631,
    0.563486414107,0.669991449135,0.801382527411,0.852402974685,
    0.898458354747,0.979901756536,1.),.UNSPECIFIED.);
#5742 = CARTESIAN_POINT('',(-6.775963434145,-74.06592279931));
#5743 = CARTESIAN_POINT('',(-6.770834866043,-73.93928390205));
#5744 = CARTESIAN_POINT('',(-6.765414864574,-73.81860085553));
#5745 = CARTESIAN_POINT('',(-6.759731047223,-73.70384296232));
#5746 = CARTESIAN_POINT('',(-6.753806145042,-73.5950408466));
#5747 = CARTESIAN_POINT('',(-6.747658861754,-73.49226471638));
#5748 = CARTESIAN_POINT('',(-6.741304062878,-73.39561939077));
#5749 = CARTESIAN_POINT('',(-6.727392878351,-73.2037535433));
#5750 = CARTESIAN_POINT('',(-6.719787807388,-73.11021660119));
#5751 = CARTESIAN_POINT('',(-6.711952755168,-73.02485473532));
#5752 = CARTESIAN_POINT('',(-6.703903432372,-72.94803809625));
#5753 = CARTESIAN_POINT('',(-6.69565664744,-72.88025261853));
#5754 = CARTESIAN_POINT('',(-6.687231013972,-72.8220754412));
#5755 = CARTESIAN_POINT('',(-6.674605312074,-72.75161269785));
#5756 = CARTESIAN_POINT('',(-6.670528733191,-72.7313351246));
#5757 = CARTESIAN_POINT('',(-6.666420046004,-72.71340781362));
#5758 = CARTESIAN_POINT('',(-6.662282095761,-72.69790531603));
#5759 = CARTESIAN_POINT('',(-6.658118122721,-72.68490491278));
#5760 = CARTESIAN_POINT('',(-6.653931789346,-72.67448468089));
#5761 = CARTESIAN_POINT('',(-6.645851163302,-72.65956503345));
#5762 = CARTESIAN_POINT('',(-6.641959632689,-72.65466664772));
#5763 = CARTESIAN_POINT('',(-6.638055896098,-72.65208655094));
#5764 = CARTESIAN_POINT('',(-6.634143606755,-72.65188402368));
#5765 = CARTESIAN_POINT('',(-6.630226798711,-72.65411526785));
#5766 = CARTESIAN_POINT('',(-6.626309894886,-72.65883119581));
#5767 = CARTESIAN_POINT('',(-6.620094732863,-72.67033955775));
#5768 = CARTESIAN_POINT('',(-6.617793384349,-72.67547987117));
#5769 = CARTESIAN_POINT('',(-6.615494658525,-72.68150518527));
#5770 = CARTESIAN_POINT('',(-6.613199581476,-72.68842334661));
#5771 = CARTESIAN_POINT('',(-6.610909216422,-72.69624102277));
#5772 = CARTESIAN_POINT('',(-6.608624663723,-72.70496370233));
#5773 = CARTESIAN_POINT('',(-6.601440769224,-72.73534442412));
#5774 = CARTESIAN_POINT('',(-6.596566407983,-72.76031369983));
#5775 = CARTESIAN_POINT('',(-6.591735787807,-72.789543274));
#5776 = CARTESIAN_POINT('',(-6.586960827963,-72.82304276557));
#5777 = CARTESIAN_POINT('',(-6.582253471389,-72.8607875269));
#5778 = CARTESIAN_POINT('',(-6.577625599745,-72.90271451025));
#5779 = CARTESIAN_POINT('',(-6.566737697899,-73.01312258712));
#5780 = CARTESIAN_POINT('',(-6.560563816595,-73.0855313246));
#5781 = CARTESIAN_POINT('',(-6.55460034865,-73.16565263427));
#5782 = CARTESIAN_POINT('',(-6.548874504227,-73.25307531574));
#5783 = CARTESIAN_POINT('',(-6.54340853468,-73.34730127932));
#5784 = CARTESIAN_POINT('',(-6.538220340786,-73.44776945812));
#5785 = CARTESIAN_POINT('',(-6.530583788013,-73.61324395206));
#5786 = CARTESIAN_POINT('',(-6.527934761871,-73.6743881302));
#5787 = CARTESIAN_POINT('',(-6.525378941564,-73.7372033499));
#5788 = CARTESIAN_POINT('',(-6.522918050163,-73.80158921924));
#5789 = CARTESIAN_POINT('',(-6.520553395439,-73.86744638881));
#5790 = CARTESIAN_POINT('',(-6.518285937414,-73.9346777681));
#5791 = CARTESIAN_POINT('',(-6.513706184555,-74.07929916499));
#5792 = CARTESIAN_POINT('',(-6.511416811854,-74.15698858266));
#5793 = CARTESIAN_POINT('',(-6.509249120902,-74.23613070428));
#5794 = CARTESIAN_POINT('',(-6.507203606217,-74.31660270837));
#5795 = CARTESIAN_POINT('',(-6.505280453323,-74.3982871453));
#5796 = CARTESIAN_POINT('',(-6.503479618333,-74.48107283993));
#5797 = CARTESIAN_POINT('',(-6.49830240062,-74.73946314444));
#5798 = CARTESIAN_POINT('',(-6.495334882039,-74.91837313583));
#5799 = CARTESIAN_POINT('',(-6.492895464321,-75.1006803484));
#5800 = CARTESIAN_POINT('',(-6.490980681152,-75.2855415142));
#5801 = CARTESIAN_POINT('',(-6.489586888705,-75.47217794326));
#5802 = CARTESIAN_POINT('',(-6.48871121568,-75.65987898207));
#5803 = CARTESIAN_POINT('',(-6.487911222047,-76.0800920396));
#5804 = CARTESIAN_POINT('',(-6.488256328689,-76.31318559697));
#5805 = CARTESIAN_POINT('',(-6.48939255226,-76.54564627609));
#5806 = CARTESIAN_POINT('',(-6.491320512109,-76.77594161889));
#5807 = CARTESIAN_POINT('',(-6.494041495451,-77.00262202891));
#5808 = CARTESIAN_POINT('',(-6.497559990065,-77.22433028719));
#5809 = CARTESIAN_POINT('',(-6.503575387974,-77.52336561436));
#5810 = CARTESIAN_POINT('',(-6.50537974403,-77.60600663314));
#5811 = CARTESIAN_POINT('',(-6.507306139863,-77.68754475657));
#5812 = CARTESIAN_POINT('',(-6.509354613221,-77.76786900994));
#5813 = CARTESIAN_POINT('',(-6.51152497148,-77.84686217414));
#5814 = CARTESIAN_POINT('',(-6.513816712189,-77.92440169033));
#5815 = CARTESIAN_POINT('',(-6.518406428139,-78.06892748263));
#5816 = CARTESIAN_POINT('',(-6.520682084634,-78.13620614549));
#5817 = CARTESIAN_POINT('',(-6.523055221151,-78.20210237091));
#5818 = CARTESIAN_POINT('',(-6.525524862406,-78.26651850162));
#5819 = CARTESIAN_POINT('',(-6.528089681612,-78.32935463734));
#5820 = CARTESIAN_POINT('',(-6.530747932308,-78.39050986676));
#5821 = CARTESIAN_POINT('',(-6.538359448194,-78.55487862979));
#5822 = CARTESIAN_POINT('',(-6.54350771995,-78.6543244961));
#5823 = CARTESIAN_POINT('',(-6.548928589229,-78.7476291034));
#5824 = CARTESIAN_POINT('',(-6.554604573219,-78.83424676691));
#5825 = CARTESIAN_POINT('',(-6.560513983175,-78.91369276984));
#5826 = CARTESIAN_POINT('',(-6.566630341713,-78.98556626479));
#5827 = CARTESIAN_POINT('',(-6.574474062592,-79.06537879614));
#5828 = CARTESIAN_POINT('',(-6.576037281938,-79.08069817878));
#5829 = CARTESIAN_POINT('',(-6.577610749891,-79.09553548966));
#5830 = CARTESIAN_POINT('',(-6.57919400505,-79.10988715243));
#5831 = CARTESIAN_POINT('',(-6.580786579528,-79.12375009152));
#5832 = CARTESIAN_POINT('',(-6.582387998947,-79.13712173208));
#5833 = CARTESIAN_POINT('',(-6.583997782436,-79.15));
#5834 = ( GEOMETRIC_REPRESENTATION_CONTEXT(2) 
PARAMETRIC_REPRESENTATION_CONTEXT() REPRESENTATION_CONTEXT('2D SPACE',''
  ) );
#5835 = PCURVE('',#5836,#5841);
#5836 = CONICAL_SURFACE('',#5837,5.15,0.785398163397);
#5837 = AXIS2_PLACEMENT_3D('',#5838,#5839,#5840);
#5838 = CARTESIAN_POINT('',(75.,23.787593916455,8.));
#5839 = DIRECTION('',(0.,-1.,-0.));
#5840 = DIRECTION('',(1.,0.,0.));
#5841 = DEFINITIONAL_REPRESENTATION('',(#5842),#5935);
#5842 = B_SPLINE_CURVE_WITH_KNOTS('',7,(#5843,#5844,#5845,#5846,#5847,
    #5848,#5849,#5850,#5851,#5852,#5853,#5854,#5855,#5856,#5857,#5858,
    #5859,#5860,#5861,#5862,#5863,#5864,#5865,#5866,#5867,#5868,#5869,
    #5870,#5871,#5872,#5873,#5874,#5875,#5876,#5877,#5878,#5879,#5880,
    #5881,#5882,#5883,#5884,#5885,#5886,#5887,#5888,#5889,#5890,#5891,
    #5892,#5893,#5894,#5895,#5896,#5897,#5898,#5899,#5900,#5901,#5902,
    #5903,#5904,#5905,#5906,#5907,#5908,#5909,#5910,#5911,#5912,#5913,
    #5914,#5915,#5916,#5917,#5918,#5919,#5920,#5921,#5922,#5923,#5924,
    #5925,#5926,#5927,#5928,#5929,#5930,#5931,#5932,#5933,#5934),
  .UNSPECIFIED.,.F.,.F.,(8,6,6,6,6,6,6,6,6,6,6,6,6,6,6,8),(0.,
    9.496911448249E-02,0.20164524633,0.251878101219,0.29818586071,
    0.325445842366,0.384167853746,0.466377877303,0.51238142631,
    0.563486414107,0.669991449135,0.801382527411,0.852402974685,
    0.898458354747,0.979901756536,1.),.UNSPECIFIED.);
#5843 = CARTESIAN_POINT('',(-4.327399949025,-6.217248937901E-15));
#5844 = CARTESIAN_POINT('',(-4.295713573032,-6.550737034632E-02));
#5845 = CARTESIAN_POINT('',(-4.263624423233,-0.134007276151));
#5846 = CARTESIAN_POINT('',(-4.231018832819,-0.204994861884));
#5847 = CARTESIAN_POINT('',(-4.197792906663,-0.278037021963));
#5848 = CARTESIAN_POINT('',(-4.163844605578,-0.352761452395));
#5849 = CARTESIAN_POINT('',(-4.12906515771,-0.42885126925));
#5850 = CARTESIAN_POINT('',(-4.053189272808,-0.592754955725));
#5851 = CARTESIAN_POINT('',(-4.011858160064,-0.680823983388));
#5852 = CARTESIAN_POINT('',(-3.969163367137,-0.769875529368));
#5853 = CARTESIAN_POINT('',(-3.924942208679,-0.859540522756));
#5854 = CARTESIAN_POINT('',(-3.879034778289,-0.949448967512));
#5855 = CARTESIAN_POINT('',(-3.831278564445,-1.039228568414));
#5856 = CARTESIAN_POINT('',(-3.75806752074,-1.170552703251));
#5857 = CARTESIAN_POINT('',(-3.734185152629,-1.212479636101));
#5858 = CARTESIAN_POINT('',(-3.709842537213,-1.254249886351));
#5859 = CARTESIAN_POINT('',(-3.68502523579,-1.295819571618));
#5860 = CARTESIAN_POINT('',(-3.659720362847,-1.337142746053));
#5861 = CARTESIAN_POINT('',(-3.633916909698,-1.378171722293));
#5862 = CARTESIAN_POINT('',(-3.583351103372,-1.45636396706));
#5863 = CARTESIAN_POINT('',(-3.558665078101,-1.493578585181));
#5864 = CARTESIAN_POINT('',(-3.533541550801,-1.530462228375));
#5865 = CARTESIAN_POINT('',(-3.507975975992,-1.566974459449));
#5866 = CARTESIAN_POINT('',(-3.481966167704,-1.603073838383));
#5867 = CARTESIAN_POINT('',(-3.455512762966,-1.638718337325));
#5868 = CARTESIAN_POINT('',(-3.412788541407,-1.694555980872));
#5869 = CARTESIAN_POINT('',(-3.396805040077,-1.71507399286));
#5870 = CARTESIAN_POINT('',(-3.380669980541,-1.735411101158));
#5871 = CARTESIAN_POINT('',(-3.364384561747,-1.755558727066));
#5872 = CARTESIAN_POINT('',(-3.347950382352,-1.775508403567));
#5873 = CARTESIAN_POINT('',(-3.331369440729,-1.795251775327));
#5874 = CARTESIAN_POINT('',(-3.27861536546,-1.856848557599));
#5875 = CARTESIAN_POINT('',(-3.241914420585,-1.897923770536));
#5876 = CARTESIAN_POINT('',(-3.20456898497,-1.937919997177));
#5877 = CARTESIAN_POINT('',(-3.166612009365,-1.976760790425));
#5878 = CARTESIAN_POINT('',(-3.128082874754,-2.014379570824));
#5879 = CARTESIAN_POINT('',(-3.089028556482,-2.050719700974));
#5880 = CARTESIAN_POINT('',(-2.994172046355,-2.134754890019));
#5881 = CARTESIAN_POINT('',(-2.937906933937,-2.181188611083));
#5882 = CARTESIAN_POINT('',(-2.880868179812,-2.224899856905));
#5883 = CARTESIAN_POINT('',(-2.823205456444,-2.26583164993));
#5884 = CARTESIAN_POINT('',(-2.765061096035,-2.303982731476));
#5885 = CARTESIAN_POINT('',(-2.70657114369,-2.339389921174));
#5886 = CARTESIAN_POINT('',(-2.615015051004,-2.390429052742));
#5887 = CARTESIAN_POINT('',(-2.582092910664,-2.407904751318));
#5888 = CARTESIAN_POINT('',(-2.549118919132,-2.424555583618));
#5889 = CARTESIAN_POINT('',(-2.516110280951,-2.440396948995));
#5890 = CARTESIAN_POINT('',(-2.483081875736,-2.455446311469));
#5891 = CARTESIAN_POINT('',(-2.450046321059,-2.469722347269));
#5892 = CARTESIAN_POINT('',(-2.380318723868,-2.498265294722));
#5893 = CARTESIAN_POINT('',(-2.343627619299,-2.512355575455));
#5894 = CARTESIAN_POINT('',(-2.306954357401,-2.525541467522));
#5895 = CARTESIAN_POINT('',(-2.270309661124,-2.53784984271));
#5896 = CARTESIAN_POINT('',(-2.233701401646,-2.549307219015));
#5897 = CARTESIAN_POINT('',(-2.197134659437,-2.559939068021));
#5898 = CARTESIAN_POINT('',(-2.084496514477,-2.590255386285));
#5899 = CARTESIAN_POINT('',(-2.008584194277,-2.607255948684));
#5900 = CARTESIAN_POINT('',(-1.932878923144,-2.620993039113));
#5901 = CARTESIAN_POINT('',(-1.857365941252,-2.631643881721));
#5902 = CARTESIAN_POINT('',(-1.782012011446,-2.639339362109));
#5903 = CARTESIAN_POINT('',(-1.706762778313,-2.644160147503));
#5904 = CARTESIAN_POINT('',(-1.538734147539,-2.648560710705));
#5905 = CARTESIAN_POINT('',(-1.445823475307,-2.646656361894));
#5906 = CARTESIAN_POINT('',(-1.352830695811,-2.640432722454));
#5907 = CARTESIAN_POINT('',(-1.259730507829,-2.62982275692));
#5908 = CARTESIAN_POINT('',(-1.166464166216,-2.614647679228));
#5909 = CARTESIAN_POINT('',(-1.072936598738,-2.594613124231));
#5910 = CARTESIAN_POINT('',(-0.942500107052,-2.559374077941));
#5911 = CARTESIAN_POINT('',(-0.905973400867,-2.548716846062));
#5912 = CARTESIAN_POINT('',(-0.86940545025,-2.53723502966));
#5913 = CARTESIAN_POINT('',(-0.83280139525,-2.524903205965));
#5914 = CARTESIAN_POINT('',(-0.7961691619,-2.511694926012));
#5915 = CARTESIAN_POINT('',(-0.759519523537,-2.497583408218));
#5916 = CARTESIAN_POINT('',(-0.689779731463,-2.468964791434));
#5917 = CARTESIAN_POINT('',(-0.656690402574,-2.454629879282));
#5918 = CARTESIAN_POINT('',(-0.623608715685,-2.43951838326));
#5919 = CARTESIAN_POINT('',(-0.590547424188,-2.423611566597));
#5920 = CARTESIAN_POINT('',(-0.557521557974,-2.406891930855));
#5921 = CARTESIAN_POINT('',(-0.524548486775,-2.389344078781));
#5922 = CARTESIAN_POINT('',(-0.433467399548,-2.338437723137));
#5923 = CARTESIAN_POINT('',(-0.37550158793,-2.303284274174));
#5924 = CARTESIAN_POINT('',(-0.31787742707,-2.265434602295));
#5925 = CARTESIAN_POINT('',(-0.260727505168,-2.224853332568));
#5926 = CARTESIAN_POINT('',(-0.204190496423,-2.181541987013));
#5927 = CARTESIAN_POINT('',(-0.148412168942,-2.135555876427));
#5928 = CARTESIAN_POINT('',(-8.00076459454E-02,-2.075050310531));
#5929 = CARTESIAN_POINT('',(-6.652339678352E-02,-2.062919058708));
#5930 = CARTESIAN_POINT('',(-5.309637097582E-02,-2.050634226656));
#5931 = CARTESIAN_POINT('',(-3.972859454032E-02,-2.038197729628));
#5932 = CARTESIAN_POINT('',(-2.642202538525E-02,-2.025611656129));
#5933 = CARTESIAN_POINT('',(-1.317855330897E-02,-2.012878267917));
#5934 = CARTESIAN_POINT('',(0.,-2.));
#5935 = ( GEOMETRIC_REPRESENTATION_CONTEXT(2) 
PARAMETRIC_REPRESENTATION_CONTEXT() REPRESENTATION_CONTEXT('2D SPACE',''
  ) );
#5936 = ORIENTED_EDGE('',*,*,#5937,.F.);
#5937 = EDGE_CURVE('',#5938,#5641,#5940,.T.);
#5938 = VERTEX_POINT('',#5939);
#5939 = CARTESIAN_POINT('',(76.934077200682,23.787593916455,
    12.773033142751));
#5940 = SURFACE_CURVE('',#5941,(#5945,#5951),.PCURVE_S1.);
#5941 = LINE('',#5942,#5943);
#5942 = CARTESIAN_POINT('',(-1.,23.787593916455,12.773033142751));
#5943 = VECTOR('',#5944,1.);
#5944 = DIRECTION('',(-1.,-0.,-0.));
#5945 = PCURVE('',#2242,#5946);
#5946 = DEFINITIONAL_REPRESENTATION('',(#5947),#5950);
#5947 = B_SPLINE_CURVE_WITH_KNOTS('',1,(#5948,#5949),.UNSPECIFIED.,.F.,
  .F.,(2,2),(-82.18,-69.82),.PIECEWISE_BEZIER_KNOTS.);
#5948 = CARTESIAN_POINT('',(-6.775963434145,-82.18));
#5949 = CARTESIAN_POINT('',(-6.775963434145,-69.82));
#5950 = ( GEOMETRIC_REPRESENTATION_CONTEXT(2) 
PARAMETRIC_REPRESENTATION_CONTEXT() REPRESENTATION_CONTEXT('2D SPACE',''
  ) );
#5951 = PCURVE('',#5952,#5957);
#5952 = PLANE('',#5953);
#5953 = AXIS2_PLACEMENT_3D('',#5954,#5955,#5956);
#5954 = CARTESIAN_POINT('',(75.,23.787593916455,8.));
#5955 = DIRECTION('',(-0.,1.,0.));
#5956 = DIRECTION('',(1.,0.,0.));
#5957 = DEFINITIONAL_REPRESENTATION('',(#5958),#5961);
#5958 = B_SPLINE_CURVE_WITH_KNOTS('',1,(#5959,#5960),.UNSPECIFIED.,.F.,
  .F.,(2,2),(-82.18,-69.82),.PIECEWISE_BEZIER_KNOTS.);
#5959 = CARTESIAN_POINT('',(6.18,-4.773033142751));
#5960 = CARTESIAN_POINT('',(-6.18,-4.773033142751));
#5961 = ( GEOMETRIC_REPRESENTATION_CONTEXT(2) 
PARAMETRIC_REPRESENTATION_CONTEXT() REPRESENTATION_CONTEXT('2D SPACE',''
  ) );
#5962 = ORIENTED_EDGE('',*,*,#5963,.F.);
#5963 = EDGE_CURVE('',#5643,#5938,#5964,.T.);
#5964 = SURFACE_CURVE('',#5965,(#5988,#6014),.PCURVE_S1.);
#5965 = B_SPLINE_CURVE_WITH_KNOTS('',6,(#5966,#5967,#5968,#5969,#5970,
    #5971,#5972,#5973,#5974,#5975,#5976,#5977,#5978,#5979,#5980,#5981,
    #5982,#5983,#5984,#5985,#5986,#5987),.UNSPECIFIED.,.F.,.F.,(7,5,5,5,
    7),(0.,0.312961994383,0.449455069571,0.739499178126,1.),
  .UNSPECIFIED.);
#5966 = CARTESIAN_POINT('',(78.15,25.787593916455,8.));
#5967 = CARTESIAN_POINT('',(78.235220474389,25.702373442066,
    8.274703873365));
#5968 = CARTESIAN_POINT('',(78.298236340742,25.61060928746,
    8.558093133416));
#5969 = CARTESIAN_POINT('',(78.338291278264,25.513154869237,
    8.845755027554));
#5970 = CARTESIAN_POINT('',(78.356206207864,25.411065270643,
    9.133827919633));
#5971 = CARTESIAN_POINT('',(78.353403342681,25.30550218489,
    9.419224697826));
#5972 = CARTESIAN_POINT('',(78.32199729652,25.150524218849,
    9.821827490437));
#5973 = CARTESIAN_POINT('',(78.308830314516,25.102999135866,
    9.943165004604));
#5974 = CARTESIAN_POINT('',(78.292164822122,25.055096542416,
    10.063402382204));
#5975 = CARTESIAN_POINT('',(78.272133772368,25.00689621429,
    10.182394584391));
#5976 = CARTESIAN_POINT('',(78.248865849489,24.958473677191,
    10.300021615227));
#5977 = CARTESIAN_POINT('',(78.166408129711,24.806679625622,
    10.663031131458));
#5978 = CARTESIAN_POINT('',(78.096270051478,24.702803060006,
    10.903200712099));
#5979 = CARTESIAN_POINT('',(78.013188849069,24.598895616926,
    11.135879269443));
#5980 = CARTESIAN_POINT('',(77.918091727277,24.49559187931,
    11.360404898171));
#5981 = CARTESIAN_POINT('',(77.811695538835,24.393515690804,
    11.576230728536));
#5982 = CARTESIAN_POINT('',(77.588971048323,24.20330909334,
    11.968390056889));
#5983 = CARTESIAN_POINT('',(77.474801338005,24.114854269177,
    12.146430682637));
#5984 = CARTESIAN_POINT('',(77.352112151062,24.028401056502,
    12.316598511136));
#5985 = CARTESIAN_POINT('',(77.221059432763,23.944535496666,
    12.478307324125));
#5986 = CARTESIAN_POINT('',(77.081732291564,23.863972477316,
    12.6307911107));
#5987 = CARTESIAN_POINT('',(76.934077200682,23.787593916455,
    12.773033142751));
#5988 = PCURVE('',#2242,#5989);
#5989 = DEFINITIONAL_REPRESENTATION('',(#5990),#6013);
#5990 = B_SPLINE_CURVE_WITH_KNOTS('',6,(#5991,#5992,#5993,#5994,#5995,
    #5996,#5997,#5998,#5999,#6000,#6001,#6002,#6003,#6004,#6005,#6006,
    #6007,#6008,#6009,#6010,#6011,#6012),.UNSPECIFIED.,.F.,.F.,(7,5,5,5,
    7),(0.,0.312961994383,0.449455069571,0.739499178126,1.),
  .UNSPECIFIED.);
#5991 = CARTESIAN_POINT('',(-6.583997782436,-79.15));
#5992 = CARTESIAN_POINT('',(-6.594650341735,-79.23522047438));
#5993 = CARTESIAN_POINT('',(-6.605681949035,-79.29823634074));
#5994 = CARTESIAN_POINT('',(-6.616929305512,-79.33829127826));
#5995 = CARTESIAN_POINT('',(-6.628247229741,-79.35620620786));
#5996 = CARTESIAN_POINT('',(-6.639516403881,-79.35340334268));
#5997 = CARTESIAN_POINT('',(-6.655494233968,-79.32199729652));
#5998 = CARTESIAN_POINT('',(-6.660320551165,-79.30883031451));
#5999 = CARTESIAN_POINT('',(-6.66511407153,-79.29216482212));
#6000 = CARTESIAN_POINT('',(-6.669868914017,-79.27213377236));
#6001 = CARTESIAN_POINT('',(-6.674580101529,-79.24886584948));
#6002 = CARTESIAN_POINT('',(-6.689153003405,-79.16640812971));
#6003 = CARTESIAN_POINT('',(-6.698843809292,-79.09627005147));
#6004 = CARTESIAN_POINT('',(-6.708280841103,-79.01318884906));
#6005 = CARTESIAN_POINT('',(-6.71743377502,-78.91809172727));
#6006 = CARTESIAN_POINT('',(-6.726275846459,-78.81169553883));
#6007 = CARTESIAN_POINT('',(-6.742418535331,-78.58897104832));
#6008 = CARTESIAN_POINT('',(-6.749781284876,-78.474801338));
#6009 = CARTESIAN_POINT('',(-6.756850129193,-78.35211215106));
#6010 = CARTESIAN_POINT('',(-6.763596577864,-78.22105943276));
#6011 = CARTESIAN_POINT('',(-6.769983761188,-78.08173229156));
#6012 = CARTESIAN_POINT('',(-6.775963434145,-77.93407720068));
#6013 = ( GEOMETRIC_REPRESENTATION_CONTEXT(2) 
PARAMETRIC_REPRESENTATION_CONTEXT() REPRESENTATION_CONTEXT('2D SPACE',''
  ) );
#6014 = PCURVE('',#5836,#6015);
#6015 = DEFINITIONAL_REPRESENTATION('',(#6016),#6039);
#6016 = B_SPLINE_CURVE_WITH_KNOTS('',6,(#6017,#6018,#6019,#6020,#6021,
    #6022,#6023,#6024,#6025,#6026,#6027,#6028,#6029,#6030,#6031,#6032,
    #6033,#6034,#6035,#6036,#6037,#6038),.UNSPECIFIED.,.F.,.F.,(7,5,5,5,
    7),(0.,0.312961994383,0.449455069571,0.739499178126,1.),
  .UNSPECIFIED.);
#6017 = CARTESIAN_POINT('',(-6.28318530718,-2.));
#6018 = CARTESIAN_POINT('',(-6.195977728334,-1.914779525611));
#6019 = CARTESIAN_POINT('',(-6.111675719411,-1.823015371005));
#6020 = CARTESIAN_POINT('',(-6.030944611432,-1.725560952782));
#6021 = CARTESIAN_POINT('',(-5.954005516352,-1.623471354188));
#6022 = CARTESIAN_POINT('',(-5.880882635848,-1.517908268435));
#6023 = CARTESIAN_POINT('',(-5.781175897122,-1.362930302393));
#6024 = CARTESIAN_POINT('',(-5.751590748419,-1.315405219411));
#6025 = CARTESIAN_POINT('',(-5.722684450673,-1.267502625961));
#6026 = CARTESIAN_POINT('',(-5.69443670632,-1.219302297835));
#6027 = CARTESIAN_POINT('',(-5.666823474101,-1.170879760736));
#6028 = CARTESIAN_POINT('',(-5.58243213345,-1.019085709167));
#6029 = CARTESIAN_POINT('',(-5.527806731835,-0.915209143551));
#6030 = CARTESIAN_POINT('',(-5.475655062147,-0.811301700471));
#6031 = CARTESIAN_POINT('',(-5.425703766146,-0.707997962855));
#6032 = CARTESIAN_POINT('',(-5.377681887651,-0.605921774349));
#6033 = CARTESIAN_POINT('',(-5.289633618986,-0.415715176884));
#6034 = CARTESIAN_POINT('',(-5.249308046285,-0.327260352722));
#6035 = CARTESIAN_POINT('',(-5.210100709313,-0.240807140047));
#6036 = CARTESIAN_POINT('',(-5.171830913976,-0.156941580211));
#6037 = CARTESIAN_POINT('',(-5.134322859087,-7.637856086083E-02));
#6038 = CARTESIAN_POINT('',(-5.097378011744,0.));
#6039 = ( GEOMETRIC_REPRESENTATION_CONTEXT(2) 
PARAMETRIC_REPRESENTATION_CONTEXT() REPRESENTATION_CONTEXT('2D SPACE',''
  ) );
#6040 = FACE_BOUND('',#6041,.T.);
#6041 = EDGE_LOOP('',(#6042));
#6042 = ORIENTED_EDGE('',*,*,#6043,.F.);
#6043 = EDGE_CURVE('',#6044,#6044,#6046,.T.);
#6044 = VERTEX_POINT('',#6045);
#6045 = CARTESIAN_POINT('',(78.15,6.,26.324893162176));
#6046 = SURFACE_CURVE('',#6047,(#6206,#6368),.PCURVE_S1.);
#6047 = B_SPLINE_CURVE_WITH_KNOTS('',7,(#6048,#6049,#6050,#6051,#6052,
    #6053,#6054,#6055,#6056,#6057,#6058,#6059,#6060,#6061,#6062,#6063,
    #6064,#6065,#6066,#6067,#6068,#6069,#6070,#6071,#6072,#6073,#6074,
    #6075,#6076,#6077,#6078,#6079,#6080,#6081,#6082,#6083,#6084,#6085,
    #6086,#6087,#6088,#6089,#6090,#6091,#6092,#6093,#6094,#6095,#6096,
    #6097,#6098,#6099,#6100,#6101,#6102,#6103,#6104,#6105,#6106,#6107,
    #6108,#6109,#6110,#6111,#6112,#6113,#6114,#6115,#6116,#6117,#6118,
    #6119,#6120,#6121,#6122,#6123,#6124,#6125,#6126,#6127,#6128,#6129,
    #6130,#6131,#6132,#6133,#6134,#6135,#6136,#6137,#6138,#6139,#6140,
    #6141,#6142,#6143,#6144,#6145,#6146,#6147,#6148,#6149,#6150,#6151,
    #6152,#6153,#6154,#6155,#6156,#6157,#6158,#6159,#6160,#6161,#6162,
    #6163,#6164,#6165,#6166,#6167,#6168,#6169,#6170,#6171,#6172,#6173,
    #6174,#6175,#6176,#6177,#6178,#6179,#6180,#6181,#6182,#6183,#6184,
    #6185,#6186,#6187,#6188,#6189,#6190,#6191,#6192,#6193,#6194,#6195,
    #6196,#6197,#6198,#6199,#6200,#6201,#6202,#6203,#6204,#6205),
  .UNSPECIFIED.,.T.,.F.,(8,6,6,6,6,6,6,6,6,6,6,6,6,6,6,6,6,6,6,6,6,6,6,6
    ,6,6,8),(0.,5.164882835055E-02,8.285873121425E-02,0.119131323357,
    0.144623562825,0.202248745044,0.272958348012,0.29824871866,
    0.33437943856,0.365265693925,0.382670987551,0.419455449173,
    0.45034219902,0.465068478979,0.490356879503,0.518000408865,
    0.536529099988,0.581339238588,0.645687937893,0.666969112095,
    0.707874246681,0.770565718975,0.834664405356,0.879760429007,
    0.898417202469,0.926265130985,1.),.UNSPECIFIED.);
#6048 = CARTESIAN_POINT('',(78.15,6.,26.324893162176));
#6049 = CARTESIAN_POINT('',(78.109552233508,5.822536144742,
    26.365340928668));
#6050 = CARTESIAN_POINT('',(78.059599142467,5.648103134148,
    26.403629677275));
#6051 = CARTESIAN_POINT('',(78.0004018808,5.477894952278,26.439586981853
    ));
#6052 = CARTESIAN_POINT('',(77.932409604984,5.312913131684,
    26.473139308899));
#6053 = CARTESIAN_POINT('',(77.856201758446,5.153991833434,
    26.504283624001));
#6054 = CARTESIAN_POINT('',(77.772448391725,5.001814267513,
    26.533065226613));
#6055 = CARTESIAN_POINT('',(77.627165789168,4.769365285346,
    26.575572939046));
#6056 = CARTESIAN_POINT('',(77.56994660155,4.684452176063,
    26.590752884624));
#6057 = CARTESIAN_POINT('',(77.510382445035,4.60228627616,
    26.605121234451));
#6058 = CARTESIAN_POINT('',(77.448625344779,4.522948457873,
    26.618702248172));
#6059 = CARTESIAN_POINT('',(77.384825051259,4.446498689148,
    26.631523390557));
#6060 = CARTESIAN_POINT('',(77.319126229912,4.372979407506,
    26.643613861542));
#6061 = CARTESIAN_POINT('',(77.173262008072,4.220412463381,
    26.668239891405));
#6062 = CARTESIAN_POINT('',(77.092480228694,4.142404125154,
    26.680529264628));
#6063 = CARTESIAN_POINT('',(77.009532697461,4.068434547755,
    26.691918460911));
#6064 = CARTESIAN_POINT('',(76.924621062484,3.998523299962,
    26.702454498037));
#6065 = CARTESIAN_POINT('',(76.837934143634,3.932673211422,
    26.712183113573));
#6066 = CARTESIAN_POINT('',(76.749645841009,3.870874733272,
    26.721147681831));
#6067 = CARTESIAN_POINT('',(76.596849175367,3.772513674421,
    26.735179486998));
#6068 = CARTESIAN_POINT('',(76.533072809174,3.733910153205,
    26.740613115366));
#6069 = CARTESIAN_POINT('',(76.468638916342,3.697293786743,
    26.745702907847));
#6070 = CARTESIAN_POINT('',(76.403599861691,3.662657464454,
    26.750461862437));
#6071 = CARTESIAN_POINT('',(76.33800531618,3.62999325069,26.754902053736
    ));
#6072 = CARTESIAN_POINT('',(76.271902169734,3.599292721886,
    26.759034603454));
#6073 = CARTESIAN_POINT('',(76.054858165745,3.505568314194,
    26.771538771936));
#6074 = CARTESIAN_POINT('',(75.902020867813,3.450585243377,
    26.77868695985));
#6075 = CARTESIAN_POINT('',(75.747315951147,3.405489356546,
    26.784432715505));
#6076 = CARTESIAN_POINT('',(75.591202818076,3.37019331425,
    26.788865539702));
#6077 = CARTESIAN_POINT('',(75.434108478435,3.344626051174,
    26.792048843401));
#6078 = CARTESIAN_POINT('',(75.276427739214,3.328738539342,
    26.794020582884));
#6079 = CARTESIAN_POINT('',(74.924762005762,3.31489044424,
    26.795737729247));
#6080 = CARTESIAN_POINT('',(74.730769253144,3.321823529372,
    26.794875478353));
#6081 = CARTESIAN_POINT('',(74.537166458184,3.343270988809,
    26.792228494046));
#6082 = CARTESIAN_POINT('',(74.34464980647,3.379296342293,
    26.787756123567));
#6083 = CARTESIAN_POINT('',(74.153984475714,3.430017938928,
    26.78136072311));
#6084 = CARTESIAN_POINT('',(73.966005200699,3.495589042786,
    26.772886918182));
#6085 = CARTESIAN_POINT('',(73.715674336815,3.605052644945,
    26.75825932051));
#6086 = CARTESIAN_POINT('',(73.650189931128,3.635814281195,
    26.754111742005));
#6087 = CARTESIAN_POINT('',(73.585211982964,3.668509059568,
    26.749660063311));
#6088 = CARTESIAN_POINT('',(73.520786490786,3.703145066141,
    26.744893342775));
#6089 = CARTESIAN_POINT('',(73.4569621099,3.739729718949,26.739799734068
    ));
#6090 = CARTESIAN_POINT('',(73.393790152455,3.778269767982,
    26.734366486194));
#6091 = CARTESIAN_POINT('',(73.242084067229,3.876633212489,
    26.720313083463));
#6092 = CARTESIAN_POINT('',(73.154287168886,3.938496959937,
    26.711325319646));
#6093 = CARTESIAN_POINT('',(73.068089590804,4.0043795084,26.701577035248
    ));
#6094 = CARTESIAN_POINT('',(72.983663802286,4.074289758425,
    26.691025249881));
#6095 = CARTESIAN_POINT('',(72.901196960754,4.148224228652,
    26.679624699491));
#6096 = CARTESIAN_POINT('',(72.82088882896,4.226162744219,
    26.667328916294));
#6097 = CARTESIAN_POINT('',(72.676323616433,4.378077315453,
    26.642775173049));
#6098 = CARTESIAN_POINT('',(72.611429818263,4.450985304401,
    26.63077096206));
#6099 = CARTESIAN_POINT('',(72.548401087496,4.526760075069,
    26.618050158014));
#6100 = CARTESIAN_POINT('',(72.487377713059,4.605359935087,26.6045845367
    ));
#6101 = CARTESIAN_POINT('',(72.428504806126,4.686726311464,
    26.590347567486));
#6102 = CARTESIAN_POINT('',(72.371929623244,4.770780545385,
    26.575315813386));
#6103 = CARTESIAN_POINT('',(72.287294663402,4.906244899813,
    26.550540945916));
#6104 = CARTESIAN_POINT('',(72.25756659337,4.955890198304,
    26.541353218451));
#6105 = CARTESIAN_POINT('',(72.228641294946,5.006338264437,
    26.531903700512));
#6106 = CARTESIAN_POINT('',(72.200544812714,5.057568357211,
    26.52218955441));
#6107 = CARTESIAN_POINT('',(72.173302620266,5.109557312666,
    26.512208552983));
#6108 = CARTESIAN_POINT('',(72.146939620196,5.162279543886,
    26.501959079596));
#6109 = CARTESIAN_POINT('',(72.067673920469,5.328621063547,
    26.469209307174));
#6110 = CARTESIAN_POINT('',(72.017897611525,5.444696035612,
    26.445772886434));
#6111 = CARTESIAN_POINT('',(71.972386826727,5.563650562967,
    26.421125493932));
#6112 = CARTESIAN_POINT('',(71.931346456063,5.685169525243,
    26.39527389183));
#6113 = CARTESIAN_POINT('',(71.894945091099,5.808903060158,
    26.368240405363));
#6114 = CARTESIAN_POINT('',(71.863309446018,5.934465547762,
    26.340066351766));
#6115 = CARTESIAN_POINT('',(71.814023502009,6.168046490496,
    26.286254427593));
#6116 = CARTESIAN_POINT('',(71.794941695744,6.275661429045,
    26.260931585841));
#6117 = CARTESIAN_POINT('',(71.7793202148,6.384032794196,26.234883624756
    ));
#6118 = CARTESIAN_POINT('',(71.767178074053,6.4929183956,26.208153232571
    ));
#6119 = CARTESIAN_POINT('',(71.758509286584,6.602081265537,
    26.180788873908));
#6120 = CARTESIAN_POINT('',(71.753285701938,6.711290455763,
    26.152844558731));
#6121 = CARTESIAN_POINT('',(71.750589306388,6.8723061517,26.110808005786
    ));
#6122 = CARTESIAN_POINT('',(71.750491169718,6.924251248209,
    26.097117720526));
#6123 = CARTESIAN_POINT('',(71.751160169031,6.976133635288,
    26.083314982368));
#6124 = CARTESIAN_POINT('',(71.752590254636,7.027930710369,
    26.069406101054));
#6125 = CARTESIAN_POINT('',(71.754774592495,7.079620756908,
    26.055397469225));
#6126 = CARTESIAN_POINT('',(71.757705564228,7.131182944389,
    26.041295562425));
#6127 = CARTESIAN_POINT('',(71.767675630085,7.2708876187,26.00274181833)
  );
#6128 = CARTESIAN_POINT('',(71.776153653283,7.358742247087,
    25.978120893535));
#6129 = CARTESIAN_POINT('',(71.786766910891,7.446060510918,
    25.953277163646));
#6130 = CARTESIAN_POINT('',(71.799468480719,7.532750808265,
    25.928243646793));
#6131 = CARTESIAN_POINT('',(71.814207949715,7.61873010705,
    25.903053139699));
#6132 = CARTESIAN_POINT('',(71.830932919465,7.703923414264,
    25.877737977075));
#6133 = CARTESIAN_POINT('',(71.869985700328,7.880457711568,
    25.824555320412));
#6134 = CARTESIAN_POINT('',(71.892690162693,7.971631980393,
    25.796669794673));
#6135 = CARTESIAN_POINT('',(71.917634921772,8.06169938526,
    25.768714125066));
#6136 = CARTESIAN_POINT('',(71.94475026198,8.1505829943,25.740728454597)
  );
#6137 = CARTESIAN_POINT('',(71.973967046672,8.238214724883,
    25.712751972845));
#6138 = CARTESIAN_POINT('',(72.005218035655,8.324534458325,
    25.684822730786));
#6139 = CARTESIAN_POINT('',(72.060706429668,8.466431931561,
    25.638313539893));
#6140 = CARTESIAN_POINT('',(72.08385871749,8.5227611439,25.619687430387)
  );
#6141 = CARTESIAN_POINT('',(72.107876631617,8.578460870494,
    25.60111022542));
#6142 = CARTESIAN_POINT('',(72.132741313903,8.633516095854,
    25.582592880739));
#6143 = CARTESIAN_POINT('',(72.158434482595,8.687912710131,
    25.56414620953));
#6144 = CARTESIAN_POINT('',(72.184938432338,8.741637509115,
    25.545780882421));
#6145 = CARTESIAN_POINT('',(72.278253073008,8.922952794737,
    25.483314556898));
#6146 = CARTESIAN_POINT('',(72.348908460324,9.047218911309,
    25.439661415348));
#6147 = CARTESIAN_POINT('',(72.423965770161,9.167311592159,
    25.396693371217));
#6148 = CARTESIAN_POINT('',(72.503203682699,9.283072109466,
    25.354557135303));
#6149 = CARTESIAN_POINT('',(72.586416356429,9.394346227875,
    25.313400074542));
#6150 = CARTESIAN_POINT('',(72.673413800329,9.500982473,25.273369525754)
  );
#6151 = CARTESIAN_POINT('',(72.894138684202,9.749087069273,25.1789553002
    ));
#6152 = CARTESIAN_POINT('',(73.031683734922,9.88544914069,
    25.125931646903));
#6153 = CARTESIAN_POINT('',(73.17614153958,10.011474685728,
    25.075974429553));
#6154 = CARTESIAN_POINT('',(73.326989722183,10.126640207413,
    25.029546894994));
#6155 = CARTESIAN_POINT('',(73.483675662354,10.230374879788,
    24.987126665846));
#6156 = CARTESIAN_POINT('',(73.645591030078,10.322096534912,
    24.949181952496));
#6157 = CARTESIAN_POINT('',(73.867093512167,10.427426551946,
    24.90521190757));
#6158 = CARTESIAN_POINT('',(73.922635783802,10.452227609372,
    24.89482102234));
#6159 = CARTESIAN_POINT('',(73.978644888113,10.475632129793,
    24.884982505184));
#6160 = CARTESIAN_POINT('',(74.035093054523,10.497620146631,
    24.875711399661));
#6161 = CARTESIAN_POINT('',(74.091951150553,10.518172457865,
    24.867022014911));
#6162 = CARTESIAN_POINT('',(74.149188581471,10.53727091739,
    24.858927740483));
#6163 = CARTESIAN_POINT('',(74.317458161435,10.588781626456,
    24.837050122981));
#6164 = CARTESIAN_POINT('',(74.429433897083,10.617233501249,
    24.824902377542));
#6165 = CARTESIAN_POINT('',(74.542460363171,10.640130365762,
    24.815087051765));
#6166 = CARTESIAN_POINT('',(74.656289939515,10.65737411324,
    24.807674894967));
#6167 = CARTESIAN_POINT('',(74.770666950211,10.668895553199,
    24.802715637739));
#6168 = CARTESIAN_POINT('',(74.885327194361,10.674657449445,
    24.800235650836));
#6169 = CARTESIAN_POINT('',(75.175741889053,10.674657724658,
    24.800235532378));
#6170 = CARTESIAN_POINT('',(75.351005409278,10.661123739177,
    24.806059847779));
#6171 = CARTESIAN_POINT('',(75.525016085062,10.634190688823,
    24.81765368014));
#6172 = CARTESIAN_POINT('',(75.697005493929,10.594091038955,
    24.834858883883));
#6173 = CARTESIAN_POINT('',(75.866208990241,10.54116233818,
    24.857422370788));
#6174 = CARTESIAN_POINT('',(76.031865952082,10.475854923396,
    24.885004442802));
#6175 = CARTESIAN_POINT('',(76.358195964092,10.319893345484,
    24.950092200583));
#6176 = CARTESIAN_POINT('',(76.518691857085,10.228694513567,
    24.987810583237));
#6177 = CARTESIAN_POINT('',(76.674034605302,10.12568600519,
    25.029925036424));
#6178 = CARTESIAN_POINT('',(76.823631099497,10.011435681215,
    25.075978699208));
#6179 = CARTESIAN_POINT('',(76.966942089327,9.886500173379,
    25.125505729659));
#6180 = CARTESIAN_POINT('',(77.103457714939,9.751390304526,
    25.178054143168));
#6181 = CARTESIAN_POINT('',(77.323584092367,9.504628776728,
    25.271998785527));
#6182 = CARTESIAN_POINT('',(77.410872184472,9.397907059993,
    25.312079058349));
#6183 = CARTESIAN_POINT('',(77.494364294382,9.286524515357,
    25.353294077001));
#6184 = CARTESIAN_POINT('',(77.573869476617,9.170633620386,
    25.395495550803));
#6185 = CARTESIAN_POINT('',(77.649180876924,9.050389530955,
    25.438535182141));
#6186 = CARTESIAN_POINT('',(77.720076083245,8.925951804607,
    25.482265363291));
#6187 = CARTESIAN_POINT('',(77.813722346802,8.744338309354,
    25.544856776476));
#6188 = CARTESIAN_POINT('',(77.840330071129,8.690502334256,
    25.563266432875));
#6189 = CARTESIAN_POINT('',(77.866123405077,8.63599057358,
    25.581758235075));
#6190 = CARTESIAN_POINT('',(77.891084521132,8.580816313637,
    25.600321432237));
#6191 = CARTESIAN_POINT('',(77.915195008854,8.524993752081,
    25.618945130024));
#6192 = CARTESIAN_POINT('',(77.938435874877,8.468537997914,
    25.637618290607));
#6193 = CARTESIAN_POINT('',(77.994150635118,8.326275487199,
    25.684259261952));
#6194 = CARTESIAN_POINT('',(78.025532444035,8.239711531498,
    25.712273894517));
#6195 = CARTESIAN_POINT('',(78.054868386181,8.151826650347,
    25.740336576472));
#6196 = CARTESIAN_POINT('',(78.082090615502,8.062681443692,
    25.768408913764));
#6197 = CARTESIAN_POINT('',(78.107129359337,7.972344563895,
    25.796451359935));
#6198 = CARTESIAN_POINT('',(78.129914254376,7.880893614157,
    25.824423403865));
#6199 = CARTESIAN_POINT('',(78.204552808617,7.543556853889,
    25.926051525448));
#6200 = CARTESIAN_POINT('',(78.242502812547,7.29122056342,
    25.999120626698));
#6201 = CARTESIAN_POINT('',(78.262786382958,7.033373070888,
    26.070609606877));
#6202 = CARTESIAN_POINT('',(78.264182422318,6.772365144822,
    26.139655872326));
#6203 = CARTESIAN_POINT('',(78.245846255292,6.510949880499,
    26.205469053619));
#6204 = CARTESIAN_POINT('',(78.207506581234,6.252309101187,
    26.267386580942));
#6205 = CARTESIAN_POINT('',(78.15,6.,26.324893162176));
#6206 = PCURVE('',#2242,#6207);
#6207 = DEFINITIONAL_REPRESENTATION('',(#6208),#6367);
#6208 = B_SPLINE_CURVE_WITH_KNOTS('',7,(#6209,#6210,#6211,#6212,#6213,
    #6214,#6215,#6216,#6217,#6218,#6219,#6220,#6221,#6222,#6223,#6224,
    #6225,#6226,#6227,#6228,#6229,#6230,#6231,#6232,#6233,#6234,#6235,
    #6236,#6237,#6238,#6239,#6240,#6241,#6242,#6243,#6244,#6245,#6246,
    #6247,#6248,#6249,#6250,#6251,#6252,#6253,#6254,#6255,#6256,#6257,
    #6258,#6259,#6260,#6261,#6262,#6263,#6264,#6265,#6266,#6267,#6268,
    #6269,#6270,#6271,#6272,#6273,#6274,#6275,#6276,#6277,#6278,#6279,
    #6280,#6281,#6282,#6283,#6284,#6285,#6286,#6287,#6288,#6289,#6290,
    #6291,#6292,#6293,#6294,#6295,#6296,#6297,#6298,#6299,#6300,#6301,
    #6302,#6303,#6304,#6305,#6306,#6307,#6308,#6309,#6310,#6311,#6312,
    #6313,#6314,#6315,#6316,#6317,#6318,#6319,#6320,#6321,#6322,#6323,
    #6324,#6325,#6326,#6327,#6328,#6329,#6330,#6331,#6332,#6333,#6334,
    #6335,#6336,#6337,#6338,#6339,#6340,#6341,#6342,#6343,#6344,#6345,
    #6346,#6347,#6348,#6349,#6350,#6351,#6352,#6353,#6354,#6355,#6356,
    #6357,#6358,#6359,#6360,#6361,#6362,#6363,#6364,#6365,#6366),
  .UNSPECIFIED.,.F.,.F.,(8,6,6,6,6,6,6,6,6,6,6,6,6,6,6,6,6,6,6,6,6,6,6,6
    ,6,6,8),(0.,5.164882835055E-02,8.285873121425E-02,0.119131323357,
    0.144623562825,0.202248745044,0.272958348012,0.29824871866,
    0.33437943856,0.365265693925,0.382670987551,0.419455449173,
    0.45034219902,0.465068478979,0.490356879503,0.518000408865,
    0.536529099988,0.581339238588,0.645687937893,0.666969112095,
    0.707874246681,0.770565718975,0.834664405356,0.879760429007,
    0.898417202469,0.926265130985,1.),.UNSPECIFIED.);
#6209 = CARTESIAN_POINT('',(-7.629888541673,-79.15));
#6210 = CARTESIAN_POINT('',(-7.636629836088,-79.1095522335));
#6211 = CARTESIAN_POINT('',(-7.643243913889,-79.05959914246));
#6212 = CARTESIAN_POINT('',(-7.649686741467,-79.0004018808));
#6213 = CARTESIAN_POINT('',(-7.655921960262,-78.93240960498));
#6214 = CARTESIAN_POINT('',(-7.661919682321,-78.85620175844));
#6215 = CARTESIAN_POINT('',(-7.667655703265,-78.77244839172));
#6216 = CARTESIAN_POINT('',(-7.676407691863,-78.62716578916));
#6217 = CARTESIAN_POINT('',(-7.679602455529,-78.56994660155));
#6218 = CARTESIAN_POINT('',(-7.682691781991,-78.51038244503));
#6219 = CARTESIAN_POINT('',(-7.685672928317,-78.44862534477));
#6220 = CARTESIAN_POINT('',(-7.688543919734,-78.38482505125));
#6221 = CARTESIAN_POINT('',(-7.691303419063,-78.31912622991));
#6222 = CARTESIAN_POINT('',(-7.697027182943,-78.17326200807));
#6223 = CARTESIAN_POINT('',(-7.699951993031,-78.09248022869));
#6224 = CARTESIAN_POINT('',(-7.702723865528,-78.00953269746));
#6225 = CARTESIAN_POINT('',(-7.705342388945,-77.92462106248));
#6226 = CARTESIAN_POINT('',(-7.707807739998,-77.83793414363));
#6227 = CARTESIAN_POINT('',(-7.710120522409,-77.749645841));
#6228 = CARTESIAN_POINT('',(-7.713800406826,-77.59684917536));
#6229 = CARTESIAN_POINT('',(-7.715244258036,-77.53307280917));
#6230 = CARTESIAN_POINT('',(-7.716613455802,-77.46863891634));
#6231 = CARTESIAN_POINT('',(-7.717908332048,-77.40359986169));
#6232 = CARTESIAN_POINT('',(-7.719129242191,-77.33800531618));
#6233 = CARTESIAN_POINT('',(-7.720276553177,-77.27190216973));
#6234 = CARTESIAN_POINT('',(-7.723778584496,-77.05485816574));
#6235 = CARTESIAN_POINT('',(-7.725832120457,-76.90202086781));
#6236 = CARTESIAN_POINT('',(-7.72751583488,-76.74731595114));
#6237 = CARTESIAN_POINT('',(-7.728833363778,-76.59120281807));
#6238 = CARTESIAN_POINT('',(-7.729787610738,-76.43410847843));
#6239 = CARTESIAN_POINT('',(-7.730380551387,-76.27642773921));
#6240 = CARTESIAN_POINT('',(-7.730897371793,-75.92476200576));
#6241 = CARTESIAN_POINT('',(-7.730638612539,-75.73076925314));
#6242 = CARTESIAN_POINT('',(-7.729838235829,-75.53716645818));
#6243 = CARTESIAN_POINT('',(-7.728493720097,-75.34464980647));
#6244 = CARTESIAN_POINT('',(-7.726600275981,-75.15398447571));
#6245 = CARTESIAN_POINT('',(-7.724151544178,-74.96600520069));
#6246 = CARTESIAN_POINT('',(-7.72006129903,-74.71567433681));
#6247 = CARTESIAN_POINT('',(-7.71891167049,-74.65018993112));
#6248 = CARTESIAN_POINT('',(-7.717689581416,-74.58521198296));
#6249 = CARTESIAN_POINT('',(-7.716394677892,-74.52078649078));
#6250 = CARTESIAN_POINT('',(-7.715026624125,-74.4569621099));
#6251 = CARTESIAN_POINT('',(-7.713585102441,-74.39379015245));
#6252 = CARTESIAN_POINT('',(-7.709905017501,-74.24208406722));
#6253 = CARTESIAN_POINT('',(-7.707589719398,-74.15428716888));
#6254 = CARTESIAN_POINT('',(-7.705123072553,-74.0680895908));
#6255 = CARTESIAN_POINT('',(-7.702504498703,-73.98366380228));
#6256 = CARTESIAN_POINT('',(-7.699733847214,-73.90119696075));
#6257 = CARTESIAN_POINT('',(-7.696811554546,-73.82088882896));
#6258 = CARTESIAN_POINT('',(-7.691112070386,-73.67632361643));
#6259 = CARTESIAN_POINT('',(-7.688375429563,-73.61142981826));
#6260 = CARTESIAN_POINT('',(-7.685529707771,-73.54840108749));
#6261 = CARTESIAN_POINT('',(-7.682576221566,-73.48737771305));
#6262 = CARTESIAN_POINT('',(-7.67951690162,-73.42850480612));
#6263 = CARTESIAN_POINT('',(-7.676354416794,-73.37192962324));
#6264 = CARTESIAN_POINT('',(-7.671254000531,-73.2872946634));
#6265 = CARTESIAN_POINT('',(-7.669384067078,-73.25756659337));
#6266 = CARTESIAN_POINT('',(-7.667483132109,-73.22864129494));
#6267 = CARTESIAN_POINT('',(-7.665551920632,-73.20054481271));
#6268 = CARTESIAN_POINT('',(-7.663591248407,-73.17330262026));
#6269 = CARTESIAN_POINT('',(-7.661602021952,-73.14693962019));
#6270 = CARTESIAN_POINT('',(-7.655322955247,-73.06767392046));
#6271 = CARTESIAN_POINT('',(-7.650937178716,-73.01789761152));
#6272 = CARTESIAN_POINT('',(-7.646437971895,-72.97238682672));
#6273 = CARTESIAN_POINT('',(-7.641836672446,-72.93134645606));
#6274 = CARTESIAN_POINT('',(-7.637145963963,-72.89494509109));
#6275 = CARTESIAN_POINT('',(-7.632379947202,-72.86330944601));
#6276 = CARTESIAN_POINT('',(-7.623502193375,-72.814023502));
#6277 = CARTESIAN_POINT('',(-7.61940763981,-72.79494169574));
#6278 = CARTESIAN_POINT('',(-7.615279647776,-72.7793202148));
#6279 = CARTESIAN_POINT('',(-7.611127194208,-72.76717807405));
#6280 = CARTESIAN_POINT('',(-7.606959111131,-72.75850928658));
#6281 = CARTESIAN_POINT('',(-7.602784060991,-72.75328570193));
#6282 = CARTESIAN_POINT('',(-7.596620634401,-72.75058930638));
#6283 = CARTESIAN_POINT('',(-7.594631052063,-72.75049116971));
#6284 = CARTESIAN_POINT('',(-7.592642651935,-72.75116016903));
#6285 = CARTESIAN_POINT('',(-7.590656290224,-72.75259025463));
#6286 = CARTESIAN_POINT('',(-7.588672792381,-72.75477459249));
#6287 = CARTESIAN_POINT('',(-7.5866929531,-72.75770556422));
#6288 = CARTESIAN_POINT('',(-7.581325292582,-72.76767563008));
#6289 = CARTESIAN_POINT('',(-7.577946082752,-72.77615365328));
#6290 = CARTESIAN_POINT('',(-7.574583763361,-72.78676691089));
#6291 = CARTESIAN_POINT('',(-7.571241868791,-72.79946848071));
#6292 = CARTESIAN_POINT('',(-7.567923629049,-72.81420794971));
#6293 = CARTESIAN_POINT('',(-7.564631987544,-72.83093291946));
#6294 = CARTESIAN_POINT('',(-7.557803423204,-72.86998570032));
#6295 = CARTESIAN_POINT('',(-7.554272220129,-72.89269016269));
#6296 = CARTESIAN_POINT('',(-7.550779445856,-72.91763492177));
#6297 = CARTESIAN_POINT('',(-7.547328190195,-72.94475026198));
#6298 = CARTESIAN_POINT('',(-7.543921226671,-72.97396704667));
#6299 = CARTESIAN_POINT('',(-7.540561042646,-73.00521803565));
#6300 = CARTESIAN_POINT('',(-7.535030481866,-73.06070642966));
#6301 = CARTESIAN_POINT('',(-7.53283312468,-73.08385871749));
#6302 = CARTESIAN_POINT('',(-7.530658468361,-73.10787663161));
#6303 = CARTESIAN_POINT('',(-7.528507151517,-73.1327413139));
#6304 = CARTESIAN_POINT('',(-7.52637978088,-73.15843448259));
#6305 = CARTESIAN_POINT('',(-7.524276931311,-73.18493843233));
#6306 = CARTESIAN_POINT('',(-7.517174189841,-73.278253073));
#6307 = CARTESIAN_POINT('',(-7.512296111141,-73.34890846032));
#6308 = CARTESIAN_POINT('',(-7.507572231401,-73.42396577016));
#6309 = CARTESIAN_POINT('',(-7.503009727198,-73.50320368269));
#6310 = CARTESIAN_POINT('',(-7.498615678547,-73.58641635642));
#6311 = CARTESIAN_POINT('',(-7.494397117468,-73.67341380032));
#6312 = CARTESIAN_POINT('',(-7.484565201083,-73.8941386842));
#6313 = CARTESIAN_POINT('',(-7.479146516382,-74.03168373492));
#6314 = CARTESIAN_POINT('',(-7.474125709583,-74.17614153958));
#6315 = CARTESIAN_POINT('',(-7.469526871478,-74.32698972218));
#6316 = CARTESIAN_POINT('',(-7.465376077055,-74.48367566235));
#6317 = CARTESIAN_POINT('',(-7.46169977802,-74.64559103007));
#6318 = CARTESIAN_POINT('',(-7.457472396938,-74.86709351216));
#6319 = CARTESIAN_POINT('',(-7.456476478149,-74.9226357838));
#6320 = CARTESIAN_POINT('',(-7.455536170127,-74.97864488811));
#6321 = CARTESIAN_POINT('',(-7.45465236893,-75.03509305452));
#6322 = CARTESIAN_POINT('',(-7.453825934707,-75.09195115055));
#6323 = CARTESIAN_POINT('',(-7.453057678899,-75.14918858147));
#6324 = CARTESIAN_POINT('',(-7.450984933526,-75.31745816143));
#6325 = CARTESIAN_POINT('',(-7.449839133245,-75.42943389708));
#6326 = CARTESIAN_POINT('',(-7.448916468401,-75.54246036317));
#6327 = CARTESIAN_POINT('',(-7.44822130896,-75.65628993951));
#6328 = CARTESIAN_POINT('',(-7.447756736885,-75.77066695021));
#6329 = CARTESIAN_POINT('',(-7.447524405953,-75.88532719436));
#6330 = CARTESIAN_POINT('',(-7.447524394856,-76.17574188905));
#6331 = CARTESIAN_POINT('',(-7.448070096612,-76.35100540927));
#6332 = CARTESIAN_POINT('',(-7.449156116858,-76.52501608506));
#6333 = CARTESIAN_POINT('',(-7.450772221869,-76.69700549392));
#6334 = CARTESIAN_POINT('',(-7.452903223791,-76.86620899024));
#6335 = CARTESIAN_POINT('',(-7.455528870252,-77.03186595208));
#6336 = CARTESIAN_POINT('',(-7.461788067052,-77.35819596409));
#6337 = CARTESIAN_POINT('',(-7.465443268712,-77.51869185708));
#6338 = CARTESIAN_POINT('',(-7.469564883581,-77.6740346053));
#6339 = CARTESIAN_POINT('',(-7.474127109192,-77.82363109949));
#6340 = CARTESIAN_POINT('',(-7.479104518277,-77.96694208932));
#6341 = CARTESIAN_POINT('',(-7.484473603069,-78.10345771493));
#6342 = CARTESIAN_POINT('',(-7.494252843099,-78.32358409236));
#6343 = CARTESIAN_POINT('',(-7.498475015057,-78.41087218447));
#6344 = CARTESIAN_POINT('',(-7.502873574587,-78.49436429438));
#6345 = CARTESIAN_POINT('',(-7.507441442426,-78.57386947661));
#6346 = CARTESIAN_POINT('',(-7.512171494835,-78.64918087692));
#6347 = CARTESIAN_POINT('',(-7.517056515508,-78.72007608324));
#6348 = CARTESIAN_POINT('',(-7.524171208535,-78.8137223468));
#6349 = CARTESIAN_POINT('',(-7.526278485422,-78.84033007112));
#6350 = CARTESIAN_POINT('',(-7.528410431587,-78.86612340507));
#6351 = CARTESIAN_POINT('',(-7.53056646841,-78.89108452113));
#6352 = CARTESIAN_POINT('',(-7.532745985204,-78.91519500885));
#6353 = CARTESIAN_POINT('',(-7.534948339215,-78.93843587487));
#6354 = CARTESIAN_POINT('',(-7.540493267589,-78.99415063511));
#6355 = CARTESIAN_POINT('',(-7.543863031012,-79.02553244403));
#6356 = CARTESIAN_POINT('',(-7.547279896956,-79.05486838618));
#6357 = CARTESIAN_POINT('',(-7.550741357714,-79.0820906155));
#6358 = CARTESIAN_POINT('',(-7.55424461624,-79.10712935933));
#6359 = CARTESIAN_POINT('',(-7.55778655558,-79.12991425437));
#6360 = CARTESIAN_POINT('',(-7.570835180739,-79.20455280861));
#6361 = CARTESIAN_POINT('',(-7.580564346375,-79.24250281254));
#6362 = CARTESIAN_POINT('',(-7.590473461904,-79.26278638295));
#6363 = CARTESIAN_POINT('',(-7.600471667567,-79.26418242231));
#6364 = CARTESIAN_POINT('',(-7.610454733937,-79.24584625529));
#6365 = CARTESIAN_POINT('',(-7.620304111467,-79.20750658123));
#6366 = CARTESIAN_POINT('',(-7.629888541673,-79.15));
#6367 = ( GEOMETRIC_REPRESENTATION_CONTEXT(2) 
PARAMETRIC_REPRESENTATION_CONTEXT() REPRESENTATION_CONTEXT('2D SPACE',''
  ) );
#6368 = PCURVE('',#6369,#6374);
#6369 = CONICAL_SURFACE('',#6370,5.15,0.785398163397);
#6370 = AXIS2_PLACEMENT_3D('',#6371,#6372,#6373);
#6371 = CARTESIAN_POINT('',(75.,6.,24.324893162176));
#6372 = DIRECTION('',(-0.,-0.,-1.));
#6373 = DIRECTION('',(1.,0.,0.));
#6374 = DEFINITIONAL_REPRESENTATION('',(#6375),#6534);
#6375 = B_SPLINE_CURVE_WITH_KNOTS('',7,(#6376,#6377,#6378,#6379,#6380,
    #6381,#6382,#6383,#6384,#6385,#6386,#6387,#6388,#6389,#6390,#6391,
    #6392,#6393,#6394,#6395,#6396,#6397,#6398,#6399,#6400,#6401,#6402,
    #6403,#6404,#6405,#6406,#6407,#6408,#6409,#6410,#6411,#6412,#6413,
    #6414,#6415,#6416,#6417,#6418,#6419,#6420,#6421,#6422,#6423,#6424,
    #6425,#6426,#6427,#6428,#6429,#6430,#6431,#6432,#6433,#6434,#6435,
    #6436,#6437,#6438,#6439,#6440,#6441,#6442,#6443,#6444,#6445,#6446,
    #6447,#6448,#6449,#6450,#6451,#6452,#6453,#6454,#6455,#6456,#6457,
    #6458,#6459,#6460,#6461,#6462,#6463,#6464,#6465,#6466,#6467,#6468,
    #6469,#6470,#6471,#6472,#6473,#6474,#6475,#6476,#6477,#6478,#6479,
    #6480,#6481,#6482,#6483,#6484,#6485,#6486,#6487,#6488,#6489,#6490,
    #6491,#6492,#6493,#6494,#6495,#6496,#6497,#6498,#6499,#6500,#6501,
    #6502,#6503,#6504,#6505,#6506,#6507,#6508,#6509,#6510,#6511,#6512,
    #6513,#6514,#6515,#6516,#6517,#6518,#6519,#6520,#6521,#6522,#6523,
    #6524,#6525,#6526,#6527,#6528,#6529,#6530,#6531,#6532,#6533),
  .UNSPECIFIED.,.F.,.F.,(8,6,6,6,6,6,6,6,6,6,6,6,6,6,6,6,6,6,6,6,6,6,6,6
    ,6,6,8),(0.,5.164882835055E-02,8.285873121425E-02,0.119131323357,
    0.144623562825,0.202248745044,0.272958348012,0.29824871866,
    0.33437943856,0.365265693925,0.382670987551,0.419455449173,
    0.45034219902,0.465068478979,0.490356879503,0.518000408865,
    0.536529099988,0.581339238588,0.645687937893,0.666969112095,
    0.707874246681,0.770565718975,0.834664405356,0.879760429007,
    0.898417202469,0.926265130985,1.),.UNSPECIFIED.);
#6376 = CARTESIAN_POINT('',(-6.28318530718,-2.));
#6377 = CARTESIAN_POINT('',(-6.226847575352,-2.040447766492));
#6378 = CARTESIAN_POINT('',(-6.169784086733,-2.078736515099));
#6379 = CARTESIAN_POINT('',(-6.112204731419,-2.114693819677));
#6380 = CARTESIAN_POINT('',(-6.054297887039,-2.148246146723));
#6381 = CARTESIAN_POINT('',(-5.996236368753,-2.179390461824));
#6382 = CARTESIAN_POINT('',(-5.938180767723,-2.208172064437));
#6383 = CARTESIAN_POINT('',(-5.845292515456,-2.25067977687));
#6384 = CARTESIAN_POINT('',(-5.810354439836,-2.265859722447));
#6385 = CARTESIAN_POINT('',(-5.775492559623,-2.280228072275));
#6386 = CARTESIAN_POINT('',(-5.740728753509,-2.293809085996));
#6387 = CARTESIAN_POINT('',(-5.706080407729,-2.306630228381));
#6388 = CARTESIAN_POINT('',(-5.671560653356,-2.318720699366));
#6389 = CARTESIAN_POINT('',(-5.597219297287,-2.343346729229));
#6390 = CARTESIAN_POINT('',(-5.557446765042,-2.355636102452));
#6391 = CARTESIAN_POINT('',(-5.517873648702,-2.367025298735));
#6392 = CARTESIAN_POINT('',(-5.478507232059,-2.377561335861));
#6393 = CARTESIAN_POINT('',(-5.439349588526,-2.387289951396));
#6394 = CARTESIAN_POINT('',(-5.40039772883,-2.396254519654));
#6395 = CARTESIAN_POINT('',(-5.334407599201,-2.410286324822));
#6396 = CARTESIAN_POINT('',(-5.307269589819,-2.415719953189));
#6397 = CARTESIAN_POINT('',(-5.280227127989,-2.42080974567));
#6398 = CARTESIAN_POINT('',(-5.253277014399,-2.425568700261));
#6399 = CARTESIAN_POINT('',(-5.226415417239,-2.43000889156));
#6400 = CARTESIAN_POINT('',(-5.199637846475,-2.434141441277));
#6401 = CARTESIAN_POINT('',(-5.112586701518,-2.446645609759));
#6402 = CARTESIAN_POINT('',(-5.052642351074,-2.453793797674));
#6403 = CARTESIAN_POINT('',(-4.993039935877,-2.459539553328));
#6404 = CARTESIAN_POINT('',(-4.933712217915,-2.463972377526));
#6405 = CARTESIAN_POINT('',(-4.874588051895,-2.467155681225));
#6406 = CARTESIAN_POINT('',(-4.815589139824,-2.469127420708));
#6407 = CARTESIAN_POINT('',(-4.684275421929,-2.47084456707));
#6408 = CARTESIAN_POINT('',(-4.612018278755,-2.469982316176));
#6409 = CARTESIAN_POINT('',(-4.539673561485,-2.467335331869));
#6410 = CARTESIAN_POINT('',(-4.46708983488,-2.462862961391));
#6411 = CARTESIAN_POINT('',(-4.394133422798,-2.456467560933));
#6412 = CARTESIAN_POINT('',(-4.320678998764,-2.447993756005));
#6413 = CARTESIAN_POINT('',(-4.220108494234,-2.433366158333));
#6414 = CARTESIAN_POINT('',(-4.193535775565,-2.429218579829));
#6415 = CARTESIAN_POINT('',(-4.166879820778,-2.424766901135));
#6416 = CARTESIAN_POINT('',(-4.140136303091,-2.420000180598));
#6417 = CARTESIAN_POINT('',(-4.11330152426,-2.414906571892));
#6418 = CARTESIAN_POINT('',(-4.086372414569,-2.409473324018));
#6419 = CARTESIAN_POINT('',(-4.020736400294,-2.395419921286));
#6420 = CARTESIAN_POINT('',(-3.981929547876,-2.386432157469));
#6421 = CARTESIAN_POINT('',(-3.942918380027,-2.376683873071));
#6422 = CARTESIAN_POINT('',(-3.903700169308,-2.366132087704));
#6423 = CARTESIAN_POINT('',(-3.864277206039,-2.354731537314));
#6424 = CARTESIAN_POINT('',(-3.824656947945,-2.342435754118));
#6425 = CARTESIAN_POINT('',(-3.750825154931,-2.317882010873));
#6426 = CARTESIAN_POINT('',(-3.716663851539,-2.305877799883));
#6427 = CARTESIAN_POINT('',(-3.682377261143,-2.293156995837));
#6428 = CARTESIAN_POINT('',(-3.647978245122,-2.279691374523));
#6429 = CARTESIAN_POINT('',(-3.613483750667,-2.26545440531));
#6430 = CARTESIAN_POINT('',(-3.578915036734,-2.25042265121));
#6431 = CARTESIAN_POINT('',(-3.52479014738,-2.225647783739));
#6432 = CARTESIAN_POINT('',(-3.505267033605,-2.216460056275));
#6433 = CARTESIAN_POINT('',(-3.485733262011,-2.207010538335));
#6434 = CARTESIAN_POINT('',(-3.466193934556,-2.197296392233));
#6435 = CARTESIAN_POINT('',(-3.446654551819,-2.187315390807));
#6436 = CARTESIAN_POINT('',(-3.427121013008,-2.177065917419));
#6437 = CARTESIAN_POINT('',(-3.366342967482,-2.144316144998));
#6438 = CARTESIAN_POINT('',(-3.325136480512,-2.120879724258));
#6439 = CARTESIAN_POINT('',(-3.284045688559,-2.096232331755));
#6440 = CARTESIAN_POINT('',(-3.243136430299,-2.070380729654));
#6441 = CARTESIAN_POINT('',(-3.202475532384,-2.043347243187));
#6442 = CARTESIAN_POINT('',(-3.162131492249,-2.01517318959));
#6443 = CARTESIAN_POINT('',(-3.088625092343,-1.961361265417));
#6444 = CARTESIAN_POINT('',(-3.055344823977,-1.936038423665));
#6445 = CARTESIAN_POINT('',(-3.022375351953,-1.909990462579));
#6446 = CARTESIAN_POINT('',(-2.989752000132,-1.883260070395));
#6447 = CARTESIAN_POINT('',(-2.957505214294,-1.855895711732));
#6448 = CARTESIAN_POINT('',(-2.925661356332,-1.827951396554));
#6449 = CARTESIAN_POINT('',(-2.879263995143,-1.78591484361));
#6450 = CARTESIAN_POINT('',(-2.864380992474,-1.77222455835));
#6451 = CARTESIAN_POINT('',(-2.849596730524,-1.758421820192));
#6452 = CARTESIAN_POINT('',(-2.834913161302,-1.744512938878));
#6453 = CARTESIAN_POINT('',(-2.820331948734,-1.730504307049));
#6454 = CARTESIAN_POINT('',(-2.805854468662,-1.716402400248));
#6455 = CARTESIAN_POINT('',(-2.766800655211,-1.677848656153));
#6456 = CARTESIAN_POINT('',(-2.742428589988,-1.653227731358));
#6457 = CARTESIAN_POINT('',(-2.71837113876,-1.62838400147));
#6458 = CARTESIAN_POINT('',(-2.69463127597,-1.603350484617));
#6459 = CARTESIAN_POINT('',(-2.671209756071,-1.578159977522));
#6460 = CARTESIAN_POINT('',(-2.648105444683,-1.552844814899));
#6461 = CARTESIAN_POINT('',(-2.600403423086,-1.499662158236));
#6462 = CARTESIAN_POINT('',(-2.575867115909,-1.471776632496));
#6463 = CARTESIAN_POINT('',(-2.551702741873,-1.443820962889));
#6464 = CARTESIAN_POINT('',(-2.527904344996,-1.415835292421));
#6465 = CARTESIAN_POINT('',(-2.5044642574,-1.387858810668));
#6466 = CARTESIAN_POINT('',(-2.481373357066,-1.35992956861));
#6467 = CARTESIAN_POINT('',(-2.44337126983,-1.313420377716));
#6468 = CARTESIAN_POINT('',(-2.42827352699,-1.294794268211));
#6469 = CARTESIAN_POINT('',(-2.413324982597,-1.276217063244));
#6470 = CARTESIAN_POINT('',(-2.398522391436,-1.257699718563));
#6471 = CARTESIAN_POINT('',(-2.383862377536,-1.239253047354));
#6472 = CARTESIAN_POINT('',(-2.369341434173,-1.220887720245));
#6473 = CARTESIAN_POINT('',(-2.320165732464,-1.158421394722));
#6474 = CARTESIAN_POINT('',(-2.2861696002,-1.114768253172));
#6475 = CARTESIAN_POINT('',(-2.252913391236,-1.071800209041));
#6476 = CARTESIAN_POINT('',(-2.220344414629,-1.029663973126));
#6477 = CARTESIAN_POINT('',(-2.188410565305,-0.988506912366));
#6478 = CARTESIAN_POINT('',(-2.157059465021,-0.948476363577));
#6479 = CARTESIAN_POINT('',(-2.081976488079,-0.854062138024));
#6480 = CARTESIAN_POINT('',(-2.038812859242,-0.801038484727));
#6481 = CARTESIAN_POINT('',(-1.996587628264,-0.751081267377));
#6482 = CARTESIAN_POINT('',(-1.955162718794,-0.704653732818));
#6483 = CARTESIAN_POINT('',(-1.914409329432,-0.662233503669));
#6484 = CARTESIAN_POINT('',(-1.874203256998,-0.62428879032));
#6485 = CARTESIAN_POINT('',(-1.821272710041,-0.580318745393));
#6486 = CARTESIAN_POINT('',(-1.808165895448,-0.569927860163));
#6487 = CARTESIAN_POINT('',(-1.795102918594,-0.560089343007));
#6488 = CARTESIAN_POINT('',(-1.782079974111,-0.550818237485));
#6489 = CARTESIAN_POINT('',(-1.769093382857,-0.542128852735));
#6490 = CARTESIAN_POINT('',(-1.756139605536,-0.534034578306));
#6491 = CARTESIAN_POINT('',(-1.718373006607,-0.512156960805));
#6492 = CARTESIAN_POINT('',(-1.693637659335,-0.500009215365));
#6493 = CARTESIAN_POINT('',(-1.668987953376,-0.490193889589));
#6494 = CARTESIAN_POINT('',(-1.644401366594,-0.482781732791));
#6495 = CARTESIAN_POINT('',(-1.61985510069,-0.477822475562));
#6496 = CARTESIAN_POINT('',(-1.595327066044,-0.47534248866));
#6497 = CARTESIAN_POINT('',(-1.533201725079,-0.475342370201));
#6498 = CARTESIAN_POINT('',(-1.495709049255,-0.481166685603));
#6499 = CARTESIAN_POINT('',(-1.458201631874,-0.492760517964));
#6500 = CARTESIAN_POINT('',(-1.420566365851,-0.509965721707));
#6501 = CARTESIAN_POINT('',(-1.382698185975,-0.532529208612));
#6502 = CARTESIAN_POINT('',(-1.344504010683,-0.560111280625));
#6503 = CARTESIAN_POINT('',(-1.266442975922,-0.625199038407));
#6504 = CARTESIAN_POINT('',(-1.226553562943,-0.66291742106));
#6505 = CARTESIAN_POINT('',(-1.186123966065,-0.705031874248));
#6506 = CARTESIAN_POINT('',(-1.145032954171,-0.751085537031));
#6507 = CARTESIAN_POINT('',(-1.103154779885,-0.800612567483));
#6508 = CARTESIAN_POINT('',(-1.060354679178,-0.853160980991));
#6509 = CARTESIAN_POINT('',(-0.985608355396,-0.94710562335));
#6510 = CARTESIAN_POINT('',(-0.954208977021,-0.987185896172));
#6511 = CARTESIAN_POINT('',(-0.922225681006,-1.028400914825));
#6512 = CARTESIAN_POINT('',(-0.889605783762,-1.070602388626));
#6513 = CARTESIAN_POINT('',(-0.856296863947,-1.113642019964));
#6514 = CARTESIAN_POINT('',(-0.822245889884,-1.157372201115));
#6515 = CARTESIAN_POINT('',(-0.772981494662,-1.2199636143));
#6516 = CARTESIAN_POINT('',(-0.758428639034,-1.238373270698));
#6517 = CARTESIAN_POINT('',(-0.74373611161,-1.256865072899));
#6518 = CARTESIAN_POINT('',(-0.728900375261,-1.27542827006));
#6519 = CARTESIAN_POINT('',(-0.713918024223,-1.294051967848));
#6520 = CARTESIAN_POINT('',(-0.698785784096,-1.312725128431));
#6521 = CARTESIAN_POINT('',(-0.660685035754,-1.359366099775));
#6522 = CARTESIAN_POINT('',(-0.637528766396,-1.387380732341));
#6523 = CARTESIAN_POINT('',(-0.614021275091,-1.415443414295));
#6524 = CARTESIAN_POINT('',(-0.590153341459,-1.443515751588));
#6525 = CARTESIAN_POINT('',(-0.565917214638,-1.471558197759));
#6526 = CARTESIAN_POINT('',(-0.541306874506,-1.499530241688));
#6527 = CARTESIAN_POINT('',(-0.450154312656,-1.601158363271));
#6528 = CARTESIAN_POINT('',(-0.381262987305,-1.674227464521));
#6529 = CARTESIAN_POINT('',(-0.309660203454,-1.745716444701));
#6530 = CARTESIAN_POINT('',(-0.235435461504,-1.81476271015));
#6531 = CARTESIAN_POINT('',(-0.158794258781,-1.880575891443));
#6532 = CARTESIAN_POINT('',(-8.009812736083E-02,-1.942493418766));
#6533 = CARTESIAN_POINT('',(0.,-2.));
#6534 = ( GEOMETRIC_REPRESENTATION_CONTEXT(2) 
PARAMETRIC_REPRESENTATION_CONTEXT() REPRESENTATION_CONTEXT('2D SPACE',''
  ) );
#6535 = FACE_BOUND('',#6536,.T.);
#6536 = EDGE_LOOP('',(#6537,#6834,#6860));
#6537 = ORIENTED_EDGE('',*,*,#6538,.F.);
#6538 = EDGE_CURVE('',#6539,#6541,#6543,.T.);
#6539 = VERTEX_POINT('',#6540);
#6540 = CARTESIAN_POINT('',(23.065922799318,23.787593916455,
    12.773033142751));
#6541 = VERTEX_POINT('',#6542);
#6542 = CARTESIAN_POINT('',(28.15,25.787593916455,8.));
#6543 = SURFACE_CURVE('',#6544,(#6637,#6733),.PCURVE_S1.);
#6544 = B_SPLINE_CURVE_WITH_KNOTS('',7,(#6545,#6546,#6547,#6548,#6549,
    #6550,#6551,#6552,#6553,#6554,#6555,#6556,#6557,#6558,#6559,#6560,
    #6561,#6562,#6563,#6564,#6565,#6566,#6567,#6568,#6569,#6570,#6571,
    #6572,#6573,#6574,#6575,#6576,#6577,#6578,#6579,#6580,#6581,#6582,
    #6583,#6584,#6585,#6586,#6587,#6588,#6589,#6590,#6591,#6592,#6593,
    #6594,#6595,#6596,#6597,#6598,#6599,#6600,#6601,#6602,#6603,#6604,
    #6605,#6606,#6607,#6608,#6609,#6610,#6611,#6612,#6613,#6614,#6615,
    #6616,#6617,#6618,#6619,#6620,#6621,#6622,#6623,#6624,#6625,#6626,
    #6627,#6628,#6629,#6630,#6631,#6632,#6633,#6634,#6635,#6636),
  .UNSPECIFIED.,.F.,.F.,(8,6,6,6,6,6,6,6,6,6,6,6,6,6,6,8),(0.,
    9.496911448543E-02,0.201645246336,0.251878101227,0.298185860719,
    0.325445842375,0.384167853758,0.466377877317,0.512381426325,
    0.563486414124,0.669991449155,0.801382527423,0.852402974693,
    0.898458354753,0.979901756537,1.),.UNSPECIFIED.);
#6545 = CARTESIAN_POINT('',(23.065922799318,23.787593916455,
    12.773033142751));
#6546 = CARTESIAN_POINT('',(22.939283902056,23.853101286801,
    12.65103684736));
#6547 = CARTESIAN_POINT('',(22.818600855534,23.921601192606,
    12.521716100619));
#6548 = CARTESIAN_POINT('',(22.703842962329,23.992588778339,
    12.385652916434));
#6549 = CARTESIAN_POINT('',(22.595040846603,24.065630938419,
    12.243321609815));
#6550 = CARTESIAN_POINT('',(22.492264716385,24.14035536885,
    12.095109134764));
#6551 = CARTESIAN_POINT('',(22.395619390771,24.216445185705,
    11.941317991618));
#6552 = CARTESIAN_POINT('',(22.2037535433,24.38034887218,11.603364695124
    ));
#6553 = CARTESIAN_POINT('',(22.110216601189,24.468417899843,
    11.417865348492));
#6554 = CARTESIAN_POINT('',(22.02485473532,24.557469445823,
    11.225960822301));
#6555 = CARTESIAN_POINT('',(21.948038096252,24.647134439212,
    11.027968918275));
#6556 = CARTESIAN_POINT('',(21.880252618529,24.737042883968,
    10.824245857067));
#6557 = CARTESIAN_POINT('',(21.822075441207,24.826822484869,
    10.615205983183));
#6558 = CARTESIAN_POINT('',(21.751612697858,24.958146619706,
    10.300622675299));
#6559 = CARTESIAN_POINT('',(21.731335124602,25.000073552556,
    10.198851953635));
#6560 = CARTESIAN_POINT('',(21.713407813624,25.041843802807,
    10.096079542177));
#6561 = CARTESIAN_POINT('',(21.697905316036,25.083413488073,
    9.992373779047));
#6562 = CARTESIAN_POINT('',(21.684904912784,25.124736662508,
    9.887813892554));
#6563 = CARTESIAN_POINT('',(21.674484680898,25.165765638748,
    9.782490861144));
#6564 = CARTESIAN_POINT('',(21.659565033456,25.243957883515,
    9.578806954215));
#6565 = CARTESIAN_POINT('',(21.654666647726,25.281172501636,
    9.480545672504));
#6566 = CARTESIAN_POINT('',(21.65208655094,25.318056144831,
    9.381807067486));
#6567 = CARTESIAN_POINT('',(21.651884023681,25.354568375904,
    9.282684129229));
#6568 = CARTESIAN_POINT('',(21.654115267855,25.390667754838,
    9.183280510751));
#6569 = CARTESIAN_POINT('',(21.65883119581,25.42631225378,9.083710840179
    ));
#6570 = CARTESIAN_POINT('',(21.670339557751,25.482149897327,
    8.925463742986));
#6571 = CARTESIAN_POINT('',(21.675479871172,25.502667909315,
    8.866812460714));
#6572 = CARTESIAN_POINT('',(21.681505185272,25.523005017613,
    8.808173013752));
#6573 = CARTESIAN_POINT('',(21.688423346612,25.543152643522,
    8.749572319158));
#6574 = CARTESIAN_POINT('',(21.69624102277,25.563102320022,
    8.691038383392));
#6575 = CARTESIAN_POINT('',(21.704963702334,25.582845691782,
    8.632600302317));
#6576 = CARTESIAN_POINT('',(21.735344424121,25.644442474054,
    8.448675544877));
#6577 = CARTESIAN_POINT('',(21.76031369983,25.685517686991,8.32363953405
    ));
#6578 = CARTESIAN_POINT('',(21.789543274005,25.725513913632,
    8.199493156494));
#6579 = CARTESIAN_POINT('',(21.823042765576,25.76435470688,
    8.076555345885));
#6580 = CARTESIAN_POINT('',(21.860787526904,25.801973487279,
    7.955148387134));
#6581 = CARTESIAN_POINT('',(21.902714510254,25.838313617429,
    7.835595261732));
#6582 = CARTESIAN_POINT('',(22.013122587128,25.922348806474,
    7.553889000857));
#6583 = CARTESIAN_POINT('',(22.085531324607,25.968782527538,
    7.393786906742));
#6584 = CARTESIAN_POINT('',(22.165652634272,26.01249377336,
    7.238813041654));
#6585 = CARTESIAN_POINT('',(22.253075315742,26.053425566386,
    7.089725833588));
#6586 = CARTESIAN_POINT('',(22.347301279326,26.091576647931,
    6.947156683817));
#6587 = CARTESIAN_POINT('',(22.447769458121,26.12698383763,
    6.811621982552));
#6588 = CARTESIAN_POINT('',(22.613243952063,26.178022969197,
    6.61185197722));
#6589 = CARTESIAN_POINT('',(22.674388130204,26.195498667773,
    6.54249567627));
#6590 = CARTESIAN_POINT('',(22.737203349905,26.212149500074,
    6.475526962272));
#6591 = CARTESIAN_POINT('',(22.801589219242,26.227990865451,
    6.410998439456));
#6592 = CARTESIAN_POINT('',(22.867446388818,26.243040227924,
    6.34895141975));
#6593 = CARTESIAN_POINT('',(22.934677768108,26.257316263724,
    6.289417627327));
#6594 = CARTESIAN_POINT('',(23.079299164994,26.285859211177,
    6.169103681833));
#6595 = CARTESIAN_POINT('',(23.156988582668,26.299949491911,
    6.108917702019));
#6596 = CARTESIAN_POINT('',(23.236130704281,26.313135383978,
    6.051894396406));
#6597 = CARTESIAN_POINT('',(23.316602708377,26.325443759165,
    5.998054212507));
#6598 = CARTESIAN_POINT('',(23.398287145306,26.33690113547,
    5.947408719017));
#6599 = CARTESIAN_POINT('',(23.481072839933,26.347532984476,
    5.899962712165));
#6600 = CARTESIAN_POINT('',(23.739463144441,26.377849302741,
    5.763504905375));
#6601 = CARTESIAN_POINT('',(23.91837313583,26.394849865139,
    5.685205321655));
#6602 = CARTESIAN_POINT('',(24.100680348407,26.408586955568,
    5.620789010456));
#6603 = CARTESIAN_POINT('',(24.285541514206,26.419237798176,
    5.570198774635));
#6604 = CARTESIAN_POINT('',(24.472177943265,26.426933278565,
    5.533361595681));
#6605 = CARTESIAN_POINT('',(24.659878982069,26.431754063959,
    5.510215115053));
#6606 = CARTESIAN_POINT('',(25.08009203958,26.43615462716,5.489068304018
    ));
#6607 = CARTESIAN_POINT('',(25.31318559706,26.434250278351,
    5.498189509986));
#6608 = CARTESIAN_POINT('',(25.545646276017,26.428026638909,
    5.528229624351));
#6609 = CARTESIAN_POINT('',(25.775941618934,26.417416673376,
    5.579191773003));
#6610 = CARTESIAN_POINT('',(26.002622028903,26.402241595684,
    5.651074578792));
#6611 = CARTESIAN_POINT('',(26.224330287195,26.382207040686,
    5.743939230208));
#6612 = CARTESIAN_POINT('',(26.523365614367,26.346967994396,
    5.902486016258));
#6613 = CARTESIAN_POINT('',(26.606006633149,26.336310762517,
    5.950023761972));
#6614 = CARTESIAN_POINT('',(26.687544756576,26.324828946115,
    6.00075349925));
#6615 = CARTESIAN_POINT('',(26.767869009943,26.312497122421,
    6.054670268616));
#6616 = CARTESIAN_POINT('',(26.846862174141,26.299288842467,
    6.111762315742));
#6617 = CARTESIAN_POINT('',(26.924401690333,26.285177324673,
    6.172008988954));
#6618 = CARTESIAN_POINT('',(27.068927482635,26.256558707889,
    6.292581451846));
#6619 = CARTESIAN_POINT('',(27.136206145499,26.242223795737,
    6.352328761528));
#6620 = CARTESIAN_POINT('',(27.202102370919,26.227112299715,
    6.41459636267));
#6621 = CARTESIAN_POINT('',(27.266518501624,26.211205483052,
    6.479352083204));
#6622 = CARTESIAN_POINT('',(27.329354637342,26.194485847311,
    6.546554062902));
#6623 = CARTESIAN_POINT('',(27.390509866769,26.176937995236,
    6.61614903419));
#6624 = CARTESIAN_POINT('',(27.554878629797,26.126031639592,
    6.815255249228));
#6625 = CARTESIAN_POINT('',(27.654324496108,26.090878190629,
    6.949742121228));
#6626 = CARTESIAN_POINT('',(27.747629103404,26.05302851875,
    7.091131271956));
#6627 = CARTESIAN_POINT('',(27.834246766912,26.012447249023,
    7.238918500215));
#6628 = CARTESIAN_POINT('',(27.913692769844,25.969135903468,
    7.392488451438));
#6629 = CARTESIAN_POINT('',(27.985566264791,25.923149792882,
    7.551103104648));
#6630 = CARTESIAN_POINT('',(28.065378796146,25.862644226986,
    7.754056403005));
#6631 = CARTESIAN_POINT('',(28.080698178788,25.850512975163,
    7.794482419765));
#6632 = CARTESIAN_POINT('',(28.09553548966,25.838228143111,
    7.835151224974));
#6633 = CARTESIAN_POINT('',(28.109887152434,25.825791646083,
    7.876050207397));
#6634 = CARTESIAN_POINT('',(28.123750091525,25.813205572584,
    7.917166615424));
#6635 = CARTESIAN_POINT('',(28.137121732083,25.800472184372,
    7.958487557077));
#6636 = CARTESIAN_POINT('',(28.15,25.787593916455,8.));
#6637 = PCURVE('',#2242,#6638);
#6638 = DEFINITIONAL_REPRESENTATION('',(#6639),#6732);
#6639 = B_SPLINE_CURVE_WITH_KNOTS('',7,(#6640,#6641,#6642,#6643,#6644,
    #6645,#6646,#6647,#6648,#6649,#6650,#6651,#6652,#6653,#6654,#6655,
    #6656,#6657,#6658,#6659,#6660,#6661,#6662,#6663,#6664,#6665,#6666,
    #6667,#6668,#6669,#6670,#6671,#6672,#6673,#6674,#6675,#6676,#6677,
    #6678,#6679,#6680,#6681,#6682,#6683,#6684,#6685,#6686,#6687,#6688,
    #6689,#6690,#6691,#6692,#6693,#6694,#6695,#6696,#6697,#6698,#6699,
    #6700,#6701,#6702,#6703,#6704,#6705,#6706,#6707,#6708,#6709,#6710,
    #6711,#6712,#6713,#6714,#6715,#6716,#6717,#6718,#6719,#6720,#6721,
    #6722,#6723,#6724,#6725,#6726,#6727,#6728,#6729,#6730,#6731),
  .UNSPECIFIED.,.F.,.F.,(8,6,6,6,6,6,6,6,6,6,6,6,6,6,6,8),(0.,
    9.496911448543E-02,0.201645246336,0.251878101227,0.298185860719,
    0.325445842375,0.384167853758,0.466377877317,0.512381426325,
    0.563486414124,0.669991449155,0.801382527423,0.852402974693,
    0.898458354753,0.979901756537,1.),.UNSPECIFIED.);
#6640 = CARTESIAN_POINT('',(-6.775963434145,-24.06592279931));
#6641 = CARTESIAN_POINT('',(-6.770834866043,-23.93928390205));
#6642 = CARTESIAN_POINT('',(-6.765414864574,-23.81860085553));
#6643 = CARTESIAN_POINT('',(-6.759731047223,-23.70384296232));
#6644 = CARTESIAN_POINT('',(-6.753806145042,-23.5950408466));
#6645 = CARTESIAN_POINT('',(-6.747658861754,-23.49226471638));
#6646 = CARTESIAN_POINT('',(-6.741304062878,-23.39561939077));
#6647 = CARTESIAN_POINT('',(-6.727392878351,-23.2037535433));
#6648 = CARTESIAN_POINT('',(-6.719787807388,-23.11021660118));
#6649 = CARTESIAN_POINT('',(-6.711952755168,-23.02485473532));
#6650 = CARTESIAN_POINT('',(-6.703903432372,-22.94803809625));
#6651 = CARTESIAN_POINT('',(-6.69565664744,-22.88025261852));
#6652 = CARTESIAN_POINT('',(-6.687231013972,-22.8220754412));
#6653 = CARTESIAN_POINT('',(-6.674605312074,-22.75161269785));
#6654 = CARTESIAN_POINT('',(-6.670528733191,-22.7313351246));
#6655 = CARTESIAN_POINT('',(-6.666420046004,-22.71340781362));
#6656 = CARTESIAN_POINT('',(-6.662282095761,-22.69790531603));
#6657 = CARTESIAN_POINT('',(-6.658118122721,-22.68490491278));
#6658 = CARTESIAN_POINT('',(-6.653931789346,-22.67448468089));
#6659 = CARTESIAN_POINT('',(-6.645851163302,-22.65956503345));
#6660 = CARTESIAN_POINT('',(-6.641959632689,-22.65466664772));
#6661 = CARTESIAN_POINT('',(-6.638055896098,-22.65208655094));
#6662 = CARTESIAN_POINT('',(-6.634143606755,-22.65188402368));
#6663 = CARTESIAN_POINT('',(-6.630226798711,-22.65411526785));
#6664 = CARTESIAN_POINT('',(-6.626309894886,-22.65883119581));
#6665 = CARTESIAN_POINT('',(-6.620094732863,-22.67033955775));
#6666 = CARTESIAN_POINT('',(-6.617793384349,-22.67547987117));
#6667 = CARTESIAN_POINT('',(-6.615494658525,-22.68150518527));
#6668 = CARTESIAN_POINT('',(-6.613199581476,-22.68842334661));
#6669 = CARTESIAN_POINT('',(-6.610909216422,-22.69624102277));
#6670 = CARTESIAN_POINT('',(-6.608624663723,-22.70496370233));
#6671 = CARTESIAN_POINT('',(-6.601440769224,-22.73534442412));
#6672 = CARTESIAN_POINT('',(-6.596566407983,-22.76031369983));
#6673 = CARTESIAN_POINT('',(-6.591735787807,-22.789543274));
#6674 = CARTESIAN_POINT('',(-6.586960827963,-22.82304276557));
#6675 = CARTESIAN_POINT('',(-6.582253471389,-22.8607875269));
#6676 = CARTESIAN_POINT('',(-6.577625599745,-22.90271451025));
#6677 = CARTESIAN_POINT('',(-6.566737697899,-23.01312258712));
#6678 = CARTESIAN_POINT('',(-6.560563816595,-23.0855313246));
#6679 = CARTESIAN_POINT('',(-6.55460034865,-23.16565263427));
#6680 = CARTESIAN_POINT('',(-6.548874504227,-23.25307531574));
#6681 = CARTESIAN_POINT('',(-6.54340853468,-23.34730127932));
#6682 = CARTESIAN_POINT('',(-6.538220340786,-23.44776945812));
#6683 = CARTESIAN_POINT('',(-6.530583788013,-23.61324395206));
#6684 = CARTESIAN_POINT('',(-6.527934761871,-23.6743881302));
#6685 = CARTESIAN_POINT('',(-6.525378941564,-23.7372033499));
#6686 = CARTESIAN_POINT('',(-6.522918050163,-23.80158921924));
#6687 = CARTESIAN_POINT('',(-6.520553395439,-23.86744638881));
#6688 = CARTESIAN_POINT('',(-6.518285937414,-23.9346777681));
#6689 = CARTESIAN_POINT('',(-6.513706184555,-24.07929916499));
#6690 = CARTESIAN_POINT('',(-6.511416811854,-24.15698858266));
#6691 = CARTESIAN_POINT('',(-6.509249120902,-24.23613070428));
#6692 = CARTESIAN_POINT('',(-6.507203606217,-24.31660270837));
#6693 = CARTESIAN_POINT('',(-6.505280453323,-24.3982871453));
#6694 = CARTESIAN_POINT('',(-6.503479618333,-24.48107283993));
#6695 = CARTESIAN_POINT('',(-6.49830240062,-24.73946314444));
#6696 = CARTESIAN_POINT('',(-6.495334882039,-24.91837313583));
#6697 = CARTESIAN_POINT('',(-6.492895464321,-25.1006803484));
#6698 = CARTESIAN_POINT('',(-6.490980681152,-25.2855415142));
#6699 = CARTESIAN_POINT('',(-6.489586888705,-25.47217794326));
#6700 = CARTESIAN_POINT('',(-6.48871121568,-25.65987898206));
#6701 = CARTESIAN_POINT('',(-6.487911222047,-26.08009203958));
#6702 = CARTESIAN_POINT('',(-6.488256328689,-26.31318559706));
#6703 = CARTESIAN_POINT('',(-6.48939255226,-26.54564627601));
#6704 = CARTESIAN_POINT('',(-6.491320512109,-26.77594161893));
#6705 = CARTESIAN_POINT('',(-6.494041495451,-27.0026220289));
#6706 = CARTESIAN_POINT('',(-6.497559990065,-27.22433028719));
#6707 = CARTESIAN_POINT('',(-6.503575387974,-27.52336561436));
#6708 = CARTESIAN_POINT('',(-6.50537974403,-27.60600663314));
#6709 = CARTESIAN_POINT('',(-6.507306139863,-27.68754475657));
#6710 = CARTESIAN_POINT('',(-6.509354613221,-27.76786900994));
#6711 = CARTESIAN_POINT('',(-6.51152497148,-27.84686217414));
#6712 = CARTESIAN_POINT('',(-6.513816712189,-27.92440169033));
#6713 = CARTESIAN_POINT('',(-6.518406428139,-28.06892748263));
#6714 = CARTESIAN_POINT('',(-6.520682084634,-28.13620614549));
#6715 = CARTESIAN_POINT('',(-6.523055221151,-28.20210237091));
#6716 = CARTESIAN_POINT('',(-6.525524862406,-28.26651850162));
#6717 = CARTESIAN_POINT('',(-6.528089681612,-28.32935463734));
#6718 = CARTESIAN_POINT('',(-6.530747932308,-28.39050986676));
#6719 = CARTESIAN_POINT('',(-6.538359448194,-28.55487862979));
#6720 = CARTESIAN_POINT('',(-6.54350771995,-28.6543244961));
#6721 = CARTESIAN_POINT('',(-6.548928589229,-28.7476291034));
#6722 = CARTESIAN_POINT('',(-6.554604573219,-28.83424676691));
#6723 = CARTESIAN_POINT('',(-6.560513983175,-28.91369276984));
#6724 = CARTESIAN_POINT('',(-6.566630341713,-28.98556626479));
#6725 = CARTESIAN_POINT('',(-6.574474062592,-29.06537879614));
#6726 = CARTESIAN_POINT('',(-6.576037281938,-29.08069817878));
#6727 = CARTESIAN_POINT('',(-6.577610749891,-29.09553548966));
#6728 = CARTESIAN_POINT('',(-6.57919400505,-29.10988715243));
#6729 = CARTESIAN_POINT('',(-6.580786579528,-29.12375009152));
#6730 = CARTESIAN_POINT('',(-6.582387998947,-29.13712173208));
#6731 = CARTESIAN_POINT('',(-6.583997782436,-29.15));
#6732 = ( GEOMETRIC_REPRESENTATION_CONTEXT(2) 
PARAMETRIC_REPRESENTATION_CONTEXT() REPRESENTATION_CONTEXT('2D SPACE',''
  ) );
#6733 = PCURVE('',#6734,#6739);
#6734 = CONICAL_SURFACE('',#6735,5.15,0.785398163397);
#6735 = AXIS2_PLACEMENT_3D('',#6736,#6737,#6738);
#6736 = CARTESIAN_POINT('',(25.,23.787593916455,8.));
#6737 = DIRECTION('',(0.,-1.,-0.));
#6738 = DIRECTION('',(1.,0.,0.));
#6739 = DEFINITIONAL_REPRESENTATION('',(#6740),#6833);
#6740 = B_SPLINE_CURVE_WITH_KNOTS('',7,(#6741,#6742,#6743,#6744,#6745,
    #6746,#6747,#6748,#6749,#6750,#6751,#6752,#6753,#6754,#6755,#6756,
    #6757,#6758,#6759,#6760,#6761,#6762,#6763,#6764,#6765,#6766,#6767,
    #6768,#6769,#6770,#6771,#6772,#6773,#6774,#6775,#6776,#6777,#6778,
    #6779,#6780,#6781,#6782,#6783,#6784,#6785,#6786,#6787,#6788,#6789,
    #6790,#6791,#6792,#6793,#6794,#6795,#6796,#6797,#6798,#6799,#6800,
    #6801,#6802,#6803,#6804,#6805,#6806,#6807,#6808,#6809,#6810,#6811,
    #6812,#6813,#6814,#6815,#6816,#6817,#6818,#6819,#6820,#6821,#6822,
    #6823,#6824,#6825,#6826,#6827,#6828,#6829,#6830,#6831,#6832),
  .UNSPECIFIED.,.F.,.F.,(8,6,6,6,6,6,6,6,6,6,6,6,6,6,6,8),(0.,
    9.496911448543E-02,0.201645246336,0.251878101227,0.298185860719,
    0.325445842375,0.384167853758,0.466377877317,0.512381426325,
    0.563486414124,0.669991449155,0.801382527423,0.852402974693,
    0.898458354753,0.979901756537,1.),.UNSPECIFIED.);
#6741 = CARTESIAN_POINT('',(-4.327399949025,3.552713678801E-15));
#6742 = CARTESIAN_POINT('',(-4.295713573032,-6.550737034619E-02));
#6743 = CARTESIAN_POINT('',(-4.263624423233,-0.134007276151));
#6744 = CARTESIAN_POINT('',(-4.231018832819,-0.204994861884));
#6745 = CARTESIAN_POINT('',(-4.197792906663,-0.278037021963));
#6746 = CARTESIAN_POINT('',(-4.163844605578,-0.352761452395));
#6747 = CARTESIAN_POINT('',(-4.12906515771,-0.428851269249));
#6748 = CARTESIAN_POINT('',(-4.053189272808,-0.592754955725));
#6749 = CARTESIAN_POINT('',(-4.011858160064,-0.680823983388));
#6750 = CARTESIAN_POINT('',(-3.969163367137,-0.769875529368));
#6751 = CARTESIAN_POINT('',(-3.924942208679,-0.859540522756));
#6752 = CARTESIAN_POINT('',(-3.879034778288,-0.949448967512));
#6753 = CARTESIAN_POINT('',(-3.831278564445,-1.039228568414));
#6754 = CARTESIAN_POINT('',(-3.75806752074,-1.170552703251));
#6755 = CARTESIAN_POINT('',(-3.734185152629,-1.212479636101));
#6756 = CARTESIAN_POINT('',(-3.709842537213,-1.254249886351));
#6757 = CARTESIAN_POINT('',(-3.68502523579,-1.295819571618));
#6758 = CARTESIAN_POINT('',(-3.659720362847,-1.337142746053));
#6759 = CARTESIAN_POINT('',(-3.633916909698,-1.378171722293));
#6760 = CARTESIAN_POINT('',(-3.583351103372,-1.45636396706));
#6761 = CARTESIAN_POINT('',(-3.558665078101,-1.493578585181));
#6762 = CARTESIAN_POINT('',(-3.533541550801,-1.530462228375));
#6763 = CARTESIAN_POINT('',(-3.507975975992,-1.566974459449));
#6764 = CARTESIAN_POINT('',(-3.481966167704,-1.603073838383));
#6765 = CARTESIAN_POINT('',(-3.455512762966,-1.638718337325));
#6766 = CARTESIAN_POINT('',(-3.412788541407,-1.694555980872));
#6767 = CARTESIAN_POINT('',(-3.396805040077,-1.71507399286));
#6768 = CARTESIAN_POINT('',(-3.380669980541,-1.735411101158));
#6769 = CARTESIAN_POINT('',(-3.364384561747,-1.755558727066));
#6770 = CARTESIAN_POINT('',(-3.347950382352,-1.775508403567));
#6771 = CARTESIAN_POINT('',(-3.331369440729,-1.795251775327));
#6772 = CARTESIAN_POINT('',(-3.27861536546,-1.856848557599));
#6773 = CARTESIAN_POINT('',(-3.241914420585,-1.897923770536));
#6774 = CARTESIAN_POINT('',(-3.20456898497,-1.937919997177));
#6775 = CARTESIAN_POINT('',(-3.166612009365,-1.976760790425));
#6776 = CARTESIAN_POINT('',(-3.128082874754,-2.014379570824));
#6777 = CARTESIAN_POINT('',(-3.089028556482,-2.050719700974));
#6778 = CARTESIAN_POINT('',(-2.994172046355,-2.134754890019));
#6779 = CARTESIAN_POINT('',(-2.937906933938,-2.181188611082));
#6780 = CARTESIAN_POINT('',(-2.880868179812,-2.224899856905));
#6781 = CARTESIAN_POINT('',(-2.823205456444,-2.265831649931));
#6782 = CARTESIAN_POINT('',(-2.765061096035,-2.303982731476));
#6783 = CARTESIAN_POINT('',(-2.70657114369,-2.339389921175));
#6784 = CARTESIAN_POINT('',(-2.615015051004,-2.390429052742));
#6785 = CARTESIAN_POINT('',(-2.582092910664,-2.407904751318));
#6786 = CARTESIAN_POINT('',(-2.549118919132,-2.424555583618));
#6787 = CARTESIAN_POINT('',(-2.516110280951,-2.440396948995));
#6788 = CARTESIAN_POINT('',(-2.483081875736,-2.455446311469));
#6789 = CARTESIAN_POINT('',(-2.450046321059,-2.469722347269));
#6790 = CARTESIAN_POINT('',(-2.380318723869,-2.498265294722));
#6791 = CARTESIAN_POINT('',(-2.343627619299,-2.512355575455));
#6792 = CARTESIAN_POINT('',(-2.306954357401,-2.525541467522));
#6793 = CARTESIAN_POINT('',(-2.270309661124,-2.53784984271));
#6794 = CARTESIAN_POINT('',(-2.233701401646,-2.549307219015));
#6795 = CARTESIAN_POINT('',(-2.197134659438,-2.559939068021));
#6796 = CARTESIAN_POINT('',(-2.084496514477,-2.590255386285));
#6797 = CARTESIAN_POINT('',(-2.008584194277,-2.607255948684));
#6798 = CARTESIAN_POINT('',(-1.932878923144,-2.620993039113));
#6799 = CARTESIAN_POINT('',(-1.857365941253,-2.631643881721));
#6800 = CARTESIAN_POINT('',(-1.782012011447,-2.639339362109));
#6801 = CARTESIAN_POINT('',(-1.706762778313,-2.644160147503));
#6802 = CARTESIAN_POINT('',(-1.538734147549,-2.648560710705));
#6803 = CARTESIAN_POINT('',(-1.445823475273,-2.646656361895));
#6804 = CARTESIAN_POINT('',(-1.352830695841,-2.640432722454));
#6805 = CARTESIAN_POINT('',(-1.259730507814,-2.62982275692));
#6806 = CARTESIAN_POINT('',(-1.166464166221,-2.614647679229));
#6807 = CARTESIAN_POINT('',(-1.072936598737,-2.594613124231));
#6808 = CARTESIAN_POINT('',(-0.942500107052,-2.559374077941));
#6809 = CARTESIAN_POINT('',(-0.905973400867,-2.548716846062));
#6810 = CARTESIAN_POINT('',(-0.86940545025,-2.53723502966));
#6811 = CARTESIAN_POINT('',(-0.83280139525,-2.524903205965));
#6812 = CARTESIAN_POINT('',(-0.7961691619,-2.511694926012));
#6813 = CARTESIAN_POINT('',(-0.759519523537,-2.497583408218));
#6814 = CARTESIAN_POINT('',(-0.689779731463,-2.468964791434));
#6815 = CARTESIAN_POINT('',(-0.656690402574,-2.454629879281));
#6816 = CARTESIAN_POINT('',(-0.623608715685,-2.43951838326));
#6817 = CARTESIAN_POINT('',(-0.590547424188,-2.423611566597));
#6818 = CARTESIAN_POINT('',(-0.557521557974,-2.406891930855));
#6819 = CARTESIAN_POINT('',(-0.524548486775,-2.389344078781));
#6820 = CARTESIAN_POINT('',(-0.433467399548,-2.338437723137));
#6821 = CARTESIAN_POINT('',(-0.375501587929,-2.303284274174));
#6822 = CARTESIAN_POINT('',(-0.31787742707,-2.265434602295));
#6823 = CARTESIAN_POINT('',(-0.260727505168,-2.224853332568));
#6824 = CARTESIAN_POINT('',(-0.204190496423,-2.181541987012));
#6825 = CARTESIAN_POINT('',(-0.148412168942,-2.135555876427));
#6826 = CARTESIAN_POINT('',(-8.000764594538E-02,-2.075050310531));
#6827 = CARTESIAN_POINT('',(-6.652339678351E-02,-2.062919058708));
#6828 = CARTESIAN_POINT('',(-5.30963709758E-02,-2.050634226656));
#6829 = CARTESIAN_POINT('',(-3.972859454031E-02,-2.038197729628));
#6830 = CARTESIAN_POINT('',(-2.642202538524E-02,-2.025611656129));
#6831 = CARTESIAN_POINT('',(-1.317855330896E-02,-2.012878267917));
#6832 = CARTESIAN_POINT('',(0.,-2.));
#6833 = ( GEOMETRIC_REPRESENTATION_CONTEXT(2) 
PARAMETRIC_REPRESENTATION_CONTEXT() REPRESENTATION_CONTEXT('2D SPACE',''
  ) );
#6834 = ORIENTED_EDGE('',*,*,#6835,.F.);
#6835 = EDGE_CURVE('',#6836,#6539,#6838,.T.);
#6836 = VERTEX_POINT('',#6837);
#6837 = CARTESIAN_POINT('',(26.934077200682,23.787593916455,
    12.773033142751));
#6838 = SURFACE_CURVE('',#6839,(#6843,#6849),.PCURVE_S1.);
#6839 = LINE('',#6840,#6841);
#6840 = CARTESIAN_POINT('',(-1.,23.787593916455,12.773033142751));
#6841 = VECTOR('',#6842,1.);
#6842 = DIRECTION('',(-1.,-0.,-0.));
#6843 = PCURVE('',#2242,#6844);
#6844 = DEFINITIONAL_REPRESENTATION('',(#6845),#6848);
#6845 = B_SPLINE_CURVE_WITH_KNOTS('',1,(#6846,#6847),.UNSPECIFIED.,.F.,
  .F.,(2,2),(-32.18,-19.82),.PIECEWISE_BEZIER_KNOTS.);
#6846 = CARTESIAN_POINT('',(-6.775963434145,-32.18));
#6847 = CARTESIAN_POINT('',(-6.775963434145,-19.82));
#6848 = ( GEOMETRIC_REPRESENTATION_CONTEXT(2) 
PARAMETRIC_REPRESENTATION_CONTEXT() REPRESENTATION_CONTEXT('2D SPACE',''
  ) );
#6849 = PCURVE('',#6850,#6855);
#6850 = PLANE('',#6851);
#6851 = AXIS2_PLACEMENT_3D('',#6852,#6853,#6854);
#6852 = CARTESIAN_POINT('',(25.,23.787593916455,8.));
#6853 = DIRECTION('',(-0.,1.,0.));
#6854 = DIRECTION('',(1.,0.,0.));
#6855 = DEFINITIONAL_REPRESENTATION('',(#6856),#6859);
#6856 = B_SPLINE_CURVE_WITH_KNOTS('',1,(#6857,#6858),.UNSPECIFIED.,.F.,
  .F.,(2,2),(-32.18,-19.82),.PIECEWISE_BEZIER_KNOTS.);
#6857 = CARTESIAN_POINT('',(6.18,-4.773033142751));
#6858 = CARTESIAN_POINT('',(-6.18,-4.773033142751));
#6859 = ( GEOMETRIC_REPRESENTATION_CONTEXT(2) 
PARAMETRIC_REPRESENTATION_CONTEXT() REPRESENTATION_CONTEXT('2D SPACE',''
  ) );
#6860 = ORIENTED_EDGE('',*,*,#6861,.F.);
#6861 = EDGE_CURVE('',#6541,#6836,#6862,.T.);
#6862 = SURFACE_CURVE('',#6863,(#6886,#6912),.PCURVE_S1.);
#6863 = B_SPLINE_CURVE_WITH_KNOTS('',6,(#6864,#6865,#6866,#6867,#6868,
    #6869,#6870,#6871,#6872,#6873,#6874,#6875,#6876,#6877,#6878,#6879,
    #6880,#6881,#6882,#6883,#6884,#6885),.UNSPECIFIED.,.F.,.F.,(7,5,5,5,
    7),(0.,0.312961994383,0.449455069571,0.739499178126,1.),
  .UNSPECIFIED.);
#6864 = CARTESIAN_POINT('',(28.15,25.787593916455,8.));
#6865 = CARTESIAN_POINT('',(28.235220474389,25.702373442066,
    8.274703873365));
#6866 = CARTESIAN_POINT('',(28.298236340742,25.61060928746,
    8.558093133416));
#6867 = CARTESIAN_POINT('',(28.338291278263,25.513154869237,
    8.845755027554));
#6868 = CARTESIAN_POINT('',(28.356206207864,25.411065270643,
    9.133827919632));
#6869 = CARTESIAN_POINT('',(28.353403342681,25.30550218489,
    9.419224697826));
#6870 = CARTESIAN_POINT('',(28.32199729652,25.150524218849,
    9.821827490437));
#6871 = CARTESIAN_POINT('',(28.308830314516,25.102999135866,
    9.943165004604));
#6872 = CARTESIAN_POINT('',(28.292164822122,25.055096542416,
    10.063402382204));
#6873 = CARTESIAN_POINT('',(28.272133772368,25.00689621429,
    10.182394584391));
#6874 = CARTESIAN_POINT('',(28.248865849489,24.958473677191,
    10.300021615227));
#6875 = CARTESIAN_POINT('',(28.166408129711,24.806679625622,
    10.663031131458));
#6876 = CARTESIAN_POINT('',(28.096270051479,24.702803060006,
    10.903200712099));
#6877 = CARTESIAN_POINT('',(28.013188849069,24.598895616926,
    11.135879269443));
#6878 = CARTESIAN_POINT('',(27.918091727277,24.49559187931,
    11.360404898171));
#6879 = CARTESIAN_POINT('',(27.811695538835,24.393515690804,
    11.576230728536));
#6880 = CARTESIAN_POINT('',(27.588971048323,24.20330909334,
    11.968390056889));
#6881 = CARTESIAN_POINT('',(27.474801338005,24.114854269177,
    12.146430682637));
#6882 = CARTESIAN_POINT('',(27.352112151062,24.028401056502,
    12.316598511136));
#6883 = CARTESIAN_POINT('',(27.221059432763,23.944535496666,
    12.478307324125));
#6884 = CARTESIAN_POINT('',(27.081732291564,23.863972477316,
    12.6307911107));
#6885 = CARTESIAN_POINT('',(26.934077200682,23.787593916455,
    12.773033142751));
#6886 = PCURVE('',#2242,#6887);
#6887 = DEFINITIONAL_REPRESENTATION('',(#6888),#6911);
#6888 = B_SPLINE_CURVE_WITH_KNOTS('',6,(#6889,#6890,#6891,#6892,#6893,
    #6894,#6895,#6896,#6897,#6898,#6899,#6900,#6901,#6902,#6903,#6904,
    #6905,#6906,#6907,#6908,#6909,#6910),.UNSPECIFIED.,.F.,.F.,(7,5,5,5,
    7),(0.,0.312961994383,0.449455069571,0.739499178126,1.),
  .UNSPECIFIED.);
#6889 = CARTESIAN_POINT('',(-6.583997782436,-29.15));
#6890 = CARTESIAN_POINT('',(-6.594650341735,-29.23522047438));
#6891 = CARTESIAN_POINT('',(-6.605681949035,-29.29823634074));
#6892 = CARTESIAN_POINT('',(-6.616929305512,-29.33829127826));
#6893 = CARTESIAN_POINT('',(-6.628247229741,-29.35620620786));
#6894 = CARTESIAN_POINT('',(-6.639516403881,-29.35340334268));
#6895 = CARTESIAN_POINT('',(-6.655494233968,-29.32199729652));
#6896 = CARTESIAN_POINT('',(-6.660320551165,-29.30883031451));
#6897 = CARTESIAN_POINT('',(-6.66511407153,-29.29216482212));
#6898 = CARTESIAN_POINT('',(-6.669868914017,-29.27213377236));
#6899 = CARTESIAN_POINT('',(-6.674580101529,-29.24886584948));
#6900 = CARTESIAN_POINT('',(-6.689153003405,-29.16640812971));
#6901 = CARTESIAN_POINT('',(-6.698843809292,-29.09627005147));
#6902 = CARTESIAN_POINT('',(-6.708280841103,-29.01318884906));
#6903 = CARTESIAN_POINT('',(-6.71743377502,-28.91809172727));
#6904 = CARTESIAN_POINT('',(-6.726275846459,-28.81169553883));
#6905 = CARTESIAN_POINT('',(-6.742418535331,-28.58897104832));
#6906 = CARTESIAN_POINT('',(-6.749781284876,-28.474801338));
#6907 = CARTESIAN_POINT('',(-6.756850129193,-28.35211215106));
#6908 = CARTESIAN_POINT('',(-6.763596577864,-28.22105943276));
#6909 = CARTESIAN_POINT('',(-6.769983761188,-28.08173229156));
#6910 = CARTESIAN_POINT('',(-6.775963434145,-27.93407720068));
#6911 = ( GEOMETRIC_REPRESENTATION_CONTEXT(2) 
PARAMETRIC_REPRESENTATION_CONTEXT() REPRESENTATION_CONTEXT('2D SPACE',''
  ) );
#6912 = PCURVE('',#6734,#6913);
#6913 = DEFINITIONAL_REPRESENTATION('',(#6914),#6937);
#6914 = B_SPLINE_CURVE_WITH_KNOTS('',6,(#6915,#6916,#6917,#6918,#6919,
    #6920,#6921,#6922,#6923,#6924,#6925,#6926,#6927,#6928,#6929,#6930,
    #6931,#6932,#6933,#6934,#6935,#6936),.UNSPECIFIED.,.F.,.F.,(7,5,5,5,
    7),(0.,0.312961994383,0.449455069571,0.739499178126,1.),
  .UNSPECIFIED.);
#6915 = CARTESIAN_POINT('',(-6.28318530718,-2.));
#6916 = CARTESIAN_POINT('',(-6.195977728334,-1.914779525611));
#6917 = CARTESIAN_POINT('',(-6.111675719411,-1.823015371005));
#6918 = CARTESIAN_POINT('',(-6.030944611432,-1.725560952782));
#6919 = CARTESIAN_POINT('',(-5.954005516352,-1.623471354188));
#6920 = CARTESIAN_POINT('',(-5.880882635848,-1.517908268435));
#6921 = CARTESIAN_POINT('',(-5.781175897122,-1.362930302393));
#6922 = CARTESIAN_POINT('',(-5.751590748419,-1.315405219411));
#6923 = CARTESIAN_POINT('',(-5.722684450673,-1.267502625961));
#6924 = CARTESIAN_POINT('',(-5.69443670632,-1.219302297835));
#6925 = CARTESIAN_POINT('',(-5.666823474101,-1.170879760736));
#6926 = CARTESIAN_POINT('',(-5.58243213345,-1.019085709167));
#6927 = CARTESIAN_POINT('',(-5.527806731836,-0.915209143551));
#6928 = CARTESIAN_POINT('',(-5.475655062147,-0.811301700471));
#6929 = CARTESIAN_POINT('',(-5.425703766146,-0.707997962854));
#6930 = CARTESIAN_POINT('',(-5.377681887651,-0.605921774349));
#6931 = CARTESIAN_POINT('',(-5.289633618986,-0.415715176884));
#6932 = CARTESIAN_POINT('',(-5.249308046285,-0.327260352722));
#6933 = CARTESIAN_POINT('',(-5.210100709313,-0.240807140047));
#6934 = CARTESIAN_POINT('',(-5.171830913976,-0.156941580211));
#6935 = CARTESIAN_POINT('',(-5.134322859087,-7.637856086085E-02));
#6936 = CARTESIAN_POINT('',(-5.097378011744,0.));
#6937 = ( GEOMETRIC_REPRESENTATION_CONTEXT(2) 
PARAMETRIC_REPRESENTATION_CONTEXT() REPRESENTATION_CONTEXT('2D SPACE',''
  ) );
#6938 = FACE_BOUND('',#6939,.T.);
#6939 = EDGE_LOOP('',(#6940));
#6940 = ORIENTED_EDGE('',*,*,#6941,.T.);
#6941 = EDGE_CURVE('',#6942,#6942,#6944,.T.);
#6942 = VERTEX_POINT('',#6943);
#6943 = CARTESIAN_POINT('',(37.1,19.091883092037,19.091883092037));
#6944 = SURFACE_CURVE('',#6945,(#7004,#7066),.PCURVE_S1.);
#6945 = B_SPLINE_CURVE_WITH_KNOTS('',8,(#6946,#6947,#6948,#6949,#6950,
    #6951,#6952,#6953,#6954,#6955,#6956,#6957,#6958,#6959,#6960,#6961,
    #6962,#6963,#6964,#6965,#6966,#6967,#6968,#6969,#6970,#6971,#6972,
    #6973,#6974,#6975,#6976,#6977,#6978,#6979,#6980,#6981,#6982,#6983,
    #6984,#6985,#6986,#6987,#6988,#6989,#6990,#6991,#6992,#6993,#6994,
    #6995,#6996,#6997,#6998,#6999,#7000,#7001,#7002,#7003),
  .UNSPECIFIED.,.T.,.F.,(9,7,7,7,7,7,7,7,9),(0.,0.137279016458,
    0.279829334528,0.449927584484,0.595996802405,0.690456079409,
    0.794375677434,0.899144679277,1.),.UNSPECIFIED.);
#6946 = CARTESIAN_POINT('',(37.1,19.091883092037,19.091883092037));
#6947 = CARTESIAN_POINT('',(37.1,19.264353840366,18.919412343708));
#6948 = CARTESIAN_POINT('',(37.067623535063,19.431145361846,
    18.749059526771));
#6949 = CARTESIAN_POINT('',(37.005430267601,19.588933632058,
    18.584430630084));
#6950 = CARTESIAN_POINT('',(36.91675252627,19.735052558391,
    18.428862712409));
#6951 = CARTESIAN_POINT('',(36.805661886764,19.867504772093,
    18.285293385207));
#6952 = CARTESIAN_POINT('',(36.676925355791,19.984967338316,
    18.156051992384));
#6953 = CARTESIAN_POINT('',(36.535955006946,20.086819699397,
    18.042632104613));
#6954 = CARTESIAN_POINT('',(36.235902571953,20.262940316337,
    17.844648254716));
#6955 = CARTESIAN_POINT('',(36.072835944163,20.338051696819,
    17.759052241072));
#6956 = CARTESIAN_POINT('',(35.902376182458,20.399368001501,
    17.688438702454));
#6957 = CARTESIAN_POINT('',(35.726653466922,20.447617737471,
    17.632448111538));
#6958 = CARTESIAN_POINT('',(35.547316085788,20.483390680426,
    17.590727816383));
#6959 = CARTESIAN_POINT('',(35.36568912492,20.507103827807,
    17.563001606522));
#6960 = CARTESIAN_POINT('',(35.182901492334,20.518972680064,
    17.549124199081));
#6961 = CARTESIAN_POINT('',(34.78175268788,20.518972680064,
    17.549124199081));
#6962 = CARTESIAN_POINT('',(34.562801399678,20.50207261224,
    17.568884037752));
#6963 = CARTESIAN_POINT('',(34.345363900346,20.468083938305,
    17.608625570693));
#6964 = CARTESIAN_POINT('',(34.13176021921,20.416502104193,
    17.668719425234));
#6965 = CARTESIAN_POINT('',(33.924701769345,20.346547346976,
    17.749638400841));
#6966 = CARTESIAN_POINT('',(33.727520552515,20.257156749306,
    17.851907229983));
#6967 = CARTESIAN_POINT('',(33.544556648819,20.147042562946,
    17.975967827355));
#6968 = CARTESIAN_POINT('',(33.242262386571,19.901483786572,
    18.247178231394));
#6969 = CARTESIAN_POINT('',(33.112568634351,19.767733395818,
    18.393098802065));
#6970 = CARTESIAN_POINT('',(33.00387646423,19.615110767153,
    18.556981816792));
#6971 = CARTESIAN_POINT('',(32.924467300684,19.446691146941,
    18.734271709941));
#6972 = CARTESIAN_POINT('',(32.879853012228,19.267021658923,
    18.919053081332));
#6973 = CARTESIAN_POINT('',(32.872667579843,19.081747276071,
    19.105057557381));
#6974 = CARTESIAN_POINT('',(32.902546460684,18.897088237745,
    19.286293251208));
#6975 = CARTESIAN_POINT('',(33.00699323117,18.603877074223,
    19.568374708112));
#6976 = CARTESIAN_POINT('',(33.062352007295,18.49061626447,
    19.675836861564));
#6977 = CARTESIAN_POINT('',(33.131660949175,18.380395894276,
    19.778994348735));
#6978 = CARTESIAN_POINT('',(33.214346810713,18.274356713629,
    19.876945913663));
#6979 = CARTESIAN_POINT('',(33.309658892109,18.173614389302,
    19.968875763766));
#6980 = CARTESIAN_POINT('',(33.416678373093,18.079237128383,
    20.054055241359));
#6981 = CARTESIAN_POINT('',(33.534331927832,17.992214088705,
    20.131848496307));
#6982 = CARTESIAN_POINT('',(33.801214448176,17.82672310524,
    20.278593836727));
#6983 = CARTESIAN_POINT('',(33.952431574619,17.749982018533,
    20.345882985658));
#6984 = CARTESIAN_POINT('',(34.113462782587,17.684345802616,
    20.40288156489));
#6985 = CARTESIAN_POINT('',(34.282540722758,17.630792940617,
    20.449036332148));
#6986 = CARTESIAN_POINT('',(34.457763377368,17.59009306008,
    20.483933813629));
#6987 = CARTESIAN_POINT('',(34.637129125011,17.562779057434,
    20.507293987238));
#6988 = CARTESIAN_POINT('',(34.818572407679,17.549124199081,
    20.518972680064));
#6989 = CARTESIAN_POINT('',(35.182910520397,17.549124199081,
    20.518972680064));
#6990 = CARTESIAN_POINT('',(35.365697696186,17.563002949243,
    20.507102677483));
#6991 = CARTESIAN_POINT('',(35.547320368294,17.590729444743,
    20.483389291066));
#6992 = CARTESIAN_POINT('',(35.726653609434,17.632448755522,
    20.44761716824));
#6993 = CARTESIAN_POINT('',(35.902374486318,17.688438143507,
    20.399368467976));
#6994 = CARTESIAN_POINT('',(36.072834829978,17.759051467587,
    20.338052388539));
#6995 = CARTESIAN_POINT('',(36.235902786088,17.844648396008,
    20.262940190648));
#6996 = CARTESIAN_POINT('',(36.53589720577,18.042593965615,
    20.086853626729));
#6997 = CARTESIAN_POINT('',(36.676887632466,18.156011054618,
    19.985004506484));
#6998 = CARTESIAN_POINT('',(36.805669277982,18.285281571712,
    19.867516558339));
#6999 = CARTESIAN_POINT('',(36.916794986404,18.428898276483,
    19.735021094063));
#7000 = CARTESIAN_POINT('',(37.005480119631,18.584511529924,
    19.588858224707));
#7001 = CARTESIAN_POINT('',(37.067653079928,18.74916131559,
    19.431046820407));
#7002 = CARTESIAN_POINT('',(37.1,18.919491042627,19.264275141446));
#7003 = CARTESIAN_POINT('',(37.1,19.091883092037,19.091883092037));
#7004 = PCURVE('',#2242,#7005);
#7005 = DEFINITIONAL_REPRESENTATION('',(#7006),#7065);
#7006 = B_SPLINE_CURVE_WITH_KNOTS('',8,(#7007,#7008,#7009,#7010,#7011,
    #7012,#7013,#7014,#7015,#7016,#7017,#7018,#7019,#7020,#7021,#7022,
    #7023,#7024,#7025,#7026,#7027,#7028,#7029,#7030,#7031,#7032,#7033,
    #7034,#7035,#7036,#7037,#7038,#7039,#7040,#7041,#7042,#7043,#7044,
    #7045,#7046,#7047,#7048,#7049,#7050,#7051,#7052,#7053,#7054,#7055,
    #7056,#7057,#7058,#7059,#7060,#7061,#7062,#7063,#7064),
  .UNSPECIFIED.,.T.,.F.,(9,7,7,7,7,7,7,7,9),(0.,0.137279016458,
    0.279829334528,0.449927584484,0.595996802405,0.690456079409,
    0.794375677434,0.899144679277,1.),.UNSPECIFIED.);
#7007 = CARTESIAN_POINT('',(-7.068583470577,-38.1));
#7008 = CARTESIAN_POINT('',(-7.059549749414,-38.1));
#7009 = CARTESIAN_POINT('',(-7.050720227543,-38.06762353506));
#7010 = CARTESIAN_POINT('',(-7.042275282687,-38.0054302676));
#7011 = CARTESIAN_POINT('',(-7.034371193395,-37.91675252627));
#7012 = CARTESIAN_POINT('',(-7.027137005165,-37.80566188676));
#7013 = CARTESIAN_POINT('',(-7.020668873281,-37.67692535579));
#7014 = CARTESIAN_POINT('',(-7.015023008338,-37.53595500694));
#7015 = CARTESIAN_POINT('',(-7.005208817125,-37.23590257195));
#7016 = CARTESIAN_POINT('',(-7.000991177886,-37.07283594416));
#7017 = CARTESIAN_POINT('',(-6.997527538311,-36.90237618245));
#7018 = CARTESIAN_POINT('',(-6.994790075067,-36.72665346692));
#7019 = CARTESIAN_POINT('',(-6.992754627976,-36.54731608578));
#7020 = CARTESIAN_POINT('',(-6.9914033817,-36.36568912492));
#7021 = CARTESIAN_POINT('',(-6.990727060632,-36.18290149233));
#7022 = CARTESIAN_POINT('',(-6.990727060632,-35.78175268788));
#7023 = CARTESIAN_POINT('',(-6.991690068827,-35.56280139967));
#7024 = CARTESIAN_POINT('',(-6.993626868577,-35.34536390034));
#7025 = CARTESIAN_POINT('',(-6.996560036667,-35.13176021921));
#7026 = CARTESIAN_POINT('',(-7.000521656201,-34.92470176934));
#7027 = CARTESIAN_POINT('',(-7.005552191021,-34.72752055251));
#7028 = CARTESIAN_POINT('',(-7.011695593437,-34.54455664881));
#7029 = CARTESIAN_POINT('',(-7.025245997028,-34.24226238657));
#7030 = CARTESIAN_POINT('',(-7.032577133077,-34.11256863435));
#7031 = CARTESIAN_POINT('',(-7.040870948616,-34.00387646423));
#7032 = CARTESIAN_POINT('',(-7.049926816002,-33.92446730068));
#7033 = CARTESIAN_POINT('',(-7.05947104195,-33.87985301222));
#7034 = CARTESIAN_POINT('',(-7.069193500529,-33.87266757984));
#7035 = CARTESIAN_POINT('',(-7.078775909432,-33.90254646068));
#7036 = CARTESIAN_POINT('',(-7.093845147656,-34.00699323117));
#7037 = CARTESIAN_POINT('',(-7.099627548269,-34.06235200729));
#7038 = CARTESIAN_POINT('',(-7.105218578703,-34.13166094917));
#7039 = CARTESIAN_POINT('',(-7.110564905619,-34.21434681071));
#7040 = CARTESIAN_POINT('',(-7.115615939105,-34.3096588921));
#7041 = CARTESIAN_POINT('',(-7.120324450065,-34.41667837309));
#7042 = CARTESIAN_POINT('',(-7.124647575037,-34.53433192783));
#7043 = CARTESIAN_POINT('',(-7.132839499575,-34.80121444817));
#7044 = CARTESIAN_POINT('',(-7.136619581086,-34.95243157461));
#7045 = CARTESIAN_POINT('',(-7.139839189468,-35.11346278258));
#7046 = CARTESIAN_POINT('',(-7.142457602472,-35.28254072275));
#7047 = CARTESIAN_POINT('',(-7.144443252642,-35.45776337736));
#7048 = CARTESIAN_POINT('',(-7.145774402375,-35.63712912501));
#7049 = CARTESIAN_POINT('',(-7.146439880522,-35.81857240767));
#7050 = CARTESIAN_POINT('',(-7.146439880522,-36.18291052039));
#7051 = CARTESIAN_POINT('',(-7.145763493973,-36.36569769618));
#7052 = CARTESIAN_POINT('',(-7.144412233895,-36.54732036829));
#7053 = CARTESIAN_POINT('',(-7.142376834254,-36.72665360943));
#7054 = CARTESIAN_POINT('',(-7.139639429807,-36.90237448631));
#7055 = CARTESIAN_POINT('',(-7.136175801694,-37.07283482997));
#7056 = CARTESIAN_POINT('',(-7.131958117025,-37.23590278608));
#7057 = CARTESIAN_POINT('',(-7.122145823392,-37.53589720577));
#7058 = CARTESIAN_POINT('',(-7.116500115717,-37.67688763246));
#7059 = CARTESIAN_POINT('',(-7.11003055311,-37.80566927798));
#7060 = CARTESIAN_POINT('',(-7.102793989699,-37.9167949864));
#7061 = CARTESIAN_POINT('',(-7.09488756326,-38.00548011963));
#7062 = CARTESIAN_POINT('',(-7.086441467161,-38.06765307992));
#7063 = CARTESIAN_POINT('',(-7.077613069626,-38.1));
#7064 = CARTESIAN_POINT('',(-7.068583470577,-38.1));
#7065 = ( GEOMETRIC_REPRESENTATION_CONTEXT(2) 
PARAMETRIC_REPRESENTATION_CONTEXT() REPRESENTATION_CONTEXT('2D SPACE',''
  ) );
#7066 = PCURVE('',#7067,#7072);
#7067 = CYLINDRICAL_SURFACE('',#7068,2.1);
#7068 = AXIS2_PLACEMENT_3D('',#7069,#7070,#7071);
#7069 = CARTESIAN_POINT('',(35.,18.738329701444,18.738329701444));
#7070 = DIRECTION('',(-0.,-0.707106781187,-0.707106781187));
#7071 = DIRECTION('',(1.,0.,-0.));
#7072 = DEFINITIONAL_REPRESENTATION('',(#7073),#7132);
#7073 = B_SPLINE_CURVE_WITH_KNOTS('',8,(#7074,#7075,#7076,#7077,#7078,
    #7079,#7080,#7081,#7082,#7083,#7084,#7085,#7086,#7087,#7088,#7089,
    #7090,#7091,#7092,#7093,#7094,#7095,#7096,#7097,#7098,#7099,#7100,
    #7101,#7102,#7103,#7104,#7105,#7106,#7107,#7108,#7109,#7110,#7111,
    #7112,#7113,#7114,#7115,#7116,#7117,#7118,#7119,#7120,#7121,#7122,
    #7123,#7124,#7125,#7126,#7127,#7128,#7129,#7130,#7131),
  .UNSPECIFIED.,.F.,.F.,(9,7,7,7,7,7,7,7,9),(0.,0.137279016458,
    0.279829334528,0.449927584484,0.595996802405,0.690456079409,
    0.794375677434,0.899144679277,1.),.UNSPECIFIED.);
#7074 = CARTESIAN_POINT('',(0.,-0.5));
#7075 = CARTESIAN_POINT('',(-0.116147843524,-0.5));
#7076 = CARTESIAN_POINT('',(-0.229670173474,-0.497481783833));
#7077 = CARTESIAN_POINT('',(-0.340621488848,-0.492644730465));
#7078 = CARTESIAN_POINT('',(-0.448914346696,-0.485963284612));
#7079 = CARTESIAN_POINT('',(-0.554331536512,-0.478102298269));
#7080 = CARTESIAN_POINT('',(-0.656493602574,-0.469773410105));
#7081 = CARTESIAN_POINT('',(-0.754783480778,-0.461593933541));
#7082 = CARTESIAN_POINT('',(-0.9452647544,-0.446134293259));
#7083 = CARTESIAN_POINT('',(-1.039297123896,-0.438720538051));
#7084 = CARTESIAN_POINT('',(-1.130953862066,-0.43214640089));
#7085 = CARTESIAN_POINT('',(-1.220749268063,-0.426672789864));
#7086 = CARTESIAN_POINT('',(-1.309162547986,-0.422467376793));
#7087 = CARTESIAN_POINT('',(-1.396658765924,-0.4196297131));
#7088 = CARTESIAN_POINT('',(-1.483700378064,-0.41820945011));
#7089 = CARTESIAN_POINT('',(-1.674723618281,-0.41820945011));
#7090 = CARTESIAN_POINT('',(-1.778985558294,-0.420231613469));
#7091 = CARTESIAN_POINT('',(-1.88423993264,-0.424299499083));
#7092 = CARTESIAN_POINT('',(-1.991130416396,-0.43031840645));
#7093 = CARTESIAN_POINT('',(-2.100347505928,-0.438071279624));
#7094 = CARTESIAN_POINT('',(-2.212653065045,-0.447177564427));
#7095 = CARTESIAN_POINT('',(-2.328945461468,-0.457039166227));
#7096 = CARTESIAN_POINT('',(-2.554775758107,-0.475177606097));
#7097 = CARTESIAN_POINT('',(-2.666701894909,-0.483783222845));
#7098 = CARTESIAN_POINT('',(-2.78353899822,-0.491745518188));
#7099 = CARTESIAN_POINT('',(-2.903589962121,-0.498017748333));
#7100 = CARTESIAN_POINT('',(-3.025629321675,-0.501632395731));
#7101 = CARTESIAN_POINT('',(-3.14859551463,-0.502148649581));
#7102 = CARTESIAN_POINT('',(-3.271466640931,-0.499727979472));
#7103 = CARTESIAN_POINT('',(-3.471460930772,-0.491858088449));
#7104 = CARTESIAN_POINT('',(-3.550003037995,-0.487757819257));
#7105 = CARTESIAN_POINT('',(-3.628540101764,-0.482763606777));
#7106 = CARTESIAN_POINT('',(-3.707076056826,-0.477044798859));
#7107 = CARTESIAN_POINT('',(-3.785615646487,-0.470813438576));
#7108 = CARTESIAN_POINT('',(-3.864159312909,-0.464309623614));
#7109 = CARTESIAN_POINT('',(-3.942702389668,-0.457783180242));
#7110 = CARTESIAN_POINT('',(-4.107640391242,-0.444528008928));
#7111 = CARTESIAN_POINT('',(-4.194036941758,-0.437844479631));
#7112 = CARTESIAN_POINT('',(-4.2804256898,-0.431736748157));
#7113 = CARTESIAN_POINT('',(-4.366810571287,-0.426505505199));
#7114 = CARTESIAN_POINT('',(-4.453198190184,-0.422402589478));
#7115 = CARTESIAN_POINT('',(-4.539593485113,-0.419606810155));
#7116 = CARTESIAN_POINT('',(-4.625994888803,-0.41820945011));
#7117 = CARTESIAN_POINT('',(-4.799489228193,-0.41820945011));
#7118 = CARTESIAN_POINT('',(-4.886530611411,-0.419629849146));
#7119 = CARTESIAN_POINT('',(-4.974024954869,-0.422467545793));
#7120 = CARTESIAN_POINT('',(-5.062436284903,-0.426672842723));
#7121 = CARTESIAN_POINT('',(-5.15223059908,-0.432146335502));
#7122 = CARTESIAN_POINT('',(-5.243887465094,-0.438720480234));
#7123 = CARTESIAN_POINT('',(-5.337920688718,-0.446134304292));
#7124 = CARTESIAN_POINT('',(-5.528365132677,-0.461590955444));
#7125 = CARTESIAN_POINT('',(-5.62666084744,-0.469770744596));
#7126 = CARTESIAN_POINT('',(-5.728849657448,-0.478102279));
#7127 = CARTESIAN_POINT('',(-5.834299582101,-0.48596618357));
#7128 = CARTESIAN_POINT('',(-5.942619682657,-0.492648614242));
#7129 = CARTESIAN_POINT('',(-6.053582597575,-0.497484080077));
#7130 = CARTESIAN_POINT('',(-6.167090462265,-0.5));
#7131 = CARTESIAN_POINT('',(-6.28318530718,-0.5));
#7132 = ( GEOMETRIC_REPRESENTATION_CONTEXT(2) 
PARAMETRIC_REPRESENTATION_CONTEXT() REPRESENTATION_CONTEXT('2D SPACE',''
  ) );
#7133 = FACE_BOUND('',#7134,.T.);
#7134 = EDGE_LOOP('',(#7135));
#7135 = ORIENTED_EDGE('',*,*,#1916,.F.);
#7136 = ADVANCED_FACE('',(#7137),#7067,.F.);
#7137 = FACE_BOUND('',#7138,.T.);
#7138 = EDGE_LOOP('',(#7139,#7140,#7163,#7190));
#7139 = ORIENTED_EDGE('',*,*,#6941,.F.);
#7140 = ORIENTED_EDGE('',*,*,#7141,.T.);
#7141 = EDGE_CURVE('',#6942,#7142,#7144,.T.);
#7142 = VERTEX_POINT('',#7143);
#7143 = CARTESIAN_POINT('',(37.1,20.50609665441,20.50609665441));
#7144 = SEAM_CURVE('',#7145,(#7149,#7156),.PCURVE_S1.);
#7145 = LINE('',#7146,#7147);
#7146 = CARTESIAN_POINT('',(37.1,18.738329701444,18.738329701444));
#7147 = VECTOR('',#7148,1.);
#7148 = DIRECTION('',(0.,0.707106781187,0.707106781187));
#7149 = PCURVE('',#7067,#7150);
#7150 = DEFINITIONAL_REPRESENTATION('',(#7151),#7155);
#7151 = LINE('',#7152,#7153);
#7152 = CARTESIAN_POINT('',(-6.28318530718,0.));
#7153 = VECTOR('',#7154,1.);
#7154 = DIRECTION('',(-0.,-1.));
#7155 = ( GEOMETRIC_REPRESENTATION_CONTEXT(2) 
PARAMETRIC_REPRESENTATION_CONTEXT() REPRESENTATION_CONTEXT('2D SPACE',''
  ) );
#7156 = PCURVE('',#7067,#7157);
#7157 = DEFINITIONAL_REPRESENTATION('',(#7158),#7162);
#7158 = LINE('',#7159,#7160);
#7159 = CARTESIAN_POINT('',(-0.,0.));
#7160 = VECTOR('',#7161,1.);
#7161 = DIRECTION('',(-0.,-1.));
#7162 = ( GEOMETRIC_REPRESENTATION_CONTEXT(2) 
PARAMETRIC_REPRESENTATION_CONTEXT() REPRESENTATION_CONTEXT('2D SPACE',''
  ) );
#7163 = ORIENTED_EDGE('',*,*,#7164,.T.);
#7164 = EDGE_CURVE('',#7142,#7142,#7165,.T.);
#7165 = SURFACE_CURVE('',#7166,(#7171,#7178),.PCURVE_S1.);
#7166 = CIRCLE('',#7167,2.1);
#7167 = AXIS2_PLACEMENT_3D('',#7168,#7169,#7170);
#7168 = CARTESIAN_POINT('',(35.,20.50609665441,20.50609665441));
#7169 = DIRECTION('',(0.,0.707106781187,0.707106781187));
#7170 = DIRECTION('',(1.,0.,-0.));
#7171 = PCURVE('',#7067,#7172);
#7172 = DEFINITIONAL_REPRESENTATION('',(#7173),#7177);
#7173 = LINE('',#7174,#7175);
#7174 = CARTESIAN_POINT('',(-0.,-2.5));
#7175 = VECTOR('',#7176,1.);
#7176 = DIRECTION('',(-1.,0.));
#7177 = ( GEOMETRIC_REPRESENTATION_CONTEXT(2) 
PARAMETRIC_REPRESENTATION_CONTEXT() REPRESENTATION_CONTEXT('2D SPACE',''
  ) );
#7178 = PCURVE('',#7179,#7184);
#7179 = PLANE('',#7180);
#7180 = AXIS2_PLACEMENT_3D('',#7181,#7182,#7183);
#7181 = CARTESIAN_POINT('',(35.,20.50609665441,20.50609665441));
#7182 = DIRECTION('',(0.,0.707106781187,0.707106781187));
#7183 = DIRECTION('',(0.,0.707106781187,-0.707106781187));
#7184 = DEFINITIONAL_REPRESENTATION('',(#7185),#7189);
#7185 = CIRCLE('',#7186,2.1);
#7186 = AXIS2_PLACEMENT_2D('',#7187,#7188);
#7187 = CARTESIAN_POINT('',(0.,0.));
#7188 = DIRECTION('',(0.,-1.));
#7189 = ( GEOMETRIC_REPRESENTATION_CONTEXT(2) 
PARAMETRIC_REPRESENTATION_CONTEXT() REPRESENTATION_CONTEXT('2D SPACE',''
  ) );
#7190 = ORIENTED_EDGE('',*,*,#7141,.F.);
#7191 = ADVANCED_FACE('',(#7192),#7179,.F.);
#7192 = FACE_BOUND('',#7193,.F.);
#7193 = EDGE_LOOP('',(#7194));
#7194 = ORIENTED_EDGE('',*,*,#7164,.T.);
#7195 = ADVANCED_FACE('',(#7196),#6850,.T.);
#7196 = FACE_BOUND('',#7197,.T.);
#7197 = EDGE_LOOP('',(#7198,#7199));
#7198 = ORIENTED_EDGE('',*,*,#6835,.T.);
#7199 = ORIENTED_EDGE('',*,*,#7200,.T.);
#7200 = EDGE_CURVE('',#6539,#6836,#7201,.T.);
#7201 = SURFACE_CURVE('',#7202,(#7207,#7214),.PCURVE_S1.);
#7202 = CIRCLE('',#7203,5.15);
#7203 = AXIS2_PLACEMENT_3D('',#7204,#7205,#7206);
#7204 = CARTESIAN_POINT('',(25.,23.787593916455,8.));
#7205 = DIRECTION('',(-0.,1.,0.));
#7206 = DIRECTION('',(1.,0.,0.));
#7207 = PCURVE('',#6850,#7208);
#7208 = DEFINITIONAL_REPRESENTATION('',(#7209),#7213);
#7209 = CIRCLE('',#7210,5.15);
#7210 = AXIS2_PLACEMENT_2D('',#7211,#7212);
#7211 = CARTESIAN_POINT('',(0.,0.));
#7212 = DIRECTION('',(1.,0.));
#7213 = ( GEOMETRIC_REPRESENTATION_CONTEXT(2) 
PARAMETRIC_REPRESENTATION_CONTEXT() REPRESENTATION_CONTEXT('2D SPACE',''
  ) );
#7214 = PCURVE('',#6734,#7215);
#7215 = DEFINITIONAL_REPRESENTATION('',(#7216),#7220);
#7216 = LINE('',#7217,#7218);
#7217 = CARTESIAN_POINT('',(-0.,-0.));
#7218 = VECTOR('',#7219,1.);
#7219 = DIRECTION('',(-1.,-0.));
#7220 = ( GEOMETRIC_REPRESENTATION_CONTEXT(2) 
PARAMETRIC_REPRESENTATION_CONTEXT() REPRESENTATION_CONTEXT('2D SPACE',''
  ) );
#7221 = ADVANCED_FACE('',(#7222),#6734,.F.);
#7222 = FACE_BOUND('',#7223,.F.);
#7223 = EDGE_LOOP('',(#7224,#7225,#7226,#7227,#7247,#7269));
#7224 = ORIENTED_EDGE('',*,*,#6538,.F.);
#7225 = ORIENTED_EDGE('',*,*,#7200,.T.);
#7226 = ORIENTED_EDGE('',*,*,#6861,.F.);
#7227 = ORIENTED_EDGE('',*,*,#7228,.T.);
#7228 = EDGE_CURVE('',#6541,#7229,#7231,.T.);
#7229 = VERTEX_POINT('',#7230);
#7230 = CARTESIAN_POINT('',(26.7,27.237593916455,8.));
#7231 = SEAM_CURVE('',#7232,(#7235,#7241),.PCURVE_S1.);
#7232 = B_SPLINE_CURVE_WITH_KNOTS('',1,(#7233,#7234),.UNSPECIFIED.,.F.,
  .F.,(2,2),(0.,1.),.PIECEWISE_BEZIER_KNOTS.);
#7233 = CARTESIAN_POINT('',(30.15,23.787593916455,8.));
#7234 = CARTESIAN_POINT('',(26.7,27.237593916455,8.));
#7235 = PCURVE('',#6734,#7236);
#7236 = DEFINITIONAL_REPRESENTATION('',(#7237),#7240);
#7237 = B_SPLINE_CURVE_WITH_KNOTS('',1,(#7238,#7239),.UNSPECIFIED.,.F.,
  .F.,(2,2),(0.,1.),.PIECEWISE_BEZIER_KNOTS.);
#7238 = CARTESIAN_POINT('',(0.,0.));
#7239 = CARTESIAN_POINT('',(0.,-3.45));
#7240 = ( GEOMETRIC_REPRESENTATION_CONTEXT(2) 
PARAMETRIC_REPRESENTATION_CONTEXT() REPRESENTATION_CONTEXT('2D SPACE',''
  ) );
#7241 = PCURVE('',#6734,#7242);
#7242 = DEFINITIONAL_REPRESENTATION('',(#7243),#7246);
#7243 = B_SPLINE_CURVE_WITH_KNOTS('',1,(#7244,#7245),.UNSPECIFIED.,.F.,
  .F.,(2,2),(0.,1.),.PIECEWISE_BEZIER_KNOTS.);
#7244 = CARTESIAN_POINT('',(-6.28318530718,0.));
#7245 = CARTESIAN_POINT('',(-6.28318530718,-3.45));
#7246 = ( GEOMETRIC_REPRESENTATION_CONTEXT(2) 
PARAMETRIC_REPRESENTATION_CONTEXT() REPRESENTATION_CONTEXT('2D SPACE',''
  ) );
#7247 = ORIENTED_EDGE('',*,*,#7248,.F.);
#7248 = EDGE_CURVE('',#7229,#7229,#7249,.T.);
#7249 = SURFACE_CURVE('',#7250,(#7255,#7262),.PCURVE_S1.);
#7250 = CIRCLE('',#7251,1.7);
#7251 = AXIS2_PLACEMENT_3D('',#7252,#7253,#7254);
#7252 = CARTESIAN_POINT('',(25.,27.237593916455,8.));
#7253 = DIRECTION('',(-0.,1.,0.));
#7254 = DIRECTION('',(1.,0.,0.));
#7255 = PCURVE('',#6734,#7256);
#7256 = DEFINITIONAL_REPRESENTATION('',(#7257),#7261);
#7257 = LINE('',#7258,#7259);
#7258 = CARTESIAN_POINT('',(-0.,-3.45));
#7259 = VECTOR('',#7260,1.);
#7260 = DIRECTION('',(-1.,-0.));
#7261 = ( GEOMETRIC_REPRESENTATION_CONTEXT(2) 
PARAMETRIC_REPRESENTATION_CONTEXT() REPRESENTATION_CONTEXT('2D SPACE',''
  ) );
#7262 = PCURVE('',#1628,#7263);
#7263 = DEFINITIONAL_REPRESENTATION('',(#7264),#7268);
#7264 = LINE('',#7265,#7266);
#7265 = CARTESIAN_POINT('',(6.28318530718,-27.23759391645));
#7266 = VECTOR('',#7267,1.);
#7267 = DIRECTION('',(-1.,0.));
#7268 = ( GEOMETRIC_REPRESENTATION_CONTEXT(2) 
PARAMETRIC_REPRESENTATION_CONTEXT() REPRESENTATION_CONTEXT('2D SPACE',''
  ) );
#7269 = ORIENTED_EDGE('',*,*,#7228,.F.);
#7270 = ADVANCED_FACE('',(#7271),#6369,.F.);
#7271 = FACE_BOUND('',#7272,.F.);
#7272 = EDGE_LOOP('',(#7273,#7274,#7294,#7316));
#7273 = ORIENTED_EDGE('',*,*,#6043,.F.);
#7274 = ORIENTED_EDGE('',*,*,#7275,.T.);
#7275 = EDGE_CURVE('',#6044,#7276,#7278,.T.);
#7276 = VERTEX_POINT('',#7277);
#7277 = CARTESIAN_POINT('',(76.7,6.,27.774893162176));
#7278 = SEAM_CURVE('',#7279,(#7282,#7288),.PCURVE_S1.);
#7279 = B_SPLINE_CURVE_WITH_KNOTS('',1,(#7280,#7281),.UNSPECIFIED.,.F.,
  .F.,(2,2),(0.,1.),.PIECEWISE_BEZIER_KNOTS.);
#7280 = CARTESIAN_POINT('',(80.15,6.,24.324893162176));
#7281 = CARTESIAN_POINT('',(76.7,6.,27.774893162176));
#7282 = PCURVE('',#6369,#7283);
#7283 = DEFINITIONAL_REPRESENTATION('',(#7284),#7287);
#7284 = B_SPLINE_CURVE_WITH_KNOTS('',1,(#7285,#7286),.UNSPECIFIED.,.F.,
  .F.,(2,2),(0.,1.),.PIECEWISE_BEZIER_KNOTS.);
#7285 = CARTESIAN_POINT('',(0.,0.));
#7286 = CARTESIAN_POINT('',(0.,-3.45));
#7287 = ( GEOMETRIC_REPRESENTATION_CONTEXT(2) 
PARAMETRIC_REPRESENTATION_CONTEXT() REPRESENTATION_CONTEXT('2D SPACE',''
  ) );
#7288 = PCURVE('',#6369,#7289);
#7289 = DEFINITIONAL_REPRESENTATION('',(#7290),#7293);
#7290 = B_SPLINE_CURVE_WITH_KNOTS('',1,(#7291,#7292),.UNSPECIFIED.,.F.,
  .F.,(2,2),(0.,1.),.PIECEWISE_BEZIER_KNOTS.);
#7291 = CARTESIAN_POINT('',(-6.28318530718,0.));
#7292 = CARTESIAN_POINT('',(-6.28318530718,-3.45));
#7293 = ( GEOMETRIC_REPRESENTATION_CONTEXT(2) 
PARAMETRIC_REPRESENTATION_CONTEXT() REPRESENTATION_CONTEXT('2D SPACE',''
  ) );
#7294 = ORIENTED_EDGE('',*,*,#7295,.F.);
#7295 = EDGE_CURVE('',#7276,#7276,#7296,.T.);
#7296 = SURFACE_CURVE('',#7297,(#7302,#7309),.PCURVE_S1.);
#7297 = CIRCLE('',#7298,1.7);
#7298 = AXIS2_PLACEMENT_3D('',#7299,#7300,#7301);
#7299 = CARTESIAN_POINT('',(75.,6.,27.774893162176));
#7300 = DIRECTION('',(0.,0.,1.));
#7301 = DIRECTION('',(1.,0.,0.));
#7302 = PCURVE('',#6369,#7303);
#7303 = DEFINITIONAL_REPRESENTATION('',(#7304),#7308);
#7304 = LINE('',#7305,#7306);
#7305 = CARTESIAN_POINT('',(-0.,-3.45));
#7306 = VECTOR('',#7307,1.);
#7307 = DIRECTION('',(-1.,-0.));
#7308 = ( GEOMETRIC_REPRESENTATION_CONTEXT(2) 
PARAMETRIC_REPRESENTATION_CONTEXT() REPRESENTATION_CONTEXT('2D SPACE',''
  ) );
#7309 = PCURVE('',#1457,#7310);
#7310 = DEFINITIONAL_REPRESENTATION('',(#7311),#7315);
#7311 = LINE('',#7312,#7313);
#7312 = CARTESIAN_POINT('',(-0.,-27.77489316217));
#7313 = VECTOR('',#7314,1.);
#7314 = DIRECTION('',(-1.,0.));
#7315 = ( GEOMETRIC_REPRESENTATION_CONTEXT(2) 
PARAMETRIC_REPRESENTATION_CONTEXT() REPRESENTATION_CONTEXT('2D SPACE',''
  ) );
#7316 = ORIENTED_EDGE('',*,*,#7275,.F.);
#7317 = ADVANCED_FACE('',(#7318),#5952,.T.);
#7318 = FACE_BOUND('',#7319,.T.);
#7319 = EDGE_LOOP('',(#7320,#7321));
#7320 = ORIENTED_EDGE('',*,*,#5937,.T.);
#7321 = ORIENTED_EDGE('',*,*,#7322,.T.);
#7322 = EDGE_CURVE('',#5641,#5938,#7323,.T.);
#7323 = SURFACE_CURVE('',#7324,(#7329,#7336),.PCURVE_S1.);
#7324 = CIRCLE('',#7325,5.15);
#7325 = AXIS2_PLACEMENT_3D('',#7326,#7327,#7328);
#7326 = CARTESIAN_POINT('',(75.,23.787593916455,8.));
#7327 = DIRECTION('',(-0.,1.,0.));
#7328 = DIRECTION('',(1.,0.,0.));
#7329 = PCURVE('',#5952,#7330);
#7330 = DEFINITIONAL_REPRESENTATION('',(#7331),#7335);
#7331 = CIRCLE('',#7332,5.15);
#7332 = AXIS2_PLACEMENT_2D('',#7333,#7334);
#7333 = CARTESIAN_POINT('',(0.,0.));
#7334 = DIRECTION('',(1.,0.));
#7335 = ( GEOMETRIC_REPRESENTATION_CONTEXT(2) 
PARAMETRIC_REPRESENTATION_CONTEXT() REPRESENTATION_CONTEXT('2D SPACE',''
  ) );
#7336 = PCURVE('',#5836,#7337);
#7337 = DEFINITIONAL_REPRESENTATION('',(#7338),#7342);
#7338 = LINE('',#7339,#7340);
#7339 = CARTESIAN_POINT('',(-0.,-0.));
#7340 = VECTOR('',#7341,1.);
#7341 = DIRECTION('',(-1.,-0.));
#7342 = ( GEOMETRIC_REPRESENTATION_CONTEXT(2) 
PARAMETRIC_REPRESENTATION_CONTEXT() REPRESENTATION_CONTEXT('2D SPACE',''
  ) );
#7343 = ADVANCED_FACE('',(#7344),#5836,.F.);
#7344 = FACE_BOUND('',#7345,.F.);
#7345 = EDGE_LOOP('',(#7346,#7347,#7348,#7349,#7369,#7391));
#7346 = ORIENTED_EDGE('',*,*,#5640,.F.);
#7347 = ORIENTED_EDGE('',*,*,#7322,.T.);
#7348 = ORIENTED_EDGE('',*,*,#5963,.F.);
#7349 = ORIENTED_EDGE('',*,*,#7350,.T.);
#7350 = EDGE_CURVE('',#5643,#7351,#7353,.T.);
#7351 = VERTEX_POINT('',#7352);
#7352 = CARTESIAN_POINT('',(76.7,27.237593916455,8.));
#7353 = SEAM_CURVE('',#7354,(#7357,#7363),.PCURVE_S1.);
#7354 = B_SPLINE_CURVE_WITH_KNOTS('',1,(#7355,#7356),.UNSPECIFIED.,.F.,
  .F.,(2,2),(0.,1.),.PIECEWISE_BEZIER_KNOTS.);
#7355 = CARTESIAN_POINT('',(80.15,23.787593916455,8.));
#7356 = CARTESIAN_POINT('',(76.7,27.237593916455,8.));
#7357 = PCURVE('',#5836,#7358);
#7358 = DEFINITIONAL_REPRESENTATION('',(#7359),#7362);
#7359 = B_SPLINE_CURVE_WITH_KNOTS('',1,(#7360,#7361),.UNSPECIFIED.,.F.,
  .F.,(2,2),(0.,1.),.PIECEWISE_BEZIER_KNOTS.);
#7360 = CARTESIAN_POINT('',(0.,0.));
#7361 = CARTESIAN_POINT('',(0.,-3.45));
#7362 = ( GEOMETRIC_REPRESENTATION_CONTEXT(2) 
PARAMETRIC_REPRESENTATION_CONTEXT() REPRESENTATION_CONTEXT('2D SPACE',''
  ) );
#7363 = PCURVE('',#5836,#7364);
#7364 = DEFINITIONAL_REPRESENTATION('',(#7365),#7368);
#7365 = B_SPLINE_CURVE_WITH_KNOTS('',1,(#7366,#7367),.UNSPECIFIED.,.F.,
  .F.,(2,2),(0.,1.),.PIECEWISE_BEZIER_KNOTS.);
#7366 = CARTESIAN_POINT('',(-6.28318530718,0.));
#7367 = CARTESIAN_POINT('',(-6.28318530718,-3.45));
#7368 = ( GEOMETRIC_REPRESENTATION_CONTEXT(2) 
PARAMETRIC_REPRESENTATION_CONTEXT() REPRESENTATION_CONTEXT('2D SPACE',''
  ) );
#7369 = ORIENTED_EDGE('',*,*,#7370,.F.);
#7370 = EDGE_CURVE('',#7351,#7351,#7371,.T.);
#7371 = SURFACE_CURVE('',#7372,(#7377,#7384),.PCURVE_S1.);
#7372 = CIRCLE('',#7373,1.7);
#7373 = AXIS2_PLACEMENT_3D('',#7374,#7375,#7376);
#7374 = CARTESIAN_POINT('',(75.,27.237593916455,8.));
#7375 = DIRECTION('',(-0.,1.,0.));
#7376 = DIRECTION('',(1.,0.,0.));
#7377 = PCURVE('',#5836,#7378);
#7378 = DEFINITIONAL_REPRESENTATION('',(#7379),#7383);
#7379 = LINE('',#7380,#7381);
#7380 = CARTESIAN_POINT('',(-0.,-3.45));
#7381 = VECTOR('',#7382,1.);
#7382 = DIRECTION('',(-1.,-0.));
#7383 = ( GEOMETRIC_REPRESENTATION_CONTEXT(2) 
PARAMETRIC_REPRESENTATION_CONTEXT() REPRESENTATION_CONTEXT('2D SPACE',''
  ) );
#7384 = PCURVE('',#1286,#7385);
#7385 = DEFINITIONAL_REPRESENTATION('',(#7386),#7390);
#7386 = LINE('',#7387,#7388);
#7387 = CARTESIAN_POINT('',(6.28318530718,-27.23759391645));
#7388 = VECTOR('',#7389,1.);
#7389 = DIRECTION('',(-1.,0.));
#7390 = ( GEOMETRIC_REPRESENTATION_CONTEXT(2) 
PARAMETRIC_REPRESENTATION_CONTEXT() REPRESENTATION_CONTEXT('2D SPACE',''
  ) );
#7391 = ORIENTED_EDGE('',*,*,#7350,.F.);
#7392 = ADVANCED_FACE('',(#7393),#5560,.F.);
#7393 = FACE_BOUND('',#7394,.T.);
#7394 = EDGE_LOOP('',(#7395,#7396,#7419,#7446));
#7395 = ORIENTED_EDGE('',*,*,#5431,.F.);
#7396 = ORIENTED_EDGE('',*,*,#7397,.T.);
#7397 = EDGE_CURVE('',#5432,#7398,#7400,.T.);
#7398 = VERTEX_POINT('',#7399);
#7399 = CARTESIAN_POINT('',(37.1,29.,0.));
#7400 = SEAM_CURVE('',#7401,(#7405,#7412),.PCURVE_S1.);
#7401 = LINE('',#7402,#7403);
#7402 = CARTESIAN_POINT('',(37.1,26.5,0.));
#7403 = VECTOR('',#7404,1.);
#7404 = DIRECTION('',(0.,1.,0.));
#7405 = PCURVE('',#5560,#7406);
#7406 = DEFINITIONAL_REPRESENTATION('',(#7407),#7411);
#7407 = LINE('',#7408,#7409);
#7408 = CARTESIAN_POINT('',(-0.,0.));
#7409 = VECTOR('',#7410,1.);
#7410 = DIRECTION('',(-0.,-1.));
#7411 = ( GEOMETRIC_REPRESENTATION_CONTEXT(2) 
PARAMETRIC_REPRESENTATION_CONTEXT() REPRESENTATION_CONTEXT('2D SPACE',''
  ) );
#7412 = PCURVE('',#5560,#7413);
#7413 = DEFINITIONAL_REPRESENTATION('',(#7414),#7418);
#7414 = LINE('',#7415,#7416);
#7415 = CARTESIAN_POINT('',(-6.28318530718,0.));
#7416 = VECTOR('',#7417,1.);
#7417 = DIRECTION('',(-0.,-1.));
#7418 = ( GEOMETRIC_REPRESENTATION_CONTEXT(2) 
PARAMETRIC_REPRESENTATION_CONTEXT() REPRESENTATION_CONTEXT('2D SPACE',''
  ) );
#7419 = ORIENTED_EDGE('',*,*,#7420,.T.);
#7420 = EDGE_CURVE('',#7398,#7398,#7421,.T.);
#7421 = SURFACE_CURVE('',#7422,(#7427,#7434),.PCURVE_S1.);
#7422 = CIRCLE('',#7423,2.1);
#7423 = AXIS2_PLACEMENT_3D('',#7424,#7425,#7426);
#7424 = CARTESIAN_POINT('',(35.,29.,0.));
#7425 = DIRECTION('',(-0.,1.,0.));
#7426 = DIRECTION('',(1.,0.,0.));
#7427 = PCURVE('',#5560,#7428);
#7428 = DEFINITIONAL_REPRESENTATION('',(#7429),#7433);
#7429 = LINE('',#7430,#7431);
#7430 = CARTESIAN_POINT('',(-0.,-2.5));
#7431 = VECTOR('',#7432,1.);
#7432 = DIRECTION('',(-1.,0.));
#7433 = ( GEOMETRIC_REPRESENTATION_CONTEXT(2) 
PARAMETRIC_REPRESENTATION_CONTEXT() REPRESENTATION_CONTEXT('2D SPACE',''
  ) );
#7434 = PCURVE('',#7435,#7440);
#7435 = PLANE('',#7436);
#7436 = AXIS2_PLACEMENT_3D('',#7437,#7438,#7439);
#7437 = CARTESIAN_POINT('',(35.,29.,2.485157679093E-16));
#7438 = DIRECTION('',(0.,1.,0.));
#7439 = DIRECTION('',(0.,-0.,1.));
#7440 = DEFINITIONAL_REPRESENTATION('',(#7441),#7445);
#7441 = CIRCLE('',#7442,2.1);
#7442 = AXIS2_PLACEMENT_2D('',#7443,#7444);
#7443 = CARTESIAN_POINT('',(-2.485157679093E-16,0.));
#7444 = DIRECTION('',(0.,1.));
#7445 = ( GEOMETRIC_REPRESENTATION_CONTEXT(2) 
PARAMETRIC_REPRESENTATION_CONTEXT() REPRESENTATION_CONTEXT('2D SPACE',''
  ) );
#7446 = ORIENTED_EDGE('',*,*,#7397,.F.);
#7447 = ADVANCED_FACE('',(#7448),#7435,.F.);
#7448 = FACE_BOUND('',#7449,.F.);
#7449 = EDGE_LOOP('',(#7450));
#7450 = ORIENTED_EDGE('',*,*,#7420,.T.);
#7451 = ADVANCED_FACE('',(#7452),#5160,.T.);
#7452 = FACE_BOUND('',#7453,.T.);
#7453 = EDGE_LOOP('',(#7454,#7455));
#7454 = ORIENTED_EDGE('',*,*,#5145,.F.);
#7455 = ORIENTED_EDGE('',*,*,#7456,.T.);
#7456 = EDGE_CURVE('',#5059,#5146,#7457,.T.);
#7457 = SURFACE_CURVE('',#7458,(#7463,#7470),.PCURVE_S1.);
#7458 = CIRCLE('',#7459,5.15);
#7459 = AXIS2_PLACEMENT_3D('',#7460,#7461,#7462);
#7460 = CARTESIAN_POINT('',(40.,23.787593916455,-8.));
#7461 = DIRECTION('',(-0.,1.,0.));
#7462 = DIRECTION('',(1.,0.,0.));
#7463 = PCURVE('',#5160,#7464);
#7464 = DEFINITIONAL_REPRESENTATION('',(#7465),#7469);
#7465 = CIRCLE('',#7466,5.15);
#7466 = AXIS2_PLACEMENT_2D('',#7467,#7468);
#7467 = CARTESIAN_POINT('',(0.,0.));
#7468 = DIRECTION('',(1.,0.));
#7469 = ( GEOMETRIC_REPRESENTATION_CONTEXT(2) 
PARAMETRIC_REPRESENTATION_CONTEXT() REPRESENTATION_CONTEXT('2D SPACE',''
  ) );
#7470 = PCURVE('',#5114,#7471);
#7471 = DEFINITIONAL_REPRESENTATION('',(#7472),#7476);
#7472 = LINE('',#7473,#7474);
#7473 = CARTESIAN_POINT('',(-0.,-0.));
#7474 = VECTOR('',#7475,1.);
#7475 = DIRECTION('',(-1.,-0.));
#7476 = ( GEOMETRIC_REPRESENTATION_CONTEXT(2) 
PARAMETRIC_REPRESENTATION_CONTEXT() REPRESENTATION_CONTEXT('2D SPACE',''
  ) );
#7477 = ADVANCED_FACE('',(#7478),#5114,.F.);
#7478 = FACE_BOUND('',#7479,.F.);
#7479 = EDGE_LOOP('',(#7480,#7481,#7482,#7483,#7503,#7525));
#7480 = ORIENTED_EDGE('',*,*,#5058,.F.);
#7481 = ORIENTED_EDGE('',*,*,#7456,.T.);
#7482 = ORIENTED_EDGE('',*,*,#5171,.F.);
#7483 = ORIENTED_EDGE('',*,*,#7484,.T.);
#7484 = EDGE_CURVE('',#5061,#7485,#7487,.T.);
#7485 = VERTEX_POINT('',#7486);
#7486 = CARTESIAN_POINT('',(41.7,27.237593916455,-8.));
#7487 = SEAM_CURVE('',#7488,(#7491,#7497),.PCURVE_S1.);
#7488 = B_SPLINE_CURVE_WITH_KNOTS('',1,(#7489,#7490),.UNSPECIFIED.,.F.,
  .F.,(2,2),(0.,1.),.PIECEWISE_BEZIER_KNOTS.);
#7489 = CARTESIAN_POINT('',(45.15,23.787593916455,-8.));
#7490 = CARTESIAN_POINT('',(41.7,27.237593916455,-8.));
#7491 = PCURVE('',#5114,#7492);
#7492 = DEFINITIONAL_REPRESENTATION('',(#7493),#7496);
#7493 = B_SPLINE_CURVE_WITH_KNOTS('',1,(#7494,#7495),.UNSPECIFIED.,.F.,
  .F.,(2,2),(0.,1.),.PIECEWISE_BEZIER_KNOTS.);
#7494 = CARTESIAN_POINT('',(0.,0.));
#7495 = CARTESIAN_POINT('',(0.,-3.45));
#7496 = ( GEOMETRIC_REPRESENTATION_CONTEXT(2) 
PARAMETRIC_REPRESENTATION_CONTEXT() REPRESENTATION_CONTEXT('2D SPACE',''
  ) );
#7497 = PCURVE('',#5114,#7498);
#7498 = DEFINITIONAL_REPRESENTATION('',(#7499),#7502);
#7499 = B_SPLINE_CURVE_WITH_KNOTS('',1,(#7500,#7501),.UNSPECIFIED.,.F.,
  .F.,(2,2),(0.,1.),.PIECEWISE_BEZIER_KNOTS.);
#7500 = CARTESIAN_POINT('',(-6.28318530718,0.));
#7501 = CARTESIAN_POINT('',(-6.28318530718,-3.45));
#7502 = ( GEOMETRIC_REPRESENTATION_CONTEXT(2) 
PARAMETRIC_REPRESENTATION_CONTEXT() REPRESENTATION_CONTEXT('2D SPACE',''
  ) );
#7503 = ORIENTED_EDGE('',*,*,#7504,.F.);
#7504 = EDGE_CURVE('',#7485,#7485,#7505,.T.);
#7505 = SURFACE_CURVE('',#7506,(#7511,#7518),.PCURVE_S1.);
#7506 = CIRCLE('',#7507,1.7);
#7507 = AXIS2_PLACEMENT_3D('',#7508,#7509,#7510);
#7508 = CARTESIAN_POINT('',(40.,27.237593916455,-8.));
#7509 = DIRECTION('',(-0.,1.,0.));
#7510 = DIRECTION('',(1.,0.,0.));
#7511 = PCURVE('',#5114,#7512);
#7512 = DEFINITIONAL_REPRESENTATION('',(#7513),#7517);
#7513 = LINE('',#7514,#7515);
#7514 = CARTESIAN_POINT('',(-0.,-3.45));
#7515 = VECTOR('',#7516,1.);
#7516 = DIRECTION('',(-1.,-0.));
#7517 = ( GEOMETRIC_REPRESENTATION_CONTEXT(2) 
PARAMETRIC_REPRESENTATION_CONTEXT() REPRESENTATION_CONTEXT('2D SPACE',''
  ) );
#7518 = PCURVE('',#1114,#7519);
#7519 = DEFINITIONAL_REPRESENTATION('',(#7520),#7524);
#7520 = LINE('',#7521,#7522);
#7521 = CARTESIAN_POINT('',(6.28318530718,-27.23759391645));
#7522 = VECTOR('',#7523,1.);
#7523 = DIRECTION('',(-1.,0.));
#7524 = ( GEOMETRIC_REPRESENTATION_CONTEXT(2) 
PARAMETRIC_REPRESENTATION_CONTEXT() REPRESENTATION_CONTEXT('2D SPACE',''
  ) );
#7525 = ORIENTED_EDGE('',*,*,#7484,.F.);
#7526 = ADVANCED_FACE('',(#7527),#4989,.F.);
#7527 = FACE_BOUND('',#7528,.T.);
#7528 = EDGE_LOOP('',(#7529,#7530,#7553,#7580));
#7529 = ORIENTED_EDGE('',*,*,#4863,.F.);
#7530 = ORIENTED_EDGE('',*,*,#7531,.T.);
#7531 = EDGE_CURVE('',#4864,#7532,#7534,.T.);
#7532 = VERTEX_POINT('',#7533);
#7533 = CARTESIAN_POINT('',(37.1,20.50609665441,-20.50609665441));
#7534 = SEAM_CURVE('',#7535,(#7539,#7546),.PCURVE_S1.);
#7535 = LINE('',#7536,#7537);
#7536 = CARTESIAN_POINT('',(37.1,18.738329701444,-18.73832970144));
#7537 = VECTOR('',#7538,1.);
#7538 = DIRECTION('',(0.,0.707106781187,-0.707106781187));
#7539 = PCURVE('',#4989,#7540);
#7540 = DEFINITIONAL_REPRESENTATION('',(#7541),#7545);
#7541 = LINE('',#7542,#7543);
#7542 = CARTESIAN_POINT('',(-6.28318530718,0.));
#7543 = VECTOR('',#7544,1.);
#7544 = DIRECTION('',(-0.,-1.));
#7545 = ( GEOMETRIC_REPRESENTATION_CONTEXT(2) 
PARAMETRIC_REPRESENTATION_CONTEXT() REPRESENTATION_CONTEXT('2D SPACE',''
  ) );
#7546 = PCURVE('',#4989,#7547);
#7547 = DEFINITIONAL_REPRESENTATION('',(#7548),#7552);
#7548 = LINE('',#7549,#7550);
#7549 = CARTESIAN_POINT('',(-0.,0.));
#7550 = VECTOR('',#7551,1.);
#7551 = DIRECTION('',(-0.,-1.));
#7552 = ( GEOMETRIC_REPRESENTATION_CONTEXT(2) 
PARAMETRIC_REPRESENTATION_CONTEXT() REPRESENTATION_CONTEXT('2D SPACE',''
  ) );
#7553 = ORIENTED_EDGE('',*,*,#7554,.T.);
#7554 = EDGE_CURVE('',#7532,#7532,#7555,.T.);
#7555 = SURFACE_CURVE('',#7556,(#7561,#7568),.PCURVE_S1.);
#7556 = CIRCLE('',#7557,2.1);
#7557 = AXIS2_PLACEMENT_3D('',#7558,#7559,#7560);
#7558 = CARTESIAN_POINT('',(35.,20.50609665441,-20.50609665441));
#7559 = DIRECTION('',(0.,0.707106781187,-0.707106781187));
#7560 = DIRECTION('',(1.,0.,0.));
#7561 = PCURVE('',#4989,#7562);
#7562 = DEFINITIONAL_REPRESENTATION('',(#7563),#7567);
#7563 = LINE('',#7564,#7565);
#7564 = CARTESIAN_POINT('',(-0.,-2.5));
#7565 = VECTOR('',#7566,1.);
#7566 = DIRECTION('',(-1.,0.));
#7567 = ( GEOMETRIC_REPRESENTATION_CONTEXT(2) 
PARAMETRIC_REPRESENTATION_CONTEXT() REPRESENTATION_CONTEXT('2D SPACE',''
  ) );
#7568 = PCURVE('',#7569,#7574);
#7569 = PLANE('',#7570);
#7570 = AXIS2_PLACEMENT_3D('',#7571,#7572,#7573);
#7571 = CARTESIAN_POINT('',(35.,20.50609665441,-20.50609665441));
#7572 = DIRECTION('',(0.,0.707106781187,-0.707106781187));
#7573 = DIRECTION('',(0.,0.707106781187,0.707106781187));
#7574 = DEFINITIONAL_REPRESENTATION('',(#7575),#7579);
#7575 = CIRCLE('',#7576,2.1);
#7576 = AXIS2_PLACEMENT_2D('',#7577,#7578);
#7577 = CARTESIAN_POINT('',(0.,0.));
#7578 = DIRECTION('',(0.,1.));
#7579 = ( GEOMETRIC_REPRESENTATION_CONTEXT(2) 
PARAMETRIC_REPRESENTATION_CONTEXT() REPRESENTATION_CONTEXT('2D SPACE',''
  ) );
#7580 = ORIENTED_EDGE('',*,*,#7531,.F.);
#7581 = ADVANCED_FACE('',(#7582),#7569,.F.);
#7582 = FACE_BOUND('',#7583,.F.);
#7583 = EDGE_LOOP('',(#7584));
#7584 = ORIENTED_EDGE('',*,*,#7554,.T.);
#7585 = ADVANCED_FACE('',(#7586),#4796,.T.);
#7586 = FACE_BOUND('',#7587,.T.);
#7587 = EDGE_LOOP('',(#7588,#7589));
#7588 = ORIENTED_EDGE('',*,*,#4781,.T.);
#7589 = ORIENTED_EDGE('',*,*,#7590,.T.);
#7590 = EDGE_CURVE('',#4637,#4782,#7591,.T.);
#7591 = SURFACE_CURVE('',#7592,(#7597,#7604),.PCURVE_S1.);
#7592 = CIRCLE('',#7593,5.15);
#7593 = AXIS2_PLACEMENT_3D('',#7594,#7595,#7596);
#7594 = CARTESIAN_POINT('',(40.,10.,-23.07987240796));
#7595 = DIRECTION('',(0.,0.,-1.));
#7596 = DIRECTION('',(1.,0.,0.));
#7597 = PCURVE('',#4796,#7598);
#7598 = DEFINITIONAL_REPRESENTATION('',(#7599),#7603);
#7599 = CIRCLE('',#7600,5.15);
#7600 = AXIS2_PLACEMENT_2D('',#7601,#7602);
#7601 = CARTESIAN_POINT('',(0.,0.));
#7602 = DIRECTION('',(1.,0.));
#7603 = ( GEOMETRIC_REPRESENTATION_CONTEXT(2) 
PARAMETRIC_REPRESENTATION_CONTEXT() REPRESENTATION_CONTEXT('2D SPACE',''
  ) );
#7604 = PCURVE('',#4725,#7605);
#7605 = DEFINITIONAL_REPRESENTATION('',(#7606),#7610);
#7606 = LINE('',#7607,#7608);
#7607 = CARTESIAN_POINT('',(-0.,-0.));
#7608 = VECTOR('',#7609,1.);
#7609 = DIRECTION('',(-1.,-0.));
#7610 = ( GEOMETRIC_REPRESENTATION_CONTEXT(2) 
PARAMETRIC_REPRESENTATION_CONTEXT() REPRESENTATION_CONTEXT('2D SPACE',''
  ) );
#7611 = ADVANCED_FACE('',(#7612),#4725,.F.);
#7612 = FACE_BOUND('',#7613,.F.);
#7613 = EDGE_LOOP('',(#7614,#7615,#7616,#7617,#7637,#7659));
#7614 = ORIENTED_EDGE('',*,*,#4634,.T.);
#7615 = ORIENTED_EDGE('',*,*,#7590,.T.);
#7616 = ORIENTED_EDGE('',*,*,#4807,.F.);
#7617 = ORIENTED_EDGE('',*,*,#7618,.T.);
#7618 = EDGE_CURVE('',#4635,#7619,#7621,.T.);
#7619 = VERTEX_POINT('',#7620);
#7620 = CARTESIAN_POINT('',(41.7,10.,-26.52987240796));
#7621 = SEAM_CURVE('',#7622,(#7625,#7631),.PCURVE_S1.);
#7622 = B_SPLINE_CURVE_WITH_KNOTS('',1,(#7623,#7624),.UNSPECIFIED.,.F.,
  .F.,(2,2),(0.,1.),.PIECEWISE_BEZIER_KNOTS.);
#7623 = CARTESIAN_POINT('',(45.15,10.,-23.07987240796));
#7624 = CARTESIAN_POINT('',(41.7,10.,-26.52987240796));
#7625 = PCURVE('',#4725,#7626);
#7626 = DEFINITIONAL_REPRESENTATION('',(#7627),#7630);
#7627 = B_SPLINE_CURVE_WITH_KNOTS('',1,(#7628,#7629),.UNSPECIFIED.,.F.,
  .F.,(2,2),(0.,1.),.PIECEWISE_BEZIER_KNOTS.);
#7628 = CARTESIAN_POINT('',(-6.28318530718,0.));
#7629 = CARTESIAN_POINT('',(-6.28318530718,-3.45));
#7630 = ( GEOMETRIC_REPRESENTATION_CONTEXT(2) 
PARAMETRIC_REPRESENTATION_CONTEXT() REPRESENTATION_CONTEXT('2D SPACE',''
  ) );
#7631 = PCURVE('',#4725,#7632);
#7632 = DEFINITIONAL_REPRESENTATION('',(#7633),#7636);
#7633 = B_SPLINE_CURVE_WITH_KNOTS('',1,(#7634,#7635),.UNSPECIFIED.,.F.,
  .F.,(2,2),(0.,1.),.PIECEWISE_BEZIER_KNOTS.);
#7634 = CARTESIAN_POINT('',(0.,0.));
#7635 = CARTESIAN_POINT('',(0.,-3.45));
#7636 = ( GEOMETRIC_REPRESENTATION_CONTEXT(2) 
PARAMETRIC_REPRESENTATION_CONTEXT() REPRESENTATION_CONTEXT('2D SPACE',''
  ) );
#7637 = ORIENTED_EDGE('',*,*,#7638,.F.);
#7638 = EDGE_CURVE('',#7619,#7619,#7639,.T.);
#7639 = SURFACE_CURVE('',#7640,(#7645,#7652),.PCURVE_S1.);
#7640 = CIRCLE('',#7641,1.7);
#7641 = AXIS2_PLACEMENT_3D('',#7642,#7643,#7644);
#7642 = CARTESIAN_POINT('',(40.,10.,-26.52987240796));
#7643 = DIRECTION('',(0.,0.,-1.));
#7644 = DIRECTION('',(1.,0.,0.));
#7645 = PCURVE('',#4725,#7646);
#7646 = DEFINITIONAL_REPRESENTATION('',(#7647),#7651);
#7647 = LINE('',#7648,#7649);
#7648 = CARTESIAN_POINT('',(-0.,-3.45));
#7649 = VECTOR('',#7650,1.);
#7650 = DIRECTION('',(-1.,-0.));
#7651 = ( GEOMETRIC_REPRESENTATION_CONTEXT(2) 
PARAMETRIC_REPRESENTATION_CONTEXT() REPRESENTATION_CONTEXT('2D SPACE',''
  ) );
#7652 = PCURVE('',#941,#7653);
#7653 = DEFINITIONAL_REPRESENTATION('',(#7654),#7658);
#7654 = LINE('',#7655,#7656);
#7655 = CARTESIAN_POINT('',(6.28318530718,-26.52987240796));
#7656 = VECTOR('',#7657,1.);
#7657 = DIRECTION('',(-1.,0.));
#7658 = ( GEOMETRIC_REPRESENTATION_CONTEXT(2) 
PARAMETRIC_REPRESENTATION_CONTEXT() REPRESENTATION_CONTEXT('2D SPACE',''
  ) );
#7659 = ORIENTED_EDGE('',*,*,#7618,.F.);
#7660 = ADVANCED_FACE('',(#7661),#4565,.F.);
#7661 = FACE_BOUND('',#7662,.T.);
#7662 = EDGE_LOOP('',(#7663,#7664,#7687,#7714));
#7663 = ORIENTED_EDGE('',*,*,#4439,.F.);
#7664 = ORIENTED_EDGE('',*,*,#7665,.T.);
#7665 = EDGE_CURVE('',#4440,#7666,#7668,.T.);
#7666 = VERTEX_POINT('',#7667);
#7667 = CARTESIAN_POINT('',(117.1,20.50609665441,20.50609665441));
#7668 = SEAM_CURVE('',#7669,(#7673,#7680),.PCURVE_S1.);
#7669 = LINE('',#7670,#7671);
#7670 = CARTESIAN_POINT('',(117.1,18.738329701444,18.738329701444));
#7671 = VECTOR('',#7672,1.);
#7672 = DIRECTION('',(0.,0.707106781187,0.707106781187));
#7673 = PCURVE('',#4565,#7674);
#7674 = DEFINITIONAL_REPRESENTATION('',(#7675),#7679);
#7675 = LINE('',#7676,#7677);
#7676 = CARTESIAN_POINT('',(-6.28318530718,0.));
#7677 = VECTOR('',#7678,1.);
#7678 = DIRECTION('',(-0.,-1.));
#7679 = ( GEOMETRIC_REPRESENTATION_CONTEXT(2) 
PARAMETRIC_REPRESENTATION_CONTEXT() REPRESENTATION_CONTEXT('2D SPACE',''
  ) );
#7680 = PCURVE('',#4565,#7681);
#7681 = DEFINITIONAL_REPRESENTATION('',(#7682),#7686);
#7682 = LINE('',#7683,#7684);
#7683 = CARTESIAN_POINT('',(-0.,0.));
#7684 = VECTOR('',#7685,1.);
#7685 = DIRECTION('',(-0.,-1.));
#7686 = ( GEOMETRIC_REPRESENTATION_CONTEXT(2) 
PARAMETRIC_REPRESENTATION_CONTEXT() REPRESENTATION_CONTEXT('2D SPACE',''
  ) );
#7687 = ORIENTED_EDGE('',*,*,#7688,.T.);
#7688 = EDGE_CURVE('',#7666,#7666,#7689,.T.);
#7689 = SURFACE_CURVE('',#7690,(#7695,#7702),.PCURVE_S1.);
#7690 = CIRCLE('',#7691,2.1);
#7691 = AXIS2_PLACEMENT_3D('',#7692,#7693,#7694);
#7692 = CARTESIAN_POINT('',(115.,20.50609665441,20.50609665441));
#7693 = DIRECTION('',(0.,0.707106781187,0.707106781187));
#7694 = DIRECTION('',(1.,0.,-0.));
#7695 = PCURVE('',#4565,#7696);
#7696 = DEFINITIONAL_REPRESENTATION('',(#7697),#7701);
#7697 = LINE('',#7698,#7699);
#7698 = CARTESIAN_POINT('',(-0.,-2.5));
#7699 = VECTOR('',#7700,1.);
#7700 = DIRECTION('',(-1.,0.));
#7701 = ( GEOMETRIC_REPRESENTATION_CONTEXT(2) 
PARAMETRIC_REPRESENTATION_CONTEXT() REPRESENTATION_CONTEXT('2D SPACE',''
  ) );
#7702 = PCURVE('',#7703,#7708);
#7703 = PLANE('',#7704);
#7704 = AXIS2_PLACEMENT_3D('',#7705,#7706,#7707);
#7705 = CARTESIAN_POINT('',(115.,20.50609665441,20.50609665441));
#7706 = DIRECTION('',(0.,0.707106781187,0.707106781187));
#7707 = DIRECTION('',(0.,0.707106781187,-0.707106781187));
#7708 = DEFINITIONAL_REPRESENTATION('',(#7709),#7713);
#7709 = CIRCLE('',#7710,2.1);
#7710 = AXIS2_PLACEMENT_2D('',#7711,#7712);
#7711 = CARTESIAN_POINT('',(0.,-1.42108547152E-14));
#7712 = DIRECTION('',(0.,-1.));
#7713 = ( GEOMETRIC_REPRESENTATION_CONTEXT(2) 
PARAMETRIC_REPRESENTATION_CONTEXT() REPRESENTATION_CONTEXT('2D SPACE',''
  ) );
#7714 = ORIENTED_EDGE('',*,*,#7665,.F.);
#7715 = ADVANCED_FACE('',(#7716),#7703,.F.);
#7716 = FACE_BOUND('',#7717,.F.);
#7717 = EDGE_LOOP('',(#7718));
#7718 = ORIENTED_EDGE('',*,*,#7688,.T.);
#7719 = ADVANCED_FACE('',(#7720),#4270,.F.);
#7720 = FACE_BOUND('',#7721,.F.);
#7721 = EDGE_LOOP('',(#7722,#7723,#7743,#7765));
#7722 = ORIENTED_EDGE('',*,*,#3944,.F.);
#7723 = ORIENTED_EDGE('',*,*,#7724,.T.);
#7724 = EDGE_CURVE('',#3945,#7725,#7727,.T.);
#7725 = VERTEX_POINT('',#7726);
#7726 = CARTESIAN_POINT('',(136.7,6.,27.774893162176));
#7727 = SEAM_CURVE('',#7728,(#7731,#7737),.PCURVE_S1.);
#7728 = B_SPLINE_CURVE_WITH_KNOTS('',1,(#7729,#7730),.UNSPECIFIED.,.F.,
  .F.,(2,2),(0.,1.),.PIECEWISE_BEZIER_KNOTS.);
#7729 = CARTESIAN_POINT('',(140.15,6.,24.324893162176));
#7730 = CARTESIAN_POINT('',(136.7,6.,27.774893162176));
#7731 = PCURVE('',#4270,#7732);
#7732 = DEFINITIONAL_REPRESENTATION('',(#7733),#7736);
#7733 = B_SPLINE_CURVE_WITH_KNOTS('',1,(#7734,#7735),.UNSPECIFIED.,.F.,
  .F.,(2,2),(0.,1.),.PIECEWISE_BEZIER_KNOTS.);
#7734 = CARTESIAN_POINT('',(0.,0.));
#7735 = CARTESIAN_POINT('',(0.,-3.45));
#7736 = ( GEOMETRIC_REPRESENTATION_CONTEXT(2) 
PARAMETRIC_REPRESENTATION_CONTEXT() REPRESENTATION_CONTEXT('2D SPACE',''
  ) );
#7737 = PCURVE('',#4270,#7738);
#7738 = DEFINITIONAL_REPRESENTATION('',(#7739),#7742);
#7739 = B_SPLINE_CURVE_WITH_KNOTS('',1,(#7740,#7741),.UNSPECIFIED.,.F.,
  .F.,(2,2),(0.,1.),.PIECEWISE_BEZIER_KNOTS.);
#7740 = CARTESIAN_POINT('',(-6.28318530718,0.));
#7741 = CARTESIAN_POINT('',(-6.28318530718,-3.45));
#7742 = ( GEOMETRIC_REPRESENTATION_CONTEXT(2) 
PARAMETRIC_REPRESENTATION_CONTEXT() REPRESENTATION_CONTEXT('2D SPACE',''
  ) );
#7743 = ORIENTED_EDGE('',*,*,#7744,.F.);
#7744 = EDGE_CURVE('',#7725,#7725,#7745,.T.);
#7745 = SURFACE_CURVE('',#7746,(#7751,#7758),.PCURVE_S1.);
#7746 = CIRCLE('',#7747,1.7);
#7747 = AXIS2_PLACEMENT_3D('',#7748,#7749,#7750);
#7748 = CARTESIAN_POINT('',(135.,6.,27.774893162176));
#7749 = DIRECTION('',(0.,0.,1.));
#7750 = DIRECTION('',(1.,0.,0.));
#7751 = PCURVE('',#4270,#7752);
#7752 = DEFINITIONAL_REPRESENTATION('',(#7753),#7757);
#7753 = LINE('',#7754,#7755);
#7754 = CARTESIAN_POINT('',(-0.,-3.45));
#7755 = VECTOR('',#7756,1.);
#7756 = DIRECTION('',(-1.,-0.));
#7757 = ( GEOMETRIC_REPRESENTATION_CONTEXT(2) 
PARAMETRIC_REPRESENTATION_CONTEXT() REPRESENTATION_CONTEXT('2D SPACE',''
  ) );
#7758 = PCURVE('',#770,#7759);
#7759 = DEFINITIONAL_REPRESENTATION('',(#7760),#7764);
#7760 = LINE('',#7761,#7762);
#7761 = CARTESIAN_POINT('',(-0.,-27.77489316217));
#7762 = VECTOR('',#7763,1.);
#7763 = DIRECTION('',(-1.,0.));
#7764 = ( GEOMETRIC_REPRESENTATION_CONTEXT(2) 
PARAMETRIC_REPRESENTATION_CONTEXT() REPRESENTATION_CONTEXT('2D SPACE',''
  ) );
#7765 = ORIENTED_EDGE('',*,*,#7724,.F.);
#7766 = ADVANCED_FACE('',(#7767),#3853,.T.);
#7767 = FACE_BOUND('',#7768,.T.);
#7768 = EDGE_LOOP('',(#7769,#7770));
#7769 = ORIENTED_EDGE('',*,*,#3838,.T.);
#7770 = ORIENTED_EDGE('',*,*,#7771,.T.);
#7771 = EDGE_CURVE('',#3542,#3839,#7772,.T.);
#7772 = SURFACE_CURVE('',#7773,(#7778,#7785),.PCURVE_S1.);
#7773 = CIRCLE('',#7774,5.15);
#7774 = AXIS2_PLACEMENT_3D('',#7775,#7776,#7777);
#7775 = CARTESIAN_POINT('',(135.,23.787593916455,8.));
#7776 = DIRECTION('',(-0.,1.,0.));
#7777 = DIRECTION('',(1.,0.,0.));
#7778 = PCURVE('',#3853,#7779);
#7779 = DEFINITIONAL_REPRESENTATION('',(#7780),#7784);
#7780 = CIRCLE('',#7781,5.15);
#7781 = AXIS2_PLACEMENT_2D('',#7782,#7783);
#7782 = CARTESIAN_POINT('',(0.,0.));
#7783 = DIRECTION('',(1.,0.));
#7784 = ( GEOMETRIC_REPRESENTATION_CONTEXT(2) 
PARAMETRIC_REPRESENTATION_CONTEXT() REPRESENTATION_CONTEXT('2D SPACE',''
  ) );
#7785 = PCURVE('',#3737,#7786);
#7786 = DEFINITIONAL_REPRESENTATION('',(#7787),#7791);
#7787 = LINE('',#7788,#7789);
#7788 = CARTESIAN_POINT('',(-0.,-0.));
#7789 = VECTOR('',#7790,1.);
#7790 = DIRECTION('',(-1.,-0.));
#7791 = ( GEOMETRIC_REPRESENTATION_CONTEXT(2) 
PARAMETRIC_REPRESENTATION_CONTEXT() REPRESENTATION_CONTEXT('2D SPACE',''
  ) );
#7792 = ADVANCED_FACE('',(#7793),#3737,.F.);
#7793 = FACE_BOUND('',#7794,.F.);
#7794 = EDGE_LOOP('',(#7795,#7796,#7797,#7798,#7818,#7840));
#7795 = ORIENTED_EDGE('',*,*,#3541,.F.);
#7796 = ORIENTED_EDGE('',*,*,#7771,.T.);
#7797 = ORIENTED_EDGE('',*,*,#3864,.F.);
#7798 = ORIENTED_EDGE('',*,*,#7799,.T.);
#7799 = EDGE_CURVE('',#3544,#7800,#7802,.T.);
#7800 = VERTEX_POINT('',#7801);
#7801 = CARTESIAN_POINT('',(136.7,27.237593916455,8.));
#7802 = SEAM_CURVE('',#7803,(#7806,#7812),.PCURVE_S1.);
#7803 = B_SPLINE_CURVE_WITH_KNOTS('',1,(#7804,#7805),.UNSPECIFIED.,.F.,
  .F.,(2,2),(0.,1.),.PIECEWISE_BEZIER_KNOTS.);
#7804 = CARTESIAN_POINT('',(140.15,23.787593916455,8.));
#7805 = CARTESIAN_POINT('',(136.7,27.237593916455,8.));
#7806 = PCURVE('',#3737,#7807);
#7807 = DEFINITIONAL_REPRESENTATION('',(#7808),#7811);
#7808 = B_SPLINE_CURVE_WITH_KNOTS('',1,(#7809,#7810),.UNSPECIFIED.,.F.,
  .F.,(2,2),(0.,1.),.PIECEWISE_BEZIER_KNOTS.);
#7809 = CARTESIAN_POINT('',(0.,0.));
#7810 = CARTESIAN_POINT('',(0.,-3.45));
#7811 = ( GEOMETRIC_REPRESENTATION_CONTEXT(2) 
PARAMETRIC_REPRESENTATION_CONTEXT() REPRESENTATION_CONTEXT('2D SPACE',''
  ) );
#7812 = PCURVE('',#3737,#7813);
#7813 = DEFINITIONAL_REPRESENTATION('',(#7814),#7817);
#7814 = B_SPLINE_CURVE_WITH_KNOTS('',1,(#7815,#7816),.UNSPECIFIED.,.F.,
  .F.,(2,2),(0.,1.),.PIECEWISE_BEZIER_KNOTS.);
#7815 = CARTESIAN_POINT('',(-6.28318530718,0.));
#7816 = CARTESIAN_POINT('',(-6.28318530718,-3.45));
#7817 = ( GEOMETRIC_REPRESENTATION_CONTEXT(2) 
PARAMETRIC_REPRESENTATION_CONTEXT() REPRESENTATION_CONTEXT('2D SPACE',''
  ) );
#7818 = ORIENTED_EDGE('',*,*,#7819,.F.);
#7819 = EDGE_CURVE('',#7800,#7800,#7820,.T.);
#7820 = SURFACE_CURVE('',#7821,(#7826,#7833),.PCURVE_S1.);
#7821 = CIRCLE('',#7822,1.7);
#7822 = AXIS2_PLACEMENT_3D('',#7823,#7824,#7825);
#7823 = CARTESIAN_POINT('',(135.,27.237593916455,8.));
#7824 = DIRECTION('',(-0.,1.,0.));
#7825 = DIRECTION('',(1.,0.,0.));
#7826 = PCURVE('',#3737,#7827);
#7827 = DEFINITIONAL_REPRESENTATION('',(#7828),#7832);
#7828 = LINE('',#7829,#7830);
#7829 = CARTESIAN_POINT('',(-0.,-3.45));
#7830 = VECTOR('',#7831,1.);
#7831 = DIRECTION('',(-1.,-0.));
#7832 = ( GEOMETRIC_REPRESENTATION_CONTEXT(2) 
PARAMETRIC_REPRESENTATION_CONTEXT() REPRESENTATION_CONTEXT('2D SPACE',''
  ) );
#7833 = PCURVE('',#599,#7834);
#7834 = DEFINITIONAL_REPRESENTATION('',(#7835),#7839);
#7835 = LINE('',#7836,#7837);
#7836 = CARTESIAN_POINT('',(6.28318530718,-27.23759391645));
#7837 = VECTOR('',#7838,1.);
#7838 = DIRECTION('',(-1.,0.));
#7839 = ( GEOMETRIC_REPRESENTATION_CONTEXT(2) 
PARAMETRIC_REPRESENTATION_CONTEXT() REPRESENTATION_CONTEXT('2D SPACE',''
  ) );
#7840 = ORIENTED_EDGE('',*,*,#7799,.F.);
#7841 = ADVANCED_FACE('',(#7842),#3270,.T.);
#7842 = FACE_BOUND('',#7843,.T.);
#7843 = EDGE_LOOP('',(#7844,#7845));
#7844 = ORIENTED_EDGE('',*,*,#3255,.F.);
#7845 = ORIENTED_EDGE('',*,*,#7846,.T.);
#7846 = EDGE_CURVE('',#3169,#3256,#7847,.T.);
#7847 = SURFACE_CURVE('',#7848,(#7853,#7860),.PCURVE_S1.);
#7848 = CIRCLE('',#7849,5.15);
#7849 = AXIS2_PLACEMENT_3D('',#7850,#7851,#7852);
#7850 = CARTESIAN_POINT('',(100.,23.787593916455,-8.));
#7851 = DIRECTION('',(-0.,1.,0.));
#7852 = DIRECTION('',(1.,0.,0.));
#7853 = PCURVE('',#3270,#7854);
#7854 = DEFINITIONAL_REPRESENTATION('',(#7855),#7859);
#7855 = CIRCLE('',#7856,5.15);
#7856 = AXIS2_PLACEMENT_2D('',#7857,#7858);
#7857 = CARTESIAN_POINT('',(0.,0.));
#7858 = DIRECTION('',(1.,0.));
#7859 = ( GEOMETRIC_REPRESENTATION_CONTEXT(2) 
PARAMETRIC_REPRESENTATION_CONTEXT() REPRESENTATION_CONTEXT('2D SPACE',''
  ) );
#7860 = PCURVE('',#3224,#7861);
#7861 = DEFINITIONAL_REPRESENTATION('',(#7862),#7866);
#7862 = LINE('',#7863,#7864);
#7863 = CARTESIAN_POINT('',(-0.,-0.));
#7864 = VECTOR('',#7865,1.);
#7865 = DIRECTION('',(-1.,-0.));
#7866 = ( GEOMETRIC_REPRESENTATION_CONTEXT(2) 
PARAMETRIC_REPRESENTATION_CONTEXT() REPRESENTATION_CONTEXT('2D SPACE',''
  ) );
#7867 = ADVANCED_FACE('',(#7868),#3224,.F.);
#7868 = FACE_BOUND('',#7869,.F.);
#7869 = EDGE_LOOP('',(#7870,#7871,#7872,#7873,#7893,#7915));
#7870 = ORIENTED_EDGE('',*,*,#3168,.F.);
#7871 = ORIENTED_EDGE('',*,*,#7846,.T.);
#7872 = ORIENTED_EDGE('',*,*,#3281,.F.);
#7873 = ORIENTED_EDGE('',*,*,#7874,.T.);
#7874 = EDGE_CURVE('',#3171,#7875,#7877,.T.);
#7875 = VERTEX_POINT('',#7876);
#7876 = CARTESIAN_POINT('',(101.7,27.237593916455,-8.));
#7877 = SEAM_CURVE('',#7878,(#7881,#7887),.PCURVE_S1.);
#7878 = B_SPLINE_CURVE_WITH_KNOTS('',1,(#7879,#7880),.UNSPECIFIED.,.F.,
  .F.,(2,2),(0.,1.),.PIECEWISE_BEZIER_KNOTS.);
#7879 = CARTESIAN_POINT('',(105.15,23.787593916455,-8.));
#7880 = CARTESIAN_POINT('',(101.7,27.237593916455,-8.));
#7881 = PCURVE('',#3224,#7882);
#7882 = DEFINITIONAL_REPRESENTATION('',(#7883),#7886);
#7883 = B_SPLINE_CURVE_WITH_KNOTS('',1,(#7884,#7885),.UNSPECIFIED.,.F.,
  .F.,(2,2),(0.,1.),.PIECEWISE_BEZIER_KNOTS.);
#7884 = CARTESIAN_POINT('',(0.,0.));
#7885 = CARTESIAN_POINT('',(0.,-3.45));
#7886 = ( GEOMETRIC_REPRESENTATION_CONTEXT(2) 
PARAMETRIC_REPRESENTATION_CONTEXT() REPRESENTATION_CONTEXT('2D SPACE',''
  ) );
#7887 = PCURVE('',#3224,#7888);
#7888 = DEFINITIONAL_REPRESENTATION('',(#7889),#7892);
#7889 = B_SPLINE_CURVE_WITH_KNOTS('',1,(#7890,#7891),.UNSPECIFIED.,.F.,
  .F.,(2,2),(0.,1.),.PIECEWISE_BEZIER_KNOTS.);
#7890 = CARTESIAN_POINT('',(-6.28318530718,0.));
#7891 = CARTESIAN_POINT('',(-6.28318530718,-3.45));
#7892 = ( GEOMETRIC_REPRESENTATION_CONTEXT(2) 
PARAMETRIC_REPRESENTATION_CONTEXT() REPRESENTATION_CONTEXT('2D SPACE',''
  ) );
#7893 = ORIENTED_EDGE('',*,*,#7894,.F.);
#7894 = EDGE_CURVE('',#7875,#7875,#7895,.T.);
#7895 = SURFACE_CURVE('',#7896,(#7901,#7908),.PCURVE_S1.);
#7896 = CIRCLE('',#7897,1.7);
#7897 = AXIS2_PLACEMENT_3D('',#7898,#7899,#7900);
#7898 = CARTESIAN_POINT('',(100.,27.237593916455,-8.));
#7899 = DIRECTION('',(-0.,1.,0.));
#7900 = DIRECTION('',(1.,0.,0.));
#7901 = PCURVE('',#3224,#7902);
#7902 = DEFINITIONAL_REPRESENTATION('',(#7903),#7907);
#7903 = LINE('',#7904,#7905);
#7904 = CARTESIAN_POINT('',(-0.,-3.45));
#7905 = VECTOR('',#7906,1.);
#7906 = DIRECTION('',(-1.,-0.));
#7907 = ( GEOMETRIC_REPRESENTATION_CONTEXT(2) 
PARAMETRIC_REPRESENTATION_CONTEXT() REPRESENTATION_CONTEXT('2D SPACE',''
  ) );
#7908 = PCURVE('',#427,#7909);
#7909 = DEFINITIONAL_REPRESENTATION('',(#7910),#7914);
#7910 = LINE('',#7911,#7912);
#7911 = CARTESIAN_POINT('',(6.28318530718,-27.23759391645));
#7912 = VECTOR('',#7913,1.);
#7913 = DIRECTION('',(-1.,0.));
#7914 = ( GEOMETRIC_REPRESENTATION_CONTEXT(2) 
PARAMETRIC_REPRESENTATION_CONTEXT() REPRESENTATION_CONTEXT('2D SPACE',''
  ) );
#7915 = ORIENTED_EDGE('',*,*,#7874,.F.);
#7916 = ADVANCED_FACE('',(#7917),#3101,.T.);
#7917 = FACE_BOUND('',#7918,.T.);
#7918 = EDGE_LOOP('',(#7919,#7920));
#7919 = ORIENTED_EDGE('',*,*,#3086,.T.);
#7920 = ORIENTED_EDGE('',*,*,#7921,.T.);
#7921 = EDGE_CURVE('',#2942,#3087,#7922,.T.);
#7922 = SURFACE_CURVE('',#7923,(#7928,#7935),.PCURVE_S1.);
#7923 = CIRCLE('',#7924,5.15);
#7924 = AXIS2_PLACEMENT_3D('',#7925,#7926,#7927);
#7925 = CARTESIAN_POINT('',(100.,10.,-23.07987240796));
#7926 = DIRECTION('',(0.,0.,-1.));
#7927 = DIRECTION('',(1.,0.,0.));
#7928 = PCURVE('',#3101,#7929);
#7929 = DEFINITIONAL_REPRESENTATION('',(#7930),#7934);
#7930 = CIRCLE('',#7931,5.15);
#7931 = AXIS2_PLACEMENT_2D('',#7932,#7933);
#7932 = CARTESIAN_POINT('',(0.,0.));
#7933 = DIRECTION('',(1.,0.));
#7934 = ( GEOMETRIC_REPRESENTATION_CONTEXT(2) 
PARAMETRIC_REPRESENTATION_CONTEXT() REPRESENTATION_CONTEXT('2D SPACE',''
  ) );
#7935 = PCURVE('',#3030,#7936);
#7936 = DEFINITIONAL_REPRESENTATION('',(#7937),#7941);
#7937 = LINE('',#7938,#7939);
#7938 = CARTESIAN_POINT('',(-0.,-0.));
#7939 = VECTOR('',#7940,1.);
#7940 = DIRECTION('',(-1.,-0.));
#7941 = ( GEOMETRIC_REPRESENTATION_CONTEXT(2) 
PARAMETRIC_REPRESENTATION_CONTEXT() REPRESENTATION_CONTEXT('2D SPACE',''
  ) );
#7942 = ADVANCED_FACE('',(#7943),#3030,.F.);
#7943 = FACE_BOUND('',#7944,.F.);
#7944 = EDGE_LOOP('',(#7945,#7946,#7947,#7948,#7968,#7990));
#7945 = ORIENTED_EDGE('',*,*,#2939,.T.);
#7946 = ORIENTED_EDGE('',*,*,#7921,.T.);
#7947 = ORIENTED_EDGE('',*,*,#3112,.F.);
#7948 = ORIENTED_EDGE('',*,*,#7949,.T.);
#7949 = EDGE_CURVE('',#2940,#7950,#7952,.T.);
#7950 = VERTEX_POINT('',#7951);
#7951 = CARTESIAN_POINT('',(101.7,10.,-26.52987240796));
#7952 = SEAM_CURVE('',#7953,(#7956,#7962),.PCURVE_S1.);
#7953 = B_SPLINE_CURVE_WITH_KNOTS('',1,(#7954,#7955),.UNSPECIFIED.,.F.,
  .F.,(2,2),(0.,1.),.PIECEWISE_BEZIER_KNOTS.);
#7954 = CARTESIAN_POINT('',(105.15,10.,-23.07987240796));
#7955 = CARTESIAN_POINT('',(101.7,10.,-26.52987240796));
#7956 = PCURVE('',#3030,#7957);
#7957 = DEFINITIONAL_REPRESENTATION('',(#7958),#7961);
#7958 = B_SPLINE_CURVE_WITH_KNOTS('',1,(#7959,#7960),.UNSPECIFIED.,.F.,
  .F.,(2,2),(0.,1.),.PIECEWISE_BEZIER_KNOTS.);
#7959 = CARTESIAN_POINT('',(-6.28318530718,0.));
#7960 = CARTESIAN_POINT('',(-6.28318530718,-3.45));
#7961 = ( GEOMETRIC_REPRESENTATION_CONTEXT(2) 
PARAMETRIC_REPRESENTATION_CONTEXT() REPRESENTATION_CONTEXT('2D SPACE',''
  ) );
#7962 = PCURVE('',#3030,#7963);
#7963 = DEFINITIONAL_REPRESENTATION('',(#7964),#7967);
#7964 = B_SPLINE_CURVE_WITH_KNOTS('',1,(#7965,#7966),.UNSPECIFIED.,.F.,
  .F.,(2,2),(0.,1.),.PIECEWISE_BEZIER_KNOTS.);
#7965 = CARTESIAN_POINT('',(0.,0.));
#7966 = CARTESIAN_POINT('',(0.,-3.45));
#7967 = ( GEOMETRIC_REPRESENTATION_CONTEXT(2) 
PARAMETRIC_REPRESENTATION_CONTEXT() REPRESENTATION_CONTEXT('2D SPACE',''
  ) );
#7968 = ORIENTED_EDGE('',*,*,#7969,.F.);
#7969 = EDGE_CURVE('',#7950,#7950,#7970,.T.);
#7970 = SURFACE_CURVE('',#7971,(#7976,#7983),.PCURVE_S1.);
#7971 = CIRCLE('',#7972,1.7);
#7972 = AXIS2_PLACEMENT_3D('',#7973,#7974,#7975);
#7973 = CARTESIAN_POINT('',(100.,10.,-26.52987240796));
#7974 = DIRECTION('',(0.,0.,-1.));
#7975 = DIRECTION('',(1.,0.,0.));
#7976 = PCURVE('',#3030,#7977);
#7977 = DEFINITIONAL_REPRESENTATION('',(#7978),#7982);
#7978 = LINE('',#7979,#7980);
#7979 = CARTESIAN_POINT('',(-0.,-3.45));
#7980 = VECTOR('',#7981,1.);
#7981 = DIRECTION('',(-1.,-0.));
#7982 = ( GEOMETRIC_REPRESENTATION_CONTEXT(2) 
PARAMETRIC_REPRESENTATION_CONTEXT() REPRESENTATION_CONTEXT('2D SPACE',''
  ) );
#7983 = PCURVE('',#254,#7984);
#7984 = DEFINITIONAL_REPRESENTATION('',(#7985),#7989);
#7985 = LINE('',#7986,#7987);
#7986 = CARTESIAN_POINT('',(6.28318530718,-26.52987240796));
#7987 = VECTOR('',#7988,1.);
#7988 = DIRECTION('',(-1.,0.));
#7989 = ( GEOMETRIC_REPRESENTATION_CONTEXT(2) 
PARAMETRIC_REPRESENTATION_CONTEXT() REPRESENTATION_CONTEXT('2D SPACE',''
  ) );
#7990 = ORIENTED_EDGE('',*,*,#7949,.F.);
#7991 = ADVANCED_FACE('',(#7992),#2859,.F.);
#7992 = FACE_BOUND('',#7993,.T.);
#7993 = EDGE_LOOP('',(#7994,#7995,#8018,#8045));
#7994 = ORIENTED_EDGE('',*,*,#2730,.F.);
#7995 = ORIENTED_EDGE('',*,*,#7996,.T.);
#7996 = EDGE_CURVE('',#2731,#7997,#7999,.T.);
#7997 = VERTEX_POINT('',#7998);
#7998 = CARTESIAN_POINT('',(117.1,29.,0.));
#7999 = SEAM_CURVE('',#8000,(#8004,#8011),.PCURVE_S1.);
#8000 = LINE('',#8001,#8002);
#8001 = CARTESIAN_POINT('',(117.1,26.5,0.));
#8002 = VECTOR('',#8003,1.);
#8003 = DIRECTION('',(0.,1.,0.));
#8004 = PCURVE('',#2859,#8005);
#8005 = DEFINITIONAL_REPRESENTATION('',(#8006),#8010);
#8006 = LINE('',#8007,#8008);
#8007 = CARTESIAN_POINT('',(-0.,0.));
#8008 = VECTOR('',#8009,1.);
#8009 = DIRECTION('',(-0.,-1.));
#8010 = ( GEOMETRIC_REPRESENTATION_CONTEXT(2) 
PARAMETRIC_REPRESENTATION_CONTEXT() REPRESENTATION_CONTEXT('2D SPACE',''
  ) );
#8011 = PCURVE('',#2859,#8012);
#8012 = DEFINITIONAL_REPRESENTATION('',(#8013),#8017);
#8013 = LINE('',#8014,#8015);
#8014 = CARTESIAN_POINT('',(-6.28318530718,0.));
#8015 = VECTOR('',#8016,1.);
#8016 = DIRECTION('',(-0.,-1.));
#8017 = ( GEOMETRIC_REPRESENTATION_CONTEXT(2) 
PARAMETRIC_REPRESENTATION_CONTEXT() REPRESENTATION_CONTEXT('2D SPACE',''
  ) );
#8018 = ORIENTED_EDGE('',*,*,#8019,.T.);
#8019 = EDGE_CURVE('',#7997,#7997,#8020,.T.);
#8020 = SURFACE_CURVE('',#8021,(#8026,#8033),.PCURVE_S1.);
#8021 = CIRCLE('',#8022,2.1);
#8022 = AXIS2_PLACEMENT_3D('',#8023,#8024,#8025);
#8023 = CARTESIAN_POINT('',(115.,29.,0.));
#8024 = DIRECTION('',(-0.,1.,0.));
#8025 = DIRECTION('',(1.,0.,0.));
#8026 = PCURVE('',#2859,#8027);
#8027 = DEFINITIONAL_REPRESENTATION('',(#8028),#8032);
#8028 = LINE('',#8029,#8030);
#8029 = CARTESIAN_POINT('',(-0.,-2.5));
#8030 = VECTOR('',#8031,1.);
#8031 = DIRECTION('',(-1.,0.));
#8032 = ( GEOMETRIC_REPRESENTATION_CONTEXT(2) 
PARAMETRIC_REPRESENTATION_CONTEXT() REPRESENTATION_CONTEXT('2D SPACE',''
  ) );
#8033 = PCURVE('',#8034,#8039);
#8034 = PLANE('',#8035);
#8035 = AXIS2_PLACEMENT_3D('',#8036,#8037,#8038);
#8036 = CARTESIAN_POINT('',(115.,29.,-7.706521602866E-17));
#8037 = DIRECTION('',(0.,1.,0.));
#8038 = DIRECTION('',(0.,-0.,1.));
#8039 = DEFINITIONAL_REPRESENTATION('',(#8040),#8044);
#8040 = CIRCLE('',#8041,2.1);
#8041 = AXIS2_PLACEMENT_2D('',#8042,#8043);
#8042 = CARTESIAN_POINT('',(7.706521602866E-17,1.42108547152E-14));
#8043 = DIRECTION('',(0.,1.));
#8044 = ( GEOMETRIC_REPRESENTATION_CONTEXT(2) 
PARAMETRIC_REPRESENTATION_CONTEXT() REPRESENTATION_CONTEXT('2D SPACE',''
  ) );
#8045 = ORIENTED_EDGE('',*,*,#7996,.F.);
#8046 = ADVANCED_FACE('',(#8047),#8034,.F.);
#8047 = FACE_BOUND('',#8048,.F.);
#8048 = EDGE_LOOP('',(#8049));
#8049 = ORIENTED_EDGE('',*,*,#8019,.T.);
#8050 = ADVANCED_FACE('',(#8051),#2661,.F.);
#8051 = FACE_BOUND('',#8052,.T.);
#8052 = EDGE_LOOP('',(#8053,#8054,#8077,#8104));
#8053 = ORIENTED_EDGE('',*,*,#2535,.F.);
#8054 = ORIENTED_EDGE('',*,*,#8055,.T.);
#8055 = EDGE_CURVE('',#2536,#8056,#8058,.T.);
#8056 = VERTEX_POINT('',#8057);
#8057 = CARTESIAN_POINT('',(117.1,20.50609665441,-20.50609665441));
#8058 = SEAM_CURVE('',#8059,(#8063,#8070),.PCURVE_S1.);
#8059 = LINE('',#8060,#8061);
#8060 = CARTESIAN_POINT('',(117.1,18.738329701444,-18.73832970144));
#8061 = VECTOR('',#8062,1.);
#8062 = DIRECTION('',(0.,0.707106781187,-0.707106781187));
#8063 = PCURVE('',#2661,#8064);
#8064 = DEFINITIONAL_REPRESENTATION('',(#8065),#8069);
#8065 = LINE('',#8066,#8067);
#8066 = CARTESIAN_POINT('',(-6.28318530718,0.));
#8067 = VECTOR('',#8068,1.);
#8068 = DIRECTION('',(-0.,-1.));
#8069 = ( GEOMETRIC_REPRESENTATION_CONTEXT(2) 
PARAMETRIC_REPRESENTATION_CONTEXT() REPRESENTATION_CONTEXT('2D SPACE',''
  ) );
#8070 = PCURVE('',#2661,#8071);
#8071 = DEFINITIONAL_REPRESENTATION('',(#8072),#8076);
#8072 = LINE('',#8073,#8074);
#8073 = CARTESIAN_POINT('',(-0.,0.));
#8074 = VECTOR('',#8075,1.);
#8075 = DIRECTION('',(-0.,-1.));
#8076 = ( GEOMETRIC_REPRESENTATION_CONTEXT(2) 
PARAMETRIC_REPRESENTATION_CONTEXT() REPRESENTATION_CONTEXT('2D SPACE',''
  ) );
#8077 = ORIENTED_EDGE('',*,*,#8078,.T.);
#8078 = EDGE_CURVE('',#8056,#8056,#8079,.T.);
#8079 = SURFACE_CURVE('',#8080,(#8085,#8092),.PCURVE_S1.);
#8080 = CIRCLE('',#8081,2.1);
#8081 = AXIS2_PLACEMENT_3D('',#8082,#8083,#8084);
#8082 = CARTESIAN_POINT('',(115.,20.50609665441,-20.50609665441));
#8083 = DIRECTION('',(0.,0.707106781187,-0.707106781187));
#8084 = DIRECTION('',(1.,0.,0.));
#8085 = PCURVE('',#2661,#8086);
#8086 = DEFINITIONAL_REPRESENTATION('',(#8087),#8091);
#8087 = LINE('',#8088,#8089);
#8088 = CARTESIAN_POINT('',(-0.,-2.5));
#8089 = VECTOR('',#8090,1.);
#8090 = DIRECTION('',(-1.,0.));
#8091 = ( GEOMETRIC_REPRESENTATION_CONTEXT(2) 
PARAMETRIC_REPRESENTATION_CONTEXT() REPRESENTATION_CONTEXT('2D SPACE',''
  ) );
#8092 = PCURVE('',#8093,#8098);
#8093 = PLANE('',#8094);
#8094 = AXIS2_PLACEMENT_3D('',#8095,#8096,#8097);
#8095 = CARTESIAN_POINT('',(115.,20.50609665441,-20.50609665441));
#8096 = DIRECTION('',(0.,0.707106781187,-0.707106781187));
#8097 = DIRECTION('',(0.,0.707106781187,0.707106781187));
#8098 = DEFINITIONAL_REPRESENTATION('',(#8099),#8103);
#8099 = CIRCLE('',#8100,2.1);
#8100 = AXIS2_PLACEMENT_2D('',#8101,#8102);
#8101 = CARTESIAN_POINT('',(0.,1.42108547152E-14));
#8102 = DIRECTION('',(0.,1.));
#8103 = ( GEOMETRIC_REPRESENTATION_CONTEXT(2) 
PARAMETRIC_REPRESENTATION_CONTEXT() REPRESENTATION_CONTEXT('2D SPACE',''
  ) );
#8104 = ORIENTED_EDGE('',*,*,#8055,.F.);
#8105 = ADVANCED_FACE('',(#8106),#8093,.F.);
#8106 = FACE_BOUND('',#8107,.F.);
#8107 = EDGE_LOOP('',(#8108));
#8108 = ORIENTED_EDGE('',*,*,#8078,.T.);
#8109 = ADVANCED_FACE('',(#8110),#2451,.F.);
#8110 = FACE_BOUND('',#8111,.F.);
#8111 = EDGE_LOOP('',(#8112,#8134,#8135,#8157));
#8112 = ORIENTED_EDGE('',*,*,#8113,.F.);
#8113 = EDGE_CURVE('',#2435,#8114,#8116,.T.);
#8114 = VERTEX_POINT('',#8115);
#8115 = CARTESIAN_POINT('',(148.,1.561424668913E-15,-25.5));
#8116 = SURFACE_CURVE('',#8117,(#8121,#8127),.PCURVE_S1.);
#8117 = LINE('',#8118,#8119);
#8118 = CARTESIAN_POINT('',(148.,0.,-100.));
#8119 = VECTOR('',#8120,1.);
#8120 = DIRECTION('',(0.,0.,1.));
#8121 = PCURVE('',#2451,#8122);
#8122 = DEFINITIONAL_REPRESENTATION('',(#8123),#8126);
#8123 = B_SPLINE_CURVE_WITH_KNOTS('',1,(#8124,#8125),.UNSPECIFIED.,.F.,
  .F.,(2,2),(72.99,127.01),.PIECEWISE_BEZIER_KNOTS.);
#8124 = CARTESIAN_POINT('',(-27.01,-8.10034880438E-16));
#8125 = CARTESIAN_POINT('',(27.01,-8.10034880438E-16));
#8126 = ( GEOMETRIC_REPRESENTATION_CONTEXT(2) 
PARAMETRIC_REPRESENTATION_CONTEXT() REPRESENTATION_CONTEXT('2D SPACE',''
  ) );
#8127 = PCURVE('',#72,#8128);
#8128 = DEFINITIONAL_REPRESENTATION('',(#8129),#8133);
#8129 = LINE('',#8130,#8131);
#8130 = CARTESIAN_POINT('',(100.,158.));
#8131 = VECTOR('',#8132,1.);
#8132 = DIRECTION('',(1.,0.));
#8133 = ( GEOMETRIC_REPRESENTATION_CONTEXT(2) 
PARAMETRIC_REPRESENTATION_CONTEXT() REPRESENTATION_CONTEXT('2D SPACE',''
  ) );
#8134 = ORIENTED_EDGE('',*,*,#2432,.F.);
#8135 = ORIENTED_EDGE('',*,*,#8136,.F.);
#8136 = EDGE_CURVE('',#8137,#2433,#8139,.T.);
#8137 = VERTEX_POINT('',#8138);
#8138 = CARTESIAN_POINT('',(148.,-4.684274006739E-15,25.5));
#8139 = SURFACE_CURVE('',#8140,(#8144,#8150),.PCURVE_S1.);
#8140 = LINE('',#8141,#8142);
#8141 = CARTESIAN_POINT('',(148.,0.,-100.));
#8142 = VECTOR('',#8143,1.);
#8143 = DIRECTION('',(0.,0.,1.));
#8144 = PCURVE('',#2451,#8145);
#8145 = DEFINITIONAL_REPRESENTATION('',(#8146),#8149);
#8146 = B_SPLINE_CURVE_WITH_KNOTS('',1,(#8147,#8148),.UNSPECIFIED.,.F.,
  .F.,(2,2),(72.99,127.01),.PIECEWISE_BEZIER_KNOTS.);
#8147 = CARTESIAN_POINT('',(-27.01,-8.10034880438E-16));
#8148 = CARTESIAN_POINT('',(27.01,-8.10034880438E-16));
#8149 = ( GEOMETRIC_REPRESENTATION_CONTEXT(2) 
PARAMETRIC_REPRESENTATION_CONTEXT() REPRESENTATION_CONTEXT('2D SPACE',''
  ) );
#8150 = PCURVE('',#130,#8151);
#8151 = DEFINITIONAL_REPRESENTATION('',(#8152),#8156);
#8152 = LINE('',#8153,#8154);
#8153 = CARTESIAN_POINT('',(100.,158.));
#8154 = VECTOR('',#8155,1.);
#8155 = DIRECTION('',(1.,0.));
#8156 = ( GEOMETRIC_REPRESENTATION_CONTEXT(2) 
PARAMETRIC_REPRESENTATION_CONTEXT() REPRESENTATION_CONTEXT('2D SPACE',''
  ) );
#8157 = ORIENTED_EDGE('',*,*,#8158,.F.);
#8158 = EDGE_CURVE('',#8114,#8137,#8159,.T.);
#8159 = SURFACE_CURVE('',#8160,(#8165,#8172),.PCURVE_S1.);
#8160 = CIRCLE('',#8161,25.5);
#8161 = AXIS2_PLACEMENT_3D('',#8162,#8163,#8164);
#8162 = CARTESIAN_POINT('',(148.,0.,0.));
#8163 = DIRECTION('',(1.,-0.,0.));
#8164 = DIRECTION('',(0.,6.123233995737E-17,-1.));
#8165 = PCURVE('',#2451,#8166);
#8166 = DEFINITIONAL_REPRESENTATION('',(#8167),#8171);
#8167 = CIRCLE('',#8168,25.5);
#8168 = AXIS2_PLACEMENT_2D('',#8169,#8170);
#8169 = CARTESIAN_POINT('',(-5.174794260437E-16,-8.10034880438E-16));
#8170 = DIRECTION('',(-1.,-6.123233995737E-17));
#8171 = ( GEOMETRIC_REPRESENTATION_CONTEXT(2) 
PARAMETRIC_REPRESENTATION_CONTEXT() REPRESENTATION_CONTEXT('2D SPACE',''
  ) );
#8172 = PCURVE('',#8173,#8178);
#8173 = CYLINDRICAL_SURFACE('',#8174,25.5);
#8174 = AXIS2_PLACEMENT_3D('',#8175,#8176,#8177);
#8175 = CARTESIAN_POINT('',(147.,0.,0.));
#8176 = DIRECTION('',(-1.,-0.,-0.));
#8177 = DIRECTION('',(0.,1.,0.));
#8178 = DEFINITIONAL_REPRESENTATION('',(#8179),#8183);
#8179 = LINE('',#8180,#8181);
#8180 = CARTESIAN_POINT('',(-4.712388980385,-1.));
#8181 = VECTOR('',#8182,1.);
#8182 = DIRECTION('',(-1.,-0.));
#8183 = ( GEOMETRIC_REPRESENTATION_CONTEXT(2) 
PARAMETRIC_REPRESENTATION_CONTEXT() REPRESENTATION_CONTEXT('2D SPACE',''
  ) );
#8184 = ADVANCED_FACE('',(#8185),#8173,.F.);
#8185 = FACE_BOUND('',#8186,.T.);
#8186 = EDGE_LOOP('',(#8187,#8217,#8237,#8238));
#8187 = ORIENTED_EDGE('',*,*,#8188,.F.);
#8188 = EDGE_CURVE('',#8189,#8191,#8193,.T.);
#8189 = VERTEX_POINT('',#8190);
#8190 = CARTESIAN_POINT('',(150.,-4.684274006739E-15,25.5));
#8191 = VERTEX_POINT('',#8192);
#8192 = CARTESIAN_POINT('',(150.,1.561424668913E-15,-25.5));
#8193 = SURFACE_CURVE('',#8194,(#8199,#8206),.PCURVE_S1.);
#8194 = CIRCLE('',#8195,25.5);
#8195 = AXIS2_PLACEMENT_3D('',#8196,#8197,#8198);
#8196 = CARTESIAN_POINT('',(150.,0.,0.));
#8197 = DIRECTION('',(-1.,0.,0.));
#8198 = DIRECTION('',(0.,-1.836970198721E-16,1.));
#8199 = PCURVE('',#8173,#8200);
#8200 = DEFINITIONAL_REPRESENTATION('',(#8201),#8205);
#8201 = LINE('',#8202,#8203);
#8202 = CARTESIAN_POINT('',(-7.853981633974,-3.));
#8203 = VECTOR('',#8204,1.);
#8204 = DIRECTION('',(1.,-0.));
#8205 = ( GEOMETRIC_REPRESENTATION_CONTEXT(2) 
PARAMETRIC_REPRESENTATION_CONTEXT() REPRESENTATION_CONTEXT('2D SPACE',''
  ) );
#8206 = PCURVE('',#101,#8207);
#8207 = DEFINITIONAL_REPRESENTATION('',(#8208),#8216);
#8208 = ( BOUNDED_CURVE() B_SPLINE_CURVE(2,(#8209,#8210,#8211,#8212,
#8213,#8214,#8215),.UNSPECIFIED.,.T.,.F.) B_SPLINE_CURVE_WITH_KNOTS((1,2
    ,2,2,2,1),(-2.094395102393,0.,2.094395102393,4.188790204786,
6.28318530718,8.377580409573),.UNSPECIFIED.) CURVE() 
GEOMETRIC_REPRESENTATION_ITEM() RATIONAL_B_SPLINE_CURVE((1.,0.5,1.,0.5,
1.,0.5,1.)) REPRESENTATION_ITEM('') );
#8209 = CARTESIAN_POINT('',(25.5,3.9951703179E-15));
#8210 = CARTESIAN_POINT('',(25.5,-44.167295593));
#8211 = CARTESIAN_POINT('',(-12.75,-22.0836477965));
#8212 = CARTESIAN_POINT('',(-51.,-1.630335037797E-14));
#8213 = CARTESIAN_POINT('',(-12.75,22.083647796503));
#8214 = CARTESIAN_POINT('',(25.5,44.167295593006));
#8215 = CARTESIAN_POINT('',(25.5,3.9951703179E-15));
#8216 = ( GEOMETRIC_REPRESENTATION_CONTEXT(2) 
PARAMETRIC_REPRESENTATION_CONTEXT() REPRESENTATION_CONTEXT('2D SPACE',''
  ) );
#8217 = ORIENTED_EDGE('',*,*,#8218,.T.);
#8218 = EDGE_CURVE('',#8189,#8137,#8219,.T.);
#8219 = SURFACE_CURVE('',#8220,(#8224,#8230),.PCURVE_S1.);
#8220 = LINE('',#8221,#8222);
#8221 = CARTESIAN_POINT('',(147.,0.,25.5));
#8222 = VECTOR('',#8223,1.);
#8223 = DIRECTION('',(-1.,-0.,-0.));
#8224 = PCURVE('',#8173,#8225);
#8225 = DEFINITIONAL_REPRESENTATION('',(#8226),#8229);
#8226 = B_SPLINE_CURVE_WITH_KNOTS('',1,(#8227,#8228),.UNSPECIFIED.,.F.,
  .F.,(2,2),(-3.,-1.),.PIECEWISE_BEZIER_KNOTS.);
#8227 = CARTESIAN_POINT('',(-7.853981633974,-3.));
#8228 = CARTESIAN_POINT('',(-7.853981633974,-1.));
#8229 = ( GEOMETRIC_REPRESENTATION_CONTEXT(2) 
PARAMETRIC_REPRESENTATION_CONTEXT() REPRESENTATION_CONTEXT('2D SPACE',''
  ) );
#8230 = PCURVE('',#130,#8231);
#8231 = DEFINITIONAL_REPRESENTATION('',(#8232),#8236);
#8232 = LINE('',#8233,#8234);
#8233 = CARTESIAN_POINT('',(225.5,157.));
#8234 = VECTOR('',#8235,1.);
#8235 = DIRECTION('',(0.,-1.));
#8236 = ( GEOMETRIC_REPRESENTATION_CONTEXT(2) 
PARAMETRIC_REPRESENTATION_CONTEXT() REPRESENTATION_CONTEXT('2D SPACE',''
  ) );
#8237 = ORIENTED_EDGE('',*,*,#8158,.F.);
#8238 = ORIENTED_EDGE('',*,*,#8239,.F.);
#8239 = EDGE_CURVE('',#8191,#8114,#8240,.T.);
#8240 = SURFACE_CURVE('',#8241,(#8245,#8251),.PCURVE_S1.);
#8241 = LINE('',#8242,#8243);
#8242 = CARTESIAN_POINT('',(147.,0.,-25.5));
#8243 = VECTOR('',#8244,1.);
#8244 = DIRECTION('',(-1.,-0.,-0.));
#8245 = PCURVE('',#8173,#8246);
#8246 = DEFINITIONAL_REPRESENTATION('',(#8247),#8250);
#8247 = B_SPLINE_CURVE_WITH_KNOTS('',1,(#8248,#8249),.UNSPECIFIED.,.F.,
  .F.,(2,2),(-3.,-1.),.PIECEWISE_BEZIER_KNOTS.);
#8248 = CARTESIAN_POINT('',(-4.712388980385,-3.));
#8249 = CARTESIAN_POINT('',(-4.712388980385,-1.));
#8250 = ( GEOMETRIC_REPRESENTATION_CONTEXT(2) 
PARAMETRIC_REPRESENTATION_CONTEXT() REPRESENTATION_CONTEXT('2D SPACE',''
  ) );
#8251 = PCURVE('',#72,#8252);
#8252 = DEFINITIONAL_REPRESENTATION('',(#8253),#8257);
#8253 = LINE('',#8254,#8255);
#8254 = CARTESIAN_POINT('',(174.5,157.));
#8255 = VECTOR('',#8256,1.);
#8256 = DIRECTION('',(0.,-1.));
#8257 = ( GEOMETRIC_REPRESENTATION_CONTEXT(2) 
PARAMETRIC_REPRESENTATION_CONTEXT() REPRESENTATION_CONTEXT('2D SPACE',''
  ) );
#8258 = ADVANCED_FACE('',(#8259),#1628,.F.);
#8259 = FACE_BOUND('',#8260,.F.);
#8260 = EDGE_LOOP('',(#8261,#8282,#8283,#8284));
#8261 = ORIENTED_EDGE('',*,*,#8262,.F.);
#8262 = EDGE_CURVE('',#7229,#1519,#8263,.T.);
#8263 = SEAM_CURVE('',#8264,(#8268,#8275),.PCURVE_S1.);
#8264 = LINE('',#8265,#8266);
#8265 = CARTESIAN_POINT('',(26.7,0.,8.));
#8266 = VECTOR('',#8267,1.);
#8267 = DIRECTION('',(-0.,1.,-0.));
#8268 = PCURVE('',#1628,#8269);
#8269 = DEFINITIONAL_REPRESENTATION('',(#8270),#8274);
#8270 = LINE('',#8271,#8272);
#8271 = CARTESIAN_POINT('',(6.28318530718,0.));
#8272 = VECTOR('',#8273,1.);
#8273 = DIRECTION('',(0.,-1.));
#8274 = ( GEOMETRIC_REPRESENTATION_CONTEXT(2) 
PARAMETRIC_REPRESENTATION_CONTEXT() REPRESENTATION_CONTEXT('2D SPACE',''
  ) );
#8275 = PCURVE('',#1628,#8276);
#8276 = DEFINITIONAL_REPRESENTATION('',(#8277),#8281);
#8277 = LINE('',#8278,#8279);
#8278 = CARTESIAN_POINT('',(0.,0.));
#8279 = VECTOR('',#8280,1.);
#8280 = DIRECTION('',(0.,-1.));
#8281 = ( GEOMETRIC_REPRESENTATION_CONTEXT(2) 
PARAMETRIC_REPRESENTATION_CONTEXT() REPRESENTATION_CONTEXT('2D SPACE',''
  ) );
#8282 = ORIENTED_EDGE('',*,*,#7248,.T.);
#8283 = ORIENTED_EDGE('',*,*,#8262,.T.);
#8284 = ORIENTED_EDGE('',*,*,#1518,.T.);
#8285 = ADVANCED_FACE('',(#8286),#1457,.F.);
#8286 = FACE_BOUND('',#8287,.T.);
#8287 = EDGE_LOOP('',(#8288,#8309,#8310,#8311));
#8288 = ORIENTED_EDGE('',*,*,#8289,.F.);
#8289 = EDGE_CURVE('',#7276,#1348,#8290,.T.);
#8290 = SEAM_CURVE('',#8291,(#8295,#8302),.PCURVE_S1.);
#8291 = LINE('',#8292,#8293);
#8292 = CARTESIAN_POINT('',(76.7,6.,0.));
#8293 = VECTOR('',#8294,1.);
#8294 = DIRECTION('',(0.,0.,1.));
#8295 = PCURVE('',#1457,#8296);
#8296 = DEFINITIONAL_REPRESENTATION('',(#8297),#8301);
#8297 = LINE('',#8298,#8299);
#8298 = CARTESIAN_POINT('',(-6.28318530718,0.));
#8299 = VECTOR('',#8300,1.);
#8300 = DIRECTION('',(-0.,-1.));
#8301 = ( GEOMETRIC_REPRESENTATION_CONTEXT(2) 
PARAMETRIC_REPRESENTATION_CONTEXT() REPRESENTATION_CONTEXT('2D SPACE',''
  ) );
#8302 = PCURVE('',#1457,#8303);
#8303 = DEFINITIONAL_REPRESENTATION('',(#8304),#8308);
#8304 = LINE('',#8305,#8306);
#8305 = CARTESIAN_POINT('',(-0.,0.));
#8306 = VECTOR('',#8307,1.);
#8307 = DIRECTION('',(-0.,-1.));
#8308 = ( GEOMETRIC_REPRESENTATION_CONTEXT(2) 
PARAMETRIC_REPRESENTATION_CONTEXT() REPRESENTATION_CONTEXT('2D SPACE',''
  ) );
#8309 = ORIENTED_EDGE('',*,*,#7295,.F.);
#8310 = ORIENTED_EDGE('',*,*,#8289,.T.);
#8311 = ORIENTED_EDGE('',*,*,#1347,.T.);
#8312 = ADVANCED_FACE('',(#8313),#1286,.F.);
#8313 = FACE_BOUND('',#8314,.F.);
#8314 = EDGE_LOOP('',(#8315,#8336,#8337,#8338));
#8315 = ORIENTED_EDGE('',*,*,#8316,.F.);
#8316 = EDGE_CURVE('',#7351,#1177,#8317,.T.);
#8317 = SEAM_CURVE('',#8318,(#8322,#8329),.PCURVE_S1.);
#8318 = LINE('',#8319,#8320);
#8319 = CARTESIAN_POINT('',(76.7,0.,8.));
#8320 = VECTOR('',#8321,1.);
#8321 = DIRECTION('',(-0.,1.,-0.));
#8322 = PCURVE('',#1286,#8323);
#8323 = DEFINITIONAL_REPRESENTATION('',(#8324),#8328);
#8324 = LINE('',#8325,#8326);
#8325 = CARTESIAN_POINT('',(6.28318530718,0.));
#8326 = VECTOR('',#8327,1.);
#8327 = DIRECTION('',(0.,-1.));
#8328 = ( GEOMETRIC_REPRESENTATION_CONTEXT(2) 
PARAMETRIC_REPRESENTATION_CONTEXT() REPRESENTATION_CONTEXT('2D SPACE',''
  ) );
#8329 = PCURVE('',#1286,#8330);
#8330 = DEFINITIONAL_REPRESENTATION('',(#8331),#8335);
#8331 = LINE('',#8332,#8333);
#8332 = CARTESIAN_POINT('',(0.,0.));
#8333 = VECTOR('',#8334,1.);
#8334 = DIRECTION('',(0.,-1.));
#8335 = ( GEOMETRIC_REPRESENTATION_CONTEXT(2) 
PARAMETRIC_REPRESENTATION_CONTEXT() REPRESENTATION_CONTEXT('2D SPACE',''
  ) );
#8336 = ORIENTED_EDGE('',*,*,#7370,.T.);
#8337 = ORIENTED_EDGE('',*,*,#8316,.T.);
#8338 = ORIENTED_EDGE('',*,*,#1176,.T.);
#8339 = ADVANCED_FACE('',(#8340),#1114,.F.);
#8340 = FACE_BOUND('',#8341,.F.);
#8341 = EDGE_LOOP('',(#8342,#8363,#8364,#8365));
#8342 = ORIENTED_EDGE('',*,*,#8343,.F.);
#8343 = EDGE_CURVE('',#7485,#1003,#8344,.T.);
#8344 = SEAM_CURVE('',#8345,(#8349,#8356),.PCURVE_S1.);
#8345 = LINE('',#8346,#8347);
#8346 = CARTESIAN_POINT('',(41.7,0.,-8.));
#8347 = VECTOR('',#8348,1.);
#8348 = DIRECTION('',(-0.,1.,-0.));
#8349 = PCURVE('',#1114,#8350);
#8350 = DEFINITIONAL_REPRESENTATION('',(#8351),#8355);
#8351 = LINE('',#8352,#8353);
#8352 = CARTESIAN_POINT('',(6.28318530718,0.));
#8353 = VECTOR('',#8354,1.);
#8354 = DIRECTION('',(0.,-1.));
#8355 = ( GEOMETRIC_REPRESENTATION_CONTEXT(2) 
PARAMETRIC_REPRESENTATION_CONTEXT() REPRESENTATION_CONTEXT('2D SPACE',''
  ) );
#8356 = PCURVE('',#1114,#8357);
#8357 = DEFINITIONAL_REPRESENTATION('',(#8358),#8362);
#8358 = LINE('',#8359,#8360);
#8359 = CARTESIAN_POINT('',(0.,0.));
#8360 = VECTOR('',#8361,1.);
#8361 = DIRECTION('',(0.,-1.));
#8362 = ( GEOMETRIC_REPRESENTATION_CONTEXT(2) 
PARAMETRIC_REPRESENTATION_CONTEXT() REPRESENTATION_CONTEXT('2D SPACE',''
  ) );
#8363 = ORIENTED_EDGE('',*,*,#7504,.T.);
#8364 = ORIENTED_EDGE('',*,*,#8343,.T.);
#8365 = ORIENTED_EDGE('',*,*,#1002,.T.);
#8366 = ADVANCED_FACE('',(#8367),#941,.F.);
#8367 = FACE_BOUND('',#8368,.F.);
#8368 = EDGE_LOOP('',(#8369,#8390,#8391,#8392));
#8369 = ORIENTED_EDGE('',*,*,#8370,.F.);
#8370 = EDGE_CURVE('',#7619,#832,#8371,.T.);
#8371 = SEAM_CURVE('',#8372,(#8376,#8383),.PCURVE_S1.);
#8372 = LINE('',#8373,#8374);
#8373 = CARTESIAN_POINT('',(41.7,10.,0.));
#8374 = VECTOR('',#8375,1.);
#8375 = DIRECTION('',(-0.,-0.,-1.));
#8376 = PCURVE('',#941,#8377);
#8377 = DEFINITIONAL_REPRESENTATION('',(#8378),#8382);
#8378 = LINE('',#8379,#8380);
#8379 = CARTESIAN_POINT('',(6.28318530718,0.));
#8380 = VECTOR('',#8381,1.);
#8381 = DIRECTION('',(0.,-1.));
#8382 = ( GEOMETRIC_REPRESENTATION_CONTEXT(2) 
PARAMETRIC_REPRESENTATION_CONTEXT() REPRESENTATION_CONTEXT('2D SPACE',''
  ) );
#8383 = PCURVE('',#941,#8384);
#8384 = DEFINITIONAL_REPRESENTATION('',(#8385),#8389);
#8385 = LINE('',#8386,#8387);
#8386 = CARTESIAN_POINT('',(0.,0.));
#8387 = VECTOR('',#8388,1.);
#8388 = DIRECTION('',(0.,-1.));
#8389 = ( GEOMETRIC_REPRESENTATION_CONTEXT(2) 
PARAMETRIC_REPRESENTATION_CONTEXT() REPRESENTATION_CONTEXT('2D SPACE',''
  ) );
#8390 = ORIENTED_EDGE('',*,*,#7638,.T.);
#8391 = ORIENTED_EDGE('',*,*,#8370,.T.);
#8392 = ORIENTED_EDGE('',*,*,#831,.T.);
#8393 = ADVANCED_FACE('',(#8394),#770,.F.);
#8394 = FACE_BOUND('',#8395,.T.);
#8395 = EDGE_LOOP('',(#8396,#8417,#8418,#8419));
#8396 = ORIENTED_EDGE('',*,*,#8397,.F.);
#8397 = EDGE_CURVE('',#7725,#661,#8398,.T.);
#8398 = SEAM_CURVE('',#8399,(#8403,#8410),.PCURVE_S1.);
#8399 = LINE('',#8400,#8401);
#8400 = CARTESIAN_POINT('',(136.7,6.,0.));
#8401 = VECTOR('',#8402,1.);
#8402 = DIRECTION('',(0.,0.,1.));
#8403 = PCURVE('',#770,#8404);
#8404 = DEFINITIONAL_REPRESENTATION('',(#8405),#8409);
#8405 = LINE('',#8406,#8407);
#8406 = CARTESIAN_POINT('',(-6.28318530718,0.));
#8407 = VECTOR('',#8408,1.);
#8408 = DIRECTION('',(-0.,-1.));
#8409 = ( GEOMETRIC_REPRESENTATION_CONTEXT(2) 
PARAMETRIC_REPRESENTATION_CONTEXT() REPRESENTATION_CONTEXT('2D SPACE',''
  ) );
#8410 = PCURVE('',#770,#8411);
#8411 = DEFINITIONAL_REPRESENTATION('',(#8412),#8416);
#8412 = LINE('',#8413,#8414);
#8413 = CARTESIAN_POINT('',(-0.,0.));
#8414 = VECTOR('',#8415,1.);
#8415 = DIRECTION('',(-0.,-1.));
#8416 = ( GEOMETRIC_REPRESENTATION_CONTEXT(2) 
PARAMETRIC_REPRESENTATION_CONTEXT() REPRESENTATION_CONTEXT('2D SPACE',''
  ) );
#8417 = ORIENTED_EDGE('',*,*,#7744,.F.);
#8418 = ORIENTED_EDGE('',*,*,#8397,.T.);
#8419 = ORIENTED_EDGE('',*,*,#660,.T.);
#8420 = ADVANCED_FACE('',(#8421),#599,.F.);
#8421 = FACE_BOUND('',#8422,.F.);
#8422 = EDGE_LOOP('',(#8423,#8444,#8445,#8446));
#8423 = ORIENTED_EDGE('',*,*,#8424,.F.);
#8424 = EDGE_CURVE('',#7800,#490,#8425,.T.);
#8425 = SEAM_CURVE('',#8426,(#8430,#8437),.PCURVE_S1.);
#8426 = LINE('',#8427,#8428);
#8427 = CARTESIAN_POINT('',(136.7,0.,8.));
#8428 = VECTOR('',#8429,1.);
#8429 = DIRECTION('',(-0.,1.,-0.));
#8430 = PCURVE('',#599,#8431);
#8431 = DEFINITIONAL_REPRESENTATION('',(#8432),#8436);
#8432 = LINE('',#8433,#8434);
#8433 = CARTESIAN_POINT('',(6.28318530718,0.));
#8434 = VECTOR('',#8435,1.);
#8435 = DIRECTION('',(0.,-1.));
#8436 = ( GEOMETRIC_REPRESENTATION_CONTEXT(2) 
PARAMETRIC_REPRESENTATION_CONTEXT() REPRESENTATION_CONTEXT('2D SPACE',''
  ) );
#8437 = PCURVE('',#599,#8438);
#8438 = DEFINITIONAL_REPRESENTATION('',(#8439),#8443);
#8439 = LINE('',#8440,#8441);
#8440 = CARTESIAN_POINT('',(0.,0.));
#8441 = VECTOR('',#8442,1.);
#8442 = DIRECTION('',(0.,-1.));
#8443 = ( GEOMETRIC_REPRESENTATION_CONTEXT(2) 
PARAMETRIC_REPRESENTATION_CONTEXT() REPRESENTATION_CONTEXT('2D SPACE',''
  ) );
#8444 = ORIENTED_EDGE('',*,*,#7819,.T.);
#8445 = ORIENTED_EDGE('',*,*,#8424,.T.);
#8446 = ORIENTED_EDGE('',*,*,#489,.T.);
#8447 = ADVANCED_FACE('',(#8448),#427,.F.);
#8448 = FACE_BOUND('',#8449,.F.);
#8449 = EDGE_LOOP('',(#8450,#8471,#8472,#8473));
#8450 = ORIENTED_EDGE('',*,*,#8451,.F.);
#8451 = EDGE_CURVE('',#7875,#316,#8452,.T.);
#8452 = SEAM_CURVE('',#8453,(#8457,#8464),.PCURVE_S1.);
#8453 = LINE('',#8454,#8455);
#8454 = CARTESIAN_POINT('',(101.7,0.,-8.));
#8455 = VECTOR('',#8456,1.);
#8456 = DIRECTION('',(-0.,1.,-0.));
#8457 = PCURVE('',#427,#8458);
#8458 = DEFINITIONAL_REPRESENTATION('',(#8459),#8463);
#8459 = LINE('',#8460,#8461);
#8460 = CARTESIAN_POINT('',(6.28318530718,0.));
#8461 = VECTOR('',#8462,1.);
#8462 = DIRECTION('',(0.,-1.));
#8463 = ( GEOMETRIC_REPRESENTATION_CONTEXT(2) 
PARAMETRIC_REPRESENTATION_CONTEXT() REPRESENTATION_CONTEXT('2D SPACE',''
  ) );
#8464 = PCURVE('',#427,#8465);
#8465 = DEFINITIONAL_REPRESENTATION('',(#8466),#8470);
#8466 = LINE('',#8467,#8468);
#8467 = CARTESIAN_POINT('',(0.,0.));
#8468 = VECTOR('',#8469,1.);
#8469 = DIRECTION('',(0.,-1.));
#8470 = ( GEOMETRIC_REPRESENTATION_CONTEXT(2) 
PARAMETRIC_REPRESENTATION_CONTEXT() REPRESENTATION_CONTEXT('2D SPACE',''
  ) );
#8471 = ORIENTED_EDGE('',*,*,#7894,.T.);
#8472 = ORIENTED_EDGE('',*,*,#8451,.T.);
#8473 = ORIENTED_EDGE('',*,*,#315,.T.);
#8474 = ADVANCED_FACE('',(#8475),#254,.F.);
#8475 = FACE_BOUND('',#8476,.F.);
#8476 = EDGE_LOOP('',(#8477,#8498,#8499,#8500));
#8477 = ORIENTED_EDGE('',*,*,#8478,.F.);
#8478 = EDGE_CURVE('',#7950,#145,#8479,.T.);
#8479 = SEAM_CURVE('',#8480,(#8484,#8491),.PCURVE_S1.);
#8480 = LINE('',#8481,#8482);
#8481 = CARTESIAN_POINT('',(101.7,10.,0.));
#8482 = VECTOR('',#8483,1.);
#8483 = DIRECTION('',(-0.,-0.,-1.));
#8484 = PCURVE('',#254,#8485);
#8485 = DEFINITIONAL_REPRESENTATION('',(#8486),#8490);
#8486 = LINE('',#8487,#8488);
#8487 = CARTESIAN_POINT('',(6.28318530718,0.));
#8488 = VECTOR('',#8489,1.);
#8489 = DIRECTION('',(0.,-1.));
#8490 = ( GEOMETRIC_REPRESENTATION_CONTEXT(2) 
PARAMETRIC_REPRESENTATION_CONTEXT() REPRESENTATION_CONTEXT('2D SPACE',''
  ) );
#8491 = PCURVE('',#254,#8492);
#8492 = DEFINITIONAL_REPRESENTATION('',(#8493),#8497);
#8493 = LINE('',#8494,#8495);
#8494 = CARTESIAN_POINT('',(0.,0.));
#8495 = VECTOR('',#8496,1.);
#8496 = DIRECTION('',(0.,-1.));
#8497 = ( GEOMETRIC_REPRESENTATION_CONTEXT(2) 
PARAMETRIC_REPRESENTATION_CONTEXT() REPRESENTATION_CONTEXT('2D SPACE',''
  ) );
#8498 = ORIENTED_EDGE('',*,*,#7969,.T.);
#8499 = ORIENTED_EDGE('',*,*,#8478,.T.);
#8500 = ORIENTED_EDGE('',*,*,#144,.T.);
#8501 = ADVANCED_FACE('',(#8502),#101,.T.);
#8502 = FACE_BOUND('',#8503,.T.);
#8503 = EDGE_LOOP('',(#8504,#8525,#8526,#8547));
#8504 = ORIENTED_EDGE('',*,*,#8505,.F.);
#8505 = EDGE_CURVE('',#58,#8191,#8506,.T.);
#8506 = SURFACE_CURVE('',#8507,(#8511,#8518),.PCURVE_S1.);
#8507 = LINE('',#8508,#8509);
#8508 = CARTESIAN_POINT('',(150.,-5.832380380939E-15,-31.75));
#8509 = VECTOR('',#8510,1.);
#8510 = DIRECTION('',(-4.547473508865E-15,1.183008807976E-15,1.));
#8511 = PCURVE('',#101,#8512);
#8512 = DEFINITIONAL_REPRESENTATION('',(#8513),#8517);
#8513 = LINE('',#8514,#8515);
#8514 = CARTESIAN_POINT('',(-31.75,5.143276692101E-15));
#8515 = VECTOR('',#8516,1.);
#8516 = DIRECTION('',(1.,-1.183008807976E-15));
#8517 = ( GEOMETRIC_REPRESENTATION_CONTEXT(2) 
PARAMETRIC_REPRESENTATION_CONTEXT() REPRESENTATION_CONTEXT('2D SPACE',''
  ) );
#8518 = PCURVE('',#72,#8519);
#8519 = DEFINITIONAL_REPRESENTATION('',(#8520),#8524);
#8520 = LINE('',#8521,#8522);
#8521 = CARTESIAN_POINT('',(168.25,160.));
#8522 = VECTOR('',#8523,1.);
#8523 = DIRECTION('',(1.,-4.547473508865E-15));
#8524 = ( GEOMETRIC_REPRESENTATION_CONTEXT(2) 
PARAMETRIC_REPRESENTATION_CONTEXT() REPRESENTATION_CONTEXT('2D SPACE',''
  ) );
#8525 = ORIENTED_EDGE('',*,*,#84,.F.);
#8526 = ORIENTED_EDGE('',*,*,#8527,.T.);
#8527 = EDGE_CURVE('',#85,#8189,#8528,.T.);
#8528 = SURFACE_CURVE('',#8529,(#8533,#8540),.PCURVE_S1.);
#8529 = LINE('',#8530,#8531);
#8530 = CARTESIAN_POINT('',(150.,1.944126793646E-15,31.75));
#8531 = VECTOR('',#8532,1.);
#8532 = DIRECTION('',(-4.547473508865E-15,-1.060544128062E-15,-1.));
#8533 = PCURVE('',#101,#8534);
#8534 = DEFINITIONAL_REPRESENTATION('',(#8535),#8539);
#8535 = LINE('',#8536,#8537);
#8536 = CARTESIAN_POINT('',(31.75,-2.633230482485E-15));
#8537 = VECTOR('',#8538,1.);
#8538 = DIRECTION('',(-1.,1.060544128062E-15));
#8539 = ( GEOMETRIC_REPRESENTATION_CONTEXT(2) 
PARAMETRIC_REPRESENTATION_CONTEXT() REPRESENTATION_CONTEXT('2D SPACE',''
  ) );
#8540 = PCURVE('',#130,#8541);
#8541 = DEFINITIONAL_REPRESENTATION('',(#8542),#8546);
#8542 = LINE('',#8543,#8544);
#8543 = CARTESIAN_POINT('',(231.75,160.));
#8544 = VECTOR('',#8545,1.);
#8545 = DIRECTION('',(-1.,-4.547473508865E-15));
#8546 = ( GEOMETRIC_REPRESENTATION_CONTEXT(2) 
PARAMETRIC_REPRESENTATION_CONTEXT() REPRESENTATION_CONTEXT('2D SPACE',''
  ) );
#8547 = ORIENTED_EDGE('',*,*,#8188,.T.);
#8548 = ADVANCED_FACE('',(#8549),#130,.F.);
#8549 = FACE_BOUND('',#8550,.F.);
#8550 = EDGE_LOOP('',(#8551,#8552,#8553,#8554,#8555,#8556));
#8551 = ORIENTED_EDGE('',*,*,#117,.F.);
#8552 = ORIENTED_EDGE('',*,*,#8527,.T.);
#8553 = ORIENTED_EDGE('',*,*,#8218,.T.);
#8554 = ORIENTED_EDGE('',*,*,#8136,.T.);
#8555 = ORIENTED_EDGE('',*,*,#2467,.T.);
#8556 = ORIENTED_EDGE('',*,*,#8557,.T.);
#8557 = EDGE_CURVE('',#2468,#24,#8558,.T.);
#8558 = SURFACE_CURVE('',#8559,(#8563,#8570),.PCURVE_S1.);
#8559 = LINE('',#8560,#8561);
#8560 = CARTESIAN_POINT('',(0.,0.,-100.));
#8561 = VECTOR('',#8562,1.);
#8562 = DIRECTION('',(0.,0.,1.));
#8563 = PCURVE('',#130,#8564);
#8564 = DEFINITIONAL_REPRESENTATION('',(#8565),#8569);
#8565 = LINE('',#8566,#8567);
#8566 = CARTESIAN_POINT('',(100.,10.));
#8567 = VECTOR('',#8568,1.);
#8568 = DIRECTION('',(1.,0.));
#8569 = ( GEOMETRIC_REPRESENTATION_CONTEXT(2) 
PARAMETRIC_REPRESENTATION_CONTEXT() REPRESENTATION_CONTEXT('2D SPACE',''
  ) );
#8570 = PCURVE('',#45,#8571);
#8571 = DEFINITIONAL_REPRESENTATION('',(#8572),#8575);
#8572 = B_SPLINE_CURVE_WITH_KNOTS('',1,(#8573,#8574),.UNSPECIFIED.,.F.,
  .F.,(2,2),(68.25,131.75),.PIECEWISE_BEZIER_KNOTS.);
#8573 = CARTESIAN_POINT('',(-31.75,-6.891036888388E-16));
#8574 = CARTESIAN_POINT('',(31.75,-6.891036888388E-16));
#8575 = ( GEOMETRIC_REPRESENTATION_CONTEXT(2) 
PARAMETRIC_REPRESENTATION_CONTEXT() REPRESENTATION_CONTEXT('2D SPACE',''
  ) );
#8576 = ADVANCED_FACE('',(#8577),#72,.F.);
#8577 = FACE_BOUND('',#8578,.F.);
#8578 = EDGE_LOOP('',(#8579,#8580,#8581,#8601,#8602,#8603));
#8579 = ORIENTED_EDGE('',*,*,#8505,.F.);
#8580 = ORIENTED_EDGE('',*,*,#57,.T.);
#8581 = ORIENTED_EDGE('',*,*,#8582,.T.);
#8582 = EDGE_CURVE('',#22,#2490,#8583,.T.);
#8583 = SURFACE_CURVE('',#8584,(#8588,#8595),.PCURVE_S1.);
#8584 = LINE('',#8585,#8586);
#8585 = CARTESIAN_POINT('',(0.,0.,-100.));
#8586 = VECTOR('',#8587,1.);
#8587 = DIRECTION('',(0.,0.,1.));
#8588 = PCURVE('',#72,#8589);
#8589 = DEFINITIONAL_REPRESENTATION('',(#8590),#8594);
#8590 = LINE('',#8591,#8592);
#8591 = CARTESIAN_POINT('',(100.,10.));
#8592 = VECTOR('',#8593,1.);
#8593 = DIRECTION('',(1.,0.));
#8594 = ( GEOMETRIC_REPRESENTATION_CONTEXT(2) 
PARAMETRIC_REPRESENTATION_CONTEXT() REPRESENTATION_CONTEXT('2D SPACE',''
  ) );
#8595 = PCURVE('',#45,#8596);
#8596 = DEFINITIONAL_REPRESENTATION('',(#8597),#8600);
#8597 = B_SPLINE_CURVE_WITH_KNOTS('',1,(#8598,#8599),.UNSPECIFIED.,.F.,
  .F.,(2,2),(68.25,131.75),.PIECEWISE_BEZIER_KNOTS.);
#8598 = CARTESIAN_POINT('',(-31.75,-6.891036888388E-16));
#8599 = CARTESIAN_POINT('',(31.75,-6.891036888388E-16));
#8600 = ( GEOMETRIC_REPRESENTATION_CONTEXT(2) 
PARAMETRIC_REPRESENTATION_CONTEXT() REPRESENTATION_CONTEXT('2D SPACE',''
  ) );
#8601 = ORIENTED_EDGE('',*,*,#2513,.F.);
#8602 = ORIENTED_EDGE('',*,*,#8113,.T.);
#8603 = ORIENTED_EDGE('',*,*,#8239,.F.);
#8604 = ADVANCED_FACE('',(#8605),#45,.F.);
#8605 = FACE_BOUND('',#8606,.F.);
#8606 = EDGE_LOOP('',(#8607,#8608,#8609,#8610));
#8607 = ORIENTED_EDGE('',*,*,#21,.T.);
#8608 = ORIENTED_EDGE('',*,*,#8557,.F.);
#8609 = ORIENTED_EDGE('',*,*,#2489,.F.);
#8610 = ORIENTED_EDGE('',*,*,#8582,.F.);
#8611 = ( GEOMETRIC_REPRESENTATION_CONTEXT(3) 
GLOBAL_UNCERTAINTY_ASSIGNED_CONTEXT((#8615)) 
GLOBAL_UNIT_ASSIGNED_CONTEXT((#8612,#8613,#8614)) REPRESENTATION_CONTEXT
('Context #1','3D Context with UNIT and UNCERTAINTY') );
#8612 = ( LENGTH_UNIT() NAMED_UNIT(*) SI_UNIT(.MILLI.,.METRE.) );
#8613 = ( NAMED_UNIT(*) PLANE_ANGLE_UNIT() SI_UNIT($,.RADIAN.) );
#8614 = ( NAMED_UNIT(*) SI_UNIT($,.STERADIAN.) SOLID_ANGLE_UNIT() );
#8615 = UNCERTAINTY_MEASURE_WITH_UNIT(LENGTH_MEASURE(2.E-07),#8612,
  'distance_accuracy_value','confusion accuracy');
#8616 = PRODUCT_RELATED_PRODUCT_CATEGORY('part',$,(#7));
ENDSEC;
END-ISO-10303-21;
