ISO-10303-21;
HEADER;
FILE_DESCRIPTION(('Open CASCADE Model'),'2;1');
FILE_NAME('Open CASCADE Shape Model','2026-09-11T17:05:55',('Author'),(
    'Open CASCADE'),'Open CASCADE STEP processor 7.9','Open CASCADE 7.9'
  ,'Unknown');
FILE_SCHEMA(('AUTOMOTIVE_DESIGN { 1 0 10303 214 1 1 1 1 }'));
ENDSEC;
DATA;
#1 = APPLICATION_PROTOCOL_DEFINITION('international standard',
  'automotive_design',2000,#2);
#2 = APPLICATION_CONTEXT(
  'core data for automotive mechanical design processes');
#3 = SHAPE_DEFINITION_REPRESENTATION(#4,#10);
#4 = PRODUCT_DEFINITION_SHAPE('','',#5);
#5 = PRODUCT_DEFINITION('design','',#6,#9);
#6 = PRODUCT_DEFINITION_FORMATION('','',#7);
#7 = PRODUCT('Open CASCADE STEP translator 7.9 2',
  'Open CASCADE STEP translator 7.9 2','',(#8));
#8 = PRODUCT_CONTEXT('',#2,'mechanical');
#9 = PRODUCT_DEFINITION_CONTEXT('part definition',#2,'design');
#10 = ADVANCED_BREP_SHAPE_REPRESENTATION('',(#11,#15),#4437);
#11 = AXIS2_PLACEMENT_3D('',#12,#13,#14);
#12 = CARTESIAN_POINT('',(0.,0.,0.));
#13 = DIRECTION('',(0.,0.,1.));
#14 = DIRECTION('',(1.,0.,-0.));
#15 = MANIFOLD_SOLID_BREP('',#16);
#16 = CLOSED_SHELL('',(#17,#827,#906,#1008,#1100,#1132,#1187,#1242,#1297
    ,#1352,#3892,#3924,#3931,#3955,#3979,#4026,#4073,#4128,#4183,#4238,
    #4243,#4298,#4303,#4358,#4413,#4417,#4421,#4425,#4429,#4433));
#17 = ADVANCED_FACE('',(#18,#137,#308,#479,#653),#33,.T.);
#18 = FACE_BOUND('',#19,.F.);
#19 = EDGE_LOOP('',(#20,#56,#83,#112));
#20 = ORIENTED_EDGE('',*,*,#21,.F.);
#21 = EDGE_CURVE('',#22,#24,#26,.T.);
#22 = VERTEX_POINT('',#23);
#23 = CARTESIAN_POINT('',(0.,1.944126793646E-15,31.75));
#24 = VERTEX_POINT('',#25);
#25 = CARTESIAN_POINT('',(0.,-5.832380380939E-15,-31.75));
#26 = SURFACE_CURVE('',#27,(#32,#44),.PCURVE_S1.);
#27 = CIRCLE('',#28,31.75);
#28 = AXIS2_PLACEMENT_3D('',#29,#30,#31);
#29 = CARTESIAN_POINT('',(0.,0.,0.));
#30 = DIRECTION('',(1.,0.,0.));
#31 = DIRECTION('',(0.,1.,0.));
#32 = PCURVE('',#33,#38);
#33 = CYLINDRICAL_SURFACE('',#34,31.75);
#34 = AXIS2_PLACEMENT_3D('',#35,#36,#37);
#35 = CARTESIAN_POINT('',(0.,0.,0.));
#36 = DIRECTION('',(-1.,-0.,-0.));
#37 = DIRECTION('',(0.,1.,0.));
#38 = DEFINITIONAL_REPRESENTATION('',(#39),#43);
#39 = LINE('',#40,#41);
#40 = CARTESIAN_POINT('',(-0.,0.));
#41 = VECTOR('',#42,1.);
#42 = DIRECTION('',(-1.,0.));
#43 = ( GEOMETRIC_REPRESENTATION_CONTEXT(2) 
PARAMETRIC_REPRESENTATION_CONTEXT() REPRESENTATION_CONTEXT('2D SPACE',''
  ) );
#44 = PCURVE('',#45,#50);
#45 = PLANE('',#46);
#46 = AXIS2_PLACEMENT_3D('',#47,#48,#49);
#47 = CARTESIAN_POINT('',(0.,-6.891036888388E-16,1.460330226257E-15));
#48 = DIRECTION('',(1.,0.,0.));
#49 = DIRECTION('',(-0.,0.,1.));
#50 = DEFINITIONAL_REPRESENTATION('',(#51),#55);
#51 = CIRCLE('',#52,31.75);
#52 = AXIS2_PLACEMENT_2D('',#53,#54);
#53 = CARTESIAN_POINT('',(-1.460330226257E-15,-6.891036888388E-16));
#54 = DIRECTION('',(0.,-1.));
#55 = ( GEOMETRIC_REPRESENTATION_CONTEXT(2) 
PARAMETRIC_REPRESENTATION_CONTEXT() REPRESENTATION_CONTEXT('2D SPACE',''
  ) );
#56 = ORIENTED_EDGE('',*,*,#57,.F.);
#57 = EDGE_CURVE('',#58,#22,#60,.T.);
#58 = VERTEX_POINT('',#59);
#59 = CARTESIAN_POINT('',(150.,1.944126793646E-15,31.75));
#60 = SURFACE_CURVE('',#61,(#65,#71),.PCURVE_S1.);
#61 = LINE('',#62,#63);
#62 = CARTESIAN_POINT('',(0.,0.,31.75));
#63 = VECTOR('',#64,1.);
#64 = DIRECTION('',(-1.,-0.,-0.));
#65 = PCURVE('',#33,#66);
#66 = DEFINITIONAL_REPRESENTATION('',(#67),#70);
#67 = B_SPLINE_CURVE_WITH_KNOTS('',1,(#68,#69),.UNSPECIFIED.,.F.,.F.,(2,
    2),(-150.0000006,6.E-07),.PIECEWISE_BEZIER_KNOTS.);
#68 = CARTESIAN_POINT('',(-1.570796326795,-150.0000006));
#69 = CARTESIAN_POINT('',(-1.570796326795,6.E-07));
#70 = ( GEOMETRIC_REPRESENTATION_CONTEXT(2) 
PARAMETRIC_REPRESENTATION_CONTEXT() REPRESENTATION_CONTEXT('2D SPACE',''
  ) );
#71 = PCURVE('',#72,#77);
#72 = PLANE('',#73);
#73 = AXIS2_PLACEMENT_3D('',#74,#75,#76);
#74 = CARTESIAN_POINT('',(-10.,0.,-200.));
#75 = DIRECTION('',(0.,1.,0.));
#76 = DIRECTION('',(0.,0.,1.));
#77 = DEFINITIONAL_REPRESENTATION('',(#78),#82);
#78 = LINE('',#79,#80);
#79 = CARTESIAN_POINT('',(231.75,10.));
#80 = VECTOR('',#81,1.);
#81 = DIRECTION('',(0.,-1.));
#82 = ( GEOMETRIC_REPRESENTATION_CONTEXT(2) 
PARAMETRIC_REPRESENTATION_CONTEXT() REPRESENTATION_CONTEXT('2D SPACE',''
  ) );
#83 = ORIENTED_EDGE('',*,*,#84,.T.);
#84 = EDGE_CURVE('',#58,#85,#87,.T.);
#85 = VERTEX_POINT('',#86);
#86 = CARTESIAN_POINT('',(150.,-5.832380380939E-15,-31.75));
#87 = SURFACE_CURVE('',#88,(#93,#100),.PCURVE_S1.);
#88 = CIRCLE('',#89,31.75);
#89 = AXIS2_PLACEMENT_3D('',#90,#91,#92);
#90 = CARTESIAN_POINT('',(150.,0.,0.));
#91 = DIRECTION('',(1.,0.,0.));
#92 = DIRECTION('',(0.,1.,0.));
#93 = PCURVE('',#33,#94);
#94 = DEFINITIONAL_REPRESENTATION('',(#95),#99);
#95 = LINE('',#96,#97);
#96 = CARTESIAN_POINT('',(-0.,-150.));
#97 = VECTOR('',#98,1.);
#98 = DIRECTION('',(-1.,0.));
#99 = ( GEOMETRIC_REPRESENTATION_CONTEXT(2) 
PARAMETRIC_REPRESENTATION_CONTEXT() REPRESENTATION_CONTEXT('2D SPACE',''
  ) );
#100 = PCURVE('',#101,#106);
#101 = PLANE('',#102);
#102 = AXIS2_PLACEMENT_3D('',#103,#104,#105);
#103 = CARTESIAN_POINT('',(150.,-6.891036888388E-16,1.460330226257E-15)
  );
#104 = DIRECTION('',(1.,0.,0.));
#105 = DIRECTION('',(-0.,0.,1.));
#106 = DEFINITIONAL_REPRESENTATION('',(#107),#111);
#107 = CIRCLE('',#108,31.75);
#108 = AXIS2_PLACEMENT_2D('',#109,#110);
#109 = CARTESIAN_POINT('',(-1.460330226257E-15,-6.891036888388E-16));
#110 = DIRECTION('',(0.,-1.));
#111 = ( GEOMETRIC_REPRESENTATION_CONTEXT(2) 
PARAMETRIC_REPRESENTATION_CONTEXT() REPRESENTATION_CONTEXT('2D SPACE',''
  ) );
#112 = ORIENTED_EDGE('',*,*,#113,.T.);
#113 = EDGE_CURVE('',#85,#24,#114,.T.);
#114 = SURFACE_CURVE('',#115,(#119,#125),.PCURVE_S1.);
#115 = LINE('',#116,#117);
#116 = CARTESIAN_POINT('',(0.,0.,-31.75));
#117 = VECTOR('',#118,1.);
#118 = DIRECTION('',(-1.,-0.,-0.));
#119 = PCURVE('',#33,#120);
#120 = DEFINITIONAL_REPRESENTATION('',(#121),#124);
#121 = B_SPLINE_CURVE_WITH_KNOTS('',1,(#122,#123),.UNSPECIFIED.,.F.,.F.,
  (2,2),(-150.0000006,6.E-07),.PIECEWISE_BEZIER_KNOTS.);
#122 = CARTESIAN_POINT('',(-4.712388980385,-150.0000006));
#123 = CARTESIAN_POINT('',(-4.712388980385,6.E-07));
#124 = ( GEOMETRIC_REPRESENTATION_CONTEXT(2) 
PARAMETRIC_REPRESENTATION_CONTEXT() REPRESENTATION_CONTEXT('2D SPACE',''
  ) );
#125 = PCURVE('',#126,#131);
#126 = PLANE('',#127);
#127 = AXIS2_PLACEMENT_3D('',#128,#129,#130);
#128 = CARTESIAN_POINT('',(-10.,0.,-200.));
#129 = DIRECTION('',(0.,1.,0.));
#130 = DIRECTION('',(0.,0.,1.));
#131 = DEFINITIONAL_REPRESENTATION('',(#132),#136);
#132 = LINE('',#133,#134);
#133 = CARTESIAN_POINT('',(168.25,10.));
#134 = VECTOR('',#135,1.);
#135 = DIRECTION('',(0.,-1.));
#136 = ( GEOMETRIC_REPRESENTATION_CONTEXT(2) 
PARAMETRIC_REPRESENTATION_CONTEXT() REPRESENTATION_CONTEXT('2D SPACE',''
  ) );
#137 = FACE_BOUND('',#138,.F.);
#138 = EDGE_LOOP('',(#139));
#139 = ORIENTED_EDGE('',*,*,#140,.T.);
#140 = EDGE_CURVE('',#141,#141,#143,.T.);
#141 = VERTEX_POINT('',#142);
#142 = CARTESIAN_POINT('',(98.2,-7.,30.968734233094));
#143 = SURFACE_CURVE('',#144,(#195,#249),.PCURVE_S1.);
#144 = B_SPLINE_CURVE_WITH_KNOTS('',7,(#145,#146,#147,#148,#149,#150,
    #151,#152,#153,#154,#155,#156,#157,#158,#159,#160,#161,#162,#163,
    #164,#165,#166,#167,#168,#169,#170,#171,#172,#173,#174,#175,#176,
    #177,#178,#179,#180,#181,#182,#183,#184,#185,#186,#187,#188,#189,
    #190,#191,#192,#193,#194),.UNSPECIFIED.,.T.,.F.,(8,6,6,6,6,6,6,6,8),
  (0.,0.146666510955,0.271928902913,0.43567099487,0.582283510152,
    0.678764108706,0.784748529622,0.887887834156,1.),.UNSPECIFIED.);
#145 = CARTESIAN_POINT('',(98.2,-7.,30.968734233094));
#146 = CARTESIAN_POINT('',(98.2,-6.761443253527,31.02265626984));
#147 = CARTESIAN_POINT('',(98.160944638514,-6.527716904733,
    31.073232980778));
#148 = CARTESIAN_POINT('',(98.085680663195,-6.306571776941,
    31.118893497498));
#149 = CARTESIAN_POINT('',(97.978928546309,-6.104741471246,
    31.158725201954));
#150 = CARTESIAN_POINT('',(97.84714603348,-5.927512085698,
    31.192425418985));
#151 = CARTESIAN_POINT('',(97.698359934141,-5.778066672453,
    31.220052036298));
#152 = CARTESIAN_POINT('',(97.408351265222,-5.553112889946,
    31.26078257342));
#153 = CARTESIAN_POINT('',(97.26633981906,-5.467783688181,
    31.275818299848));
#154 = CARTESIAN_POINT('',(97.118367892768,-5.400248868371,
    31.287482298668));
#155 = CARTESIAN_POINT('',(96.966315449576,-5.350009497324,
    31.296045626792));
#156 = CARTESIAN_POINT('',(96.811705027761,-5.316669316538,
    31.301690258086));
#157 = CARTESIAN_POINT('',(96.655851726986,-5.3,31.304512454277));
#158 = CARTESIAN_POINT('',(96.296271750739,-5.3,31.304512454277));
#159 = CARTESIAN_POINT('',(96.092418449761,-5.328482886236,
    31.299690105075));
#160 = CARTESIAN_POINT('',(95.891216018726,-5.385519222215,
    31.290033920241));
#161 = CARTESIAN_POINT('',(95.695767577801,-5.471823929083,
    31.275253308816));
#162 = CARTESIAN_POINT('',(95.50996175323,-5.588451441596,
    31.254835269493));
#163 = CARTESIAN_POINT('',(95.338949669086,-5.73648410249,
    31.228012689753));
#164 = CARTESIAN_POINT('',(95.056874063293,-6.07745493701,
    31.163342571061));
#165 = CARTESIAN_POINT('',(94.93800245572,-6.268195019692,
    31.126160152707));
#166 = CARTESIAN_POINT('',(94.846051479865,-6.484552412017,
    31.082446145263));
#167 = CARTESIAN_POINT('',(94.789535865081,-6.71855712176,31.03298984768
    ));
#168 = CARTESIAN_POINT('',(94.772771445535,-6.959952460681,
    30.97939380529));
#169 = CARTESIAN_POINT('',(94.795668143812,-7.197888477421,
    30.924204086845));
#170 = CARTESIAN_POINT('',(94.891405629812,-7.57076136697,
    30.834546196844));
#171 = CARTESIAN_POINT('',(94.944871115305,-7.714575353123,
    30.799090407003));
#172 = CARTESIAN_POINT('',(95.013250532148,-7.852354054331,
    30.764294706544));
#173 = CARTESIAN_POINT('',(95.09573677107,-7.98233282179,30.73073192451)
  );
#174 = CARTESIAN_POINT('',(95.191289967508,-8.102870956743,
    30.698993101269));
#175 = CARTESIAN_POINT('',(95.298655362004,-8.212482869756,
    30.669656133667));
#176 = CARTESIAN_POINT('',(95.545699462449,-8.416855523472,
    30.614234110053));
#177 = CARTESIAN_POINT('',(95.687372233341,-8.508967000736,
    30.588787525173));
#178 = CARTESIAN_POINT('',(95.839298400247,-8.584455514914,
    30.567612685486));
#179 = CARTESIAN_POINT('',(95.999121848022,-8.64199149281,
    30.551303360956));
#180 = CARTESIAN_POINT('',(96.16429165699,-8.680664290012,
    30.540284301646));
#181 = CARTESIAN_POINT('',(96.33214346346,-8.7,30.534775257074));
#182 = CARTESIAN_POINT('',(96.663350483881,-8.7,30.534775257074));
#183 = CARTESIAN_POINT('',(96.826709015889,-8.681688043971,
    30.53999271297));
#184 = CARTESIAN_POINT('',(96.988524010538,-8.645059667623,
    30.55042893821));
#185 = CARTESIAN_POINT('',(97.147169145179,-8.589916854826,
    30.566065403955));
#186 = CARTESIAN_POINT('',(97.300808234161,-8.515930122204,
    30.586846626366));
#187 = CARTESIAN_POINT('',(97.447235828125,-8.422699959386,
    30.612649208847));
#188 = CARTESIAN_POINT('',(97.73187088665,-8.187229360629,30.67650441084
    ));
#189 = CARTESIAN_POINT('',(97.871185021795,-8.039007040767,
    30.716084728538));
#190 = CARTESIAN_POINT('',(97.993876725332,-7.865749099638,
    30.761380742004));
#191 = CARTESIAN_POINT('',(98.093165823139,-7.670184698431,
    30.811070477412));
#192 = CARTESIAN_POINT('',(98.163357501081,-7.456719583681,
    30.863385612619));
#193 = CARTESIAN_POINT('',(98.2,-7.231070949116,30.91650424424));
#194 = CARTESIAN_POINT('',(98.2,-7.,30.968734233094));
#195 = PCURVE('',#33,#196);
#196 = DEFINITIONAL_REPRESENTATION('',(#197),#248);
#197 = B_SPLINE_CURVE_WITH_KNOTS('',7,(#198,#199,#200,#201,#202,#203,
    #204,#205,#206,#207,#208,#209,#210,#211,#212,#213,#214,#215,#216,
    #217,#218,#219,#220,#221,#222,#223,#224,#225,#226,#227,#228,#229,
    #230,#231,#232,#233,#234,#235,#236,#237,#238,#239,#240,#241,#242,
    #243,#244,#245,#246,#247),.UNSPECIFIED.,.T.,.F.,(8,6,6,6,6,6,6,6,8),
  (0.,0.146666510955,0.271928902913,0.43567099487,0.582283510152,
    0.678764108706,0.784748529622,0.887887834156,1.),.UNSPECIFIED.);
#198 = CARTESIAN_POINT('',(-1.793095130279,-98.2));
#199 = CARTESIAN_POINT('',(-1.785391982172,-98.2));
#200 = CARTESIAN_POINT('',(-1.777860457612,-98.16094463851));
#201 = CARTESIAN_POINT('',(-1.770748841499,-98.08568066319));
#202 = CARTESIAN_POINT('',(-1.764269699564,-97.9789285463));
#203 = CARTESIAN_POINT('',(-1.758587770534,-97.84714603348));
#204 = CARTESIAN_POINT('',(-1.753801110979,-97.69835993414));
#205 = CARTESIAN_POINT('',(-1.746600751324,-97.40835126522));
#206 = CARTESIAN_POINT('',(-1.743871843339,-97.26633981906));
#207 = CARTESIAN_POINT('',(-1.741713282325,-97.11836789276));
#208 = CARTESIAN_POINT('',(-1.740108119514,-96.96631544957));
#209 = CARTESIAN_POINT('',(-1.739043091584,-96.81170502776));
#210 = CARTESIAN_POINT('',(-1.738510602323,-96.65585172698));
#211 = CARTESIAN_POINT('',(-1.738510602323,-96.29627175073));
#212 = CARTESIAN_POINT('',(-1.739420467935,-96.09241844976));
#213 = CARTESIAN_POINT('',(-1.741242450302,-95.89121601872));
#214 = CARTESIAN_POINT('',(-1.744000279882,-95.6957675778));
#215 = CARTESIAN_POINT('',(-1.747729397553,-95.50996175323));
#216 = CARTESIAN_POINT('',(-1.752467603163,-95.33894966908));
#217 = CARTESIAN_POINT('',(-1.763398295114,-95.05687406329));
#218 = CARTESIAN_POINT('',(-1.769518856133,-94.93800245572));
#219 = CARTESIAN_POINT('',(-1.776470707998,-94.84605147986));
#220 = CARTESIAN_POINT('',(-1.78400310725,-94.78953586508));
#221 = CARTESIAN_POINT('',(-1.791790677499,-94.77277144553));
#222 = CARTESIAN_POINT('',(-1.799483434292,-94.79566814381));
#223 = CARTESIAN_POINT('',(-1.811562194119,-94.89140562981));
#224 = CARTESIAN_POINT('',(-1.816227318357,-94.9448711153));
#225 = CARTESIAN_POINT('',(-1.820702941866,-95.01325053214));
#226 = CARTESIAN_POINT('',(-1.824930944894,-95.09573677107));
#227 = CARTESIAN_POINT('',(-1.828856771055,-95.1912899675));
#228 = CARTESIAN_POINT('',(-1.832430608277,-95.298655362));
#229 = CARTESIAN_POINT('',(-1.839100027516,-95.54569946244));
#230 = CARTESIAN_POINT('',(-1.842109812875,-95.68737223334));
#231 = CARTESIAN_POINT('',(-1.844579149997,-95.83929840024));
#232 = CARTESIAN_POINT('',(-1.846462700492,-95.99912184802));
#233 = CARTESIAN_POINT('',(-1.847729222315,-96.16429165699));
#234 = CARTESIAN_POINT('',(-1.848362456467,-96.33214346346));
#235 = CARTESIAN_POINT('',(-1.848362456467,-96.66335048388));
#236 = CARTESIAN_POINT('',(-1.847762748286,-96.82670901588));
#237 = CARTESIAN_POINT('',(-1.846563185357,-96.98852401053));
#238 = CARTESIAN_POINT('',(-1.844757929637,-97.14716914517));
#239 = CARTESIAN_POINT('',(-1.842337479344,-97.30080823416));
#240 = CARTESIAN_POINT('',(-1.839290752609,-97.44723582812));
#241 = CARTESIAN_POINT('',(-1.831606494891,-97.73187088665));
#242 = CARTESIAN_POINT('',(-1.826774533037,-97.87118502179));
#243 = CARTESIAN_POINT('',(-1.821134307633,-97.99387672533));
#244 = CARTESIAN_POINT('',(-1.814779398546,-98.09316582313));
#245 = CARTESIAN_POINT('',(-1.807857576752,-98.16335750108));
#246 = CARTESIAN_POINT('',(-1.800556557258,-98.2));
#247 = CARTESIAN_POINT('',(-1.793095130279,-98.2));
#248 = ( GEOMETRIC_REPRESENTATION_CONTEXT(2) 
PARAMETRIC_REPRESENTATION_CONTEXT() REPRESENTATION_CONTEXT('2D SPACE',''
  ) );
#249 = PCURVE('',#250,#255);
#250 = CYLINDRICAL_SURFACE('',#251,1.7);
#251 = AXIS2_PLACEMENT_3D('',#252,#253,#254);
#252 = CARTESIAN_POINT('',(96.5,-7.,0.));
#253 = DIRECTION('',(-0.,-0.,-1.));
#254 = DIRECTION('',(1.,0.,0.));
#255 = DEFINITIONAL_REPRESENTATION('',(#256),#307);
#256 = B_SPLINE_CURVE_WITH_KNOTS('',7,(#257,#258,#259,#260,#261,#262,
    #263,#264,#265,#266,#267,#268,#269,#270,#271,#272,#273,#274,#275,
    #276,#277,#278,#279,#280,#281,#282,#283,#284,#285,#286,#287,#288,
    #289,#290,#291,#292,#293,#294,#295,#296,#297,#298,#299,#300,#301,
    #302,#303,#304,#305,#306),.UNSPECIFIED.,.F.,.F.,(8,6,6,6,6,6,6,6,8),
  (0.,0.146666510955,0.271928902913,0.43567099487,0.582283510152,
    0.678764108706,0.784748529622,0.887887834156,1.),.UNSPECIFIED.);
#257 = CARTESIAN_POINT('',(0.,-30.96873423309));
#258 = CARTESIAN_POINT('',(-0.140327497925,-31.02265626984));
#259 = CARTESIAN_POINT('',(-0.277813441518,-31.07323298077));
#260 = CARTESIAN_POINT('',(-0.412412837886,-31.11889349749));
#261 = CARTESIAN_POINT('',(-0.54385308912,-31.15872520195));
#262 = CARTESIAN_POINT('',(-0.671580026698,-31.19242541898));
#263 = CARTESIAN_POINT('',(-0.794615661868,-31.22005203629));
#264 = CARTESIAN_POINT('',(-1.010514228587,-31.26078257342));
#265 = CARTESIAN_POINT('',(-1.107284822337,-31.27581829984));
#266 = CARTESIAN_POINT('',(-1.202016635333,-31.28748229866));
#267 = CARTESIAN_POINT('',(-1.295234377889,-31.29604562679));
#268 = CARTESIAN_POINT('',(-1.38744048415,-31.30169025808));
#269 = CARTESIAN_POINT('',(-1.479118840332,-31.30451245427));
#270 = CARTESIAN_POINT('',(-1.690636473419,-31.30451245427));
#271 = CARTESIAN_POINT('',(-1.810549489208,-31.29969010507));
#272 = CARTESIAN_POINT('',(-1.931718197068,-31.29003392024));
#273 = CARTESIAN_POINT('',(-2.055130385369,-31.27525330881));
#274 = CARTESIAN_POINT('',(-2.181887160985,-31.25483526949));
#275 = CARTESIAN_POINT('',(-2.31310438906,-31.22801268975));
#276 = CARTESIAN_POINT('',(-2.573412801679,-31.16334257106));
#277 = CARTESIAN_POINT('',(-2.70443688472,-31.1261601527));
#278 = CARTESIAN_POINT('',(-2.840008509644,-31.08244614526));
#279 = CARTESIAN_POINT('',(-2.97818214616,-31.03298984768));
#280 = CARTESIAN_POINT('',(-3.117430420499,-30.97939380529));
#281 = CARTESIAN_POINT('',(-3.256344389409,-30.92420408684));
#282 = CARTESIAN_POINT('',(-3.482795769791,-30.83454619684));
#283 = CARTESIAN_POINT('',(-3.572555791361,-30.799090407));
#284 = CARTESIAN_POINT('',(-3.662244936994,-30.76429470654));
#285 = CARTESIAN_POINT('',(-3.751911020957,-30.73073192451));
#286 = CARTESIAN_POINT('',(-3.841602181891,-30.69899310126));
#287 = CARTESIAN_POINT('',(-3.93136431167,-30.66965613366));
#288 = CARTESIAN_POINT('',(-4.119965948888,-30.61423411005));
#289 = CARTESIAN_POINT('',(-4.218715669145,-30.58878752517));
#290 = CARTESIAN_POINT('',(-4.317452448718,-30.56761268548));
#291 = CARTESIAN_POINT('',(-4.416181714947,-30.55130336095));
#292 = CARTESIAN_POINT('',(-4.514913820608,-30.54028430164));
#293 = CARTESIAN_POINT('',(-4.613649841244,-30.53477525707));
#294 = CARTESIAN_POINT('',(-4.808477500315,-30.53477525707));
#295 = CARTESIAN_POINT('',(-4.904570678464,-30.53999271297));
#296 = CARTESIAN_POINT('',(-5.001205392397,-30.55042893821));
#297 = CARTESIAN_POINT('',(-5.098873209317,-30.56606540395));
#298 = CARTESIAN_POINT('',(-5.198094084333,-30.58684662636));
#299 = CARTESIAN_POINT('',(-5.299418579042,-30.61264920884));
#300 = CARTESIAN_POINT('',(-5.516718396971,-30.67650441084));
#301 = CARTESIAN_POINT('',(-5.635438271713,-30.71608472853));
#302 = CARTESIAN_POINT('',(-5.758379396752,-30.761380742));
#303 = CARTESIAN_POINT('',(-5.884857503679,-30.81107047741));
#304 = CARTESIAN_POINT('',(-6.01452671776,-30.86338561261));
#305 = CARTESIAN_POINT('',(-6.147261219464,-30.91650424424));
#306 = CARTESIAN_POINT('',(-6.28318530718,-30.96873423309));
#307 = ( GEOMETRIC_REPRESENTATION_CONTEXT(2) 
PARAMETRIC_REPRESENTATION_CONTEXT() REPRESENTATION_CONTEXT('2D SPACE',''
  ) );
#308 = FACE_BOUND('',#309,.F.);
#309 = EDGE_LOOP('',(#310));
#310 = ORIENTED_EDGE('',*,*,#311,.T.);
#311 = EDGE_CURVE('',#312,#312,#314,.T.);
#312 = VERTEX_POINT('',#313);
#313 = CARTESIAN_POINT('',(85.2,-7.,30.968734233094));
#314 = SURFACE_CURVE('',#315,(#366,#420),.PCURVE_S1.);
#315 = B_SPLINE_CURVE_WITH_KNOTS('',7,(#316,#317,#318,#319,#320,#321,
    #322,#323,#324,#325,#326,#327,#328,#329,#330,#331,#332,#333,#334,
    #335,#336,#337,#338,#339,#340,#341,#342,#343,#344,#345,#346,#347,
    #348,#349,#350,#351,#352,#353,#354,#355,#356,#357,#358,#359,#360,
    #361,#362,#363,#364,#365),.UNSPECIFIED.,.T.,.F.,(8,6,6,6,6,6,6,6,8),
  (0.,0.146666513105,0.271928906899,0.435671001256,0.58228351884,
    0.678764116808,0.784748534997,0.887887836956,1.),.UNSPECIFIED.);
#316 = CARTESIAN_POINT('',(85.2,-7.,30.968734233094));
#317 = CARTESIAN_POINT('',(85.2,-6.761443253527,31.02265626984));
#318 = CARTESIAN_POINT('',(85.160944638514,-6.527716904733,
    31.073232980778));
#319 = CARTESIAN_POINT('',(85.085680663195,-6.306571776941,
    31.118893497498));
#320 = CARTESIAN_POINT('',(84.978928546309,-6.104741471246,
    31.158725201954));
#321 = CARTESIAN_POINT('',(84.84714603348,-5.927512085698,
    31.192425418985));
#322 = CARTESIAN_POINT('',(84.698359934141,-5.778066672453,
    31.220052036298));
#323 = CARTESIAN_POINT('',(84.408351265222,-5.553112889946,
    31.26078257342));
#324 = CARTESIAN_POINT('',(84.26633981906,-5.467783688181,
    31.275818299848));
#325 = CARTESIAN_POINT('',(84.118367892768,-5.400248868371,
    31.287482298668));
#326 = CARTESIAN_POINT('',(83.966315449576,-5.350009497324,
    31.296045626792));
#327 = CARTESIAN_POINT('',(83.811705027761,-5.316669316538,
    31.301690258086));
#328 = CARTESIAN_POINT('',(83.655851726986,-5.3,31.304512454277));
#329 = CARTESIAN_POINT('',(83.296271750739,-5.3,31.304512454277));
#330 = CARTESIAN_POINT('',(83.092418449761,-5.328482886236,
    31.299690105075));
#331 = CARTESIAN_POINT('',(82.891216018726,-5.385519222215,
    31.290033920241));
#332 = CARTESIAN_POINT('',(82.695767577801,-5.471823929083,
    31.275253308816));
#333 = CARTESIAN_POINT('',(82.509961753229,-5.588451441596,
    31.254835269493));
#334 = CARTESIAN_POINT('',(82.338949669086,-5.73648410249,
    31.228012689753));
#335 = CARTESIAN_POINT('',(82.056874063155,-6.077454937177,
    31.163342571029));
#336 = CARTESIAN_POINT('',(81.938002455927,-6.268195019535,
    31.126160152734));
#337 = CARTESIAN_POINT('',(81.846051479823,-6.484552411828,
    31.082446145305));
#338 = CARTESIAN_POINT('',(81.789535864962,-6.718557121933,
    31.032989847649));
#339 = CARTESIAN_POINT('',(81.772771445656,-6.959952460888,
    30.979393805236));
#340 = CARTESIAN_POINT('',(81.795668143758,-7.197888477213,
    30.924204086895));
#341 = CARTESIAN_POINT('',(81.89140562902,-7.570761363886,
    30.834546197585));
#342 = CARTESIAN_POINT('',(81.944871118223,-7.714575359433,
    30.79909040544));
#343 = CARTESIAN_POINT('',(82.013250529478,-7.852354051319,
    30.764294707333));
#344 = CARTESIAN_POINT('',(82.095736769455,-7.982332817876,
    30.730731925475));
#345 = CARTESIAN_POINT('',(82.191289971704,-8.102870961963,
    30.698993099917));
#346 = CARTESIAN_POINT('',(82.298655359776,-8.212482867912,
    30.669656134167));
#347 = CARTESIAN_POINT('',(82.545699462355,-8.416855523394,
    30.614234110074));
#348 = CARTESIAN_POINT('',(82.687372233423,-8.50896700084,
    30.588787525145));
#349 = CARTESIAN_POINT('',(82.839298400351,-8.584455514914,
    30.567612685486));
#350 = CARTESIAN_POINT('',(82.999121847948,-8.641991492748,
    30.551303360973));
#351 = CARTESIAN_POINT('',(83.164291656849,-8.680664290037,
    30.540284301639));
#352 = CARTESIAN_POINT('',(83.332143463587,-8.7,30.534775257074));
#353 = CARTESIAN_POINT('',(83.663350483881,-8.7,30.534775257074));
#354 = CARTESIAN_POINT('',(83.826709015889,-8.681688043971,
    30.53999271297));
#355 = CARTESIAN_POINT('',(83.988524010538,-8.645059667623,
    30.55042893821));
#356 = CARTESIAN_POINT('',(84.147169145179,-8.589916854826,
    30.566065403955));
#357 = CARTESIAN_POINT('',(84.300808234161,-8.515930122204,
    30.586846626366));
#358 = CARTESIAN_POINT('',(84.447235828125,-8.422699959386,
    30.612649208847));
#359 = CARTESIAN_POINT('',(84.73187088665,-8.187229360629,30.67650441084
    ));
#360 = CARTESIAN_POINT('',(84.871185021795,-8.039007040767,
    30.716084728538));
#361 = CARTESIAN_POINT('',(84.993876725332,-7.865749099638,
    30.761380742004));
#362 = CARTESIAN_POINT('',(85.093165823139,-7.670184698431,
    30.811070477412));
#363 = CARTESIAN_POINT('',(85.163357501081,-7.456719583681,
    30.863385612619));
#364 = CARTESIAN_POINT('',(85.2,-7.231070949116,30.91650424424));
#365 = CARTESIAN_POINT('',(85.2,-7.,30.968734233094));
#366 = PCURVE('',#33,#367);
#367 = DEFINITIONAL_REPRESENTATION('',(#368),#419);
#368 = B_SPLINE_CURVE_WITH_KNOTS('',7,(#369,#370,#371,#372,#373,#374,
    #375,#376,#377,#378,#379,#380,#381,#382,#383,#384,#385,#386,#387,
    #388,#389,#390,#391,#392,#393,#394,#395,#396,#397,#398,#399,#400,
    #401,#402,#403,#404,#405,#406,#407,#408,#409,#410,#411,#412,#413,
    #414,#415,#416,#417,#418),.UNSPECIFIED.,.T.,.F.,(8,6,6,6,6,6,6,6,8),
  (0.,0.146666513105,0.271928906899,0.435671001256,0.58228351884,
    0.678764116808,0.784748534997,0.887887836956,1.),.UNSPECIFIED.);
#369 = CARTESIAN_POINT('',(-1.793095130279,-85.2));
#370 = CARTESIAN_POINT('',(-1.785391982172,-85.2));
#371 = CARTESIAN_POINT('',(-1.777860457612,-85.16094463851));
#372 = CARTESIAN_POINT('',(-1.770748841499,-85.08568066319));
#373 = CARTESIAN_POINT('',(-1.764269699564,-84.9789285463));
#374 = CARTESIAN_POINT('',(-1.758587770534,-84.84714603348));
#375 = CARTESIAN_POINT('',(-1.753801110979,-84.69835993414));
#376 = CARTESIAN_POINT('',(-1.746600751324,-84.40835126522));
#377 = CARTESIAN_POINT('',(-1.743871843339,-84.26633981906));
#378 = CARTESIAN_POINT('',(-1.741713282325,-84.11836789276));
#379 = CARTESIAN_POINT('',(-1.740108119514,-83.96631544957));
#380 = CARTESIAN_POINT('',(-1.739043091584,-83.81170502776));
#381 = CARTESIAN_POINT('',(-1.738510602323,-83.65585172698));
#382 = CARTESIAN_POINT('',(-1.738510602323,-83.29627175073));
#383 = CARTESIAN_POINT('',(-1.739420467935,-83.09241844976));
#384 = CARTESIAN_POINT('',(-1.741242450302,-82.89121601872));
#385 = CARTESIAN_POINT('',(-1.744000279882,-82.6957675778));
#386 = CARTESIAN_POINT('',(-1.747729397553,-82.50996175322));
#387 = CARTESIAN_POINT('',(-1.752467603163,-82.33894966908));
#388 = CARTESIAN_POINT('',(-1.763398295119,-82.05687406315));
#389 = CARTESIAN_POINT('',(-1.769518856128,-81.93800245592));
#390 = CARTESIAN_POINT('',(-1.776470707992,-81.84605147982));
#391 = CARTESIAN_POINT('',(-1.784003107255,-81.78953586496));
#392 = CARTESIAN_POINT('',(-1.791790677506,-81.77277144565));
#393 = CARTESIAN_POINT('',(-1.799483434285,-81.79566814375));
#394 = CARTESIAN_POINT('',(-1.811562194019,-81.89140562902));
#395 = CARTESIAN_POINT('',(-1.816227318562,-81.94487111822));
#396 = CARTESIAN_POINT('',(-1.820702941768,-82.01325052947));
#397 = CARTESIAN_POINT('',(-1.824930944767,-82.09573676945));
#398 = CARTESIAN_POINT('',(-1.828856771225,-82.1912899717));
#399 = CARTESIAN_POINT('',(-1.832430608216,-82.29865535977));
#400 = CARTESIAN_POINT('',(-1.839100027514,-82.54569946235));
#401 = CARTESIAN_POINT('',(-1.842109812878,-82.68737223342));
#402 = CARTESIAN_POINT('',(-1.844579149997,-82.83929840035));
#403 = CARTESIAN_POINT('',(-1.84646270049,-82.99912184794));
#404 = CARTESIAN_POINT('',(-1.847729222316,-83.16429165684));
#405 = CARTESIAN_POINT('',(-1.848362456467,-83.33214346358));
#406 = CARTESIAN_POINT('',(-1.848362456467,-83.66335048388));
#407 = CARTESIAN_POINT('',(-1.847762748286,-83.82670901588));
#408 = CARTESIAN_POINT('',(-1.846563185357,-83.98852401053));
#409 = CARTESIAN_POINT('',(-1.844757929637,-84.14716914517));
#410 = CARTESIAN_POINT('',(-1.842337479344,-84.30080823416));
#411 = CARTESIAN_POINT('',(-1.839290752609,-84.44723582812));
#412 = CARTESIAN_POINT('',(-1.831606494891,-84.73187088665));
#413 = CARTESIAN_POINT('',(-1.826774533037,-84.87118502179));
#414 = CARTESIAN_POINT('',(-1.821134307633,-84.99387672533));
#415 = CARTESIAN_POINT('',(-1.814779398546,-85.09316582313));
#416 = CARTESIAN_POINT('',(-1.807857576752,-85.16335750108));
#417 = CARTESIAN_POINT('',(-1.800556557258,-85.2));
#418 = CARTESIAN_POINT('',(-1.793095130279,-85.2));
#419 = ( GEOMETRIC_REPRESENTATION_CONTEXT(2) 
PARAMETRIC_REPRESENTATION_CONTEXT() REPRESENTATION_CONTEXT('2D SPACE',''
  ) );
#420 = PCURVE('',#421,#426);
#421 = CYLINDRICAL_SURFACE('',#422,1.7);
#422 = AXIS2_PLACEMENT_3D('',#423,#424,#425);
#423 = CARTESIAN_POINT('',(83.5,-7.,0.));
#424 = DIRECTION('',(-0.,-0.,-1.));
#425 = DIRECTION('',(1.,0.,0.));
#426 = DEFINITIONAL_REPRESENTATION('',(#427),#478);
#427 = B_SPLINE_CURVE_WITH_KNOTS('',7,(#428,#429,#430,#431,#432,#433,
    #434,#435,#436,#437,#438,#439,#440,#441,#442,#443,#444,#445,#446,
    #447,#448,#449,#450,#451,#452,#453,#454,#455,#456,#457,#458,#459,
    #460,#461,#462,#463,#464,#465,#466,#467,#468,#469,#470,#471,#472,
    #473,#474,#475,#476,#477),.UNSPECIFIED.,.F.,.F.,(8,6,6,6,6,6,6,6,8),
  (0.,0.146666513105,0.271928906899,0.435671001256,0.58228351884,
    0.678764116808,0.784748534997,0.887887836956,1.),.UNSPECIFIED.);
#428 = CARTESIAN_POINT('',(0.,-30.96873423309));
#429 = CARTESIAN_POINT('',(-0.140327497925,-31.02265626984));
#430 = CARTESIAN_POINT('',(-0.277813441518,-31.07323298077));
#431 = CARTESIAN_POINT('',(-0.412412837886,-31.11889349749));
#432 = CARTESIAN_POINT('',(-0.54385308912,-31.15872520195));
#433 = CARTESIAN_POINT('',(-0.671580026698,-31.19242541898));
#434 = CARTESIAN_POINT('',(-0.794615661868,-31.22005203629));
#435 = CARTESIAN_POINT('',(-1.010514228587,-31.26078257342));
#436 = CARTESIAN_POINT('',(-1.107284822337,-31.27581829984));
#437 = CARTESIAN_POINT('',(-1.202016635333,-31.28748229866));
#438 = CARTESIAN_POINT('',(-1.295234377889,-31.29604562679));
#439 = CARTESIAN_POINT('',(-1.38744048415,-31.30169025808));
#440 = CARTESIAN_POINT('',(-1.479118840332,-31.30451245427));
#441 = CARTESIAN_POINT('',(-1.690636473419,-31.30451245427));
#442 = CARTESIAN_POINT('',(-1.810549489207,-31.29969010507));
#443 = CARTESIAN_POINT('',(-1.931718197068,-31.29003392024));
#444 = CARTESIAN_POINT('',(-2.055130385369,-31.27525330881));
#445 = CARTESIAN_POINT('',(-2.181887160985,-31.25483526949));
#446 = CARTESIAN_POINT('',(-2.31310438906,-31.22801268975));
#447 = CARTESIAN_POINT('',(-2.573412801806,-31.16334257102));
#448 = CARTESIAN_POINT('',(-2.704436884571,-31.12616015273));
#449 = CARTESIAN_POINT('',(-2.840008509586,-31.0824461453));
#450 = CARTESIAN_POINT('',(-2.97818214623,-31.03298984764));
#451 = CARTESIAN_POINT('',(-3.117430420634,-30.97939380523));
#452 = CARTESIAN_POINT('',(-3.256344389282,-30.92420408689));
#453 = CARTESIAN_POINT('',(-3.482795767918,-30.83454619758));
#454 = CARTESIAN_POINT('',(-3.572555795588,-30.79909040544));
#455 = CARTESIAN_POINT('',(-3.662244934566,-30.76429470733));
#456 = CARTESIAN_POINT('',(-3.751911018408,-30.73073192547));
#457 = CARTESIAN_POINT('',(-3.841602185974,-30.69899309991));
#458 = CARTESIAN_POINT('',(-3.931364309969,-30.66965613416));
#459 = CARTESIAN_POINT('',(-4.119965948816,-30.61423411007));
#460 = CARTESIAN_POINT('',(-4.218715669214,-30.58878752514));
#461 = CARTESIAN_POINT('',(-4.317452448779,-30.56761268548));
#462 = CARTESIAN_POINT('',(-4.416181714892,-30.55130336097));
#463 = CARTESIAN_POINT('',(-4.514913820531,-30.54028430163));
#464 = CARTESIAN_POINT('',(-4.613649841318,-30.53477525707));
#465 = CARTESIAN_POINT('',(-4.808477500315,-30.53477525707));
#466 = CARTESIAN_POINT('',(-4.904570678464,-30.53999271297));
#467 = CARTESIAN_POINT('',(-5.001205392397,-30.55042893821));
#468 = CARTESIAN_POINT('',(-5.098873209317,-30.56606540395));
#469 = CARTESIAN_POINT('',(-5.198094084333,-30.58684662636));
#470 = CARTESIAN_POINT('',(-5.299418579042,-30.61264920884));
#471 = CARTESIAN_POINT('',(-5.516718396971,-30.67650441084));
#472 = CARTESIAN_POINT('',(-5.635438271713,-30.71608472853));
#473 = CARTESIAN_POINT('',(-5.758379396752,-30.761380742));
#474 = CARTESIAN_POINT('',(-5.884857503679,-30.81107047741));
#475 = CARTESIAN_POINT('',(-6.01452671776,-30.86338561261));
#476 = CARTESIAN_POINT('',(-6.147261219464,-30.91650424424));
#477 = CARTESIAN_POINT('',(-6.28318530718,-30.96873423309));
#478 = ( GEOMETRIC_REPRESENTATION_CONTEXT(2) 
PARAMETRIC_REPRESENTATION_CONTEXT() REPRESENTATION_CONTEXT('2D SPACE',''
  ) );
#479 = FACE_BOUND('',#480,.F.);
#480 = EDGE_LOOP('',(#481));
#481 = ORIENTED_EDGE('',*,*,#482,.F.);
#482 = EDGE_CURVE('',#483,#483,#485,.T.);
#483 = VERTEX_POINT('',#484);
#484 = CARTESIAN_POINT('',(93.7,-11.9,-29.43556522304));
#485 = SURFACE_CURVE('',#486,(#538,#593),.PCURVE_S1.);
#486 = B_SPLINE_CURVE_WITH_KNOTS('',8,(#487,#488,#489,#490,#491,#492,
    #493,#494,#495,#496,#497,#498,#499,#500,#501,#502,#503,#504,#505,
    #506,#507,#508,#509,#510,#511,#512,#513,#514,#515,#516,#517,#518,
    #519,#520,#521,#522,#523,#524,#525,#526,#527,#528,#529,#530,#531,
    #532,#533,#534,#535,#536,#537),.UNSPECIFIED.,.T.,.F.,(9,7,7,7,7,7,7,
    9),(0.,0.106798236736,0.247966476375,0.393957801961,0.522921005286,
    0.747200956252,0.865155418911,1.),.UNSPECIFIED.);
#487 = CARTESIAN_POINT('',(93.7,-11.9,-29.43556522304));
#488 = CARTESIAN_POINT('',(93.7,-11.74245208295,-29.49925756931));
#489 = CARTESIAN_POINT('',(93.68331330851,-11.58507511538,
    -29.56175957083));
#490 = CARTESIAN_POINT('',(93.650003772154,-11.43039859657,
    -29.62206272785));
#491 = CARTESIAN_POINT('',(93.600716287569,-11.28089660733,
    -29.67928071675));
#492 = CARTESIAN_POINT('',(93.536641970299,-11.13887537013,
    -29.73268940792));
#493 = CARTESIAN_POINT('',(93.459488609437,-11.00635717086,
    -29.78173904122));
#494 = CARTESIAN_POINT('',(93.371452634171,-10.88495969476,
    -29.82605617546));
#495 = CARTESIAN_POINT('',(93.147945206188,-10.63144028181,
    -29.91752864831));
#496 = CARTESIAN_POINT('',(93.005608047041,-10.50762490363,
    -29.96130160134));
#497 = CARTESIAN_POINT('',(92.851695286161,-10.40461883942,
    -29.99712001921));
#498 = CARTESIAN_POINT('',(92.689140365378,-10.32247035654,
    -30.02533390466));
#499 = CARTESIAN_POINT('',(92.520489478955,-10.26108925236,
    -30.04624289952));
#500 = CARTESIAN_POINT('',(92.348027137513,-10.22032083235,
    -30.06007321109));
#501 = CARTESIAN_POINT('',(92.173861383293,-10.2,-30.06696692385));
#502 = CARTESIAN_POINT('',(91.820198552592,-10.2,-30.06696692385));
#503 = CARTESIAN_POINT('',(91.639982552373,-10.22173298944,
    -30.05959413592));
#504 = CARTESIAN_POINT('',(91.461609538426,-10.26537726162,
    -30.04478825378));
#505 = CARTESIAN_POINT('',(91.287458961439,-10.33112934974,
    -30.0223840361));
#506 = CARTESIAN_POINT('',(91.120113815059,-10.41914938064,
    -29.99212763106));
#507 = CARTESIAN_POINT('',(90.9624527218,-10.52949988651,-29.95368826127
    ));
#508 = CARTESIAN_POINT('',(90.817793281123,-10.66205778242,
    -29.90668764317));
#509 = CARTESIAN_POINT('',(90.577352364083,-10.95270092366,
    -29.80137355969));
#510 = CARTESIAN_POINT('',(90.477022767416,-11.10699164637,
    -29.74466149391));
#511 = CARTESIAN_POINT('',(90.394208055351,-11.27698448347,
    -29.68107904671));
#512 = CARTESIAN_POINT('',(90.332738571369,-11.45917634621,
    -29.61151668698));
#513 = CARTESIAN_POINT('',(90.295144057413,-11.64923040249,
    -29.53727847911));
#514 = CARTESIAN_POINT('',(90.282596165206,-11.84235169693,
    -29.46005960138));
#515 = CARTESIAN_POINT('',(90.294841505348,-12.03365553703,
    -29.3818611166));
#516 = CARTESIAN_POINT('',(90.3914500357,-12.54009518864,-29.17070241488
    ));
#517 = CARTESIAN_POINT('',(90.520600374424,-12.83268879848,
    -29.04397294654));
#518 = CARTESIAN_POINT('',(90.703103451094,-13.08516373476,
    -28.93064369468));
#519 = CARTESIAN_POINT('',(90.926425707105,-13.29110203314,
    -28.83558252959));
#520 = CARTESIAN_POINT('',(91.178644810121,-13.44645910576,
    -28.7625463422));
#521 = CARTESIAN_POINT('',(91.448643918659,-13.54944516188,
    -28.71372797103));
#522 = CARTESIAN_POINT('',(91.725771302363,-13.6,-28.68976298263));
#523 = CARTESIAN_POINT('',(92.144223763809,-13.6,-28.68976298263));
#524 = CARTESIAN_POINT('',(92.28848884223,-13.58601629144,
    -28.69639181249));
#525 = CARTESIAN_POINT('',(92.431566461035,-13.55803555998,
    -28.70965560438));
#526 = CARTESIAN_POINT('',(92.572214526803,-13.51606617307,
    -28.72950394782));
#527 = CARTESIAN_POINT('',(92.709150693406,-13.46014808663,
    -28.75582403627));
#528 = CARTESIAN_POINT('',(92.841022779927,-13.39036594665,
    -28.78843631201));
#529 = CARTESIAN_POINT('',(92.966376540001,-13.30686538542,
    -28.82709160937));
#530 = CARTESIAN_POINT('',(93.217653445842,-13.09899105055,
    -28.92220257814));
#531 = CARTESIAN_POINT('',(93.342406889066,-12.96938495557,
    -28.98091404413));
#532 = CARTESIAN_POINT('',(93.453815223342,-12.82187467633,
    -29.04688529861));
#533 = CARTESIAN_POINT('',(93.548204181639,-12.65820030328,
    -29.1189237927));
#534 = CARTESIAN_POINT('',(93.622371176861,-12.48084443788,
    -29.19551045375));
#535 = CARTESIAN_POINT('',(93.673655699534,-12.29289963163,
    -29.2749563814));
#536 = CARTESIAN_POINT('',(93.7,-12.09795792293,-29.3555362083));
#537 = CARTESIAN_POINT('',(93.7,-11.9,-29.43556522304));
#538 = PCURVE('',#33,#539);
#539 = DEFINITIONAL_REPRESENTATION('',(#540),#592);
#540 = B_SPLINE_CURVE_WITH_KNOTS('',8,(#541,#542,#543,#544,#545,#546,
    #547,#548,#549,#550,#551,#552,#553,#554,#555,#556,#557,#558,#559,
    #560,#561,#562,#563,#564,#565,#566,#567,#568,#569,#570,#571,#572,
    #573,#574,#575,#576,#577,#578,#579,#580,#581,#582,#583,#584,#585,
    #586,#587,#588,#589,#590,#591),.UNSPECIFIED.,.T.,.F.,(9,7,7,7,7,7,7,
    9),(0.,0.106798236736,0.247966476375,0.393957801961,0.522921005286,
    0.747200956252,0.865155418911,1.),.UNSPECIFIED.);
#541 = CARTESIAN_POINT('',(-4.328204543185,-93.7));
#542 = CARTESIAN_POINT('',(-4.33355684119,-93.7));
#543 = CARTESIAN_POINT('',(-4.338890095903,-93.68331330851));
#544 = CARTESIAN_POINT('',(-4.344118772439,-93.65000377215));
#545 = CARTESIAN_POINT('',(-4.349160395495,-93.60071628756));
#546 = CARTESIAN_POINT('',(-4.353939209435,-93.53664197029));
#547 = CARTESIAN_POINT('',(-4.358389667349,-93.45948860943));
#548 = CARTESIAN_POINT('',(-4.362459991964,-93.37145263417));
#549 = CARTESIAN_POINT('',(-4.370948710106,-93.14794520618));
#550 = CARTESIAN_POINT('',(-4.37508485198,-93.00560804704));
#551 = CARTESIAN_POINT('',(-4.378519626773,-92.85169528616));
#552 = CARTESIAN_POINT('',(-4.38125530751,-92.68914036537));
#553 = CARTESIAN_POINT('',(-4.383297656939,-92.52048947895));
#554 = CARTESIAN_POINT('',(-4.384653576436,-92.34802713751));
#555 = CARTESIAN_POINT('',(-4.385329429115,-92.17386138329));
#556 = CARTESIAN_POINT('',(-4.385329429115,-91.82019855259));
#557 = CARTESIAN_POINT('',(-4.384606609202,-91.63998255237));
#558 = CARTESIAN_POINT('',(-4.383155042113,-91.46160953842));
#559 = CARTESIAN_POINT('',(-4.380967191952,-91.28745896143));
#560 = CARTESIAN_POINT('',(-4.378035716647,-91.12011381505));
#561 = CARTESIAN_POINT('',(-4.374355354278,-90.9624527218));
#562 = CARTESIAN_POINT('',(-4.369925736526,-90.81779328112));
#563 = CARTESIAN_POINT('',(-4.360189198876,-90.57735236408));
#564 = CARTESIAN_POINT('',(-4.35501182664,-90.47702276741));
#565 = CARTESIAN_POINT('',(-4.349295613259,-90.39420805535));
#566 = CARTESIAN_POINT('',(-4.343153560028,-90.33273857136));
#567 = CARTESIAN_POINT('',(-4.336727528155,-90.29514405741));
#568 = CARTESIAN_POINT('',(-4.330177082521,-90.2825961652));
#569 = CARTESIAN_POINT('',(-4.323667973858,-90.29484150534));
#570 = CARTESIAN_POINT('',(-4.306386157911,-90.3914500357));
#571 = CARTESIAN_POINT('',(-4.29634428114,-90.52060037442));
#572 = CARTESIAN_POINT('',(-4.287629083284,-90.70310345109));
#573 = CARTESIAN_POINT('',(-4.280485538727,-90.9264257071));
#574 = CARTESIAN_POINT('',(-4.27507867488,-91.17864481012));
#575 = CARTESIAN_POINT('',(-4.271489043317,-91.44864391865));
#576 = CARTESIAN_POINT('',(-4.269726919852,-91.72577130236));
#577 = CARTESIAN_POINT('',(-4.269726919852,-92.1442237638));
#578 = CARTESIAN_POINT('',(-4.270214331307,-92.28848884223));
#579 = CARTESIAN_POINT('',(-4.271189616571,-92.43156646103));
#580 = CARTESIAN_POINT('',(-4.272651856376,-92.5722145268));
#581 = CARTESIAN_POINT('',(-4.274598391844,-92.7091506934));
#582 = CARTESIAN_POINT('',(-4.277024407826,-92.84102277992));
#583 = CARTESIAN_POINT('',(-4.27992245759,-92.96637654));
#584 = CARTESIAN_POINT('',(-4.287122449012,-93.21765344584));
#585 = CARTESIAN_POINT('',(-4.291603806789,-93.34240688906));
#586 = CARTESIAN_POINT('',(-4.296693174121,-93.45381522334));
#587 = CARTESIAN_POINT('',(-4.302325282327,-93.54820418163));
#588 = CARTESIAN_POINT('',(-4.308409539644,-93.62237117686));
#589 = CARTESIAN_POINT('',(-4.314835859468,-93.67365569953));
#590 = CARTESIAN_POINT('',(-4.321479415896,-93.7));
#591 = CARTESIAN_POINT('',(-4.328204543185,-93.7));
#592 = ( GEOMETRIC_REPRESENTATION_CONTEXT(2) 
PARAMETRIC_REPRESENTATION_CONTEXT() REPRESENTATION_CONTEXT('2D SPACE',''
  ) );
#593 = PCURVE('',#594,#599);
#594 = CYLINDRICAL_SURFACE('',#595,1.7);
#595 = AXIS2_PLACEMENT_3D('',#596,#597,#598);
#596 = CARTESIAN_POINT('',(92.,-11.9,0.));
#597 = DIRECTION('',(0.,0.,1.));
#598 = DIRECTION('',(1.,0.,0.));
#599 = DEFINITIONAL_REPRESENTATION('',(#600),#652);
#600 = B_SPLINE_CURVE_WITH_KNOTS('',8,(#601,#602,#603,#604,#605,#606,
    #607,#608,#609,#610,#611,#612,#613,#614,#615,#616,#617,#618,#619,
    #620,#621,#622,#623,#624,#625,#626,#627,#628,#629,#630,#631,#632,
    #633,#634,#635,#636,#637,#638,#639,#640,#641,#642,#643,#644,#645,
    #646,#647,#648,#649,#650,#651),.UNSPECIFIED.,.F.,.F.,(9,7,7,7,7,7,7,
    9),(0.,0.106798236736,0.247966476375,0.393957801961,0.522921005286,
    0.747200956252,0.865155418911,1.),.UNSPECIFIED.);
#601 = CARTESIAN_POINT('',(0.,-29.43556522304));
#602 = CARTESIAN_POINT('',(9.267524531797E-02,-29.49925756931));
#603 = CARTESIAN_POINT('',(0.185249901789,-29.56175957083));
#604 = CARTESIAN_POINT('',(0.277449112581,-29.62206272785));
#605 = CARTESIAN_POINT('',(0.369018808348,-29.67928071675));
#606 = CARTESIAN_POINT('',(0.459685375876,-29.73268940792));
#607 = CARTESIAN_POINT('',(0.549127579131,-29.78173904122));
#608 = CARTESIAN_POINT('',(0.636939880545,-29.82605617546));
#609 = CARTESIAN_POINT('',(0.835749193565,-29.91752864831));
#610 = CARTESIAN_POINT('',(0.945752088781,-29.96130160134));
#611 = CARTESIAN_POINT('',(1.053284067056,-29.99712001921));
#612 = CARTESIAN_POINT('',(1.158876086601,-30.02533390466));
#613 = CARTESIAN_POINT('',(1.262995334245,-30.04624289952));
#614 = CARTESIAN_POINT('',(1.366074722683,-30.06007321109));
#615 = CARTESIAN_POINT('',(1.468524924858,-30.06696692385));
#616 = CARTESIAN_POINT('',(1.676561884094,-30.06696692385));
#617 = CARTESIAN_POINT('',(1.782570930898,-30.05959413592));
#618 = CARTESIAN_POINT('',(1.889300421625,-30.04478825378));
#619 = CARTESIAN_POINT('',(1.997183837596,-30.0223840361));
#620 = CARTESIAN_POINT('',(2.106684292637,-29.99212763106));
#621 = CARTESIAN_POINT('',(2.218306115545,-29.95368826127));
#622 = CARTESIAN_POINT('',(2.332628182164,-29.90668764317));
#623 = CARTESIAN_POINT('',(2.554514769158,-29.80137355969));
#624 = CARTESIAN_POINT('',(2.662065307971,-29.74466149391));
#625 = CARTESIAN_POINT('',(2.771881905161,-29.68107904671));
#626 = CARTESIAN_POINT('',(2.883144531626,-29.61151668698));
#627 = CARTESIAN_POINT('',(2.995204255113,-29.53727847911));
#628 = CARTESIAN_POINT('',(3.107478562754,-29.46005960138));
#629 = CARTESIAN_POINT('',(3.21936661852,-29.3818611166));
#630 = CARTESIAN_POINT('',(3.522644175258,-29.17070241488));
#631 = CARTESIAN_POINT('',(3.705946653179,-29.04397294654));
#632 = CARTESIAN_POINT('',(3.882815135332,-28.93064369468));
#633 = CARTESIAN_POINT('',(4.054712068888,-28.83558252959));
#634 = CARTESIAN_POINT('',(4.222846958797,-28.7625463422));
#635 = CARTESIAN_POINT('',(4.38806091512,-28.71372797103));
#636 = CARTESIAN_POINT('',(4.551077981775,-28.68976298263));
#637 = CARTESIAN_POINT('',(4.797226488508,-28.68976298263));
#638 = CARTESIAN_POINT('',(4.882088675635,-28.69639181249));
#639 = CARTESIAN_POINT('',(4.967181526809,-28.70965560438));
#640 = CARTESIAN_POINT('',(5.052709659846,-28.72950394782));
#641 = CARTESIAN_POINT('',(5.138879160924,-28.75582403627));
#642 = CARTESIAN_POINT('',(5.225906172218,-28.78843631201));
#643 = CARTESIAN_POINT('',(5.314031231564,-28.82709160937));
#644 = CARTESIAN_POINT('',(5.50586433242,-28.92220257814));
#645 = CARTESIAN_POINT('',(5.611004377984,-28.98091404413));
#646 = CARTESIAN_POINT('',(5.71844207427,-29.04688529861));
#647 = CARTESIAN_POINT('',(5.827868468679,-29.1189237927));
#648 = CARTESIAN_POINT('',(5.939106292959,-29.19551045375));
#649 = CARTESIAN_POINT('',(6.052067818679,-29.2749563814));
#650 = CARTESIAN_POINT('',(6.16673947016,-29.3555362083));
#651 = CARTESIAN_POINT('',(6.28318530718,-29.43556522304));
#652 = ( GEOMETRIC_REPRESENTATION_CONTEXT(2) 
PARAMETRIC_REPRESENTATION_CONTEXT() REPRESENTATION_CONTEXT('2D SPACE',''
  ) );
#653 = FACE_BOUND('',#654,.F.);
#654 = EDGE_LOOP('',(#655));
#655 = ORIENTED_EDGE('',*,*,#656,.F.);
#656 = EDGE_CURVE('',#657,#657,#659,.T.);
#657 = VERTEX_POINT('',#658);
#658 = CARTESIAN_POINT('',(65.7,-11.9,-29.43556522304));
#659 = SURFACE_CURVE('',#660,(#712,#767),.PCURVE_S1.);
#660 = B_SPLINE_CURVE_WITH_KNOTS('',8,(#661,#662,#663,#664,#665,#666,
    #667,#668,#669,#670,#671,#672,#673,#674,#675,#676,#677,#678,#679,
    #680,#681,#682,#683,#684,#685,#686,#687,#688,#689,#690,#691,#692,
    #693,#694,#695,#696,#697,#698,#699,#700,#701,#702,#703,#704,#705,
    #706,#707,#708,#709,#710,#711),.UNSPECIFIED.,.T.,.F.,(9,7,7,7,7,7,7,
    9),(0.,0.10679823693,0.247966476825,0.393957802676,0.522921006323,
    0.74720095627,0.865155417761,1.),.UNSPECIFIED.);
#661 = CARTESIAN_POINT('',(65.7,-11.9,-29.43556522304));
#662 = CARTESIAN_POINT('',(65.7,-11.74245208295,-29.49925756931));
#663 = CARTESIAN_POINT('',(65.68331330851,-11.58507511538,
    -29.56175957083));
#664 = CARTESIAN_POINT('',(65.650003772154,-11.43039859657,
    -29.62206272785));
#665 = CARTESIAN_POINT('',(65.600716287569,-11.28089660733,
    -29.67928071675));
#666 = CARTESIAN_POINT('',(65.536641970299,-11.13887537013,
    -29.73268940792));
#667 = CARTESIAN_POINT('',(65.459488609437,-11.00635717086,
    -29.78173904122));
#668 = CARTESIAN_POINT('',(65.371452634171,-10.88495969476,
    -29.82605617546));
#669 = CARTESIAN_POINT('',(65.147945206188,-10.63144028181,
    -29.91752864831));
#670 = CARTESIAN_POINT('',(65.005608047041,-10.50762490363,
    -29.96130160134));
#671 = CARTESIAN_POINT('',(64.851695286161,-10.40461883942,
    -29.99712001921));
#672 = CARTESIAN_POINT('',(64.689140365378,-10.32247035654,
    -30.02533390466));
#673 = CARTESIAN_POINT('',(64.520489478955,-10.26108925236,
    -30.04624289952));
#674 = CARTESIAN_POINT('',(64.348027137513,-10.22032083235,
    -30.06007321109));
#675 = CARTESIAN_POINT('',(64.173861383293,-10.2,-30.06696692385));
#676 = CARTESIAN_POINT('',(63.820198552592,-10.2,-30.06696692385));
#677 = CARTESIAN_POINT('',(63.639982552373,-10.22173298944,
    -30.05959413592));
#678 = CARTESIAN_POINT('',(63.461609538426,-10.26537726162,
    -30.04478825378));
#679 = CARTESIAN_POINT('',(63.287458961439,-10.33112934974,
    -30.0223840361));
#680 = CARTESIAN_POINT('',(63.120113815059,-10.41914938064,
    -29.99212763106));
#681 = CARTESIAN_POINT('',(62.9624527218,-10.52949988651,-29.95368826127
    ));
#682 = CARTESIAN_POINT('',(62.817793281123,-10.66205778242,
    -29.90668764317));
#683 = CARTESIAN_POINT('',(62.577352364005,-10.95270092376,
    -29.80137355966));
#684 = CARTESIAN_POINT('',(62.477022767491,-11.10699164632,
    -29.74466149392));
#685 = CARTESIAN_POINT('',(62.394208055388,-11.27698448335,
    -29.68107904676));
#686 = CARTESIAN_POINT('',(62.332738571321,-11.4591763462,
    -29.61151668699));
#687 = CARTESIAN_POINT('',(62.295144057391,-11.64923040261,
    -29.53727847906));
#688 = CARTESIAN_POINT('',(62.28259616525,-11.842351697,-29.46005960135)
  );
#689 = CARTESIAN_POINT('',(62.294841505325,-12.03365553691,
    -29.38186111665));
#690 = CARTESIAN_POINT('',(62.391450035307,-12.54009518658,
    -29.17070241574));
#691 = CARTESIAN_POINT('',(62.520600377773,-12.83268880641,
    -29.0439729432));
#692 = CARTESIAN_POINT('',(62.70310344144,-13.08516372041,-28.9306437008
    ));
#693 = CARTESIAN_POINT('',(62.926425721652,-13.29110204767,
    -28.83558252336));
#694 = CARTESIAN_POINT('',(63.178644797447,-13.44645909758,
    -28.76254634573));
#695 = CARTESIAN_POINT('',(63.448643924933,-13.54944516397,
    -28.71372797012));
#696 = CARTESIAN_POINT('',(63.725771300896,-13.6,-28.68976298263));
#697 = CARTESIAN_POINT('',(64.144223763809,-13.6,-28.68976298263));
#698 = CARTESIAN_POINT('',(64.28848884223,-13.58601629144,
    -28.69639181249));
#699 = CARTESIAN_POINT('',(64.431566461035,-13.55803555998,
    -28.70965560438));
#700 = CARTESIAN_POINT('',(64.572214526803,-13.51606617307,
    -28.72950394782));
#701 = CARTESIAN_POINT('',(64.709150693406,-13.46014808663,
    -28.75582403627));
#702 = CARTESIAN_POINT('',(64.841022779927,-13.39036594665,
    -28.78843631201));
#703 = CARTESIAN_POINT('',(64.966376540001,-13.30686538542,
    -28.82709160937));
#704 = CARTESIAN_POINT('',(65.217653448312,-13.0989910485,
    -28.92220257908));
#705 = CARTESIAN_POINT('',(65.342406883912,-12.96938495878,
    -28.9809140426));
#706 = CARTESIAN_POINT('',(65.453815226049,-12.82187467778,
    -29.04688529815));
#707 = CARTESIAN_POINT('',(65.548204183716,-12.65820029855,
    -29.11892379472));
#708 = CARTESIAN_POINT('',(65.622371174198,-12.48084443643,
    -29.19551045422));
#709 = CARTESIAN_POINT('',(65.673655700291,-12.29289963853,
    -29.27495637864));
#710 = CARTESIAN_POINT('',(65.7,-12.09795791902,-29.35553620989));
#711 = CARTESIAN_POINT('',(65.7,-11.9,-29.43556522304));
#712 = PCURVE('',#33,#713);
#713 = DEFINITIONAL_REPRESENTATION('',(#714),#766);
#714 = B_SPLINE_CURVE_WITH_KNOTS('',8,(#715,#716,#717,#718,#719,#720,
    #721,#722,#723,#724,#725,#726,#727,#728,#729,#730,#731,#732,#733,
    #734,#735,#736,#737,#738,#739,#740,#741,#742,#743,#744,#745,#746,
    #747,#748,#749,#750,#751,#752,#753,#754,#755,#756,#757,#758,#759,
    #760,#761,#762,#763,#764,#765),.UNSPECIFIED.,.T.,.F.,(9,7,7,7,7,7,7,
    9),(0.,0.10679823693,0.247966476825,0.393957802676,0.522921006323,
    0.74720095627,0.865155417761,1.),.UNSPECIFIED.);
#715 = CARTESIAN_POINT('',(-4.328204543185,-65.7));
#716 = CARTESIAN_POINT('',(-4.33355684119,-65.7));
#717 = CARTESIAN_POINT('',(-4.338890095903,-65.68331330851));
#718 = CARTESIAN_POINT('',(-4.344118772439,-65.65000377215));
#719 = CARTESIAN_POINT('',(-4.349160395495,-65.60071628756));
#720 = CARTESIAN_POINT('',(-4.353939209435,-65.53664197029));
#721 = CARTESIAN_POINT('',(-4.358389667349,-65.45948860943));
#722 = CARTESIAN_POINT('',(-4.362459991964,-65.37145263417));
#723 = CARTESIAN_POINT('',(-4.370948710106,-65.14794520618));
#724 = CARTESIAN_POINT('',(-4.37508485198,-65.00560804704));
#725 = CARTESIAN_POINT('',(-4.378519626773,-64.85169528616));
#726 = CARTESIAN_POINT('',(-4.38125530751,-64.68914036537));
#727 = CARTESIAN_POINT('',(-4.383297656939,-64.52048947895));
#728 = CARTESIAN_POINT('',(-4.384653576436,-64.34802713751));
#729 = CARTESIAN_POINT('',(-4.385329429115,-64.17386138329));
#730 = CARTESIAN_POINT('',(-4.385329429115,-63.82019855259));
#731 = CARTESIAN_POINT('',(-4.384606609202,-63.63998255237));
#732 = CARTESIAN_POINT('',(-4.383155042113,-63.46160953842));
#733 = CARTESIAN_POINT('',(-4.380967191952,-63.28745896143));
#734 = CARTESIAN_POINT('',(-4.378035716647,-63.12011381505));
#735 = CARTESIAN_POINT('',(-4.374355354278,-62.9624527218));
#736 = CARTESIAN_POINT('',(-4.369925736526,-62.81779328112));
#737 = CARTESIAN_POINT('',(-4.360189198873,-62.577352364));
#738 = CARTESIAN_POINT('',(-4.355011826641,-62.47702276749));
#739 = CARTESIAN_POINT('',(-4.349295613263,-62.39420805538));
#740 = CARTESIAN_POINT('',(-4.343153560028,-62.33273857132));
#741 = CARTESIAN_POINT('',(-4.336727528151,-62.29514405739));
#742 = CARTESIAN_POINT('',(-4.330177082518,-62.28259616525));
#743 = CARTESIAN_POINT('',(-4.323667973862,-62.29484150532));
#744 = CARTESIAN_POINT('',(-4.306386157982,-62.3914500353));
#745 = CARTESIAN_POINT('',(-4.296344280868,-62.52060037777));
#746 = CARTESIAN_POINT('',(-4.287629083775,-62.70310344143));
#747 = CARTESIAN_POINT('',(-4.280485538229,-62.92642572165));
#748 = CARTESIAN_POINT('',(-4.27507867516,-63.17864479744));
#749 = CARTESIAN_POINT('',(-4.271489043245,-63.44864392493));
#750 = CARTESIAN_POINT('',(-4.269726919852,-63.72577130089));
#751 = CARTESIAN_POINT('',(-4.269726919852,-64.1442237638));
#752 = CARTESIAN_POINT('',(-4.270214331307,-64.28848884223));
#753 = CARTESIAN_POINT('',(-4.271189616571,-64.43156646103));
#754 = CARTESIAN_POINT('',(-4.272651856376,-64.5722145268));
#755 = CARTESIAN_POINT('',(-4.274598391844,-64.7091506934));
#756 = CARTESIAN_POINT('',(-4.277024407826,-64.84102277992));
#757 = CARTESIAN_POINT('',(-4.27992245759,-64.96637654));
#758 = CARTESIAN_POINT('',(-4.287122449082,-65.21765344831));
#759 = CARTESIAN_POINT('',(-4.291603806677,-65.34240688391));
#760 = CARTESIAN_POINT('',(-4.296693174073,-65.45381522604));
#761 = CARTESIAN_POINT('',(-4.302325282489,-65.54820418371));
#762 = CARTESIAN_POINT('',(-4.308409539692,-65.62237117419));
#763 = CARTESIAN_POINT('',(-4.314835859234,-65.67365570029));
#764 = CARTESIAN_POINT('',(-4.321479416029,-65.7));
#765 = CARTESIAN_POINT('',(-4.328204543185,-65.7));
#766 = ( GEOMETRIC_REPRESENTATION_CONTEXT(2) 
PARAMETRIC_REPRESENTATION_CONTEXT() REPRESENTATION_CONTEXT('2D SPACE',''
  ) );
#767 = PCURVE('',#768,#773);
#768 = CYLINDRICAL_SURFACE('',#769,1.7);
#769 = AXIS2_PLACEMENT_3D('',#770,#771,#772);
#770 = CARTESIAN_POINT('',(64.,-11.9,0.));
#771 = DIRECTION('',(0.,0.,1.));
#772 = DIRECTION('',(1.,0.,0.));
#773 = DEFINITIONAL_REPRESENTATION('',(#774),#826);
#774 = B_SPLINE_CURVE_WITH_KNOTS('',8,(#775,#776,#777,#778,#779,#780,
    #781,#782,#783,#784,#785,#786,#787,#788,#789,#790,#791,#792,#793,
    #794,#795,#796,#797,#798,#799,#800,#801,#802,#803,#804,#805,#806,
    #807,#808,#809,#810,#811,#812,#813,#814,#815,#816,#817,#818,#819,
    #820,#821,#822,#823,#824,#825),.UNSPECIFIED.,.F.,.F.,(9,7,7,7,7,7,7,
    9),(0.,0.10679823693,0.247966476825,0.393957802676,0.522921006323,
    0.74720095627,0.865155417761,1.),.UNSPECIFIED.);
#775 = CARTESIAN_POINT('',(0.,-29.43556522304));
#776 = CARTESIAN_POINT('',(9.267524531802E-02,-29.49925756931));
#777 = CARTESIAN_POINT('',(0.185249901789,-29.56175957083));
#778 = CARTESIAN_POINT('',(0.277449112581,-29.62206272785));
#779 = CARTESIAN_POINT('',(0.369018808348,-29.67928071675));
#780 = CARTESIAN_POINT('',(0.459685375876,-29.73268940792));
#781 = CARTESIAN_POINT('',(0.549127579131,-29.78173904122));
#782 = CARTESIAN_POINT('',(0.636939880545,-29.82605617546));
#783 = CARTESIAN_POINT('',(0.835749193565,-29.91752864831));
#784 = CARTESIAN_POINT('',(0.945752088781,-29.96130160134));
#785 = CARTESIAN_POINT('',(1.053284067056,-29.99712001921));
#786 = CARTESIAN_POINT('',(1.158876086601,-30.02533390466));
#787 = CARTESIAN_POINT('',(1.262995334245,-30.04624289952));
#788 = CARTESIAN_POINT('',(1.366074722683,-30.06007321109));
#789 = CARTESIAN_POINT('',(1.468524924858,-30.06696692385));
#790 = CARTESIAN_POINT('',(1.676561884094,-30.06696692385));
#791 = CARTESIAN_POINT('',(1.782570930898,-30.05959413592));
#792 = CARTESIAN_POINT('',(1.889300421625,-30.04478825378));
#793 = CARTESIAN_POINT('',(1.997183837596,-30.0223840361));
#794 = CARTESIAN_POINT('',(2.106684292637,-29.99212763106));
#795 = CARTESIAN_POINT('',(2.218306115545,-29.95368826127));
#796 = CARTESIAN_POINT('',(2.332628182164,-29.90668764317));
#797 = CARTESIAN_POINT('',(2.55451476923,-29.80137355966));
#798 = CARTESIAN_POINT('',(2.662065307921,-29.74466149392));
#799 = CARTESIAN_POINT('',(2.7718819051,-29.68107904676));
#800 = CARTESIAN_POINT('',(2.883144531629,-29.61151668699));
#801 = CARTESIAN_POINT('',(2.995204255174,-29.53727847906));
#802 = CARTESIAN_POINT('',(3.1074785628,-29.46005960135));
#803 = CARTESIAN_POINT('',(3.219366618449,-29.38186111665));
#804 = CARTESIAN_POINT('',(3.522644174024,-29.17070241574));
#805 = CARTESIAN_POINT('',(3.705946658734,-29.0439729432));
#806 = CARTESIAN_POINT('',(3.882815123564,-28.9306437008));
#807 = CARTESIAN_POINT('',(4.054712083291,-28.83558252336));
#808 = CARTESIAN_POINT('',(4.22284694819,-28.76254634573));
#809 = CARTESIAN_POINT('',(4.388060919591,-28.71372797012));
#810 = CARTESIAN_POINT('',(4.551077980912,-28.68976298263));
#811 = CARTESIAN_POINT('',(4.797226488508,-28.68976298263));
#812 = CARTESIAN_POINT('',(4.882088675635,-28.69639181249));
#813 = CARTESIAN_POINT('',(4.967181526809,-28.70965560438));
#814 = CARTESIAN_POINT('',(5.052709659846,-28.72950394782));
#815 = CARTESIAN_POINT('',(5.138879160924,-28.75582403627));
#816 = CARTESIAN_POINT('',(5.225906172218,-28.78843631201));
#817 = CARTESIAN_POINT('',(5.314031231564,-28.82709160937));
#818 = CARTESIAN_POINT('',(5.505864334305,-28.92220257908));
#819 = CARTESIAN_POINT('',(5.611004374749,-28.9809140426));
#820 = CARTESIAN_POINT('',(5.718442074123,-29.04688529815));
#821 = CARTESIAN_POINT('',(5.827868471964,-29.11892379472));
#822 = CARTESIAN_POINT('',(5.939106293092,-29.19551045422));
#823 = CARTESIAN_POINT('',(6.05206781487,-29.27495637864));
#824 = CARTESIAN_POINT('',(6.166739472459,-29.35553620989));
#825 = CARTESIAN_POINT('',(6.28318530718,-29.43556522304));
#826 = ( GEOMETRIC_REPRESENTATION_CONTEXT(2) 
PARAMETRIC_REPRESENTATION_CONTEXT() REPRESENTATION_CONTEXT('2D SPACE',''
  ) );
#827 = ADVANCED_FACE('',(#828),#45,.F.);
#828 = FACE_BOUND('',#829,.F.);
#829 = EDGE_LOOP('',(#830,#852,#853,#875));
#830 = ORIENTED_EDGE('',*,*,#831,.T.);
#831 = EDGE_CURVE('',#832,#22,#834,.T.);
#832 = VERTEX_POINT('',#833);
#833 = CARTESIAN_POINT('',(0.,-4.959819536547E-15,27.));
#834 = SURFACE_CURVE('',#835,(#839,#845),.PCURVE_S1.);
#835 = LINE('',#836,#837);
#836 = CARTESIAN_POINT('',(0.,0.,-100.));
#837 = VECTOR('',#838,1.);
#838 = DIRECTION('',(0.,0.,1.));
#839 = PCURVE('',#45,#840);
#840 = DEFINITIONAL_REPRESENTATION('',(#841),#844);
#841 = B_SPLINE_CURVE_WITH_KNOTS('',1,(#842,#843),.UNSPECIFIED.,.F.,.F.,
  (2,2),(68.25,131.75),.PIECEWISE_BEZIER_KNOTS.);
#842 = CARTESIAN_POINT('',(-31.75,-6.891036888388E-16));
#843 = CARTESIAN_POINT('',(31.75,-6.891036888388E-16));
#844 = ( GEOMETRIC_REPRESENTATION_CONTEXT(2) 
PARAMETRIC_REPRESENTATION_CONTEXT() REPRESENTATION_CONTEXT('2D SPACE',''
  ) );
#845 = PCURVE('',#72,#846);
#846 = DEFINITIONAL_REPRESENTATION('',(#847),#851);
#847 = LINE('',#848,#849);
#848 = CARTESIAN_POINT('',(100.,10.));
#849 = VECTOR('',#850,1.);
#850 = DIRECTION('',(1.,0.));
#851 = ( GEOMETRIC_REPRESENTATION_CONTEXT(2) 
PARAMETRIC_REPRESENTATION_CONTEXT() REPRESENTATION_CONTEXT('2D SPACE',''
  ) );
#852 = ORIENTED_EDGE('',*,*,#21,.T.);
#853 = ORIENTED_EDGE('',*,*,#854,.T.);
#854 = EDGE_CURVE('',#24,#855,#857,.T.);
#855 = VERTEX_POINT('',#856);
#856 = CARTESIAN_POINT('',(0.,1.653273178849E-15,-27.));
#857 = SURFACE_CURVE('',#858,(#862,#868),.PCURVE_S1.);
#858 = LINE('',#859,#860);
#859 = CARTESIAN_POINT('',(0.,0.,-100.));
#860 = VECTOR('',#861,1.);
#861 = DIRECTION('',(0.,0.,1.));
#862 = PCURVE('',#45,#863);
#863 = DEFINITIONAL_REPRESENTATION('',(#864),#867);
#864 = B_SPLINE_CURVE_WITH_KNOTS('',1,(#865,#866),.UNSPECIFIED.,.F.,.F.,
  (2,2),(68.25,131.75),.PIECEWISE_BEZIER_KNOTS.);
#865 = CARTESIAN_POINT('',(-31.75,-6.891036888388E-16));
#866 = CARTESIAN_POINT('',(31.75,-6.891036888388E-16));
#867 = ( GEOMETRIC_REPRESENTATION_CONTEXT(2) 
PARAMETRIC_REPRESENTATION_CONTEXT() REPRESENTATION_CONTEXT('2D SPACE',''
  ) );
#868 = PCURVE('',#126,#869);
#869 = DEFINITIONAL_REPRESENTATION('',(#870),#874);
#870 = LINE('',#871,#872);
#871 = CARTESIAN_POINT('',(100.,10.));
#872 = VECTOR('',#873,1.);
#873 = DIRECTION('',(1.,0.));
#874 = ( GEOMETRIC_REPRESENTATION_CONTEXT(2) 
PARAMETRIC_REPRESENTATION_CONTEXT() REPRESENTATION_CONTEXT('2D SPACE',''
  ) );
#875 = ORIENTED_EDGE('',*,*,#876,.T.);
#876 = EDGE_CURVE('',#855,#832,#877,.T.);
#877 = SURFACE_CURVE('',#878,(#883,#894),.PCURVE_S1.);
#878 = CIRCLE('',#879,27.);
#879 = AXIS2_PLACEMENT_3D('',#880,#881,#882);
#880 = CARTESIAN_POINT('',(0.,0.,0.));
#881 = DIRECTION('',(-1.,0.,0.));
#882 = DIRECTION('',(0.,1.,0.));
#883 = PCURVE('',#45,#884);
#884 = DEFINITIONAL_REPRESENTATION('',(#885),#893);
#885 = ( BOUNDED_CURVE() B_SPLINE_CURVE(2,(#886,#887,#888,#889,#890,#891
,#892),.UNSPECIFIED.,.T.,.F.) B_SPLINE_CURVE_WITH_KNOTS((1,2,2,2,2,1),(
    -2.094395102393,0.,2.094395102393,4.188790204786,6.28318530718,
8.377580409573),.UNSPECIFIED.) CURVE() GEOMETRIC_REPRESENTATION_ITEM() 
RATIONAL_B_SPLINE_CURVE((1.,0.5,1.,0.5,1.,0.5,1.)) REPRESENTATION_ITEM(
  '') );
#886 = CARTESIAN_POINT('',(-1.460330226257E-15,-27.));
#887 = CARTESIAN_POINT('',(-46.76537180436,-27.));
#888 = CARTESIAN_POINT('',(-23.38268590218,13.5));
#889 = CARTESIAN_POINT('',(-8.073422941653E-15,54.));
#890 = CARTESIAN_POINT('',(23.38268590218,13.5));
#891 = CARTESIAN_POINT('',(46.76537180436,-27.));
#892 = CARTESIAN_POINT('',(-1.460330226257E-15,-27.));
#893 = ( GEOMETRIC_REPRESENTATION_CONTEXT(2) 
PARAMETRIC_REPRESENTATION_CONTEXT() REPRESENTATION_CONTEXT('2D SPACE',''
  ) );
#894 = PCURVE('',#895,#900);
#895 = CYLINDRICAL_SURFACE('',#896,27.);
#896 = AXIS2_PLACEMENT_3D('',#897,#898,#899);
#897 = CARTESIAN_POINT('',(-1.,0.,0.));
#898 = DIRECTION('',(-1.,-0.,-0.));
#899 = DIRECTION('',(0.,1.,0.));
#900 = DEFINITIONAL_REPRESENTATION('',(#901),#905);
#901 = LINE('',#902,#903);
#902 = CARTESIAN_POINT('',(-6.28318530718,-1.));
#903 = VECTOR('',#904,1.);
#904 = DIRECTION('',(1.,-0.));
#905 = ( GEOMETRIC_REPRESENTATION_CONTEXT(2) 
PARAMETRIC_REPRESENTATION_CONTEXT() REPRESENTATION_CONTEXT('2D SPACE',''
  ) );
#906 = ADVANCED_FACE('',(#907),#72,.T.);
#907 = FACE_BOUND('',#908,.T.);
#908 = EDGE_LOOP('',(#909,#910,#933,#960,#987,#1007));
#909 = ORIENTED_EDGE('',*,*,#57,.F.);
#910 = ORIENTED_EDGE('',*,*,#911,.F.);
#911 = EDGE_CURVE('',#912,#58,#914,.T.);
#912 = VERTEX_POINT('',#913);
#913 = CARTESIAN_POINT('',(150.,-4.684274006739E-15,25.5));
#914 = SURFACE_CURVE('',#915,(#919,#926),.PCURVE_S1.);
#915 = LINE('',#916,#917);
#916 = CARTESIAN_POINT('',(150.,-4.684274006739E-15,25.5));
#917 = VECTOR('',#918,1.);
#918 = DIRECTION('',(4.547473508865E-15,1.060544128062E-15,1.));
#919 = PCURVE('',#72,#920);
#920 = DEFINITIONAL_REPRESENTATION('',(#921),#925);
#921 = LINE('',#922,#923);
#922 = CARTESIAN_POINT('',(225.5,160.));
#923 = VECTOR('',#924,1.);
#924 = DIRECTION('',(1.,4.547473508865E-15));
#925 = ( GEOMETRIC_REPRESENTATION_CONTEXT(2) 
PARAMETRIC_REPRESENTATION_CONTEXT() REPRESENTATION_CONTEXT('2D SPACE',''
  ) );
#926 = PCURVE('',#101,#927);
#927 = DEFINITIONAL_REPRESENTATION('',(#928),#932);
#928 = LINE('',#929,#930);
#929 = CARTESIAN_POINT('',(25.5,3.9951703179E-15));
#930 = VECTOR('',#931,1.);
#931 = DIRECTION('',(1.,-1.060544128062E-15));
#932 = ( GEOMETRIC_REPRESENTATION_CONTEXT(2) 
PARAMETRIC_REPRESENTATION_CONTEXT() REPRESENTATION_CONTEXT('2D SPACE',''
  ) );
#933 = ORIENTED_EDGE('',*,*,#934,.T.);
#934 = EDGE_CURVE('',#912,#935,#937,.T.);
#935 = VERTEX_POINT('',#936);
#936 = CARTESIAN_POINT('',(148.,-4.684274006739E-15,25.5));
#937 = SURFACE_CURVE('',#938,(#942,#949),.PCURVE_S1.);
#938 = LINE('',#939,#940);
#939 = CARTESIAN_POINT('',(147.,0.,25.5));
#940 = VECTOR('',#941,1.);
#941 = DIRECTION('',(-1.,-0.,-0.));
#942 = PCURVE('',#72,#943);
#943 = DEFINITIONAL_REPRESENTATION('',(#944),#948);
#944 = LINE('',#945,#946);
#945 = CARTESIAN_POINT('',(225.5,157.));
#946 = VECTOR('',#947,1.);
#947 = DIRECTION('',(0.,-1.));
#948 = ( GEOMETRIC_REPRESENTATION_CONTEXT(2) 
PARAMETRIC_REPRESENTATION_CONTEXT() REPRESENTATION_CONTEXT('2D SPACE',''
  ) );
#949 = PCURVE('',#950,#955);
#950 = CYLINDRICAL_SURFACE('',#951,25.5);
#951 = AXIS2_PLACEMENT_3D('',#952,#953,#954);
#952 = CARTESIAN_POINT('',(147.,0.,0.));
#953 = DIRECTION('',(-1.,-0.,-0.));
#954 = DIRECTION('',(0.,1.,0.));
#955 = DEFINITIONAL_REPRESENTATION('',(#956),#959);
#956 = B_SPLINE_CURVE_WITH_KNOTS('',1,(#957,#958),.UNSPECIFIED.,.F.,.F.,
  (2,2),(-3.0000006,-0.9999994),.PIECEWISE_BEZIER_KNOTS.);
#957 = CARTESIAN_POINT('',(-1.570796326795,-3.0000006));
#958 = CARTESIAN_POINT('',(-1.570796326795,-0.9999994));
#959 = ( GEOMETRIC_REPRESENTATION_CONTEXT(2) 
PARAMETRIC_REPRESENTATION_CONTEXT() REPRESENTATION_CONTEXT('2D SPACE',''
  ) );
#960 = ORIENTED_EDGE('',*,*,#961,.T.);
#961 = EDGE_CURVE('',#935,#962,#964,.T.);
#962 = VERTEX_POINT('',#963);
#963 = CARTESIAN_POINT('',(148.,0.,27.));
#964 = SURFACE_CURVE('',#965,(#969,#976),.PCURVE_S1.);
#965 = LINE('',#966,#967);
#966 = CARTESIAN_POINT('',(148.,0.,-100.));
#967 = VECTOR('',#968,1.);
#968 = DIRECTION('',(0.,0.,1.));
#969 = PCURVE('',#72,#970);
#970 = DEFINITIONAL_REPRESENTATION('',(#971),#975);
#971 = LINE('',#972,#973);
#972 = CARTESIAN_POINT('',(100.,158.));
#973 = VECTOR('',#974,1.);
#974 = DIRECTION('',(1.,0.));
#975 = ( GEOMETRIC_REPRESENTATION_CONTEXT(2) 
PARAMETRIC_REPRESENTATION_CONTEXT() REPRESENTATION_CONTEXT('2D SPACE',''
  ) );
#976 = PCURVE('',#977,#982);
#977 = PLANE('',#978);
#978 = AXIS2_PLACEMENT_3D('',#979,#980,#981);
#979 = CARTESIAN_POINT('',(148.,-8.10034880438E-16,5.174794260437E-16));
#980 = DIRECTION('',(1.,0.,0.));
#981 = DIRECTION('',(-0.,0.,1.));
#982 = DEFINITIONAL_REPRESENTATION('',(#983),#986);
#983 = B_SPLINE_CURVE_WITH_KNOTS('',1,(#984,#985),.UNSPECIFIED.,.F.,.F.,
  (2,2),(72.99,127.01),.PIECEWISE_BEZIER_KNOTS.);
#984 = CARTESIAN_POINT('',(-27.01,-8.10034880438E-16));
#985 = CARTESIAN_POINT('',(27.01,-8.10034880438E-16));
#986 = ( GEOMETRIC_REPRESENTATION_CONTEXT(2) 
PARAMETRIC_REPRESENTATION_CONTEXT() REPRESENTATION_CONTEXT('2D SPACE',''
  ) );
#987 = ORIENTED_EDGE('',*,*,#988,.T.);
#988 = EDGE_CURVE('',#962,#832,#989,.T.);
#989 = SURFACE_CURVE('',#990,(#994,#1001),.PCURVE_S1.);
#990 = LINE('',#991,#992);
#991 = CARTESIAN_POINT('',(-1.,0.,27.));
#992 = VECTOR('',#993,1.);
#993 = DIRECTION('',(-1.,-0.,-0.));
#994 = PCURVE('',#72,#995);
#995 = DEFINITIONAL_REPRESENTATION('',(#996),#1000);
#996 = LINE('',#997,#998);
#997 = CARTESIAN_POINT('',(227.,9.));
#998 = VECTOR('',#999,1.);
#999 = DIRECTION('',(0.,-1.));
#1000 = ( GEOMETRIC_REPRESENTATION_CONTEXT(2) 
PARAMETRIC_REPRESENTATION_CONTEXT() REPRESENTATION_CONTEXT('2D SPACE',''
  ) );
#1001 = PCURVE('',#895,#1002);
#1002 = DEFINITIONAL_REPRESENTATION('',(#1003),#1006);
#1003 = B_SPLINE_CURVE_WITH_KNOTS('',1,(#1004,#1005),.UNSPECIFIED.,.F.,
  .F.,(2,2),(-151.0000006,-0.9999994),.PIECEWISE_BEZIER_KNOTS.);
#1004 = CARTESIAN_POINT('',(-1.570796326795,-151.0000006));
#1005 = CARTESIAN_POINT('',(-1.570796326795,-0.9999994));
#1006 = ( GEOMETRIC_REPRESENTATION_CONTEXT(2) 
PARAMETRIC_REPRESENTATION_CONTEXT() REPRESENTATION_CONTEXT('2D SPACE',''
  ) );
#1007 = ORIENTED_EDGE('',*,*,#831,.T.);
#1008 = ADVANCED_FACE('',(#1009),#126,.T.);
#1009 = FACE_BOUND('',#1010,.T.);
#1010 = EDGE_LOOP('',(#1011,#1012,#1013,#1035,#1057,#1079));
#1011 = ORIENTED_EDGE('',*,*,#113,.T.);
#1012 = ORIENTED_EDGE('',*,*,#854,.T.);
#1013 = ORIENTED_EDGE('',*,*,#1014,.F.);
#1014 = EDGE_CURVE('',#1015,#855,#1017,.T.);
#1015 = VERTEX_POINT('',#1016);
#1016 = CARTESIAN_POINT('',(148.,0.,-27.));
#1017 = SURFACE_CURVE('',#1018,(#1022,#1029),.PCURVE_S1.);
#1018 = LINE('',#1019,#1020);
#1019 = CARTESIAN_POINT('',(-1.,0.,-27.));
#1020 = VECTOR('',#1021,1.);
#1021 = DIRECTION('',(-1.,-0.,-0.));
#1022 = PCURVE('',#126,#1023);
#1023 = DEFINITIONAL_REPRESENTATION('',(#1024),#1028);
#1024 = LINE('',#1025,#1026);
#1025 = CARTESIAN_POINT('',(173.,9.));
#1026 = VECTOR('',#1027,1.);
#1027 = DIRECTION('',(0.,-1.));
#1028 = ( GEOMETRIC_REPRESENTATION_CONTEXT(2) 
PARAMETRIC_REPRESENTATION_CONTEXT() REPRESENTATION_CONTEXT('2D SPACE',''
  ) );
#1029 = PCURVE('',#895,#1030);
#1030 = DEFINITIONAL_REPRESENTATION('',(#1031),#1034);
#1031 = B_SPLINE_CURVE_WITH_KNOTS('',1,(#1032,#1033),.UNSPECIFIED.,.F.,
  .F.,(2,2),(-151.0000006,-0.9999994),.PIECEWISE_BEZIER_KNOTS.);
#1032 = CARTESIAN_POINT('',(-4.712388980385,-151.0000006));
#1033 = CARTESIAN_POINT('',(-4.712388980385,-0.9999994));
#1034 = ( GEOMETRIC_REPRESENTATION_CONTEXT(2) 
PARAMETRIC_REPRESENTATION_CONTEXT() REPRESENTATION_CONTEXT('2D SPACE',''
  ) );
#1035 = ORIENTED_EDGE('',*,*,#1036,.T.);
#1036 = EDGE_CURVE('',#1015,#1037,#1039,.T.);
#1037 = VERTEX_POINT('',#1038);
#1038 = CARTESIAN_POINT('',(148.,1.561424668913E-15,-25.5));
#1039 = SURFACE_CURVE('',#1040,(#1044,#1051),.PCURVE_S1.);
#1040 = LINE('',#1041,#1042);
#1041 = CARTESIAN_POINT('',(148.,0.,-100.));
#1042 = VECTOR('',#1043,1.);
#1043 = DIRECTION('',(0.,0.,1.));
#1044 = PCURVE('',#126,#1045);
#1045 = DEFINITIONAL_REPRESENTATION('',(#1046),#1050);
#1046 = LINE('',#1047,#1048);
#1047 = CARTESIAN_POINT('',(100.,158.));
#1048 = VECTOR('',#1049,1.);
#1049 = DIRECTION('',(1.,0.));
#1050 = ( GEOMETRIC_REPRESENTATION_CONTEXT(2) 
PARAMETRIC_REPRESENTATION_CONTEXT() REPRESENTATION_CONTEXT('2D SPACE',''
  ) );
#1051 = PCURVE('',#977,#1052);
#1052 = DEFINITIONAL_REPRESENTATION('',(#1053),#1056);
#1053 = B_SPLINE_CURVE_WITH_KNOTS('',1,(#1054,#1055),.UNSPECIFIED.,.F.,
  .F.,(2,2),(72.99,127.01),.PIECEWISE_BEZIER_KNOTS.);
#1054 = CARTESIAN_POINT('',(-27.01,-8.10034880438E-16));
#1055 = CARTESIAN_POINT('',(27.01,-8.10034880438E-16));
#1056 = ( GEOMETRIC_REPRESENTATION_CONTEXT(2) 
PARAMETRIC_REPRESENTATION_CONTEXT() REPRESENTATION_CONTEXT('2D SPACE',''
  ) );
#1057 = ORIENTED_EDGE('',*,*,#1058,.F.);
#1058 = EDGE_CURVE('',#1059,#1037,#1061,.T.);
#1059 = VERTEX_POINT('',#1060);
#1060 = CARTESIAN_POINT('',(150.,1.561424668913E-15,-25.5));
#1061 = SURFACE_CURVE('',#1062,(#1066,#1073),.PCURVE_S1.);
#1062 = LINE('',#1063,#1064);
#1063 = CARTESIAN_POINT('',(147.,0.,-25.5));
#1064 = VECTOR('',#1065,1.);
#1065 = DIRECTION('',(-1.,-0.,-0.));
#1066 = PCURVE('',#126,#1067);
#1067 = DEFINITIONAL_REPRESENTATION('',(#1068),#1072);
#1068 = LINE('',#1069,#1070);
#1069 = CARTESIAN_POINT('',(174.5,157.));
#1070 = VECTOR('',#1071,1.);
#1071 = DIRECTION('',(0.,-1.));
#1072 = ( GEOMETRIC_REPRESENTATION_CONTEXT(2) 
PARAMETRIC_REPRESENTATION_CONTEXT() REPRESENTATION_CONTEXT('2D SPACE',''
  ) );
#1073 = PCURVE('',#950,#1074);
#1074 = DEFINITIONAL_REPRESENTATION('',(#1075),#1078);
#1075 = B_SPLINE_CURVE_WITH_KNOTS('',1,(#1076,#1077),.UNSPECIFIED.,.F.,
  .F.,(2,2),(-3.0000006,-0.9999994),.PIECEWISE_BEZIER_KNOTS.);
#1076 = CARTESIAN_POINT('',(-4.712388980385,-3.0000006));
#1077 = CARTESIAN_POINT('',(-4.712388980385,-0.9999994));
#1078 = ( GEOMETRIC_REPRESENTATION_CONTEXT(2) 
PARAMETRIC_REPRESENTATION_CONTEXT() REPRESENTATION_CONTEXT('2D SPACE',''
  ) );
#1079 = ORIENTED_EDGE('',*,*,#1080,.T.);
#1080 = EDGE_CURVE('',#1059,#85,#1081,.T.);
#1081 = SURFACE_CURVE('',#1082,(#1086,#1093),.PCURVE_S1.);
#1082 = LINE('',#1083,#1084);
#1083 = CARTESIAN_POINT('',(150.,1.561424668913E-15,-25.5));
#1084 = VECTOR('',#1085,1.);
#1085 = DIRECTION('',(4.547473508865E-15,-1.183008807976E-15,-1.));
#1086 = PCURVE('',#126,#1087);
#1087 = DEFINITIONAL_REPRESENTATION('',(#1088),#1092);
#1088 = LINE('',#1089,#1090);
#1089 = CARTESIAN_POINT('',(174.5,160.));
#1090 = VECTOR('',#1091,1.);
#1091 = DIRECTION('',(-1.,4.547473508865E-15));
#1092 = ( GEOMETRIC_REPRESENTATION_CONTEXT(2) 
PARAMETRIC_REPRESENTATION_CONTEXT() REPRESENTATION_CONTEXT('2D SPACE',''
  ) );
#1093 = PCURVE('',#101,#1094);
#1094 = DEFINITIONAL_REPRESENTATION('',(#1095),#1099);
#1095 = LINE('',#1096,#1097);
#1096 = CARTESIAN_POINT('',(-25.5,-2.250528357752E-15));
#1097 = VECTOR('',#1098,1.);
#1098 = DIRECTION('',(-1.,1.183008807976E-15));
#1099 = ( GEOMETRIC_REPRESENTATION_CONTEXT(2) 
PARAMETRIC_REPRESENTATION_CONTEXT() REPRESENTATION_CONTEXT('2D SPACE',''
  ) );
#1100 = ADVANCED_FACE('',(#1101),#101,.T.);
#1101 = FACE_BOUND('',#1102,.T.);
#1102 = EDGE_LOOP('',(#1103,#1104,#1130,#1131));
#1103 = ORIENTED_EDGE('',*,*,#1080,.F.);
#1104 = ORIENTED_EDGE('',*,*,#1105,.T.);
#1105 = EDGE_CURVE('',#1059,#912,#1106,.T.);
#1106 = SURFACE_CURVE('',#1107,(#1112,#1123),.PCURVE_S1.);
#1107 = CIRCLE('',#1108,25.5);
#1108 = AXIS2_PLACEMENT_3D('',#1109,#1110,#1111);
#1109 = CARTESIAN_POINT('',(150.,0.,0.));
#1110 = DIRECTION('',(-1.,0.,0.));
#1111 = DIRECTION('',(0.,1.,0.));
#1112 = PCURVE('',#101,#1113);
#1113 = DEFINITIONAL_REPRESENTATION('',(#1114),#1122);
#1114 = ( BOUNDED_CURVE() B_SPLINE_CURVE(2,(#1115,#1116,#1117,#1118,
#1119,#1120,#1121),.UNSPECIFIED.,.T.,.F.) B_SPLINE_CURVE_WITH_KNOTS((1,2
    ,2,2,2,1),(-2.094395102393,0.,2.094395102393,4.188790204786,
6.28318530718,8.377580409573),.UNSPECIFIED.) CURVE() 
GEOMETRIC_REPRESENTATION_ITEM() RATIONAL_B_SPLINE_CURVE((1.,0.5,1.,0.5,
1.,0.5,1.)) REPRESENTATION_ITEM('') );
#1115 = CARTESIAN_POINT('',(-1.460330226257E-15,-25.5));
#1116 = CARTESIAN_POINT('',(-44.167295593,-25.5));
#1117 = CARTESIAN_POINT('',(-22.0836477965,12.75));
#1118 = CARTESIAN_POINT('',(-7.706028901909E-15,51.));
#1119 = CARTESIAN_POINT('',(22.083647796503,12.75));
#1120 = CARTESIAN_POINT('',(44.167295593006,-25.5));
#1121 = CARTESIAN_POINT('',(-1.460330226257E-15,-25.5));
#1122 = ( GEOMETRIC_REPRESENTATION_CONTEXT(2) 
PARAMETRIC_REPRESENTATION_CONTEXT() REPRESENTATION_CONTEXT('2D SPACE',''
  ) );
#1123 = PCURVE('',#950,#1124);
#1124 = DEFINITIONAL_REPRESENTATION('',(#1125),#1129);
#1125 = LINE('',#1126,#1127);
#1126 = CARTESIAN_POINT('',(-6.28318530718,-3.));
#1127 = VECTOR('',#1128,1.);
#1128 = DIRECTION('',(1.,-0.));
#1129 = ( GEOMETRIC_REPRESENTATION_CONTEXT(2) 
PARAMETRIC_REPRESENTATION_CONTEXT() REPRESENTATION_CONTEXT('2D SPACE',''
  ) );
#1130 = ORIENTED_EDGE('',*,*,#911,.T.);
#1131 = ORIENTED_EDGE('',*,*,#84,.T.);
#1132 = ADVANCED_FACE('',(#1133),#250,.F.);
#1133 = FACE_BOUND('',#1134,.T.);
#1134 = EDGE_LOOP('',(#1135,#1158,#1185,#1186));
#1135 = ORIENTED_EDGE('',*,*,#1136,.F.);
#1136 = EDGE_CURVE('',#1137,#141,#1139,.T.);
#1137 = VERTEX_POINT('',#1138);
#1138 = CARTESIAN_POINT('',(98.2,-7.,27.526809620811));
#1139 = SEAM_CURVE('',#1140,(#1144,#1151),.PCURVE_S1.);
#1140 = LINE('',#1141,#1142);
#1141 = CARTESIAN_POINT('',(98.2,-7.,0.));
#1142 = VECTOR('',#1143,1.);
#1143 = DIRECTION('',(0.,0.,1.));
#1144 = PCURVE('',#250,#1145);
#1145 = DEFINITIONAL_REPRESENTATION('',(#1146),#1150);
#1146 = LINE('',#1147,#1148);
#1147 = CARTESIAN_POINT('',(-6.28318530718,0.));
#1148 = VECTOR('',#1149,1.);
#1149 = DIRECTION('',(-0.,-1.));
#1150 = ( GEOMETRIC_REPRESENTATION_CONTEXT(2) 
PARAMETRIC_REPRESENTATION_CONTEXT() REPRESENTATION_CONTEXT('2D SPACE',''
  ) );
#1151 = PCURVE('',#250,#1152);
#1152 = DEFINITIONAL_REPRESENTATION('',(#1153),#1157);
#1153 = LINE('',#1154,#1155);
#1154 = CARTESIAN_POINT('',(-0.,0.));
#1155 = VECTOR('',#1156,1.);
#1156 = DIRECTION('',(-0.,-1.));
#1157 = ( GEOMETRIC_REPRESENTATION_CONTEXT(2) 
PARAMETRIC_REPRESENTATION_CONTEXT() REPRESENTATION_CONTEXT('2D SPACE',''
  ) );
#1158 = ORIENTED_EDGE('',*,*,#1159,.F.);
#1159 = EDGE_CURVE('',#1137,#1137,#1160,.T.);
#1160 = SURFACE_CURVE('',#1161,(#1166,#1173),.PCURVE_S1.);
#1161 = CIRCLE('',#1162,1.7);
#1162 = AXIS2_PLACEMENT_3D('',#1163,#1164,#1165);
#1163 = CARTESIAN_POINT('',(96.5,-7.,27.526809620811));
#1164 = DIRECTION('',(0.,0.,1.));
#1165 = DIRECTION('',(1.,0.,0.));
#1166 = PCURVE('',#250,#1167);
#1167 = DEFINITIONAL_REPRESENTATION('',(#1168),#1172);
#1168 = LINE('',#1169,#1170);
#1169 = CARTESIAN_POINT('',(-0.,-27.52680962081));
#1170 = VECTOR('',#1171,1.);
#1171 = DIRECTION('',(-1.,0.));
#1172 = ( GEOMETRIC_REPRESENTATION_CONTEXT(2) 
PARAMETRIC_REPRESENTATION_CONTEXT() REPRESENTATION_CONTEXT('2D SPACE',''
  ) );
#1173 = PCURVE('',#1174,#1179);
#1174 = CONICAL_SURFACE('',#1175,5.15,0.785398163397);
#1175 = AXIS2_PLACEMENT_3D('',#1176,#1177,#1178);
#1176 = CARTESIAN_POINT('',(96.5,-7.,24.076809620811));
#1177 = DIRECTION('',(-0.,-0.,-1.));
#1178 = DIRECTION('',(1.,0.,0.));
#1179 = DEFINITIONAL_REPRESENTATION('',(#1180),#1184);
#1180 = LINE('',#1181,#1182);
#1181 = CARTESIAN_POINT('',(-0.,-3.45));
#1182 = VECTOR('',#1183,1.);
#1183 = DIRECTION('',(-1.,-0.));
#1184 = ( GEOMETRIC_REPRESENTATION_CONTEXT(2) 
PARAMETRIC_REPRESENTATION_CONTEXT() REPRESENTATION_CONTEXT('2D SPACE',''
  ) );
#1185 = ORIENTED_EDGE('',*,*,#1136,.T.);
#1186 = ORIENTED_EDGE('',*,*,#140,.T.);
#1187 = ADVANCED_FACE('',(#1188),#421,.F.);
#1188 = FACE_BOUND('',#1189,.T.);
#1189 = EDGE_LOOP('',(#1190,#1213,#1240,#1241));
#1190 = ORIENTED_EDGE('',*,*,#1191,.F.);
#1191 = EDGE_CURVE('',#1192,#312,#1194,.T.);
#1192 = VERTEX_POINT('',#1193);
#1193 = CARTESIAN_POINT('',(85.2,-7.,27.526809620811));
#1194 = SEAM_CURVE('',#1195,(#1199,#1206),.PCURVE_S1.);
#1195 = LINE('',#1196,#1197);
#1196 = CARTESIAN_POINT('',(85.2,-7.,0.));
#1197 = VECTOR('',#1198,1.);
#1198 = DIRECTION('',(0.,0.,1.));
#1199 = PCURVE('',#421,#1200);
#1200 = DEFINITIONAL_REPRESENTATION('',(#1201),#1205);
#1201 = LINE('',#1202,#1203);
#1202 = CARTESIAN_POINT('',(-6.28318530718,0.));
#1203 = VECTOR('',#1204,1.);
#1204 = DIRECTION('',(-0.,-1.));
#1205 = ( GEOMETRIC_REPRESENTATION_CONTEXT(2) 
PARAMETRIC_REPRESENTATION_CONTEXT() REPRESENTATION_CONTEXT('2D SPACE',''
  ) );
#1206 = PCURVE('',#421,#1207);
#1207 = DEFINITIONAL_REPRESENTATION('',(#1208),#1212);
#1208 = LINE('',#1209,#1210);
#1209 = CARTESIAN_POINT('',(-0.,0.));
#1210 = VECTOR('',#1211,1.);
#1211 = DIRECTION('',(-0.,-1.));
#1212 = ( GEOMETRIC_REPRESENTATION_CONTEXT(2) 
PARAMETRIC_REPRESENTATION_CONTEXT() REPRESENTATION_CONTEXT('2D SPACE',''
  ) );
#1213 = ORIENTED_EDGE('',*,*,#1214,.F.);
#1214 = EDGE_CURVE('',#1192,#1192,#1215,.T.);
#1215 = SURFACE_CURVE('',#1216,(#1221,#1228),.PCURVE_S1.);
#1216 = CIRCLE('',#1217,1.7);
#1217 = AXIS2_PLACEMENT_3D('',#1218,#1219,#1220);
#1218 = CARTESIAN_POINT('',(83.5,-7.,27.526809620811));
#1219 = DIRECTION('',(0.,0.,1.));
#1220 = DIRECTION('',(1.,0.,0.));
#1221 = PCURVE('',#421,#1222);
#1222 = DEFINITIONAL_REPRESENTATION('',(#1223),#1227);
#1223 = LINE('',#1224,#1225);
#1224 = CARTESIAN_POINT('',(-0.,-27.52680962081));
#1225 = VECTOR('',#1226,1.);
#1226 = DIRECTION('',(-1.,0.));
#1227 = ( GEOMETRIC_REPRESENTATION_CONTEXT(2) 
PARAMETRIC_REPRESENTATION_CONTEXT() REPRESENTATION_CONTEXT('2D SPACE',''
  ) );
#1228 = PCURVE('',#1229,#1234);
#1229 = CONICAL_SURFACE('',#1230,5.15,0.785398163397);
#1230 = AXIS2_PLACEMENT_3D('',#1231,#1232,#1233);
#1231 = CARTESIAN_POINT('',(83.5,-7.,24.076809620811));
#1232 = DIRECTION('',(-0.,-0.,-1.));
#1233 = DIRECTION('',(1.,0.,0.));
#1234 = DEFINITIONAL_REPRESENTATION('',(#1235),#1239);
#1235 = LINE('',#1236,#1237);
#1236 = CARTESIAN_POINT('',(-0.,-3.45));
#1237 = VECTOR('',#1238,1.);
#1238 = DIRECTION('',(-1.,-0.));
#1239 = ( GEOMETRIC_REPRESENTATION_CONTEXT(2) 
PARAMETRIC_REPRESENTATION_CONTEXT() REPRESENTATION_CONTEXT('2D SPACE',''
  ) );
#1240 = ORIENTED_EDGE('',*,*,#1191,.T.);
#1241 = ORIENTED_EDGE('',*,*,#311,.T.);
#1242 = ADVANCED_FACE('',(#1243),#594,.F.);
#1243 = FACE_BOUND('',#1244,.F.);
#1244 = EDGE_LOOP('',(#1245,#1268,#1295,#1296));
#1245 = ORIENTED_EDGE('',*,*,#1246,.F.);
#1246 = EDGE_CURVE('',#1247,#483,#1249,.T.);
#1247 = VERTEX_POINT('',#1248);
#1248 = CARTESIAN_POINT('',(93.7,-11.9,-25.68613005411));
#1249 = SEAM_CURVE('',#1250,(#1254,#1261),.PCURVE_S1.);
#1250 = LINE('',#1251,#1252);
#1251 = CARTESIAN_POINT('',(93.7,-11.9,0.));
#1252 = VECTOR('',#1253,1.);
#1253 = DIRECTION('',(-0.,-0.,-1.));
#1254 = PCURVE('',#594,#1255);
#1255 = DEFINITIONAL_REPRESENTATION('',(#1256),#1260);
#1256 = LINE('',#1257,#1258);
#1257 = CARTESIAN_POINT('',(6.28318530718,0.));
#1258 = VECTOR('',#1259,1.);
#1259 = DIRECTION('',(0.,-1.));
#1260 = ( GEOMETRIC_REPRESENTATION_CONTEXT(2) 
PARAMETRIC_REPRESENTATION_CONTEXT() REPRESENTATION_CONTEXT('2D SPACE',''
  ) );
#1261 = PCURVE('',#594,#1262);
#1262 = DEFINITIONAL_REPRESENTATION('',(#1263),#1267);
#1263 = LINE('',#1264,#1265);
#1264 = CARTESIAN_POINT('',(0.,0.));
#1265 = VECTOR('',#1266,1.);
#1266 = DIRECTION('',(0.,-1.));
#1267 = ( GEOMETRIC_REPRESENTATION_CONTEXT(2) 
PARAMETRIC_REPRESENTATION_CONTEXT() REPRESENTATION_CONTEXT('2D SPACE',''
  ) );
#1268 = ORIENTED_EDGE('',*,*,#1269,.T.);
#1269 = EDGE_CURVE('',#1247,#1247,#1270,.T.);
#1270 = SURFACE_CURVE('',#1271,(#1276,#1283),.PCURVE_S1.);
#1271 = CIRCLE('',#1272,1.7);
#1272 = AXIS2_PLACEMENT_3D('',#1273,#1274,#1275);
#1273 = CARTESIAN_POINT('',(92.,-11.9,-25.68613005411));
#1274 = DIRECTION('',(0.,0.,-1.));
#1275 = DIRECTION('',(1.,0.,0.));
#1276 = PCURVE('',#594,#1277);
#1277 = DEFINITIONAL_REPRESENTATION('',(#1278),#1282);
#1278 = LINE('',#1279,#1280);
#1279 = CARTESIAN_POINT('',(6.28318530718,-25.68613005411));
#1280 = VECTOR('',#1281,1.);
#1281 = DIRECTION('',(-1.,0.));
#1282 = ( GEOMETRIC_REPRESENTATION_CONTEXT(2) 
PARAMETRIC_REPRESENTATION_CONTEXT() REPRESENTATION_CONTEXT('2D SPACE',''
  ) );
#1283 = PCURVE('',#1284,#1289);
#1284 = CONICAL_SURFACE('',#1285,5.15,0.785398163397);
#1285 = AXIS2_PLACEMENT_3D('',#1286,#1287,#1288);
#1286 = CARTESIAN_POINT('',(92.,-11.9,-22.23613005411));
#1287 = DIRECTION('',(-0.,-0.,1.));
#1288 = DIRECTION('',(1.,0.,0.));
#1289 = DEFINITIONAL_REPRESENTATION('',(#1290),#1294);
#1290 = LINE('',#1291,#1292);
#1291 = CARTESIAN_POINT('',(-0.,-3.45));
#1292 = VECTOR('',#1293,1.);
#1293 = DIRECTION('',(-1.,-0.));
#1294 = ( GEOMETRIC_REPRESENTATION_CONTEXT(2) 
PARAMETRIC_REPRESENTATION_CONTEXT() REPRESENTATION_CONTEXT('2D SPACE',''
  ) );
#1295 = ORIENTED_EDGE('',*,*,#1246,.T.);
#1296 = ORIENTED_EDGE('',*,*,#482,.T.);
#1297 = ADVANCED_FACE('',(#1298),#768,.F.);
#1298 = FACE_BOUND('',#1299,.F.);
#1299 = EDGE_LOOP('',(#1300,#1323,#1350,#1351));
#1300 = ORIENTED_EDGE('',*,*,#1301,.F.);
#1301 = EDGE_CURVE('',#1302,#657,#1304,.T.);
#1302 = VERTEX_POINT('',#1303);
#1303 = CARTESIAN_POINT('',(65.7,-11.9,-25.68613005411));
#1304 = SEAM_CURVE('',#1305,(#1309,#1316),.PCURVE_S1.);
#1305 = LINE('',#1306,#1307);
#1306 = CARTESIAN_POINT('',(65.7,-11.9,0.));
#1307 = VECTOR('',#1308,1.);
#1308 = DIRECTION('',(-0.,-0.,-1.));
#1309 = PCURVE('',#768,#1310);
#1310 = DEFINITIONAL_REPRESENTATION('',(#1311),#1315);
#1311 = LINE('',#1312,#1313);
#1312 = CARTESIAN_POINT('',(6.28318530718,0.));
#1313 = VECTOR('',#1314,1.);
#1314 = DIRECTION('',(0.,-1.));
#1315 = ( GEOMETRIC_REPRESENTATION_CONTEXT(2) 
PARAMETRIC_REPRESENTATION_CONTEXT() REPRESENTATION_CONTEXT('2D SPACE',''
  ) );
#1316 = PCURVE('',#768,#1317);
#1317 = DEFINITIONAL_REPRESENTATION('',(#1318),#1322);
#1318 = LINE('',#1319,#1320);
#1319 = CARTESIAN_POINT('',(0.,0.));
#1320 = VECTOR('',#1321,1.);
#1321 = DIRECTION('',(0.,-1.));
#1322 = ( GEOMETRIC_REPRESENTATION_CONTEXT(2) 
PARAMETRIC_REPRESENTATION_CONTEXT() REPRESENTATION_CONTEXT('2D SPACE',''
  ) );
#1323 = ORIENTED_EDGE('',*,*,#1324,.T.);
#1324 = EDGE_CURVE('',#1302,#1302,#1325,.T.);
#1325 = SURFACE_CURVE('',#1326,(#1331,#1338),.PCURVE_S1.);
#1326 = CIRCLE('',#1327,1.7);
#1327 = AXIS2_PLACEMENT_3D('',#1328,#1329,#1330);
#1328 = CARTESIAN_POINT('',(64.,-11.9,-25.68613005411));
#1329 = DIRECTION('',(0.,0.,-1.));
#1330 = DIRECTION('',(1.,0.,0.));
#1331 = PCURVE('',#768,#1332);
#1332 = DEFINITIONAL_REPRESENTATION('',(#1333),#1337);
#1333 = LINE('',#1334,#1335);
#1334 = CARTESIAN_POINT('',(6.28318530718,-25.68613005411));
#1335 = VECTOR('',#1336,1.);
#1336 = DIRECTION('',(-1.,0.));
#1337 = ( GEOMETRIC_REPRESENTATION_CONTEXT(2) 
PARAMETRIC_REPRESENTATION_CONTEXT() REPRESENTATION_CONTEXT('2D SPACE',''
  ) );
#1338 = PCURVE('',#1339,#1344);
#1339 = CONICAL_SURFACE('',#1340,5.15,0.785398163397);
#1340 = AXIS2_PLACEMENT_3D('',#1341,#1342,#1343);
#1341 = CARTESIAN_POINT('',(64.,-11.9,-22.23613005411));
#1342 = DIRECTION('',(-0.,-0.,1.));
#1343 = DIRECTION('',(1.,0.,0.));
#1344 = DEFINITIONAL_REPRESENTATION('',(#1345),#1349);
#1345 = LINE('',#1346,#1347);
#1346 = CARTESIAN_POINT('',(-0.,-3.45));
#1347 = VECTOR('',#1348,1.);
#1348 = DIRECTION('',(-1.,-0.));
#1349 = ( GEOMETRIC_REPRESENTATION_CONTEXT(2) 
PARAMETRIC_REPRESENTATION_CONTEXT() REPRESENTATION_CONTEXT('2D SPACE',''
  ) );
#1350 = ORIENTED_EDGE('',*,*,#1301,.T.);
#1351 = ORIENTED_EDGE('',*,*,#656,.T.);
#1352 = ADVANCED_FACE('',(#1353,#1384,#1579,#2069,#2559,#2730,#2925,
    #3128,#3323,#3526,#3697),#895,.F.);
#1353 = FACE_BOUND('',#1354,.T.);
#1354 = EDGE_LOOP('',(#1355,#1381,#1382,#1383));
#1355 = ORIENTED_EDGE('',*,*,#1356,.F.);
#1356 = EDGE_CURVE('',#1015,#962,#1357,.T.);
#1357 = SURFACE_CURVE('',#1358,(#1363,#1370),.PCURVE_S1.);
#1358 = CIRCLE('',#1359,27.);
#1359 = AXIS2_PLACEMENT_3D('',#1360,#1361,#1362);
#1360 = CARTESIAN_POINT('',(148.,0.,0.));
#1361 = DIRECTION('',(-1.,0.,0.));
#1362 = DIRECTION('',(0.,1.,0.));
#1363 = PCURVE('',#895,#1364);
#1364 = DEFINITIONAL_REPRESENTATION('',(#1365),#1369);
#1365 = LINE('',#1366,#1367);
#1366 = CARTESIAN_POINT('',(-6.28318530718,-149.));
#1367 = VECTOR('',#1368,1.);
#1368 = DIRECTION('',(1.,-0.));
#1369 = ( GEOMETRIC_REPRESENTATION_CONTEXT(2) 
PARAMETRIC_REPRESENTATION_CONTEXT() REPRESENTATION_CONTEXT('2D SPACE',''
  ) );
#1370 = PCURVE('',#977,#1371);
#1371 = DEFINITIONAL_REPRESENTATION('',(#1372),#1380);
#1372 = ( BOUNDED_CURVE() B_SPLINE_CURVE(2,(#1373,#1374,#1375,#1376,
#1377,#1378,#1379),.UNSPECIFIED.,.T.,.F.) B_SPLINE_CURVE_WITH_KNOTS((1,2
    ,2,2,2,1),(-2.094395102393,0.,2.094395102393,4.188790204786,
6.28318530718,8.377580409573),.UNSPECIFIED.) CURVE() 
GEOMETRIC_REPRESENTATION_ITEM() RATIONAL_B_SPLINE_CURVE((1.,0.5,1.,0.5,
1.,0.5,1.)) REPRESENTATION_ITEM('') );
#1373 = CARTESIAN_POINT('',(-5.174794260437E-16,-27.));
#1374 = CARTESIAN_POINT('',(-46.76537180436,-27.));
#1375 = CARTESIAN_POINT('',(-23.38268590218,13.5));
#1376 = CARTESIAN_POINT('',(-7.130572141439E-15,54.));
#1377 = CARTESIAN_POINT('',(23.38268590218,13.5));
#1378 = CARTESIAN_POINT('',(46.76537180436,-27.));
#1379 = CARTESIAN_POINT('',(-5.174794260437E-16,-27.));
#1380 = ( GEOMETRIC_REPRESENTATION_CONTEXT(2) 
PARAMETRIC_REPRESENTATION_CONTEXT() REPRESENTATION_CONTEXT('2D SPACE',''
  ) );
#1381 = ORIENTED_EDGE('',*,*,#1014,.T.);
#1382 = ORIENTED_EDGE('',*,*,#876,.T.);
#1383 = ORIENTED_EDGE('',*,*,#988,.F.);
#1384 = FACE_BOUND('',#1385,.T.);
#1385 = EDGE_LOOP('',(#1386));
#1386 = ORIENTED_EDGE('',*,*,#1387,.T.);
#1387 = EDGE_CURVE('',#1388,#1388,#1390,.T.);
#1388 = VERTEX_POINT('',#1389);
#1389 = CARTESIAN_POINT('',(117.1,-19.09188309203,19.091883092037));
#1390 = SURFACE_CURVE('',#1391,(#1450,#1512),.PCURVE_S1.);
#1391 = B_SPLINE_CURVE_WITH_KNOTS('',8,(#1392,#1393,#1394,#1395,#1396,
    #1397,#1398,#1399,#1400,#1401,#1402,#1403,#1404,#1405,#1406,#1407,
    #1408,#1409,#1410,#1411,#1412,#1413,#1414,#1415,#1416,#1417,#1418,
    #1419,#1420,#1421,#1422,#1423,#1424,#1425,#1426,#1427,#1428,#1429,
    #1430,#1431,#1432,#1433,#1434,#1435,#1436,#1437,#1438,#1439,#1440,
    #1441,#1442,#1443,#1444,#1445,#1446,#1447,#1448,#1449),
  .UNSPECIFIED.,.T.,.F.,(9,7,7,7,7,7,7,7,9),(0.,0.137279016461,
    0.279829334539,0.449927584507,0.595996802437,0.690456079459,
    0.794375677488,0.899144679337,1.),.UNSPECIFIED.);
#1392 = CARTESIAN_POINT('',(117.1,-19.09188309203,19.091883092037));
#1393 = CARTESIAN_POINT('',(117.1,-18.91941234371,19.264353840361));
#1394 = CARTESIAN_POINT('',(117.06762353506,-18.74905952676,
    19.431145361849));
#1395 = CARTESIAN_POINT('',(117.00543026759,-18.58443063008,
    19.588933632062));
#1396 = CARTESIAN_POINT('',(116.91675252626,-18.4288627124,
    19.735052558391));
#1397 = CARTESIAN_POINT('',(116.80566188676,-18.28529338521,
    19.86750477209));
#1398 = CARTESIAN_POINT('',(116.67692535579,-18.15605199238,
    19.984967338314));
#1399 = CARTESIAN_POINT('',(116.53595500694,-18.04263210461,
    20.0868196994));
#1400 = CARTESIAN_POINT('',(116.23590257195,-17.84464825471,
    20.262940316337));
#1401 = CARTESIAN_POINT('',(116.07283594416,-17.75905224107,
    20.338051696819));
#1402 = CARTESIAN_POINT('',(115.90237618245,-17.68843870245,
    20.399368001502));
#1403 = CARTESIAN_POINT('',(115.72665346692,-17.63244811153,
    20.447617737471));
#1404 = CARTESIAN_POINT('',(115.54731608578,-17.59072781638,
    20.483390680426));
#1405 = CARTESIAN_POINT('',(115.36568912492,-17.56300160652,
    20.507103827807));
#1406 = CARTESIAN_POINT('',(115.18290149233,-17.54912419908,
    20.518972680064));
#1407 = CARTESIAN_POINT('',(114.78175268787,-17.54912419908,
    20.518972680064));
#1408 = CARTESIAN_POINT('',(114.56280139967,-17.56888403775,
    20.50207261224));
#1409 = CARTESIAN_POINT('',(114.34536390034,-17.60862557069,
    20.468083938305));
#1410 = CARTESIAN_POINT('',(114.13176021921,-17.66871942523,
    20.416502104193));
#1411 = CARTESIAN_POINT('',(113.92470176934,-17.74963840084,
    20.346547346977));
#1412 = CARTESIAN_POINT('',(113.72752055251,-17.85190722998,
    20.257156749306));
#1413 = CARTESIAN_POINT('',(113.54455664882,-17.97596782735,
    20.147042562946));
#1414 = CARTESIAN_POINT('',(113.24226238657,-18.24717823139,
    19.901483786571));
#1415 = CARTESIAN_POINT('',(113.11256863435,-18.39309880206,
    19.767733395819));
#1416 = CARTESIAN_POINT('',(113.00387646422,-18.55698181679,
    19.615110767151));
#1417 = CARTESIAN_POINT('',(112.92446730068,-18.73427170993,
    19.446691146944));
#1418 = CARTESIAN_POINT('',(112.87985301222,-18.91905308133,
    19.267021658922));
#1419 = CARTESIAN_POINT('',(112.87266757984,-19.10505755738,
    19.081747276072));
#1420 = CARTESIAN_POINT('',(112.90254646068,-19.2862932512,
    18.897088237745));
#1421 = CARTESIAN_POINT('',(113.00699323117,-19.56837470812,
    18.603877074208));
#1422 = CARTESIAN_POINT('',(113.06235200729,-19.67583686155,
    18.490616264479));
#1423 = CARTESIAN_POINT('',(113.13166094916,-19.77899434872,
    18.38039589429));
#1424 = CARTESIAN_POINT('',(113.2143468107,-19.87694591366,
    18.274356713628));
#1425 = CARTESIAN_POINT('',(113.30965889212,-19.96887576377,
    18.17361438929));
#1426 = CARTESIAN_POINT('',(113.4166783731,-20.05405524136,
    18.079237128378));
#1427 = CARTESIAN_POINT('',(113.53433192781,-20.13184849629,
    17.992214088716));
#1428 = CARTESIAN_POINT('',(113.80121444817,-20.27859383672,
    17.826723105241));
#1429 = CARTESIAN_POINT('',(113.95243157461,-20.34588298565,
    17.749982018533));
#1430 = CARTESIAN_POINT('',(114.11346278258,-20.40288156489,
    17.684345802616));
#1431 = CARTESIAN_POINT('',(114.28254072275,-20.44903633214,
    17.630792940617));
#1432 = CARTESIAN_POINT('',(114.45776337736,-20.48393381362,
    17.590093060079));
#1433 = CARTESIAN_POINT('',(114.63712912501,-20.50729398723,
    17.562779057434));
#1434 = CARTESIAN_POINT('',(114.81857240767,-20.51897268006,
    17.549124199081));
#1435 = CARTESIAN_POINT('',(115.18291052039,-20.51897268006,
    17.549124199081));
#1436 = CARTESIAN_POINT('',(115.36569769618,-20.50710267748,
    17.563002949243));
#1437 = CARTESIAN_POINT('',(115.54732036829,-20.48338929106,
    17.590729444743));
#1438 = CARTESIAN_POINT('',(115.72665360943,-20.44761716824,
    17.632448755522));
#1439 = CARTESIAN_POINT('',(115.90237448631,-20.39936846797,
    17.688438143507));
#1440 = CARTESIAN_POINT('',(116.07283482997,-20.33805238853,
    17.759051467587));
#1441 = CARTESIAN_POINT('',(116.23590278608,-20.26294019064,
    17.844648396008));
#1442 = CARTESIAN_POINT('',(116.53589720567,-20.08685362678,
    18.042593965553));
#1443 = CARTESIAN_POINT('',(116.67688763255,-19.98500450645,
    18.156011054652));
#1444 = CARTESIAN_POINT('',(116.80566927803,-19.86751655826,
    18.285281571791));
#1445 = CARTESIAN_POINT('',(116.91679498635,-19.73502109405,
    18.428898276485));
#1446 = CARTESIAN_POINT('',(117.00548011958,-19.58885822479,
    18.584511529836));
#1447 = CARTESIAN_POINT('',(117.06765307996,-19.43104682046,
    18.749161315541));
#1448 = CARTESIAN_POINT('',(117.1,-19.26427514135,18.919491042718));
#1449 = CARTESIAN_POINT('',(117.1,-19.09188309203,19.091883092037));
#1450 = PCURVE('',#895,#1451);
#1451 = DEFINITIONAL_REPRESENTATION('',(#1452),#1511);
#1452 = B_SPLINE_CURVE_WITH_KNOTS('',8,(#1453,#1454,#1455,#1456,#1457,
    #1458,#1459,#1460,#1461,#1462,#1463,#1464,#1465,#1466,#1467,#1468,
    #1469,#1470,#1471,#1472,#1473,#1474,#1475,#1476,#1477,#1478,#1479,
    #1480,#1481,#1482,#1483,#1484,#1485,#1486,#1487,#1488,#1489,#1490,
    #1491,#1492,#1493,#1494,#1495,#1496,#1497,#1498,#1499,#1500,#1501,
    #1502,#1503,#1504,#1505,#1506,#1507,#1508,#1509,#1510),
  .UNSPECIFIED.,.T.,.F.,(9,7,7,7,7,7,7,7,9),(0.,0.137279016461,
    0.279829334539,0.449927584507,0.595996802437,0.690456079459,
    0.794375677488,0.899144679337,1.),.UNSPECIFIED.);
#1453 = CARTESIAN_POINT('',(-2.356194490192,-118.1));
#1454 = CARTESIAN_POINT('',(-2.34716076903,-118.1));
#1455 = CARTESIAN_POINT('',(-2.338331247159,-118.067623535));
#1456 = CARTESIAN_POINT('',(-2.329886302302,-118.0054302675));
#1457 = CARTESIAN_POINT('',(-2.32198221301,-117.9167525262));
#1458 = CARTESIAN_POINT('',(-2.314748024781,-117.8056618867));
#1459 = CARTESIAN_POINT('',(-2.308279892897,-117.6769253557));
#1460 = CARTESIAN_POINT('',(-2.302634027953,-117.5359550069));
#1461 = CARTESIAN_POINT('',(-2.292819836741,-117.2359025719));
#1462 = CARTESIAN_POINT('',(-2.288602197501,-117.0728359441));
#1463 = CARTESIAN_POINT('',(-2.285138557927,-116.9023761824));
#1464 = CARTESIAN_POINT('',(-2.282401094682,-116.7266534669));
#1465 = CARTESIAN_POINT('',(-2.280365647592,-116.5473160857));
#1466 = CARTESIAN_POINT('',(-2.279014401315,-116.3656891249));
#1467 = CARTESIAN_POINT('',(-2.278338080248,-116.1829014923));
#1468 = CARTESIAN_POINT('',(-2.278338080248,-115.7817526878));
#1469 = CARTESIAN_POINT('',(-2.279301088442,-115.5628013996));
#1470 = CARTESIAN_POINT('',(-2.281237888192,-115.3453639003));
#1471 = CARTESIAN_POINT('',(-2.284171056282,-115.1317602192));
#1472 = CARTESIAN_POINT('',(-2.288132675816,-114.9247017693));
#1473 = CARTESIAN_POINT('',(-2.293163210636,-114.7275205525));
#1474 = CARTESIAN_POINT('',(-2.299306613053,-114.5445566488));
#1475 = CARTESIAN_POINT('',(-2.312857016643,-114.2422623865));
#1476 = CARTESIAN_POINT('',(-2.320188152692,-114.1125686343));
#1477 = CARTESIAN_POINT('',(-2.328481968232,-114.0038764642));
#1478 = CARTESIAN_POINT('',(-2.337537835617,-113.9244673006));
#1479 = CARTESIAN_POINT('',(-2.347082061565,-113.8798530122));
#1480 = CARTESIAN_POINT('',(-2.356804520144,-113.8726675798));
#1481 = CARTESIAN_POINT('',(-2.366386929047,-113.9025464606));
#1482 = CARTESIAN_POINT('',(-2.381456167272,-114.0069932311));
#1483 = CARTESIAN_POINT('',(-2.387238567884,-114.0623520072));
#1484 = CARTESIAN_POINT('',(-2.392829598318,-114.1316609491));
#1485 = CARTESIAN_POINT('',(-2.398175925234,-114.2143468107));
#1486 = CARTESIAN_POINT('',(-2.403226958721,-114.3096588921));
#1487 = CARTESIAN_POINT('',(-2.40793546968,-114.4166783731));
#1488 = CARTESIAN_POINT('',(-2.412258594652,-114.5343319278));
#1489 = CARTESIAN_POINT('',(-2.42045051919,-114.8012144481));
#1490 = CARTESIAN_POINT('',(-2.424230600701,-114.9524315746));
#1491 = CARTESIAN_POINT('',(-2.427450209083,-115.1134627825));
#1492 = CARTESIAN_POINT('',(-2.430068622087,-115.2825407227));
#1493 = CARTESIAN_POINT('',(-2.432054272257,-115.4577633773));
#1494 = CARTESIAN_POINT('',(-2.43338542199,-115.637129125));
#1495 = CARTESIAN_POINT('',(-2.434050900137,-115.8185724076));
#1496 = CARTESIAN_POINT('',(-2.434050900137,-116.1829105203));
#1497 = CARTESIAN_POINT('',(-2.433374513588,-116.3656976961));
#1498 = CARTESIAN_POINT('',(-2.432023253511,-116.5473203682));
#1499 = CARTESIAN_POINT('',(-2.429987853869,-116.7266536094));
#1500 = CARTESIAN_POINT('',(-2.427250449422,-116.9023744863));
#1501 = CARTESIAN_POINT('',(-2.423786821309,-117.0728348299));
#1502 = CARTESIAN_POINT('',(-2.41956913664,-117.235902786));
#1503 = CARTESIAN_POINT('',(-2.40975684301,-117.5358972056));
#1504 = CARTESIAN_POINT('',(-2.404111135331,-117.6768876325));
#1505 = CARTESIAN_POINT('',(-2.397641572721,-117.805669278));
#1506 = CARTESIAN_POINT('',(-2.390405009314,-117.9167949863));
#1507 = CARTESIAN_POINT('',(-2.38249858288,-118.0054801195));
#1508 = CARTESIAN_POINT('',(-2.374052486779,-118.0676530799));
#1509 = CARTESIAN_POINT('',(-2.365224089237,-118.1));
#1510 = CARTESIAN_POINT('',(-2.356194490192,-118.1));
#1511 = ( GEOMETRIC_REPRESENTATION_CONTEXT(2) 
PARAMETRIC_REPRESENTATION_CONTEXT() REPRESENTATION_CONTEXT('2D SPACE',''
  ) );
#1512 = PCURVE('',#1513,#1518);
#1513 = CYLINDRICAL_SURFACE('',#1514,2.1);
#1514 = AXIS2_PLACEMENT_3D('',#1515,#1516,#1517);
#1515 = CARTESIAN_POINT('',(115.,-18.73832970144,18.738329701444));
#1516 = DIRECTION('',(-0.,0.707106781187,-0.707106781187));
#1517 = DIRECTION('',(1.,0.,0.));
#1518 = DEFINITIONAL_REPRESENTATION('',(#1519),#1578);
#1519 = B_SPLINE_CURVE_WITH_KNOTS('',8,(#1520,#1521,#1522,#1523,#1524,
    #1525,#1526,#1527,#1528,#1529,#1530,#1531,#1532,#1533,#1534,#1535,
    #1536,#1537,#1538,#1539,#1540,#1541,#1542,#1543,#1544,#1545,#1546,
    #1547,#1548,#1549,#1550,#1551,#1552,#1553,#1554,#1555,#1556,#1557,
    #1558,#1559,#1560,#1561,#1562,#1563,#1564,#1565,#1566,#1567,#1568,
    #1569,#1570,#1571,#1572,#1573,#1574,#1575,#1576,#1577),
  .UNSPECIFIED.,.F.,.F.,(9,7,7,7,7,7,7,7,9),(0.,0.137279016461,
    0.279829334539,0.449927584507,0.595996802437,0.690456079459,
    0.794375677488,0.899144679337,1.),.UNSPECIFIED.);
#1520 = CARTESIAN_POINT('',(0.,-0.5));
#1521 = CARTESIAN_POINT('',(-0.116147843521,-0.5));
#1522 = CARTESIAN_POINT('',(-0.229670173476,-0.497481783833));
#1523 = CARTESIAN_POINT('',(-0.34062148885,-0.492644730465));
#1524 = CARTESIAN_POINT('',(-0.448914346696,-0.485963284611));
#1525 = CARTESIAN_POINT('',(-0.554331536509,-0.478102298269));
#1526 = CARTESIAN_POINT('',(-0.656493602572,-0.469773410105));
#1527 = CARTESIAN_POINT('',(-0.754783480781,-0.461593933541));
#1528 = CARTESIAN_POINT('',(-0.9452647544,-0.446134293259));
#1529 = CARTESIAN_POINT('',(-1.039297123897,-0.438720538051));
#1530 = CARTESIAN_POINT('',(-1.130953862066,-0.43214640089));
#1531 = CARTESIAN_POINT('',(-1.220749268063,-0.426672789864));
#1532 = CARTESIAN_POINT('',(-1.309162547986,-0.422467376793));
#1533 = CARTESIAN_POINT('',(-1.396658765924,-0.4196297131));
#1534 = CARTESIAN_POINT('',(-1.483700378064,-0.41820945011));
#1535 = CARTESIAN_POINT('',(-1.674723618281,-0.41820945011));
#1536 = CARTESIAN_POINT('',(-1.778985558295,-0.420231613469));
#1537 = CARTESIAN_POINT('',(-1.88423993264,-0.424299499083));
#1538 = CARTESIAN_POINT('',(-1.991130416395,-0.43031840645));
#1539 = CARTESIAN_POINT('',(-2.100347505927,-0.438071279624));
#1540 = CARTESIAN_POINT('',(-2.212653065045,-0.447177564427));
#1541 = CARTESIAN_POINT('',(-2.328945461467,-0.457039166226));
#1542 = CARTESIAN_POINT('',(-2.554775758107,-0.475177606097));
#1543 = CARTESIAN_POINT('',(-2.666701894908,-0.483783222845));
#1544 = CARTESIAN_POINT('',(-2.783538998222,-0.491745518188));
#1545 = CARTESIAN_POINT('',(-2.903589962118,-0.498017748333));
#1546 = CARTESIAN_POINT('',(-3.025629321677,-0.501632395731));
#1547 = CARTESIAN_POINT('',(-3.148595514629,-0.502148649581));
#1548 = CARTESIAN_POINT('',(-3.271466640931,-0.499727979472));
#1549 = CARTESIAN_POINT('',(-3.471460930782,-0.491858088449));
#1550 = CARTESIAN_POINT('',(-3.55000303799,-0.487757819257));
#1551 = CARTESIAN_POINT('',(-3.628540101753,-0.482763606778));
#1552 = CARTESIAN_POINT('',(-3.707076056825,-0.477044798859));
#1553 = CARTESIAN_POINT('',(-3.785615646498,-0.470813438575));
#1554 = CARTESIAN_POINT('',(-3.864159312916,-0.464309623613));
#1555 = CARTESIAN_POINT('',(-3.942702389657,-0.457783180243));
#1556 = CARTESIAN_POINT('',(-4.107640391242,-0.444528008928));
#1557 = CARTESIAN_POINT('',(-4.194036941758,-0.437844479631));
#1558 = CARTESIAN_POINT('',(-4.280425689799,-0.431736748157));
#1559 = CARTESIAN_POINT('',(-4.366810571287,-0.426505505199));
#1560 = CARTESIAN_POINT('',(-4.453198190185,-0.422402589478));
#1561 = CARTESIAN_POINT('',(-4.539593485113,-0.419606810155));
#1562 = CARTESIAN_POINT('',(-4.625994888803,-0.41820945011));
#1563 = CARTESIAN_POINT('',(-4.799489228193,-0.41820945011));
#1564 = CARTESIAN_POINT('',(-4.88653061141,-0.419629849146));
#1565 = CARTESIAN_POINT('',(-4.974024954869,-0.422467545793));
#1566 = CARTESIAN_POINT('',(-5.062436284903,-0.426672842723));
#1567 = CARTESIAN_POINT('',(-5.15223059908,-0.432146335502));
#1568 = CARTESIAN_POINT('',(-5.243887465095,-0.438720480235));
#1569 = CARTESIAN_POINT('',(-5.337920688718,-0.446134304292));
#1570 = CARTESIAN_POINT('',(-5.528365132617,-0.461590955439));
#1571 = CARTESIAN_POINT('',(-5.626660847486,-0.4697707446));
#1572 = CARTESIAN_POINT('',(-5.728849657499,-0.478102279005));
#1573 = CARTESIAN_POINT('',(-5.834299582094,-0.485966183567));
#1574 = CARTESIAN_POINT('',(-5.942619682602,-0.492648614237));
#1575 = CARTESIAN_POINT('',(-6.053582597541,-0.49748408008));
#1576 = CARTESIAN_POINT('',(-6.167090462326,-0.5));
#1577 = CARTESIAN_POINT('',(-6.28318530718,-0.5));
#1578 = ( GEOMETRIC_REPRESENTATION_CONTEXT(2) 
PARAMETRIC_REPRESENTATION_CONTEXT() REPRESENTATION_CONTEXT('2D SPACE',''
  ) );
#1579 = FACE_BOUND('',#1580,.T.);
#1580 = EDGE_LOOP('',(#1581));
#1581 = ORIENTED_EDGE('',*,*,#1582,.F.);
#1582 = EDGE_CURVE('',#1583,#1583,#1585,.T.);
#1583 = VERTEX_POINT('',#1584);
#1584 = CARTESIAN_POINT('',(99.65,-7.,26.076809620811));
#1585 = SURFACE_CURVE('',#1586,(#1745,#1907),.PCURVE_S1.);
#1586 = B_SPLINE_CURVE_WITH_KNOTS('',7,(#1587,#1588,#1589,#1590,#1591,
    #1592,#1593,#1594,#1595,#1596,#1597,#1598,#1599,#1600,#1601,#1602,
    #1603,#1604,#1605,#1606,#1607,#1608,#1609,#1610,#1611,#1612,#1613,
    #1614,#1615,#1616,#1617,#1618,#1619,#1620,#1621,#1622,#1623,#1624,
    #1625,#1626,#1627,#1628,#1629,#1630,#1631,#1632,#1633,#1634,#1635,
    #1636,#1637,#1638,#1639,#1640,#1641,#1642,#1643,#1644,#1645,#1646,
    #1647,#1648,#1649,#1650,#1651,#1652,#1653,#1654,#1655,#1656,#1657,
    #1658,#1659,#1660,#1661,#1662,#1663,#1664,#1665,#1666,#1667,#1668,
    #1669,#1670,#1671,#1672,#1673,#1674,#1675,#1676,#1677,#1678,#1679,
    #1680,#1681,#1682,#1683,#1684,#1685,#1686,#1687,#1688,#1689,#1690,
    #1691,#1692,#1693,#1694,#1695,#1696,#1697,#1698,#1699,#1700,#1701,
    #1702,#1703,#1704,#1705,#1706,#1707,#1708,#1709,#1710,#1711,#1712,
    #1713,#1714,#1715,#1716,#1717,#1718,#1719,#1720,#1721,#1722,#1723,
    #1724,#1725,#1726,#1727,#1728,#1729,#1730,#1731,#1732,#1733,#1734,
    #1735,#1736,#1737,#1738,#1739,#1740,#1741,#1742,#1743,#1744),
  .UNSPECIFIED.,.T.,.F.,(8,6,6,6,6,6,6,6,6,6,6,6,6,6,6,6,6,6,6,6,6,6,6,6
    ,6,6,8),(0.,6.904897863036E-02,9.652847455817E-02,0.155745387989,
    0.211168993056,0.235779844528,0.258351238931,0.297320431577,
    0.3432595027,0.365943383843,0.390615646767,0.446112074141,
    0.505656387304,0.533138575514,0.558566265416,0.605515652125,
    0.640466537824,0.657295100533,0.687038951921,0.720393585148,
    0.743802298506,0.800728052104,0.858057827787,0.880900078204,
    0.914819214445,0.944485038164,1.),.UNSPECIFIED.);
#1587 = CARTESIAN_POINT('',(99.65,-7.,26.076809620811));
#1588 = CARTESIAN_POINT('',(99.714089075895,-7.238748375841,
    26.012720544916));
#1589 = CARTESIAN_POINT('',(99.761437323218,-7.483593836554,
    25.944260832279));
#1590 = CARTESIAN_POINT('',(99.79143750359,-7.731740659074,
    25.871901327481));
#1591 = CARTESIAN_POINT('',(99.804280161137,-7.980646571509,
    25.796218809228));
#1592 = CARTESIAN_POINT('',(99.800595164,-8.228088677989,25.717878835303
    ));
#1593 = CARTESIAN_POINT('',(99.781291543546,-8.472158277018,
    25.6375962862));
#1594 = CARTESIAN_POINT('',(99.733942191508,-8.806407648746,
    25.523661384842));
#1595 = CARTESIAN_POINT('',(99.718151778143,-8.900801889719,
    25.491024049463));
#1596 = CARTESIAN_POINT('',(99.700112009062,-8.994350536718,
    25.458224394193));
#1597 = CARTESIAN_POINT('',(99.679885683258,-9.086976456485,
    25.425301942225));
#1598 = CARTESIAN_POINT('',(99.657535269867,-9.178611178716,
    25.392295245143));
#1599 = CARTESIAN_POINT('',(99.63312153635,-9.269194171312,
    25.359241687623));
#1600 = CARTESIAN_POINT('',(99.549769802833,-9.551492526055,
    25.254925204707));
#1601 = CARTESIAN_POINT('',(99.48353512776,-9.739142597399,
    25.183637120377));
#1602 = CARTESIAN_POINT('',(99.408567330354,-9.921146184828,
    25.112653855506));
#1603 = CARTESIAN_POINT('',(99.325381473379,-10.0970831623,
    25.042321091421));
#1604 = CARTESIAN_POINT('',(99.234432817233,-10.26657861032,
    24.972984804265));
#1605 = CARTESIAN_POINT('',(99.136101937227,-10.4292870491,
    24.904990948254));
#1606 = CARTESIAN_POINT('',(98.931993053788,-10.7304899656,
    24.776634971753));
#1607 = CARTESIAN_POINT('',(98.827121810092,-10.86982917938,
    24.716079485275));
#1608 = CARTESIAN_POINT('',(98.716295544257,-11.00261523525,
    24.657310057731));
#1609 = CARTESIAN_POINT('',(98.599734182053,-11.12849868629,
    24.600651708209));
#1610 = CARTESIAN_POINT('',(98.47765159898,-11.24706972627,
    24.54646392914));
#1611 = CARTESIAN_POINT('',(98.350264860694,-11.35786678312,
    24.495135847872));
#1612 = CARTESIAN_POINT('',(98.158979050083,-11.50589917628,
    24.425740758819));
#1613 = CARTESIAN_POINT('',(98.099161209134,-11.54978251172,
    24.405048380131));
#1614 = CARTESIAN_POINT('',(98.038369376577,-11.59198237681,
    24.385039726842));
#1615 = CARTESIAN_POINT('',(97.976629061581,-11.63244935319,
    24.365753196152));
#1616 = CARTESIAN_POINT('',(97.913968930645,-11.6711317758,
    24.347228181251));
#1617 = CARTESIAN_POINT('',(97.850421306272,-11.70797653333,
    24.329504562255));
#1618 = CARTESIAN_POINT('',(97.726960624737,-11.77498668368,
    24.297138843341));
#1619 = CARTESIAN_POINT('',(97.667182926831,-11.8054524776,
    24.282363134394));
#1620 = CARTESIAN_POINT('',(97.606718233115,-11.83428560422,
    24.268325879828));
#1621 = CARTESIAN_POINT('',(97.545598475148,-11.86144386026,
    24.255057915402));
#1622 = CARTESIAN_POINT('',(97.483859229696,-11.88688536383,
    24.242589524698));
#1623 = CARTESIAN_POINT('',(97.421540093558,-11.91056943301,
    24.230949860685));
#1624 = CARTESIAN_POINT('',(97.250166730701,-11.97024684058,
    24.201548818735));
#1625 = CARTESIAN_POINT('',(97.140039771444,-12.00268641953,
    24.185481382337));
#1626 = CARTESIAN_POINT('',(97.028546984526,-12.02957072883,
    24.172108840865));
#1627 = CARTESIAN_POINT('',(96.915953235751,-12.05072323351,
    24.161555055156));
#1628 = CARTESIAN_POINT('',(96.802547563,-12.06600731586,24.153915425166
    ));
#1629 = CARTESIAN_POINT('',(96.688645286416,-12.07533725529,
    24.149249351016));
#1630 = CARTESIAN_POINT('',(96.440135486323,-12.08264067815,
    24.145596156723));
#1631 = CARTESIAN_POINT('',(96.305494145015,-12.07828413873,
    24.147774338589));
#1632 = CARTESIAN_POINT('',(96.171223043908,-12.06558825055,
    24.154130197742));
#1633 = CARTESIAN_POINT('',(96.037838473133,-12.04464559422,
    24.164601798801));
#1634 = CARTESIAN_POINT('',(95.905820988176,-12.01564789374,
    24.179054975661));
#1635 = CARTESIAN_POINT('',(95.77561927541,-11.97886904065,
    24.197295840512));
#1636 = CARTESIAN_POINT('',(95.584465509601,-11.91282428002,
    24.229841312564));
#1637 = CARTESIAN_POINT('',(95.52181564647,-11.88917742428,
    24.241465454125));
#1638 = CARTESIAN_POINT('',(95.459748214638,-11.86375435371,
    24.253927848996));
#1639 = CARTESIAN_POINT('',(95.39830357242,-11.83659623317,
    24.267199011835));
#1640 = CARTESIAN_POINT('',(95.33751797389,-11.80774548803,
    24.281248280856));
#1641 = CARTESIAN_POINT('',(95.277423951651,-11.77724490219,
    24.296044411878));
#1642 = CARTESIAN_POINT('',(95.15347301661,-11.71021404969,
    24.32842763413));
#1643 = CARTESIAN_POINT('',(95.089748185453,-11.67338969996,
    24.346145636182));
#1644 = CARTESIAN_POINT('',(95.026913079868,-11.63471778433,
    24.364670073881));
#1645 = CARTESIAN_POINT('',(94.965000361099,-11.5942517935,
    24.383960803642));
#1646 = CARTESIAN_POINT('',(94.904038983206,-11.55204377806,
    24.40397816045));
#1647 = CARTESIAN_POINT('',(94.844054698395,-11.50814353518,
    24.424683475364));
#1648 = CARTESIAN_POINT('',(94.652394900069,-11.36014972009,
    24.49407686615));
#1649 = CARTESIAN_POINT('',(94.524802262444,-11.24939367454,
    24.545398669516));
#1650 = CARTESIAN_POINT('',(94.40251992673,-11.13084294037,
    24.599591014078));
#1651 = CARTESIAN_POINT('',(94.285765755036,-11.00496112045,
    24.656263312482));
#1652 = CARTESIAN_POINT('',(94.174754141314,-10.87215980203,
    24.715054740969));
#1653 = CARTESIAN_POINT('',(94.069705350918,-10.73278984874,
    24.775639144371));
#1654 = CARTESIAN_POINT('',(93.864801289239,-10.43083815851,
    24.904346593986));
#1655 = CARTESIAN_POINT('',(93.765914232396,-10.26734982459,
    24.972677999658));
#1656 = CARTESIAN_POINT('',(93.674482422494,-10.09700318663,
    25.042367419043));
#1657 = CARTESIAN_POINT('',(93.590892158494,-9.920148908145,
    25.113063577123));
#1658 = CARTESIAN_POINT('',(93.515605954378,-9.737167735578,
    25.184415148061));
#1659 = CARTESIAN_POINT('',(93.449147260392,-9.548486684271,
    25.256071082321));
#1660 = CARTESIAN_POINT('',(93.365762485493,-9.265098760789,
    25.360738280958));
#1661 = CARTESIAN_POINT('',(93.341436503043,-9.174504843282,
    25.393779230686));
#1662 = CARTESIAN_POINT('',(93.319174405851,-9.082861802998,
    25.42677215557));
#1663 = CARTESIAN_POINT('',(93.299036951905,-8.990230301287,
    25.459679680347));
#1664 = CARTESIAN_POINT('',(93.281086577589,-8.896678953471,
    25.492463263126));
#1665 = CARTESIAN_POINT('',(93.265386022131,-8.802285052922,
    25.525083391552));
#1666 = CARTESIAN_POINT('',(93.239608814698,-8.619098690586,
    25.58749279994));
#1667 = CARTESIAN_POINT('',(93.229199523662,-8.530415291331,
    25.617311313159));
#1668 = CARTESIAN_POINT('',(93.220817916822,-8.441154863462,
    25.646923055214));
#1669 = CARTESIAN_POINT('',(93.214512029589,-8.351394718461,
    25.676295022501));
#1670 = CARTESIAN_POINT('',(93.21032754962,-8.261220071398,
    25.705393728672));
#1671 = CARTESIAN_POINT('',(93.208306271533,-8.170724399127,
    25.734185462071));
#1672 = CARTESIAN_POINT('',(93.208813725879,-7.912515429906,
    25.815168283759));
#1673 = CARTESIAN_POINT('',(93.21664148062,-7.744239062274,
    25.866549856779));
#1674 = CARTESIAN_POINT('',(93.232201891213,-7.575874046194,
    25.916552366848));
#1675 = CARTESIAN_POINT('',(93.255649599477,-7.408159630108,
    25.964966650246));
#1676 = CARTESIAN_POINT('',(93.287043606346,-7.24187902757,
    26.011607860549));
#1677 = CARTESIAN_POINT('',(93.326321294044,-7.077852174659,
    26.056318346979));
#1678 = CARTESIAN_POINT('',(93.40820760575,-6.797121591687,
    26.130719442631));
#1679 = CARTESIAN_POINT('',(93.447405725682,-6.679016290057,
    26.161333843092));
#1680 = CARTESIAN_POINT('',(93.490770831641,-6.562948126125,
    26.190760257807));
#1681 = CARTESIAN_POINT('',(93.538182056232,-6.449227788428,
    26.218965180303));
#1682 = CARTESIAN_POINT('',(93.589487810163,-6.338136664669,
    26.245930561042));
#1683 = CARTESIAN_POINT('',(93.644509721812,-6.229927705792,
    26.271651001717));
#1684 = CARTESIAN_POINT('',(93.731231588858,-6.074220826719,
    26.307917842201));
#1685 = CARTESIAN_POINT('',(93.760232516181,-6.024334111575,
    26.31941751051));
#1686 = CARTESIAN_POINT('',(93.790027417862,-5.975190030204,
    26.330630820817));
#1687 = CARTESIAN_POINT('',(93.820593899538,-5.926810468787,
    26.3415591796));
#1688 = CARTESIAN_POINT('',(93.851909113388,-5.879215314119,
    26.352204533484));
#1689 = CARTESIAN_POINT('',(93.883949758133,-5.832422453612,
    26.362569369243));
#1690 = CARTESIAN_POINT('',(93.974562899253,-5.705189261228,
    26.390485715746));
#1691 = CARTESIAN_POINT('',(94.034626052707,-5.626486831612,
    26.407447698784));
#1692 = CARTESIAN_POINT('',(94.096751835747,-5.550428159332,
    26.423559062906));
#1693 = CARTESIAN_POINT('',(94.160810193157,-5.477081810033,
    26.438840255451));
#1694 = CARTESIAN_POINT('',(94.226672747508,-5.406499853095,
    26.453314547614));
#1695 = CARTESIAN_POINT('',(94.294214828497,-5.338720472624,
    26.467006810946));
#1696 = CARTESIAN_POINT('',(94.4408089579,-5.200936032886,
    26.494448091459));
#1697 = CARTESIAN_POINT('',(94.520262103934,-5.131660371005,
    26.508002079482));
#1698 = CARTESIAN_POINT('',(94.601510830045,-5.065979300119,
    26.520640542424));
#1699 = CARTESIAN_POINT('',(94.68439618691,-5.003913047689,
    26.53239995454));
#1700 = CARTESIAN_POINT('',(94.768767800874,-4.945469464968,
    26.543316089788));
#1701 = CARTESIAN_POINT('',(94.854485288599,-4.890647130644,
    26.553423131763));
#1702 = CARTESIAN_POINT('',(95.002431347099,-4.803499542707,
    26.569300454107));
#1703 = CARTESIAN_POINT('',(95.064041824599,-4.769340976601,
    26.575465157092));
#1704 = CARTESIAN_POINT('',(95.126206190855,-4.736959844669,
    26.581257928274));
#1705 = CARTESIAN_POINT('',(95.188881431846,-4.706352606358,
    26.586689094074));
#1706 = CARTESIAN_POINT('',(95.25202643289,-4.677515092071,
    26.591768271662));
#1707 = CARTESIAN_POINT('',(95.31560197864,-4.650442503169,
    26.596504368958));
#1708 = CARTESIAN_POINT('',(95.535131233347,-4.563572556184,
    26.611608544473));
#1709 = CARTESIAN_POINT('',(95.693008093585,-4.512425419627,
    26.620330339081));
#1710 = CARTESIAN_POINT('',(95.85267796456,-4.471607419379,
    26.627189512335));
#1711 = CARTESIAN_POINT('',(96.01365129527,-4.441050729513,
    26.632274127681));
#1712 = CARTESIAN_POINT('',(96.175471551844,-4.420699593806,
    26.635643824149));
#1713 = CARTESIAN_POINT('',(96.337715580877,-4.410520003823,
    26.637329319883));
#1714 = CARTESIAN_POINT('',(96.663426448571,-4.410519479057,
    26.637329406772));
#1715 = CARTESIAN_POINT('',(96.826489752564,-4.420840739164,
    26.63562058937));
#1716 = CARTESIAN_POINT('',(96.988957072365,-4.441408619897,
    26.632214810309));
#1717 = CARTESIAN_POINT('',(97.150510410291,-4.472238809645,
    26.627084259003));
#1718 = CARTESIAN_POINT('',(97.310747202435,-4.513400967977,
    26.620166241971));
#1719 = CARTESIAN_POINT('',(97.469185773319,-4.56498210563,
    26.611368009878));
#1720 = CARTESIAN_POINT('',(97.687460691121,-4.651780038166,
    26.596269899322));
#1721 = CARTESIAN_POINT('',(97.749276715863,-4.678174711787,
    26.591651026348));
#1722 = CARTESIAN_POINT('',(97.810684460625,-4.706238952902,
    26.586707395093));
#1723 = CARTESIAN_POINT('',(97.871647822215,-4.735977169307,
    26.581430799845));
#1724 = CARTESIAN_POINT('',(97.932128998399,-4.767393209064,
    26.575812399735));
#1725 = CARTESIAN_POINT('',(97.992088487901,-4.8004903605,
    26.569842718741));
#1726 = CARTESIAN_POINT('',(98.139684870009,-4.886918680074,
    26.554110447224));
#1727 = CARTESIAN_POINT('',(98.226642286504,-4.942277954777,
    26.543912514369));
#1728 = CARTESIAN_POINT('',(98.312223526538,-5.001357356874,
    26.532884954409));
#1729 = CARTESIAN_POINT('',(98.396282727461,-5.064158668459,
    26.520992230623));
#1730 = CARTESIAN_POINT('',(98.478663481649,-5.130673965721,
    26.50819710852));
#1731 = CARTESIAN_POINT('',(98.559200340839,-5.200882311504,
    26.494461602097));
#1732 = CARTESIAN_POINT('',(98.706394235306,-5.339348342002,
    26.466879269941));
#1733 = CARTESIAN_POINT('',(98.773524698159,-5.4067460546,
    26.453262499358));
#1734 = CARTESIAN_POINT('',(98.838994831334,-5.476913059721,
    26.43887280785));
#1735 = CARTESIAN_POINT('',(98.902682165669,-5.549811804155,
    26.423685771177));
#1736 = CARTESIAN_POINT('',(98.96446060983,-5.625391171706,
    26.407678528801));
#1737 = CARTESIAN_POINT('',(99.024202419596,-5.703583947472,
    26.390830971375));
#1738 = CARTESIAN_POINT('',(99.189527940799,-5.935359797731,
    26.339996572906));
#1739 = CARTESIAN_POINT('',(99.289741884888,-6.095328645398,
    26.303853344739));
#1740 = CARTESIAN_POINT('',(99.38151158691,-6.263570246643,
    26.264607455235));
#1741 = CARTESIAN_POINT('',(99.46402363648,-6.439265768829,
    26.22221186406));
#1742 = CARTESIAN_POINT('',(99.536586282835,-6.62141153094,
    26.176683673845));
#1743 = CARTESIAN_POINT('',(99.598675148624,-6.808801660263,
    26.128134472187));
#1744 = CARTESIAN_POINT('',(99.65,-7.,26.076809620811));
#1745 = PCURVE('',#895,#1746);
#1746 = DEFINITIONAL_REPRESENTATION('',(#1747),#1906);
#1747 = B_SPLINE_CURVE_WITH_KNOTS('',7,(#1748,#1749,#1750,#1751,#1752,
    #1753,#1754,#1755,#1756,#1757,#1758,#1759,#1760,#1761,#1762,#1763,
    #1764,#1765,#1766,#1767,#1768,#1769,#1770,#1771,#1772,#1773,#1774,
    #1775,#1776,#1777,#1778,#1779,#1780,#1781,#1782,#1783,#1784,#1785,
    #1786,#1787,#1788,#1789,#1790,#1791,#1792,#1793,#1794,#1795,#1796,
    #1797,#1798,#1799,#1800,#1801,#1802,#1803,#1804,#1805,#1806,#1807,
    #1808,#1809,#1810,#1811,#1812,#1813,#1814,#1815,#1816,#1817,#1818,
    #1819,#1820,#1821,#1822,#1823,#1824,#1825,#1826,#1827,#1828,#1829,
    #1830,#1831,#1832,#1833,#1834,#1835,#1836,#1837,#1838,#1839,#1840,
    #1841,#1842,#1843,#1844,#1845,#1846,#1847,#1848,#1849,#1850,#1851,
    #1852,#1853,#1854,#1855,#1856,#1857,#1858,#1859,#1860,#1861,#1862,
    #1863,#1864,#1865,#1866,#1867,#1868,#1869,#1870,#1871,#1872,#1873,
    #1874,#1875,#1876,#1877,#1878,#1879,#1880,#1881,#1882,#1883,#1884,
    #1885,#1886,#1887,#1888,#1889,#1890,#1891,#1892,#1893,#1894,#1895,
    #1896,#1897,#1898,#1899,#1900,#1901,#1902,#1903,#1904,#1905),
  .UNSPECIFIED.,.F.,.F.,(8,6,6,6,6,6,6,6,6,6,6,6,6,6,6,6,6,6,6,6,6,6,6,6
    ,6,6,8),(0.,6.904897863036E-02,9.652847455817E-02,0.155745387989,
    0.211168993056,0.235779844528,0.258351238931,0.297320431577,
    0.3432595027,0.365943383843,0.390615646767,0.446112074141,
    0.505656387304,0.533138575514,0.558566265416,0.605515652125,
    0.640466537824,0.657295100533,0.687038951921,0.720393585148,
    0.743802298506,0.800728052104,0.858057827787,0.880900078204,
    0.914819214445,0.944485038164,1.),.UNSPECIFIED.);
#1748 = CARTESIAN_POINT('',(-1.833051485671,-100.65));
#1749 = CARTESIAN_POINT('',(-1.842207067941,-100.7140890758));
#1750 = CARTESIAN_POINT('',(-1.851622714797,-100.7614373232));
#1751 = CARTESIAN_POINT('',(-1.86119515271,-100.7914375035));
#1752 = CARTESIAN_POINT('',(-1.870829482476,-100.8042801611));
#1753 = CARTESIAN_POINT('',(-1.88044137465,-100.800595164));
#1754 = CARTESIAN_POINT('',(-1.889956913353,-100.7812915435));
#1755 = CARTESIAN_POINT('',(-1.903035959949,-100.7339421915));
#1756 = CARTESIAN_POINT('',(-1.906735082562,-100.7181517781));
#1757 = CARTESIAN_POINT('',(-1.910406585832,-100.700112009));
#1758 = CARTESIAN_POINT('',(-1.914047372582,-100.6798856832));
#1759 = CARTESIAN_POINT('',(-1.917654654495,-100.6575352698));
#1760 = CARTESIAN_POINT('',(-1.92122592799,-100.6331215363));
#1761 = CARTESIAN_POINT('',(-1.93237243271,-100.5497698028));
#1762 = CARTESIAN_POINT('',(-1.939806754678,-100.4835351277));
#1763 = CARTESIAN_POINT('',(-1.947041720302,-100.4085673303));
#1764 = CARTESIAN_POINT('',(-1.954058863188,-100.3253814733));
#1765 = CARTESIAN_POINT('',(-1.960841103723,-100.2344328172));
#1766 = CARTESIAN_POINT('',(-1.967372201872,-100.1361019372));
#1767 = CARTESIAN_POINT('',(-1.979498562958,-99.93199305378));
#1768 = CARTESIAN_POINT('',(-1.985125415598,-99.82712181009));
#1769 = CARTESIAN_POINT('',(-1.990503382844,-99.71629554425));
#1770 = CARTESIAN_POINT('',(-1.995616050375,-99.59973418205));
#1771 = CARTESIAN_POINT('',(-2.000444329849,-99.47765159898));
#1772 = CARTESIAN_POINT('',(-2.00496683167,-99.35026486069));
#1773 = CARTESIAN_POINT('',(-2.011022049444,-99.15897905008));
#1774 = CARTESIAN_POINT('',(-2.012818979351,-99.09916120913));
#1775 = CARTESIAN_POINT('',(-2.014548715864,-99.03836937657));
#1776 = CARTESIAN_POINT('',(-2.016209005298,-98.97662906158));
#1777 = CARTESIAN_POINT('',(-2.017797499958,-98.91396893064));
#1778 = CARTESIAN_POINT('',(-2.019311793359,-98.85042130627));
#1779 = CARTESIAN_POINT('',(-2.022067981063,-98.72696062473));
#1780 = CARTESIAN_POINT('',(-2.023322046151,-98.66718292683));
#1781 = CARTESIAN_POINT('',(-2.024509769257,-98.60671823311));
#1782 = CARTESIAN_POINT('',(-2.025629248243,-98.54559847514));
#1783 = CARTESIAN_POINT('',(-2.026678599226,-98.48385922969));
#1784 = CARTESIAN_POINT('',(-2.027655995513,-98.42154009355));
#1785 = CARTESIAN_POINT('',(-2.030119950825,-98.2501667307));
#1786 = CARTESIAN_POINT('',(-2.031460713628,-98.14003977144));
#1787 = CARTESIAN_POINT('',(-2.032572804306,-98.02854698452));
#1788 = CARTESIAN_POINT('',(-2.033448329079,-97.91595323575));
#1789 = CARTESIAN_POINT('',(-2.034081182911,-97.802547563));
#1790 = CARTESIAN_POINT('',(-2.034467541378,-97.68864528641));
#1791 = CARTESIAN_POINT('',(-2.034769990942,-97.44013548632));
#1792 = CARTESIAN_POINT('',(-2.034589593989,-97.30549414501));
#1793 = CARTESIAN_POINT('',(-2.034063742858,-97.1712230439));
#1794 = CARTESIAN_POINT('',(-2.033196530957,-97.03783847313));
#1795 = CARTESIAN_POINT('',(-2.031996532608,-96.90582098817));
#1796 = CARTESIAN_POINT('',(-2.030476027104,-96.77561927541));
#1797 = CARTESIAN_POINT('',(-2.027749055143,-96.5844655096));
#1798 = CARTESIAN_POINT('',(-2.026773149386,-96.52181564647));
#1799 = CARTESIAN_POINT('',(-2.025724509162,-96.45974821463));
#1800 = CARTESIAN_POINT('',(-2.02460498268,-96.39830357242));
#1801 = CARTESIAN_POINT('',(-2.023416478093,-96.33751797389));
#1802 = CARTESIAN_POINT('',(-2.022160923518,-96.27742395165));
#1803 = CARTESIAN_POINT('',(-2.019403763424,-96.15347301661));
#1804 = CARTESIAN_POINT('',(-2.017890241327,-96.08974818545));
#1805 = CARTESIAN_POINT('',(-2.016302106865,-96.02691307986));
#1806 = CARTESIAN_POINT('',(-2.014641783464,-95.96500036109));
#1807 = CARTESIAN_POINT('',(-2.012911636087,-95.9040389832));
#1808 = CARTESIAN_POINT('',(-2.011113935447,-95.84405469839));
#1809 = CARTESIAN_POINT('',(-2.005060038064,-95.65239490006));
#1810 = CARTESIAN_POINT('',(-2.000539012095,-95.52480226244));
#1811 = CARTESIAN_POINT('',(-1.995711346245,-95.40251992673));
#1812 = CARTESIAN_POINT('',(-1.990598521746,-95.28576575503));
#1813 = CARTESIAN_POINT('',(-1.985219707901,-95.17475414131));
#1814 = CARTESIAN_POINT('',(-1.979591384365,-95.06970535091));
#1815 = CARTESIAN_POINT('',(-1.967434407514,-94.86480128923));
#1816 = CARTESIAN_POINT('',(-1.960871839607,-94.76591423239));
#1817 = CARTESIAN_POINT('',(-1.954055473192,-94.67448242249));
#1818 = CARTESIAN_POINT('',(-1.947001794232,-94.59089215849));
#1819 = CARTESIAN_POINT('',(-1.939728147134,-94.51560595437));
#1820 = CARTESIAN_POINT('',(-1.932253296493,-94.44914726039));
#1821 = CARTESIAN_POINT('',(-1.921064436559,-94.36576248549));
#1822 = CARTESIAN_POINT('',(-1.917492942983,-94.34143650304));
#1823 = CARTESIAN_POINT('',(-1.913885544043,-94.31917440585));
#1824 = CARTESIAN_POINT('',(-1.910244747604,-94.2990369519));
#1825 = CARTESIAN_POINT('',(-1.906573346839,-94.28108657758));
#1826 = CARTESIAN_POINT('',(-1.902874444335,-94.26538602213));
#1827 = CARTESIAN_POINT('',(-1.895706827631,-94.23960881469));
#1828 = CARTESIAN_POINT('',(-1.892241587829,-94.22919952366));
#1829 = CARTESIAN_POINT('',(-1.888758521406,-94.22081791682));
#1830 = CARTESIAN_POINT('',(-1.885260662423,-94.21451202958));
#1831 = CARTESIAN_POINT('',(-1.881751325624,-94.21032754962));
#1832 = CARTESIAN_POINT('',(-1.878234117707,-94.20830627153));
#1833 = CARTESIAN_POINT('',(-1.868211503415,-94.20881372587));
#1834 = CARTESIAN_POINT('',(-1.86169517061,-94.21664148062));
#1835 = CARTESIAN_POINT('',(-1.855190541881,-94.23220189121));
#1836 = CARTESIAN_POINT('',(-1.848725600451,-94.25564959947));
#1837 = CARTESIAN_POINT('',(-1.842329654313,-94.28704360634));
#1838 = CARTESIAN_POINT('',(-1.836033096264,-94.32632129404));
#1839 = CARTESIAN_POINT('',(-1.825276710261,-94.40820760575));
#1840 = CARTESIAN_POINT('',(-1.820757939704,-94.44740572568));
#1841 = CARTESIAN_POINT('',(-1.816323213526,-94.49077083164));
#1842 = CARTESIAN_POINT('',(-1.811983838838,-94.53818205623));
#1843 = CARTESIAN_POINT('',(-1.807749956156,-94.58948781016));
#1844 = CARTESIAN_POINT('',(-1.803630600193,-94.64450972181));
#1845 = CARTESIAN_POINT('',(-1.797709315447,-94.73123158885));
#1846 = CARTESIAN_POINT('',(-1.795813209716,-94.76023251618));
#1847 = CARTESIAN_POINT('',(-1.793946286174,-94.79002741786));
#1848 = CARTESIAN_POINT('',(-1.792109312379,-94.82059389953));
#1849 = CARTESIAN_POINT('',(-1.790302980746,-94.85190911338));
#1850 = CARTESIAN_POINT('',(-1.788527908544,-94.88394975813));
#1851 = CARTESIAN_POINT('',(-1.783703472623,-94.97456289925));
#1852 = CARTESIAN_POINT('',(-1.780721659516,-95.0346260527));
#1853 = CARTESIAN_POINT('',(-1.777842192136,-95.09675183574));
#1854 = CARTESIAN_POINT('',(-1.775067355003,-95.16081019315));
#1855 = CARTESIAN_POINT('',(-1.772398825851,-95.2266727475));
#1856 = CARTESIAN_POINT('',(-1.769837777872,-95.29421482849));
#1857 = CARTESIAN_POINT('',(-1.764634426663,-95.4408089579));
#1858 = CARTESIAN_POINT('',(-1.762020028625,-95.52026210393));
#1859 = CARTESIAN_POINT('',(-1.759542788472,-95.60151083004));
#1860 = CARTESIAN_POINT('',(-1.757203158155,-95.68439618691));
#1861 = CARTESIAN_POINT('',(-1.755001156829,-95.76876780087));
#1862 = CARTESIAN_POINT('',(-1.752936486724,-95.85448528859));
#1863 = CARTESIAN_POINT('',(-1.749655667576,-96.00243134709));
#1864 = CARTESIAN_POINT('',(-1.748370099138,-96.06404182459));
#1865 = CARTESIAN_POINT('',(-1.747151760805,-96.12620619085));
#1866 = CARTESIAN_POINT('',(-1.746000452641,-96.18888143184));
#1867 = CARTESIAN_POINT('',(-1.74491595768,-96.25202643289));
#1868 = CARTESIAN_POINT('',(-1.743898041925,-96.31560197864));
#1869 = CARTESIAN_POINT('',(-1.740632365623,-96.53513123334));
#1870 = CARTESIAN_POINT('',(-1.738710692657,-96.69300809358));
#1871 = CARTESIAN_POINT('',(-1.737177722783,-96.85267796456));
#1872 = CARTESIAN_POINT('',(-1.736030432712,-97.01365129527));
#1873 = CARTESIAN_POINT('',(-1.735266424528,-97.17547155184));
#1874 = CARTESIAN_POINT('',(-1.734884269492,-97.33771558087));
#1875 = CARTESIAN_POINT('',(-1.734884249792,-97.66342644857));
#1876 = CARTESIAN_POINT('',(-1.735271720109,-97.82648975256));
#1877 = CARTESIAN_POINT('',(-1.73604386847,-97.98895707236));
#1878 = CARTESIAN_POINT('',(-1.737201431244,-98.15051041029));
#1879 = CARTESIAN_POINT('',(-1.738747331231,-98.31074720243));
#1880 = CARTESIAN_POINT('',(-1.740685325556,-98.46918577331));
#1881 = CARTESIAN_POINT('',(-1.74394833561,-98.68746069112));
#1882 = CARTESIAN_POINT('',(-1.744940770842,-98.74927671586));
#1883 = CARTESIAN_POINT('',(-1.745996189496,-98.81068446062));
#1884 = CARTESIAN_POINT('',(-1.747114806679,-98.87164782221));
#1885 = CARTESIAN_POINT('',(-1.748296822375,-98.93212899839));
#1886 = CARTESIAN_POINT('',(-1.749542421443,-98.9920884879));
#1887 = CARTESIAN_POINT('',(-1.752796069557,-99.13968487));
#1888 = CARTESIAN_POINT('',(-1.754880906998,-99.2266422865));
#1889 = CARTESIAN_POINT('',(-1.757106814291,-99.31222352653));
#1890 = CARTESIAN_POINT('',(-1.759474111756,-99.39628272746));
#1891 = CARTESIAN_POINT('',(-1.761982788222,-99.47866348164));
#1892 = CARTESIAN_POINT('',(-1.764632377565,-99.55920034083));
#1893 = CARTESIAN_POINT('',(-1.769861507046,-99.7063942353));
#1894 = CARTESIAN_POINT('',(-1.772408145577,-99.77352469815));
#1895 = CARTESIAN_POINT('',(-1.775060990313,-99.83899483133));
#1896 = CARTESIAN_POINT('',(-1.77781888718,-99.90268216566));
#1897 = CARTESIAN_POINT('',(-1.780680189267,-99.96446060983));
#1898 = CARTESIAN_POINT('',(-1.783642657534,-100.0242024195));
#1899 = CARTESIAN_POINT('',(-1.792430991617,-100.1895279407));
#1900 = CARTESIAN_POINT('',(-1.798504985988,-100.2897418848));
#1901 = CARTESIAN_POINT('',(-1.804903191627,-100.3815115869));
#1902 = CARTESIAN_POINT('',(-1.811596828026,-100.4640236364));
#1903 = CARTESIAN_POINT('',(-1.818550117265,-100.5365862828));
#1904 = CARTESIAN_POINT('',(-1.825719364046,-100.5986751486));
#1905 = CARTESIAN_POINT('',(-1.833051485671,-100.65));
#1906 = ( GEOMETRIC_REPRESENTATION_CONTEXT(2) 
PARAMETRIC_REPRESENTATION_CONTEXT() REPRESENTATION_CONTEXT('2D SPACE',''
  ) );
#1907 = PCURVE('',#1174,#1908);
#1908 = DEFINITIONAL_REPRESENTATION('',(#1909),#2068);
#1909 = B_SPLINE_CURVE_WITH_KNOTS('',7,(#1910,#1911,#1912,#1913,#1914,
    #1915,#1916,#1917,#1918,#1919,#1920,#1921,#1922,#1923,#1924,#1925,
    #1926,#1927,#1928,#1929,#1930,#1931,#1932,#1933,#1934,#1935,#1936,
    #1937,#1938,#1939,#1940,#1941,#1942,#1943,#1944,#1945,#1946,#1947,
    #1948,#1949,#1950,#1951,#1952,#1953,#1954,#1955,#1956,#1957,#1958,
    #1959,#1960,#1961,#1962,#1963,#1964,#1965,#1966,#1967,#1968,#1969,
    #1970,#1971,#1972,#1973,#1974,#1975,#1976,#1977,#1978,#1979,#1980,
    #1981,#1982,#1983,#1984,#1985,#1986,#1987,#1988,#1989,#1990,#1991,
    #1992,#1993,#1994,#1995,#1996,#1997,#1998,#1999,#2000,#2001,#2002,
    #2003,#2004,#2005,#2006,#2007,#2008,#2009,#2010,#2011,#2012,#2013,
    #2014,#2015,#2016,#2017,#2018,#2019,#2020,#2021,#2022,#2023,#2024,
    #2025,#2026,#2027,#2028,#2029,#2030,#2031,#2032,#2033,#2034,#2035,
    #2036,#2037,#2038,#2039,#2040,#2041,#2042,#2043,#2044,#2045,#2046,
    #2047,#2048,#2049,#2050,#2051,#2052,#2053,#2054,#2055,#2056,#2057,
    #2058,#2059,#2060,#2061,#2062,#2063,#2064,#2065,#2066,#2067),
  .UNSPECIFIED.,.F.,.F.,(8,6,6,6,6,6,6,6,6,6,6,6,6,6,6,6,6,6,6,6,6,6,6,6
    ,6,6,8),(0.,6.904897863036E-02,9.652847455817E-02,0.155745387989,
    0.211168993056,0.235779844528,0.258351238931,0.297320431577,
    0.3432595027,0.365943383843,0.390615646767,0.446112074141,
    0.505656387304,0.533138575514,0.558566265416,0.605515652125,
    0.640466537824,0.657295100533,0.687038951921,0.720393585148,
    0.743802298506,0.800728052104,0.858057827787,0.880900078204,
    0.914819214445,0.944485038164,1.),.UNSPECIFIED.);
#1910 = CARTESIAN_POINT('',(-6.28318530718,-2.));
#1911 = CARTESIAN_POINT('',(-6.207392171992,-1.935910924105));
#1912 = CARTESIAN_POINT('',(-6.133261655133,-1.867451211469));
#1913 = CARTESIAN_POINT('',(-6.06126941391,-1.79509170667));
#1914 = CARTESIAN_POINT('',(-5.991675220505,-1.719409188418));
#1915 = CARTESIAN_POINT('',(-5.924614612233,-1.641069214493));
#1916 = CARTESIAN_POINT('',(-5.860131187276,-1.56078666539));
#1917 = CARTESIAN_POINT('',(-5.773559756925,-1.446851764031));
#1918 = CARTESIAN_POINT('',(-5.749312363838,-1.414214428652));
#1919 = CARTESIAN_POINT('',(-5.725457692819,-1.381414773383));
#1920 = CARTESIAN_POINT('',(-5.701989036312,-1.348492321414));
#1921 = CARTESIAN_POINT('',(-5.678898058,-1.315485624333));
#1922 = CARTESIAN_POINT('',(-5.656175038424,-1.282432066812));
#1923 = CARTESIAN_POINT('',(-5.585611707413,-1.178115583897));
#1924 = CARTESIAN_POINT('',(-5.539082215346,-1.106827499566));
#1925 = CARTESIAN_POINT('',(-5.494097244053,-1.035844234695));
#1926 = CARTESIAN_POINT('',(-5.45053288373,-0.96551147061));
#1927 = CARTESIAN_POINT('',(-5.408263774841,-0.896175183455));
#1928 = CARTESIAN_POINT('',(-5.367160332254,-0.828181327443));
#1929 = CARTESIAN_POINT('',(-5.289575130599,-0.699825350942));
#1930 = CARTESIAN_POINT('',(-5.252975908958,-0.639269864465));
#1931 = CARTESIAN_POINT('',(-5.217173024507,-0.58050043692));
#1932 = CARTESIAN_POINT('',(-5.182067190364,-0.523842087398));
#1933 = CARTESIAN_POINT('',(-5.147565505864,-0.469654308329));
#1934 = CARTESIAN_POINT('',(-5.113576220726,-0.418326227062));
#1935 = CARTESIAN_POINT('',(-5.065099193758,-0.348931138008));
#1936 = CARTESIAN_POINT('',(-5.05027611067,-0.32823875932));
#1937 = CARTESIAN_POINT('',(-5.035529292791,-0.308230106031));
#1938 = CARTESIAN_POINT('',(-5.020851642382,-0.288943575342));
#1939 = CARTESIAN_POINT('',(-5.00623642097,-0.27041856044));
#1940 = CARTESIAN_POINT('',(-4.991677213743,-0.252694941444));
#1941 = CARTESIAN_POINT('',(-4.963860935429,-0.22032922253));
#1942 = CARTESIAN_POINT('',(-4.950595974499,-0.205553513584));
#1943 = CARTESIAN_POINT('',(-4.937368416951,-0.191516259018));
#1944 = CARTESIAN_POINT('',(-4.924173933154,-0.178248294592));
#1945 = CARTESIAN_POINT('',(-4.911008490586,-0.165779903887));
#1946 = CARTESIAN_POINT('',(-4.89786838636,-0.154140239874));
#1947 = CARTESIAN_POINT('',(-4.862102054581,-0.124739197925));
#1948 = CARTESIAN_POINT('',(-4.839517012887,-0.108671761526));
#1949 = CARTESIAN_POINT('',(-4.816981767769,-9.529922005444E-02));
#1950 = CARTESIAN_POINT('',(-4.79448197818,-8.474543434554E-02));
#1951 = CARTESIAN_POINT('',(-4.772004119805,-7.710580435502E-02));
#1952 = CARTESIAN_POINT('',(-4.749537255943,-7.243973020568E-02));
#1953 = CARTESIAN_POINT('',(-4.700594814663,-6.878653591194E-02));
#1954 = CARTESIAN_POINT('',(-4.674126149588,-7.096471777851E-02));
#1955 = CARTESIAN_POINT('',(-4.64765712767,-7.732057693097E-02));
#1956 = CARTESIAN_POINT('',(-4.621167356607,-8.779217799091E-02));
#1957 = CARTESIAN_POINT('',(-4.594633479137,-0.10224535485));
#1958 = CARTESIAN_POINT('',(-4.568033524566,-0.120486219702));
#1959 = CARTESIAN_POINT('',(-4.528173964685,-0.153031691753));
#1960 = CARTESIAN_POINT('',(-4.514976103152,-0.164655833315));
#1961 = CARTESIAN_POINT('',(-4.501752919804,-0.177118228185));
#1962 = CARTESIAN_POINT('',(-4.488500678497,-0.190389391024));
#1963 = CARTESIAN_POINT('',(-4.475215306554,-0.204438660046));
#1964 = CARTESIAN_POINT('',(-4.461892428823,-0.219234791068));
#1965 = CARTESIAN_POINT('',(-4.433990847761,-0.251618013319));
#1966 = CARTESIAN_POINT('',(-4.419404472495,-0.269336015372));
#1967 = CARTESIAN_POINT('',(-4.404762126344,-0.28786045307));
#1968 = CARTESIAN_POINT('',(-4.390057367622,-0.307151182831));
#1969 = CARTESIAN_POINT('',(-4.375283427136,-0.327168539639));
#1970 = CARTESIAN_POINT('',(-4.360433172778,-0.347873854554));
#1971 = CARTESIAN_POINT('',(-4.311907136293,-0.417267245339));
#1972 = CARTESIAN_POINT('',(-4.277896689305,-0.468589048705));
#1973 = CARTESIAN_POINT('',(-4.243374261472,-0.522781393268));
#1974 = CARTESIAN_POINT('',(-4.208247921099,-0.579453691671));
#1975 = CARTESIAN_POINT('',(-4.172424578935,-0.638245120159));
#1976 = CARTESIAN_POINT('',(-4.135804732291,-0.69882952356));
#1977 = CARTESIAN_POINT('',(-4.058007141256,-0.827536973176));
#1978 = CARTESIAN_POINT('',(-4.016703314005,-0.895868378847));
#1979 = CARTESIAN_POINT('',(-3.974222548493,-0.965557798232));
#1980 = CARTESIAN_POINT('',(-3.9304332791,-1.036253956312));
#1981 = CARTESIAN_POINT('',(-3.885208259439,-1.10760552725));
#1982 = CARTESIAN_POINT('',(-3.838421721933,-1.17926146151));
#1983 = CARTESIAN_POINT('',(-3.767575984603,-1.283928660147));
#1984 = CARTESIAN_POINT('',(-3.744846323298,-1.316969609876));
#1985 = CARTESIAN_POINT('',(-3.72174862862,-1.349962534759));
#1986 = CARTESIAN_POINT('',(-3.698273221975,-1.382870059536));
#1987 = CARTESIAN_POINT('',(-3.674411813226,-1.415653642315));
#1988 = CARTESIAN_POINT('',(-3.650157747551,-1.448273770742));
#1989 = CARTESIAN_POINT('',(-3.602697639986,-1.51068317913));
#1990 = CARTESIAN_POINT('',(-3.579548868486,-1.540501692348));
#1991 = CARTESIAN_POINT('',(-3.556056498984,-1.570113434403));
#1992 = CARTESIAN_POINT('',(-3.532218639472,-1.599485401691));
#1993 = CARTESIAN_POINT('',(-3.508035272024,-1.628584107861));
#1994 = CARTESIAN_POINT('',(-3.483508580048,-1.657375841261));
#1995 = CARTESIAN_POINT('',(-3.41273227061,-1.738358662948));
#1996 = CARTESIAN_POINT('',(-3.365657167416,-1.789740235969));
#1997 = CARTESIAN_POINT('',(-3.317460890819,-1.839742746037));
#1998 = CARTESIAN_POINT('',(-3.268203618247,-1.888157029436));
#1999 = CARTESIAN_POINT('',(-3.217966888576,-1.934798239738));
#2000 = CARTESIAN_POINT('',(-3.166860056362,-1.979508726168));
#2001 = CARTESIAN_POINT('',(-3.07644417567,-2.05390982182));
#2002 = CARTESIAN_POINT('',(-3.037451359514,-2.084524222282));
#2003 = CARTESIAN_POINT('',(-2.998107971708,-2.113950636996));
#2004 = CARTESIAN_POINT('',(-2.958470142479,-2.142155559493));
#2005 = CARTESIAN_POINT('',(-2.918593175389,-2.169120940231));
#2006 = CARTESIAN_POINT('',(-2.878531919183,-2.194841380907));
#2007 = CARTESIAN_POINT('',(-2.818989611344,-2.231108221391));
#2008 = CARTESIAN_POINT('',(-2.799607391165,-2.242607889699));
#2009 = CARTESIAN_POINT('',(-2.780200124633,-2.253821200006));
#2010 = CARTESIAN_POINT('',(-2.760773151758,-2.264749558789));
#2011 = CARTESIAN_POINT('',(-2.741331507041,-2.275394912674));
#2012 = CARTESIAN_POINT('',(-2.721879919469,-2.285759748433));
#2013 = CARTESIAN_POINT('',(-2.668033108087,-2.313676094935));
#2014 = CARTESIAN_POINT('',(-2.633626143033,-2.330638077974));
#2015 = CARTESIAN_POINT('',(-2.59922601911,-2.346749442095));
#2016 = CARTESIAN_POINT('',(-2.564853218107,-2.36203063464));
#2017 = CARTESIAN_POINT('',(-2.530524738401,-2.376504926804));
#2018 = CARTESIAN_POINT('',(-2.49625423152,-2.390197190135));
#2019 = CARTESIAN_POINT('',(-2.423698051772,-2.417638470648));
#2020 = CARTESIAN_POINT('',(-2.385430385037,-2.431192458672));
#2021 = CARTESIAN_POINT('',(-2.347262794609,-2.443830921613));
#2022 = CARTESIAN_POINT('',(-2.309204866641,-2.45559033373));
#2023 = CARTESIAN_POINT('',(-2.271262216118,-2.466506468977));
#2024 = CARTESIAN_POINT('',(-2.233436585634,-2.476613510952));
#2025 = CARTESIAN_POINT('',(-2.169260127876,-2.492490833296));
#2026 = CARTESIAN_POINT('',(-2.142851194448,-2.498655536281));
#2027 = CARTESIAN_POINT('',(-2.116498518863,-2.504448307463));
#2028 = CARTESIAN_POINT('',(-2.090200923802,-2.509879473263));
#2029 = CARTESIAN_POINT('',(-2.063956679669,-2.514958650851));
#2030 = CARTESIAN_POINT('',(-2.037763504585,-2.519694748147));
#2031 = CARTESIAN_POINT('',(-1.948038802445,-2.534798923663));
#2032 = CARTESIAN_POINT('',(-1.884748025691,-2.543520718271));
#2033 = CARTESIAN_POINT('',(-1.821700145566,-2.550379891524));
#2034 = CARTESIAN_POINT('',(-1.758844070136,-2.55546450687));
#2035 = CARTESIAN_POINT('',(-1.696122071515,-2.558834203339));
#2036 = CARTESIAN_POINT('',(-1.633466979967,-2.560519699072));
#2037 = CARTESIAN_POINT('',(-1.50768464711,-2.560519785961));
#2038 = CARTESIAN_POINT('',(-1.444712243364,-2.558810968559));
#2039 = CARTESIAN_POINT('',(-1.381736317377,-2.555405189499));
#2040 = CARTESIAN_POINT('',(-1.318646144959,-2.550274638192));
#2041 = CARTESIAN_POINT('',(-1.255360314886,-2.54335662116));
#2042 = CARTESIAN_POINT('',(-1.191822089952,-2.534558389068));
#2043 = CARTESIAN_POINT('',(-1.102563660832,-2.519460278511));
#2044 = CARTESIAN_POINT('',(-1.077086785582,-2.514841405538));
#2045 = CARTESIAN_POINT('',(-1.051561556648,-2.509897774283));
#2046 = CARTESIAN_POINT('',(-1.025985882115,-2.504621179034));
#2047 = CARTESIAN_POINT('',(-1.000358163785,-2.499002778924));
#2048 = CARTESIAN_POINT('',(-0.974677297175,-2.49303309793));
#2049 = CARTESIAN_POINT('',(-0.910728561352,-2.477300826413));
#2050 = CARTESIAN_POINT('',(-0.87239642148,-2.467102893558));
#2051 = CARTESIAN_POINT('',(-0.833943976071,-2.456075333599));
#2052 = CARTESIAN_POINT('',(-0.795372919404,-2.444182609812));
#2053 = CARTESIAN_POINT('',(-0.756689020202,-2.43138748771));
#2054 = CARTESIAN_POINT('',(-0.717902225972,-2.417651981286));
#2055 = CARTESIAN_POINT('',(-0.645026122555,-2.39006964913));
#2056 = CARTESIAN_POINT('',(-0.610957984473,-2.376452878547));
#2057 = CARTESIAN_POINT('',(-0.576832634475,-2.36206318704));
#2058 = CARTESIAN_POINT('',(-0.542663490932,-2.346876150366));
#2059 = CARTESIAN_POINT('',(-0.508467241913,-2.33086890799));
#2060 = CARTESIAN_POINT('',(-0.474263977887,-2.314021350565));
#2061 = CARTESIAN_POINT('',(-0.376102334904,-2.263186952096));
#2062 = CARTESIAN_POINT('',(-0.312159264586,-2.227043723929));
#2063 = CARTESIAN_POINT('',(-0.248441327306,-2.187797834425));
#2064 = CARTESIAN_POINT('',(-0.185149672318,-2.145402243249));
#2065 = CARTESIAN_POINT('',(-0.122494419584,-2.099874053034));
#2066 = CARTESIAN_POINT('',(-6.069788563072E-02,-2.051324851376));
#2067 = CARTESIAN_POINT('',(0.,-2.));
#2068 = ( GEOMETRIC_REPRESENTATION_CONTEXT(2) 
PARAMETRIC_REPRESENTATION_CONTEXT() REPRESENTATION_CONTEXT('2D SPACE',''
  ) );
#2069 = FACE_BOUND('',#2070,.T.);
#2070 = EDGE_LOOP('',(#2071));
#2071 = ORIENTED_EDGE('',*,*,#2072,.F.);
#2072 = EDGE_CURVE('',#2073,#2073,#2075,.T.);
#2073 = VERTEX_POINT('',#2074);
#2074 = CARTESIAN_POINT('',(86.65,-7.,26.076809620811));
#2075 = SURFACE_CURVE('',#2076,(#2235,#2397),.PCURVE_S1.);
#2076 = B_SPLINE_CURVE_WITH_KNOTS('',7,(#2077,#2078,#2079,#2080,#2081,
    #2082,#2083,#2084,#2085,#2086,#2087,#2088,#2089,#2090,#2091,#2092,
    #2093,#2094,#2095,#2096,#2097,#2098,#2099,#2100,#2101,#2102,#2103,
    #2104,#2105,#2106,#2107,#2108,#2109,#2110,#2111,#2112,#2113,#2114,
    #2115,#2116,#2117,#2118,#2119,#2120,#2121,#2122,#2123,#2124,#2125,
    #2126,#2127,#2128,#2129,#2130,#2131,#2132,#2133,#2134,#2135,#2136,
    #2137,#2138,#2139,#2140,#2141,#2142,#2143,#2144,#2145,#2146,#2147,
    #2148,#2149,#2150,#2151,#2152,#2153,#2154,#2155,#2156,#2157,#2158,
    #2159,#2160,#2161,#2162,#2163,#2164,#2165,#2166,#2167,#2168,#2169,
    #2170,#2171,#2172,#2173,#2174,#2175,#2176,#2177,#2178,#2179,#2180,
    #2181,#2182,#2183,#2184,#2185,#2186,#2187,#2188,#2189,#2190,#2191,
    #2192,#2193,#2194,#2195,#2196,#2197,#2198,#2199,#2200,#2201,#2202,
    #2203,#2204,#2205,#2206,#2207,#2208,#2209,#2210,#2211,#2212,#2213,
    #2214,#2215,#2216,#2217,#2218,#2219,#2220,#2221,#2222,#2223,#2224,
    #2225,#2226,#2227,#2228,#2229,#2230,#2231,#2232,#2233,#2234),
  .UNSPECIFIED.,.T.,.F.,(8,6,6,6,6,6,6,6,6,6,6,6,6,6,6,6,6,6,6,6,6,6,6,6
    ,6,6,8),(0.,6.904897863094E-02,9.652847455901E-02,0.155745387991,
    0.211168993058,0.23577984453,0.258351238933,0.29732043158,
    0.343259502702,0.365943383845,0.390615646769,0.446112074142,
    0.505656387304,0.533138575514,0.558566265416,0.605515652124,
    0.640466537823,0.657295100532,0.687038951919,0.720393585146,
    0.743802298504,0.800728052101,0.858057827785,0.880900078202,
    0.914819214444,0.944485038163,1.),.UNSPECIFIED.);
#2077 = CARTESIAN_POINT('',(86.65,-7.,26.076809620811));
#2078 = CARTESIAN_POINT('',(86.714089075895,-7.238748375841,
    26.012720544916));
#2079 = CARTESIAN_POINT('',(86.761437323219,-7.483593836555,
    25.944260832279));
#2080 = CARTESIAN_POINT('',(86.791437503589,-7.731740659071,
    25.871901327481));
#2081 = CARTESIAN_POINT('',(86.804280161138,-7.980646571512,
    25.796218809227));
#2082 = CARTESIAN_POINT('',(86.800595164,-8.228088677987,25.717878835303
    ));
#2083 = CARTESIAN_POINT('',(86.781291543545,-8.472158277018,
    25.6375962862));
#2084 = CARTESIAN_POINT('',(86.733942191508,-8.806407648746,
    25.523661384842));
#2085 = CARTESIAN_POINT('',(86.718151778143,-8.900801889719,
    25.491024049463));
#2086 = CARTESIAN_POINT('',(86.700112009062,-8.994350536718,
    25.458224394193));
#2087 = CARTESIAN_POINT('',(86.679885683258,-9.086976456485,
    25.425301942225));
#2088 = CARTESIAN_POINT('',(86.657535269867,-9.178611178716,
    25.392295245143));
#2089 = CARTESIAN_POINT('',(86.63312153635,-9.269194171312,
    25.359241687623));
#2090 = CARTESIAN_POINT('',(86.549769802833,-9.551492526055,
    25.254925204707));
#2091 = CARTESIAN_POINT('',(86.483535127761,-9.739142597398,
    25.183637120377));
#2092 = CARTESIAN_POINT('',(86.408567330354,-9.921146184828,
    25.112653855506));
#2093 = CARTESIAN_POINT('',(86.325381473379,-10.0970831623,
    25.042321091421));
#2094 = CARTESIAN_POINT('',(86.234432817233,-10.26657861032,
    24.972984804265));
#2095 = CARTESIAN_POINT('',(86.136101937227,-10.4292870491,
    24.904990948254));
#2096 = CARTESIAN_POINT('',(85.931993053788,-10.7304899656,
    24.776634971753));
#2097 = CARTESIAN_POINT('',(85.827121810091,-10.86982917938,
    24.716079485275));
#2098 = CARTESIAN_POINT('',(85.716295544258,-11.00261523525,
    24.657310057731));
#2099 = CARTESIAN_POINT('',(85.599734182053,-11.12849868629,
    24.600651708209));
#2100 = CARTESIAN_POINT('',(85.477651598979,-11.24706972627,
    24.54646392914));
#2101 = CARTESIAN_POINT('',(85.350264860695,-11.35786678312,
    24.495135847872));
#2102 = CARTESIAN_POINT('',(85.158979050083,-11.50589917628,
    24.425740758819));
#2103 = CARTESIAN_POINT('',(85.099161209134,-11.54978251172,
    24.405048380131));
#2104 = CARTESIAN_POINT('',(85.038369376577,-11.59198237681,
    24.385039726842));
#2105 = CARTESIAN_POINT('',(84.976629061581,-11.63244935319,
    24.365753196152));
#2106 = CARTESIAN_POINT('',(84.913968930645,-11.6711317758,
    24.34722818125));
#2107 = CARTESIAN_POINT('',(84.850421306272,-11.70797653333,
    24.329504562255));
#2108 = CARTESIAN_POINT('',(84.726960624737,-11.77498668369,
    24.297138843341));
#2109 = CARTESIAN_POINT('',(84.667182926831,-11.8054524776,
    24.282363134394));
#2110 = CARTESIAN_POINT('',(84.606718233115,-11.83428560422,
    24.268325879828));
#2111 = CARTESIAN_POINT('',(84.545598475147,-11.86144386026,
    24.255057915402));
#2112 = CARTESIAN_POINT('',(84.483859229696,-11.88688536383,
    24.242589524698));
#2113 = CARTESIAN_POINT('',(84.421540093558,-11.91056943301,
    24.230949860685));
#2114 = CARTESIAN_POINT('',(84.2501667307,-11.97024684058,
    24.201548818735));
#2115 = CARTESIAN_POINT('',(84.140039771444,-12.00268641953,
    24.185481382337));
#2116 = CARTESIAN_POINT('',(84.028546984526,-12.02957072883,
    24.172108840865));
#2117 = CARTESIAN_POINT('',(83.91595323575,-12.05072323351,
    24.161555055156));
#2118 = CARTESIAN_POINT('',(83.802547562999,-12.06600731586,
    24.153915425166));
#2119 = CARTESIAN_POINT('',(83.688645286416,-12.07533725529,
    24.149249351016));
#2120 = CARTESIAN_POINT('',(83.440135486325,-12.08264067815,
    24.145596156723));
#2121 = CARTESIAN_POINT('',(83.305494145014,-12.07828413873,
    24.147774338589));
#2122 = CARTESIAN_POINT('',(83.171223043909,-12.06558825055,
    24.154130197742));
#2123 = CARTESIAN_POINT('',(83.037838473135,-12.04464559422,
    24.164601798801));
#2124 = CARTESIAN_POINT('',(82.905820988175,-12.01564789374,
    24.17905497566));
#2125 = CARTESIAN_POINT('',(82.775619275412,-11.97886904065,
    24.197295840512));
#2126 = CARTESIAN_POINT('',(82.584465509602,-11.91282428002,
    24.229841312564));
#2127 = CARTESIAN_POINT('',(82.521815646471,-11.88917742428,
    24.241465454125));
#2128 = CARTESIAN_POINT('',(82.459748214638,-11.86375435371,
    24.253927848996));
#2129 = CARTESIAN_POINT('',(82.39830357242,-11.83659623317,
    24.267199011835));
#2130 = CARTESIAN_POINT('',(82.337517973891,-11.80774548803,
    24.281248280857));
#2131 = CARTESIAN_POINT('',(82.27742395165,-11.77724490219,
    24.296044411878));
#2132 = CARTESIAN_POINT('',(82.153473016609,-11.71021404969,
    24.32842763413));
#2133 = CARTESIAN_POINT('',(82.089748185453,-11.67338969996,
    24.346145636183));
#2134 = CARTESIAN_POINT('',(82.026913079868,-11.63471778433,
    24.364670073881));
#2135 = CARTESIAN_POINT('',(81.965000361098,-11.5942517935,
    24.383960803642));
#2136 = CARTESIAN_POINT('',(81.904038983206,-11.55204377806,
    24.40397816045));
#2137 = CARTESIAN_POINT('',(81.844054698395,-11.50814353518,
    24.424683475365));
#2138 = CARTESIAN_POINT('',(81.652394900069,-11.36014972009,
    24.49407686615));
#2139 = CARTESIAN_POINT('',(81.524802262443,-11.24939367454,
    24.545398669516));
#2140 = CARTESIAN_POINT('',(81.40251992673,-11.13084294037,
    24.599591014078));
#2141 = CARTESIAN_POINT('',(81.285765755036,-11.00496112045,
    24.656263312482));
#2142 = CARTESIAN_POINT('',(81.174754141314,-10.87215980203,
    24.715054740969));
#2143 = CARTESIAN_POINT('',(81.069705350918,-10.73278984874,
    24.775639144371));
#2144 = CARTESIAN_POINT('',(80.864801289239,-10.43083815851,
    24.904346593986));
#2145 = CARTESIAN_POINT('',(80.765914232396,-10.26734982459,
    24.972677999657));
#2146 = CARTESIAN_POINT('',(80.674482422494,-10.09700318663,
    25.042367419043));
#2147 = CARTESIAN_POINT('',(80.590892158494,-9.920148908144,
    25.113063577123));
#2148 = CARTESIAN_POINT('',(80.515605954377,-9.737167735578,
    25.184415148061));
#2149 = CARTESIAN_POINT('',(80.449147260392,-9.548486684271,
    25.256071082321));
#2150 = CARTESIAN_POINT('',(80.365762485493,-9.265098760789,
    25.360738280958));
#2151 = CARTESIAN_POINT('',(80.341436503043,-9.174504843282,
    25.393779230686));
#2152 = CARTESIAN_POINT('',(80.319174405851,-9.082861802998,
    25.42677215557));
#2153 = CARTESIAN_POINT('',(80.299036951905,-8.990230301287,
    25.459679680347));
#2154 = CARTESIAN_POINT('',(80.281086577589,-8.896678953471,
    25.492463263126));
#2155 = CARTESIAN_POINT('',(80.265386022131,-8.802285052922,
    25.525083391552));
#2156 = CARTESIAN_POINT('',(80.239608814698,-8.619098690586,
    25.58749279994));
#2157 = CARTESIAN_POINT('',(80.229199523662,-8.53041529133,
    25.617311313159));
#2158 = CARTESIAN_POINT('',(80.220817916822,-8.441154863462,
    25.646923055214));
#2159 = CARTESIAN_POINT('',(80.214512029589,-8.351394718462,
    25.676295022501));
#2160 = CARTESIAN_POINT('',(80.21032754962,-8.261220071398,
    25.705393728672));
#2161 = CARTESIAN_POINT('',(80.208306271533,-8.170724399127,
    25.734185462072));
#2162 = CARTESIAN_POINT('',(80.208813725879,-7.912515429906,
    25.815168283759));
#2163 = CARTESIAN_POINT('',(80.216641480619,-7.744239062275,
    25.866549856779));
#2164 = CARTESIAN_POINT('',(80.232201891213,-7.575874046193,
    25.916552366848));
#2165 = CARTESIAN_POINT('',(80.255649599477,-7.408159630108,
    25.964966650246));
#2166 = CARTESIAN_POINT('',(80.287043606346,-7.24187902757,
    26.011607860549));
#2167 = CARTESIAN_POINT('',(80.326321294044,-7.077852174659,
    26.056318346979));
#2168 = CARTESIAN_POINT('',(80.40820760575,-6.797121591687,
    26.130719442631));
#2169 = CARTESIAN_POINT('',(80.447405725682,-6.679016290057,
    26.161333843092));
#2170 = CARTESIAN_POINT('',(80.490770831641,-6.562948126124,
    26.190760257807));
#2171 = CARTESIAN_POINT('',(80.538182056232,-6.449227788428,
    26.218965180303));
#2172 = CARTESIAN_POINT('',(80.589487810163,-6.338136664669,
    26.245930561042));
#2173 = CARTESIAN_POINT('',(80.644509721812,-6.229927705792,
    26.271651001717));
#2174 = CARTESIAN_POINT('',(80.731231588858,-6.074220826719,
    26.307917842201));
#2175 = CARTESIAN_POINT('',(80.760232516181,-6.024334111575,
    26.31941751051));
#2176 = CARTESIAN_POINT('',(80.790027417862,-5.975190030204,
    26.330630820817));
#2177 = CARTESIAN_POINT('',(80.820593899538,-5.926810468787,
    26.3415591796));
#2178 = CARTESIAN_POINT('',(80.851909113388,-5.879215314119,
    26.352204533484));
#2179 = CARTESIAN_POINT('',(80.883949758133,-5.832422453612,
    26.362569369243));
#2180 = CARTESIAN_POINT('',(80.974562899253,-5.705189261228,
    26.390485715746));
#2181 = CARTESIAN_POINT('',(81.034626052707,-5.626486831612,
    26.407447698784));
#2182 = CARTESIAN_POINT('',(81.096751835747,-5.550428159332,
    26.423559062906));
#2183 = CARTESIAN_POINT('',(81.160810193157,-5.477081810033,
    26.438840255451));
#2184 = CARTESIAN_POINT('',(81.226672747508,-5.406499853095,
    26.453314547614));
#2185 = CARTESIAN_POINT('',(81.294214828497,-5.338720472624,
    26.467006810946));
#2186 = CARTESIAN_POINT('',(81.4408089579,-5.200936032886,
    26.494448091459));
#2187 = CARTESIAN_POINT('',(81.520262103934,-5.131660371005,
    26.508002079482));
#2188 = CARTESIAN_POINT('',(81.601510830045,-5.065979300119,
    26.520640542424));
#2189 = CARTESIAN_POINT('',(81.68439618691,-5.003913047689,
    26.53239995454));
#2190 = CARTESIAN_POINT('',(81.768767800874,-4.945469464968,
    26.543316089788));
#2191 = CARTESIAN_POINT('',(81.854485288599,-4.890647130644,
    26.553423131763));
#2192 = CARTESIAN_POINT('',(82.002431347099,-4.803499542707,
    26.569300454107));
#2193 = CARTESIAN_POINT('',(82.064041824599,-4.769340976601,
    26.575465157092));
#2194 = CARTESIAN_POINT('',(82.126206190855,-4.736959844669,
    26.581257928274));
#2195 = CARTESIAN_POINT('',(82.188881431846,-4.706352606357,
    26.586689094074));
#2196 = CARTESIAN_POINT('',(82.25202643289,-4.677515092071,
    26.591768271662));
#2197 = CARTESIAN_POINT('',(82.31560197864,-4.650442503169,
    26.596504368958));
#2198 = CARTESIAN_POINT('',(82.535131233348,-4.563572556184,
    26.611608544473));
#2199 = CARTESIAN_POINT('',(82.693008093585,-4.512425419626,
    26.620330339081));
#2200 = CARTESIAN_POINT('',(82.852677964561,-4.471607419379,
    26.627189512335));
#2201 = CARTESIAN_POINT('',(83.01365129527,-4.441050729513,
    26.632274127681));
#2202 = CARTESIAN_POINT('',(83.175471551844,-4.420699593805,
    26.63564382415));
#2203 = CARTESIAN_POINT('',(83.337715580878,-4.410520003823,
    26.637329319883));
#2204 = CARTESIAN_POINT('',(83.663426448575,-4.410519479057,
    26.637329406772));
#2205 = CARTESIAN_POINT('',(83.826489752565,-4.420840739164,
    26.63562058937));
#2206 = CARTESIAN_POINT('',(83.988957072364,-4.441408619897,
    26.632214810309));
#2207 = CARTESIAN_POINT('',(84.15051041029,-4.472238809645,
    26.627084259003));
#2208 = CARTESIAN_POINT('',(84.310747202435,-4.513400967977,
    26.620166241971));
#2209 = CARTESIAN_POINT('',(84.469185773318,-4.56498210563,
    26.611368009878));
#2210 = CARTESIAN_POINT('',(84.68746069112,-4.651780038166,
    26.596269899322));
#2211 = CARTESIAN_POINT('',(84.749276715863,-4.678174711787,
    26.591651026348));
#2212 = CARTESIAN_POINT('',(84.810684460625,-4.706238952902,
    26.586707395093));
#2213 = CARTESIAN_POINT('',(84.871647822215,-4.735977169307,
    26.581430799845));
#2214 = CARTESIAN_POINT('',(84.932128998399,-4.767393209064,
    26.575812399735));
#2215 = CARTESIAN_POINT('',(84.992088487902,-4.8004903605,
    26.569842718741));
#2216 = CARTESIAN_POINT('',(85.13968487001,-4.886918680074,
    26.554110447224));
#2217 = CARTESIAN_POINT('',(85.226642286504,-4.942277954777,
    26.543912514369));
#2218 = CARTESIAN_POINT('',(85.312223526538,-5.001357356874,
    26.532884954409));
#2219 = CARTESIAN_POINT('',(85.396282727461,-5.064158668459,
    26.520992230623));
#2220 = CARTESIAN_POINT('',(85.478663481649,-5.130673965721,
    26.50819710852));
#2221 = CARTESIAN_POINT('',(85.559200340839,-5.200882311504,
    26.494461602097));
#2222 = CARTESIAN_POINT('',(85.706394235305,-5.339348342002,
    26.466879269941));
#2223 = CARTESIAN_POINT('',(85.773524698159,-5.4067460546,
    26.453262499358));
#2224 = CARTESIAN_POINT('',(85.838994831334,-5.476913059721,
    26.438872807851));
#2225 = CARTESIAN_POINT('',(85.902682165669,-5.549811804155,
    26.423685771177));
#2226 = CARTESIAN_POINT('',(85.964460609829,-5.625391171707,
    26.407678528801));
#2227 = CARTESIAN_POINT('',(86.024202419597,-5.703583947472,
    26.390830971375));
#2228 = CARTESIAN_POINT('',(86.189527940799,-5.935359797731,
    26.339996572906));
#2229 = CARTESIAN_POINT('',(86.289741884887,-6.095328645398,
    26.303853344739));
#2230 = CARTESIAN_POINT('',(86.38151158691,-6.263570246643,
    26.264607455235));
#2231 = CARTESIAN_POINT('',(86.46402363648,-6.439265768829,
    26.22221186406));
#2232 = CARTESIAN_POINT('',(86.536586282834,-6.62141153094,
    26.176683673845));
#2233 = CARTESIAN_POINT('',(86.598675148624,-6.808801660263,
    26.128134472187));
#2234 = CARTESIAN_POINT('',(86.65,-7.,26.076809620811));
#2235 = PCURVE('',#895,#2236);
#2236 = DEFINITIONAL_REPRESENTATION('',(#2237),#2396);
#2237 = B_SPLINE_CURVE_WITH_KNOTS('',7,(#2238,#2239,#2240,#2241,#2242,
    #2243,#2244,#2245,#2246,#2247,#2248,#2249,#2250,#2251,#2252,#2253,
    #2254,#2255,#2256,#2257,#2258,#2259,#2260,#2261,#2262,#2263,#2264,
    #2265,#2266,#2267,#2268,#2269,#2270,#2271,#2272,#2273,#2274,#2275,
    #2276,#2277,#2278,#2279,#2280,#2281,#2282,#2283,#2284,#2285,#2286,
    #2287,#2288,#2289,#2290,#2291,#2292,#2293,#2294,#2295,#2296,#2297,
    #2298,#2299,#2300,#2301,#2302,#2303,#2304,#2305,#2306,#2307,#2308,
    #2309,#2310,#2311,#2312,#2313,#2314,#2315,#2316,#2317,#2318,#2319,
    #2320,#2321,#2322,#2323,#2324,#2325,#2326,#2327,#2328,#2329,#2330,
    #2331,#2332,#2333,#2334,#2335,#2336,#2337,#2338,#2339,#2340,#2341,
    #2342,#2343,#2344,#2345,#2346,#2347,#2348,#2349,#2350,#2351,#2352,
    #2353,#2354,#2355,#2356,#2357,#2358,#2359,#2360,#2361,#2362,#2363,
    #2364,#2365,#2366,#2367,#2368,#2369,#2370,#2371,#2372,#2373,#2374,
    #2375,#2376,#2377,#2378,#2379,#2380,#2381,#2382,#2383,#2384,#2385,
    #2386,#2387,#2388,#2389,#2390,#2391,#2392,#2393,#2394,#2395),
  .UNSPECIFIED.,.F.,.F.,(8,6,6,6,6,6,6,6,6,6,6,6,6,6,6,6,6,6,6,6,6,6,6,6
    ,6,6,8),(0.,6.904897863094E-02,9.652847455901E-02,0.155745387991,
    0.211168993058,0.23577984453,0.258351238933,0.29732043158,
    0.343259502702,0.365943383845,0.390615646769,0.446112074142,
    0.505656387304,0.533138575514,0.558566265416,0.605515652124,
    0.640466537823,0.657295100532,0.687038951919,0.720393585146,
    0.743802298504,0.800728052101,0.858057827785,0.880900078202,
    0.914819214444,0.944485038163,1.),.UNSPECIFIED.);
#2238 = CARTESIAN_POINT('',(-1.833051485671,-87.65));
#2239 = CARTESIAN_POINT('',(-1.842207067941,-87.71408907589));
#2240 = CARTESIAN_POINT('',(-1.851622714797,-87.76143732321));
#2241 = CARTESIAN_POINT('',(-1.86119515271,-87.79143750358));
#2242 = CARTESIAN_POINT('',(-1.870829482476,-87.80428016113));
#2243 = CARTESIAN_POINT('',(-1.88044137465,-87.800595164));
#2244 = CARTESIAN_POINT('',(-1.889956913353,-87.78129154354));
#2245 = CARTESIAN_POINT('',(-1.903035959949,-87.7339421915));
#2246 = CARTESIAN_POINT('',(-1.906735082562,-87.71815177814));
#2247 = CARTESIAN_POINT('',(-1.910406585832,-87.70011200906));
#2248 = CARTESIAN_POINT('',(-1.914047372582,-87.67988568325));
#2249 = CARTESIAN_POINT('',(-1.917654654495,-87.65753526986));
#2250 = CARTESIAN_POINT('',(-1.92122592799,-87.63312153635));
#2251 = CARTESIAN_POINT('',(-1.93237243271,-87.54976980283));
#2252 = CARTESIAN_POINT('',(-1.939806754678,-87.48353512776));
#2253 = CARTESIAN_POINT('',(-1.947041720302,-87.40856733035));
#2254 = CARTESIAN_POINT('',(-1.954058863188,-87.32538147337));
#2255 = CARTESIAN_POINT('',(-1.960841103723,-87.23443281723));
#2256 = CARTESIAN_POINT('',(-1.967372201872,-87.13610193722));
#2257 = CARTESIAN_POINT('',(-1.979498562958,-86.93199305378));
#2258 = CARTESIAN_POINT('',(-1.985125415598,-86.82712181009));
#2259 = CARTESIAN_POINT('',(-1.990503382844,-86.71629554425));
#2260 = CARTESIAN_POINT('',(-1.995616050375,-86.59973418205));
#2261 = CARTESIAN_POINT('',(-2.000444329849,-86.47765159897));
#2262 = CARTESIAN_POINT('',(-2.00496683167,-86.35026486069));
#2263 = CARTESIAN_POINT('',(-2.011022049444,-86.15897905008));
#2264 = CARTESIAN_POINT('',(-2.012818979351,-86.09916120913));
#2265 = CARTESIAN_POINT('',(-2.014548715864,-86.03836937657));
#2266 = CARTESIAN_POINT('',(-2.016209005298,-85.97662906158));
#2267 = CARTESIAN_POINT('',(-2.017797499958,-85.91396893064));
#2268 = CARTESIAN_POINT('',(-2.019311793359,-85.85042130627));
#2269 = CARTESIAN_POINT('',(-2.022067981063,-85.72696062473));
#2270 = CARTESIAN_POINT('',(-2.023322046151,-85.66718292683));
#2271 = CARTESIAN_POINT('',(-2.024509769257,-85.60671823311));
#2272 = CARTESIAN_POINT('',(-2.025629248243,-85.54559847514));
#2273 = CARTESIAN_POINT('',(-2.026678599226,-85.48385922969));
#2274 = CARTESIAN_POINT('',(-2.027655995513,-85.42154009355));
#2275 = CARTESIAN_POINT('',(-2.030119950825,-85.2501667307));
#2276 = CARTESIAN_POINT('',(-2.031460713628,-85.14003977144));
#2277 = CARTESIAN_POINT('',(-2.032572804306,-85.02854698452));
#2278 = CARTESIAN_POINT('',(-2.033448329079,-84.91595323575));
#2279 = CARTESIAN_POINT('',(-2.034081182911,-84.80254756299));
#2280 = CARTESIAN_POINT('',(-2.034467541378,-84.68864528641));
#2281 = CARTESIAN_POINT('',(-2.034769990942,-84.44013548632));
#2282 = CARTESIAN_POINT('',(-2.034589593989,-84.30549414501));
#2283 = CARTESIAN_POINT('',(-2.034063742858,-84.1712230439));
#2284 = CARTESIAN_POINT('',(-2.033196530957,-84.03783847313));
#2285 = CARTESIAN_POINT('',(-2.031996532608,-83.90582098817));
#2286 = CARTESIAN_POINT('',(-2.030476027104,-83.77561927541));
#2287 = CARTESIAN_POINT('',(-2.027749055143,-83.5844655096));
#2288 = CARTESIAN_POINT('',(-2.026773149386,-83.52181564647));
#2289 = CARTESIAN_POINT('',(-2.025724509162,-83.45974821463));
#2290 = CARTESIAN_POINT('',(-2.02460498268,-83.39830357242));
#2291 = CARTESIAN_POINT('',(-2.023416478093,-83.33751797389));
#2292 = CARTESIAN_POINT('',(-2.022160923518,-83.27742395165));
#2293 = CARTESIAN_POINT('',(-2.019403763424,-83.1534730166));
#2294 = CARTESIAN_POINT('',(-2.017890241327,-83.08974818545));
#2295 = CARTESIAN_POINT('',(-2.016302106865,-83.02691307986));
#2296 = CARTESIAN_POINT('',(-2.014641783464,-82.96500036109));
#2297 = CARTESIAN_POINT('',(-2.012911636087,-82.9040389832));
#2298 = CARTESIAN_POINT('',(-2.011113935447,-82.84405469839));
#2299 = CARTESIAN_POINT('',(-2.005060038064,-82.65239490006));
#2300 = CARTESIAN_POINT('',(-2.000539012095,-82.52480226244));
#2301 = CARTESIAN_POINT('',(-1.995711346245,-82.40251992673));
#2302 = CARTESIAN_POINT('',(-1.990598521746,-82.28576575503));
#2303 = CARTESIAN_POINT('',(-1.985219707901,-82.17475414131));
#2304 = CARTESIAN_POINT('',(-1.979591384365,-82.06970535091));
#2305 = CARTESIAN_POINT('',(-1.967434407514,-81.86480128923));
#2306 = CARTESIAN_POINT('',(-1.960871839607,-81.76591423239));
#2307 = CARTESIAN_POINT('',(-1.954055473192,-81.67448242249));
#2308 = CARTESIAN_POINT('',(-1.947001794232,-81.59089215849));
#2309 = CARTESIAN_POINT('',(-1.939728147134,-81.51560595437));
#2310 = CARTESIAN_POINT('',(-1.932253296493,-81.44914726039));
#2311 = CARTESIAN_POINT('',(-1.921064436559,-81.36576248549));
#2312 = CARTESIAN_POINT('',(-1.917492942983,-81.34143650304));
#2313 = CARTESIAN_POINT('',(-1.913885544043,-81.31917440585));
#2314 = CARTESIAN_POINT('',(-1.910244747604,-81.2990369519));
#2315 = CARTESIAN_POINT('',(-1.906573346839,-81.28108657758));
#2316 = CARTESIAN_POINT('',(-1.902874444335,-81.26538602213));
#2317 = CARTESIAN_POINT('',(-1.895706827631,-81.23960881469));
#2318 = CARTESIAN_POINT('',(-1.892241587829,-81.22919952366));
#2319 = CARTESIAN_POINT('',(-1.888758521406,-81.22081791682));
#2320 = CARTESIAN_POINT('',(-1.885260662423,-81.21451202958));
#2321 = CARTESIAN_POINT('',(-1.881751325624,-81.21032754962));
#2322 = CARTESIAN_POINT('',(-1.878234117707,-81.20830627153));
#2323 = CARTESIAN_POINT('',(-1.868211503415,-81.20881372587));
#2324 = CARTESIAN_POINT('',(-1.86169517061,-81.21664148061));
#2325 = CARTESIAN_POINT('',(-1.855190541881,-81.23220189121));
#2326 = CARTESIAN_POINT('',(-1.848725600451,-81.25564959947));
#2327 = CARTESIAN_POINT('',(-1.842329654313,-81.28704360634));
#2328 = CARTESIAN_POINT('',(-1.836033096264,-81.32632129404));
#2329 = CARTESIAN_POINT('',(-1.825276710261,-81.40820760575));
#2330 = CARTESIAN_POINT('',(-1.820757939704,-81.44740572568));
#2331 = CARTESIAN_POINT('',(-1.816323213526,-81.49077083164));
#2332 = CARTESIAN_POINT('',(-1.811983838838,-81.53818205623));
#2333 = CARTESIAN_POINT('',(-1.807749956156,-81.58948781016));
#2334 = CARTESIAN_POINT('',(-1.803630600193,-81.64450972181));
#2335 = CARTESIAN_POINT('',(-1.797709315447,-81.73123158885));
#2336 = CARTESIAN_POINT('',(-1.795813209716,-81.76023251618));
#2337 = CARTESIAN_POINT('',(-1.793946286174,-81.79002741786));
#2338 = CARTESIAN_POINT('',(-1.792109312379,-81.82059389953));
#2339 = CARTESIAN_POINT('',(-1.790302980746,-81.85190911338));
#2340 = CARTESIAN_POINT('',(-1.788527908544,-81.88394975813));
#2341 = CARTESIAN_POINT('',(-1.783703472623,-81.97456289925));
#2342 = CARTESIAN_POINT('',(-1.780721659516,-82.0346260527));
#2343 = CARTESIAN_POINT('',(-1.777842192136,-82.09675183574));
#2344 = CARTESIAN_POINT('',(-1.775067355003,-82.16081019315));
#2345 = CARTESIAN_POINT('',(-1.772398825851,-82.2266727475));
#2346 = CARTESIAN_POINT('',(-1.769837777872,-82.29421482849));
#2347 = CARTESIAN_POINT('',(-1.764634426663,-82.4408089579));
#2348 = CARTESIAN_POINT('',(-1.762020028625,-82.52026210393));
#2349 = CARTESIAN_POINT('',(-1.759542788472,-82.60151083004));
#2350 = CARTESIAN_POINT('',(-1.757203158155,-82.68439618691));
#2351 = CARTESIAN_POINT('',(-1.755001156829,-82.76876780087));
#2352 = CARTESIAN_POINT('',(-1.752936486724,-82.85448528859));
#2353 = CARTESIAN_POINT('',(-1.749655667576,-83.00243134709));
#2354 = CARTESIAN_POINT('',(-1.748370099138,-83.06404182459));
#2355 = CARTESIAN_POINT('',(-1.747151760805,-83.12620619085));
#2356 = CARTESIAN_POINT('',(-1.746000452641,-83.18888143184));
#2357 = CARTESIAN_POINT('',(-1.74491595768,-83.25202643289));
#2358 = CARTESIAN_POINT('',(-1.743898041925,-83.31560197864));
#2359 = CARTESIAN_POINT('',(-1.740632365623,-83.53513123334));
#2360 = CARTESIAN_POINT('',(-1.738710692657,-83.69300809358));
#2361 = CARTESIAN_POINT('',(-1.737177722783,-83.85267796456));
#2362 = CARTESIAN_POINT('',(-1.736030432712,-84.01365129527));
#2363 = CARTESIAN_POINT('',(-1.735266424528,-84.17547155184));
#2364 = CARTESIAN_POINT('',(-1.734884269492,-84.33771558087));
#2365 = CARTESIAN_POINT('',(-1.734884249792,-84.66342644857));
#2366 = CARTESIAN_POINT('',(-1.735271720109,-84.82648975256));
#2367 = CARTESIAN_POINT('',(-1.73604386847,-84.98895707236));
#2368 = CARTESIAN_POINT('',(-1.737201431244,-85.15051041029));
#2369 = CARTESIAN_POINT('',(-1.738747331231,-85.31074720243));
#2370 = CARTESIAN_POINT('',(-1.740685325556,-85.46918577331));
#2371 = CARTESIAN_POINT('',(-1.74394833561,-85.68746069112));
#2372 = CARTESIAN_POINT('',(-1.744940770842,-85.74927671586));
#2373 = CARTESIAN_POINT('',(-1.745996189496,-85.81068446062));
#2374 = CARTESIAN_POINT('',(-1.747114806679,-85.87164782221));
#2375 = CARTESIAN_POINT('',(-1.748296822375,-85.93212899839));
#2376 = CARTESIAN_POINT('',(-1.749542421443,-85.9920884879));
#2377 = CARTESIAN_POINT('',(-1.752796069557,-86.13968487001));
#2378 = CARTESIAN_POINT('',(-1.754880906998,-86.2266422865));
#2379 = CARTESIAN_POINT('',(-1.757106814291,-86.31222352653));
#2380 = CARTESIAN_POINT('',(-1.759474111756,-86.39628272746));
#2381 = CARTESIAN_POINT('',(-1.761982788222,-86.47866348164));
#2382 = CARTESIAN_POINT('',(-1.764632377565,-86.55920034083));
#2383 = CARTESIAN_POINT('',(-1.769861507046,-86.7063942353));
#2384 = CARTESIAN_POINT('',(-1.772408145577,-86.77352469815));
#2385 = CARTESIAN_POINT('',(-1.775060990313,-86.83899483133));
#2386 = CARTESIAN_POINT('',(-1.77781888718,-86.90268216566));
#2387 = CARTESIAN_POINT('',(-1.780680189267,-86.96446060982));
#2388 = CARTESIAN_POINT('',(-1.783642657534,-87.02420241959));
#2389 = CARTESIAN_POINT('',(-1.792430991617,-87.18952794079));
#2390 = CARTESIAN_POINT('',(-1.798504985988,-87.28974188488));
#2391 = CARTESIAN_POINT('',(-1.804903191627,-87.38151158691));
#2392 = CARTESIAN_POINT('',(-1.811596828026,-87.46402363648));
#2393 = CARTESIAN_POINT('',(-1.818550117265,-87.53658628283));
#2394 = CARTESIAN_POINT('',(-1.825719364046,-87.59867514862));
#2395 = CARTESIAN_POINT('',(-1.833051485671,-87.65));
#2396 = ( GEOMETRIC_REPRESENTATION_CONTEXT(2) 
PARAMETRIC_REPRESENTATION_CONTEXT() REPRESENTATION_CONTEXT('2D SPACE',''
  ) );
#2397 = PCURVE('',#1229,#2398);
#2398 = DEFINITIONAL_REPRESENTATION('',(#2399),#2558);
#2399 = B_SPLINE_CURVE_WITH_KNOTS('',7,(#2400,#2401,#2402,#2403,#2404,
    #2405,#2406,#2407,#2408,#2409,#2410,#2411,#2412,#2413,#2414,#2415,
    #2416,#2417,#2418,#2419,#2420,#2421,#2422,#2423,#2424,#2425,#2426,
    #2427,#2428,#2429,#2430,#2431,#2432,#2433,#2434,#2435,#2436,#2437,
    #2438,#2439,#2440,#2441,#2442,#2443,#2444,#2445,#2446,#2447,#2448,
    #2449,#2450,#2451,#2452,#2453,#2454,#2455,#2456,#2457,#2458,#2459,
    #2460,#2461,#2462,#2463,#2464,#2465,#2466,#2467,#2468,#2469,#2470,
    #2471,#2472,#2473,#2474,#2475,#2476,#2477,#2478,#2479,#2480,#2481,
    #2482,#2483,#2484,#2485,#2486,#2487,#2488,#2489,#2490,#2491,#2492,
    #2493,#2494,#2495,#2496,#2497,#2498,#2499,#2500,#2501,#2502,#2503,
    #2504,#2505,#2506,#2507,#2508,#2509,#2510,#2511,#2512,#2513,#2514,
    #2515,#2516,#2517,#2518,#2519,#2520,#2521,#2522,#2523,#2524,#2525,
    #2526,#2527,#2528,#2529,#2530,#2531,#2532,#2533,#2534,#2535,#2536,
    #2537,#2538,#2539,#2540,#2541,#2542,#2543,#2544,#2545,#2546,#2547,
    #2548,#2549,#2550,#2551,#2552,#2553,#2554,#2555,#2556,#2557),
  .UNSPECIFIED.,.F.,.F.,(8,6,6,6,6,6,6,6,6,6,6,6,6,6,6,6,6,6,6,6,6,6,6,6
    ,6,6,8),(0.,6.904897863094E-02,9.652847455901E-02,0.155745387991,
    0.211168993058,0.23577984453,0.258351238933,0.29732043158,
    0.343259502702,0.365943383845,0.390615646769,0.446112074142,
    0.505656387304,0.533138575514,0.558566265416,0.605515652124,
    0.640466537823,0.657295100532,0.687038951919,0.720393585146,
    0.743802298504,0.800728052101,0.858057827785,0.880900078202,
    0.914819214444,0.944485038163,1.),.UNSPECIFIED.);
#2400 = CARTESIAN_POINT('',(-6.28318530718,-2.));
#2401 = CARTESIAN_POINT('',(-6.207392171992,-1.935910924105));
#2402 = CARTESIAN_POINT('',(-6.133261655133,-1.867451211469));
#2403 = CARTESIAN_POINT('',(-6.061269413911,-1.795091706671));
#2404 = CARTESIAN_POINT('',(-5.991675220504,-1.719409188417));
#2405 = CARTESIAN_POINT('',(-5.924614612234,-1.641069214493));
#2406 = CARTESIAN_POINT('',(-5.860131187276,-1.56078666539));
#2407 = CARTESIAN_POINT('',(-5.773559756925,-1.446851764031));
#2408 = CARTESIAN_POINT('',(-5.749312363838,-1.414214428652));
#2409 = CARTESIAN_POINT('',(-5.725457692819,-1.381414773383));
#2410 = CARTESIAN_POINT('',(-5.701989036312,-1.348492321414));
#2411 = CARTESIAN_POINT('',(-5.678898058,-1.315485624333));
#2412 = CARTESIAN_POINT('',(-5.656175038424,-1.282432066813));
#2413 = CARTESIAN_POINT('',(-5.585611707413,-1.178115583896));
#2414 = CARTESIAN_POINT('',(-5.539082215346,-1.106827499566));
#2415 = CARTESIAN_POINT('',(-5.494097244053,-1.035844234695));
#2416 = CARTESIAN_POINT('',(-5.45053288373,-0.96551147061));
#2417 = CARTESIAN_POINT('',(-5.408263774841,-0.896175183455));
#2418 = CARTESIAN_POINT('',(-5.367160332254,-0.828181327443));
#2419 = CARTESIAN_POINT('',(-5.289575130599,-0.699825350942));
#2420 = CARTESIAN_POINT('',(-5.252975908958,-0.639269864465));
#2421 = CARTESIAN_POINT('',(-5.217173024507,-0.58050043692));
#2422 = CARTESIAN_POINT('',(-5.182067190364,-0.523842087398));
#2423 = CARTESIAN_POINT('',(-5.147565505864,-0.469654308329));
#2424 = CARTESIAN_POINT('',(-5.113576220726,-0.418326227062));
#2425 = CARTESIAN_POINT('',(-5.065099193758,-0.348931138008));
#2426 = CARTESIAN_POINT('',(-5.05027611067,-0.328238759321));
#2427 = CARTESIAN_POINT('',(-5.035529292791,-0.308230106031));
#2428 = CARTESIAN_POINT('',(-5.020851642382,-0.288943575342));
#2429 = CARTESIAN_POINT('',(-5.00623642097,-0.27041856044));
#2430 = CARTESIAN_POINT('',(-4.991677213743,-0.252694941444));
#2431 = CARTESIAN_POINT('',(-4.963860935429,-0.22032922253));
#2432 = CARTESIAN_POINT('',(-4.950595974499,-0.205553513584));
#2433 = CARTESIAN_POINT('',(-4.937368416951,-0.191516259017));
#2434 = CARTESIAN_POINT('',(-4.924173933154,-0.178248294592));
#2435 = CARTESIAN_POINT('',(-4.911008490586,-0.165779903887));
#2436 = CARTESIAN_POINT('',(-4.89786838636,-0.154140239874));
#2437 = CARTESIAN_POINT('',(-4.862102054581,-0.124739197925));
#2438 = CARTESIAN_POINT('',(-4.839517012887,-0.108671761526));
#2439 = CARTESIAN_POINT('',(-4.816981767769,-9.529922005433E-02));
#2440 = CARTESIAN_POINT('',(-4.79448197818,-8.474543434562E-02));
#2441 = CARTESIAN_POINT('',(-4.772004119805,-7.710580435517E-02));
#2442 = CARTESIAN_POINT('',(-4.749537255943,-7.243973020568E-02));
#2443 = CARTESIAN_POINT('',(-4.700594814663,-6.878653591198E-02));
#2444 = CARTESIAN_POINT('',(-4.674126149588,-7.096471777866E-02));
#2445 = CARTESIAN_POINT('',(-4.64765712767,-7.73205769314E-02));
#2446 = CARTESIAN_POINT('',(-4.621167356607,-8.779217799083E-02));
#2447 = CARTESIAN_POINT('',(-4.594633479136,-0.10224535485));
#2448 = CARTESIAN_POINT('',(-4.568033524566,-0.120486219702));
#2449 = CARTESIAN_POINT('',(-4.528173964685,-0.153031691753));
#2450 = CARTESIAN_POINT('',(-4.514976103152,-0.164655833314));
#2451 = CARTESIAN_POINT('',(-4.501752919804,-0.177118228185));
#2452 = CARTESIAN_POINT('',(-4.488500678497,-0.190389391024));
#2453 = CARTESIAN_POINT('',(-4.475215306554,-0.204438660046));
#2454 = CARTESIAN_POINT('',(-4.461892428823,-0.219234791068));
#2455 = CARTESIAN_POINT('',(-4.43399084776,-0.251618013319));
#2456 = CARTESIAN_POINT('',(-4.419404472495,-0.269336015372));
#2457 = CARTESIAN_POINT('',(-4.404762126344,-0.287860453071));
#2458 = CARTESIAN_POINT('',(-4.390057367622,-0.307151182831));
#2459 = CARTESIAN_POINT('',(-4.375283427136,-0.327168539639));
#2460 = CARTESIAN_POINT('',(-4.360433172778,-0.347873854554));
#2461 = CARTESIAN_POINT('',(-4.311907136293,-0.417267245339));
#2462 = CARTESIAN_POINT('',(-4.277896689305,-0.468589048705));
#2463 = CARTESIAN_POINT('',(-4.243374261472,-0.522781393268));
#2464 = CARTESIAN_POINT('',(-4.208247921099,-0.579453691671));
#2465 = CARTESIAN_POINT('',(-4.172424578935,-0.638245120159));
#2466 = CARTESIAN_POINT('',(-4.135804732291,-0.69882952356));
#2467 = CARTESIAN_POINT('',(-4.058007141256,-0.827536973176));
#2468 = CARTESIAN_POINT('',(-4.016703314006,-0.895868378847));
#2469 = CARTESIAN_POINT('',(-3.974222548493,-0.965557798232));
#2470 = CARTESIAN_POINT('',(-3.9304332791,-1.036253956312));
#2471 = CARTESIAN_POINT('',(-3.885208259439,-1.10760552725));
#2472 = CARTESIAN_POINT('',(-3.838421721933,-1.17926146151));
#2473 = CARTESIAN_POINT('',(-3.767575984603,-1.283928660147));
#2474 = CARTESIAN_POINT('',(-3.744846323298,-1.316969609876));
#2475 = CARTESIAN_POINT('',(-3.72174862862,-1.349962534759));
#2476 = CARTESIAN_POINT('',(-3.698273221975,-1.382870059536));
#2477 = CARTESIAN_POINT('',(-3.674411813226,-1.415653642315));
#2478 = CARTESIAN_POINT('',(-3.650157747551,-1.448273770742));
#2479 = CARTESIAN_POINT('',(-3.602697639986,-1.510683179129));
#2480 = CARTESIAN_POINT('',(-3.579548868486,-1.540501692348));
#2481 = CARTESIAN_POINT('',(-3.556056498984,-1.570113434403));
#2482 = CARTESIAN_POINT('',(-3.532218639472,-1.599485401691));
#2483 = CARTESIAN_POINT('',(-3.508035272024,-1.628584107861));
#2484 = CARTESIAN_POINT('',(-3.483508580048,-1.657375841261));
#2485 = CARTESIAN_POINT('',(-3.41273227061,-1.738358662948));
#2486 = CARTESIAN_POINT('',(-3.365657167416,-1.789740235969));
#2487 = CARTESIAN_POINT('',(-3.317460890819,-1.839742746037));
#2488 = CARTESIAN_POINT('',(-3.268203618247,-1.888157029436));
#2489 = CARTESIAN_POINT('',(-3.217966888576,-1.934798239738));
#2490 = CARTESIAN_POINT('',(-3.166860056362,-1.979508726168));
#2491 = CARTESIAN_POINT('',(-3.07644417567,-2.05390982182));
#2492 = CARTESIAN_POINT('',(-3.037451359514,-2.084524222281));
#2493 = CARTESIAN_POINT('',(-2.998107971708,-2.113950636996));
#2494 = CARTESIAN_POINT('',(-2.958470142479,-2.142155559493));
#2495 = CARTESIAN_POINT('',(-2.918593175389,-2.169120940231));
#2496 = CARTESIAN_POINT('',(-2.878531919183,-2.194841380907));
#2497 = CARTESIAN_POINT('',(-2.818989611344,-2.231108221391));
#2498 = CARTESIAN_POINT('',(-2.799607391165,-2.242607889699));
#2499 = CARTESIAN_POINT('',(-2.780200124633,-2.253821200006));
#2500 = CARTESIAN_POINT('',(-2.760773151758,-2.264749558789));
#2501 = CARTESIAN_POINT('',(-2.741331507041,-2.275394912674));
#2502 = CARTESIAN_POINT('',(-2.721879919469,-2.285759748433));
#2503 = CARTESIAN_POINT('',(-2.668033108087,-2.313676094935));
#2504 = CARTESIAN_POINT('',(-2.633626143033,-2.330638077974));
#2505 = CARTESIAN_POINT('',(-2.59922601911,-2.346749442095));
#2506 = CARTESIAN_POINT('',(-2.564853218107,-2.36203063464));
#2507 = CARTESIAN_POINT('',(-2.530524738401,-2.376504926804));
#2508 = CARTESIAN_POINT('',(-2.49625423152,-2.390197190135));
#2509 = CARTESIAN_POINT('',(-2.423698051772,-2.417638470649));
#2510 = CARTESIAN_POINT('',(-2.385430385037,-2.431192458672));
#2511 = CARTESIAN_POINT('',(-2.347262794609,-2.443830921613));
#2512 = CARTESIAN_POINT('',(-2.309204866641,-2.45559033373));
#2513 = CARTESIAN_POINT('',(-2.271262216118,-2.466506468977));
#2514 = CARTESIAN_POINT('',(-2.233436585634,-2.476613510952));
#2515 = CARTESIAN_POINT('',(-2.169260127876,-2.492490833296));
#2516 = CARTESIAN_POINT('',(-2.142851194448,-2.498655536281));
#2517 = CARTESIAN_POINT('',(-2.116498518863,-2.504448307463));
#2518 = CARTESIAN_POINT('',(-2.090200923802,-2.509879473263));
#2519 = CARTESIAN_POINT('',(-2.063956679668,-2.514958650851));
#2520 = CARTESIAN_POINT('',(-2.037763504585,-2.519694748147));
#2521 = CARTESIAN_POINT('',(-1.948038802445,-2.534798923663));
#2522 = CARTESIAN_POINT('',(-1.884748025691,-2.543520718271));
#2523 = CARTESIAN_POINT('',(-1.821700145566,-2.550379891524));
#2524 = CARTESIAN_POINT('',(-1.758844070136,-2.55546450687));
#2525 = CARTESIAN_POINT('',(-1.696122071515,-2.558834203339));
#2526 = CARTESIAN_POINT('',(-1.633466979967,-2.560519699072));
#2527 = CARTESIAN_POINT('',(-1.507684647108,-2.560519785961));
#2528 = CARTESIAN_POINT('',(-1.444712243364,-2.55881096856));
#2529 = CARTESIAN_POINT('',(-1.381736317377,-2.555405189499));
#2530 = CARTESIAN_POINT('',(-1.318646144959,-2.550274638192));
#2531 = CARTESIAN_POINT('',(-1.255360314886,-2.54335662116));
#2532 = CARTESIAN_POINT('',(-1.191822089952,-2.534558389068));
#2533 = CARTESIAN_POINT('',(-1.102563660832,-2.519460278511));
#2534 = CARTESIAN_POINT('',(-1.077086785582,-2.514841405538));
#2535 = CARTESIAN_POINT('',(-1.051561556648,-2.509897774283));
#2536 = CARTESIAN_POINT('',(-1.025985882115,-2.504621179034));
#2537 = CARTESIAN_POINT('',(-1.000358163785,-2.499002778924));
#2538 = CARTESIAN_POINT('',(-0.974677297175,-2.49303309793));
#2539 = CARTESIAN_POINT('',(-0.910728561351,-2.477300826413));
#2540 = CARTESIAN_POINT('',(-0.87239642148,-2.467102893558));
#2541 = CARTESIAN_POINT('',(-0.833943976071,-2.456075333599));
#2542 = CARTESIAN_POINT('',(-0.795372919404,-2.444182609812));
#2543 = CARTESIAN_POINT('',(-0.756689020202,-2.43138748771));
#2544 = CARTESIAN_POINT('',(-0.717902225972,-2.417651981286));
#2545 = CARTESIAN_POINT('',(-0.645026122555,-2.390069649131));
#2546 = CARTESIAN_POINT('',(-0.610957984473,-2.376452878547));
#2547 = CARTESIAN_POINT('',(-0.576832634475,-2.36206318704));
#2548 = CARTESIAN_POINT('',(-0.542663490932,-2.346876150366));
#2549 = CARTESIAN_POINT('',(-0.508467241912,-2.330868907991));
#2550 = CARTESIAN_POINT('',(-0.474263977887,-2.314021350565));
#2551 = CARTESIAN_POINT('',(-0.376102334904,-2.263186952096));
#2552 = CARTESIAN_POINT('',(-0.312159264586,-2.227043723929));
#2553 = CARTESIAN_POINT('',(-0.248441327306,-2.187797834425));
#2554 = CARTESIAN_POINT('',(-0.185149672318,-2.145402243249));
#2555 = CARTESIAN_POINT('',(-0.122494419584,-2.099874053035));
#2556 = CARTESIAN_POINT('',(-6.069788563064E-02,-2.051324851376));
#2557 = CARTESIAN_POINT('',(0.,-2.));
#2558 = ( GEOMETRIC_REPRESENTATION_CONTEXT(2) 
PARAMETRIC_REPRESENTATION_CONTEXT() REPRESENTATION_CONTEXT('2D SPACE',''
  ) );
#2559 = FACE_BOUND('',#2560,.T.);
#2560 = EDGE_LOOP('',(#2561));
#2561 = ORIENTED_EDGE('',*,*,#2562,.T.);
#2562 = EDGE_CURVE('',#2563,#2563,#2565,.T.);
#2563 = VERTEX_POINT('',#2564);
#2564 = CARTESIAN_POINT('',(117.1,-27.,0.));
#2565 = SURFACE_CURVE('',#2566,(#2617,#2671),.PCURVE_S1.);
#2566 = B_SPLINE_CURVE_WITH_KNOTS('',7,(#2567,#2568,#2569,#2570,#2571,
    #2572,#2573,#2574,#2575,#2576,#2577,#2578,#2579,#2580,#2581,#2582,
    #2583,#2584,#2585,#2586,#2587,#2588,#2589,#2590,#2591,#2592,#2593,
    #2594,#2595,#2596,#2597,#2598,#2599,#2600,#2601,#2602,#2603,#2604,
    #2605,#2606,#2607,#2608,#2609,#2610,#2611,#2612,#2613,#2614,#2615,
    #2616),.UNSPECIFIED.,.T.,.F.,(8,6,6,6,6,6,6,6,8),(0.,0.122648056178,
    0.25000560775,0.377369441892,0.50000079266,0.622660902227,
    0.750026839746,0.877392311725,1.),.UNSPECIFIED.);
#2567 = CARTESIAN_POINT('',(117.1,-27.,1.33226762955E-15));
#2568 = CARTESIAN_POINT('',(117.1,-27.,0.278754824465));
#2569 = CARTESIAN_POINT('',(117.05683138008,-26.99664237844,
    0.550158417617));
#2570 = CARTESIAN_POINT('',(116.97458960011,-26.99024614167,
    0.806370364486));
#2571 = CARTESIAN_POINT('',(116.85891545242,-26.98168042754,
    1.040861030737));
#2572 = CARTESIAN_POINT('',(116.71690594398,-26.97213874947,
    1.248678017957));
#2573 = CARTESIAN_POINT('',(116.5569835912,-26.96267739199,
    1.426919719435));
#2574 = CARTESIAN_POINT('',(116.21406652263,-26.94500923167,
    1.729241782725));
#2575 = CARTESIAN_POINT('',(116.02575908467,-26.93662430684,
    1.855090077538));
#2576 = CARTESIAN_POINT('',(115.82834644112,-26.92945965731,
    1.954012338555));
#2577 = CARTESIAN_POINT('',(115.62496049271,-26.92388592241,
    2.02723872682));
#2578 = CARTESIAN_POINT('',(115.4179087409,-26.92010313409,2.07572619357
    ));
#2579 = CARTESIAN_POINT('',(115.20903027695,-26.91820945011,2.1));
#2580 = CARTESIAN_POINT('',(114.79095941154,-26.91820945011,2.1));
#2581 = CARTESIAN_POINT('',(114.5820832546,-26.92010331541,
    2.075723844699));
#2582 = CARTESIAN_POINT('',(114.37503745988,-26.92388608439,
    2.027236715377));
#2583 = CARTESIAN_POINT('',(114.17165533793,-26.92945960063,
    1.954012640921));
#2584 = CARTESIAN_POINT('',(113.97424247013,-26.9366242263,1.85509151807
    ));
#2585 = CARTESIAN_POINT('',(113.78593323817,-26.94500924399,
    1.729241571848));
#2586 = CARTESIAN_POINT('',(113.44304785008,-26.96267577204,
    1.426947438656));
#2587 = CARTESIAN_POINT('',(113.28311192169,-26.97213737276,
    1.248707728742));
#2588 = CARTESIAN_POINT('',(113.14107527496,-26.98168075078,
    1.040865628062));
#2589 = CARTESIAN_POINT('',(113.02538455976,-26.9902481467,0.8063341518)
  );
#2590 = CARTESIAN_POINT('',(112.94314837477,-26.99664395473,
    0.550088494993));
#2591 = CARTESIAN_POINT('',(112.9,-27.,0.278689467805));
#2592 = CARTESIAN_POINT('',(112.9,-27.,-0.278754824457));
#2593 = CARTESIAN_POINT('',(112.94316861991,-26.99664237844,
    -0.550158417625));
#2594 = CARTESIAN_POINT('',(113.02541039988,-26.99024614167,
    -0.806370364493));
#2595 = CARTESIAN_POINT('',(113.14108454757,-26.98168042754,
    -1.040861030729));
#2596 = CARTESIAN_POINT('',(113.28309405601,-26.97213874947,
    -1.248678017953));
#2597 = CARTESIAN_POINT('',(113.4430164088,-26.96267739199,
    -1.426919719441));
#2598 = CARTESIAN_POINT('',(113.78592781267,-26.94500952353,
    -1.729236788632));
#2599 = CARTESIAN_POINT('',(113.97423990165,-26.93662427536,
    -1.855091759643));
#2600 = CARTESIAN_POINT('',(114.1716594081,-26.9294593627,
    -1.954015647414));
#2601 = CARTESIAN_POINT('',(114.37504435641,-26.92388594376,
    -2.027238511876));
#2602 = CARTESIAN_POINT('',(114.58208720012,-26.92010333147,
    -2.07572364555));
#2603 = CARTESIAN_POINT('',(114.79095864747,-26.91820945011,-2.1));
#2604 = CARTESIAN_POINT('',(115.20904058845,-26.91820945011,-2.1));
#2605 = CARTESIAN_POINT('',(115.41791674539,-26.92010331541,
    -2.075723844699));
#2606 = CARTESIAN_POINT('',(115.62496254011,-26.92388608439,
    -2.027236715377));
#2607 = CARTESIAN_POINT('',(115.82834466206,-26.92945960063,
    -1.954012640921));
#2608 = CARTESIAN_POINT('',(116.02575752986,-26.9366242263,
    -1.85509151807));
#2609 = CARTESIAN_POINT('',(116.21406676182,-26.94500924399,
    -1.729241571848));
#2610 = CARTESIAN_POINT('',(116.55691753271,-26.96267398845,
    -1.426977957828));
#2611 = CARTESIAN_POINT('',(116.71687766571,-26.97213632997,
    -1.248732244136));
#2612 = CARTESIAN_POINT('',(116.85894424533,-26.98168184841,
    -1.04085519508));
#2613 = CARTESIAN_POINT('',(116.97464572746,-26.99025051872,
    -0.806281407671));
#2614 = CARTESIAN_POINT('',(117.05687077323,-26.9966454401,
    -0.550011943333));
#2615 = CARTESIAN_POINT('',(117.1,-27.,-0.278627627791));
#2616 = CARTESIAN_POINT('',(117.1,-27.,1.33226762955E-15));
#2617 = PCURVE('',#895,#2618);
#2618 = DEFINITIONAL_REPRESENTATION('',(#2619),#2670);
#2619 = B_SPLINE_CURVE_WITH_KNOTS('',7,(#2620,#2621,#2622,#2623,#2624,
    #2625,#2626,#2627,#2628,#2629,#2630,#2631,#2632,#2633,#2634,#2635,
    #2636,#2637,#2638,#2639,#2640,#2641,#2642,#2643,#2644,#2645,#2646,
    #2647,#2648,#2649,#2650,#2651,#2652,#2653,#2654,#2655,#2656,#2657,
    #2658,#2659,#2660,#2661,#2662,#2663,#2664,#2665,#2666,#2667,#2668,
    #2669),.UNSPECIFIED.,.T.,.F.,(8,6,6,6,6,6,6,6,8),(0.,0.122648056178,
    0.25000560775,0.377369441892,0.50000079266,0.622660902227,
    0.750026839746,0.877392311725,1.),.UNSPECIFIED.);
#2620 = CARTESIAN_POINT('',(-3.14159265359,-118.1));
#2621 = CARTESIAN_POINT('',(-3.131268400832,-118.1));
#2622 = CARTESIAN_POINT('',(-3.121216413798,-118.05683138));
#2623 = CARTESIAN_POINT('',(-3.111725296841,-117.9745896001));
#2624 = CARTESIAN_POINT('',(-3.103035455974,-117.8589154524));
#2625 = CARTESIAN_POINT('',(-3.095330741851,-117.7169059439));
#2626 = CARTESIAN_POINT('',(-3.088719999622,-117.5569835912));
#2627 = CARTESIAN_POINT('',(-3.077503781094,-117.2140665226));
#2628 = CARTESIAN_POINT('',(-3.072832554167,-117.0257590846));
#2629 = CARTESIAN_POINT('',(-3.069159221619,-116.8283464411));
#2630 = CARTESIAN_POINT('',(-3.066439294541,-116.6249604927));
#2631 = CARTESIAN_POINT('',(-3.064638005069,-116.4179087409));
#2632 = CARTESIAN_POINT('',(-3.063736243645,-116.2090302769));
#2633 = CARTESIAN_POINT('',(-3.063736243645,-115.7909594115));
#2634 = CARTESIAN_POINT('',(-3.064638092318,-115.5820832546));
#2635 = CARTESIAN_POINT('',(-3.066439369289,-115.3750374598));
#2636 = CARTESIAN_POINT('',(-3.069159210289,-115.1716553379));
#2637 = CARTESIAN_POINT('',(-3.072832500739,-114.9742424701));
#2638 = CARTESIAN_POINT('',(-3.077503788917,-114.7859332381));
#2639 = CARTESIAN_POINT('',(-3.088718971233,-114.44304785));
#2640 = CARTESIAN_POINT('',(-3.0953296403,-114.2831119216));
#2641 = CARTESIAN_POINT('',(-3.103035286725,-114.1410752749));
#2642 = CARTESIAN_POINT('',(-3.111726639381,-114.0253845597));
#2643 = CARTESIAN_POINT('',(-3.12121900353,-113.9431483747));
#2644 = CARTESIAN_POINT('',(-3.131270821449,-113.9));
#2645 = CARTESIAN_POINT('',(-3.151916906347,-113.9));
#2646 = CARTESIAN_POINT('',(-3.161968893382,-113.9431686199));
#2647 = CARTESIAN_POINT('',(-3.171460010339,-114.0254103998));
#2648 = CARTESIAN_POINT('',(-3.180149851205,-114.1410845475));
#2649 = CARTESIAN_POINT('',(-3.187854565328,-114.283094056));
#2650 = CARTESIAN_POINT('',(-3.194465307557,-114.4430164088));
#2651 = CARTESIAN_POINT('',(-3.205681340804,-114.7859278126));
#2652 = CARTESIAN_POINT('',(-3.210352815264,-114.9742399016));
#2653 = CARTESIAN_POINT('',(-3.214026208554,-115.1716594081));
#2654 = CARTESIAN_POINT('',(-3.216746004653,-115.3750443564));
#2655 = CARTESIAN_POINT('',(-3.218547207455,-115.5820872001));
#2656 = CARTESIAN_POINT('',(-3.219449063535,-115.7909586474));
#2657 = CARTESIAN_POINT('',(-3.219449063535,-116.2090405884));
#2658 = CARTESIAN_POINT('',(-3.218547214862,-116.4179167453));
#2659 = CARTESIAN_POINT('',(-3.216745937891,-116.6249625401));
#2660 = CARTESIAN_POINT('',(-3.21402609689,-116.828344662));
#2661 = CARTESIAN_POINT('',(-3.210352806441,-117.0257575298));
#2662 = CARTESIAN_POINT('',(-3.205681518262,-117.2140667618));
#2663 = CARTESIAN_POINT('',(-3.194467468215,-117.5569175327));
#2664 = CARTESIAN_POINT('',(-3.187856575568,-117.7168776657));
#2665 = CARTESIAN_POINT('',(-3.180149632455,-117.8589442453));
#2666 = CARTESIAN_POINT('',(-3.171456712969,-117.9746457274));
#2667 = CARTESIAN_POINT('',(-3.161963468445,-118.0568707732));
#2668 = CARTESIAN_POINT('',(-3.15191219536,-118.1));
#2669 = CARTESIAN_POINT('',(-3.14159265359,-118.1));
#2670 = ( GEOMETRIC_REPRESENTATION_CONTEXT(2) 
PARAMETRIC_REPRESENTATION_CONTEXT() REPRESENTATION_CONTEXT('2D SPACE',''
  ) );
#2671 = PCURVE('',#2672,#2677);
#2672 = CYLINDRICAL_SURFACE('',#2673,2.1);
#2673 = AXIS2_PLACEMENT_3D('',#2674,#2675,#2676);
#2674 = CARTESIAN_POINT('',(115.,-26.5,0.));
#2675 = DIRECTION('',(-0.,1.,-0.));
#2676 = DIRECTION('',(1.,0.,0.));
#2677 = DEFINITIONAL_REPRESENTATION('',(#2678),#2729);
#2678 = B_SPLINE_CURVE_WITH_KNOTS('',7,(#2679,#2680,#2681,#2682,#2683,
    #2684,#2685,#2686,#2687,#2688,#2689,#2690,#2691,#2692,#2693,#2694,
    #2695,#2696,#2697,#2698,#2699,#2700,#2701,#2702,#2703,#2704,#2705,
    #2706,#2707,#2708,#2709,#2710,#2711,#2712,#2713,#2714,#2715,#2716,
    #2717,#2718,#2719,#2720,#2721,#2722,#2723,#2724,#2725,#2726,#2727,
    #2728),.UNSPECIFIED.,.F.,.F.,(8,6,6,6,6,6,6,6,8),(0.,0.122648056178,
    0.25000560775,0.377369441892,0.50000079266,0.622660902227,
    0.750026839746,0.877392311725,1.),.UNSPECIFIED.);
#2679 = CARTESIAN_POINT('',(0.,-0.5));
#2680 = CARTESIAN_POINT('',(-0.132740392602,-0.5));
#2681 = CARTESIAN_POINT('',(-0.261980100429,-0.496642378444));
#2682 = CARTESIAN_POINT('',(-0.387806321894,-0.490246141678));
#2683 = CARTESIAN_POINT('',(-0.510022371498,-0.481680427546));
#2684 = CARTESIAN_POINT('',(-0.628180144877,-0.472138749474));
#2685 = CARTESIAN_POINT('',(-0.741433975675,-0.462677391998));
#2686 = CARTESIAN_POINT('',(-0.959126859818,-0.445009231675));
#2687 = CARTESIAN_POINT('',(-1.066020545256,-0.436624306844));
#2688 = CARTESIAN_POINT('',(-1.169913852153,-0.429459657317));
#2689 = CARTESIAN_POINT('',(-1.271584683973,-0.423885922411));
#2690 = CARTESIAN_POINT('',(-1.37179232134,-0.420103134097));
#2691 = CARTESIAN_POINT('',(-1.471258099674,-0.41820945011));
#2692 = CARTESIAN_POINT('',(-1.670339464154,-0.41820945011));
#2693 = CARTESIAN_POINT('',(-1.76980412833,-0.420103315412));
#2694 = CARTESIAN_POINT('',(-1.870009205381,-0.423886084396));
#2695 = CARTESIAN_POINT('',(-1.971678048231,-0.429459600639));
#2696 = CARTESIAN_POINT('',(-2.075571107084,-0.436624226308));
#2697 = CARTESIAN_POINT('',(-2.182465945617,-0.445009243999));
#2698 = CARTESIAN_POINT('',(-2.400138718151,-0.462675772045));
#2699 = CARTESIAN_POINT('',(-2.513396775103,-0.472137372762));
#2700 = CARTESIAN_POINT('',(-2.631571008627,-0.481680750787));
#2701 = CARTESIAN_POINT('',(-2.75380622706,-0.490248146705));
#2702 = CARTESIAN_POINT('',(-2.879645856706,-0.49664395473));
#2703 = CARTESIAN_POINT('',(-3.008883383206,-0.5));
#2704 = CARTESIAN_POINT('',(-3.274333046188,-0.5));
#2705 = CARTESIAN_POINT('',(-3.403572754022,-0.496642378444));
#2706 = CARTESIAN_POINT('',(-3.529398975487,-0.490246141677));
#2707 = CARTESIAN_POINT('',(-3.651615025084,-0.481680427546));
#2708 = CARTESIAN_POINT('',(-3.769772798463,-0.472138749474));
#2709 = CARTESIAN_POINT('',(-3.883026629269,-0.462677391998));
#2710 = CARTESIAN_POINT('',(-4.100715917315,-0.445009523538));
#2711 = CARTESIAN_POINT('',(-4.207613355971,-0.436624275369));
#2712 = CARTESIAN_POINT('',(-4.311509465844,-0.429459362701));
#2713 = CARTESIAN_POINT('',(-4.413179395844,-0.423885943766));
#2714 = CARTESIAN_POINT('',(-4.5133830469,-0.420103331471));
#2715 = CARTESIAN_POINT('',(-4.61284547918,-0.41820945011));
#2716 = CARTESIAN_POINT('',(-4.811932117744,-0.41820945011));
#2717 = CARTESIAN_POINT('',(-4.91139678192,-0.420103315412));
#2718 = CARTESIAN_POINT('',(-5.01160185897,-0.423886084396));
#2719 = CARTESIAN_POINT('',(-5.113270701821,-0.429459600639));
#2720 = CARTESIAN_POINT('',(-5.217163760673,-0.436624226308));
#2721 = CARTESIAN_POINT('',(-5.324058599207,-0.445009243999));
#2722 = CARTESIAN_POINT('',(-5.541709395817,-0.462673988458));
#2723 = CARTESIAN_POINT('',(-5.654977997982,-0.472136329976));
#2724 = CARTESIAN_POINT('',(-5.773172653126,-0.481681848414));
#2725 = CARTESIAN_POINT('',(-5.895426511074,-0.490250518725));
#2726 = CARTESIAN_POINT('',(-6.021274968627,-0.496645440103));
#2727 = CARTESIAN_POINT('',(-6.150505484422,-0.5));
#2728 = CARTESIAN_POINT('',(-6.28318530718,-0.5));
#2729 = ( GEOMETRIC_REPRESENTATION_CONTEXT(2) 
PARAMETRIC_REPRESENTATION_CONTEXT() REPRESENTATION_CONTEXT('2D SPACE',''
  ) );
#2730 = FACE_BOUND('',#2731,.T.);
#2731 = EDGE_LOOP('',(#2732));
#2732 = ORIENTED_EDGE('',*,*,#2733,.T.);
#2733 = EDGE_CURVE('',#2734,#2734,#2736,.T.);
#2734 = VERTEX_POINT('',#2735);
#2735 = CARTESIAN_POINT('',(117.1,-19.09188309203,-19.09188309203));
#2736 = SURFACE_CURVE('',#2737,(#2796,#2858),.PCURVE_S1.);
#2737 = B_SPLINE_CURVE_WITH_KNOTS('',8,(#2738,#2739,#2740,#2741,#2742,
    #2743,#2744,#2745,#2746,#2747,#2748,#2749,#2750,#2751,#2752,#2753,
    #2754,#2755,#2756,#2757,#2758,#2759,#2760,#2761,#2762,#2763,#2764,
    #2765,#2766,#2767,#2768,#2769,#2770,#2771,#2772,#2773,#2774,#2775,
    #2776,#2777,#2778,#2779,#2780,#2781,#2782,#2783,#2784,#2785,#2786,
    #2787,#2788,#2789,#2790,#2791,#2792,#2793,#2794,#2795),
  .UNSPECIFIED.,.T.,.F.,(9,7,7,7,7,7,7,7,9),(0.,0.137279016455,
    0.279829334524,0.449927584481,0.595996802401,0.690456079352,
    0.794375677381,0.899144679229,1.),.UNSPECIFIED.);
#2738 = CARTESIAN_POINT('',(117.1,-19.09188309203,-19.09188309203));
#2739 = CARTESIAN_POINT('',(117.1,-19.26435384036,-18.9194123437));
#2740 = CARTESIAN_POINT('',(117.06762353506,-19.43114536184,
    -18.74905952677));
#2741 = CARTESIAN_POINT('',(117.0054302676,-19.58893363205,
    -18.58443063008));
#2742 = CARTESIAN_POINT('',(116.91675252626,-19.73505255839,
    -18.4288627124));
#2743 = CARTESIAN_POINT('',(116.80566188676,-19.86750477209,
    -18.2852933852));
#2744 = CARTESIAN_POINT('',(116.67692535579,-19.98496733831,
    -18.15605199238));
#2745 = CARTESIAN_POINT('',(116.53595500694,-20.08681969939,
    -18.04263210461));
#2746 = CARTESIAN_POINT('',(116.23590257195,-20.26294031633,
    -17.84464825471));
#2747 = CARTESIAN_POINT('',(116.07283594416,-20.33805169681,
    -17.75905224107));
#2748 = CARTESIAN_POINT('',(115.90237618245,-20.3993680015,
    -17.68843870245));
#2749 = CARTESIAN_POINT('',(115.72665346692,-20.44761773747,
    -17.63244811153));
#2750 = CARTESIAN_POINT('',(115.54731608578,-20.48339068042,
    -17.59072781638));
#2751 = CARTESIAN_POINT('',(115.36568912492,-20.5071038278,
    -17.56300160652));
#2752 = CARTESIAN_POINT('',(115.18290149233,-20.51897268006,
    -17.54912419908));
#2753 = CARTESIAN_POINT('',(114.78175268787,-20.51897268006,
    -17.54912419908));
#2754 = CARTESIAN_POINT('',(114.56280139967,-20.50207261224,
    -17.56888403775));
#2755 = CARTESIAN_POINT('',(114.34536390034,-20.4680839383,
    -17.60862557069));
#2756 = CARTESIAN_POINT('',(114.13176021921,-20.41650210419,
    -17.66871942523));
#2757 = CARTESIAN_POINT('',(113.92470176934,-20.34654734697,
    -17.74963840084));
#2758 = CARTESIAN_POINT('',(113.72752055251,-20.2571567493,
    -17.85190722998));
#2759 = CARTESIAN_POINT('',(113.54455664882,-20.14704256294,
    -17.97596782735));
#2760 = CARTESIAN_POINT('',(113.24226238657,-19.90148378657,
    -18.24717823139));
#2761 = CARTESIAN_POINT('',(113.11256863435,-19.76773339582,
    -18.39309880206));
#2762 = CARTESIAN_POINT('',(113.00387646422,-19.61511076714,
    -18.55698181679));
#2763 = CARTESIAN_POINT('',(112.92446730068,-19.44669114694,
    -18.73427170993));
#2764 = CARTESIAN_POINT('',(112.87985301222,-19.26702165892,
    -18.91905308133));
#2765 = CARTESIAN_POINT('',(112.87266757984,-19.08174727607,
    -19.10505755738));
#2766 = CARTESIAN_POINT('',(112.90254646068,-18.89708823774,
    -19.2862932512));
#2767 = CARTESIAN_POINT('',(113.00699323114,-18.60387707428,
    -19.56837470805));
#2768 = CARTESIAN_POINT('',(113.06235200729,-18.49061626442,
    -19.6758368616));
#2769 = CARTESIAN_POINT('',(113.13166094922,-18.38039589421,
    -19.77899434878));
#2770 = CARTESIAN_POINT('',(113.21434681073,-18.27435671363,
    -19.87694591365));
#2771 = CARTESIAN_POINT('',(113.30965889205,-18.17361438935,
    -19.96887576371));
#2772 = CARTESIAN_POINT('',(113.41667837303,-18.0792371284,
    -20.05405524133));
#2773 = CARTESIAN_POINT('',(113.5343319279,-17.99221408865,
    -20.13184849634));
#2774 = CARTESIAN_POINT('',(113.80121444817,-17.82672310524,
    -20.27859383672));
#2775 = CARTESIAN_POINT('',(113.95243157461,-17.74998201853,
    -20.34588298565));
#2776 = CARTESIAN_POINT('',(114.11346278258,-17.68434580261,
    -20.40288156489));
#2777 = CARTESIAN_POINT('',(114.28254072275,-17.63079294061,
    -20.44903633214));
#2778 = CARTESIAN_POINT('',(114.45776337736,-17.59009306007,
    -20.48393381362));
#2779 = CARTESIAN_POINT('',(114.63712912501,-17.56277905743,
    -20.50729398723));
#2780 = CARTESIAN_POINT('',(114.81857240767,-17.54912419908,
    -20.51897268006));
#2781 = CARTESIAN_POINT('',(115.18291052039,-17.54912419908,
    -20.51897268006));
#2782 = CARTESIAN_POINT('',(115.36569769618,-17.56300294924,
    -20.50710267748));
#2783 = CARTESIAN_POINT('',(115.54732036829,-17.59072944474,
    -20.48338929106));
#2784 = CARTESIAN_POINT('',(115.72665360943,-17.63244875552,
    -20.44761716824));
#2785 = CARTESIAN_POINT('',(115.90237448631,-17.6884381435,
    -20.39936846797));
#2786 = CARTESIAN_POINT('',(116.07283482997,-17.75905146758,
    -20.33805238853));
#2787 = CARTESIAN_POINT('',(116.23590278608,-17.844648396,
    -20.26294019064));
#2788 = CARTESIAN_POINT('',(116.53589720583,-18.04259396565,
    -20.08685362669));
#2789 = CARTESIAN_POINT('',(116.67688763246,-18.15601105463,
    -19.98500450646));
#2790 = CARTESIAN_POINT('',(116.80566927794,-18.28528157168,
    -19.86751655836));
#2791 = CARTESIAN_POINT('',(116.91679498637,-18.42889827643,
    -19.7350210941));
#2792 = CARTESIAN_POINT('',(117.00548011963,-18.5845115299,
    -19.58885822473));
#2793 = CARTESIAN_POINT('',(117.06765307994,-18.74916131561,
    -19.43104682038));
#2794 = CARTESIAN_POINT('',(117.1,-18.91949104267,-19.2642751414));
#2795 = CARTESIAN_POINT('',(117.1,-19.09188309203,-19.09188309203));
#2796 = PCURVE('',#895,#2797);
#2797 = DEFINITIONAL_REPRESENTATION('',(#2798),#2857);
#2798 = B_SPLINE_CURVE_WITH_KNOTS('',8,(#2799,#2800,#2801,#2802,#2803,
    #2804,#2805,#2806,#2807,#2808,#2809,#2810,#2811,#2812,#2813,#2814,
    #2815,#2816,#2817,#2818,#2819,#2820,#2821,#2822,#2823,#2824,#2825,
    #2826,#2827,#2828,#2829,#2830,#2831,#2832,#2833,#2834,#2835,#2836,
    #2837,#2838,#2839,#2840,#2841,#2842,#2843,#2844,#2845,#2846,#2847,
    #2848,#2849,#2850,#2851,#2852,#2853,#2854,#2855,#2856),
  .UNSPECIFIED.,.T.,.F.,(9,7,7,7,7,7,7,7,9),(0.,0.137279016455,
    0.279829334524,0.449927584481,0.595996802401,0.690456079352,
    0.794375677381,0.899144679229,1.),.UNSPECIFIED.);
#2799 = CARTESIAN_POINT('',(-3.926990816987,-118.1));
#2800 = CARTESIAN_POINT('',(-3.917957095824,-118.1));
#2801 = CARTESIAN_POINT('',(-3.909127573954,-118.067623535));
#2802 = CARTESIAN_POINT('',(-3.900682629097,-118.0054302676));
#2803 = CARTESIAN_POINT('',(-3.892778539805,-117.9167525262));
#2804 = CARTESIAN_POINT('',(-3.885544351576,-117.8056618867));
#2805 = CARTESIAN_POINT('',(-3.879076219692,-117.6769253557));
#2806 = CARTESIAN_POINT('',(-3.873430354748,-117.5359550069));
#2807 = CARTESIAN_POINT('',(-3.863616163536,-117.2359025719));
#2808 = CARTESIAN_POINT('',(-3.859398524296,-117.0728359441));
#2809 = CARTESIAN_POINT('',(-3.855934884722,-116.9023761824));
#2810 = CARTESIAN_POINT('',(-3.853197421477,-116.7266534669));
#2811 = CARTESIAN_POINT('',(-3.851161974386,-116.5473160857));
#2812 = CARTESIAN_POINT('',(-3.84981072811,-116.3656891249));
#2813 = CARTESIAN_POINT('',(-3.849134407043,-116.1829014923));
#2814 = CARTESIAN_POINT('',(-3.849134407043,-115.7817526878));
#2815 = CARTESIAN_POINT('',(-3.850097415237,-115.5628013996));
#2816 = CARTESIAN_POINT('',(-3.852034214987,-115.3453639003));
#2817 = CARTESIAN_POINT('',(-3.854967383077,-115.1317602192));
#2818 = CARTESIAN_POINT('',(-3.858929002611,-114.9247017693));
#2819 = CARTESIAN_POINT('',(-3.863959537431,-114.7275205525));
#2820 = CARTESIAN_POINT('',(-3.870102939847,-114.5445566488));
#2821 = CARTESIAN_POINT('',(-3.883653343438,-114.2422623865));
#2822 = CARTESIAN_POINT('',(-3.890984479487,-114.1125686343));
#2823 = CARTESIAN_POINT('',(-3.899278295027,-114.0038764642));
#2824 = CARTESIAN_POINT('',(-3.908334162412,-113.9244673006));
#2825 = CARTESIAN_POINT('',(-3.91787838836,-113.8798530122));
#2826 = CARTESIAN_POINT('',(-3.927600846939,-113.8726675798));
#2827 = CARTESIAN_POINT('',(-3.937183255842,-113.9025464606));
#2828 = CARTESIAN_POINT('',(-3.952252494063,-114.0069932311));
#2829 = CARTESIAN_POINT('',(-3.958034894681,-114.0623520072));
#2830 = CARTESIAN_POINT('',(-3.963625925116,-114.1316609492));
#2831 = CARTESIAN_POINT('',(-3.968972252029,-114.2143468107));
#2832 = CARTESIAN_POINT('',(-3.974023285513,-114.309658892));
#2833 = CARTESIAN_POINT('',(-3.978731796474,-114.416678373));
#2834 = CARTESIAN_POINT('',(-3.983054921449,-114.5343319279));
#2835 = CARTESIAN_POINT('',(-3.991246845985,-114.8012144481));
#2836 = CARTESIAN_POINT('',(-3.995026927496,-114.9524315746));
#2837 = CARTESIAN_POINT('',(-3.998246535878,-115.1134627825));
#2838 = CARTESIAN_POINT('',(-4.000864948882,-115.2825407227));
#2839 = CARTESIAN_POINT('',(-4.002850599052,-115.4577633773));
#2840 = CARTESIAN_POINT('',(-4.004181748785,-115.637129125));
#2841 = CARTESIAN_POINT('',(-4.004847226932,-115.8185724076));
#2842 = CARTESIAN_POINT('',(-4.004847226932,-116.1829105203));
#2843 = CARTESIAN_POINT('',(-4.004170840383,-116.3656976961));
#2844 = CARTESIAN_POINT('',(-4.002819580306,-116.5473203682));
#2845 = CARTESIAN_POINT('',(-4.000784180664,-116.7266536094));
#2846 = CARTESIAN_POINT('',(-3.998046776217,-116.9023744863));
#2847 = CARTESIAN_POINT('',(-3.994583148104,-117.0728348299));
#2848 = CARTESIAN_POINT('',(-3.990365463435,-117.235902786));
#2849 = CARTESIAN_POINT('',(-3.9805531698,-117.5358972058));
#2850 = CARTESIAN_POINT('',(-3.974907462126,-117.6768876324));
#2851 = CARTESIAN_POINT('',(-3.968437899521,-117.8056692779));
#2852 = CARTESIAN_POINT('',(-3.961201336112,-117.9167949863));
#2853 = CARTESIAN_POINT('',(-3.953294909671,-118.0054801196));
#2854 = CARTESIAN_POINT('',(-3.94484881357,-118.0676530799));
#2855 = CARTESIAN_POINT('',(-3.936020416034,-118.1));
#2856 = CARTESIAN_POINT('',(-3.926990816987,-118.1));
#2857 = ( GEOMETRIC_REPRESENTATION_CONTEXT(2) 
PARAMETRIC_REPRESENTATION_CONTEXT() REPRESENTATION_CONTEXT('2D SPACE',''
  ) );
#2858 = PCURVE('',#2859,#2864);
#2859 = CYLINDRICAL_SURFACE('',#2860,2.1);
#2860 = AXIS2_PLACEMENT_3D('',#2861,#2862,#2863);
#2861 = CARTESIAN_POINT('',(115.,-18.73832970144,-18.73832970144));
#2862 = DIRECTION('',(-0.,0.707106781187,0.707106781187));
#2863 = DIRECTION('',(1.,0.,0.));
#2864 = DEFINITIONAL_REPRESENTATION('',(#2865),#2924);
#2865 = B_SPLINE_CURVE_WITH_KNOTS('',8,(#2866,#2867,#2868,#2869,#2870,
    #2871,#2872,#2873,#2874,#2875,#2876,#2877,#2878,#2879,#2880,#2881,
    #2882,#2883,#2884,#2885,#2886,#2887,#2888,#2889,#2890,#2891,#2892,
    #2893,#2894,#2895,#2896,#2897,#2898,#2899,#2900,#2901,#2902,#2903,
    #2904,#2905,#2906,#2907,#2908,#2909,#2910,#2911,#2912,#2913,#2914,
    #2915,#2916,#2917,#2918,#2919,#2920,#2921,#2922,#2923),
  .UNSPECIFIED.,.F.,.F.,(9,7,7,7,7,7,7,7,9),(0.,0.137279016455,
    0.279829334524,0.449927584481,0.595996802401,0.690456079352,
    0.794375677381,0.899144679229,1.),.UNSPECIFIED.);
#2866 = CARTESIAN_POINT('',(0.,-0.5));
#2867 = CARTESIAN_POINT('',(-0.116147843523,-0.5));
#2868 = CARTESIAN_POINT('',(-0.229670173475,-0.497481783833));
#2869 = CARTESIAN_POINT('',(-0.340621488848,-0.492644730465));
#2870 = CARTESIAN_POINT('',(-0.448914346696,-0.485963284612));
#2871 = CARTESIAN_POINT('',(-0.554331536511,-0.478102298269));
#2872 = CARTESIAN_POINT('',(-0.656493602574,-0.469773410105));
#2873 = CARTESIAN_POINT('',(-0.754783480778,-0.461593933541));
#2874 = CARTESIAN_POINT('',(-0.9452647544,-0.446134293259));
#2875 = CARTESIAN_POINT('',(-1.039297123896,-0.438720538051));
#2876 = CARTESIAN_POINT('',(-1.130953862066,-0.43214640089));
#2877 = CARTESIAN_POINT('',(-1.220749268063,-0.426672789864));
#2878 = CARTESIAN_POINT('',(-1.309162547986,-0.422467376793));
#2879 = CARTESIAN_POINT('',(-1.396658765924,-0.4196297131));
#2880 = CARTESIAN_POINT('',(-1.483700378064,-0.41820945011));
#2881 = CARTESIAN_POINT('',(-1.674723618282,-0.41820945011));
#2882 = CARTESIAN_POINT('',(-1.778985558295,-0.420231613469));
#2883 = CARTESIAN_POINT('',(-1.884239932641,-0.424299499083));
#2884 = CARTESIAN_POINT('',(-1.991130416395,-0.43031840645));
#2885 = CARTESIAN_POINT('',(-2.100347505927,-0.438071279624));
#2886 = CARTESIAN_POINT('',(-2.212653065044,-0.447177564427));
#2887 = CARTESIAN_POINT('',(-2.328945461467,-0.457039166226));
#2888 = CARTESIAN_POINT('',(-2.554775758107,-0.475177606097));
#2889 = CARTESIAN_POINT('',(-2.666701894907,-0.483783222845));
#2890 = CARTESIAN_POINT('',(-2.783538998223,-0.491745518188));
#2891 = CARTESIAN_POINT('',(-2.903589962117,-0.498017748333));
#2892 = CARTESIAN_POINT('',(-3.025629321678,-0.501632395731));
#2893 = CARTESIAN_POINT('',(-3.148595514629,-0.502148649582));
#2894 = CARTESIAN_POINT('',(-3.271466640931,-0.499727979472));
#2895 = CARTESIAN_POINT('',(-3.471460930728,-0.491858088451));
#2896 = CARTESIAN_POINT('',(-3.550003038018,-0.487757819256));
#2897 = CARTESIAN_POINT('',(-3.628540101809,-0.482763606774));
#2898 = CARTESIAN_POINT('',(-3.707076056829,-0.477044798858));
#2899 = CARTESIAN_POINT('',(-3.785615646442,-0.470813438579));
#2900 = CARTESIAN_POINT('',(-3.86415931288,-0.464309623617));
#2901 = CARTESIAN_POINT('',(-3.942702389716,-0.457783180238));
#2902 = CARTESIAN_POINT('',(-4.107640391242,-0.444528008928));
#2903 = CARTESIAN_POINT('',(-4.194036941758,-0.437844479631));
#2904 = CARTESIAN_POINT('',(-4.280425689799,-0.431736748157));
#2905 = CARTESIAN_POINT('',(-4.366810571287,-0.426505505199));
#2906 = CARTESIAN_POINT('',(-4.453198190184,-0.422402589478));
#2907 = CARTESIAN_POINT('',(-4.539593485113,-0.419606810155));
#2908 = CARTESIAN_POINT('',(-4.625994888803,-0.41820945011));
#2909 = CARTESIAN_POINT('',(-4.799489228193,-0.41820945011));
#2910 = CARTESIAN_POINT('',(-4.88653061141,-0.419629849146));
#2911 = CARTESIAN_POINT('',(-4.97402495487,-0.422467545793));
#2912 = CARTESIAN_POINT('',(-5.062436284903,-0.426672842723));
#2913 = CARTESIAN_POINT('',(-5.15223059908,-0.432146335502));
#2914 = CARTESIAN_POINT('',(-5.243887465095,-0.438720480235));
#2915 = CARTESIAN_POINT('',(-5.337920688718,-0.446134304292));
#2916 = CARTESIAN_POINT('',(-5.528365132718,-0.461590955447));
#2917 = CARTESIAN_POINT('',(-5.626660847447,-0.469770744597));
#2918 = CARTESIAN_POINT('',(-5.728849657423,-0.478102278997));
#2919 = CARTESIAN_POINT('',(-5.83429958207,-0.485966183568));
#2920 = CARTESIAN_POINT('',(-5.942619682644,-0.492648614242));
#2921 = CARTESIAN_POINT('',(-6.05358259759,-0.497484080078));
#2922 = CARTESIAN_POINT('',(-6.167090462295,-0.5));
#2923 = CARTESIAN_POINT('',(-6.28318530718,-0.5));
#2924 = ( GEOMETRIC_REPRESENTATION_CONTEXT(2) 
PARAMETRIC_REPRESENTATION_CONTEXT() REPRESENTATION_CONTEXT('2D SPACE',''
  ) );
#2925 = FACE_BOUND('',#2926,.T.);
#2926 = EDGE_LOOP('',(#2927,#2979,#3005));
#2927 = ORIENTED_EDGE('',*,*,#2928,.F.);
#2928 = EDGE_CURVE('',#2929,#2931,#2933,.T.);
#2929 = VERTEX_POINT('',#2930);
#2930 = CARTESIAN_POINT('',(95.85474956751,-15.31517287582,
    -22.23613005411));
#2931 = VERTEX_POINT('',#2932);
#2932 = CARTESIAN_POINT('',(95.15,-11.9,-24.23613005411));
#2933 = SURFACE_CURVE('',#2934,(#2947,#2963),.PCURVE_S1.);
#2934 = B_SPLINE_CURVE_WITH_KNOTS('',6,(#2935,#2936,#2937,#2938,#2939,
    #2940,#2941,#2942,#2943,#2944,#2945,#2946),.UNSPECIFIED.,.F.,.F.,(7,
    5,7),(0.,0.572021458905,1.),.UNSPECIFIED.);
#2935 = CARTESIAN_POINT('',(95.85474956751,-15.31517287582,
    -22.23613005411));
#2936 = CARTESIAN_POINT('',(95.844172333898,-15.00605193608,
    -22.44903763381));
#2937 = CARTESIAN_POINT('',(95.827878661446,-14.69098026658,
    -22.65844070424));
#2938 = CARTESIAN_POINT('',(95.803074466491,-14.36990378551,
    -22.86415544649));
#2939 = CARTESIAN_POINT('',(95.766705629238,-14.04335902262,
    -23.06558248143));
#2940 = CARTESIAN_POINT('',(95.715393338862,-13.71262515195,
    -23.26178491313));
#2941 = CARTESIAN_POINT('',(95.593364272919,-13.13099101456,
    -23.59362646083));
#2942 = CARTESIAN_POINT('',(95.530804758458,-12.88104164004,
    -23.73202795475));
#2943 = CARTESIAN_POINT('',(95.456459548574,-12.63110508998,
    -23.8662700188));
#2944 = CARTESIAN_POINT('',(95.368911745401,-12.38276598912,
    -23.99560448127));
#2945 = CARTESIAN_POINT('',(95.266953648922,-12.13819360046,
    -24.11917640519));
#2946 = CARTESIAN_POINT('',(95.15,-11.9,-24.23613005411));
#2947 = PCURVE('',#895,#2948);
#2948 = DEFINITIONAL_REPRESENTATION('',(#2949),#2962);
#2949 = B_SPLINE_CURVE_WITH_KNOTS('',6,(#2950,#2951,#2952,#2953,#2954,
    #2955,#2956,#2957,#2958,#2959,#2960,#2961),.UNSPECIFIED.,.F.,.F.,(7,
    5,7),(0.,0.572021458905,1.),.UNSPECIFIED.);
#2950 = CARTESIAN_POINT('',(-4.109252154854,-96.85474956751));
#2951 = CARTESIAN_POINT('',(-4.123153896704,-96.84417233389));
#2952 = CARTESIAN_POINT('',(-4.137163524145,-96.82787866144));
#2953 = CARTESIAN_POINT('',(-4.151283665236,-96.80307446649));
#2954 = CARTESIAN_POINT('',(-4.165490558255,-96.76670562923));
#2955 = CARTESIAN_POINT('',(-4.179731178599,-96.71539333886));
#2956 = CARTESIAN_POINT('',(-4.204532642186,-96.59336427291));
#2957 = CARTESIAN_POINT('',(-4.215113596134,-96.53080475845));
#2958 = CARTESIAN_POINT('',(-4.225619943392,-96.45645954857));
#2959 = CARTESIAN_POINT('',(-4.23598908112,-96.3689117454));
#2960 = CARTESIAN_POINT('',(-4.246137222029,-96.26695364892));
#2961 = CARTESIAN_POINT('',(-4.255965259754,-96.15));
#2962 = ( GEOMETRIC_REPRESENTATION_CONTEXT(2) 
PARAMETRIC_REPRESENTATION_CONTEXT() REPRESENTATION_CONTEXT('2D SPACE',''
  ) );
#2963 = PCURVE('',#1284,#2964);
#2964 = DEFINITIONAL_REPRESENTATION('',(#2965),#2978);
#2965 = B_SPLINE_CURVE_WITH_KNOTS('',6,(#2966,#2967,#2968,#2969,#2970,
    #2971,#2972,#2973,#2974,#2975,#2976,#2977),.UNSPECIFIED.,.F.,.F.,(7,
    5,7),(0.,0.572021458905,1.),.UNSPECIFIED.);
#2966 = CARTESIAN_POINT('',(-0.725006575275,0.));
#2967 = CARTESIAN_POINT('',(-0.68144127308,-0.212907579701));
#2968 = CARTESIAN_POINT('',(-0.63342463069,-0.422310650126));
#2969 = CARTESIAN_POINT('',(-0.580465277602,-0.628025392382));
#2970 = CARTESIAN_POINT('',(-0.521982671625,-0.829452427316));
#2971 = CARTESIAN_POINT('',(-0.457300993998,-1.025654859023));
#2972 = CARTESIAN_POINT('',(-0.331994407131,-1.357496406723));
#2973 = CARTESIAN_POINT('',(-0.274467255354,-1.495897900636));
#2974 = CARTESIAN_POINT('',(-0.212734207335,-1.630139964684));
#2975 = CARTESIAN_POINT('',(-0.146520821602,-1.759474427156));
#2976 = CARTESIAN_POINT('',(-7.561701602199E-02,-1.883046351078));
#2977 = CARTESIAN_POINT('',(0.,-2.));
#2978 = ( GEOMETRIC_REPRESENTATION_CONTEXT(2) 
PARAMETRIC_REPRESENTATION_CONTEXT() REPRESENTATION_CONTEXT('2D SPACE',''
  ) );
#2979 = ORIENTED_EDGE('',*,*,#2980,.T.);
#2980 = EDGE_CURVE('',#2929,#2981,#2983,.T.);
#2981 = VERTEX_POINT('',#2982);
#2982 = CARTESIAN_POINT('',(88.14525043249,-15.31517287582,
    -22.23613005411));
#2983 = SURFACE_CURVE('',#2984,(#2988,#2994),.PCURVE_S1.);
#2984 = LINE('',#2985,#2986);
#2985 = CARTESIAN_POINT('',(-1.,-15.31517287582,-22.23613005411));
#2986 = VECTOR('',#2987,1.);
#2987 = DIRECTION('',(-1.,-0.,-0.));
#2988 = PCURVE('',#895,#2989);
#2989 = DEFINITIONAL_REPRESENTATION('',(#2990),#2993);
#2990 = B_SPLINE_CURVE_WITH_KNOTS('',1,(#2991,#2992),.UNSPECIFIED.,.F.,
  .F.,(2,2),(-99.18,-86.82),.PIECEWISE_BEZIER_KNOTS.);
#2991 = CARTESIAN_POINT('',(-4.109252154854,-99.18));
#2992 = CARTESIAN_POINT('',(-4.109252154854,-86.82));
#2993 = ( GEOMETRIC_REPRESENTATION_CONTEXT(2) 
PARAMETRIC_REPRESENTATION_CONTEXT() REPRESENTATION_CONTEXT('2D SPACE',''
  ) );
#2994 = PCURVE('',#2995,#3000);
#2995 = PLANE('',#2996);
#2996 = AXIS2_PLACEMENT_3D('',#2997,#2998,#2999);
#2997 = CARTESIAN_POINT('',(92.,-11.9,-22.23613005411));
#2998 = DIRECTION('',(0.,0.,-1.));
#2999 = DIRECTION('',(1.,0.,0.));
#3000 = DEFINITIONAL_REPRESENTATION('',(#3001),#3004);
#3001 = B_SPLINE_CURVE_WITH_KNOTS('',1,(#3002,#3003),.UNSPECIFIED.,.F.,
  .F.,(2,2),(-99.18,-86.82),.PIECEWISE_BEZIER_KNOTS.);
#3002 = CARTESIAN_POINT('',(6.18,3.415172875827));
#3003 = CARTESIAN_POINT('',(-6.18,3.415172875827));
#3004 = ( GEOMETRIC_REPRESENTATION_CONTEXT(2) 
PARAMETRIC_REPRESENTATION_CONTEXT() REPRESENTATION_CONTEXT('2D SPACE',''
  ) );
#3005 = ORIENTED_EDGE('',*,*,#3006,.F.);
#3006 = EDGE_CURVE('',#2931,#2981,#3007,.T.);
#3007 = SURFACE_CURVE('',#3008,(#3046,#3087),.PCURVE_S1.);
#3008 = B_SPLINE_CURVE_WITH_KNOTS('',8,(#3009,#3010,#3011,#3012,#3013,
    #3014,#3015,#3016,#3017,#3018,#3019,#3020,#3021,#3022,#3023,#3024,
    #3025,#3026,#3027,#3028,#3029,#3030,#3031,#3032,#3033,#3034,#3035,
    #3036,#3037,#3038,#3039,#3040,#3041,#3042,#3043,#3044,#3045),
  .UNSPECIFIED.,.F.,.F.,(9,7,7,7,7,9),(0.,0.229841183761,0.547515235186,
    0.661968604714,0.794488549307,1.),.UNSPECIFIED.);
#3009 = CARTESIAN_POINT('',(95.15,-11.9,-24.23613005411));
#3010 = CARTESIAN_POINT('',(94.996503597657,-11.58738161596,
    -24.38962645645));
#3011 = CARTESIAN_POINT('',(94.818049825092,-11.28449935618,
    -24.53262330228));
#3012 = CARTESIAN_POINT('',(94.614000002484,-10.99782590558,
    -24.66270841097));
#3013 = CARTESIAN_POINT('',(94.384945985432,-10.73327458048,
    -24.77833790949));
#3014 = CARTESIAN_POINT('',(94.13277096548,-10.49594617553,
    -24.87870466041));
#3015 = CARTESIAN_POINT('',(93.86052732779,-10.29009599345,
    -24.96346195363));
#3016 = CARTESIAN_POINT('',(93.572326647991,-10.11902145629,
    -25.03250577621));
#3017 = CARTESIAN_POINT('',(92.860327682497,-9.798740130852,
    -25.15998202264));
#3018 = CARTESIAN_POINT('',(92.424539146347,-9.681856482747,
    -25.20468091779));
#3019 = CARTESIAN_POINT('',(91.976227033718,-9.638616661249,
    -25.22063372347));
#3020 = CARTESIAN_POINT('',(91.525774886025,-9.670187420186,
    -25.20872518167));
#3021 = CARTESIAN_POINT('',(91.083577907222,-9.776419720443,
    -25.16871533295));
#3022 = CARTESIAN_POINT('',(90.659902895719,-9.954995557248,
    -25.09987748463));
#3023 = CARTESIAN_POINT('',(90.264782335975,-10.20175216637,
    -25.00068015466));
#3024 = CARTESIAN_POINT('',(89.777844092928,-10.61688385139,
    -24.82531015249));
#3025 = CARTESIAN_POINT('',(89.653774442525,-10.73435296551,
    -24.77503151205));
#3026 = CARTESIAN_POINT('',(89.53505696349,-10.85881481794,
    -24.72098234407));
#3027 = CARTESIAN_POINT('',(89.422047946198,-10.98968386083,
    -24.66324822444));
#3028 = CARTESIAN_POINT('',(89.315011875616,-11.12632397031,
    -24.60194369099));
#3029 = CARTESIAN_POINT('',(89.214124580642,-11.26805891739,
    -24.53721520261));
#3030 = CARTESIAN_POINT('',(89.119476383439,-11.41418283885,
    -24.46924409849));
#3031 = CARTESIAN_POINT('',(88.928719909508,-11.73740273763,
    -24.31604845907));
#3032 = CARTESIAN_POINT('',(88.83471980706,-11.9157802778,
    -24.22977798606));
#3033 = CARTESIAN_POINT('',(88.749056787873,-12.09804180257,
    -24.13974542596));
#3034 = CARTESIAN_POINT('',(88.671527483069,-12.28319544118,
    -24.04627156332));
#3035 = CARTESIAN_POINT('',(88.601794460718,-12.4703467232,
    -23.94967858571));
#3036 = CARTESIAN_POINT('',(88.539429133787,-12.6587174499,
    -23.85027733874));
#3037 = CARTESIAN_POINT('',(88.483946423737,-12.84765569189,
    -23.7483539303));
#3038 = CARTESIAN_POINT('',(88.358663437154,-13.32970830746,
    -23.48256541976));
#3039 = CARTESIAN_POINT('',(88.297849243401,-13.62272886367,
    -23.31558962655));
#3040 = CARTESIAN_POINT('',(88.250362350008,-13.91404492552,
    -23.14399464815));
#3041 = CARTESIAN_POINT('',(88.214180167285,-14.20243897646,
    -22.96846630757));
#3042 = CARTESIAN_POINT('',(88.187353277686,-14.48708338619,
    -22.78957589496));
#3043 = CARTESIAN_POINT('',(88.168045766218,-14.76749606573,
    -22.60775034043));
#3044 = CARTESIAN_POINT('',(88.15454636793,-15.04349803113,
    -22.42324657134));
#3045 = CARTESIAN_POINT('',(88.14525043249,-15.31517287582,
    -22.23613005411));
#3046 = PCURVE('',#895,#3047);
#3047 = DEFINITIONAL_REPRESENTATION('',(#3048),#3086);
#3048 = B_SPLINE_CURVE_WITH_KNOTS('',8,(#3049,#3050,#3051,#3052,#3053,
    #3054,#3055,#3056,#3057,#3058,#3059,#3060,#3061,#3062,#3063,#3064,
    #3065,#3066,#3067,#3068,#3069,#3070,#3071,#3072,#3073,#3074,#3075,
    #3076,#3077,#3078,#3079,#3080,#3081,#3082,#3083,#3084,#3085),
  .UNSPECIFIED.,.F.,.F.,(9,7,7,7,7,9),(0.,0.229841183761,0.547515235186,
    0.661968604714,0.794488549307,1.),.UNSPECIFIED.);
#3049 = CARTESIAN_POINT('',(-4.255965259754,-96.15));
#3050 = CARTESIAN_POINT('',(-4.268864117094,-95.99650359765));
#3051 = CARTESIAN_POINT('',(-4.281267901875,-95.81804982509));
#3052 = CARTESIAN_POINT('',(-4.292925297242,-95.61400000248));
#3053 = CARTESIAN_POINT('',(-4.303616784989,-95.38494598543));
#3054 = CARTESIAN_POINT('',(-4.313159503413,-95.13277096547));
#3055 = CARTESIAN_POINT('',(-4.321404227594,-94.86052732779));
#3056 = CARTESIAN_POINT('',(-4.328236807141,-94.57232664799));
#3057 = CARTESIAN_POINT('',(-4.341004130875,-93.86032768249));
#3058 = CARTESIAN_POINT('',(-4.345638487257,-93.42453914634));
#3059 = CARTESIAN_POINT('',(-4.347345541253,-92.97622703371));
#3060 = CARTESIAN_POINT('',(-4.346095968654,-92.52577488602));
#3061 = CARTESIAN_POINT('',(-4.341891208641,-92.08357790722));
#3062 = CARTESIAN_POINT('',(-4.334803643842,-91.65990289571));
#3063 = CARTESIAN_POINT('',(-4.324955182093,-91.26478233597));
#3064 = CARTESIAN_POINT('',(-4.308264296251,-90.77784409292));
#3065 = CARTESIAN_POINT('',(-4.303531867833,-90.65377444252));
#3066 = CARTESIAN_POINT('',(-4.298506395821,-90.53505696349));
#3067 = CARTESIAN_POINT('',(-4.29320887332,-90.42204794619));
#3068 = CARTESIAN_POINT('',(-4.287662347973,-90.31501187561));
#3069 = CARTESIAN_POINT('',(-4.281891616306,-90.21412458064));
#3070 = CARTESIAN_POINT('',(-4.275922918056,-90.11947638343));
#3071 = CARTESIAN_POINT('',(-4.262675250513,-89.9287199095));
#3072 = CARTESIAN_POINT('',(-4.255336801312,-89.83471980706));
#3073 = CARTESIAN_POINT('',(-4.247808140534,-89.74905678787));
#3074 = CARTESIAN_POINT('',(-4.240126850958,-89.67152748306));
#3075 = CARTESIAN_POINT('',(-4.232327181711,-89.60179446071));
#3076 = CARTESIAN_POINT('',(-4.224439266009,-89.53942913378));
#3077 = CARTESIAN_POINT('',(-4.216488615476,-89.48394642373));
#3078 = CARTESIAN_POINT('',(-4.196100802859,-89.35866343715));
#3079 = CARTESIAN_POINT('',(-4.183611055448,-89.2978492434));
#3080 = CARTESIAN_POINT('',(-4.171091082215,-89.25036235));
#3081 = CARTESIAN_POINT('',(-4.158589552377,-89.21418016728));
#3082 = CARTESIAN_POINT('',(-4.146140565427,-89.18735327768));
#3083 = CARTESIAN_POINT('',(-4.133764694179,-89.16804576621));
#3084 = CARTESIAN_POINT('',(-4.121469876374,-89.15454636793));
#3085 = CARTESIAN_POINT('',(-4.109252154854,-89.14525043249));
#3086 = ( GEOMETRIC_REPRESENTATION_CONTEXT(2) 
PARAMETRIC_REPRESENTATION_CONTEXT() REPRESENTATION_CONTEXT('2D SPACE',''
  ) );
#3087 = PCURVE('',#1284,#3088);
#3088 = DEFINITIONAL_REPRESENTATION('',(#3089),#3127);
#3089 = B_SPLINE_CURVE_WITH_KNOTS('',8,(#3090,#3091,#3092,#3093,#3094,
    #3095,#3096,#3097,#3098,#3099,#3100,#3101,#3102,#3103,#3104,#3105,
    #3106,#3107,#3108,#3109,#3110,#3111,#3112,#3113,#3114,#3115,#3116,
    #3117,#3118,#3119,#3120,#3121,#3122,#3123,#3124,#3125,#3126),
  .UNSPECIFIED.,.F.,.F.,(9,7,7,7,7,9),(0.,0.229841183761,0.547515235186,
    0.661968604714,0.794488549307,1.),.UNSPECIFIED.);
#3090 = CARTESIAN_POINT('',(-6.28318530718,-2.));
#3091 = CARTESIAN_POINT('',(-6.18394137574,-2.153496402343));
#3092 = CARTESIAN_POINT('',(-6.076734004824,-2.296493248169));
#3093 = CARTESIAN_POINT('',(-5.961901830138,-2.42657835686));
#3094 = CARTESIAN_POINT('',(-5.839947727826,-2.54220785538));
#3095 = CARTESIAN_POINT('',(-5.711577357649,-2.6425746063));
#3096 = CARTESIAN_POINT('',(-5.577740351422,-2.727331899523));
#3097 = CARTESIAN_POINT('',(-5.439695302038,-2.796375722094));
#3098 = CARTESIAN_POINT('',(-5.104823727098,-2.923851968531));
#3099 = CARTESIAN_POINT('',(-4.904631870372,-2.968550863679));
#3100 = CARTESIAN_POINT('',(-4.70130205639,-2.984503669357));
#3101 = CARTESIAN_POINT('',(-4.497415612669,-2.97259512756));
#3102 = CARTESIAN_POINT('',(-4.295634977799,-2.932585278837));
#3103 = CARTESIAN_POINT('',(-4.098575770238,-2.86374743052));
#3104 = CARTESIAN_POINT('',(-3.908725621249,-2.764550100549));
#3105 = CARTESIAN_POINT('',(-3.663981846234,-2.58918009838));
#3106 = CARTESIAN_POINT('',(-3.600487384774,-2.538901457942));
#3107 = CARTESIAN_POINT('',(-3.538475236404,-2.484852289954));
#3108 = CARTESIAN_POINT('',(-3.47807201696,-2.427118170329));
#3109 = CARTESIAN_POINT('',(-3.419380090012,-2.365813636878));
#3110 = CARTESIAN_POINT('',(-3.36248057997,-2.301085148502));
#3111 = CARTESIAN_POINT('',(-3.307436385185,-2.233114044381));
#3112 = CARTESIAN_POINT('',(-3.192765608033,-2.079918404956));
#3113 = CARTESIAN_POINT('',(-3.133775132594,-1.993647931953));
#3114 = CARTESIAN_POINT('',(-3.077376406667,-1.903615371846));
#3115 = CARTESIAN_POINT('',(-3.023565386378,-1.810141509212));
#3116 = CARTESIAN_POINT('',(-2.972298166436,-1.713548531598));
#3117 = CARTESIAN_POINT('',(-2.923503783816,-1.614147284634));
#3118 = CARTESIAN_POINT('',(-2.877093000728,-1.512223876191));
#3119 = CARTESIAN_POINT('',(-2.764526525111,-1.246435365647));
#3120 = CARTESIAN_POINT('',(-2.701611632819,-1.07945957244));
#3121 = CARTESIAN_POINT('',(-2.643755554823,-0.907864594044));
#3122 = CARTESIAN_POINT('',(-2.590529591157,-0.732336253457));
#3123 = CARTESIAN_POINT('',(-2.541540171886,-0.553445840844));
#3124 = CARTESIAN_POINT('',(-2.496429236051,-0.371620286318));
#3125 = CARTESIAN_POINT('',(-2.454873994745,-0.187116517232));
#3126 = CARTESIAN_POINT('',(-2.416586078315,0.));
#3127 = ( GEOMETRIC_REPRESENTATION_CONTEXT(2) 
PARAMETRIC_REPRESENTATION_CONTEXT() REPRESENTATION_CONTEXT('2D SPACE',''
  ) );
#3128 = FACE_BOUND('',#3129,.T.);
#3129 = EDGE_LOOP('',(#3130));
#3130 = ORIENTED_EDGE('',*,*,#3131,.T.);
#3131 = EDGE_CURVE('',#3132,#3132,#3134,.T.);
#3132 = VERTEX_POINT('',#3133);
#3133 = CARTESIAN_POINT('',(37.1,-19.09188309203,19.091883092037));
#3134 = SURFACE_CURVE('',#3135,(#3194,#3256),.PCURVE_S1.);
#3135 = B_SPLINE_CURVE_WITH_KNOTS('',8,(#3136,#3137,#3138,#3139,#3140,
    #3141,#3142,#3143,#3144,#3145,#3146,#3147,#3148,#3149,#3150,#3151,
    #3152,#3153,#3154,#3155,#3156,#3157,#3158,#3159,#3160,#3161,#3162,
    #3163,#3164,#3165,#3166,#3167,#3168,#3169,#3170,#3171,#3172,#3173,
    #3174,#3175,#3176,#3177,#3178,#3179,#3180,#3181,#3182,#3183,#3184,
    #3185,#3186,#3187,#3188,#3189,#3190,#3191,#3192,#3193),
  .UNSPECIFIED.,.T.,.F.,(9,7,7,7,7,7,7,7,9),(0.,0.137279024606,
    0.279829346382,0.449927595756,0.595996813178,0.690456089837,
    0.794375687509,0.899144685846,1.),.UNSPECIFIED.);
#3136 = CARTESIAN_POINT('',(37.1,-19.09188309203,19.091883092037));
#3137 = CARTESIAN_POINT('',(37.1,-18.91941234371,19.264353840363));
#3138 = CARTESIAN_POINT('',(37.067623535064,-18.74905952677,
    19.431145361848));
#3139 = CARTESIAN_POINT('',(37.0054302676,-18.58443063008,
    19.588933632061));
#3140 = CARTESIAN_POINT('',(36.916752526268,-18.4288627124,
    19.735052558391));
#3141 = CARTESIAN_POINT('',(36.805661886766,-18.28529338521,
    19.867504772091));
#3142 = CARTESIAN_POINT('',(36.676925355794,-18.15605199238,
    19.984967338315));
#3143 = CARTESIAN_POINT('',(36.535955006942,-18.04263210461,
    20.086819699399));
#3144 = CARTESIAN_POINT('',(36.235902577055,-17.84464825808,
    20.262940313343));
#3145 = CARTESIAN_POINT('',(36.072835936099,-17.7590522346,
    20.338051702559));
#3146 = CARTESIAN_POINT('',(35.902376180944,-17.68843870543,
    20.399367998852));
#3147 = CARTESIAN_POINT('',(35.726653475326,-17.63244811415,
    20.44761773516));
#3148 = CARTESIAN_POINT('',(35.547316087403,-17.59072781338,
    20.483390683098));
#3149 = CARTESIAN_POINT('',(35.365689115175,-17.56300160737,
    20.507103827033));
#3150 = CARTESIAN_POINT('',(35.182901497715,-17.54912419908,
    20.518972680064));
#3151 = CARTESIAN_POINT('',(34.781752687881,-17.54912419908,
    20.518972680064));
#3152 = CARTESIAN_POINT('',(34.562801399679,-17.56888403775,
    20.50207261224));
#3153 = CARTESIAN_POINT('',(34.345363900347,-17.60862557069,
    20.468083938306));
#3154 = CARTESIAN_POINT('',(34.131760219209,-17.66871942523,
    20.416502104193));
#3155 = CARTESIAN_POINT('',(33.924701769344,-17.74963840084,
    20.346547346976));
#3156 = CARTESIAN_POINT('',(33.727520552514,-17.85190722998,
    20.257156749305));
#3157 = CARTESIAN_POINT('',(33.544556648818,-17.97596782735,
    20.147042562945));
#3158 = CARTESIAN_POINT('',(33.24226238657,-18.24717823139,
    19.901483786571));
#3159 = CARTESIAN_POINT('',(33.112568634351,-18.39309880206,
    19.767733395819));
#3160 = CARTESIAN_POINT('',(33.00387646423,-18.55698181679,
    19.61511076715));
#3161 = CARTESIAN_POINT('',(32.924467300684,-18.73427170993,
    19.446691146945));
#3162 = CARTESIAN_POINT('',(32.879853012228,-18.91905308133,
    19.26702165892));
#3163 = CARTESIAN_POINT('',(32.872667579843,-19.10505755738,
    19.081747276073));
#3164 = CARTESIAN_POINT('',(32.902546460684,-19.2862932512,
    18.897088237745));
#3165 = CARTESIAN_POINT('',(33.006993231161,-19.56837470808,
    18.603877074248));
#3166 = CARTESIAN_POINT('',(33.062352007294,-19.67583686157,
    18.490616264454));
#3167 = CARTESIAN_POINT('',(33.131660949193,-19.77899434875,
    18.380395894253));
#3168 = CARTESIAN_POINT('',(33.214346810723,-19.87694591366,
    18.274356713632));
#3169 = CARTESIAN_POINT('',(33.309658892088,-19.96887576374,
    18.173614389324));
#3170 = CARTESIAN_POINT('',(33.416678373068,-20.05405524135,
    18.079237128393));
#3171 = CARTESIAN_POINT('',(33.534331927862,-20.13184849632,
    17.992214088686));
#3172 = CARTESIAN_POINT('',(33.801214448176,-20.27859383672,
    17.826723105241));
#3173 = CARTESIAN_POINT('',(33.952431574619,-20.34588298565,
    17.749982018533));
#3174 = CARTESIAN_POINT('',(34.113462782586,-20.40288156489,
    17.684345802616));
#3175 = CARTESIAN_POINT('',(34.282540722758,-20.44903633214,
    17.630792940617));
#3176 = CARTESIAN_POINT('',(34.457763377368,-20.48393381362,
    17.590093060079));
#3177 = CARTESIAN_POINT('',(34.637129125011,-20.50729398723,
    17.562779057434));
#3178 = CARTESIAN_POINT('',(34.818572407679,-20.51897268006,
    17.549124199081));
#3179 = CARTESIAN_POINT('',(35.182910514898,-20.51897268006,
    17.549124199081));
#3180 = CARTESIAN_POINT('',(35.365697706159,-20.50710267828,
    17.563002948355));
#3181 = CARTESIAN_POINT('',(35.547320367094,-20.48338928831,
    17.590729447828));
#3182 = CARTESIAN_POINT('',(35.726653601088,-20.44761717045,
    17.632448753019));
#3183 = CARTESIAN_POINT('',(35.902374487488,-20.3993684707,
    17.688438140444));
#3184 = CARTESIAN_POINT('',(36.072834837856,-20.33805238296,
    17.759051473861));
#3185 = CARTESIAN_POINT('',(36.235902781246,-20.26294019348,
    17.844648392814));
#3186 = CARTESIAN_POINT('',(36.535897205771,-20.08685362672,
    18.042593965616));
#3187 = CARTESIAN_POINT('',(36.676887632466,-19.98500450648,
    18.156011054618));
#3188 = CARTESIAN_POINT('',(36.805669277982,-19.86751655833,
    18.285281571711));
#3189 = CARTESIAN_POINT('',(36.916794986403,-19.73502109406,
    18.428898276482));
#3190 = CARTESIAN_POINT('',(37.005480119631,-19.5888582247,
    18.584511529924));
#3191 = CARTESIAN_POINT('',(37.067653079928,-19.4310468204,
    18.74916131559));
#3192 = CARTESIAN_POINT('',(37.1,-19.26427514144,18.919491042628));
#3193 = CARTESIAN_POINT('',(37.1,-19.09188309203,19.091883092037));
#3194 = PCURVE('',#895,#3195);
#3195 = DEFINITIONAL_REPRESENTATION('',(#3196),#3255);
#3196 = B_SPLINE_CURVE_WITH_KNOTS('',8,(#3197,#3198,#3199,#3200,#3201,
    #3202,#3203,#3204,#3205,#3206,#3207,#3208,#3209,#3210,#3211,#3212,
    #3213,#3214,#3215,#3216,#3217,#3218,#3219,#3220,#3221,#3222,#3223,
    #3224,#3225,#3226,#3227,#3228,#3229,#3230,#3231,#3232,#3233,#3234,
    #3235,#3236,#3237,#3238,#3239,#3240,#3241,#3242,#3243,#3244,#3245,
    #3246,#3247,#3248,#3249,#3250,#3251,#3252,#3253,#3254),
  .UNSPECIFIED.,.T.,.F.,(9,7,7,7,7,7,7,7,9),(0.,0.137279024606,
    0.279829346382,0.449927595756,0.595996813178,0.690456089837,
    0.794375687509,0.899144685846,1.),.UNSPECIFIED.);
#3197 = CARTESIAN_POINT('',(-2.356194490192,-38.1));
#3198 = CARTESIAN_POINT('',(-2.34716076903,-38.1));
#3199 = CARTESIAN_POINT('',(-2.338331247159,-38.06762353506));
#3200 = CARTESIAN_POINT('',(-2.329886302302,-38.0054302676));
#3201 = CARTESIAN_POINT('',(-2.32198221301,-37.91675252626));
#3202 = CARTESIAN_POINT('',(-2.314748024781,-37.80566188676));
#3203 = CARTESIAN_POINT('',(-2.308279892897,-37.67692535579));
#3204 = CARTESIAN_POINT('',(-2.302634027953,-37.53595500694));
#3205 = CARTESIAN_POINT('',(-2.292819836908,-37.23590257705));
#3206 = CARTESIAN_POINT('',(-2.288602197181,-37.07283593609));
#3207 = CARTESIAN_POINT('',(-2.285138558074,-36.90237618094));
#3208 = CARTESIAN_POINT('',(-2.282401094812,-36.72665347532));
#3209 = CARTESIAN_POINT('',(-2.280365647443,-36.5473160874));
#3210 = CARTESIAN_POINT('',(-2.279014401358,-36.36568911517));
#3211 = CARTESIAN_POINT('',(-2.278338080248,-36.18290149771));
#3212 = CARTESIAN_POINT('',(-2.278338080248,-35.78175268788));
#3213 = CARTESIAN_POINT('',(-2.279301088442,-35.56280139967));
#3214 = CARTESIAN_POINT('',(-2.281237888192,-35.34536390034));
#3215 = CARTESIAN_POINT('',(-2.284171056282,-35.13176021921));
#3216 = CARTESIAN_POINT('',(-2.288132675817,-34.92470176934));
#3217 = CARTESIAN_POINT('',(-2.293163210636,-34.72752055251));
#3218 = CARTESIAN_POINT('',(-2.299306613053,-34.54455664881));
#3219 = CARTESIAN_POINT('',(-2.312857016643,-34.24226238657));
#3220 = CARTESIAN_POINT('',(-2.320188152692,-34.11256863435));
#3221 = CARTESIAN_POINT('',(-2.328481968232,-34.00387646422));
#3222 = CARTESIAN_POINT('',(-2.337537835617,-33.92446730068));
#3223 = CARTESIAN_POINT('',(-2.347082061566,-33.87985301222));
#3224 = CARTESIAN_POINT('',(-2.356804520144,-33.87266757984));
#3225 = CARTESIAN_POINT('',(-2.366386929047,-33.90254646068));
#3226 = CARTESIAN_POINT('',(-2.38145616727,-34.00699323116));
#3227 = CARTESIAN_POINT('',(-2.387238567885,-34.06235200729));
#3228 = CARTESIAN_POINT('',(-2.392829598319,-34.13166094919));
#3229 = CARTESIAN_POINT('',(-2.398175925234,-34.21434681072));
#3230 = CARTESIAN_POINT('',(-2.40322695872,-34.30965889208));
#3231 = CARTESIAN_POINT('',(-2.40793546968,-34.41667837306));
#3232 = CARTESIAN_POINT('',(-2.412258594653,-34.53433192786));
#3233 = CARTESIAN_POINT('',(-2.42045051919,-34.80121444817));
#3234 = CARTESIAN_POINT('',(-2.424230600701,-34.95243157461));
#3235 = CARTESIAN_POINT('',(-2.427450209083,-35.11346278258));
#3236 = CARTESIAN_POINT('',(-2.430068622087,-35.28254072275));
#3237 = CARTESIAN_POINT('',(-2.432054272257,-35.45776337736));
#3238 = CARTESIAN_POINT('',(-2.43338542199,-35.63712912501));
#3239 = CARTESIAN_POINT('',(-2.434050900137,-35.81857240767));
#3240 = CARTESIAN_POINT('',(-2.434050900137,-36.18291051489));
#3241 = CARTESIAN_POINT('',(-2.433374513633,-36.36569770615));
#3242 = CARTESIAN_POINT('',(-2.432023253357,-36.54732036709));
#3243 = CARTESIAN_POINT('',(-2.429987853993,-36.72665360108));
#3244 = CARTESIAN_POINT('',(-2.427250449574,-36.90237448748));
#3245 = CARTESIAN_POINT('',(-2.423786820999,-37.07283483785));
#3246 = CARTESIAN_POINT('',(-2.419569136798,-37.23590278124));
#3247 = CARTESIAN_POINT('',(-2.409756843007,-37.53589720577));
#3248 = CARTESIAN_POINT('',(-2.404111135332,-37.67688763246));
#3249 = CARTESIAN_POINT('',(-2.397641572725,-37.80566927798));
#3250 = CARTESIAN_POINT('',(-2.390405009315,-37.9167949864));
#3251 = CARTESIAN_POINT('',(-2.382498582875,-38.00548011963));
#3252 = CARTESIAN_POINT('',(-2.374052486777,-38.06765307992));
#3253 = CARTESIAN_POINT('',(-2.365224089241,-38.1));
#3254 = CARTESIAN_POINT('',(-2.356194490192,-38.1));
#3255 = ( GEOMETRIC_REPRESENTATION_CONTEXT(2) 
PARAMETRIC_REPRESENTATION_CONTEXT() REPRESENTATION_CONTEXT('2D SPACE',''
  ) );
#3256 = PCURVE('',#3257,#3262);
#3257 = CYLINDRICAL_SURFACE('',#3258,2.1);
#3258 = AXIS2_PLACEMENT_3D('',#3259,#3260,#3261);
#3259 = CARTESIAN_POINT('',(35.,-18.73832970144,18.738329701444));
#3260 = DIRECTION('',(-0.,0.707106781187,-0.707106781187));
#3261 = DIRECTION('',(1.,0.,0.));
#3262 = DEFINITIONAL_REPRESENTATION('',(#3263),#3322);
#3263 = B_SPLINE_CURVE_WITH_KNOTS('',8,(#3264,#3265,#3266,#3267,#3268,
    #3269,#3270,#3271,#3272,#3273,#3274,#3275,#3276,#3277,#3278,#3279,
    #3280,#3281,#3282,#3283,#3284,#3285,#3286,#3287,#3288,#3289,#3290,
    #3291,#3292,#3293,#3294,#3295,#3296,#3297,#3298,#3299,#3300,#3301,
    #3302,#3303,#3304,#3305,#3306,#3307,#3308,#3309,#3310,#3311,#3312,
    #3313,#3314,#3315,#3316,#3317,#3318,#3319,#3320,#3321),
  .UNSPECIFIED.,.F.,.F.,(9,7,7,7,7,7,7,7,9),(0.,0.137279024606,
    0.279829346382,0.449927595756,0.595996813178,0.690456089837,
    0.794375687509,0.899144685846,1.),.UNSPECIFIED.);
#3264 = CARTESIAN_POINT('',(0.,-0.5));
#3265 = CARTESIAN_POINT('',(-0.116147843522,-0.5));
#3266 = CARTESIAN_POINT('',(-0.229670173475,-0.497481783833));
#3267 = CARTESIAN_POINT('',(-0.34062148885,-0.492644730465));
#3268 = CARTESIAN_POINT('',(-0.448914346696,-0.485963284611));
#3269 = CARTESIAN_POINT('',(-0.55433153651,-0.478102298269));
#3270 = CARTESIAN_POINT('',(-0.656493602573,-0.469773410105));
#3271 = CARTESIAN_POINT('',(-0.75478348078,-0.461593933541));
#3272 = CARTESIAN_POINT('',(-0.945264751161,-0.446134293522));
#3273 = CARTESIAN_POINT('',(-1.039297129238,-0.43872053754));
#3274 = CARTESIAN_POINT('',(-1.130953862066,-0.43214640112));
#3275 = CARTESIAN_POINT('',(-1.220749263498,-0.426672790077));
#3276 = CARTESIAN_POINT('',(-1.309162547969,-0.422467376566));
#3277 = CARTESIAN_POINT('',(-1.396658770304,-0.419629713159));
#3278 = CARTESIAN_POINT('',(-1.483700375502,-0.41820945011));
#3279 = CARTESIAN_POINT('',(-1.67472361828,-0.41820945011));
#3280 = CARTESIAN_POINT('',(-1.778985558294,-0.420231613469));
#3281 = CARTESIAN_POINT('',(-1.88423993264,-0.424299499083));
#3282 = CARTESIAN_POINT('',(-1.991130416396,-0.43031840645));
#3283 = CARTESIAN_POINT('',(-2.100347505928,-0.438071279624));
#3284 = CARTESIAN_POINT('',(-2.212653065046,-0.447177564427));
#3285 = CARTESIAN_POINT('',(-2.328945461469,-0.457039166227));
#3286 = CARTESIAN_POINT('',(-2.554775758107,-0.475177606097));
#3287 = CARTESIAN_POINT('',(-2.666701894908,-0.483783222845));
#3288 = CARTESIAN_POINT('',(-2.78353899822,-0.491745518188));
#3289 = CARTESIAN_POINT('',(-2.90358996212,-0.498017748333));
#3290 = CARTESIAN_POINT('',(-3.025629321676,-0.501632395731));
#3291 = CARTESIAN_POINT('',(-3.148595514629,-0.502148649582));
#3292 = CARTESIAN_POINT('',(-3.271466640931,-0.499727979472));
#3293 = CARTESIAN_POINT('',(-3.471460930754,-0.49185808845));
#3294 = CARTESIAN_POINT('',(-3.550003038004,-0.487757819257));
#3295 = CARTESIAN_POINT('',(-3.628540101782,-0.482763606776));
#3296 = CARTESIAN_POINT('',(-3.707076056827,-0.477044798858));
#3297 = CARTESIAN_POINT('',(-3.785615646469,-0.470813438577));
#3298 = CARTESIAN_POINT('',(-3.864159312897,-0.464309623615));
#3299 = CARTESIAN_POINT('',(-3.942702389687,-0.45778318024));
#3300 = CARTESIAN_POINT('',(-4.107640391242,-0.444528008928));
#3301 = CARTESIAN_POINT('',(-4.194036941758,-0.437844479631));
#3302 = CARTESIAN_POINT('',(-4.280425689799,-0.431736748157));
#3303 = CARTESIAN_POINT('',(-4.366810571287,-0.426505505199));
#3304 = CARTESIAN_POINT('',(-4.453198190184,-0.422402589478));
#3305 = CARTESIAN_POINT('',(-4.539593485113,-0.419606810155));
#3306 = CARTESIAN_POINT('',(-4.625994888803,-0.41820945011));
#3307 = CARTESIAN_POINT('',(-4.799489225574,-0.41820945011));
#3308 = CARTESIAN_POINT('',(-4.886530615876,-0.419629849087));
#3309 = CARTESIAN_POINT('',(-4.974024955077,-0.422467546027));
#3310 = CARTESIAN_POINT('',(-5.062436280395,-0.426672842518));
#3311 = CARTESIAN_POINT('',(-5.15223059889,-0.432146335265));
#3312 = CARTESIAN_POINT('',(-5.243887470307,-0.438720480731));
#3313 = CARTESIAN_POINT('',(-5.337920685645,-0.446134304042));
#3314 = CARTESIAN_POINT('',(-5.528365132678,-0.461590955444));
#3315 = CARTESIAN_POINT('',(-5.62666084744,-0.469770744596));
#3316 = CARTESIAN_POINT('',(-5.728849657447,-0.478102279));
#3317 = CARTESIAN_POINT('',(-5.834299582101,-0.48596618357));
#3318 = CARTESIAN_POINT('',(-5.942619682657,-0.492648614242));
#3319 = CARTESIAN_POINT('',(-6.053582597575,-0.497484080077));
#3320 = CARTESIAN_POINT('',(-6.167090462266,-0.5));
#3321 = CARTESIAN_POINT('',(-6.28318530718,-0.5));
#3322 = ( GEOMETRIC_REPRESENTATION_CONTEXT(2) 
PARAMETRIC_REPRESENTATION_CONTEXT() REPRESENTATION_CONTEXT('2D SPACE',''
  ) );
#3323 = FACE_BOUND('',#3324,.T.);
#3324 = EDGE_LOOP('',(#3325,#3377,#3403));
#3325 = ORIENTED_EDGE('',*,*,#3326,.F.);
#3326 = EDGE_CURVE('',#3327,#3329,#3331,.T.);
#3327 = VERTEX_POINT('',#3328);
#3328 = CARTESIAN_POINT('',(67.85474956751,-15.31517287582,
    -22.23613005411));
#3329 = VERTEX_POINT('',#3330);
#3330 = CARTESIAN_POINT('',(67.15,-11.9,-24.23613005411));
#3331 = SURFACE_CURVE('',#3332,(#3345,#3361),.PCURVE_S1.);
#3332 = B_SPLINE_CURVE_WITH_KNOTS('',6,(#3333,#3334,#3335,#3336,#3337,
    #3338,#3339,#3340,#3341,#3342,#3343,#3344),.UNSPECIFIED.,.F.,.F.,(7,
    5,7),(0.,0.572021458905,1.),.UNSPECIFIED.);
#3333 = CARTESIAN_POINT('',(67.85474956751,-15.31517287582,
    -22.23613005411));
#3334 = CARTESIAN_POINT('',(67.844172333898,-15.00605193608,
    -22.44903763381));
#3335 = CARTESIAN_POINT('',(67.827878661447,-14.69098026658,
    -22.65844070424));
#3336 = CARTESIAN_POINT('',(67.803074466491,-14.36990378551,
    -22.86415544649));
#3337 = CARTESIAN_POINT('',(67.766705629238,-14.04335902262,
    -23.06558248143));
#3338 = CARTESIAN_POINT('',(67.715393338862,-13.71262515195,
    -23.26178491313));
#3339 = CARTESIAN_POINT('',(67.593364272919,-13.13099101456,
    -23.59362646083));
#3340 = CARTESIAN_POINT('',(67.530804758458,-12.88104164004,
    -23.73202795475));
#3341 = CARTESIAN_POINT('',(67.456459548573,-12.63110508998,
    -23.86627001879));
#3342 = CARTESIAN_POINT('',(67.368911745403,-12.38276598912,
    -23.99560448127));
#3343 = CARTESIAN_POINT('',(67.266953648922,-12.13819360047,
    -24.11917640519));
#3344 = CARTESIAN_POINT('',(67.15,-11.9,-24.23613005411));
#3345 = PCURVE('',#895,#3346);
#3346 = DEFINITIONAL_REPRESENTATION('',(#3347),#3360);
#3347 = B_SPLINE_CURVE_WITH_KNOTS('',6,(#3348,#3349,#3350,#3351,#3352,
    #3353,#3354,#3355,#3356,#3357,#3358,#3359),.UNSPECIFIED.,.F.,.F.,(7,
    5,7),(0.,0.572021458905,1.),.UNSPECIFIED.);
#3348 = CARTESIAN_POINT('',(-4.109252154854,-68.85474956751));
#3349 = CARTESIAN_POINT('',(-4.123153896704,-68.84417233389));
#3350 = CARTESIAN_POINT('',(-4.137163524145,-68.82787866144));
#3351 = CARTESIAN_POINT('',(-4.151283665237,-68.80307446649));
#3352 = CARTESIAN_POINT('',(-4.165490558255,-68.76670562923));
#3353 = CARTESIAN_POINT('',(-4.179731178599,-68.71539333886));
#3354 = CARTESIAN_POINT('',(-4.204532642186,-68.59336427291));
#3355 = CARTESIAN_POINT('',(-4.215113596134,-68.53080475845));
#3356 = CARTESIAN_POINT('',(-4.225619943392,-68.45645954857));
#3357 = CARTESIAN_POINT('',(-4.23598908112,-68.3689117454));
#3358 = CARTESIAN_POINT('',(-4.246137222029,-68.26695364892));
#3359 = CARTESIAN_POINT('',(-4.255965259754,-68.15));
#3360 = ( GEOMETRIC_REPRESENTATION_CONTEXT(2) 
PARAMETRIC_REPRESENTATION_CONTEXT() REPRESENTATION_CONTEXT('2D SPACE',''
  ) );
#3361 = PCURVE('',#1339,#3362);
#3362 = DEFINITIONAL_REPRESENTATION('',(#3363),#3376);
#3363 = B_SPLINE_CURVE_WITH_KNOTS('',6,(#3364,#3365,#3366,#3367,#3368,
    #3369,#3370,#3371,#3372,#3373,#3374,#3375),.UNSPECIFIED.,.F.,.F.,(7,
    5,7),(0.,0.572021458905,1.),.UNSPECIFIED.);
#3364 = CARTESIAN_POINT('',(-0.725006575275,0.));
#3365 = CARTESIAN_POINT('',(-0.68144127308,-0.212907579702));
#3366 = CARTESIAN_POINT('',(-0.63342463069,-0.422310650126));
#3367 = CARTESIAN_POINT('',(-0.580465277602,-0.628025392382));
#3368 = CARTESIAN_POINT('',(-0.521982671625,-0.829452427316));
#3369 = CARTESIAN_POINT('',(-0.457300993998,-1.025654859022));
#3370 = CARTESIAN_POINT('',(-0.33199440713,-1.357496406723));
#3371 = CARTESIAN_POINT('',(-0.274467255354,-1.495897900636));
#3372 = CARTESIAN_POINT('',(-0.212734207336,-1.630139964684));
#3373 = CARTESIAN_POINT('',(-0.146520821602,-1.759474427156));
#3374 = CARTESIAN_POINT('',(-7.561701602211E-02,-1.883046351078));
#3375 = CARTESIAN_POINT('',(0.,-2.));
#3376 = ( GEOMETRIC_REPRESENTATION_CONTEXT(2) 
PARAMETRIC_REPRESENTATION_CONTEXT() REPRESENTATION_CONTEXT('2D SPACE',''
  ) );
#3377 = ORIENTED_EDGE('',*,*,#3378,.T.);
#3378 = EDGE_CURVE('',#3327,#3379,#3381,.T.);
#3379 = VERTEX_POINT('',#3380);
#3380 = CARTESIAN_POINT('',(60.14525043249,-15.31517287582,
    -22.23613005411));
#3381 = SURFACE_CURVE('',#3382,(#3386,#3392),.PCURVE_S1.);
#3382 = LINE('',#3383,#3384);
#3383 = CARTESIAN_POINT('',(-1.,-15.31517287582,-22.23613005411));
#3384 = VECTOR('',#3385,1.);
#3385 = DIRECTION('',(-1.,-0.,-0.));
#3386 = PCURVE('',#895,#3387);
#3387 = DEFINITIONAL_REPRESENTATION('',(#3388),#3391);
#3388 = B_SPLINE_CURVE_WITH_KNOTS('',1,(#3389,#3390),.UNSPECIFIED.,.F.,
  .F.,(2,2),(-71.18,-58.82),.PIECEWISE_BEZIER_KNOTS.);
#3389 = CARTESIAN_POINT('',(-4.109252154854,-71.18));
#3390 = CARTESIAN_POINT('',(-4.109252154854,-58.82));
#3391 = ( GEOMETRIC_REPRESENTATION_CONTEXT(2) 
PARAMETRIC_REPRESENTATION_CONTEXT() REPRESENTATION_CONTEXT('2D SPACE',''
  ) );
#3392 = PCURVE('',#3393,#3398);
#3393 = PLANE('',#3394);
#3394 = AXIS2_PLACEMENT_3D('',#3395,#3396,#3397);
#3395 = CARTESIAN_POINT('',(64.,-11.9,-22.23613005411));
#3396 = DIRECTION('',(0.,0.,-1.));
#3397 = DIRECTION('',(1.,0.,0.));
#3398 = DEFINITIONAL_REPRESENTATION('',(#3399),#3402);
#3399 = B_SPLINE_CURVE_WITH_KNOTS('',1,(#3400,#3401),.UNSPECIFIED.,.F.,
  .F.,(2,2),(-71.18,-58.82),.PIECEWISE_BEZIER_KNOTS.);
#3400 = CARTESIAN_POINT('',(6.18,3.415172875827));
#3401 = CARTESIAN_POINT('',(-6.18,3.415172875827));
#3402 = ( GEOMETRIC_REPRESENTATION_CONTEXT(2) 
PARAMETRIC_REPRESENTATION_CONTEXT() REPRESENTATION_CONTEXT('2D SPACE',''
  ) );
#3403 = ORIENTED_EDGE('',*,*,#3404,.F.);
#3404 = EDGE_CURVE('',#3329,#3379,#3405,.T.);
#3405 = SURFACE_CURVE('',#3406,(#3444,#3485),.PCURVE_S1.);
#3406 = B_SPLINE_CURVE_WITH_KNOTS('',8,(#3407,#3408,#3409,#3410,#3411,
    #3412,#3413,#3414,#3415,#3416,#3417,#3418,#3419,#3420,#3421,#3422,
    #3423,#3424,#3425,#3426,#3427,#3428,#3429,#3430,#3431,#3432,#3433,
    #3434,#3435,#3436,#3437,#3438,#3439,#3440,#3441,#3442,#3443),
  .UNSPECIFIED.,.F.,.F.,(9,7,7,7,7,9),(0.,0.229841183761,0.547515235186,
    0.661968604714,0.794488549307,1.),.UNSPECIFIED.);
#3407 = CARTESIAN_POINT('',(67.15,-11.9,-24.23613005411));
#3408 = CARTESIAN_POINT('',(66.996503597657,-11.58738161596,
    -24.38962645645));
#3409 = CARTESIAN_POINT('',(66.818049825092,-11.28449935618,
    -24.53262330228));
#3410 = CARTESIAN_POINT('',(66.614000002485,-10.99782590557,
    -24.66270841097));
#3411 = CARTESIAN_POINT('',(66.384945985432,-10.73327458048,
    -24.77833790949));
#3412 = CARTESIAN_POINT('',(66.13277096548,-10.49594617553,
    -24.87870466041));
#3413 = CARTESIAN_POINT('',(65.860527327791,-10.29009599344,
    -24.96346195363));
#3414 = CARTESIAN_POINT('',(65.572326647991,-10.11902145629,
    -25.03250577621));
#3415 = CARTESIAN_POINT('',(64.860327682498,-9.798740130852,
    -25.15998202264));
#3416 = CARTESIAN_POINT('',(64.424539146348,-9.681856482747,
    -25.20468091779));
#3417 = CARTESIAN_POINT('',(63.976227033719,-9.638616661246,
    -25.22063372347));
#3418 = CARTESIAN_POINT('',(63.525774886026,-9.670187420187,
    -25.20872518167));
#3419 = CARTESIAN_POINT('',(63.083577907223,-9.776419720444,
    -25.16871533295));
#3420 = CARTESIAN_POINT('',(62.659902895719,-9.954995557246,
    -25.09987748463));
#3421 = CARTESIAN_POINT('',(62.264782335975,-10.20175216637,
    -25.00068015466));
#3422 = CARTESIAN_POINT('',(61.777844092928,-10.61688385139,
    -24.82531015249));
#3423 = CARTESIAN_POINT('',(61.653774442525,-10.73435296551,
    -24.77503151205));
#3424 = CARTESIAN_POINT('',(61.535056963491,-10.85881481794,
    -24.72098234407));
#3425 = CARTESIAN_POINT('',(61.422047946198,-10.98968386083,
    -24.66324822444));
#3426 = CARTESIAN_POINT('',(61.315011875616,-11.12632397031,
    -24.60194369099));
#3427 = CARTESIAN_POINT('',(61.214124580642,-11.26805891738,
    -24.53721520261));
#3428 = CARTESIAN_POINT('',(61.119476383439,-11.41418283885,
    -24.46924409849));
#3429 = CARTESIAN_POINT('',(60.928719909508,-11.73740273763,
    -24.31604845907));
#3430 = CARTESIAN_POINT('',(60.83471980706,-11.9157802778,
    -24.22977798606));
#3431 = CARTESIAN_POINT('',(60.749056787873,-12.09804180257,
    -24.13974542596));
#3432 = CARTESIAN_POINT('',(60.671527483068,-12.28319544118,
    -24.04627156332));
#3433 = CARTESIAN_POINT('',(60.601794460718,-12.4703467232,
    -23.94967858571));
#3434 = CARTESIAN_POINT('',(60.539429133787,-12.6587174499,
    -23.85027733874));
#3435 = CARTESIAN_POINT('',(60.483946423737,-12.84765569189,
    -23.7483539303));
#3436 = CARTESIAN_POINT('',(60.358663437154,-13.32970830746,
    -23.48256541976));
#3437 = CARTESIAN_POINT('',(60.2978492434,-13.62272886367,
    -23.31558962655));
#3438 = CARTESIAN_POINT('',(60.250362350008,-13.91404492552,
    -23.14399464815));
#3439 = CARTESIAN_POINT('',(60.214180167285,-14.20243897646,
    -22.96846630757));
#3440 = CARTESIAN_POINT('',(60.187353277685,-14.48708338619,
    -22.78957589496));
#3441 = CARTESIAN_POINT('',(60.168045766217,-14.76749606573,
    -22.60775034043));
#3442 = CARTESIAN_POINT('',(60.15454636793,-15.04349803113,
    -22.42324657134));
#3443 = CARTESIAN_POINT('',(60.14525043249,-15.31517287582,
    -22.23613005411));
#3444 = PCURVE('',#895,#3445);
#3445 = DEFINITIONAL_REPRESENTATION('',(#3446),#3484);
#3446 = B_SPLINE_CURVE_WITH_KNOTS('',8,(#3447,#3448,#3449,#3450,#3451,
    #3452,#3453,#3454,#3455,#3456,#3457,#3458,#3459,#3460,#3461,#3462,
    #3463,#3464,#3465,#3466,#3467,#3468,#3469,#3470,#3471,#3472,#3473,
    #3474,#3475,#3476,#3477,#3478,#3479,#3480,#3481,#3482,#3483),
  .UNSPECIFIED.,.F.,.F.,(9,7,7,7,7,9),(0.,0.229841183761,0.547515235186,
    0.661968604714,0.794488549307,1.),.UNSPECIFIED.);
#3447 = CARTESIAN_POINT('',(-4.255965259754,-68.15));
#3448 = CARTESIAN_POINT('',(-4.268864117094,-67.99650359765));
#3449 = CARTESIAN_POINT('',(-4.281267901875,-67.81804982509));
#3450 = CARTESIAN_POINT('',(-4.292925297242,-67.61400000248));
#3451 = CARTESIAN_POINT('',(-4.303616784989,-67.38494598543));
#3452 = CARTESIAN_POINT('',(-4.313159503413,-67.13277096548));
#3453 = CARTESIAN_POINT('',(-4.321404227594,-66.86052732779));
#3454 = CARTESIAN_POINT('',(-4.328236807141,-66.57232664799));
#3455 = CARTESIAN_POINT('',(-4.341004130875,-65.86032768249));
#3456 = CARTESIAN_POINT('',(-4.345638487257,-65.42453914634));
#3457 = CARTESIAN_POINT('',(-4.347345541254,-64.97622703371));
#3458 = CARTESIAN_POINT('',(-4.346095968654,-64.52577488602));
#3459 = CARTESIAN_POINT('',(-4.341891208641,-64.08357790722));
#3460 = CARTESIAN_POINT('',(-4.334803643842,-63.65990289571));
#3461 = CARTESIAN_POINT('',(-4.324955182093,-63.26478233597));
#3462 = CARTESIAN_POINT('',(-4.308264296251,-62.77784409292));
#3463 = CARTESIAN_POINT('',(-4.303531867833,-62.65377444252));
#3464 = CARTESIAN_POINT('',(-4.298506395821,-62.53505696349));
#3465 = CARTESIAN_POINT('',(-4.29320887332,-62.42204794619));
#3466 = CARTESIAN_POINT('',(-4.287662347974,-62.31501187561));
#3467 = CARTESIAN_POINT('',(-4.281891616306,-62.21412458064));
#3468 = CARTESIAN_POINT('',(-4.275922918056,-62.11947638343));
#3469 = CARTESIAN_POINT('',(-4.262675250513,-61.9287199095));
#3470 = CARTESIAN_POINT('',(-4.255336801312,-61.83471980706));
#3471 = CARTESIAN_POINT('',(-4.247808140534,-61.74905678787));
#3472 = CARTESIAN_POINT('',(-4.240126850958,-61.67152748306));
#3473 = CARTESIAN_POINT('',(-4.232327181711,-61.60179446071));
#3474 = CARTESIAN_POINT('',(-4.224439266009,-61.53942913378));
#3475 = CARTESIAN_POINT('',(-4.216488615476,-61.48394642373));
#3476 = CARTESIAN_POINT('',(-4.196100802859,-61.35866343715));
#3477 = CARTESIAN_POINT('',(-4.183611055448,-61.2978492434));
#3478 = CARTESIAN_POINT('',(-4.171091082215,-61.25036235));
#3479 = CARTESIAN_POINT('',(-4.158589552377,-61.21418016728));
#3480 = CARTESIAN_POINT('',(-4.146140565427,-61.18735327768));
#3481 = CARTESIAN_POINT('',(-4.133764694179,-61.16804576621));
#3482 = CARTESIAN_POINT('',(-4.121469876374,-61.15454636793));
#3483 = CARTESIAN_POINT('',(-4.109252154854,-61.14525043249));
#3484 = ( GEOMETRIC_REPRESENTATION_CONTEXT(2) 
PARAMETRIC_REPRESENTATION_CONTEXT() REPRESENTATION_CONTEXT('2D SPACE',''
  ) );
#3485 = PCURVE('',#1339,#3486);
#3486 = DEFINITIONAL_REPRESENTATION('',(#3487),#3525);
#3487 = B_SPLINE_CURVE_WITH_KNOTS('',8,(#3488,#3489,#3490,#3491,#3492,
    #3493,#3494,#3495,#3496,#3497,#3498,#3499,#3500,#3501,#3502,#3503,
    #3504,#3505,#3506,#3507,#3508,#3509,#3510,#3511,#3512,#3513,#3514,
    #3515,#3516,#3517,#3518,#3519,#3520,#3521,#3522,#3523,#3524),
  .UNSPECIFIED.,.F.,.F.,(9,7,7,7,7,9),(0.,0.229841183761,0.547515235186,
    0.661968604714,0.794488549307,1.),.UNSPECIFIED.);
#3488 = CARTESIAN_POINT('',(-6.28318530718,-2.));
#3489 = CARTESIAN_POINT('',(-6.18394137574,-2.153496402343));
#3490 = CARTESIAN_POINT('',(-6.076734004824,-2.296493248168));
#3491 = CARTESIAN_POINT('',(-5.961901830138,-2.42657835686));
#3492 = CARTESIAN_POINT('',(-5.839947727826,-2.54220785538));
#3493 = CARTESIAN_POINT('',(-5.71157735765,-2.642574606299));
#3494 = CARTESIAN_POINT('',(-5.577740351422,-2.727331899522));
#3495 = CARTESIAN_POINT('',(-5.439695302039,-2.796375722094));
#3496 = CARTESIAN_POINT('',(-5.104823727098,-2.923851968531));
#3497 = CARTESIAN_POINT('',(-4.904631870372,-2.968550863679));
#3498 = CARTESIAN_POINT('',(-4.70130205639,-2.984503669356));
#3499 = CARTESIAN_POINT('',(-4.497415612671,-2.97259512756));
#3500 = CARTESIAN_POINT('',(-4.295634977798,-2.932585278837));
#3501 = CARTESIAN_POINT('',(-4.098575770238,-2.86374743052));
#3502 = CARTESIAN_POINT('',(-3.90872562125,-2.76455010055));
#3503 = CARTESIAN_POINT('',(-3.663981846235,-2.58918009838));
#3504 = CARTESIAN_POINT('',(-3.600487384774,-2.538901457942));
#3505 = CARTESIAN_POINT('',(-3.538475236404,-2.484852289955));
#3506 = CARTESIAN_POINT('',(-3.47807201696,-2.427118170329));
#3507 = CARTESIAN_POINT('',(-3.419380090012,-2.365813636878));
#3508 = CARTESIAN_POINT('',(-3.36248057997,-2.301085148502));
#3509 = CARTESIAN_POINT('',(-3.307436385185,-2.233114044381));
#3510 = CARTESIAN_POINT('',(-3.192765608033,-2.079918404956));
#3511 = CARTESIAN_POINT('',(-3.133775132595,-1.993647931954));
#3512 = CARTESIAN_POINT('',(-3.077376406668,-1.903615371846));
#3513 = CARTESIAN_POINT('',(-3.023565386378,-1.810141509213));
#3514 = CARTESIAN_POINT('',(-2.972298166436,-1.713548531598));
#3515 = CARTESIAN_POINT('',(-2.923503783816,-1.614147284634));
#3516 = CARTESIAN_POINT('',(-2.877093000728,-1.512223876192));
#3517 = CARTESIAN_POINT('',(-2.764526525111,-1.246435365647));
#3518 = CARTESIAN_POINT('',(-2.701611632819,-1.07945957244));
#3519 = CARTESIAN_POINT('',(-2.643755554823,-0.907864594044));
#3520 = CARTESIAN_POINT('',(-2.590529591157,-0.732336253457));
#3521 = CARTESIAN_POINT('',(-2.541540171886,-0.553445840844));
#3522 = CARTESIAN_POINT('',(-2.496429236051,-0.371620286318));
#3523 = CARTESIAN_POINT('',(-2.454873994745,-0.187116517232));
#3524 = CARTESIAN_POINT('',(-2.416586078315,0.));
#3525 = ( GEOMETRIC_REPRESENTATION_CONTEXT(2) 
PARAMETRIC_REPRESENTATION_CONTEXT() REPRESENTATION_CONTEXT('2D SPACE',''
  ) );
#3526 = FACE_BOUND('',#3527,.T.);
#3527 = EDGE_LOOP('',(#3528));
#3528 = ORIENTED_EDGE('',*,*,#3529,.T.);
#3529 = EDGE_CURVE('',#3530,#3530,#3532,.T.);
#3530 = VERTEX_POINT('',#3531);
#3531 = CARTESIAN_POINT('',(37.1,-27.,0.));
#3532 = SURFACE_CURVE('',#3533,(#3584,#3638),.PCURVE_S1.);
#3533 = B_SPLINE_CURVE_WITH_KNOTS('',7,(#3534,#3535,#3536,#3537,#3538,
    #3539,#3540,#3541,#3542,#3543,#3544,#3545,#3546,#3547,#3548,#3549,
    #3550,#3551,#3552,#3553,#3554,#3555,#3556,#3557,#3558,#3559,#3560,
    #3561,#3562,#3563,#3564,#3565,#3566,#3567,#3568,#3569,#3570,#3571,
    #3572,#3573,#3574,#3575,#3576,#3577,#3578,#3579,#3580,#3581,#3582,
    #3583),.UNSPECIFIED.,.T.,.F.,(8,6,6,6,6,6,6,6,8),(0.,0.122648059521,
    0.250005610317,0.377369443766,0.500000797796,0.622660910554,
    0.75002684732,0.877392315428,1.),.UNSPECIFIED.);
#3534 = CARTESIAN_POINT('',(37.1,-27.,1.33226762955E-15));
#3535 = CARTESIAN_POINT('',(37.1,-27.,0.278754824457));
#3536 = CARTESIAN_POINT('',(37.056831380083,-26.99664237844,
    0.550158417625));
#3537 = CARTESIAN_POINT('',(36.974589600113,-26.99024614167,
    0.806370364492));
#3538 = CARTESIAN_POINT('',(36.858915452427,-26.98168042754,
    1.04086103073));
#3539 = CARTESIAN_POINT('',(36.71690594399,-26.97213874947,
    1.248678017952));
#3540 = CARTESIAN_POINT('',(36.556983591198,-26.96267739199,
    1.426919719441));
#3541 = CARTESIAN_POINT('',(36.214066528466,-26.94500923197,
    1.729241777584));
#3542 = CARTESIAN_POINT('',(36.025759071977,-26.93662430606,
    1.855090090757));
#3543 = CARTESIAN_POINT('',(35.828346446324,-26.92945965815,
    1.95401232426));
#3544 = CARTESIAN_POINT('',(35.624960504327,-26.923885922,2.027238734155
    ));
#3545 = CARTESIAN_POINT('',(35.417908725865,-26.92010313417,
    2.075726192032));
#3546 = CARTESIAN_POINT('',(35.209030283104,-26.91820945011,2.1));
#3547 = CARTESIAN_POINT('',(34.79095940526,-26.91820945011,2.1));
#3548 = CARTESIAN_POINT('',(34.582083269999,-26.92010331549,
    2.075723843104));
#3549 = CARTESIAN_POINT('',(34.375037448731,-26.92388608397,
    2.027236722939));
#3550 = CARTESIAN_POINT('',(34.171655332401,-26.92945960147,
    1.954012626691));
#3551 = CARTESIAN_POINT('',(33.974242482483,-26.93662422555,
    1.855091530865));
#3552 = CARTESIAN_POINT('',(33.78593323264,-26.94500924428,1.72924156697
    ));
#3553 = CARTESIAN_POINT('',(33.443047850017,-26.96267577204,
    1.426947438601));
#3554 = CARTESIAN_POINT('',(33.283111921783,-26.97213737275,
    1.248707728792));
#3555 = CARTESIAN_POINT('',(33.141075274964,-26.98168075078,
    1.04086562813));
#3556 = CARTESIAN_POINT('',(33.025384559714,-26.99024814671,
    0.806334151744));
#3557 = CARTESIAN_POINT('',(32.943148374795,-26.99664395472,
    0.550088494913));
#3558 = CARTESIAN_POINT('',(32.9,-27.,0.278689467881));
#3559 = CARTESIAN_POINT('',(32.9,-27.,-0.278754824368));
#3560 = CARTESIAN_POINT('',(32.94316861989,-26.99664237844,
    -0.550158417714));
#3561 = CARTESIAN_POINT('',(33.025410399948,-26.99024614167,
    -0.806370364556));
#3562 = CARTESIAN_POINT('',(33.141084547573,-26.98168042754,
    -1.040861030657));
#3563 = CARTESIAN_POINT('',(33.283094055915,-26.97213874947,
    -1.248678017897));
#3564 = CARTESIAN_POINT('',(33.44301640887,-26.96267739199,-1.4269197195
    ));
#3565 = CARTESIAN_POINT('',(33.785927807033,-26.94500952382,
    -1.729236783654));
#3566 = CARTESIAN_POINT('',(33.974239913968,-26.93662427461,
    -1.855091772443));
#3567 = CARTESIAN_POINT('',(34.171659403004,-26.9294593635,-1.9540156336
    ));
#3568 = CARTESIAN_POINT('',(34.375044345289,-26.92388594338,
    -2.027238518858));
#3569 = CARTESIAN_POINT('',(34.582087214316,-26.92010333153,
    -2.075723644214));
#3570 = CARTESIAN_POINT('',(34.790958642352,-26.91820945011,-2.1));
#3571 = CARTESIAN_POINT('',(35.209040588455,-26.91820945011,-2.1));
#3572 = CARTESIAN_POINT('',(35.417916745394,-26.92010331541,
    -2.075723844699));
#3573 = CARTESIAN_POINT('',(35.624962540113,-26.92388608439,
    -2.027236715377));
#3574 = CARTESIAN_POINT('',(35.828344662062,-26.92945960064,
    -1.954012640921));
#3575 = CARTESIAN_POINT('',(36.025757529865,-26.9366242263,
    -1.855091518071));
#3576 = CARTESIAN_POINT('',(36.214066761827,-26.94500924399,
    -1.729241571848));
#3577 = CARTESIAN_POINT('',(36.556917532747,-26.96267398846,
    -1.4269779578));
#3578 = CARTESIAN_POINT('',(36.716877665709,-26.97213632997,
    -1.248732244128));
#3579 = CARTESIAN_POINT('',(36.858944245316,-26.98168184841,
    -1.040855195109));
#3580 = CARTESIAN_POINT('',(36.974645727461,-26.99025051872,
    -0.806281407705));
#3581 = CARTESIAN_POINT('',(37.05687077325,-26.9966454401,
    -0.550011943329));
#3582 = CARTESIAN_POINT('',(37.1,-27.,-0.278627627751));
#3583 = CARTESIAN_POINT('',(37.1,-27.,1.33226762955E-15));
#3584 = PCURVE('',#895,#3585);
#3585 = DEFINITIONAL_REPRESENTATION('',(#3586),#3637);
#3586 = B_SPLINE_CURVE_WITH_KNOTS('',7,(#3587,#3588,#3589,#3590,#3591,
    #3592,#3593,#3594,#3595,#3596,#3597,#3598,#3599,#3600,#3601,#3602,
    #3603,#3604,#3605,#3606,#3607,#3608,#3609,#3610,#3611,#3612,#3613,
    #3614,#3615,#3616,#3617,#3618,#3619,#3620,#3621,#3622,#3623,#3624,
    #3625,#3626,#3627,#3628,#3629,#3630,#3631,#3632,#3633,#3634,#3635,
    #3636),.UNSPECIFIED.,.T.,.F.,(8,6,6,6,6,6,6,6,8),(0.,0.122648059521,
    0.250005610317,0.377369443766,0.500000797796,0.622660910554,
    0.75002684732,0.877392315428,1.),.UNSPECIFIED.);
#3587 = CARTESIAN_POINT('',(-3.14159265359,-38.1));
#3588 = CARTESIAN_POINT('',(-3.131268400832,-38.1));
#3589 = CARTESIAN_POINT('',(-3.121216413798,-38.05683138008));
#3590 = CARTESIAN_POINT('',(-3.111725296841,-37.97458960011));
#3591 = CARTESIAN_POINT('',(-3.103035455974,-37.85891545242));
#3592 = CARTESIAN_POINT('',(-3.095330741851,-37.71690594399));
#3593 = CARTESIAN_POINT('',(-3.088719999622,-37.55698359119));
#3594 = CARTESIAN_POINT('',(-3.077503781285,-37.21406652846));
#3595 = CARTESIAN_POINT('',(-3.072832553676,-37.02575907197));
#3596 = CARTESIAN_POINT('',(-3.069159222149,-36.82834644632));
#3597 = CARTESIAN_POINT('',(-3.066439294269,-36.62496050432));
#3598 = CARTESIAN_POINT('',(-3.064638005126,-36.41790872586));
#3599 = CARTESIAN_POINT('',(-3.063736243645,-36.2090302831));
#3600 = CARTESIAN_POINT('',(-3.063736243645,-35.79095940526));
#3601 = CARTESIAN_POINT('',(-3.064638092377,-35.58208326999));
#3602 = CARTESIAN_POINT('',(-3.066439369008,-35.37503744873));
#3603 = CARTESIAN_POINT('',(-3.069159210817,-35.1716553324));
#3604 = CARTESIAN_POINT('',(-3.072832500264,-34.97424248248));
#3605 = CARTESIAN_POINT('',(-3.077503789098,-34.78593323264));
#3606 = CARTESIAN_POINT('',(-3.088718971235,-34.44304785001));
#3607 = CARTESIAN_POINT('',(-3.095329640298,-34.28311192178));
#3608 = CARTESIAN_POINT('',(-3.103035286723,-34.14107527496));
#3609 = CARTESIAN_POINT('',(-3.111726639383,-34.02538455971));
#3610 = CARTESIAN_POINT('',(-3.121219003533,-33.94314837479));
#3611 = CARTESIAN_POINT('',(-3.131270821446,-33.9));
#3612 = CARTESIAN_POINT('',(-3.151916906344,-33.9));
#3613 = CARTESIAN_POINT('',(-3.161968893385,-33.94316861989));
#3614 = CARTESIAN_POINT('',(-3.171460010341,-34.02541039994));
#3615 = CARTESIAN_POINT('',(-3.180149851203,-34.14108454757));
#3616 = CARTESIAN_POINT('',(-3.187854565326,-34.28309405591));
#3617 = CARTESIAN_POINT('',(-3.19446530756,-34.44301640887));
#3618 = CARTESIAN_POINT('',(-3.205681340619,-34.78592780703));
#3619 = CARTESIAN_POINT('',(-3.210352815739,-34.97423991396));
#3620 = CARTESIAN_POINT('',(-3.214026208042,-35.171659403));
#3621 = CARTESIAN_POINT('',(-3.216746004912,-35.37504434528));
#3622 = CARTESIAN_POINT('',(-3.218547207405,-35.58208721431));
#3623 = CARTESIAN_POINT('',(-3.219449063535,-35.79095864235));
#3624 = CARTESIAN_POINT('',(-3.219449063535,-36.20904058845));
#3625 = CARTESIAN_POINT('',(-3.218547214862,-36.41791674539));
#3626 = CARTESIAN_POINT('',(-3.216745937891,-36.62496254011));
#3627 = CARTESIAN_POINT('',(-3.21402609689,-36.82834466206));
#3628 = CARTESIAN_POINT('',(-3.210352806441,-37.02575752986));
#3629 = CARTESIAN_POINT('',(-3.205681518262,-37.21406676182));
#3630 = CARTESIAN_POINT('',(-3.194467468214,-37.55691753274));
#3631 = CARTESIAN_POINT('',(-3.187856575568,-37.7168776657));
#3632 = CARTESIAN_POINT('',(-3.180149632456,-37.85894424531));
#3633 = CARTESIAN_POINT('',(-3.17145671297,-37.97464572746));
#3634 = CARTESIAN_POINT('',(-3.161963468445,-38.05687077325));
#3635 = CARTESIAN_POINT('',(-3.151912195358,-38.1));
#3636 = CARTESIAN_POINT('',(-3.14159265359,-38.1));
#3637 = ( GEOMETRIC_REPRESENTATION_CONTEXT(2) 
PARAMETRIC_REPRESENTATION_CONTEXT() REPRESENTATION_CONTEXT('2D SPACE',''
  ) );
#3638 = PCURVE('',#3639,#3644);
#3639 = CYLINDRICAL_SURFACE('',#3640,2.1);
#3640 = AXIS2_PLACEMENT_3D('',#3641,#3642,#3643);
#3641 = CARTESIAN_POINT('',(35.,-26.5,0.));
#3642 = DIRECTION('',(-0.,1.,-0.));
#3643 = DIRECTION('',(1.,0.,0.));
#3644 = DEFINITIONAL_REPRESENTATION('',(#3645),#3696);
#3645 = B_SPLINE_CURVE_WITH_KNOTS('',7,(#3646,#3647,#3648,#3649,#3650,
    #3651,#3652,#3653,#3654,#3655,#3656,#3657,#3658,#3659,#3660,#3661,
    #3662,#3663,#3664,#3665,#3666,#3667,#3668,#3669,#3670,#3671,#3672,
    #3673,#3674,#3675,#3676,#3677,#3678,#3679,#3680,#3681,#3682,#3683,
    #3684,#3685,#3686,#3687,#3688,#3689,#3690,#3691,#3692,#3693,#3694,
    #3695),.UNSPECIFIED.,.F.,.F.,(8,6,6,6,6,6,6,6,8),(0.,0.122648059521,
    0.250005610317,0.377369443766,0.500000797796,0.622660910554,
    0.75002684732,0.877392315428,1.),.UNSPECIFIED.);
#3646 = CARTESIAN_POINT('',(0.,-0.5));
#3647 = CARTESIAN_POINT('',(-0.132740392598,-0.5));
#3648 = CARTESIAN_POINT('',(-0.261980100433,-0.496642378444));
#3649 = CARTESIAN_POINT('',(-0.387806321896,-0.490246141677));
#3650 = CARTESIAN_POINT('',(-0.510022371496,-0.481680427546));
#3651 = CARTESIAN_POINT('',(-0.628180144872,-0.472138749474));
#3652 = CARTESIAN_POINT('',(-0.741433975679,-0.462677391998));
#3653 = CARTESIAN_POINT('',(-0.959126856117,-0.445009231976));
#3654 = CARTESIAN_POINT('',(-1.066020553611,-0.436624306061));
#3655 = CARTESIAN_POINT('',(-1.16991384714,-0.429459658155));
#3656 = CARTESIAN_POINT('',(-1.271584679856,-0.423885922));
#3657 = CARTESIAN_POINT('',(-1.371792328158,-0.420103134176));
#3658 = CARTESIAN_POINT('',(-1.471258096746,-0.41820945011));
#3659 = CARTESIAN_POINT('',(-1.670339467147,-0.41820945011));
#3660 = CARTESIAN_POINT('',(-1.769804121378,-0.420103315491));
#3661 = CARTESIAN_POINT('',(-1.87000920922,-0.423886083974));
#3662 = CARTESIAN_POINT('',(-1.971678053406,-0.429459601472));
#3663 = CARTESIAN_POINT('',(-2.075571098963,-0.436624225551));
#3664 = CARTESIAN_POINT('',(-2.182465949129,-0.445009244284));
#3665 = CARTESIAN_POINT('',(-2.400138718191,-0.462675772048));
#3666 = CARTESIAN_POINT('',(-2.513396775056,-0.472137372758));
#3667 = CARTESIAN_POINT('',(-2.631571008609,-0.481680750785));
#3668 = CARTESIAN_POINT('',(-2.753806227084,-0.49024814671));
#3669 = CARTESIAN_POINT('',(-2.879645856744,-0.496643954728));
#3670 = CARTESIAN_POINT('',(-3.00888338317,-0.5));
#3671 = CARTESIAN_POINT('',(-3.274333046146,-0.5));
#3672 = CARTESIAN_POINT('',(-3.403572754065,-0.496642378447));
#3673 = CARTESIAN_POINT('',(-3.529398975513,-0.490246141671));
#3674 = CARTESIAN_POINT('',(-3.651615025067,-0.481680427548));
#3675 = CARTESIAN_POINT('',(-3.769772798411,-0.472138749478));
#3676 = CARTESIAN_POINT('',(-3.883026629311,-0.462677391995));
#3677 = CARTESIAN_POINT('',(-4.10071591373,-0.445009523828));
#3678 = CARTESIAN_POINT('',(-4.207613364088,-0.436624274614));
#3679 = CARTESIAN_POINT('',(-4.311509460913,-0.429459363504));
#3680 = CARTESIAN_POINT('',(-4.413179391961,-0.423885943385));
#3681 = CARTESIAN_POINT('',(-4.513383053306,-0.420103331532));
#3682 = CARTESIAN_POINT('',(-4.612845476743,-0.41820945011));
#3683 = CARTESIAN_POINT('',(-4.811932117744,-0.41820945011));
#3684 = CARTESIAN_POINT('',(-4.91139678192,-0.420103315412));
#3685 = CARTESIAN_POINT('',(-5.01160185897,-0.423886084396));
#3686 = CARTESIAN_POINT('',(-5.113270701821,-0.42945960064));
#3687 = CARTESIAN_POINT('',(-5.217163760673,-0.436624226308));
#3688 = CARTESIAN_POINT('',(-5.324058599207,-0.445009243999));
#3689 = CARTESIAN_POINT('',(-5.541709395837,-0.46267398846));
#3690 = CARTESIAN_POINT('',(-5.654977997981,-0.472136329976));
#3691 = CARTESIAN_POINT('',(-5.773172653109,-0.481681848412));
#3692 = CARTESIAN_POINT('',(-5.89542651106,-0.490250518725));
#3693 = CARTESIAN_POINT('',(-6.021274968629,-0.496645440104));
#3694 = CARTESIAN_POINT('',(-6.150505484441,-0.5));
#3695 = CARTESIAN_POINT('',(-6.28318530718,-0.5));
#3696 = ( GEOMETRIC_REPRESENTATION_CONTEXT(2) 
PARAMETRIC_REPRESENTATION_CONTEXT() REPRESENTATION_CONTEXT('2D SPACE',''
  ) );
#3697 = FACE_BOUND('',#3698,.T.);
#3698 = EDGE_LOOP('',(#3699));
#3699 = ORIENTED_EDGE('',*,*,#3700,.T.);
#3700 = EDGE_CURVE('',#3701,#3701,#3703,.T.);
#3701 = VERTEX_POINT('',#3702);
#3702 = CARTESIAN_POINT('',(37.1,-19.09188309203,-19.09188309203));
#3703 = SURFACE_CURVE('',#3704,(#3763,#3825),.PCURVE_S1.);
#3704 = B_SPLINE_CURVE_WITH_KNOTS('',8,(#3705,#3706,#3707,#3708,#3709,
    #3710,#3711,#3712,#3713,#3714,#3715,#3716,#3717,#3718,#3719,#3720,
    #3721,#3722,#3723,#3724,#3725,#3726,#3727,#3728,#3729,#3730,#3731,
    #3732,#3733,#3734,#3735,#3736,#3737,#3738,#3739,#3740,#3741,#3742,
    #3743,#3744,#3745,#3746,#3747,#3748,#3749,#3750,#3751,#3752,#3753,
    #3754,#3755,#3756,#3757,#3758,#3759,#3760,#3761,#3762),
  .UNSPECIFIED.,.T.,.F.,(9,7,7,7,7,7,7,7,9),(0.,0.137279017748,
    0.279829337155,0.44992758871,0.595996808002,0.690456085872,
    0.794375684874,0.899144684553,1.),.UNSPECIFIED.);
#3705 = CARTESIAN_POINT('',(37.1,-19.09188309203,-19.09188309203));
#3706 = CARTESIAN_POINT('',(37.1,-19.26435384036,-18.9194123437));
#3707 = CARTESIAN_POINT('',(37.067623535062,-19.43114536184,
    -18.74905952677));
#3708 = CARTESIAN_POINT('',(37.005430267602,-19.58893363205,
    -18.58443063008));
#3709 = CARTESIAN_POINT('',(36.916752526271,-19.73505255839,
    -18.4288627124));
#3710 = CARTESIAN_POINT('',(36.805661886763,-19.86750477209,
    -18.2852933852));
#3711 = CARTESIAN_POINT('',(36.67692535579,-19.98496733831,
    -18.15605199238));
#3712 = CARTESIAN_POINT('',(36.535955006947,-20.08681969939,
    -18.04263210461));
#3713 = CARTESIAN_POINT('',(36.235902571953,-20.26294031633,
    -17.84464825471));
#3714 = CARTESIAN_POINT('',(36.072835944163,-20.33805169681,
    -17.75905224107));
#3715 = CARTESIAN_POINT('',(35.902376182458,-20.3993680015,
    -17.68843870245));
#3716 = CARTESIAN_POINT('',(35.726653466922,-20.44761773747,
    -17.63244811153));
#3717 = CARTESIAN_POINT('',(35.547316085788,-20.48339068042,
    -17.59072781638));
#3718 = CARTESIAN_POINT('',(35.365689124921,-20.5071038278,
    -17.56300160652));
#3719 = CARTESIAN_POINT('',(35.182901492334,-20.51897268006,
    -17.54912419908));
#3720 = CARTESIAN_POINT('',(34.781752687878,-20.51897268006,
    -17.54912419908));
#3721 = CARTESIAN_POINT('',(34.562801399675,-20.50207261224,
    -17.56888403775));
#3722 = CARTESIAN_POINT('',(34.345363900345,-20.4680839383,
    -17.60862557069));
#3723 = CARTESIAN_POINT('',(34.13176021921,-20.41650210419,
    -17.66871942523));
#3724 = CARTESIAN_POINT('',(33.924701769346,-20.34654734697,
    -17.74963840084));
#3725 = CARTESIAN_POINT('',(33.727520552517,-20.2571567493,
    -17.85190722998));
#3726 = CARTESIAN_POINT('',(33.54455664882,-20.14704256294,
    -17.97596782735));
#3727 = CARTESIAN_POINT('',(33.24226238657,-19.90148378657,
    -18.24717823139));
#3728 = CARTESIAN_POINT('',(33.112568634351,-19.76773339581,
    -18.39309880206));
#3729 = CARTESIAN_POINT('',(33.00387646423,-19.61511076715,
    -18.55698181679));
#3730 = CARTESIAN_POINT('',(32.924467300683,-19.44669114694,
    -18.73427170993));
#3731 = CARTESIAN_POINT('',(32.879853012228,-19.26702165892,
    -18.91905308133));
#3732 = CARTESIAN_POINT('',(32.872667579843,-19.08174727607,
    -19.10505755738));
#3733 = CARTESIAN_POINT('',(32.902546460684,-18.89708823774,
    -19.2862932512));
#3734 = CARTESIAN_POINT('',(33.006993231161,-18.60387707424,
    -19.56837470808));
#3735 = CARTESIAN_POINT('',(33.062352007294,-18.49061626445,
    -19.67583686157));
#3736 = CARTESIAN_POINT('',(33.131660949193,-18.38039589425,
    -19.77899434875));
#3737 = CARTESIAN_POINT('',(33.214346810723,-18.27435671363,
    -19.87694591366));
#3738 = CARTESIAN_POINT('',(33.309658892088,-18.17361438932,
    -19.96887576374));
#3739 = CARTESIAN_POINT('',(33.416678373068,-18.07923712839,
    -20.05405524135));
#3740 = CARTESIAN_POINT('',(33.534331927862,-17.99221408868,
    -20.13184849632));
#3741 = CARTESIAN_POINT('',(33.801214448176,-17.82672310524,
    -20.27859383672));
#3742 = CARTESIAN_POINT('',(33.95243157462,-17.74998201853,
    -20.34588298565));
#3743 = CARTESIAN_POINT('',(34.113462782587,-17.68434580261,
    -20.40288156489));
#3744 = CARTESIAN_POINT('',(34.282540722758,-17.63079294061,
    -20.44903633214));
#3745 = CARTESIAN_POINT('',(34.457763377367,-17.59009306008,
    -20.48393381362));
#3746 = CARTESIAN_POINT('',(34.637129125011,-17.56277905743,
    -20.50729398723));
#3747 = CARTESIAN_POINT('',(34.818572407679,-17.54912419908,
    -20.51897268006));
#3748 = CARTESIAN_POINT('',(35.182910514898,-17.54912419908,
    -20.51897268006));
#3749 = CARTESIAN_POINT('',(35.365697706159,-17.56300294835,
    -20.50710267828));
#3750 = CARTESIAN_POINT('',(35.547320367094,-17.59072944782,
    -20.48338928831));
#3751 = CARTESIAN_POINT('',(35.726653601088,-17.63244875301,
    -20.44761717045));
#3752 = CARTESIAN_POINT('',(35.902374487488,-17.68843814044,
    -20.3993684707));
#3753 = CARTESIAN_POINT('',(36.072834837856,-17.75905147386,
    -20.33805238296));
#3754 = CARTESIAN_POINT('',(36.235902781246,-17.84464839281,
    -20.26294019348));
#3755 = CARTESIAN_POINT('',(36.535897205773,-18.04259396561,
    -20.08685362672));
#3756 = CARTESIAN_POINT('',(36.676887632466,-18.15601105461,
    -19.98500450648));
#3757 = CARTESIAN_POINT('',(36.805669277981,-18.28528157171,
    -19.86751655834));
#3758 = CARTESIAN_POINT('',(36.916794986403,-18.42889827648,
    -19.73502109406));
#3759 = CARTESIAN_POINT('',(37.005480119631,-18.58451152992,
    -19.5888582247));
#3760 = CARTESIAN_POINT('',(37.067653079929,-18.74916131559,
    -19.4310468204));
#3761 = CARTESIAN_POINT('',(37.1,-18.91949104263,-19.26427514144));
#3762 = CARTESIAN_POINT('',(37.1,-19.09188309203,-19.09188309203));
#3763 = PCURVE('',#895,#3764);
#3764 = DEFINITIONAL_REPRESENTATION('',(#3765),#3824);
#3765 = B_SPLINE_CURVE_WITH_KNOTS('',8,(#3766,#3767,#3768,#3769,#3770,
    #3771,#3772,#3773,#3774,#3775,#3776,#3777,#3778,#3779,#3780,#3781,
    #3782,#3783,#3784,#3785,#3786,#3787,#3788,#3789,#3790,#3791,#3792,
    #3793,#3794,#3795,#3796,#3797,#3798,#3799,#3800,#3801,#3802,#3803,
    #3804,#3805,#3806,#3807,#3808,#3809,#3810,#3811,#3812,#3813,#3814,
    #3815,#3816,#3817,#3818,#3819,#3820,#3821,#3822,#3823),
  .UNSPECIFIED.,.T.,.F.,(9,7,7,7,7,7,7,7,9),(0.,0.137279017748,
    0.279829337155,0.44992758871,0.595996808002,0.690456085872,
    0.794375684874,0.899144684553,1.),.UNSPECIFIED.);
#3766 = CARTESIAN_POINT('',(-3.926990816987,-38.1));
#3767 = CARTESIAN_POINT('',(-3.917957095824,-38.1));
#3768 = CARTESIAN_POINT('',(-3.909127573954,-38.06762353506));
#3769 = CARTESIAN_POINT('',(-3.900682629097,-38.0054302676));
#3770 = CARTESIAN_POINT('',(-3.892778539805,-37.91675252627));
#3771 = CARTESIAN_POINT('',(-3.885544351576,-37.80566188676));
#3772 = CARTESIAN_POINT('',(-3.879076219692,-37.67692535579));
#3773 = CARTESIAN_POINT('',(-3.873430354748,-37.53595500694));
#3774 = CARTESIAN_POINT('',(-3.863616163536,-37.23590257195));
#3775 = CARTESIAN_POINT('',(-3.859398524296,-37.07283594416));
#3776 = CARTESIAN_POINT('',(-3.855934884722,-36.90237618245));
#3777 = CARTESIAN_POINT('',(-3.853197421477,-36.72665346692));
#3778 = CARTESIAN_POINT('',(-3.851161974386,-36.54731608578));
#3779 = CARTESIAN_POINT('',(-3.84981072811,-36.36568912492));
#3780 = CARTESIAN_POINT('',(-3.849134407043,-36.18290149233));
#3781 = CARTESIAN_POINT('',(-3.849134407043,-35.78175268787));
#3782 = CARTESIAN_POINT('',(-3.850097415237,-35.56280139967));
#3783 = CARTESIAN_POINT('',(-3.852034214987,-35.34536390034));
#3784 = CARTESIAN_POINT('',(-3.854967383077,-35.13176021921));
#3785 = CARTESIAN_POINT('',(-3.858929002611,-34.92470176934));
#3786 = CARTESIAN_POINT('',(-3.863959537431,-34.72752055251));
#3787 = CARTESIAN_POINT('',(-3.870102939847,-34.54455664882));
#3788 = CARTESIAN_POINT('',(-3.883653343438,-34.24226238657));
#3789 = CARTESIAN_POINT('',(-3.890984479487,-34.11256863435));
#3790 = CARTESIAN_POINT('',(-3.899278295027,-34.00387646423));
#3791 = CARTESIAN_POINT('',(-3.908334162412,-33.92446730068));
#3792 = CARTESIAN_POINT('',(-3.91787838836,-33.87985301222));
#3793 = CARTESIAN_POINT('',(-3.927600846939,-33.87266757984));
#3794 = CARTESIAN_POINT('',(-3.937183255842,-33.90254646068));
#3795 = CARTESIAN_POINT('',(-3.952252494065,-34.00699323116));
#3796 = CARTESIAN_POINT('',(-3.95803489468,-34.06235200729));
#3797 = CARTESIAN_POINT('',(-3.963625925114,-34.13166094919));
#3798 = CARTESIAN_POINT('',(-3.968972252029,-34.21434681072));
#3799 = CARTESIAN_POINT('',(-3.974023285514,-34.30965889208));
#3800 = CARTESIAN_POINT('',(-3.978731796474,-34.41667837306));
#3801 = CARTESIAN_POINT('',(-3.983054921448,-34.53433192786));
#3802 = CARTESIAN_POINT('',(-3.991246845985,-34.80121444817));
#3803 = CARTESIAN_POINT('',(-3.995026927496,-34.95243157462));
#3804 = CARTESIAN_POINT('',(-3.998246535878,-35.11346278258));
#3805 = CARTESIAN_POINT('',(-4.000864948882,-35.28254072275));
#3806 = CARTESIAN_POINT('',(-4.002850599052,-35.45776337736));
#3807 = CARTESIAN_POINT('',(-4.004181748785,-35.63712912501));
#3808 = CARTESIAN_POINT('',(-4.004847226932,-35.81857240767));
#3809 = CARTESIAN_POINT('',(-4.004847226932,-36.18291051489));
#3810 = CARTESIAN_POINT('',(-4.004170840427,-36.36569770615));
#3811 = CARTESIAN_POINT('',(-4.002819580152,-36.54732036709));
#3812 = CARTESIAN_POINT('',(-4.000784180788,-36.72665360108));
#3813 = CARTESIAN_POINT('',(-3.998046776369,-36.90237448748));
#3814 = CARTESIAN_POINT('',(-3.994583147794,-37.07283483785));
#3815 = CARTESIAN_POINT('',(-3.990365463593,-37.23590278124));
#3816 = CARTESIAN_POINT('',(-3.980553169802,-37.53589720577));
#3817 = CARTESIAN_POINT('',(-3.974907462127,-37.67688763246));
#3818 = CARTESIAN_POINT('',(-3.96843789952,-37.80566927798));
#3819 = CARTESIAN_POINT('',(-3.96120133611,-37.9167949864));
#3820 = CARTESIAN_POINT('',(-3.95329490967,-38.00548011963));
#3821 = CARTESIAN_POINT('',(-3.944848813572,-38.06765307992));
#3822 = CARTESIAN_POINT('',(-3.936020416036,-38.1));
#3823 = CARTESIAN_POINT('',(-3.926990816987,-38.1));
#3824 = ( GEOMETRIC_REPRESENTATION_CONTEXT(2) 
PARAMETRIC_REPRESENTATION_CONTEXT() REPRESENTATION_CONTEXT('2D SPACE',''
  ) );
#3825 = PCURVE('',#3826,#3831);
#3826 = CYLINDRICAL_SURFACE('',#3827,2.1);
#3827 = AXIS2_PLACEMENT_3D('',#3828,#3829,#3830);
#3828 = CARTESIAN_POINT('',(35.,-18.73832970144,-18.73832970144));
#3829 = DIRECTION('',(-0.,0.707106781187,0.707106781187));
#3830 = DIRECTION('',(1.,0.,0.));
#3831 = DEFINITIONAL_REPRESENTATION('',(#3832),#3891);
#3832 = B_SPLINE_CURVE_WITH_KNOTS('',8,(#3833,#3834,#3835,#3836,#3837,
    #3838,#3839,#3840,#3841,#3842,#3843,#3844,#3845,#3846,#3847,#3848,
    #3849,#3850,#3851,#3852,#3853,#3854,#3855,#3856,#3857,#3858,#3859,
    #3860,#3861,#3862,#3863,#3864,#3865,#3866,#3867,#3868,#3869,#3870,
    #3871,#3872,#3873,#3874,#3875,#3876,#3877,#3878,#3879,#3880,#3881,
    #3882,#3883,#3884,#3885,#3886,#3887,#3888,#3889,#3890),
  .UNSPECIFIED.,.F.,.F.,(9,7,7,7,7,7,7,7,9),(0.,0.137279017748,
    0.279829337155,0.44992758871,0.595996808002,0.690456085872,
    0.794375684874,0.899144684553,1.),.UNSPECIFIED.);
#3833 = CARTESIAN_POINT('',(0.,-0.5));
#3834 = CARTESIAN_POINT('',(-0.116147843524,-0.5));
#3835 = CARTESIAN_POINT('',(-0.229670173474,-0.497481783833));
#3836 = CARTESIAN_POINT('',(-0.340621488847,-0.492644730465));
#3837 = CARTESIAN_POINT('',(-0.448914346696,-0.485963284612));
#3838 = CARTESIAN_POINT('',(-0.554331536513,-0.478102298269));
#3839 = CARTESIAN_POINT('',(-0.656493602575,-0.469773410105));
#3840 = CARTESIAN_POINT('',(-0.754783480777,-0.461593933541));
#3841 = CARTESIAN_POINT('',(-0.9452647544,-0.446134293259));
#3842 = CARTESIAN_POINT('',(-1.039297123897,-0.438720538051));
#3843 = CARTESIAN_POINT('',(-1.130953862066,-0.43214640089));
#3844 = CARTESIAN_POINT('',(-1.220749268063,-0.426672789864));
#3845 = CARTESIAN_POINT('',(-1.309162547986,-0.422467376793));
#3846 = CARTESIAN_POINT('',(-1.396658765924,-0.4196297131));
#3847 = CARTESIAN_POINT('',(-1.483700378064,-0.41820945011));
#3848 = CARTESIAN_POINT('',(-1.674723618282,-0.41820945011));
#3849 = CARTESIAN_POINT('',(-1.778985558296,-0.420231613469));
#3850 = CARTESIAN_POINT('',(-1.884239932641,-0.424299499083));
#3851 = CARTESIAN_POINT('',(-1.991130416395,-0.43031840645));
#3852 = CARTESIAN_POINT('',(-2.100347505927,-0.438071279624));
#3853 = CARTESIAN_POINT('',(-2.212653065044,-0.447177564427));
#3854 = CARTESIAN_POINT('',(-2.328945461467,-0.457039166226));
#3855 = CARTESIAN_POINT('',(-2.554775758107,-0.475177606097));
#3856 = CARTESIAN_POINT('',(-2.666701894908,-0.483783222845));
#3857 = CARTESIAN_POINT('',(-2.783538998222,-0.491745518187));
#3858 = CARTESIAN_POINT('',(-2.903589962118,-0.498017748334));
#3859 = CARTESIAN_POINT('',(-3.025629321678,-0.501632395731));
#3860 = CARTESIAN_POINT('',(-3.148595514629,-0.502148649582));
#3861 = CARTESIAN_POINT('',(-3.271466640931,-0.499727979472));
#3862 = CARTESIAN_POINT('',(-3.471460930754,-0.49185808845));
#3863 = CARTESIAN_POINT('',(-3.550003038004,-0.487757819257));
#3864 = CARTESIAN_POINT('',(-3.628540101782,-0.482763606776));
#3865 = CARTESIAN_POINT('',(-3.707076056827,-0.477044798858));
#3866 = CARTESIAN_POINT('',(-3.785615646469,-0.470813438577));
#3867 = CARTESIAN_POINT('',(-3.864159312897,-0.464309623615));
#3868 = CARTESIAN_POINT('',(-3.942702389687,-0.45778318024));
#3869 = CARTESIAN_POINT('',(-4.107640391242,-0.444528008928));
#3870 = CARTESIAN_POINT('',(-4.194036941759,-0.437844479631));
#3871 = CARTESIAN_POINT('',(-4.2804256898,-0.431736748157));
#3872 = CARTESIAN_POINT('',(-4.366810571287,-0.426505505199));
#3873 = CARTESIAN_POINT('',(-4.453198190184,-0.422402589478));
#3874 = CARTESIAN_POINT('',(-4.539593485113,-0.419606810155));
#3875 = CARTESIAN_POINT('',(-4.625994888803,-0.41820945011));
#3876 = CARTESIAN_POINT('',(-4.799489225574,-0.41820945011));
#3877 = CARTESIAN_POINT('',(-4.886530615876,-0.419629849087));
#3878 = CARTESIAN_POINT('',(-4.974024955077,-0.422467546027));
#3879 = CARTESIAN_POINT('',(-5.062436280395,-0.426672842518));
#3880 = CARTESIAN_POINT('',(-5.15223059889,-0.432146335265));
#3881 = CARTESIAN_POINT('',(-5.243887470307,-0.438720480731));
#3882 = CARTESIAN_POINT('',(-5.337920685645,-0.446134304042));
#3883 = CARTESIAN_POINT('',(-5.528365132679,-0.461590955444));
#3884 = CARTESIAN_POINT('',(-5.626660847441,-0.469770744596));
#3885 = CARTESIAN_POINT('',(-5.728849657447,-0.478102279));
#3886 = CARTESIAN_POINT('',(-5.8342995821,-0.48596618357));
#3887 = CARTESIAN_POINT('',(-5.942619682656,-0.492648614242));
#3888 = CARTESIAN_POINT('',(-6.053582597575,-0.497484080077));
#3889 = CARTESIAN_POINT('',(-6.167090462267,-0.5));
#3890 = CARTESIAN_POINT('',(-6.28318530718,-0.5));
#3891 = ( GEOMETRIC_REPRESENTATION_CONTEXT(2) 
PARAMETRIC_REPRESENTATION_CONTEXT() REPRESENTATION_CONTEXT('2D SPACE',''
  ) );
#3892 = ADVANCED_FACE('',(#3893),#950,.F.);
#3893 = FACE_BOUND('',#3894,.T.);
#3894 = EDGE_LOOP('',(#3895,#3896,#3922,#3923));
#3895 = ORIENTED_EDGE('',*,*,#1058,.T.);
#3896 = ORIENTED_EDGE('',*,*,#3897,.T.);
#3897 = EDGE_CURVE('',#1037,#935,#3898,.T.);
#3898 = SURFACE_CURVE('',#3899,(#3904,#3911),.PCURVE_S1.);
#3899 = CIRCLE('',#3900,25.5);
#3900 = AXIS2_PLACEMENT_3D('',#3901,#3902,#3903);
#3901 = CARTESIAN_POINT('',(148.,0.,0.));
#3902 = DIRECTION('',(-1.,0.,0.));
#3903 = DIRECTION('',(0.,1.,0.));
#3904 = PCURVE('',#950,#3905);
#3905 = DEFINITIONAL_REPRESENTATION('',(#3906),#3910);
#3906 = LINE('',#3907,#3908);
#3907 = CARTESIAN_POINT('',(-6.28318530718,-1.));
#3908 = VECTOR('',#3909,1.);
#3909 = DIRECTION('',(1.,-0.));
#3910 = ( GEOMETRIC_REPRESENTATION_CONTEXT(2) 
PARAMETRIC_REPRESENTATION_CONTEXT() REPRESENTATION_CONTEXT('2D SPACE',''
  ) );
#3911 = PCURVE('',#977,#3912);
#3912 = DEFINITIONAL_REPRESENTATION('',(#3913),#3921);
#3913 = ( BOUNDED_CURVE() B_SPLINE_CURVE(2,(#3914,#3915,#3916,#3917,
#3918,#3919,#3920),.UNSPECIFIED.,.T.,.F.) B_SPLINE_CURVE_WITH_KNOTS((1,2
    ,2,2,2,1),(-2.094395102393,0.,2.094395102393,4.188790204786,
6.28318530718,8.377580409573),.UNSPECIFIED.) CURVE() 
GEOMETRIC_REPRESENTATION_ITEM() RATIONAL_B_SPLINE_CURVE((1.,0.5,1.,0.5,
1.,0.5,1.)) REPRESENTATION_ITEM('') );
#3914 = CARTESIAN_POINT('',(-5.174794260437E-16,-25.5));
#3915 = CARTESIAN_POINT('',(-44.167295593,-25.5));
#3916 = CARTESIAN_POINT('',(-22.0836477965,12.75));
#3917 = CARTESIAN_POINT('',(-6.763178101695E-15,51.));
#3918 = CARTESIAN_POINT('',(22.083647796503,12.75));
#3919 = CARTESIAN_POINT('',(44.167295593006,-25.5));
#3920 = CARTESIAN_POINT('',(-5.174794260437E-16,-25.5));
#3921 = ( GEOMETRIC_REPRESENTATION_CONTEXT(2) 
PARAMETRIC_REPRESENTATION_CONTEXT() REPRESENTATION_CONTEXT('2D SPACE',''
  ) );
#3922 = ORIENTED_EDGE('',*,*,#934,.F.);
#3923 = ORIENTED_EDGE('',*,*,#1105,.F.);
#3924 = ADVANCED_FACE('',(#3925),#977,.F.);
#3925 = FACE_BOUND('',#3926,.F.);
#3926 = EDGE_LOOP('',(#3927,#3928,#3929,#3930));
#3927 = ORIENTED_EDGE('',*,*,#3897,.T.);
#3928 = ORIENTED_EDGE('',*,*,#961,.T.);
#3929 = ORIENTED_EDGE('',*,*,#1356,.F.);
#3930 = ORIENTED_EDGE('',*,*,#1036,.T.);
#3931 = ADVANCED_FACE('',(#3932),#1174,.F.);
#3932 = FACE_BOUND('',#3933,.F.);
#3933 = EDGE_LOOP('',(#3934,#3935,#3953,#3954));
#3934 = ORIENTED_EDGE('',*,*,#1582,.F.);
#3935 = ORIENTED_EDGE('',*,*,#3936,.T.);
#3936 = EDGE_CURVE('',#1583,#1137,#3937,.T.);
#3937 = SEAM_CURVE('',#3938,(#3941,#3947),.PCURVE_S1.);
#3938 = B_SPLINE_CURVE_WITH_KNOTS('',1,(#3939,#3940),.UNSPECIFIED.,.F.,
  .F.,(2,2),(0.,1.),.PIECEWISE_BEZIER_KNOTS.);
#3939 = CARTESIAN_POINT('',(101.65,-7.,24.076809620811));
#3940 = CARTESIAN_POINT('',(98.2,-7.,27.526809620811));
#3941 = PCURVE('',#1174,#3942);
#3942 = DEFINITIONAL_REPRESENTATION('',(#3943),#3946);
#3943 = B_SPLINE_CURVE_WITH_KNOTS('',1,(#3944,#3945),.UNSPECIFIED.,.F.,
  .F.,(2,2),(0.,1.),.PIECEWISE_BEZIER_KNOTS.);
#3944 = CARTESIAN_POINT('',(0.,0.));
#3945 = CARTESIAN_POINT('',(0.,-3.45));
#3946 = ( GEOMETRIC_REPRESENTATION_CONTEXT(2) 
PARAMETRIC_REPRESENTATION_CONTEXT() REPRESENTATION_CONTEXT('2D SPACE',''
  ) );
#3947 = PCURVE('',#1174,#3948);
#3948 = DEFINITIONAL_REPRESENTATION('',(#3949),#3952);
#3949 = B_SPLINE_CURVE_WITH_KNOTS('',1,(#3950,#3951),.UNSPECIFIED.,.F.,
  .F.,(2,2),(0.,1.),.PIECEWISE_BEZIER_KNOTS.);
#3950 = CARTESIAN_POINT('',(-6.28318530718,0.));
#3951 = CARTESIAN_POINT('',(-6.28318530718,-3.45));
#3952 = ( GEOMETRIC_REPRESENTATION_CONTEXT(2) 
PARAMETRIC_REPRESENTATION_CONTEXT() REPRESENTATION_CONTEXT('2D SPACE',''
  ) );
#3953 = ORIENTED_EDGE('',*,*,#1159,.F.);
#3954 = ORIENTED_EDGE('',*,*,#3936,.F.);
#3955 = ADVANCED_FACE('',(#3956),#1229,.F.);
#3956 = FACE_BOUND('',#3957,.F.);
#3957 = EDGE_LOOP('',(#3958,#3959,#3977,#3978));
#3958 = ORIENTED_EDGE('',*,*,#2072,.F.);
#3959 = ORIENTED_EDGE('',*,*,#3960,.T.);
#3960 = EDGE_CURVE('',#2073,#1192,#3961,.T.);
#3961 = SEAM_CURVE('',#3962,(#3965,#3971),.PCURVE_S1.);
#3962 = B_SPLINE_CURVE_WITH_KNOTS('',1,(#3963,#3964),.UNSPECIFIED.,.F.,
  .F.,(2,2),(0.,1.),.PIECEWISE_BEZIER_KNOTS.);
#3963 = CARTESIAN_POINT('',(88.65,-7.,24.076809620811));
#3964 = CARTESIAN_POINT('',(85.2,-7.,27.526809620811));
#3965 = PCURVE('',#1229,#3966);
#3966 = DEFINITIONAL_REPRESENTATION('',(#3967),#3970);
#3967 = B_SPLINE_CURVE_WITH_KNOTS('',1,(#3968,#3969),.UNSPECIFIED.,.F.,
  .F.,(2,2),(0.,1.),.PIECEWISE_BEZIER_KNOTS.);
#3968 = CARTESIAN_POINT('',(0.,0.));
#3969 = CARTESIAN_POINT('',(0.,-3.45));
#3970 = ( GEOMETRIC_REPRESENTATION_CONTEXT(2) 
PARAMETRIC_REPRESENTATION_CONTEXT() REPRESENTATION_CONTEXT('2D SPACE',''
  ) );
#3971 = PCURVE('',#1229,#3972);
#3972 = DEFINITIONAL_REPRESENTATION('',(#3973),#3976);
#3973 = B_SPLINE_CURVE_WITH_KNOTS('',1,(#3974,#3975),.UNSPECIFIED.,.F.,
  .F.,(2,2),(0.,1.),.PIECEWISE_BEZIER_KNOTS.);
#3974 = CARTESIAN_POINT('',(-6.28318530718,0.));
#3975 = CARTESIAN_POINT('',(-6.28318530718,-3.45));
#3976 = ( GEOMETRIC_REPRESENTATION_CONTEXT(2) 
PARAMETRIC_REPRESENTATION_CONTEXT() REPRESENTATION_CONTEXT('2D SPACE',''
  ) );
#3977 = ORIENTED_EDGE('',*,*,#1214,.F.);
#3978 = ORIENTED_EDGE('',*,*,#3960,.F.);
#3979 = ADVANCED_FACE('',(#3980),#1284,.F.);
#3980 = FACE_BOUND('',#3981,.F.);
#3981 = EDGE_LOOP('',(#3982,#3983,#4005,#4006,#4024,#4025));
#3982 = ORIENTED_EDGE('',*,*,#2928,.F.);
#3983 = ORIENTED_EDGE('',*,*,#3984,.T.);
#3984 = EDGE_CURVE('',#2929,#2981,#3985,.T.);
#3985 = SURFACE_CURVE('',#3986,(#3991,#3998),.PCURVE_S1.);
#3986 = CIRCLE('',#3987,5.15);
#3987 = AXIS2_PLACEMENT_3D('',#3988,#3989,#3990);
#3988 = CARTESIAN_POINT('',(92.,-11.9,-22.23613005411));
#3989 = DIRECTION('',(0.,0.,-1.));
#3990 = DIRECTION('',(1.,0.,0.));
#3991 = PCURVE('',#1284,#3992);
#3992 = DEFINITIONAL_REPRESENTATION('',(#3993),#3997);
#3993 = LINE('',#3994,#3995);
#3994 = CARTESIAN_POINT('',(-0.,-0.));
#3995 = VECTOR('',#3996,1.);
#3996 = DIRECTION('',(-1.,-0.));
#3997 = ( GEOMETRIC_REPRESENTATION_CONTEXT(2) 
PARAMETRIC_REPRESENTATION_CONTEXT() REPRESENTATION_CONTEXT('2D SPACE',''
  ) );
#3998 = PCURVE('',#2995,#3999);
#3999 = DEFINITIONAL_REPRESENTATION('',(#4000),#4004);
#4000 = CIRCLE('',#4001,5.15);
#4001 = AXIS2_PLACEMENT_2D('',#4002,#4003);
#4002 = CARTESIAN_POINT('',(0.,0.));
#4003 = DIRECTION('',(1.,0.));
#4004 = ( GEOMETRIC_REPRESENTATION_CONTEXT(2) 
PARAMETRIC_REPRESENTATION_CONTEXT() REPRESENTATION_CONTEXT('2D SPACE',''
  ) );
#4005 = ORIENTED_EDGE('',*,*,#3006,.F.);
#4006 = ORIENTED_EDGE('',*,*,#4007,.T.);
#4007 = EDGE_CURVE('',#2931,#1247,#4008,.T.);
#4008 = SEAM_CURVE('',#4009,(#4012,#4018),.PCURVE_S1.);
#4009 = B_SPLINE_CURVE_WITH_KNOTS('',1,(#4010,#4011),.UNSPECIFIED.,.F.,
  .F.,(2,2),(0.,1.),.PIECEWISE_BEZIER_KNOTS.);
#4010 = CARTESIAN_POINT('',(97.15,-11.9,-22.23613005411));
#4011 = CARTESIAN_POINT('',(93.7,-11.9,-25.68613005411));
#4012 = PCURVE('',#1284,#4013);
#4013 = DEFINITIONAL_REPRESENTATION('',(#4014),#4017);
#4014 = B_SPLINE_CURVE_WITH_KNOTS('',1,(#4015,#4016),.UNSPECIFIED.,.F.,
  .F.,(2,2),(0.,1.),.PIECEWISE_BEZIER_KNOTS.);
#4015 = CARTESIAN_POINT('',(0.,0.));
#4016 = CARTESIAN_POINT('',(0.,-3.45));
#4017 = ( GEOMETRIC_REPRESENTATION_CONTEXT(2) 
PARAMETRIC_REPRESENTATION_CONTEXT() REPRESENTATION_CONTEXT('2D SPACE',''
  ) );
#4018 = PCURVE('',#1284,#4019);
#4019 = DEFINITIONAL_REPRESENTATION('',(#4020),#4023);
#4020 = B_SPLINE_CURVE_WITH_KNOTS('',1,(#4021,#4022),.UNSPECIFIED.,.F.,
  .F.,(2,2),(0.,1.),.PIECEWISE_BEZIER_KNOTS.);
#4021 = CARTESIAN_POINT('',(-6.28318530718,0.));
#4022 = CARTESIAN_POINT('',(-6.28318530718,-3.45));
#4023 = ( GEOMETRIC_REPRESENTATION_CONTEXT(2) 
PARAMETRIC_REPRESENTATION_CONTEXT() REPRESENTATION_CONTEXT('2D SPACE',''
  ) );
#4024 = ORIENTED_EDGE('',*,*,#1269,.F.);
#4025 = ORIENTED_EDGE('',*,*,#4007,.F.);
#4026 = ADVANCED_FACE('',(#4027),#1339,.F.);
#4027 = FACE_BOUND('',#4028,.F.);
#4028 = EDGE_LOOP('',(#4029,#4030,#4052,#4053,#4071,#4072));
#4029 = ORIENTED_EDGE('',*,*,#3326,.F.);
#4030 = ORIENTED_EDGE('',*,*,#4031,.T.);
#4031 = EDGE_CURVE('',#3327,#3379,#4032,.T.);
#4032 = SURFACE_CURVE('',#4033,(#4038,#4045),.PCURVE_S1.);
#4033 = CIRCLE('',#4034,5.15);
#4034 = AXIS2_PLACEMENT_3D('',#4035,#4036,#4037);
#4035 = CARTESIAN_POINT('',(64.,-11.9,-22.23613005411));
#4036 = DIRECTION('',(0.,0.,-1.));
#4037 = DIRECTION('',(1.,0.,0.));
#4038 = PCURVE('',#1339,#4039);
#4039 = DEFINITIONAL_REPRESENTATION('',(#4040),#4044);
#4040 = LINE('',#4041,#4042);
#4041 = CARTESIAN_POINT('',(-0.,-0.));
#4042 = VECTOR('',#4043,1.);
#4043 = DIRECTION('',(-1.,-0.));
#4044 = ( GEOMETRIC_REPRESENTATION_CONTEXT(2) 
PARAMETRIC_REPRESENTATION_CONTEXT() REPRESENTATION_CONTEXT('2D SPACE',''
  ) );
#4045 = PCURVE('',#3393,#4046);
#4046 = DEFINITIONAL_REPRESENTATION('',(#4047),#4051);
#4047 = CIRCLE('',#4048,5.15);
#4048 = AXIS2_PLACEMENT_2D('',#4049,#4050);
#4049 = CARTESIAN_POINT('',(0.,0.));
#4050 = DIRECTION('',(1.,0.));
#4051 = ( GEOMETRIC_REPRESENTATION_CONTEXT(2) 
PARAMETRIC_REPRESENTATION_CONTEXT() REPRESENTATION_CONTEXT('2D SPACE',''
  ) );
#4052 = ORIENTED_EDGE('',*,*,#3404,.F.);
#4053 = ORIENTED_EDGE('',*,*,#4054,.T.);
#4054 = EDGE_CURVE('',#3329,#1302,#4055,.T.);
#4055 = SEAM_CURVE('',#4056,(#4059,#4065),.PCURVE_S1.);
#4056 = B_SPLINE_CURVE_WITH_KNOTS('',1,(#4057,#4058),.UNSPECIFIED.,.F.,
  .F.,(2,2),(0.,1.),.PIECEWISE_BEZIER_KNOTS.);
#4057 = CARTESIAN_POINT('',(69.15,-11.9,-22.23613005411));
#4058 = CARTESIAN_POINT('',(65.7,-11.9,-25.68613005411));
#4059 = PCURVE('',#1339,#4060);
#4060 = DEFINITIONAL_REPRESENTATION('',(#4061),#4064);
#4061 = B_SPLINE_CURVE_WITH_KNOTS('',1,(#4062,#4063),.UNSPECIFIED.,.F.,
  .F.,(2,2),(0.,1.),.PIECEWISE_BEZIER_KNOTS.);
#4062 = CARTESIAN_POINT('',(0.,0.));
#4063 = CARTESIAN_POINT('',(0.,-3.45));
#4064 = ( GEOMETRIC_REPRESENTATION_CONTEXT(2) 
PARAMETRIC_REPRESENTATION_CONTEXT() REPRESENTATION_CONTEXT('2D SPACE',''
  ) );
#4065 = PCURVE('',#1339,#4066);
#4066 = DEFINITIONAL_REPRESENTATION('',(#4067),#4070);
#4067 = B_SPLINE_CURVE_WITH_KNOTS('',1,(#4068,#4069),.UNSPECIFIED.,.F.,
  .F.,(2,2),(0.,1.),.PIECEWISE_BEZIER_KNOTS.);
#4068 = CARTESIAN_POINT('',(-6.28318530718,0.));
#4069 = CARTESIAN_POINT('',(-6.28318530718,-3.45));
#4070 = ( GEOMETRIC_REPRESENTATION_CONTEXT(2) 
PARAMETRIC_REPRESENTATION_CONTEXT() REPRESENTATION_CONTEXT('2D SPACE',''
  ) );
#4071 = ORIENTED_EDGE('',*,*,#1324,.F.);
#4072 = ORIENTED_EDGE('',*,*,#4054,.F.);
#4073 = ADVANCED_FACE('',(#4074),#1513,.F.);
#4074 = FACE_BOUND('',#4075,.T.);
#4075 = EDGE_LOOP('',(#4076,#4077,#4100,#4127));
#4076 = ORIENTED_EDGE('',*,*,#1387,.F.);
#4077 = ORIENTED_EDGE('',*,*,#4078,.T.);
#4078 = EDGE_CURVE('',#1388,#4079,#4081,.T.);
#4079 = VERTEX_POINT('',#4080);
#4080 = CARTESIAN_POINT('',(117.1,-20.50609665441,20.50609665441));
#4081 = SEAM_CURVE('',#4082,(#4086,#4093),.PCURVE_S1.);
#4082 = LINE('',#4083,#4084);
#4083 = CARTESIAN_POINT('',(117.1,-18.73832970144,18.738329701444));
#4084 = VECTOR('',#4085,1.);
#4085 = DIRECTION('',(0.,-0.707106781187,0.707106781187));
#4086 = PCURVE('',#1513,#4087);
#4087 = DEFINITIONAL_REPRESENTATION('',(#4088),#4092);
#4088 = LINE('',#4089,#4090);
#4089 = CARTESIAN_POINT('',(-6.28318530718,0.));
#4090 = VECTOR('',#4091,1.);
#4091 = DIRECTION('',(-0.,-1.));
#4092 = ( GEOMETRIC_REPRESENTATION_CONTEXT(2) 
PARAMETRIC_REPRESENTATION_CONTEXT() REPRESENTATION_CONTEXT('2D SPACE',''
  ) );
#4093 = PCURVE('',#1513,#4094);
#4094 = DEFINITIONAL_REPRESENTATION('',(#4095),#4099);
#4095 = LINE('',#4096,#4097);
#4096 = CARTESIAN_POINT('',(-0.,0.));
#4097 = VECTOR('',#4098,1.);
#4098 = DIRECTION('',(-0.,-1.));
#4099 = ( GEOMETRIC_REPRESENTATION_CONTEXT(2) 
PARAMETRIC_REPRESENTATION_CONTEXT() REPRESENTATION_CONTEXT('2D SPACE',''
  ) );
#4100 = ORIENTED_EDGE('',*,*,#4101,.T.);
#4101 = EDGE_CURVE('',#4079,#4079,#4102,.T.);
#4102 = SURFACE_CURVE('',#4103,(#4108,#4115),.PCURVE_S1.);
#4103 = CIRCLE('',#4104,2.1);
#4104 = AXIS2_PLACEMENT_3D('',#4105,#4106,#4107);
#4105 = CARTESIAN_POINT('',(115.,-20.50609665441,20.50609665441));
#4106 = DIRECTION('',(0.,-0.707106781187,0.707106781187));
#4107 = DIRECTION('',(1.,0.,0.));
#4108 = PCURVE('',#1513,#4109);
#4109 = DEFINITIONAL_REPRESENTATION('',(#4110),#4114);
#4110 = LINE('',#4111,#4112);
#4111 = CARTESIAN_POINT('',(-0.,-2.5));
#4112 = VECTOR('',#4113,1.);
#4113 = DIRECTION('',(-1.,0.));
#4114 = ( GEOMETRIC_REPRESENTATION_CONTEXT(2) 
PARAMETRIC_REPRESENTATION_CONTEXT() REPRESENTATION_CONTEXT('2D SPACE',''
  ) );
#4115 = PCURVE('',#4116,#4121);
#4116 = PLANE('',#4117);
#4117 = AXIS2_PLACEMENT_3D('',#4118,#4119,#4120);
#4118 = CARTESIAN_POINT('',(115.,-20.50609665441,20.50609665441));
#4119 = DIRECTION('',(-0.,-0.707106781187,0.707106781187));
#4120 = DIRECTION('',(0.,-0.707106781187,-0.707106781187));
#4121 = DEFINITIONAL_REPRESENTATION('',(#4122),#4126);
#4122 = CIRCLE('',#4123,2.1);
#4123 = AXIS2_PLACEMENT_2D('',#4124,#4125);
#4124 = CARTESIAN_POINT('',(0.,1.42108547152E-14));
#4125 = DIRECTION('',(0.,1.));
#4126 = ( GEOMETRIC_REPRESENTATION_CONTEXT(2) 
PARAMETRIC_REPRESENTATION_CONTEXT() REPRESENTATION_CONTEXT('2D SPACE',''
  ) );
#4127 = ORIENTED_EDGE('',*,*,#4078,.F.);
#4128 = ADVANCED_FACE('',(#4129),#2672,.F.);
#4129 = FACE_BOUND('',#4130,.T.);
#4130 = EDGE_LOOP('',(#4131,#4132,#4155,#4182));
#4131 = ORIENTED_EDGE('',*,*,#2562,.F.);
#4132 = ORIENTED_EDGE('',*,*,#4133,.T.);
#4133 = EDGE_CURVE('',#2563,#4134,#4136,.T.);
#4134 = VERTEX_POINT('',#4135);
#4135 = CARTESIAN_POINT('',(117.1,-29.,0.));
#4136 = SEAM_CURVE('',#4137,(#4141,#4148),.PCURVE_S1.);
#4137 = LINE('',#4138,#4139);
#4138 = CARTESIAN_POINT('',(117.1,-26.5,0.));
#4139 = VECTOR('',#4140,1.);
#4140 = DIRECTION('',(0.,-1.,0.));
#4141 = PCURVE('',#2672,#4142);
#4142 = DEFINITIONAL_REPRESENTATION('',(#4143),#4147);
#4143 = LINE('',#4144,#4145);
#4144 = CARTESIAN_POINT('',(-6.28318530718,0.));
#4145 = VECTOR('',#4146,1.);
#4146 = DIRECTION('',(-0.,-1.));
#4147 = ( GEOMETRIC_REPRESENTATION_CONTEXT(2) 
PARAMETRIC_REPRESENTATION_CONTEXT() REPRESENTATION_CONTEXT('2D SPACE',''
  ) );
#4148 = PCURVE('',#2672,#4149);
#4149 = DEFINITIONAL_REPRESENTATION('',(#4150),#4154);
#4150 = LINE('',#4151,#4152);
#4151 = CARTESIAN_POINT('',(-0.,0.));
#4152 = VECTOR('',#4153,1.);
#4153 = DIRECTION('',(-0.,-1.));
#4154 = ( GEOMETRIC_REPRESENTATION_CONTEXT(2) 
PARAMETRIC_REPRESENTATION_CONTEXT() REPRESENTATION_CONTEXT('2D SPACE',''
  ) );
#4155 = ORIENTED_EDGE('',*,*,#4156,.T.);
#4156 = EDGE_CURVE('',#4134,#4134,#4157,.T.);
#4157 = SURFACE_CURVE('',#4158,(#4163,#4170),.PCURVE_S1.);
#4158 = CIRCLE('',#4159,2.1);
#4159 = AXIS2_PLACEMENT_3D('',#4160,#4161,#4162);
#4160 = CARTESIAN_POINT('',(115.,-29.,0.));
#4161 = DIRECTION('',(0.,-1.,0.));
#4162 = DIRECTION('',(1.,0.,0.));
#4163 = PCURVE('',#2672,#4164);
#4164 = DEFINITIONAL_REPRESENTATION('',(#4165),#4169);
#4165 = LINE('',#4166,#4167);
#4166 = CARTESIAN_POINT('',(-0.,-2.5));
#4167 = VECTOR('',#4168,1.);
#4168 = DIRECTION('',(-1.,0.));
#4169 = ( GEOMETRIC_REPRESENTATION_CONTEXT(2) 
PARAMETRIC_REPRESENTATION_CONTEXT() REPRESENTATION_CONTEXT('2D SPACE',''
  ) );
#4170 = PCURVE('',#4171,#4176);
#4171 = PLANE('',#4172);
#4172 = AXIS2_PLACEMENT_3D('',#4173,#4174,#4175);
#4173 = CARTESIAN_POINT('',(115.,-29.,7.706521602866E-17));
#4174 = DIRECTION('',(-0.,-1.,-0.));
#4175 = DIRECTION('',(0.,0.,-1.));
#4176 = DEFINITIONAL_REPRESENTATION('',(#4177),#4181);
#4177 = CIRCLE('',#4178,2.1);
#4178 = AXIS2_PLACEMENT_2D('',#4179,#4180);
#4179 = CARTESIAN_POINT('',(7.706521602866E-17,1.42108547152E-14));
#4180 = DIRECTION('',(0.,1.));
#4181 = ( GEOMETRIC_REPRESENTATION_CONTEXT(2) 
PARAMETRIC_REPRESENTATION_CONTEXT() REPRESENTATION_CONTEXT('2D SPACE',''
  ) );
#4182 = ORIENTED_EDGE('',*,*,#4133,.F.);
#4183 = ADVANCED_FACE('',(#4184),#2859,.F.);
#4184 = FACE_BOUND('',#4185,.T.);
#4185 = EDGE_LOOP('',(#4186,#4187,#4210,#4237));
#4186 = ORIENTED_EDGE('',*,*,#2733,.F.);
#4187 = ORIENTED_EDGE('',*,*,#4188,.T.);
#4188 = EDGE_CURVE('',#2734,#4189,#4191,.T.);
#4189 = VERTEX_POINT('',#4190);
#4190 = CARTESIAN_POINT('',(117.1,-20.50609665441,-20.50609665441));
#4191 = SEAM_CURVE('',#4192,(#4196,#4203),.PCURVE_S1.);
#4192 = LINE('',#4193,#4194);
#4193 = CARTESIAN_POINT('',(117.1,-18.73832970144,-18.73832970144));
#4194 = VECTOR('',#4195,1.);
#4195 = DIRECTION('',(0.,-0.707106781187,-0.707106781187));
#4196 = PCURVE('',#2859,#4197);
#4197 = DEFINITIONAL_REPRESENTATION('',(#4198),#4202);
#4198 = LINE('',#4199,#4200);
#4199 = CARTESIAN_POINT('',(-6.28318530718,0.));
#4200 = VECTOR('',#4201,1.);
#4201 = DIRECTION('',(-0.,-1.));
#4202 = ( GEOMETRIC_REPRESENTATION_CONTEXT(2) 
PARAMETRIC_REPRESENTATION_CONTEXT() REPRESENTATION_CONTEXT('2D SPACE',''
  ) );
#4203 = PCURVE('',#2859,#4204);
#4204 = DEFINITIONAL_REPRESENTATION('',(#4205),#4209);
#4205 = LINE('',#4206,#4207);
#4206 = CARTESIAN_POINT('',(-0.,0.));
#4207 = VECTOR('',#4208,1.);
#4208 = DIRECTION('',(-0.,-1.));
#4209 = ( GEOMETRIC_REPRESENTATION_CONTEXT(2) 
PARAMETRIC_REPRESENTATION_CONTEXT() REPRESENTATION_CONTEXT('2D SPACE',''
  ) );
#4210 = ORIENTED_EDGE('',*,*,#4211,.T.);
#4211 = EDGE_CURVE('',#4189,#4189,#4212,.T.);
#4212 = SURFACE_CURVE('',#4213,(#4218,#4225),.PCURVE_S1.);
#4213 = CIRCLE('',#4214,2.1);
#4214 = AXIS2_PLACEMENT_3D('',#4215,#4216,#4217);
#4215 = CARTESIAN_POINT('',(115.,-20.50609665441,-20.50609665441));
#4216 = DIRECTION('',(0.,-0.707106781187,-0.707106781187));
#4217 = DIRECTION('',(1.,0.,0.));
#4218 = PCURVE('',#2859,#4219);
#4219 = DEFINITIONAL_REPRESENTATION('',(#4220),#4224);
#4220 = LINE('',#4221,#4222);
#4221 = CARTESIAN_POINT('',(-0.,-2.5));
#4222 = VECTOR('',#4223,1.);
#4223 = DIRECTION('',(-1.,0.));
#4224 = ( GEOMETRIC_REPRESENTATION_CONTEXT(2) 
PARAMETRIC_REPRESENTATION_CONTEXT() REPRESENTATION_CONTEXT('2D SPACE',''
  ) );
#4225 = PCURVE('',#4226,#4231);
#4226 = PLANE('',#4227);
#4227 = AXIS2_PLACEMENT_3D('',#4228,#4229,#4230);
#4228 = CARTESIAN_POINT('',(115.,-20.50609665441,-20.50609665441));
#4229 = DIRECTION('',(-0.,-0.707106781187,-0.707106781187));
#4230 = DIRECTION('',(0.,-0.707106781187,0.707106781187));
#4231 = DEFINITIONAL_REPRESENTATION('',(#4232),#4236);
#4232 = CIRCLE('',#4233,2.1);
#4233 = AXIS2_PLACEMENT_2D('',#4234,#4235);
#4234 = CARTESIAN_POINT('',(0.,-1.42108547152E-14));
#4235 = DIRECTION('',(0.,-1.));
#4236 = ( GEOMETRIC_REPRESENTATION_CONTEXT(2) 
PARAMETRIC_REPRESENTATION_CONTEXT() REPRESENTATION_CONTEXT('2D SPACE',''
  ) );
#4237 = ORIENTED_EDGE('',*,*,#4188,.F.);
#4238 = ADVANCED_FACE('',(#4239),#2995,.T.);
#4239 = FACE_BOUND('',#4240,.T.);
#4240 = EDGE_LOOP('',(#4241,#4242));
#4241 = ORIENTED_EDGE('',*,*,#2980,.F.);
#4242 = ORIENTED_EDGE('',*,*,#3984,.T.);
#4243 = ADVANCED_FACE('',(#4244),#3257,.F.);
#4244 = FACE_BOUND('',#4245,.T.);
#4245 = EDGE_LOOP('',(#4246,#4247,#4270,#4297));
#4246 = ORIENTED_EDGE('',*,*,#3131,.F.);
#4247 = ORIENTED_EDGE('',*,*,#4248,.T.);
#4248 = EDGE_CURVE('',#3132,#4249,#4251,.T.);
#4249 = VERTEX_POINT('',#4250);
#4250 = CARTESIAN_POINT('',(37.1,-20.50609665441,20.50609665441));
#4251 = SEAM_CURVE('',#4252,(#4256,#4263),.PCURVE_S1.);
#4252 = LINE('',#4253,#4254);
#4253 = CARTESIAN_POINT('',(37.1,-18.73832970144,18.738329701444));
#4254 = VECTOR('',#4255,1.);
#4255 = DIRECTION('',(0.,-0.707106781187,0.707106781187));
#4256 = PCURVE('',#3257,#4257);
#4257 = DEFINITIONAL_REPRESENTATION('',(#4258),#4262);
#4258 = LINE('',#4259,#4260);
#4259 = CARTESIAN_POINT('',(-6.28318530718,0.));
#4260 = VECTOR('',#4261,1.);
#4261 = DIRECTION('',(-0.,-1.));
#4262 = ( GEOMETRIC_REPRESENTATION_CONTEXT(2) 
PARAMETRIC_REPRESENTATION_CONTEXT() REPRESENTATION_CONTEXT('2D SPACE',''
  ) );
#4263 = PCURVE('',#3257,#4264);
#4264 = DEFINITIONAL_REPRESENTATION('',(#4265),#4269);
#4265 = LINE('',#4266,#4267);
#4266 = CARTESIAN_POINT('',(-0.,0.));
#4267 = VECTOR('',#4268,1.);
#4268 = DIRECTION('',(-0.,-1.));
#4269 = ( GEOMETRIC_REPRESENTATION_CONTEXT(2) 
PARAMETRIC_REPRESENTATION_CONTEXT() REPRESENTATION_CONTEXT('2D SPACE',''
  ) );
#4270 = ORIENTED_EDGE('',*,*,#4271,.T.);
#4271 = EDGE_CURVE('',#4249,#4249,#4272,.T.);
#4272 = SURFACE_CURVE('',#4273,(#4278,#4285),.PCURVE_S1.);
#4273 = CIRCLE('',#4274,2.1);
#4274 = AXIS2_PLACEMENT_3D('',#4275,#4276,#4277);
#4275 = CARTESIAN_POINT('',(35.,-20.50609665441,20.50609665441));
#4276 = DIRECTION('',(0.,-0.707106781187,0.707106781187));
#4277 = DIRECTION('',(1.,0.,0.));
#4278 = PCURVE('',#3257,#4279);
#4279 = DEFINITIONAL_REPRESENTATION('',(#4280),#4284);
#4280 = LINE('',#4281,#4282);
#4281 = CARTESIAN_POINT('',(-0.,-2.5));
#4282 = VECTOR('',#4283,1.);
#4283 = DIRECTION('',(-1.,0.));
#4284 = ( GEOMETRIC_REPRESENTATION_CONTEXT(2) 
PARAMETRIC_REPRESENTATION_CONTEXT() REPRESENTATION_CONTEXT('2D SPACE',''
  ) );
#4285 = PCURVE('',#4286,#4291);
#4286 = PLANE('',#4287);
#4287 = AXIS2_PLACEMENT_3D('',#4288,#4289,#4290);
#4288 = CARTESIAN_POINT('',(35.,-20.50609665441,20.50609665441));
#4289 = DIRECTION('',(-0.,-0.707106781187,0.707106781187));
#4290 = DIRECTION('',(0.,-0.707106781187,-0.707106781187));
#4291 = DEFINITIONAL_REPRESENTATION('',(#4292),#4296);
#4292 = CIRCLE('',#4293,2.1);
#4293 = AXIS2_PLACEMENT_2D('',#4294,#4295);
#4294 = CARTESIAN_POINT('',(0.,0.));
#4295 = DIRECTION('',(0.,1.));
#4296 = ( GEOMETRIC_REPRESENTATION_CONTEXT(2) 
PARAMETRIC_REPRESENTATION_CONTEXT() REPRESENTATION_CONTEXT('2D SPACE',''
  ) );
#4297 = ORIENTED_EDGE('',*,*,#4248,.F.);
#4298 = ADVANCED_FACE('',(#4299),#3393,.T.);
#4299 = FACE_BOUND('',#4300,.T.);
#4300 = EDGE_LOOP('',(#4301,#4302));
#4301 = ORIENTED_EDGE('',*,*,#3378,.F.);
#4302 = ORIENTED_EDGE('',*,*,#4031,.T.);
#4303 = ADVANCED_FACE('',(#4304),#3639,.F.);
#4304 = FACE_BOUND('',#4305,.T.);
#4305 = EDGE_LOOP('',(#4306,#4307,#4330,#4357));
#4306 = ORIENTED_EDGE('',*,*,#3529,.F.);
#4307 = ORIENTED_EDGE('',*,*,#4308,.T.);
#4308 = EDGE_CURVE('',#3530,#4309,#4311,.T.);
#4309 = VERTEX_POINT('',#4310);
#4310 = CARTESIAN_POINT('',(37.1,-29.,0.));
#4311 = SEAM_CURVE('',#4312,(#4316,#4323),.PCURVE_S1.);
#4312 = LINE('',#4313,#4314);
#4313 = CARTESIAN_POINT('',(37.1,-26.5,0.));
#4314 = VECTOR('',#4315,1.);
#4315 = DIRECTION('',(0.,-1.,0.));
#4316 = PCURVE('',#3639,#4317);
#4317 = DEFINITIONAL_REPRESENTATION('',(#4318),#4322);
#4318 = LINE('',#4319,#4320);
#4319 = CARTESIAN_POINT('',(-6.28318530718,0.));
#4320 = VECTOR('',#4321,1.);
#4321 = DIRECTION('',(-0.,-1.));
#4322 = ( GEOMETRIC_REPRESENTATION_CONTEXT(2) 
PARAMETRIC_REPRESENTATION_CONTEXT() REPRESENTATION_CONTEXT('2D SPACE',''
  ) );
#4323 = PCURVE('',#3639,#4324);
#4324 = DEFINITIONAL_REPRESENTATION('',(#4325),#4329);
#4325 = LINE('',#4326,#4327);
#4326 = CARTESIAN_POINT('',(-0.,0.));
#4327 = VECTOR('',#4328,1.);
#4328 = DIRECTION('',(-0.,-1.));
#4329 = ( GEOMETRIC_REPRESENTATION_CONTEXT(2) 
PARAMETRIC_REPRESENTATION_CONTEXT() REPRESENTATION_CONTEXT('2D SPACE',''
  ) );
#4330 = ORIENTED_EDGE('',*,*,#4331,.T.);
#4331 = EDGE_CURVE('',#4309,#4309,#4332,.T.);
#4332 = SURFACE_CURVE('',#4333,(#4338,#4345),.PCURVE_S1.);
#4333 = CIRCLE('',#4334,2.1);
#4334 = AXIS2_PLACEMENT_3D('',#4335,#4336,#4337);
#4335 = CARTESIAN_POINT('',(35.,-29.,0.));
#4336 = DIRECTION('',(0.,-1.,0.));
#4337 = DIRECTION('',(1.,0.,0.));
#4338 = PCURVE('',#3639,#4339);
#4339 = DEFINITIONAL_REPRESENTATION('',(#4340),#4344);
#4340 = LINE('',#4341,#4342);
#4341 = CARTESIAN_POINT('',(-0.,-2.5));
#4342 = VECTOR('',#4343,1.);
#4343 = DIRECTION('',(-1.,0.));
#4344 = ( GEOMETRIC_REPRESENTATION_CONTEXT(2) 
PARAMETRIC_REPRESENTATION_CONTEXT() REPRESENTATION_CONTEXT('2D SPACE',''
  ) );
#4345 = PCURVE('',#4346,#4351);
#4346 = PLANE('',#4347);
#4347 = AXIS2_PLACEMENT_3D('',#4348,#4349,#4350);
#4348 = CARTESIAN_POINT('',(35.,-29.,-2.485157679093E-16));
#4349 = DIRECTION('',(-0.,-1.,-0.));
#4350 = DIRECTION('',(0.,0.,-1.));
#4351 = DEFINITIONAL_REPRESENTATION('',(#4352),#4356);
#4352 = CIRCLE('',#4353,2.1);
#4353 = AXIS2_PLACEMENT_2D('',#4354,#4355);
#4354 = CARTESIAN_POINT('',(-2.485157679093E-16,0.));
#4355 = DIRECTION('',(0.,1.));
#4356 = ( GEOMETRIC_REPRESENTATION_CONTEXT(2) 
PARAMETRIC_REPRESENTATION_CONTEXT() REPRESENTATION_CONTEXT('2D SPACE',''
  ) );
#4357 = ORIENTED_EDGE('',*,*,#4308,.F.);
#4358 = ADVANCED_FACE('',(#4359),#3826,.F.);
#4359 = FACE_BOUND('',#4360,.T.);
#4360 = EDGE_LOOP('',(#4361,#4362,#4385,#4412));
#4361 = ORIENTED_EDGE('',*,*,#3700,.F.);
#4362 = ORIENTED_EDGE('',*,*,#4363,.T.);
#4363 = EDGE_CURVE('',#3701,#4364,#4366,.T.);
#4364 = VERTEX_POINT('',#4365);
#4365 = CARTESIAN_POINT('',(37.1,-20.50609665441,-20.50609665441));
#4366 = SEAM_CURVE('',#4367,(#4371,#4378),.PCURVE_S1.);
#4367 = LINE('',#4368,#4369);
#4368 = CARTESIAN_POINT('',(37.1,-18.73832970144,-18.73832970144));
#4369 = VECTOR('',#4370,1.);
#4370 = DIRECTION('',(0.,-0.707106781187,-0.707106781187));
#4371 = PCURVE('',#3826,#4372);
#4372 = DEFINITIONAL_REPRESENTATION('',(#4373),#4377);
#4373 = LINE('',#4374,#4375);
#4374 = CARTESIAN_POINT('',(-6.28318530718,0.));
#4375 = VECTOR('',#4376,1.);
#4376 = DIRECTION('',(-0.,-1.));
#4377 = ( GEOMETRIC_REPRESENTATION_CONTEXT(2) 
PARAMETRIC_REPRESENTATION_CONTEXT() REPRESENTATION_CONTEXT('2D SPACE',''
  ) );
#4378 = PCURVE('',#3826,#4379);
#4379 = DEFINITIONAL_REPRESENTATION('',(#4380),#4384);
#4380 = LINE('',#4381,#4382);
#4381 = CARTESIAN_POINT('',(-0.,0.));
#4382 = VECTOR('',#4383,1.);
#4383 = DIRECTION('',(-0.,-1.));
#4384 = ( GEOMETRIC_REPRESENTATION_CONTEXT(2) 
PARAMETRIC_REPRESENTATION_CONTEXT() REPRESENTATION_CONTEXT('2D SPACE',''
  ) );
#4385 = ORIENTED_EDGE('',*,*,#4386,.T.);
#4386 = EDGE_CURVE('',#4364,#4364,#4387,.T.);
#4387 = SURFACE_CURVE('',#4388,(#4393,#4400),.PCURVE_S1.);
#4388 = CIRCLE('',#4389,2.1);
#4389 = AXIS2_PLACEMENT_3D('',#4390,#4391,#4392);
#4390 = CARTESIAN_POINT('',(35.,-20.50609665441,-20.50609665441));
#4391 = DIRECTION('',(0.,-0.707106781187,-0.707106781187));
#4392 = DIRECTION('',(1.,0.,0.));
#4393 = PCURVE('',#3826,#4394);
#4394 = DEFINITIONAL_REPRESENTATION('',(#4395),#4399);
#4395 = LINE('',#4396,#4397);
#4396 = CARTESIAN_POINT('',(-0.,-2.5));
#4397 = VECTOR('',#4398,1.);
#4398 = DIRECTION('',(-1.,0.));
#4399 = ( GEOMETRIC_REPRESENTATION_CONTEXT(2) 
PARAMETRIC_REPRESENTATION_CONTEXT() REPRESENTATION_CONTEXT('2D SPACE',''
  ) );
#4400 = PCURVE('',#4401,#4406);
#4401 = PLANE('',#4402);
#4402 = AXIS2_PLACEMENT_3D('',#4403,#4404,#4405);
#4403 = CARTESIAN_POINT('',(35.,-20.50609665441,-20.50609665441));
#4404 = DIRECTION('',(-0.,-0.707106781187,-0.707106781187));
#4405 = DIRECTION('',(0.,-0.707106781187,0.707106781187));
#4406 = DEFINITIONAL_REPRESENTATION('',(#4407),#4411);
#4407 = CIRCLE('',#4408,2.1);
#4408 = AXIS2_PLACEMENT_2D('',#4409,#4410);
#4409 = CARTESIAN_POINT('',(0.,0.));
#4410 = DIRECTION('',(0.,-1.));
#4411 = ( GEOMETRIC_REPRESENTATION_CONTEXT(2) 
PARAMETRIC_REPRESENTATION_CONTEXT() REPRESENTATION_CONTEXT('2D SPACE',''
  ) );
#4412 = ORIENTED_EDGE('',*,*,#4363,.F.);
#4413 = ADVANCED_FACE('',(#4414),#4116,.F.);
#4414 = FACE_BOUND('',#4415,.F.);
#4415 = EDGE_LOOP('',(#4416));
#4416 = ORIENTED_EDGE('',*,*,#4101,.T.);
#4417 = ADVANCED_FACE('',(#4418),#4171,.F.);
#4418 = FACE_BOUND('',#4419,.F.);
#4419 = EDGE_LOOP('',(#4420));
#4420 = ORIENTED_EDGE('',*,*,#4156,.T.);
#4421 = ADVANCED_FACE('',(#4422),#4226,.F.);
#4422 = FACE_BOUND('',#4423,.F.);
#4423 = EDGE_LOOP('',(#4424));
#4424 = ORIENTED_EDGE('',*,*,#4211,.T.);
#4425 = ADVANCED_FACE('',(#4426),#4286,.F.);
#4426 = FACE_BOUND('',#4427,.F.);
#4427 = EDGE_LOOP('',(#4428));
#4428 = ORIENTED_EDGE('',*,*,#4271,.T.);
#4429 = ADVANCED_FACE('',(#4430),#4346,.F.);
#4430 = FACE_BOUND('',#4431,.F.);
#4431 = EDGE_LOOP('',(#4432));
#4432 = ORIENTED_EDGE('',*,*,#4331,.T.);
#4433 = ADVANCED_FACE('',(#4434),#4401,.F.);
#4434 = FACE_BOUND('',#4435,.F.);
#4435 = EDGE_LOOP('',(#4436));
#4436 = ORIENTED_EDGE('',*,*,#4386,.T.);
#4437 = ( GEOMETRIC_REPRESENTATION_CONTEXT(3) 
GLOBAL_UNCERTAINTY_ASSIGNED_CONTEXT((#4441)) 
GLOBAL_UNIT_ASSIGNED_CONTEXT((#4438,#4439,#4440)) REPRESENTATION_CONTEXT
('Context #1','3D Context with UNIT and UNCERTAINTY') );
#4438 = ( LENGTH_UNIT() NAMED_UNIT(*) SI_UNIT(.MILLI.,.METRE.) );
#4439 = ( NAMED_UNIT(*) PLANE_ANGLE_UNIT() SI_UNIT($,.RADIAN.) );
#4440 = ( NAMED_UNIT(*) SI_UNIT($,.STERADIAN.) SOLID_ANGLE_UNIT() );
#4441 = UNCERTAINTY_MEASURE_WITH_UNIT(LENGTH_MEASURE(2.E-07),#4438,
  'distance_accuracy_value','confusion accuracy');
#4442 = PRODUCT_RELATED_PRODUCT_CATEGORY('part',$,(#7));
ENDSEC;
END-ISO-10303-21;
