ISO-10303-21;
HEADER;
FILE_DESCRIPTION(('Open CASCADE Model'),'2;1');
FILE_NAME('Open CASCADE Shape Model','2026-09-06T20:25:52',('Author'),(
    'Open CASCADE'),'Open CASCADE STEP processor 7.9','Open CASCADE 7.9'
  ,'Unknown');
FILE_SCHEMA(('AUTOMOTIVE_DESIGN { 1 0 10303 214 1 1 1 1 }'));
ENDSEC;
DATA;
#1 = APPLICATION_PROTOCOL_DEFINITION('international standard',
  'automotive_design',2000,#2);
#2 = APPLICATION_CONTEXT(
  'core data for automotive mechanical design processes');
#3 = SHAPE_DEFINITION_REPRESENTATION(#4,#10);
#4 = PRODUCT_DEFINITION_SHAPE('','',#5);
#5 = PRODUCT_DEFINITION('design','',#6,#9);
#6 = PRODUCT_DEFINITION_FORMATION('','',#7);
#7 = PRODUCT('Open CASCADE STEP translator 7.9 11',
  'Open CASCADE STEP translator 7.9 11','',(#8));
#8 = PRODUCT_CONTEXT('',#2,'mechanical');
#9 = PRODUCT_DEFINITION_CONTEXT('part definition',#2,'design');
#10 = ADVANCED_BREP_SHAPE_REPRESENTATION('',(#11,#15),#5261);
#11 = AXIS2_PLACEMENT_3D('',#12,#13,#14);
#12 = CARTESIAN_POINT('',(0.,0.,0.));
#13 = DIRECTION('',(0.,0.,1.));
#14 = DIRECTION('',(1.,0.,-0.));
#15 = MANIFOLD_SOLID_BREP('',#16);
#16 = CLOSED_SHELL('',(#17,#527,#2009,#2054,#3265,#3680,#3735,#3790,
    #3815,#3842,#3869,#3896,#3923,#3950,#3977,#4004,#4031,#4058,#4085,
    #4112,#4139,#4166,#4193,#4220,#4247,#4274,#4301,#4328,#4355,#4382,
    #4409,#4436,#4462,#4488,#4515,#4542,#4569,#4596,#4623,#4650,#4677,
    #4704,#4731,#4758,#4785,#4812,#4839,#4866,#4893,#4920,#4947,#4972,
    #4997,#5024,#5051,#5076,#5101,#5128,#5135,#5190,#5245,#5249,#5253,
    #5257));
#17 = ADVANCED_FACE('',(#18,#137,#332),#33,.T.);
#18 = FACE_BOUND('',#19,.F.);
#19 = EDGE_LOOP('',(#20,#56,#84,#113));
#20 = ORIENTED_EDGE('',*,*,#21,.F.);
#21 = EDGE_CURVE('',#22,#24,#26,.T.);
#22 = VERTEX_POINT('',#23);
#23 = CARTESIAN_POINT('',(1.,26.85,0.));
#24 = VERTEX_POINT('',#25);
#25 = CARTESIAN_POINT('',(1.,1.644088327855E-15,26.85));
#26 = SURFACE_CURVE('',#27,(#32,#44),.PCURVE_S1.);
#27 = CIRCLE('',#28,26.85);
#28 = AXIS2_PLACEMENT_3D('',#29,#30,#31);
#29 = CARTESIAN_POINT('',(1.,0.,0.));
#30 = DIRECTION('',(1.,0.,0.));
#31 = DIRECTION('',(0.,1.,0.));
#32 = PCURVE('',#33,#38);
#33 = CYLINDRICAL_SURFACE('',#34,26.85);
#34 = AXIS2_PLACEMENT_3D('',#35,#36,#37);
#35 = CARTESIAN_POINT('',(1.,0.,0.));
#36 = DIRECTION('',(-1.,-0.,-0.));
#37 = DIRECTION('',(0.,1.,0.));
#38 = DEFINITIONAL_REPRESENTATION('',(#39),#43);
#39 = LINE('',#40,#41);
#40 = CARTESIAN_POINT('',(-0.,0.));
#41 = VECTOR('',#42,1.);
#42 = DIRECTION('',(-1.,0.));
#43 = ( GEOMETRIC_REPRESENTATION_CONTEXT(2) 
PARAMETRIC_REPRESENTATION_CONTEXT() REPRESENTATION_CONTEXT('2D SPACE',''
  ) );
#44 = PCURVE('',#45,#50);
#45 = PLANE('',#46);
#46 = AXIS2_PLACEMENT_3D('',#47,#48,#49);
#47 = CARTESIAN_POINT('',(1.,-8.148619039341E-16,5.336649226313E-16));
#48 = DIRECTION('',(1.,0.,0.));
#49 = DIRECTION('',(0.,1.,0.));
#50 = DEFINITIONAL_REPRESENTATION('',(#51),#55);
#51 = CIRCLE('',#52,26.85);
#52 = AXIS2_PLACEMENT_2D('',#53,#54);
#53 = CARTESIAN_POINT('',(8.148619039341E-16,-5.336649226313E-16));
#54 = DIRECTION('',(1.,0.));
#55 = ( GEOMETRIC_REPRESENTATION_CONTEXT(2) 
PARAMETRIC_REPRESENTATION_CONTEXT() REPRESENTATION_CONTEXT('2D SPACE',''
  ) );
#56 = ORIENTED_EDGE('',*,*,#57,.T.);
#57 = EDGE_CURVE('',#22,#58,#60,.T.);
#58 = VERTEX_POINT('',#59);
#59 = CARTESIAN_POINT('',(147.5,26.85,0.));
#60 = SURFACE_CURVE('',#61,(#65,#72),.PCURVE_S1.);
#61 = LINE('',#62,#63);
#62 = CARTESIAN_POINT('',(1.,26.85,0.));
#63 = VECTOR('',#64,1.);
#64 = DIRECTION('',(1.,0.,0.));
#65 = PCURVE('',#33,#66);
#66 = DEFINITIONAL_REPRESENTATION('',(#67),#71);
#67 = LINE('',#68,#69);
#68 = CARTESIAN_POINT('',(-0.,0.));
#69 = VECTOR('',#70,1.);
#70 = DIRECTION('',(-0.,-1.));
#71 = ( GEOMETRIC_REPRESENTATION_CONTEXT(2) 
PARAMETRIC_REPRESENTATION_CONTEXT() REPRESENTATION_CONTEXT('2D SPACE',''
  ) );
#72 = PCURVE('',#73,#78);
#73 = CYLINDRICAL_SURFACE('',#74,26.85);
#74 = AXIS2_PLACEMENT_3D('',#75,#76,#77);
#75 = CARTESIAN_POINT('',(1.,0.,0.));
#76 = DIRECTION('',(-1.,-0.,-0.));
#77 = DIRECTION('',(0.,1.,0.));
#78 = DEFINITIONAL_REPRESENTATION('',(#79),#83);
#79 = LINE('',#80,#81);
#80 = CARTESIAN_POINT('',(-6.28318530718,0.));
#81 = VECTOR('',#82,1.);
#82 = DIRECTION('',(-0.,-1.));
#83 = ( GEOMETRIC_REPRESENTATION_CONTEXT(2) 
PARAMETRIC_REPRESENTATION_CONTEXT() REPRESENTATION_CONTEXT('2D SPACE',''
  ) );
#84 = ORIENTED_EDGE('',*,*,#85,.T.);
#85 = EDGE_CURVE('',#58,#86,#88,.T.);
#86 = VERTEX_POINT('',#87);
#87 = CARTESIAN_POINT('',(147.5,1.644088327855E-15,26.85));
#88 = SURFACE_CURVE('',#89,(#94,#101),.PCURVE_S1.);
#89 = CIRCLE('',#90,26.85);
#90 = AXIS2_PLACEMENT_3D('',#91,#92,#93);
#91 = CARTESIAN_POINT('',(147.5,0.,0.));
#92 = DIRECTION('',(1.,0.,0.));
#93 = DIRECTION('',(0.,1.,0.));
#94 = PCURVE('',#33,#95);
#95 = DEFINITIONAL_REPRESENTATION('',(#96),#100);
#96 = LINE('',#97,#98);
#97 = CARTESIAN_POINT('',(-0.,-146.5));
#98 = VECTOR('',#99,1.);
#99 = DIRECTION('',(-1.,0.));
#100 = ( GEOMETRIC_REPRESENTATION_CONTEXT(2) 
PARAMETRIC_REPRESENTATION_CONTEXT() REPRESENTATION_CONTEXT('2D SPACE',''
  ) );
#101 = PCURVE('',#102,#107);
#102 = PLANE('',#103);
#103 = AXIS2_PLACEMENT_3D('',#104,#105,#106);
#104 = CARTESIAN_POINT('',(147.5,-8.148619039341E-16,5.336649226313E-16)
  );
#105 = DIRECTION('',(1.,0.,0.));
#106 = DIRECTION('',(0.,1.,0.));
#107 = DEFINITIONAL_REPRESENTATION('',(#108),#112);
#108 = CIRCLE('',#109,26.85);
#109 = AXIS2_PLACEMENT_2D('',#110,#111);
#110 = CARTESIAN_POINT('',(8.148619039341E-16,-5.336649226313E-16));
#111 = DIRECTION('',(1.,0.));
#112 = ( GEOMETRIC_REPRESENTATION_CONTEXT(2) 
PARAMETRIC_REPRESENTATION_CONTEXT() REPRESENTATION_CONTEXT('2D SPACE',''
  ) );
#113 = ORIENTED_EDGE('',*,*,#114,.T.);
#114 = EDGE_CURVE('',#86,#24,#115,.T.);
#115 = SURFACE_CURVE('',#116,(#120,#126),.PCURVE_S1.);
#116 = LINE('',#117,#118);
#117 = CARTESIAN_POINT('',(1.,0.,26.85));
#118 = VECTOR('',#119,1.);
#119 = DIRECTION('',(-1.,-0.,-0.));
#120 = PCURVE('',#33,#121);
#121 = DEFINITIONAL_REPRESENTATION('',(#122),#125);
#122 = B_SPLINE_CURVE_WITH_KNOTS('',1,(#123,#124),.UNSPECIFIED.,.F.,.F.,
  (2,2),(-146.5000006,6.000000000173E-07),.PIECEWISE_BEZIER_KNOTS.);
#123 = CARTESIAN_POINT('',(-1.570796326795,-146.5000006));
#124 = CARTESIAN_POINT('',(-1.570796326795,6.000000000173E-07));
#125 = ( GEOMETRIC_REPRESENTATION_CONTEXT(2) 
PARAMETRIC_REPRESENTATION_CONTEXT() REPRESENTATION_CONTEXT('2D SPACE',''
  ) );
#126 = PCURVE('',#127,#132);
#127 = PLANE('',#128);
#128 = AXIS2_PLACEMENT_3D('',#129,#130,#131);
#129 = CARTESIAN_POINT('',(-10.,0.,-200.));
#130 = DIRECTION('',(0.,1.,0.));
#131 = DIRECTION('',(0.,0.,1.));
#132 = DEFINITIONAL_REPRESENTATION('',(#133),#136);
#133 = B_SPLINE_CURVE_WITH_KNOTS('',1,(#134,#135),.UNSPECIFIED.,.F.,.F.,
  (2,2),(-146.5000006,6.000000000173E-07),.PIECEWISE_BEZIER_KNOTS.);
#134 = CARTESIAN_POINT('',(226.85,157.5000006));
#135 = CARTESIAN_POINT('',(226.85,10.9999994));
#136 = ( GEOMETRIC_REPRESENTATION_CONTEXT(2) 
PARAMETRIC_REPRESENTATION_CONTEXT() REPRESENTATION_CONTEXT('2D SPACE',''
  ) );
#137 = FACE_BOUND('',#138,.F.);
#138 = EDGE_LOOP('',(#139));
#139 = ORIENTED_EDGE('',*,*,#140,.T.);
#140 = EDGE_CURVE('',#141,#141,#143,.T.);
#141 = VERTEX_POINT('',#142);
#142 = CARTESIAN_POINT('',(117.25,18.985817074859,18.985817074859));
#143 = SURFACE_CURVE('',#144,(#203,#265),.PCURVE_S1.);
#144 = B_SPLINE_CURVE_WITH_KNOTS('',8,(#145,#146,#147,#148,#149,#150,
    #151,#152,#153,#154,#155,#156,#157,#158,#159,#160,#161,#162,#163,
    #164,#165,#166,#167,#168,#169,#170,#171,#172,#173,#174,#175,#176,
    #177,#178,#179,#180,#181,#182,#183,#184,#185,#186,#187,#188,#189,
    #190,#191,#192,#193,#194,#195,#196,#197,#198,#199,#200,#201,#202),
  .UNSPECIFIED.,.T.,.F.,(9,7,7,7,7,7,7,7,9),(0.,0.137051579348,
    0.279857658776,0.450918615604,0.5969385072,0.691284020574,
    0.795106431586,0.899680492601,1.),.UNSPECIFIED.);
#145 = CARTESIAN_POINT('',(117.25,18.985817074859,18.985817074859));
#146 = CARTESIAN_POINT('',(117.25,19.171016332685,18.800617817032));
#147 = CARTESIAN_POINT('',(117.21515716877,19.349830073081,
    18.617674791581));
#148 = CARTESIAN_POINT('',(117.14831459336,19.518712722633,
    18.440870995441));
#149 = CARTESIAN_POINT('',(117.05312179405,19.674856714575,
    18.273800682794));
#150 = CARTESIAN_POINT('',(116.93400244067,19.816189681251,
    18.119628856751));
#151 = CARTESIAN_POINT('',(116.79610994589,19.941367427314,
    17.98086286999));
#152 = CARTESIAN_POINT('',(116.64527532314,20.049792865433,
    17.859104677973));
#153 = CARTESIAN_POINT('',(116.32402239122,20.237447935538,
    17.646222565899));
#154 = CARTESIAN_POINT('',(116.14919566048,20.317510564158,
    17.554047043053));
#155 = CARTESIAN_POINT('',(115.96650924132,20.382802714643,
    17.478019274213));
#156 = CARTESIAN_POINT('',(115.77824330205,20.434143317273,
    17.417743945219));
#157 = CARTESIAN_POINT('',(115.58615107275,20.472190342543,
    17.372834031709));
#158 = CARTESIAN_POINT('',(115.39163431875,20.497406200078,
    17.342987657484));
#159 = CARTESIAN_POINT('',(115.19588319257,20.510028288183,
    17.328047772843));
#160 = CARTESIAN_POINT('',(114.76536036502,20.510028288183,
    17.328047772843));
#161 = CARTESIAN_POINT('',(114.53105456168,20.491916793858,
    17.349484882237));
#162 = CARTESIAN_POINT('',(114.29882497839,20.455785729685,
    17.392251641894));
#163 = CARTESIAN_POINT('',(114.07062757548,20.401096176273,
    17.456728154284));
#164 = CARTESIAN_POINT('',(113.84906263796,20.326871650459,
    17.543571125869));
#165 = CARTESIAN_POINT('',(113.63763935325,20.231780174084,
    17.653526072616));
#166 = CARTESIAN_POINT('',(113.44113945875,20.114260498637,
    17.787180658579));
#167 = CARTESIAN_POINT('',(113.11713851954,19.852136151176,
    18.078932850356));
#168 = CARTESIAN_POINT('',(112.97824818692,19.70956621678,
    18.235539858006));
#169 = CARTESIAN_POINT('',(112.86166924953,19.546613692118,
    18.411500198047));
#170 = CARTESIAN_POINT('',(112.77640121632,19.366513727819,
    18.601861382725));
#171 = CARTESIAN_POINT('',(112.72843795817,19.174104524993,
    18.800191863313));
#172 = CARTESIAN_POINT('',(112.72065324402,18.9754463379,18.999703126279
    ));
#173 = CARTESIAN_POINT('',(112.75266902425,18.77725919447,
    19.193937795923));
#174 = CARTESIAN_POINT('',(112.86463583522,18.462475174565,
    19.495866765614));
#175 = CARTESIAN_POINT('',(112.92394775276,18.340885489393,
    19.610762437815));
#176 = CARTESIAN_POINT('',(112.99820841272,18.222497924275,
    19.720996135693));
#177 = CARTESIAN_POINT('',(113.08680107918,18.108547458902,
    19.825609413164));
#178 = CARTESIAN_POINT('',(113.18892007311,18.000243944088,
    19.923738594481));
#179 = CARTESIAN_POINT('',(113.3035829116,17.898744145796,
    20.014618677802));
#180 = CARTESIAN_POINT('',(113.42964202087,17.805119603974,
    20.097585824115));
#181 = CARTESIAN_POINT('',(113.71562653721,17.627003017046,
    20.254053735089));
#182 = CARTESIAN_POINT('',(113.87767115573,17.544379884285,
    20.325760781595));
#183 = CARTESIAN_POINT('',(114.05020250018,17.473707572933,20.3864595457
    ));
#184 = CARTESIAN_POINT('',(114.23132062113,17.416041820198,
    20.435584428291));
#185 = CARTESIAN_POINT('',(114.41899753926,17.372207453698,
    20.472719906003));
#186 = CARTESIAN_POINT('',(114.61111763654,17.342775555629,
    20.497585246317));
#187 = CARTESIAN_POINT('',(114.80551389739,17.328047772843,
    20.510028288183));
#188 = CARTESIAN_POINT('',(115.19589413655,17.328047772843,
    20.510028288183));
#189 = CARTESIAN_POINT('',(115.39164494305,17.342989295567,
    20.497404813984));
#190 = CARTESIAN_POINT('',(115.58615660171,17.372836075666,
    20.472188619334));
#191 = CARTESIAN_POINT('',(115.77824372186,17.417744823919,
    20.434142551058));
#192 = CARTESIAN_POINT('',(115.96650719844,17.47801864892,20.38280322666
    ));
#193 = CARTESIAN_POINT('',(116.14919406561,17.554046032266,
    20.317511455116));
#194 = CARTESIAN_POINT('',(116.32402232106,17.646222519405,
    20.237447976522));
#195 = CARTESIAN_POINT('',(116.64521167216,17.859062498883,20.0498300462
    ));
#196 = CARTESIAN_POINT('',(116.79606839309,17.980817664126,
    19.941408162214));
#197 = CARTESIAN_POINT('',(116.93401056936,18.119615868141,
    19.816202635996));
#198 = CARTESIAN_POINT('',(117.0531685635,18.273839998621,19.67482226215
    ));
#199 = CARTESIAN_POINT('',(117.14836953875,18.440960261053,
    19.518629978588));
#200 = CARTESIAN_POINT('',(117.21518976009,18.617786960395,
    19.349721764036));
#201 = CARTESIAN_POINT('',(117.25,18.800704440923,19.170929708794));
#202 = CARTESIAN_POINT('',(117.25,18.985817074859,18.985817074859));
#203 = PCURVE('',#33,#204);
#204 = DEFINITIONAL_REPRESENTATION('',(#205),#264);
#205 = B_SPLINE_CURVE_WITH_KNOTS('',8,(#206,#207,#208,#209,#210,#211,
    #212,#213,#214,#215,#216,#217,#218,#219,#220,#221,#222,#223,#224,
    #225,#226,#227,#228,#229,#230,#231,#232,#233,#234,#235,#236,#237,
    #238,#239,#240,#241,#242,#243,#244,#245,#246,#247,#248,#249,#250,
    #251,#252,#253,#254,#255,#256,#257,#258,#259,#260,#261,#262,#263),
  .UNSPECIFIED.,.T.,.F.,(9,7,7,7,7,7,7,7,9),(0.,0.137051579348,
    0.279857658776,0.450918615604,0.5969385072,0.691284020574,
    0.795106431586,0.899680492601,1.),.UNSPECIFIED.);
#206 = CARTESIAN_POINT('',(-0.785398163397,-116.25));
#207 = CARTESIAN_POINT('',(-0.775643552516,-116.25));
#208 = CARTESIAN_POINT('',(-0.766116524063,-116.2151571687));
#209 = CARTESIAN_POINT('',(-0.757011310659,-116.1483145933));
#210 = CARTESIAN_POINT('',(-0.74849533475,-116.053121794));
#211 = CARTESIAN_POINT('',(-0.740706288869,-115.9340024406));
#212 = CARTESIAN_POINT('',(-0.733746246655,-115.7961099458));
#213 = CARTESIAN_POINT('',(-0.727674176015,-115.6452753231));
#214 = CARTESIAN_POINT('',(-0.717104948682,-115.3240223912));
#215 = CARTESIAN_POINT('',(-0.712557898046,-115.1491956604));
#216 = CARTESIAN_POINT('',(-0.708825523983,-114.9665092413));
#217 = CARTESIAN_POINT('',(-0.70587668827,-114.778243302));
#218 = CARTESIAN_POINT('',(-0.703684519738,-114.5861510727));
#219 = CARTESIAN_POINT('',(-0.702229312184,-114.3916343187));
#220 = CARTESIAN_POINT('',(-0.701500893337,-114.1958831925));
#221 = CARTESIAN_POINT('',(-0.701500893337,-113.765360365));
#222 = CARTESIAN_POINT('',(-0.702546099481,-113.5310545616));
#223 = CARTESIAN_POINT('',(-0.704631244809,-113.2988249783));
#224 = CARTESIAN_POINT('',(-0.7077800959,-113.0706275754));
#225 = CARTESIAN_POINT('',(-0.712034812512,-112.8490626379));
#226 = CARTESIAN_POINT('',(-0.71744874879,-112.6376393532));
#227 = CARTESIAN_POINT('',(-0.724076789118,-112.4411394587));
#228 = CARTESIAN_POINT('',(-0.738684229875,-112.1171385195));
#229 = CARTESIAN_POINT('',(-0.746571685854,-111.9782481869));
#230 = CARTESIAN_POINT('',(-0.755503132875,-111.8616692495));
#231 = CARTESIAN_POINT('',(-0.765261951243,-111.7764012163));
#232 = CARTESIAN_POINT('',(-0.775551721519,-111.7284379581));
#233 = CARTESIAN_POINT('',(-0.786036418646,-111.720653244));
#234 = CARTESIAN_POINT('',(-0.796370946618,-111.7526690242));
#235 = CARTESIAN_POINT('',(-0.812615887537,-111.8646358352));
#236 = CARTESIAN_POINT('',(-0.818846156787,-111.9239477527));
#237 = CARTESIAN_POINT('',(-0.824870562336,-111.9982084127));
#238 = CARTESIAN_POINT('',(-0.830631520798,-112.0868010791));
#239 = CARTESIAN_POINT('',(-0.836074416787,-112.1889200731));
#240 = CARTESIAN_POINT('',(-0.841148426459,-112.3035829116));
#241 = CARTESIAN_POINT('',(-0.845807465447,-112.4296420208));
#242 = CARTESIAN_POINT('',(-0.854637323388,-112.7156265372));
#243 = CARTESIAN_POINT('',(-0.858711756884,-112.8776711557));
#244 = CARTESIAN_POINT('',(-0.86218136886,-113.0502025001));
#245 = CARTESIAN_POINT('',(-0.865002700718,-113.2313206211));
#246 = CARTESIAN_POINT('',(-0.867142359564,-113.4189975392));
#247 = CARTESIAN_POINT('',(-0.868577353886,-113.6111176365));
#248 = CARTESIAN_POINT('',(-0.869295433458,-113.8055138973));
#249 = CARTESIAN_POINT('',(-0.869295433458,-114.1958941365));
#250 = CARTESIAN_POINT('',(-0.868566934697,-114.391644943));
#251 = CARTESIAN_POINT('',(-0.867111707482,-114.5861566017));
#252 = CARTESIAN_POINT('',(-0.864919595105,-114.7782437218));
#253 = CARTESIAN_POINT('',(-0.861970832912,-114.9665071984));
#254 = CARTESIAN_POINT('',(-0.858238478923,-115.1491940656));
#255 = CARTESIAN_POINT('',(-0.853691380421,-115.324022321));
#256 = CARTESIAN_POINT('',(-0.843124244898,-115.6452116721));
#257 = CARTESIAN_POINT('',(-0.837052346407,-115.796068393));
#258 = CARTESIAN_POINT('',(-0.830090719957,-115.9340105693));
#259 = CARTESIAN_POINT('',(-0.822299045923,-116.0531685635));
#260 = CARTESIAN_POINT('',(-0.813780484046,-116.1483695387));
#261 = CARTESIAN_POINT('',(-0.804673996385,-116.21518976));
#262 = CARTESIAN_POINT('',(-0.795148211721,-116.25));
#263 = CARTESIAN_POINT('',(-0.785398163397,-116.25));
#264 = ( GEOMETRIC_REPRESENTATION_CONTEXT(2) 
PARAMETRIC_REPRESENTATION_CONTEXT() REPRESENTATION_CONTEXT('2D SPACE',''
  ) );
#265 = PCURVE('',#266,#271);
#266 = CYLINDRICAL_SURFACE('',#267,2.25);
#267 = AXIS2_PLACEMENT_3D('',#268,#269,#270);
#268 = CARTESIAN_POINT('',(115.,18.773685040503,18.773685040503));
#269 = DIRECTION('',(-0.,-0.707106781187,-0.707106781187));
#270 = DIRECTION('',(1.,0.,-0.));
#271 = DEFINITIONAL_REPRESENTATION('',(#272),#331);
#272 = B_SPLINE_CURVE_WITH_KNOTS('',8,(#273,#274,#275,#276,#277,#278,
    #279,#280,#281,#282,#283,#284,#285,#286,#287,#288,#289,#290,#291,
    #292,#293,#294,#295,#296,#297,#298,#299,#300,#301,#302,#303,#304,
    #305,#306,#307,#308,#309,#310,#311,#312,#313,#314,#315,#316,#317,
    #318,#319,#320,#321,#322,#323,#324,#325,#326,#327,#328,#329,#330),
  .UNSPECIFIED.,.F.,.F.,(9,7,7,7,7,7,7,7,9),(0.,0.137051579348,
    0.279857658776,0.450918615604,0.5969385072,0.691284020574,
    0.795106431586,0.899680492601,1.),.UNSPECIFIED.);
#273 = CARTESIAN_POINT('',(0.,-0.3));
#274 = CARTESIAN_POINT('',(-0.116405023182,-0.3));
#275 = CARTESIAN_POINT('',(-0.230094134867,-0.297080154536));
#276 = CARTESIAN_POINT('',(-0.341136590164,-0.291479058069));
#277 = CARTESIAN_POINT('',(-0.449452723889,-0.283752982604));
#278 = CARTESIAN_POINT('',(-0.554829857474,-0.274674538083));
#279 = CARTESIAN_POINT('',(-0.65689017256,-0.265066200942));
#280 = CARTESIAN_POINT('',(-0.755015005437,-0.255638520249));
#281 = CARTESIAN_POINT('',(-0.945358924672,-0.237800307803));
#282 = CARTESIAN_POINT('',(-1.039439535279,-0.229235198156));
#283 = CARTESIAN_POINT('',(-1.131110339682,-0.221643969617));
#284 = CARTESIAN_POINT('',(-1.220894353998,-0.215326164017));
#285 = CARTESIAN_POINT('',(-1.309278924117,-0.210473369204));
#286 = CARTESIAN_POINT('',(-1.396736753569,-0.207199099452));
#287 = CARTESIAN_POINT('',(-1.483737130093,-0.205560169804));
#288 = CARTESIAN_POINT('',(-1.675080609005,-0.205560169804));
#289 = CARTESIAN_POINT('',(-1.779216122092,-0.207911734771));
#290 = CARTESIAN_POINT('',(-1.884158884526,-0.212603880046));
#291 = CARTESIAN_POINT('',(-1.990742070663,-0.219524305106));
#292 = CARTESIAN_POINT('',(-2.099773064714,-0.228446893679));
#293 = CARTESIAN_POINT('',(-2.212076200955,-0.238956954371));
#294 = CARTESIAN_POINT('',(-2.32856681986,-0.25036605901));
#295 = CARTESIAN_POINT('',(-2.554476763225,-0.271316108638));
#296 = CARTESIAN_POINT('',(-2.666269919764,-0.281241818324));
#297 = CARTESIAN_POINT('',(-2.783078473049,-0.290439732787));
#298 = CARTESIAN_POINT('',(-2.903169096869,-0.2976955113));
#299 = CARTESIAN_POINT('',(-3.025293342482,-0.301882486959));
#300 = CARTESIAN_POINT('',(-3.148369932077,-0.302485702693));
#301 = CARTESIAN_POINT('',(-3.271360616024,-0.299690881677));
#302 = CARTESIAN_POINT('',(-3.471461342524,-0.290600988498));
#303 = CARTESIAN_POINT('',(-3.550002211255,-0.285867606533));
#304 = CARTESIAN_POINT('',(-3.628540125022,-0.280101951715));
#305 = CARTESIAN_POINT('',(-3.707076859421,-0.273499562832));
#306 = CARTESIAN_POINT('',(-3.78561569079,-0.266305222622));
#307 = CARTESIAN_POINT('',(-3.864158496284,-0.258795950152));
#308 = CARTESIAN_POINT('',(-3.942702775921,-0.251260033517));
#309 = CARTESIAN_POINT('',(-4.107663249571,-0.235952107948));
#310 = CARTESIAN_POINT('',(-4.194071223484,-0.228233269332));
#311 = CARTESIAN_POINT('',(-4.280455342057,-0.221180906442));
#312 = CARTESIAN_POINT('',(-4.366821036163,-0.215141599245));
#313 = CARTESIAN_POINT('',(-4.453181320783,-0.210404769557));
#314 = CARTESIAN_POINT('',(-4.539552516077,-0.207175725602));
#315 = CARTESIAN_POINT('',(-4.625950712559,-0.205560169804));
#316 = CARTESIAN_POINT('',(-4.799453041077,-0.205560169804));
#317 = CARTESIAN_POINT('',(-4.886453263085,-0.207199277635));
#318 = CARTESIAN_POINT('',(-4.973909017958,-0.210473596007));
#319 = CARTESIAN_POINT('',(-5.062291347615,-0.215326243556));
#320 = CARTESIAN_POINT('',(-5.152074030981,-0.221643889519));
#321 = CARTESIAN_POINT('',(-5.243744850935,-0.229235113424));
#322 = CARTESIAN_POINT('',(-5.337826340936,-0.237800303907));
#323 = CARTESIAN_POINT('',(-5.528132588225,-0.2556349859));
#324 = CARTESIAN_POINT('',(-5.626263430927,-0.265063039492));
#325 = CARTESIAN_POINT('',(-5.72835123422,-0.274674514137));
#326 = CARTESIAN_POINT('',(-5.83376199864,-0.283756421549));
#327 = CARTESIAN_POINT('',(-5.942106109072,-0.291483669512));
#328 = CARTESIAN_POINT('',(-6.053160471634,-0.297082883805));
#329 = CARTESIAN_POINT('',(-6.166834730523,-0.3));
#330 = CARTESIAN_POINT('',(-6.28318530718,-0.3));
#331 = ( GEOMETRIC_REPRESENTATION_CONTEXT(2) 
PARAMETRIC_REPRESENTATION_CONTEXT() REPRESENTATION_CONTEXT('2D SPACE',''
  ) );
#332 = FACE_BOUND('',#333,.F.);
#333 = EDGE_LOOP('',(#334));
#334 = ORIENTED_EDGE('',*,*,#335,.T.);
#335 = EDGE_CURVE('',#336,#336,#338,.T.);
#336 = VERTEX_POINT('',#337);
#337 = CARTESIAN_POINT('',(37.25,18.985817074859,18.985817074859));
#338 = SURFACE_CURVE('',#339,(#398,#460),.PCURVE_S1.);
#339 = B_SPLINE_CURVE_WITH_KNOTS('',8,(#340,#341,#342,#343,#344,#345,
    #346,#347,#348,#349,#350,#351,#352,#353,#354,#355,#356,#357,#358,
    #359,#360,#361,#362,#363,#364,#365,#366,#367,#368,#369,#370,#371,
    #372,#373,#374,#375,#376,#377,#378,#379,#380,#381,#382,#383,#384,
    #385,#386,#387,#388,#389,#390,#391,#392,#393,#394,#395,#396,#397),
  .UNSPECIFIED.,.T.,.F.,(9,7,7,7,7,7,7,7,9),(0.,0.137051580617,
    0.279857661374,0.450918619794,0.596938512748,0.691284025669,
    0.79510643496,0.899680494236,1.),.UNSPECIFIED.);
#340 = CARTESIAN_POINT('',(37.25,18.985817074859,18.985817074859));
#341 = CARTESIAN_POINT('',(37.25,19.171016332679,18.800617817039));
#342 = CARTESIAN_POINT('',(37.215157168774,19.349830073086,
    18.617674791577));
#343 = CARTESIAN_POINT('',(37.148314593363,19.518712722639,
    18.440870995434));
#344 = CARTESIAN_POINT('',(37.05312179405,19.674856714574,
    18.273800682794));
#345 = CARTESIAN_POINT('',(36.934002440679,19.816189681246,
    18.119628856757));
#346 = CARTESIAN_POINT('',(36.796109945903,19.941367427312,
    17.980862869993));
#347 = CARTESIAN_POINT('',(36.645275323142,20.049792865438,
    17.859104677968));
#348 = CARTESIAN_POINT('',(36.324022391224,20.237447935538,
    17.646222565899));
#349 = CARTESIAN_POINT('',(36.149195660484,20.317510564158,
    17.554047043053));
#350 = CARTESIAN_POINT('',(35.966509241328,20.382802714644,
    17.478019274213));
#351 = CARTESIAN_POINT('',(35.778243302051,20.434143317273,
    17.417743945219));
#352 = CARTESIAN_POINT('',(35.586151072755,20.472190342543,
    17.372834031709));
#353 = CARTESIAN_POINT('',(35.39163431875,20.497406200078,
    17.342987657484));
#354 = CARTESIAN_POINT('',(35.195883192579,20.510028288183,
    17.328047772843));
#355 = CARTESIAN_POINT('',(34.765360365027,20.510028288183,
    17.328047772843));
#356 = CARTESIAN_POINT('',(34.531054561684,20.491916793858,
    17.349484882237));
#357 = CARTESIAN_POINT('',(34.298824978391,20.455785729685,
    17.392251641894));
#358 = CARTESIAN_POINT('',(34.070627575486,20.401096176273,
    17.456728154284));
#359 = CARTESIAN_POINT('',(33.849062637963,20.326871650459,
    17.54357112587));
#360 = CARTESIAN_POINT('',(33.637639353252,20.231780174085,
    17.653526072616));
#361 = CARTESIAN_POINT('',(33.441139458749,20.114260498637,
    17.787180658579));
#362 = CARTESIAN_POINT('',(33.117138519546,19.852136151176,
    18.078932850355));
#363 = CARTESIAN_POINT('',(32.978248186921,19.709566216779,
    18.235539858006));
#364 = CARTESIAN_POINT('',(32.861669249537,19.546613692118,
    18.411500198047));
#365 = CARTESIAN_POINT('',(32.776401216325,19.366513727819,
    18.601861382725));
#366 = CARTESIAN_POINT('',(32.72843795818,19.174104524993,
    18.800191863313));
#367 = CARTESIAN_POINT('',(32.720653244028,18.9754463379,18.999703126279
    ));
#368 = CARTESIAN_POINT('',(32.752669024258,18.77725919447,
    19.193937795923));
#369 = CARTESIAN_POINT('',(32.864635834601,18.462475176308,
    19.495866763941));
#370 = CARTESIAN_POINT('',(32.923947754481,18.34088548685,
    19.610762440195));
#371 = CARTESIAN_POINT('',(32.998208412271,18.222497923942,
    19.720996136051));
#372 = CARTESIAN_POINT('',(33.086801077355,18.108547461113,
    19.825609411118));
#373 = CARTESIAN_POINT('',(33.188920073549,18.000243944426,
    19.923738594122));
#374 = CARTESIAN_POINT('',(33.303582913787,17.898744143606,
    20.014618679806));
#375 = CARTESIAN_POINT('',(33.429642019268,17.805119604976,
    20.097585823234));
#376 = CARTESIAN_POINT('',(33.715626537219,17.627003017042,
    20.254053735094));
#377 = CARTESIAN_POINT('',(33.877671155746,17.54437988428,
    20.325760781599));
#378 = CARTESIAN_POINT('',(34.050202500194,17.473707572931,
    20.386459545702));
#379 = CARTESIAN_POINT('',(34.231320621135,17.416041820199,
    20.43558442829));
#380 = CARTESIAN_POINT('',(34.418997539259,17.3722074537,20.472719906001
    ));
#381 = CARTESIAN_POINT('',(34.611117636528,17.342775555631,
    20.497585246315));
#382 = CARTESIAN_POINT('',(34.805513897382,17.328047772843,
    20.510028288183));
#383 = CARTESIAN_POINT('',(35.195894136559,17.328047772843,
    20.510028288183));
#384 = CARTESIAN_POINT('',(35.391644943052,17.342989295567,
    20.497404813984));
#385 = CARTESIAN_POINT('',(35.586156601719,17.372836075666,
    20.472188619335));
#386 = CARTESIAN_POINT('',(35.778243721866,17.417744823919,
    20.434142551058));
#387 = CARTESIAN_POINT('',(35.966507198446,17.478018648921,
    20.38280322666));
#388 = CARTESIAN_POINT('',(36.149194065611,17.554046032266,
    20.317511455117));
#389 = CARTESIAN_POINT('',(36.324022321062,17.646222519405,
    20.237447976522));
#390 = CARTESIAN_POINT('',(36.645211672215,17.859062498917,
    20.049830046169));
#391 = CARTESIAN_POINT('',(36.796068393062,17.980817664117,
    19.941408162221));
#392 = CARTESIAN_POINT('',(36.934010569332,18.119615868102,
    19.81620263603));
#393 = CARTESIAN_POINT('',(37.053168563521,18.273839998609,
    19.674822262162));
#394 = CARTESIAN_POINT('',(37.148369538772,18.440960261083,
    19.51862997856));
#395 = CARTESIAN_POINT('',(37.215189760085,18.61778696042,19.34972176401
    ));
#396 = CARTESIAN_POINT('',(37.25,18.800704440898,19.170929708819));
#397 = CARTESIAN_POINT('',(37.25,18.985817074859,18.985817074859));
#398 = PCURVE('',#33,#399);
#399 = DEFINITIONAL_REPRESENTATION('',(#400),#459);
#400 = B_SPLINE_CURVE_WITH_KNOTS('',8,(#401,#402,#403,#404,#405,#406,
    #407,#408,#409,#410,#411,#412,#413,#414,#415,#416,#417,#418,#419,
    #420,#421,#422,#423,#424,#425,#426,#427,#428,#429,#430,#431,#432,
    #433,#434,#435,#436,#437,#438,#439,#440,#441,#442,#443,#444,#445,
    #446,#447,#448,#449,#450,#451,#452,#453,#454,#455,#456,#457,#458),
  .UNSPECIFIED.,.T.,.F.,(9,7,7,7,7,7,7,7,9),(0.,0.137051580617,
    0.279857661374,0.450918619794,0.596938512748,0.691284025669,
    0.79510643496,0.899680494236,1.),.UNSPECIFIED.);
#401 = CARTESIAN_POINT('',(-0.785398163397,-36.25));
#402 = CARTESIAN_POINT('',(-0.775643552517,-36.25));
#403 = CARTESIAN_POINT('',(-0.766116524063,-36.21515716877));
#404 = CARTESIAN_POINT('',(-0.757011310659,-36.14831459336));
#405 = CARTESIAN_POINT('',(-0.74849533475,-36.05312179405));
#406 = CARTESIAN_POINT('',(-0.740706288869,-35.93400244067));
#407 = CARTESIAN_POINT('',(-0.733746246655,-35.7961099459));
#408 = CARTESIAN_POINT('',(-0.727674176015,-35.64527532314));
#409 = CARTESIAN_POINT('',(-0.717104948682,-35.32402239122));
#410 = CARTESIAN_POINT('',(-0.712557898046,-35.14919566048));
#411 = CARTESIAN_POINT('',(-0.708825523983,-34.96650924132));
#412 = CARTESIAN_POINT('',(-0.70587668827,-34.77824330205));
#413 = CARTESIAN_POINT('',(-0.703684519738,-34.58615107275));
#414 = CARTESIAN_POINT('',(-0.702229312184,-34.39163431875));
#415 = CARTESIAN_POINT('',(-0.701500893337,-34.19588319257));
#416 = CARTESIAN_POINT('',(-0.701500893337,-33.76536036502));
#417 = CARTESIAN_POINT('',(-0.702546099481,-33.53105456168));
#418 = CARTESIAN_POINT('',(-0.704631244809,-33.29882497839));
#419 = CARTESIAN_POINT('',(-0.7077800959,-33.07062757548));
#420 = CARTESIAN_POINT('',(-0.712034812512,-32.84906263796));
#421 = CARTESIAN_POINT('',(-0.71744874879,-32.63763935325));
#422 = CARTESIAN_POINT('',(-0.724076789118,-32.44113945874));
#423 = CARTESIAN_POINT('',(-0.738684229875,-32.11713851954));
#424 = CARTESIAN_POINT('',(-0.746571685854,-31.97824818692));
#425 = CARTESIAN_POINT('',(-0.755503132875,-31.86166924953));
#426 = CARTESIAN_POINT('',(-0.765261951243,-31.77640121632));
#427 = CARTESIAN_POINT('',(-0.775551721519,-31.72843795818));
#428 = CARTESIAN_POINT('',(-0.786036418646,-31.72065324402));
#429 = CARTESIAN_POINT('',(-0.796370946618,-31.75266902425));
#430 = CARTESIAN_POINT('',(-0.812615887447,-31.8646358346));
#431 = CARTESIAN_POINT('',(-0.818846156916,-31.92394775448));
#432 = CARTESIAN_POINT('',(-0.824870562354,-31.99820841227));
#433 = CARTESIAN_POINT('',(-0.830631520685,-32.08680107735));
#434 = CARTESIAN_POINT('',(-0.836074416769,-32.18892007354));
#435 = CARTESIAN_POINT('',(-0.841148426569,-32.30358291378));
#436 = CARTESIAN_POINT('',(-0.845807465397,-32.42964201926));
#437 = CARTESIAN_POINT('',(-0.854637323388,-32.71562653721));
#438 = CARTESIAN_POINT('',(-0.858711756884,-32.87767115574));
#439 = CARTESIAN_POINT('',(-0.86218136886,-33.05020250019));
#440 = CARTESIAN_POINT('',(-0.865002700718,-33.23132062113));
#441 = CARTESIAN_POINT('',(-0.867142359563,-33.41899753925));
#442 = CARTESIAN_POINT('',(-0.868577353886,-33.61111763652));
#443 = CARTESIAN_POINT('',(-0.869295433458,-33.80551389738));
#444 = CARTESIAN_POINT('',(-0.869295433458,-34.19589413655));
#445 = CARTESIAN_POINT('',(-0.868566934697,-34.39164494305));
#446 = CARTESIAN_POINT('',(-0.867111707482,-34.58615660171));
#447 = CARTESIAN_POINT('',(-0.864919595105,-34.77824372186));
#448 = CARTESIAN_POINT('',(-0.861970832912,-34.96650719844));
#449 = CARTESIAN_POINT('',(-0.858238478923,-35.14919406561));
#450 = CARTESIAN_POINT('',(-0.853691380421,-35.32402232106));
#451 = CARTESIAN_POINT('',(-0.843124244897,-35.64521167221));
#452 = CARTESIAN_POINT('',(-0.837052346407,-35.79606839306));
#453 = CARTESIAN_POINT('',(-0.830090719959,-35.93401056933));
#454 = CARTESIAN_POINT('',(-0.822299045923,-36.05316856352));
#455 = CARTESIAN_POINT('',(-0.813780484045,-36.14836953877));
#456 = CARTESIAN_POINT('',(-0.804673996384,-36.21518976008));
#457 = CARTESIAN_POINT('',(-0.795148211722,-36.25));
#458 = CARTESIAN_POINT('',(-0.785398163397,-36.25));
#459 = ( GEOMETRIC_REPRESENTATION_CONTEXT(2) 
PARAMETRIC_REPRESENTATION_CONTEXT() REPRESENTATION_CONTEXT('2D SPACE',''
  ) );
#460 = PCURVE('',#461,#466);
#461 = CYLINDRICAL_SURFACE('',#462,2.25);
#462 = AXIS2_PLACEMENT_3D('',#463,#464,#465);
#463 = CARTESIAN_POINT('',(35.,18.773685040503,18.773685040503));
#464 = DIRECTION('',(-0.,-0.707106781187,-0.707106781187));
#465 = DIRECTION('',(1.,0.,-0.));
#466 = DEFINITIONAL_REPRESENTATION('',(#467),#526);
#467 = B_SPLINE_CURVE_WITH_KNOTS('',8,(#468,#469,#470,#471,#472,#473,
    #474,#475,#476,#477,#478,#479,#480,#481,#482,#483,#484,#485,#486,
    #487,#488,#489,#490,#491,#492,#493,#494,#495,#496,#497,#498,#499,
    #500,#501,#502,#503,#504,#505,#506,#507,#508,#509,#510,#511,#512,
    #513,#514,#515,#516,#517,#518,#519,#520,#521,#522,#523,#524,#525),
  .UNSPECIFIED.,.F.,.F.,(9,7,7,7,7,7,7,7,9),(0.,0.137051580617,
    0.279857661374,0.450918619794,0.596938512748,0.691284025669,
    0.79510643496,0.899680494236,1.),.UNSPECIFIED.);
#468 = CARTESIAN_POINT('',(0.,-0.3));
#469 = CARTESIAN_POINT('',(-0.116405023178,-0.3));
#470 = CARTESIAN_POINT('',(-0.23009413487,-0.297080154536));
#471 = CARTESIAN_POINT('',(-0.341136590167,-0.291479058068));
#472 = CARTESIAN_POINT('',(-0.449452723889,-0.283752982604));
#473 = CARTESIAN_POINT('',(-0.554829857471,-0.274674538084));
#474 = CARTESIAN_POINT('',(-0.656890172557,-0.265066200942));
#475 = CARTESIAN_POINT('',(-0.755015005441,-0.255638520248));
#476 = CARTESIAN_POINT('',(-0.945358924672,-0.237800307803));
#477 = CARTESIAN_POINT('',(-1.039439535278,-0.229235198156));
#478 = CARTESIAN_POINT('',(-1.131110339682,-0.221643969617));
#479 = CARTESIAN_POINT('',(-1.220894353998,-0.215326164017));
#480 = CARTESIAN_POINT('',(-1.309278924117,-0.210473369204));
#481 = CARTESIAN_POINT('',(-1.396736753569,-0.207199099452));
#482 = CARTESIAN_POINT('',(-1.483737130093,-0.205560169804));
#483 = CARTESIAN_POINT('',(-1.675080609005,-0.205560169804));
#484 = CARTESIAN_POINT('',(-1.779216122092,-0.207911734771));
#485 = CARTESIAN_POINT('',(-1.884158884526,-0.212603880046));
#486 = CARTESIAN_POINT('',(-1.990742070663,-0.219524305106));
#487 = CARTESIAN_POINT('',(-2.099773064714,-0.228446893679));
#488 = CARTESIAN_POINT('',(-2.212076200955,-0.238956954371));
#489 = CARTESIAN_POINT('',(-2.32856681986,-0.25036605901));
#490 = CARTESIAN_POINT('',(-2.554476763225,-0.271316108638));
#491 = CARTESIAN_POINT('',(-2.666269919764,-0.281241818324));
#492 = CARTESIAN_POINT('',(-2.783078473047,-0.290439732787));
#493 = CARTESIAN_POINT('',(-2.903169096871,-0.2976955113));
#494 = CARTESIAN_POINT('',(-3.025293342481,-0.301882486959));
#495 = CARTESIAN_POINT('',(-3.148369932078,-0.302485702693));
#496 = CARTESIAN_POINT('',(-3.271360616024,-0.299690881677));
#497 = CARTESIAN_POINT('',(-3.471461341416,-0.290600988548));
#498 = CARTESIAN_POINT('',(-3.550002213042,-0.285867606418));
#499 = CARTESIAN_POINT('',(-3.628540125105,-0.280101951732));
#500 = CARTESIAN_POINT('',(-3.707076857795,-0.273499562949));
#501 = CARTESIAN_POINT('',(-3.785615690709,-0.266305222607));
#502 = CARTESIAN_POINT('',(-3.864158497984,-0.258795950021));
#503 = CARTESIAN_POINT('',(-3.942702774993,-0.251260033604));
#504 = CARTESIAN_POINT('',(-4.107663249576,-0.235952107947));
#505 = CARTESIAN_POINT('',(-4.19407122349,-0.228233269331));
#506 = CARTESIAN_POINT('',(-4.280455342061,-0.221180906441));
#507 = CARTESIAN_POINT('',(-4.366821036163,-0.215141599245));
#508 = CARTESIAN_POINT('',(-4.453181320779,-0.210404769557));
#509 = CARTESIAN_POINT('',(-4.539552516071,-0.207175725602));
#510 = CARTESIAN_POINT('',(-4.625950712554,-0.205560169804));
#511 = CARTESIAN_POINT('',(-4.799453041077,-0.205560169804));
#512 = CARTESIAN_POINT('',(-4.886453263085,-0.207199277635));
#513 = CARTESIAN_POINT('',(-4.973909017958,-0.210473596007));
#514 = CARTESIAN_POINT('',(-5.062291347615,-0.215326243556));
#515 = CARTESIAN_POINT('',(-5.152074030982,-0.221643889519));
#516 = CARTESIAN_POINT('',(-5.243744850935,-0.229235113424));
#517 = CARTESIAN_POINT('',(-5.337826340936,-0.237800303907));
#518 = CARTESIAN_POINT('',(-5.528132588256,-0.255634985903));
#519 = CARTESIAN_POINT('',(-5.626263430912,-0.265063039491));
#520 = CARTESIAN_POINT('',(-5.728351234196,-0.274674514134));
#521 = CARTESIAN_POINT('',(-5.833761998636,-0.28375642155));
#522 = CARTESIAN_POINT('',(-5.94210610909,-0.291483669514));
#523 = CARTESIAN_POINT('',(-6.053160471649,-0.297082883804));
#524 = CARTESIAN_POINT('',(-6.166834730507,-0.3));
#525 = CARTESIAN_POINT('',(-6.28318530718,-0.3));
#526 = ( GEOMETRIC_REPRESENTATION_CONTEXT(2) 
PARAMETRIC_REPRESENTATION_CONTEXT() REPRESENTATION_CONTEXT('2D SPACE',''
  ) );
#527 = ADVANCED_FACE('',(#528),#45,.F.);
#528 = FACE_BOUND('',#529,.F.);
#529 = EDGE_LOOP('',(#530,#554,#555,#576,#605,#633,#659,#687,#716,#744,
    #770,#798,#826,#855,#883,#911,#939,#968,#996,#1024,#1052,#1081,#1109
    ,#1137,#1165,#1194,#1222,#1250,#1278,#1307,#1335,#1363,#1391,#1420,
    #1448,#1476,#1504,#1533,#1561,#1589,#1617,#1646,#1674,#1702,#1730,
    #1759,#1787,#1815,#1843,#1872,#1900,#1928,#1956,#1985));
#530 = ORIENTED_EDGE('',*,*,#531,.T.);
#531 = EDGE_CURVE('',#532,#22,#534,.T.);
#532 = VERTEX_POINT('',#533);
#533 = CARTESIAN_POINT('',(1.,-4.932264983566E-15,-26.85));
#534 = SURFACE_CURVE('',#535,(#540,#547),.PCURVE_S1.);
#535 = CIRCLE('',#536,26.85);
#536 = AXIS2_PLACEMENT_3D('',#537,#538,#539);
#537 = CARTESIAN_POINT('',(1.,0.,0.));
#538 = DIRECTION('',(1.,0.,0.));
#539 = DIRECTION('',(0.,1.,0.));
#540 = PCURVE('',#45,#541);
#541 = DEFINITIONAL_REPRESENTATION('',(#542),#546);
#542 = CIRCLE('',#543,26.85);
#543 = AXIS2_PLACEMENT_2D('',#544,#545);
#544 = CARTESIAN_POINT('',(8.148619039341E-16,-5.336649226313E-16));
#545 = DIRECTION('',(1.,0.));
#546 = ( GEOMETRIC_REPRESENTATION_CONTEXT(2) 
PARAMETRIC_REPRESENTATION_CONTEXT() REPRESENTATION_CONTEXT('2D SPACE',''
  ) );
#547 = PCURVE('',#73,#548);
#548 = DEFINITIONAL_REPRESENTATION('',(#549),#553);
#549 = LINE('',#550,#551);
#550 = CARTESIAN_POINT('',(-0.,0.));
#551 = VECTOR('',#552,1.);
#552 = DIRECTION('',(-1.,0.));
#553 = ( GEOMETRIC_REPRESENTATION_CONTEXT(2) 
PARAMETRIC_REPRESENTATION_CONTEXT() REPRESENTATION_CONTEXT('2D SPACE',''
  ) );
#554 = ORIENTED_EDGE('',*,*,#21,.T.);
#555 = ORIENTED_EDGE('',*,*,#556,.F.);
#556 = EDGE_CURVE('',#557,#24,#559,.T.);
#557 = VERTEX_POINT('',#558);
#558 = CARTESIAN_POINT('',(1.,1.521623647941E-15,24.85));
#559 = SURFACE_CURVE('',#560,(#564,#570),.PCURVE_S1.);
#560 = LINE('',#561,#562);
#561 = CARTESIAN_POINT('',(1.,0.,-100.));
#562 = VECTOR('',#563,1.);
#563 = DIRECTION('',(0.,0.,1.));
#564 = PCURVE('',#45,#565);
#565 = DEFINITIONAL_REPRESENTATION('',(#566),#569);
#566 = B_SPLINE_CURVE_WITH_KNOTS('',1,(#567,#568),.UNSPECIFIED.,.F.,.F.,
  (2,2),(73.15,126.85),.PIECEWISE_BEZIER_KNOTS.);
#567 = CARTESIAN_POINT('',(8.148619039341E-16,-26.85));
#568 = CARTESIAN_POINT('',(8.148619039341E-16,26.85));
#569 = ( GEOMETRIC_REPRESENTATION_CONTEXT(2) 
PARAMETRIC_REPRESENTATION_CONTEXT() REPRESENTATION_CONTEXT('2D SPACE',''
  ) );
#570 = PCURVE('',#127,#571);
#571 = DEFINITIONAL_REPRESENTATION('',(#572),#575);
#572 = B_SPLINE_CURVE_WITH_KNOTS('',1,(#573,#574),.UNSPECIFIED.,.F.,.F.,
  (2,2),(73.15,126.85),.PIECEWISE_BEZIER_KNOTS.);
#573 = CARTESIAN_POINT('',(173.15,11.));
#574 = CARTESIAN_POINT('',(226.85,11.));
#575 = ( GEOMETRIC_REPRESENTATION_CONTEXT(2) 
PARAMETRIC_REPRESENTATION_CONTEXT() REPRESENTATION_CONTEXT('2D SPACE',''
  ) );
#576 = ORIENTED_EDGE('',*,*,#577,.F.);
#577 = EDGE_CURVE('',#578,#557,#580,.T.);
#578 = VERTEX_POINT('',#579);
#579 = CARTESIAN_POINT('',(1.,2.256526694053,24.747334953062));
#580 = SURFACE_CURVE('',#581,(#586,#593),.PCURVE_S1.);
#581 = CIRCLE('',#582,24.85);
#582 = AXIS2_PLACEMENT_3D('',#583,#584,#585);
#583 = CARTESIAN_POINT('',(1.,0.,0.));
#584 = DIRECTION('',(1.,0.,0.));
#585 = DIRECTION('',(0.,1.,0.));
#586 = PCURVE('',#45,#587);
#587 = DEFINITIONAL_REPRESENTATION('',(#588),#592);
#588 = CIRCLE('',#589,24.85);
#589 = AXIS2_PLACEMENT_2D('',#590,#591);
#590 = CARTESIAN_POINT('',(8.148619039341E-16,-5.336649226313E-16));
#591 = DIRECTION('',(1.,0.));
#592 = ( GEOMETRIC_REPRESENTATION_CONTEXT(2) 
PARAMETRIC_REPRESENTATION_CONTEXT() REPRESENTATION_CONTEXT('2D SPACE',''
  ) );
#593 = PCURVE('',#594,#599);
#594 = CYLINDRICAL_SURFACE('',#595,24.85);
#595 = AXIS2_PLACEMENT_3D('',#596,#597,#598);
#596 = CARTESIAN_POINT('',(1.,0.,0.));
#597 = DIRECTION('',(-1.,-0.,-0.));
#598 = DIRECTION('',(0.,1.,0.));
#599 = DEFINITIONAL_REPRESENTATION('',(#600),#604);
#600 = LINE('',#601,#602);
#601 = CARTESIAN_POINT('',(-0.,0.));
#602 = VECTOR('',#603,1.);
#603 = DIRECTION('',(-1.,0.));
#604 = ( GEOMETRIC_REPRESENTATION_CONTEXT(2) 
PARAMETRIC_REPRESENTATION_CONTEXT() REPRESENTATION_CONTEXT('2D SPACE',''
  ) );
#605 = ORIENTED_EDGE('',*,*,#606,.T.);
#606 = EDGE_CURVE('',#578,#607,#609,.T.);
#607 = VERTEX_POINT('',#608);
#608 = CARTESIAN_POINT('',(1.,0.,21.806572110878));
#609 = SURFACE_CURVE('',#610,(#614,#621),.PCURVE_S1.);
#610 = LINE('',#611,#612);
#611 = CARTESIAN_POINT('',(1.,3.465470403442,26.322861069475));
#612 = VECTOR('',#613,1.);
#613 = DIRECTION('',(0.,-0.608761429009,-0.793353340291));
#614 = PCURVE('',#45,#615);
#615 = DEFINITIONAL_REPRESENTATION('',(#616),#620);
#616 = LINE('',#617,#618);
#617 = CARTESIAN_POINT('',(3.465470403442,26.322861069475));
#618 = VECTOR('',#619,1.);
#619 = DIRECTION('',(-0.608761429009,-0.793353340291));
#620 = ( GEOMETRIC_REPRESENTATION_CONTEXT(2) 
PARAMETRIC_REPRESENTATION_CONTEXT() REPRESENTATION_CONTEXT('2D SPACE',''
  ) );
#621 = PCURVE('',#622,#627);
#622 = PLANE('',#623);
#623 = AXIS2_PLACEMENT_3D('',#624,#625,#626);
#624 = CARTESIAN_POINT('',(1.,2.256526694053,24.747334953062));
#625 = DIRECTION('',(0.,0.793353340291,-0.608761429009));
#626 = DIRECTION('',(0.,-0.608761429009,-0.793353340291));
#627 = DEFINITIONAL_REPRESENTATION('',(#628),#632);
#628 = LINE('',#629,#630);
#629 = CARTESIAN_POINT('',(-1.985907207291,0.));
#630 = VECTOR('',#631,1.);
#631 = DIRECTION('',(1.,0.));
#632 = ( GEOMETRIC_REPRESENTATION_CONTEXT(2) 
PARAMETRIC_REPRESENTATION_CONTEXT() REPRESENTATION_CONTEXT('2D SPACE',''
  ) );
#633 = ORIENTED_EDGE('',*,*,#634,.F.);
#634 = EDGE_CURVE('',#635,#607,#637,.T.);
#635 = VERTEX_POINT('',#636);
#636 = CARTESIAN_POINT('',(1.,0.,19.506820626492));
#637 = SURFACE_CURVE('',#638,(#642,#648),.PCURVE_S1.);
#638 = LINE('',#639,#640);
#639 = CARTESIAN_POINT('',(1.,0.,-100.));
#640 = VECTOR('',#641,1.);
#641 = DIRECTION('',(0.,0.,1.));
#642 = PCURVE('',#45,#643);
#643 = DEFINITIONAL_REPRESENTATION('',(#644),#647);
#644 = B_SPLINE_CURVE_WITH_KNOTS('',1,(#645,#646),.UNSPECIFIED.,.F.,.F.,
  (2,2),(73.15,126.85),.PIECEWISE_BEZIER_KNOTS.);
#645 = CARTESIAN_POINT('',(8.148619039341E-16,-26.85));
#646 = CARTESIAN_POINT('',(8.148619039341E-16,26.85));
#647 = ( GEOMETRIC_REPRESENTATION_CONTEXT(2) 
PARAMETRIC_REPRESENTATION_CONTEXT() REPRESENTATION_CONTEXT('2D SPACE',''
  ) );
#648 = PCURVE('',#649,#654);
#649 = PLANE('',#650);
#650 = AXIS2_PLACEMENT_3D('',#651,#652,#653);
#651 = CARTESIAN_POINT('',(-10.,0.,-200.));
#652 = DIRECTION('',(0.,1.,0.));
#653 = DIRECTION('',(0.,0.,1.));
#654 = DEFINITIONAL_REPRESENTATION('',(#655),#658);
#655 = B_SPLINE_CURVE_WITH_KNOTS('',1,(#656,#657),.UNSPECIFIED.,.F.,.F.,
  (2,2),(73.15,126.85),.PIECEWISE_BEZIER_KNOTS.);
#656 = CARTESIAN_POINT('',(173.15,11.));
#657 = CARTESIAN_POINT('',(226.85,11.));
#658 = ( GEOMETRIC_REPRESENTATION_CONTEXT(2) 
PARAMETRIC_REPRESENTATION_CONTEXT() REPRESENTATION_CONTEXT('2D SPACE',''
  ) );
#659 = ORIENTED_EDGE('',*,*,#660,.T.);
#660 = EDGE_CURVE('',#635,#661,#663,.T.);
#661 = VERTEX_POINT('',#662);
#662 = CARTESIAN_POINT('',(1.,3.867605102135,24.547181727725));
#663 = SURFACE_CURVE('',#664,(#668,#675),.PCURVE_S1.);
#664 = LINE('',#665,#666);
#665 = CARTESIAN_POINT('',(1.,-3.763866497569,14.601654306873));
#666 = VECTOR('',#667,1.);
#667 = DIRECTION('',(0.,0.608761429009,0.793353340291));
#668 = PCURVE('',#45,#669);
#669 = DEFINITIONAL_REPRESENTATION('',(#670),#674);
#670 = LINE('',#671,#672);
#671 = CARTESIAN_POINT('',(-3.763866497569,14.601654306873));
#672 = VECTOR('',#673,1.);
#673 = DIRECTION('',(0.608761429009,0.793353340291));
#674 = ( GEOMETRIC_REPRESENTATION_CONTEXT(2) 
PARAMETRIC_REPRESENTATION_CONTEXT() REPRESENTATION_CONTEXT('2D SPACE',''
  ) );
#675 = PCURVE('',#676,#681);
#676 = PLANE('',#677);
#677 = AXIS2_PLACEMENT_3D('',#678,#679,#680);
#678 = CARTESIAN_POINT('',(1.,-3.763866497569,14.601654306873));
#679 = DIRECTION('',(0.,-0.793353340291,0.608761429009));
#680 = DIRECTION('',(0.,0.608761429009,0.793353340291));
#681 = DEFINITIONAL_REPRESENTATION('',(#682),#686);
#682 = LINE('',#683,#684);
#683 = CARTESIAN_POINT('',(0.,0.));
#684 = VECTOR('',#685,1.);
#685 = DIRECTION('',(1.,0.));
#686 = ( GEOMETRIC_REPRESENTATION_CONTEXT(2) 
PARAMETRIC_REPRESENTATION_CONTEXT() REPRESENTATION_CONTEXT('2D SPACE',''
  ) );
#687 = ORIENTED_EDGE('',*,*,#688,.F.);
#688 = EDGE_CURVE('',#689,#661,#691,.T.);
#689 = VERTEX_POINT('',#690);
#690 = CARTESIAN_POINT('',(1.,8.58471901288,23.320057878785));
#691 = SURFACE_CURVE('',#692,(#697,#704),.PCURVE_S1.);
#692 = CIRCLE('',#693,24.85);
#693 = AXIS2_PLACEMENT_3D('',#694,#695,#696);
#694 = CARTESIAN_POINT('',(1.,0.,0.));
#695 = DIRECTION('',(1.,0.,0.));
#696 = DIRECTION('',(0.,1.,0.));
#697 = PCURVE('',#45,#698);
#698 = DEFINITIONAL_REPRESENTATION('',(#699),#703);
#699 = CIRCLE('',#700,24.85);
#700 = AXIS2_PLACEMENT_2D('',#701,#702);
#701 = CARTESIAN_POINT('',(8.148619039341E-16,-5.336649226313E-16));
#702 = DIRECTION('',(1.,0.));
#703 = ( GEOMETRIC_REPRESENTATION_CONTEXT(2) 
PARAMETRIC_REPRESENTATION_CONTEXT() REPRESENTATION_CONTEXT('2D SPACE',''
  ) );
#704 = PCURVE('',#705,#710);
#705 = CYLINDRICAL_SURFACE('',#706,24.85);
#706 = AXIS2_PLACEMENT_3D('',#707,#708,#709);
#707 = CARTESIAN_POINT('',(1.,0.,0.));
#708 = DIRECTION('',(-1.,-0.,-0.));
#709 = DIRECTION('',(0.,1.,0.));
#710 = DEFINITIONAL_REPRESENTATION('',(#711),#715);
#711 = LINE('',#712,#713);
#712 = CARTESIAN_POINT('',(-0.,0.));
#713 = VECTOR('',#714,1.);
#714 = DIRECTION('',(-1.,0.));
#715 = ( GEOMETRIC_REPRESENTATION_CONTEXT(2) 
PARAMETRIC_REPRESENTATION_CONTEXT() REPRESENTATION_CONTEXT('2D SPACE',''
  ) );
#716 = ORIENTED_EDGE('',*,*,#717,.T.);
#717 = EDGE_CURVE('',#689,#718,#720,.T.);
#718 = VERTEX_POINT('',#719);
#719 = CARTESIAN_POINT('',(1.,0.,16.732771295986));
#720 = SURFACE_CURVE('',#721,(#725,#732),.PCURVE_S1.);
#721 = LINE('',#722,#723);
#722 = CARTESIAN_POINT('',(1.,10.160245129293,24.529001588175));
#723 = VECTOR('',#724,1.);
#724 = DIRECTION('',(0.,-0.793353340291,-0.608761429009));
#725 = PCURVE('',#45,#726);
#726 = DEFINITIONAL_REPRESENTATION('',(#727),#731);
#727 = LINE('',#728,#729);
#728 = CARTESIAN_POINT('',(10.160245129293,24.529001588175));
#729 = VECTOR('',#730,1.);
#730 = DIRECTION('',(-0.793353340291,-0.608761429009));
#731 = ( GEOMETRIC_REPRESENTATION_CONTEXT(2) 
PARAMETRIC_REPRESENTATION_CONTEXT() REPRESENTATION_CONTEXT('2D SPACE',''
  ) );
#732 = PCURVE('',#733,#738);
#733 = PLANE('',#734);
#734 = AXIS2_PLACEMENT_3D('',#735,#736,#737);
#735 = CARTESIAN_POINT('',(1.,8.58471901288,23.320057878785));
#736 = DIRECTION('',(0.,0.608761429009,-0.793353340291));
#737 = DIRECTION('',(0.,-0.793353340291,-0.608761429009));
#738 = DEFINITIONAL_REPRESENTATION('',(#739),#743);
#739 = LINE('',#740,#741);
#740 = CARTESIAN_POINT('',(-1.985907207291,0.));
#741 = VECTOR('',#742,1.);
#742 = DIRECTION('',(1.,0.));
#743 = ( GEOMETRIC_REPRESENTATION_CONTEXT(2) 
PARAMETRIC_REPRESENTATION_CONTEXT() REPRESENTATION_CONTEXT('2D SPACE',''
  ) );
#744 = ORIENTED_EDGE('',*,*,#745,.F.);
#745 = EDGE_CURVE('',#746,#718,#748,.T.);
#746 = VERTEX_POINT('',#747);
#747 = CARTESIAN_POINT('',(1.,0.,15.265379880603));
#748 = SURFACE_CURVE('',#749,(#753,#759),.PCURVE_S1.);
#749 = LINE('',#750,#751);
#750 = CARTESIAN_POINT('',(1.,0.,-100.));
#751 = VECTOR('',#752,1.);
#752 = DIRECTION('',(0.,0.,1.));
#753 = PCURVE('',#45,#754);
#754 = DEFINITIONAL_REPRESENTATION('',(#755),#758);
#755 = B_SPLINE_CURVE_WITH_KNOTS('',1,(#756,#757),.UNSPECIFIED.,.F.,.F.,
  (2,2),(73.15,126.85),.PIECEWISE_BEZIER_KNOTS.);
#756 = CARTESIAN_POINT('',(8.148619039341E-16,-26.85));
#757 = CARTESIAN_POINT('',(8.148619039341E-16,26.85));
#758 = ( GEOMETRIC_REPRESENTATION_CONTEXT(2) 
PARAMETRIC_REPRESENTATION_CONTEXT() REPRESENTATION_CONTEXT('2D SPACE',''
  ) );
#759 = PCURVE('',#760,#765);
#760 = PLANE('',#761);
#761 = AXIS2_PLACEMENT_3D('',#762,#763,#764);
#762 = CARTESIAN_POINT('',(-10.,0.,-200.));
#763 = DIRECTION('',(0.,1.,0.));
#764 = DIRECTION('',(0.,0.,1.));
#765 = DEFINITIONAL_REPRESENTATION('',(#766),#769);
#766 = B_SPLINE_CURVE_WITH_KNOTS('',1,(#767,#768),.UNSPECIFIED.,.F.,.F.,
  (2,2),(73.15,126.85),.PIECEWISE_BEZIER_KNOTS.);
#767 = CARTESIAN_POINT('',(173.15,11.));
#768 = CARTESIAN_POINT('',(226.85,11.));
#769 = ( GEOMETRIC_REPRESENTATION_CONTEXT(2) 
PARAMETRIC_REPRESENTATION_CONTEXT() REPRESENTATION_CONTEXT('2D SPACE',''
  ) );
#770 = ORIENTED_EDGE('',*,*,#771,.T.);
#771 = EDGE_CURVE('',#746,#772,#774,.T.);
#772 = VERTEX_POINT('',#773);
#773 = CARTESIAN_POINT('',(1.,0.143570367915,15.078275334347));
#774 = SURFACE_CURVE('',#775,(#779,#786),.PCURVE_S1.);
#775 = LINE('',#776,#777);
#776 = CARTESIAN_POINT('',(1.,-0.708695632697,16.188970010755));
#777 = VECTOR('',#778,1.);
#778 = DIRECTION('',(0.,0.608761429009,-0.793353340291));
#779 = PCURVE('',#45,#780);
#780 = DEFINITIONAL_REPRESENTATION('',(#781),#785);
#781 = LINE('',#782,#783);
#782 = CARTESIAN_POINT('',(-0.708695632697,16.188970010755));
#783 = VECTOR('',#784,1.);
#784 = DIRECTION('',(0.608761429009,-0.793353340291));
#785 = ( GEOMETRIC_REPRESENTATION_CONTEXT(2) 
PARAMETRIC_REPRESENTATION_CONTEXT() REPRESENTATION_CONTEXT('2D SPACE',''
  ) );
#786 = PCURVE('',#787,#792);
#787 = PLANE('',#788);
#788 = AXIS2_PLACEMENT_3D('',#789,#790,#791);
#789 = CARTESIAN_POINT('',(1.,-0.708695632697,16.188970010755));
#790 = DIRECTION('',(-0.,0.793353340291,0.608761429009));
#791 = DIRECTION('',(0.,0.608761429009,-0.793353340291));
#792 = DEFINITIONAL_REPRESENTATION('',(#793),#797);
#793 = LINE('',#794,#795);
#794 = CARTESIAN_POINT('',(0.,0.));
#795 = VECTOR('',#796,1.);
#796 = DIRECTION('',(1.,0.));
#797 = ( GEOMETRIC_REPRESENTATION_CONTEXT(2) 
PARAMETRIC_REPRESENTATION_CONTEXT() REPRESENTATION_CONTEXT('2D SPACE',''
  ) );
#798 = ORIENTED_EDGE('',*,*,#799,.T.);
#799 = EDGE_CURVE('',#772,#800,#802,.T.);
#800 = VERTEX_POINT('',#801);
#801 = CARTESIAN_POINT('',(1.,10.089097788766,22.709746934052));
#802 = SURFACE_CURVE('',#803,(#807,#814),.PCURVE_S1.);
#803 = LINE('',#804,#805);
#804 = CARTESIAN_POINT('',(1.,0.143570367915,15.078275334347));
#805 = VECTOR('',#806,1.);
#806 = DIRECTION('',(0.,0.793353340291,0.608761429009));
#807 = PCURVE('',#45,#808);
#808 = DEFINITIONAL_REPRESENTATION('',(#809),#813);
#809 = LINE('',#810,#811);
#810 = CARTESIAN_POINT('',(0.143570367915,15.078275334347));
#811 = VECTOR('',#812,1.);
#812 = DIRECTION('',(0.793353340291,0.608761429009));
#813 = ( GEOMETRIC_REPRESENTATION_CONTEXT(2) 
PARAMETRIC_REPRESENTATION_CONTEXT() REPRESENTATION_CONTEXT('2D SPACE',''
  ) );
#814 = PCURVE('',#815,#820);
#815 = PLANE('',#816);
#816 = AXIS2_PLACEMENT_3D('',#817,#818,#819);
#817 = CARTESIAN_POINT('',(1.,0.143570367915,15.078275334347));
#818 = DIRECTION('',(0.,-0.608761429009,0.793353340291));
#819 = DIRECTION('',(0.,0.793353340291,0.608761429009));
#820 = DEFINITIONAL_REPRESENTATION('',(#821),#825);
#821 = LINE('',#822,#823);
#822 = CARTESIAN_POINT('',(0.,0.));
#823 = VECTOR('',#824,1.);
#824 = DIRECTION('',(1.,0.));
#825 = ( GEOMETRIC_REPRESENTATION_CONTEXT(2) 
PARAMETRIC_REPRESENTATION_CONTEXT() REPRESENTATION_CONTEXT('2D SPACE',''
  ) );
#826 = ORIENTED_EDGE('',*,*,#827,.F.);
#827 = EDGE_CURVE('',#828,#800,#830,.T.);
#828 = VERTEX_POINT('',#829);
#829 = CARTESIAN_POINT('',(1.,14.327876917898,20.303557398288));
#830 = SURFACE_CURVE('',#831,(#836,#843),.PCURVE_S1.);
#831 = CIRCLE('',#832,24.85);
#832 = AXIS2_PLACEMENT_3D('',#833,#834,#835);
#833 = CARTESIAN_POINT('',(1.,0.,0.));
#834 = DIRECTION('',(1.,0.,0.));
#835 = DIRECTION('',(0.,1.,0.));
#836 = PCURVE('',#45,#837);
#837 = DEFINITIONAL_REPRESENTATION('',(#838),#842);
#838 = CIRCLE('',#839,24.85);
#839 = AXIS2_PLACEMENT_2D('',#840,#841);
#840 = CARTESIAN_POINT('',(8.148619039341E-16,-5.336649226313E-16));
#841 = DIRECTION('',(1.,0.));
#842 = ( GEOMETRIC_REPRESENTATION_CONTEXT(2) 
PARAMETRIC_REPRESENTATION_CONTEXT() REPRESENTATION_CONTEXT('2D SPACE',''
  ) );
#843 = PCURVE('',#844,#849);
#844 = CYLINDRICAL_SURFACE('',#845,24.85);
#845 = AXIS2_PLACEMENT_3D('',#846,#847,#848);
#846 = CARTESIAN_POINT('',(1.,0.,0.));
#847 = DIRECTION('',(-1.,-0.,-0.));
#848 = DIRECTION('',(0.,1.,0.));
#849 = DEFINITIONAL_REPRESENTATION('',(#850),#854);
#850 = LINE('',#851,#852);
#851 = CARTESIAN_POINT('',(-0.,0.));
#852 = VECTOR('',#853,1.);
#853 = DIRECTION('',(-1.,0.));
#854 = ( GEOMETRIC_REPRESENTATION_CONTEXT(2) 
PARAMETRIC_REPRESENTATION_CONTEXT() REPRESENTATION_CONTEXT('2D SPACE',''
  ) );
#855 = ORIENTED_EDGE('',*,*,#856,.T.);
#856 = EDGE_CURVE('',#828,#857,#859,.T.);
#857 = VERTEX_POINT('',#858);
#858 = CARTESIAN_POINT('',(1.,3.505466344777,15.820768161331));
#859 = SURFACE_CURVE('',#860,(#864,#871),.PCURVE_S1.);
#860 = LINE('',#861,#862);
#861 = CARTESIAN_POINT('',(1.,16.162615940182,21.063531184732));
#862 = VECTOR('',#863,1.);
#863 = DIRECTION('',(0.,-0.923879532511,-0.382683432365));
#864 = PCURVE('',#45,#865);
#865 = DEFINITIONAL_REPRESENTATION('',(#866),#870);
#866 = LINE('',#867,#868);
#867 = CARTESIAN_POINT('',(16.162615940182,21.063531184732));
#868 = VECTOR('',#869,1.);
#869 = DIRECTION('',(-0.923879532511,-0.382683432365));
#870 = ( GEOMETRIC_REPRESENTATION_CONTEXT(2) 
PARAMETRIC_REPRESENTATION_CONTEXT() REPRESENTATION_CONTEXT('2D SPACE',''
  ) );
#871 = PCURVE('',#872,#877);
#872 = PLANE('',#873);
#873 = AXIS2_PLACEMENT_3D('',#874,#875,#876);
#874 = CARTESIAN_POINT('',(1.,14.327876917898,20.303557398287));
#875 = DIRECTION('',(0.,0.382683432365,-0.923879532511));
#876 = DIRECTION('',(0.,-0.923879532511,-0.382683432365));
#877 = DEFINITIONAL_REPRESENTATION('',(#878),#882);
#878 = LINE('',#879,#880);
#879 = CARTESIAN_POINT('',(-1.985907207292,0.));
#880 = VECTOR('',#881,1.);
#881 = DIRECTION('',(1.,0.));
#882 = ( GEOMETRIC_REPRESENTATION_CONTEXT(2) 
PARAMETRIC_REPRESENTATION_CONTEXT() REPRESENTATION_CONTEXT('2D SPACE',''
  ) );
#883 = ORIENTED_EDGE('',*,*,#884,.T.);
#884 = EDGE_CURVE('',#857,#885,#887,.T.);
#885 = VERTEX_POINT('',#886);
#886 = CARTESIAN_POINT('',(1.,4.041223150088,14.527336815815));
#887 = SURFACE_CURVE('',#888,(#892,#899),.PCURVE_S1.);
#888 = LINE('',#889,#890);
#889 = CARTESIAN_POINT('',(1.,3.505466344777,15.820768161331));
#890 = VECTOR('',#891,1.);
#891 = DIRECTION('',(0.,0.382683432365,-0.923879532511));
#892 = PCURVE('',#45,#893);
#893 = DEFINITIONAL_REPRESENTATION('',(#894),#898);
#894 = LINE('',#895,#896);
#895 = CARTESIAN_POINT('',(3.505466344777,15.820768161331));
#896 = VECTOR('',#897,1.);
#897 = DIRECTION('',(0.382683432365,-0.923879532511));
#898 = ( GEOMETRIC_REPRESENTATION_CONTEXT(2) 
PARAMETRIC_REPRESENTATION_CONTEXT() REPRESENTATION_CONTEXT('2D SPACE',''
  ) );
#899 = PCURVE('',#900,#905);
#900 = PLANE('',#901);
#901 = AXIS2_PLACEMENT_3D('',#902,#903,#904);
#902 = CARTESIAN_POINT('',(1.,3.505466344777,15.820768161331));
#903 = DIRECTION('',(-0.,0.923879532511,0.382683432365));
#904 = DIRECTION('',(0.,0.382683432365,-0.923879532511));
#905 = DEFINITIONAL_REPRESENTATION('',(#906),#910);
#906 = LINE('',#907,#908);
#907 = CARTESIAN_POINT('',(0.,0.));
#908 = VECTOR('',#909,1.);
#909 = DIRECTION('',(1.,0.));
#910 = ( GEOMETRIC_REPRESENTATION_CONTEXT(2) 
PARAMETRIC_REPRESENTATION_CONTEXT() REPRESENTATION_CONTEXT('2D SPACE',''
  ) );
#911 = ORIENTED_EDGE('',*,*,#912,.T.);
#912 = EDGE_CURVE('',#885,#913,#915,.T.);
#913 = VERTEX_POINT('',#914);
#914 = CARTESIAN_POINT('',(1.,15.623035134117,19.324680416455));
#915 = SURFACE_CURVE('',#916,(#920,#927),.PCURVE_S1.);
#916 = LINE('',#917,#918);
#917 = CARTESIAN_POINT('',(1.,4.041223150088,14.527336815815));
#918 = VECTOR('',#919,1.);
#919 = DIRECTION('',(0.,0.923879532511,0.382683432365));
#920 = PCURVE('',#45,#921);
#921 = DEFINITIONAL_REPRESENTATION('',(#922),#926);
#922 = LINE('',#923,#924);
#923 = CARTESIAN_POINT('',(4.041223150088,14.527336815815));
#924 = VECTOR('',#925,1.);
#925 = DIRECTION('',(0.923879532511,0.382683432365));
#926 = ( GEOMETRIC_REPRESENTATION_CONTEXT(2) 
PARAMETRIC_REPRESENTATION_CONTEXT() REPRESENTATION_CONTEXT('2D SPACE',''
  ) );
#927 = PCURVE('',#928,#933);
#928 = PLANE('',#929);
#929 = AXIS2_PLACEMENT_3D('',#930,#931,#932);
#930 = CARTESIAN_POINT('',(1.,4.041223150088,14.527336815815));
#931 = DIRECTION('',(0.,-0.382683432365,0.923879532511));
#932 = DIRECTION('',(0.,0.923879532511,0.382683432365));
#933 = DEFINITIONAL_REPRESENTATION('',(#934),#938);
#934 = LINE('',#935,#936);
#935 = CARTESIAN_POINT('',(0.,0.));
#936 = VECTOR('',#937,1.);
#937 = DIRECTION('',(1.,0.));
#938 = ( GEOMETRIC_REPRESENTATION_CONTEXT(2) 
PARAMETRIC_REPRESENTATION_CONTEXT() REPRESENTATION_CONTEXT('2D SPACE',''
  ) );
#939 = ORIENTED_EDGE('',*,*,#940,.F.);
#940 = EDGE_CURVE('',#941,#913,#943,.T.);
#941 = VERTEX_POINT('',#942);
#942 = CARTESIAN_POINT('',(1.,19.094613688898,15.903403034311));
#943 = SURFACE_CURVE('',#944,(#949,#956),.PCURVE_S1.);
#944 = CIRCLE('',#945,24.85);
#945 = AXIS2_PLACEMENT_3D('',#946,#947,#948);
#946 = CARTESIAN_POINT('',(1.,0.,0.));
#947 = DIRECTION('',(1.,0.,0.));
#948 = DIRECTION('',(0.,1.,0.));
#949 = PCURVE('',#45,#950);
#950 = DEFINITIONAL_REPRESENTATION('',(#951),#955);
#951 = CIRCLE('',#952,24.85);
#952 = AXIS2_PLACEMENT_2D('',#953,#954);
#953 = CARTESIAN_POINT('',(8.148619039341E-16,-5.336649226313E-16));
#954 = DIRECTION('',(1.,0.));
#955 = ( GEOMETRIC_REPRESENTATION_CONTEXT(2) 
PARAMETRIC_REPRESENTATION_CONTEXT() REPRESENTATION_CONTEXT('2D SPACE',''
  ) );
#956 = PCURVE('',#957,#962);
#957 = CYLINDRICAL_SURFACE('',#958,24.85);
#958 = AXIS2_PLACEMENT_3D('',#959,#960,#961);
#959 = CARTESIAN_POINT('',(1.,0.,0.));
#960 = DIRECTION('',(-1.,-0.,-0.));
#961 = DIRECTION('',(0.,1.,0.));
#962 = DEFINITIONAL_REPRESENTATION('',(#963),#967);
#963 = LINE('',#964,#965);
#964 = CARTESIAN_POINT('',(-0.,0.));
#965 = VECTOR('',#966,1.);
#966 = DIRECTION('',(-1.,0.));
#967 = ( GEOMETRIC_REPRESENTATION_CONTEXT(2) 
PARAMETRIC_REPRESENTATION_CONTEXT() REPRESENTATION_CONTEXT('2D SPACE',''
  ) );
#968 = ORIENTED_EDGE('',*,*,#969,.T.);
#969 = EDGE_CURVE('',#941,#970,#972,.T.);
#970 = VERTEX_POINT('',#971);
#971 = CARTESIAN_POINT('',(1.,7.480736583911,14.374407106767));
#972 = SURFACE_CURVE('',#973,(#977,#984),.PCURVE_S1.);
#973 = LINE('',#974,#975);
#974 = CARTESIAN_POINT('',(1.,21.063531184732,16.162615940182));
#975 = VECTOR('',#976,1.);
#976 = DIRECTION('',(0.,-0.991444861374,-0.13052619222));
#977 = PCURVE('',#45,#978);
#978 = DEFINITIONAL_REPRESENTATION('',(#979),#983);
#979 = LINE('',#980,#981);
#980 = CARTESIAN_POINT('',(21.063531184732,16.162615940182));
#981 = VECTOR('',#982,1.);
#982 = DIRECTION('',(-0.991444861374,-0.13052619222));
#983 = ( GEOMETRIC_REPRESENTATION_CONTEXT(2) 
PARAMETRIC_REPRESENTATION_CONTEXT() REPRESENTATION_CONTEXT('2D SPACE',''
  ) );
#984 = PCURVE('',#985,#990);
#985 = PLANE('',#986);
#986 = AXIS2_PLACEMENT_3D('',#987,#988,#989);
#987 = CARTESIAN_POINT('',(1.,19.094613688898,15.903403034311));
#988 = DIRECTION('',(0.,0.13052619222,-0.991444861374));
#989 = DIRECTION('',(0.,-0.991444861374,-0.13052619222));
#990 = DEFINITIONAL_REPRESENTATION('',(#991),#995);
#991 = LINE('',#992,#993);
#992 = CARTESIAN_POINT('',(-1.985907207291,0.));
#993 = VECTOR('',#994,1.);
#994 = DIRECTION('',(1.,0.));
#995 = ( GEOMETRIC_REPRESENTATION_CONTEXT(2) 
PARAMETRIC_REPRESENTATION_CONTEXT() REPRESENTATION_CONTEXT('2D SPACE',''
  ) );
#996 = ORIENTED_EDGE('',*,*,#997,.T.);
#997 = EDGE_CURVE('',#970,#998,#1000,.T.);
#998 = VERTEX_POINT('',#999);
#999 = CARTESIAN_POINT('',(1.,7.663473253019,12.986384300843));
#1000 = SURFACE_CURVE('',#1001,(#1005,#1012),.PCURVE_S1.);
#1001 = LINE('',#1002,#1003);
#1002 = CARTESIAN_POINT('',(1.,7.480736583911,14.374407106767));
#1003 = VECTOR('',#1004,1.);
#1004 = DIRECTION('',(0.,0.13052619222,-0.991444861374));
#1005 = PCURVE('',#45,#1006);
#1006 = DEFINITIONAL_REPRESENTATION('',(#1007),#1011);
#1007 = LINE('',#1008,#1009);
#1008 = CARTESIAN_POINT('',(7.480736583911,14.374407106767));
#1009 = VECTOR('',#1010,1.);
#1010 = DIRECTION('',(0.13052619222,-0.991444861374));
#1011 = ( GEOMETRIC_REPRESENTATION_CONTEXT(2) 
PARAMETRIC_REPRESENTATION_CONTEXT() REPRESENTATION_CONTEXT('2D SPACE',''
  ) );
#1012 = PCURVE('',#1013,#1018);
#1013 = PLANE('',#1014);
#1014 = AXIS2_PLACEMENT_3D('',#1015,#1016,#1017);
#1015 = CARTESIAN_POINT('',(1.,7.480736583911,14.374407106767));
#1016 = DIRECTION('',(-0.,0.991444861374,0.13052619222));
#1017 = DIRECTION('',(0.,0.13052619222,-0.991444861374));
#1018 = DEFINITIONAL_REPRESENTATION('',(#1019),#1023);
#1019 = LINE('',#1020,#1021);
#1020 = CARTESIAN_POINT('',(0.,0.));
#1021 = VECTOR('',#1022,1.);
#1022 = DIRECTION('',(1.,0.));
#1023 = ( GEOMETRIC_REPRESENTATION_CONTEXT(2) 
PARAMETRIC_REPRESENTATION_CONTEXT() REPRESENTATION_CONTEXT('2D SPACE',''
  ) );
#1024 = ORIENTED_EDGE('',*,*,#1025,.T.);
#1025 = EDGE_CURVE('',#998,#1026,#1028,.T.);
#1026 = VERTEX_POINT('',#1027);
#1027 = CARTESIAN_POINT('',(1.,20.092288453364,14.622668864021));
#1028 = SURFACE_CURVE('',#1029,(#1033,#1040),.PCURVE_S1.);
#1029 = LINE('',#1030,#1031);
#1030 = CARTESIAN_POINT('',(1.,7.663473253019,12.986384300843));
#1031 = VECTOR('',#1032,1.);
#1032 = DIRECTION('',(0.,0.991444861374,0.13052619222));
#1033 = PCURVE('',#45,#1034);
#1034 = DEFINITIONAL_REPRESENTATION('',(#1035),#1039);
#1035 = LINE('',#1036,#1037);
#1036 = CARTESIAN_POINT('',(7.663473253019,12.986384300843));
#1037 = VECTOR('',#1038,1.);
#1038 = DIRECTION('',(0.991444861374,0.13052619222));
#1039 = ( GEOMETRIC_REPRESENTATION_CONTEXT(2) 
PARAMETRIC_REPRESENTATION_CONTEXT() REPRESENTATION_CONTEXT('2D SPACE',''
  ) );
#1040 = PCURVE('',#1041,#1046);
#1041 = PLANE('',#1042);
#1042 = AXIS2_PLACEMENT_3D('',#1043,#1044,#1045);
#1043 = CARTESIAN_POINT('',(1.,7.663473253019,12.986384300843));
#1044 = DIRECTION('',(0.,-0.13052619222,0.991444861374));
#1045 = DIRECTION('',(0.,0.991444861374,0.13052619222));
#1046 = DEFINITIONAL_REPRESENTATION('',(#1047),#1051);
#1047 = LINE('',#1048,#1049);
#1048 = CARTESIAN_POINT('',(0.,0.));
#1049 = VECTOR('',#1050,1.);
#1050 = DIRECTION('',(1.,0.));
#1051 = ( GEOMETRIC_REPRESENTATION_CONTEXT(2) 
PARAMETRIC_REPRESENTATION_CONTEXT() REPRESENTATION_CONTEXT('2D SPACE',''
  ) );
#1052 = ORIENTED_EDGE('',*,*,#1053,.F.);
#1053 = EDGE_CURVE('',#1054,#1026,#1056,.T.);
#1054 = VERTEX_POINT('',#1055);
#1055 = CARTESIAN_POINT('',(1.,22.56008409234,10.419458035163));
#1056 = SURFACE_CURVE('',#1057,(#1062,#1069),.PCURVE_S1.);
#1057 = CIRCLE('',#1058,24.85);
#1058 = AXIS2_PLACEMENT_3D('',#1059,#1060,#1061);
#1059 = CARTESIAN_POINT('',(1.,0.,0.));
#1060 = DIRECTION('',(1.,0.,0.));
#1061 = DIRECTION('',(0.,1.,0.));
#1062 = PCURVE('',#45,#1063);
#1063 = DEFINITIONAL_REPRESENTATION('',(#1064),#1068);
#1064 = CIRCLE('',#1065,24.85);
#1065 = AXIS2_PLACEMENT_2D('',#1066,#1067);
#1066 = CARTESIAN_POINT('',(8.148619039341E-16,-5.336649226313E-16));
#1067 = DIRECTION('',(1.,0.));
#1068 = ( GEOMETRIC_REPRESENTATION_CONTEXT(2) 
PARAMETRIC_REPRESENTATION_CONTEXT() REPRESENTATION_CONTEXT('2D SPACE',''
  ) );
#1069 = PCURVE('',#1070,#1075);
#1070 = CYLINDRICAL_SURFACE('',#1071,24.85);
#1071 = AXIS2_PLACEMENT_3D('',#1072,#1073,#1074);
#1072 = CARTESIAN_POINT('',(1.,0.,0.));
#1073 = DIRECTION('',(-1.,-0.,-0.));
#1074 = DIRECTION('',(0.,1.,0.));
#1075 = DEFINITIONAL_REPRESENTATION('',(#1076),#1080);
#1076 = LINE('',#1077,#1078);
#1077 = CARTESIAN_POINT('',(-0.,0.));
#1078 = VECTOR('',#1079,1.);
#1079 = DIRECTION('',(-1.,0.));
#1080 = ( GEOMETRIC_REPRESENTATION_CONTEXT(2) 
PARAMETRIC_REPRESENTATION_CONTEXT() REPRESENTATION_CONTEXT('2D SPACE',''
  ) );
#1081 = ORIENTED_EDGE('',*,*,#1082,.T.);
#1082 = EDGE_CURVE('',#1054,#1083,#1085,.T.);
#1083 = VERTEX_POINT('',#1084);
#1084 = CARTESIAN_POINT('',(1.,10.946206987353,11.948453962708));
#1085 = SURFACE_CURVE('',#1086,(#1090,#1097),.PCURVE_S1.);
#1086 = LINE('',#1087,#1088);
#1087 = CARTESIAN_POINT('',(1.,24.529001588175,10.160245129293));
#1088 = VECTOR('',#1089,1.);
#1089 = DIRECTION('',(0.,-0.991444861374,0.13052619222));
#1090 = PCURVE('',#45,#1091);
#1091 = DEFINITIONAL_REPRESENTATION('',(#1092),#1096);
#1092 = LINE('',#1093,#1094);
#1093 = CARTESIAN_POINT('',(24.529001588175,10.160245129293));
#1094 = VECTOR('',#1095,1.);
#1095 = DIRECTION('',(-0.991444861374,0.13052619222));
#1096 = ( GEOMETRIC_REPRESENTATION_CONTEXT(2) 
PARAMETRIC_REPRESENTATION_CONTEXT() REPRESENTATION_CONTEXT('2D SPACE',''
  ) );
#1097 = PCURVE('',#1098,#1103);
#1098 = PLANE('',#1099);
#1099 = AXIS2_PLACEMENT_3D('',#1100,#1101,#1102);
#1100 = CARTESIAN_POINT('',(1.,22.56008409234,10.419458035163));
#1101 = DIRECTION('',(0.,-0.13052619222,-0.991444861374));
#1102 = DIRECTION('',(0.,-0.991444861374,0.13052619222));
#1103 = DEFINITIONAL_REPRESENTATION('',(#1104),#1108);
#1104 = LINE('',#1105,#1106);
#1105 = CARTESIAN_POINT('',(-1.985907207291,-0.));
#1106 = VECTOR('',#1107,1.);
#1107 = DIRECTION('',(1.,0.));
#1108 = ( GEOMETRIC_REPRESENTATION_CONTEXT(2) 
PARAMETRIC_REPRESENTATION_CONTEXT() REPRESENTATION_CONTEXT('2D SPACE',''
  ) );
#1109 = ORIENTED_EDGE('',*,*,#1110,.T.);
#1110 = EDGE_CURVE('',#1083,#1111,#1113,.T.);
#1111 = VERTEX_POINT('',#1112);
#1112 = CARTESIAN_POINT('',(1.,10.763470318245,10.560431156785));
#1113 = SURFACE_CURVE('',#1114,(#1118,#1125),.PCURVE_S1.);
#1114 = LINE('',#1115,#1116);
#1115 = CARTESIAN_POINT('',(1.,10.946206987353,11.948453962708));
#1116 = VECTOR('',#1117,1.);
#1117 = DIRECTION('',(0.,-0.13052619222,-0.991444861374));
#1118 = PCURVE('',#45,#1119);
#1119 = DEFINITIONAL_REPRESENTATION('',(#1120),#1124);
#1120 = LINE('',#1121,#1122);
#1121 = CARTESIAN_POINT('',(10.946206987353,11.948453962708));
#1122 = VECTOR('',#1123,1.);
#1123 = DIRECTION('',(-0.13052619222,-0.991444861374));
#1124 = ( GEOMETRIC_REPRESENTATION_CONTEXT(2) 
PARAMETRIC_REPRESENTATION_CONTEXT() REPRESENTATION_CONTEXT('2D SPACE',''
  ) );
#1125 = PCURVE('',#1126,#1131);
#1126 = PLANE('',#1127);
#1127 = AXIS2_PLACEMENT_3D('',#1128,#1129,#1130);
#1128 = CARTESIAN_POINT('',(1.,10.946206987353,11.948453962708));
#1129 = DIRECTION('',(0.,0.991444861374,-0.13052619222));
#1130 = DIRECTION('',(0.,-0.13052619222,-0.991444861374));
#1131 = DEFINITIONAL_REPRESENTATION('',(#1132),#1136);
#1132 = LINE('',#1133,#1134);
#1133 = CARTESIAN_POINT('',(0.,0.));
#1134 = VECTOR('',#1135,1.);
#1135 = DIRECTION('',(1.,0.));
#1136 = ( GEOMETRIC_REPRESENTATION_CONTEXT(2) 
PARAMETRIC_REPRESENTATION_CONTEXT() REPRESENTATION_CONTEXT('2D SPACE',''
  ) );
#1137 = ORIENTED_EDGE('',*,*,#1138,.T.);
#1138 = EDGE_CURVE('',#1111,#1139,#1141,.T.);
#1139 = VERTEX_POINT('',#1140);
#1140 = CARTESIAN_POINT('',(1.,23.192285518591,8.924146593607));
#1141 = SURFACE_CURVE('',#1142,(#1146,#1153),.PCURVE_S1.);
#1142 = LINE('',#1143,#1144);
#1143 = CARTESIAN_POINT('',(1.,10.763470318245,10.560431156785));
#1144 = VECTOR('',#1145,1.);
#1145 = DIRECTION('',(0.,0.991444861374,-0.13052619222));
#1146 = PCURVE('',#45,#1147);
#1147 = DEFINITIONAL_REPRESENTATION('',(#1148),#1152);
#1148 = LINE('',#1149,#1150);
#1149 = CARTESIAN_POINT('',(10.763470318245,10.560431156785));
#1150 = VECTOR('',#1151,1.);
#1151 = DIRECTION('',(0.991444861374,-0.13052619222));
#1152 = ( GEOMETRIC_REPRESENTATION_CONTEXT(2) 
PARAMETRIC_REPRESENTATION_CONTEXT() REPRESENTATION_CONTEXT('2D SPACE',''
  ) );
#1153 = PCURVE('',#1154,#1159);
#1154 = PLANE('',#1155);
#1155 = AXIS2_PLACEMENT_3D('',#1156,#1157,#1158);
#1156 = CARTESIAN_POINT('',(1.,10.763470318245,10.560431156785));
#1157 = DIRECTION('',(-0.,0.13052619222,0.991444861374));
#1158 = DIRECTION('',(0.,0.991444861374,-0.13052619222));
#1159 = DEFINITIONAL_REPRESENTATION('',(#1160),#1164);
#1160 = LINE('',#1161,#1162);
#1161 = CARTESIAN_POINT('',(0.,0.));
#1162 = VECTOR('',#1163,1.);
#1163 = DIRECTION('',(1.,0.));
#1164 = ( GEOMETRIC_REPRESENTATION_CONTEXT(2) 
PARAMETRIC_REPRESENTATION_CONTEXT() REPRESENTATION_CONTEXT('2D SPACE',''
  ) );
#1165 = ORIENTED_EDGE('',*,*,#1166,.F.);
#1166 = EDGE_CURVE('',#1167,#1139,#1169,.T.);
#1167 = VERTEX_POINT('',#1168);
#1168 = CARTESIAN_POINT('',(1.,24.488122047191,4.225444189888));
#1169 = SURFACE_CURVE('',#1170,(#1175,#1182),.PCURVE_S1.);
#1170 = CIRCLE('',#1171,24.85);
#1171 = AXIS2_PLACEMENT_3D('',#1172,#1173,#1174);
#1172 = CARTESIAN_POINT('',(1.,0.,0.));
#1173 = DIRECTION('',(1.,0.,0.));
#1174 = DIRECTION('',(0.,1.,0.));
#1175 = PCURVE('',#45,#1176);
#1176 = DEFINITIONAL_REPRESENTATION('',(#1177),#1181);
#1177 = CIRCLE('',#1178,24.85);
#1178 = AXIS2_PLACEMENT_2D('',#1179,#1180);
#1179 = CARTESIAN_POINT('',(8.148619039341E-16,-5.336649226313E-16));
#1180 = DIRECTION('',(1.,0.));
#1181 = ( GEOMETRIC_REPRESENTATION_CONTEXT(2) 
PARAMETRIC_REPRESENTATION_CONTEXT() REPRESENTATION_CONTEXT('2D SPACE',''
  ) );
#1182 = PCURVE('',#1183,#1188);
#1183 = CYLINDRICAL_SURFACE('',#1184,24.85);
#1184 = AXIS2_PLACEMENT_3D('',#1185,#1186,#1187);
#1185 = CARTESIAN_POINT('',(1.,0.,0.));
#1186 = DIRECTION('',(-1.,-0.,-0.));
#1187 = DIRECTION('',(0.,1.,0.));
#1188 = DEFINITIONAL_REPRESENTATION('',(#1189),#1193);
#1189 = LINE('',#1190,#1191);
#1190 = CARTESIAN_POINT('',(-0.,0.));
#1191 = VECTOR('',#1192,1.);
#1192 = DIRECTION('',(-1.,0.));
#1193 = ( GEOMETRIC_REPRESENTATION_CONTEXT(2) 
PARAMETRIC_REPRESENTATION_CONTEXT() REPRESENTATION_CONTEXT('2D SPACE',''
  ) );
#1194 = ORIENTED_EDGE('',*,*,#1195,.T.);
#1195 = EDGE_CURVE('',#1167,#1196,#1198,.T.);
#1196 = VERTEX_POINT('',#1197);
#1197 = CARTESIAN_POINT('',(1.,13.66571147407,8.708233426844));
#1198 = SURFACE_CURVE('',#1199,(#1203,#1210),.PCURVE_S1.);
#1199 = LINE('',#1200,#1201);
#1200 = CARTESIAN_POINT('',(1.,26.322861069475,3.465470403442));
#1201 = VECTOR('',#1202,1.);
#1202 = DIRECTION('',(0.,-0.923879532511,0.382683432365));
#1203 = PCURVE('',#45,#1204);
#1204 = DEFINITIONAL_REPRESENTATION('',(#1205),#1209);
#1205 = LINE('',#1206,#1207);
#1206 = CARTESIAN_POINT('',(26.322861069475,3.465470403442));
#1207 = VECTOR('',#1208,1.);
#1208 = DIRECTION('',(-0.923879532511,0.382683432365));
#1209 = ( GEOMETRIC_REPRESENTATION_CONTEXT(2) 
PARAMETRIC_REPRESENTATION_CONTEXT() REPRESENTATION_CONTEXT('2D SPACE',''
  ) );
#1210 = PCURVE('',#1211,#1216);
#1211 = PLANE('',#1212);
#1212 = AXIS2_PLACEMENT_3D('',#1213,#1214,#1215);
#1213 = CARTESIAN_POINT('',(1.,24.488122047191,4.225444189887));
#1214 = DIRECTION('',(0.,-0.382683432365,-0.923879532511));
#1215 = DIRECTION('',(0.,-0.923879532511,0.382683432365));
#1216 = DEFINITIONAL_REPRESENTATION('',(#1217),#1221);
#1217 = LINE('',#1218,#1219);
#1218 = CARTESIAN_POINT('',(-1.985907207292,-0.));
#1219 = VECTOR('',#1220,1.);
#1220 = DIRECTION('',(1.,0.));
#1221 = ( GEOMETRIC_REPRESENTATION_CONTEXT(2) 
PARAMETRIC_REPRESENTATION_CONTEXT() REPRESENTATION_CONTEXT('2D SPACE',''
  ) );
#1222 = ORIENTED_EDGE('',*,*,#1223,.T.);
#1223 = EDGE_CURVE('',#1196,#1224,#1226,.T.);
#1224 = VERTEX_POINT('',#1225);
#1225 = CARTESIAN_POINT('',(1.,13.129954668759,7.414802081328));
#1226 = SURFACE_CURVE('',#1227,(#1231,#1238),.PCURVE_S1.);
#1227 = LINE('',#1228,#1229);
#1228 = CARTESIAN_POINT('',(1.,13.66571147407,8.708233426844));
#1229 = VECTOR('',#1230,1.);
#1230 = DIRECTION('',(0.,-0.382683432365,-0.923879532511));
#1231 = PCURVE('',#45,#1232);
#1232 = DEFINITIONAL_REPRESENTATION('',(#1233),#1237);
#1233 = LINE('',#1234,#1235);
#1234 = CARTESIAN_POINT('',(13.66571147407,8.708233426844));
#1235 = VECTOR('',#1236,1.);
#1236 = DIRECTION('',(-0.382683432365,-0.923879532511));
#1237 = ( GEOMETRIC_REPRESENTATION_CONTEXT(2) 
PARAMETRIC_REPRESENTATION_CONTEXT() REPRESENTATION_CONTEXT('2D SPACE',''
  ) );
#1238 = PCURVE('',#1239,#1244);
#1239 = PLANE('',#1240);
#1240 = AXIS2_PLACEMENT_3D('',#1241,#1242,#1243);
#1241 = CARTESIAN_POINT('',(1.,13.66571147407,8.708233426844));
#1242 = DIRECTION('',(0.,0.923879532511,-0.382683432365));
#1243 = DIRECTION('',(0.,-0.382683432365,-0.923879532511));
#1244 = DEFINITIONAL_REPRESENTATION('',(#1245),#1249);
#1245 = LINE('',#1246,#1247);
#1246 = CARTESIAN_POINT('',(0.,0.));
#1247 = VECTOR('',#1248,1.);
#1248 = DIRECTION('',(1.,0.));
#1249 = ( GEOMETRIC_REPRESENTATION_CONTEXT(2) 
PARAMETRIC_REPRESENTATION_CONTEXT() REPRESENTATION_CONTEXT('2D SPACE',''
  ) );
#1250 = ORIENTED_EDGE('',*,*,#1251,.T.);
#1251 = EDGE_CURVE('',#1224,#1252,#1254,.T.);
#1252 = VERTEX_POINT('',#1253);
#1253 = CARTESIAN_POINT('',(1.,24.711766652789,2.617458480688));
#1254 = SURFACE_CURVE('',#1255,(#1259,#1266),.PCURVE_S1.);
#1255 = LINE('',#1256,#1257);
#1256 = CARTESIAN_POINT('',(1.,13.129954668759,7.414802081328));
#1257 = VECTOR('',#1258,1.);
#1258 = DIRECTION('',(0.,0.923879532511,-0.382683432365));
#1259 = PCURVE('',#45,#1260);
#1260 = DEFINITIONAL_REPRESENTATION('',(#1261),#1265);
#1261 = LINE('',#1262,#1263);
#1262 = CARTESIAN_POINT('',(13.129954668759,7.414802081328));
#1263 = VECTOR('',#1264,1.);
#1264 = DIRECTION('',(0.923879532511,-0.382683432365));
#1265 = ( GEOMETRIC_REPRESENTATION_CONTEXT(2) 
PARAMETRIC_REPRESENTATION_CONTEXT() REPRESENTATION_CONTEXT('2D SPACE',''
  ) );
#1266 = PCURVE('',#1267,#1272);
#1267 = PLANE('',#1268);
#1268 = AXIS2_PLACEMENT_3D('',#1269,#1270,#1271);
#1269 = CARTESIAN_POINT('',(1.,13.129954668759,7.414802081328));
#1270 = DIRECTION('',(-0.,0.382683432365,0.923879532511));
#1271 = DIRECTION('',(0.,0.923879532511,-0.382683432365));
#1272 = DEFINITIONAL_REPRESENTATION('',(#1273),#1277);
#1273 = LINE('',#1274,#1275);
#1274 = CARTESIAN_POINT('',(0.,0.));
#1275 = VECTOR('',#1276,1.);
#1276 = DIRECTION('',(1.,0.));
#1277 = ( GEOMETRIC_REPRESENTATION_CONTEXT(2) 
PARAMETRIC_REPRESENTATION_CONTEXT() REPRESENTATION_CONTEXT('2D SPACE',''
  ) );
#1278 = ORIENTED_EDGE('',*,*,#1279,.F.);
#1279 = EDGE_CURVE('',#1280,#1252,#1282,.T.);
#1280 = VERTEX_POINT('',#1281);
#1281 = CARTESIAN_POINT('',(1.,24.747334953062,-2.256526694054));
#1282 = SURFACE_CURVE('',#1283,(#1288,#1295),.PCURVE_S1.);
#1283 = CIRCLE('',#1284,24.85);
#1284 = AXIS2_PLACEMENT_3D('',#1285,#1286,#1287);
#1285 = CARTESIAN_POINT('',(1.,0.,0.));
#1286 = DIRECTION('',(1.,0.,0.));
#1287 = DIRECTION('',(0.,0.995868609781,-9.080590318123E-02));
#1288 = PCURVE('',#45,#1289);
#1289 = DEFINITIONAL_REPRESENTATION('',(#1290),#1294);
#1290 = CIRCLE('',#1291,24.85);
#1291 = AXIS2_PLACEMENT_2D('',#1292,#1293);
#1292 = CARTESIAN_POINT('',(8.148619039341E-16,-5.336649226313E-16));
#1293 = DIRECTION('',(0.995868609781,-9.080590318123E-02));
#1294 = ( GEOMETRIC_REPRESENTATION_CONTEXT(2) 
PARAMETRIC_REPRESENTATION_CONTEXT() REPRESENTATION_CONTEXT('2D SPACE',''
  ) );
#1295 = PCURVE('',#1296,#1301);
#1296 = CYLINDRICAL_SURFACE('',#1297,24.85);
#1297 = AXIS2_PLACEMENT_3D('',#1298,#1299,#1300);
#1298 = CARTESIAN_POINT('',(1.,0.,0.));
#1299 = DIRECTION('',(-1.,-0.,-0.));
#1300 = DIRECTION('',(0.,1.,0.));
#1301 = DEFINITIONAL_REPRESENTATION('',(#1302),#1306);
#1302 = LINE('',#1303,#1304);
#1303 = CARTESIAN_POINT('',(-6.192254145437,0.));
#1304 = VECTOR('',#1305,1.);
#1305 = DIRECTION('',(-1.,0.));
#1306 = ( GEOMETRIC_REPRESENTATION_CONTEXT(2) 
PARAMETRIC_REPRESENTATION_CONTEXT() REPRESENTATION_CONTEXT('2D SPACE',''
  ) );
#1307 = ORIENTED_EDGE('',*,*,#1308,.T.);
#1308 = EDGE_CURVE('',#1280,#1309,#1311,.T.);
#1309 = VERTEX_POINT('',#1310);
#1310 = CARTESIAN_POINT('',(1.,15.453920307485,4.874561173977));
#1311 = SURFACE_CURVE('',#1312,(#1316,#1323),.PCURVE_S1.);
#1312 = LINE('',#1313,#1314);
#1313 = CARTESIAN_POINT('',(1.,26.322861069475,-3.465470403442));
#1314 = VECTOR('',#1315,1.);
#1315 = DIRECTION('',(0.,-0.793353340291,0.608761429009));
#1316 = PCURVE('',#45,#1317);
#1317 = DEFINITIONAL_REPRESENTATION('',(#1318),#1322);
#1318 = LINE('',#1319,#1320);
#1319 = CARTESIAN_POINT('',(26.322861069475,-3.465470403442));
#1320 = VECTOR('',#1321,1.);
#1321 = DIRECTION('',(-0.793353340291,0.608761429009));
#1322 = ( GEOMETRIC_REPRESENTATION_CONTEXT(2) 
PARAMETRIC_REPRESENTATION_CONTEXT() REPRESENTATION_CONTEXT('2D SPACE',''
  ) );
#1323 = PCURVE('',#1324,#1329);
#1324 = PLANE('',#1325);
#1325 = AXIS2_PLACEMENT_3D('',#1326,#1327,#1328);
#1326 = CARTESIAN_POINT('',(1.,24.747334953062,-2.256526694053));
#1327 = DIRECTION('',(0.,-0.608761429009,-0.793353340291));
#1328 = DIRECTION('',(0.,-0.793353340291,0.608761429009));
#1329 = DEFINITIONAL_REPRESENTATION('',(#1330),#1334);
#1330 = LINE('',#1331,#1332);
#1331 = CARTESIAN_POINT('',(-1.985907207291,-0.));
#1332 = VECTOR('',#1333,1.);
#1333 = DIRECTION('',(1.,0.));
#1334 = ( GEOMETRIC_REPRESENTATION_CONTEXT(2) 
PARAMETRIC_REPRESENTATION_CONTEXT() REPRESENTATION_CONTEXT('2D SPACE',''
  ) );
#1335 = ORIENTED_EDGE('',*,*,#1336,.T.);
#1336 = EDGE_CURVE('',#1309,#1337,#1339,.T.);
#1337 = VERTEX_POINT('',#1338);
#1338 = CARTESIAN_POINT('',(1.,14.601654306873,3.763866497569));
#1339 = SURFACE_CURVE('',#1340,(#1344,#1351),.PCURVE_S1.);
#1340 = LINE('',#1341,#1342);
#1341 = CARTESIAN_POINT('',(1.,15.453920307485,4.874561173977));
#1342 = VECTOR('',#1343,1.);
#1343 = DIRECTION('',(0.,-0.608761429009,-0.793353340291));
#1344 = PCURVE('',#45,#1345);
#1345 = DEFINITIONAL_REPRESENTATION('',(#1346),#1350);
#1346 = LINE('',#1347,#1348);
#1347 = CARTESIAN_POINT('',(15.453920307485,4.874561173977));
#1348 = VECTOR('',#1349,1.);
#1349 = DIRECTION('',(-0.608761429009,-0.793353340291));
#1350 = ( GEOMETRIC_REPRESENTATION_CONTEXT(2) 
PARAMETRIC_REPRESENTATION_CONTEXT() REPRESENTATION_CONTEXT('2D SPACE',''
  ) );
#1351 = PCURVE('',#1352,#1357);
#1352 = PLANE('',#1353);
#1353 = AXIS2_PLACEMENT_3D('',#1354,#1355,#1356);
#1354 = CARTESIAN_POINT('',(1.,15.453920307485,4.874561173977));
#1355 = DIRECTION('',(0.,0.793353340291,-0.608761429009));
#1356 = DIRECTION('',(0.,-0.608761429009,-0.793353340291));
#1357 = DEFINITIONAL_REPRESENTATION('',(#1358),#1362);
#1358 = LINE('',#1359,#1360);
#1359 = CARTESIAN_POINT('',(0.,0.));
#1360 = VECTOR('',#1361,1.);
#1361 = DIRECTION('',(1.,0.));
#1362 = ( GEOMETRIC_REPRESENTATION_CONTEXT(2) 
PARAMETRIC_REPRESENTATION_CONTEXT() REPRESENTATION_CONTEXT('2D SPACE',''
  ) );
#1363 = ORIENTED_EDGE('',*,*,#1364,.T.);
#1364 = EDGE_CURVE('',#1337,#1365,#1367,.T.);
#1365 = VERTEX_POINT('',#1366);
#1366 = CARTESIAN_POINT('',(1.,24.547181727725,-3.867605102135));
#1367 = SURFACE_CURVE('',#1368,(#1372,#1379),.PCURVE_S1.);
#1368 = LINE('',#1369,#1370);
#1369 = CARTESIAN_POINT('',(1.,14.601654306873,3.763866497569));
#1370 = VECTOR('',#1371,1.);
#1371 = DIRECTION('',(0.,0.793353340291,-0.608761429009));
#1372 = PCURVE('',#45,#1373);
#1373 = DEFINITIONAL_REPRESENTATION('',(#1374),#1378);
#1374 = LINE('',#1375,#1376);
#1375 = CARTESIAN_POINT('',(14.601654306873,3.763866497569));
#1376 = VECTOR('',#1377,1.);
#1377 = DIRECTION('',(0.793353340291,-0.608761429009));
#1378 = ( GEOMETRIC_REPRESENTATION_CONTEXT(2) 
PARAMETRIC_REPRESENTATION_CONTEXT() REPRESENTATION_CONTEXT('2D SPACE',''
  ) );
#1379 = PCURVE('',#1380,#1385);
#1380 = PLANE('',#1381);
#1381 = AXIS2_PLACEMENT_3D('',#1382,#1383,#1384);
#1382 = CARTESIAN_POINT('',(1.,14.601654306873,3.763866497569));
#1383 = DIRECTION('',(-0.,0.608761429009,0.793353340291));
#1384 = DIRECTION('',(0.,0.793353340291,-0.608761429009));
#1385 = DEFINITIONAL_REPRESENTATION('',(#1386),#1390);
#1386 = LINE('',#1387,#1388);
#1387 = CARTESIAN_POINT('',(0.,0.));
#1388 = VECTOR('',#1389,1.);
#1389 = DIRECTION('',(1.,0.));
#1390 = ( GEOMETRIC_REPRESENTATION_CONTEXT(2) 
PARAMETRIC_REPRESENTATION_CONTEXT() REPRESENTATION_CONTEXT('2D SPACE',''
  ) );
#1391 = ORIENTED_EDGE('',*,*,#1392,.F.);
#1392 = EDGE_CURVE('',#1393,#1365,#1395,.T.);
#1393 = VERTEX_POINT('',#1394);
#1394 = CARTESIAN_POINT('',(1.,23.320057878785,-8.584719012881));
#1395 = SURFACE_CURVE('',#1396,(#1401,#1408),.PCURVE_S1.);
#1396 = CIRCLE('',#1397,24.85);
#1397 = AXIS2_PLACEMENT_3D('',#1398,#1399,#1400);
#1398 = CARTESIAN_POINT('',(1.,0.,0.));
#1399 = DIRECTION('',(1.,0.,0.));
#1400 = DIRECTION('',(0.,1.,0.));
#1401 = PCURVE('',#45,#1402);
#1402 = DEFINITIONAL_REPRESENTATION('',(#1403),#1407);
#1403 = CIRCLE('',#1404,24.85);
#1404 = AXIS2_PLACEMENT_2D('',#1405,#1406);
#1405 = CARTESIAN_POINT('',(8.148619039341E-16,-5.336649226313E-16));
#1406 = DIRECTION('',(1.,0.));
#1407 = ( GEOMETRIC_REPRESENTATION_CONTEXT(2) 
PARAMETRIC_REPRESENTATION_CONTEXT() REPRESENTATION_CONTEXT('2D SPACE',''
  ) );
#1408 = PCURVE('',#1409,#1414);
#1409 = CYLINDRICAL_SURFACE('',#1410,24.85);
#1410 = AXIS2_PLACEMENT_3D('',#1411,#1412,#1413);
#1411 = CARTESIAN_POINT('',(1.,0.,0.));
#1412 = DIRECTION('',(-1.,-0.,-0.));
#1413 = DIRECTION('',(0.,1.,0.));
#1414 = DEFINITIONAL_REPRESENTATION('',(#1415),#1419);
#1415 = LINE('',#1416,#1417);
#1416 = CARTESIAN_POINT('',(-0.,0.));
#1417 = VECTOR('',#1418,1.);
#1418 = DIRECTION('',(-1.,0.));
#1419 = ( GEOMETRIC_REPRESENTATION_CONTEXT(2) 
PARAMETRIC_REPRESENTATION_CONTEXT() REPRESENTATION_CONTEXT('2D SPACE',''
  ) );
#1420 = ORIENTED_EDGE('',*,*,#1421,.T.);
#1421 = EDGE_CURVE('',#1393,#1422,#1424,.T.);
#1422 = VERTEX_POINT('',#1423);
#1423 = CARTESIAN_POINT('',(1.,16.188970010755,0.708695632697));
#1424 = SURFACE_CURVE('',#1425,(#1429,#1436),.PCURVE_S1.);
#1425 = LINE('',#1426,#1427);
#1426 = CARTESIAN_POINT('',(1.,24.529001588175,-10.16024512929));
#1427 = VECTOR('',#1428,1.);
#1428 = DIRECTION('',(0.,-0.608761429009,0.793353340291));
#1429 = PCURVE('',#45,#1430);
#1430 = DEFINITIONAL_REPRESENTATION('',(#1431),#1435);
#1431 = LINE('',#1432,#1433);
#1432 = CARTESIAN_POINT('',(24.529001588175,-10.16024512929));
#1433 = VECTOR('',#1434,1.);
#1434 = DIRECTION('',(-0.608761429009,0.793353340291));
#1435 = ( GEOMETRIC_REPRESENTATION_CONTEXT(2) 
PARAMETRIC_REPRESENTATION_CONTEXT() REPRESENTATION_CONTEXT('2D SPACE',''
  ) );
#1436 = PCURVE('',#1437,#1442);
#1437 = PLANE('',#1438);
#1438 = AXIS2_PLACEMENT_3D('',#1439,#1440,#1441);
#1439 = CARTESIAN_POINT('',(1.,23.320057878786,-8.584719012881));
#1440 = DIRECTION('',(0.,-0.793353340291,-0.608761429009));
#1441 = DIRECTION('',(0.,-0.608761429009,0.793353340291));
#1442 = DEFINITIONAL_REPRESENTATION('',(#1443),#1447);
#1443 = LINE('',#1444,#1445);
#1444 = CARTESIAN_POINT('',(-1.98590720729,-0.));
#1445 = VECTOR('',#1446,1.);
#1446 = DIRECTION('',(1.,0.));
#1447 = ( GEOMETRIC_REPRESENTATION_CONTEXT(2) 
PARAMETRIC_REPRESENTATION_CONTEXT() REPRESENTATION_CONTEXT('2D SPACE',''
  ) );
#1448 = ORIENTED_EDGE('',*,*,#1449,.T.);
#1449 = EDGE_CURVE('',#1422,#1450,#1452,.T.);
#1450 = VERTEX_POINT('',#1451);
#1451 = CARTESIAN_POINT('',(1.,15.078275334347,-0.143570367915));
#1452 = SURFACE_CURVE('',#1453,(#1457,#1464),.PCURVE_S1.);
#1453 = LINE('',#1454,#1455);
#1454 = CARTESIAN_POINT('',(1.,16.188970010755,0.708695632697));
#1455 = VECTOR('',#1456,1.);
#1456 = DIRECTION('',(0.,-0.793353340291,-0.608761429009));
#1457 = PCURVE('',#45,#1458);
#1458 = DEFINITIONAL_REPRESENTATION('',(#1459),#1463);
#1459 = LINE('',#1460,#1461);
#1460 = CARTESIAN_POINT('',(16.188970010755,0.708695632697));
#1461 = VECTOR('',#1462,1.);
#1462 = DIRECTION('',(-0.793353340291,-0.608761429009));
#1463 = ( GEOMETRIC_REPRESENTATION_CONTEXT(2) 
PARAMETRIC_REPRESENTATION_CONTEXT() REPRESENTATION_CONTEXT('2D SPACE',''
  ) );
#1464 = PCURVE('',#1465,#1470);
#1465 = PLANE('',#1466);
#1466 = AXIS2_PLACEMENT_3D('',#1467,#1468,#1469);
#1467 = CARTESIAN_POINT('',(1.,16.188970010755,0.708695632697));
#1468 = DIRECTION('',(0.,0.608761429009,-0.793353340291));
#1469 = DIRECTION('',(0.,-0.793353340291,-0.608761429009));
#1470 = DEFINITIONAL_REPRESENTATION('',(#1471),#1475);
#1471 = LINE('',#1472,#1473);
#1472 = CARTESIAN_POINT('',(0.,0.));
#1473 = VECTOR('',#1474,1.);
#1474 = DIRECTION('',(1.,0.));
#1475 = ( GEOMETRIC_REPRESENTATION_CONTEXT(2) 
PARAMETRIC_REPRESENTATION_CONTEXT() REPRESENTATION_CONTEXT('2D SPACE',''
  ) );
#1476 = ORIENTED_EDGE('',*,*,#1477,.T.);
#1477 = EDGE_CURVE('',#1450,#1478,#1480,.T.);
#1478 = VERTEX_POINT('',#1479);
#1479 = CARTESIAN_POINT('',(1.,22.709746934052,-10.08909778876));
#1480 = SURFACE_CURVE('',#1481,(#1485,#1492),.PCURVE_S1.);
#1481 = LINE('',#1482,#1483);
#1482 = CARTESIAN_POINT('',(1.,15.078275334347,-0.143570367915));
#1483 = VECTOR('',#1484,1.);
#1484 = DIRECTION('',(0.,0.608761429009,-0.793353340291));
#1485 = PCURVE('',#45,#1486);
#1486 = DEFINITIONAL_REPRESENTATION('',(#1487),#1491);
#1487 = LINE('',#1488,#1489);
#1488 = CARTESIAN_POINT('',(15.078275334347,-0.143570367915));
#1489 = VECTOR('',#1490,1.);
#1490 = DIRECTION('',(0.608761429009,-0.793353340291));
#1491 = ( GEOMETRIC_REPRESENTATION_CONTEXT(2) 
PARAMETRIC_REPRESENTATION_CONTEXT() REPRESENTATION_CONTEXT('2D SPACE',''
  ) );
#1492 = PCURVE('',#1493,#1498);
#1493 = PLANE('',#1494);
#1494 = AXIS2_PLACEMENT_3D('',#1495,#1496,#1497);
#1495 = CARTESIAN_POINT('',(1.,15.078275334347,-0.143570367915));
#1496 = DIRECTION('',(-0.,0.793353340291,0.608761429009));
#1497 = DIRECTION('',(0.,0.608761429009,-0.793353340291));
#1498 = DEFINITIONAL_REPRESENTATION('',(#1499),#1503);
#1499 = LINE('',#1500,#1501);
#1500 = CARTESIAN_POINT('',(0.,0.));
#1501 = VECTOR('',#1502,1.);
#1502 = DIRECTION('',(1.,0.));
#1503 = ( GEOMETRIC_REPRESENTATION_CONTEXT(2) 
PARAMETRIC_REPRESENTATION_CONTEXT() REPRESENTATION_CONTEXT('2D SPACE',''
  ) );
#1504 = ORIENTED_EDGE('',*,*,#1505,.F.);
#1505 = EDGE_CURVE('',#1506,#1478,#1508,.T.);
#1506 = VERTEX_POINT('',#1507);
#1507 = CARTESIAN_POINT('',(1.,20.303557398288,-14.32787691789));
#1508 = SURFACE_CURVE('',#1509,(#1514,#1521),.PCURVE_S1.);
#1509 = CIRCLE('',#1510,24.85);
#1510 = AXIS2_PLACEMENT_3D('',#1511,#1512,#1513);
#1511 = CARTESIAN_POINT('',(1.,0.,0.));
#1512 = DIRECTION('',(1.,0.,0.));
#1513 = DIRECTION('',(0.,1.,0.));
#1514 = PCURVE('',#45,#1515);
#1515 = DEFINITIONAL_REPRESENTATION('',(#1516),#1520);
#1516 = CIRCLE('',#1517,24.85);
#1517 = AXIS2_PLACEMENT_2D('',#1518,#1519);
#1518 = CARTESIAN_POINT('',(8.148619039341E-16,-5.336649226313E-16));
#1519 = DIRECTION('',(1.,0.));
#1520 = ( GEOMETRIC_REPRESENTATION_CONTEXT(2) 
PARAMETRIC_REPRESENTATION_CONTEXT() REPRESENTATION_CONTEXT('2D SPACE',''
  ) );
#1521 = PCURVE('',#1522,#1527);
#1522 = CYLINDRICAL_SURFACE('',#1523,24.85);
#1523 = AXIS2_PLACEMENT_3D('',#1524,#1525,#1526);
#1524 = CARTESIAN_POINT('',(1.,0.,0.));
#1525 = DIRECTION('',(-1.,-0.,-0.));
#1526 = DIRECTION('',(0.,1.,0.));
#1527 = DEFINITIONAL_REPRESENTATION('',(#1528),#1532);
#1528 = LINE('',#1529,#1530);
#1529 = CARTESIAN_POINT('',(-0.,0.));
#1530 = VECTOR('',#1531,1.);
#1531 = DIRECTION('',(-1.,0.));
#1532 = ( GEOMETRIC_REPRESENTATION_CONTEXT(2) 
PARAMETRIC_REPRESENTATION_CONTEXT() REPRESENTATION_CONTEXT('2D SPACE',''
  ) );
#1533 = ORIENTED_EDGE('',*,*,#1534,.T.);
#1534 = EDGE_CURVE('',#1506,#1535,#1537,.T.);
#1535 = VERTEX_POINT('',#1536);
#1536 = CARTESIAN_POINT('',(1.,15.820768161331,-3.505466344777));
#1537 = SURFACE_CURVE('',#1538,(#1542,#1549),.PCURVE_S1.);
#1538 = LINE('',#1539,#1540);
#1539 = CARTESIAN_POINT('',(1.,21.063531184732,-16.16261594018));
#1540 = VECTOR('',#1541,1.);
#1541 = DIRECTION('',(0.,-0.382683432365,0.923879532511));
#1542 = PCURVE('',#45,#1543);
#1543 = DEFINITIONAL_REPRESENTATION('',(#1544),#1548);
#1544 = LINE('',#1545,#1546);
#1545 = CARTESIAN_POINT('',(21.063531184732,-16.16261594018));
#1546 = VECTOR('',#1547,1.);
#1547 = DIRECTION('',(-0.382683432365,0.923879532511));
#1548 = ( GEOMETRIC_REPRESENTATION_CONTEXT(2) 
PARAMETRIC_REPRESENTATION_CONTEXT() REPRESENTATION_CONTEXT('2D SPACE',''
  ) );
#1549 = PCURVE('',#1550,#1555);
#1550 = PLANE('',#1551);
#1551 = AXIS2_PLACEMENT_3D('',#1552,#1553,#1554);
#1552 = CARTESIAN_POINT('',(1.,20.303557398287,-14.32787691789));
#1553 = DIRECTION('',(0.,-0.923879532511,-0.382683432365));
#1554 = DIRECTION('',(0.,-0.382683432365,0.923879532511));
#1555 = DEFINITIONAL_REPRESENTATION('',(#1556),#1560);
#1556 = LINE('',#1557,#1558);
#1557 = CARTESIAN_POINT('',(-1.985907207292,-0.));
#1558 = VECTOR('',#1559,1.);
#1559 = DIRECTION('',(1.,0.));
#1560 = ( GEOMETRIC_REPRESENTATION_CONTEXT(2) 
PARAMETRIC_REPRESENTATION_CONTEXT() REPRESENTATION_CONTEXT('2D SPACE',''
  ) );
#1561 = ORIENTED_EDGE('',*,*,#1562,.T.);
#1562 = EDGE_CURVE('',#1535,#1563,#1565,.T.);
#1563 = VERTEX_POINT('',#1564);
#1564 = CARTESIAN_POINT('',(1.,14.527336815815,-4.041223150088));
#1565 = SURFACE_CURVE('',#1566,(#1570,#1577),.PCURVE_S1.);
#1566 = LINE('',#1567,#1568);
#1567 = CARTESIAN_POINT('',(1.,15.820768161331,-3.505466344777));
#1568 = VECTOR('',#1569,1.);
#1569 = DIRECTION('',(0.,-0.923879532511,-0.382683432365));
#1570 = PCURVE('',#45,#1571);
#1571 = DEFINITIONAL_REPRESENTATION('',(#1572),#1576);
#1572 = LINE('',#1573,#1574);
#1573 = CARTESIAN_POINT('',(15.820768161331,-3.505466344777));
#1574 = VECTOR('',#1575,1.);
#1575 = DIRECTION('',(-0.923879532511,-0.382683432365));
#1576 = ( GEOMETRIC_REPRESENTATION_CONTEXT(2) 
PARAMETRIC_REPRESENTATION_CONTEXT() REPRESENTATION_CONTEXT('2D SPACE',''
  ) );
#1577 = PCURVE('',#1578,#1583);
#1578 = PLANE('',#1579);
#1579 = AXIS2_PLACEMENT_3D('',#1580,#1581,#1582);
#1580 = CARTESIAN_POINT('',(1.,15.820768161331,-3.505466344777));
#1581 = DIRECTION('',(0.,0.382683432365,-0.923879532511));
#1582 = DIRECTION('',(0.,-0.923879532511,-0.382683432365));
#1583 = DEFINITIONAL_REPRESENTATION('',(#1584),#1588);
#1584 = LINE('',#1585,#1586);
#1585 = CARTESIAN_POINT('',(0.,0.));
#1586 = VECTOR('',#1587,1.);
#1587 = DIRECTION('',(1.,0.));
#1588 = ( GEOMETRIC_REPRESENTATION_CONTEXT(2) 
PARAMETRIC_REPRESENTATION_CONTEXT() REPRESENTATION_CONTEXT('2D SPACE',''
  ) );
#1589 = ORIENTED_EDGE('',*,*,#1590,.T.);
#1590 = EDGE_CURVE('',#1563,#1591,#1593,.T.);
#1591 = VERTEX_POINT('',#1592);
#1592 = CARTESIAN_POINT('',(1.,19.324680416455,-15.62303513411));
#1593 = SURFACE_CURVE('',#1594,(#1598,#1605),.PCURVE_S1.);
#1594 = LINE('',#1595,#1596);
#1595 = CARTESIAN_POINT('',(1.,14.527336815815,-4.041223150088));
#1596 = VECTOR('',#1597,1.);
#1597 = DIRECTION('',(0.,0.382683432365,-0.923879532511));
#1598 = PCURVE('',#45,#1599);
#1599 = DEFINITIONAL_REPRESENTATION('',(#1600),#1604);
#1600 = LINE('',#1601,#1602);
#1601 = CARTESIAN_POINT('',(14.527336815815,-4.041223150088));
#1602 = VECTOR('',#1603,1.);
#1603 = DIRECTION('',(0.382683432365,-0.923879532511));
#1604 = ( GEOMETRIC_REPRESENTATION_CONTEXT(2) 
PARAMETRIC_REPRESENTATION_CONTEXT() REPRESENTATION_CONTEXT('2D SPACE',''
  ) );
#1605 = PCURVE('',#1606,#1611);
#1606 = PLANE('',#1607);
#1607 = AXIS2_PLACEMENT_3D('',#1608,#1609,#1610);
#1608 = CARTESIAN_POINT('',(1.,14.527336815815,-4.041223150088));
#1609 = DIRECTION('',(-0.,0.923879532511,0.382683432365));
#1610 = DIRECTION('',(0.,0.382683432365,-0.923879532511));
#1611 = DEFINITIONAL_REPRESENTATION('',(#1612),#1616);
#1612 = LINE('',#1613,#1614);
#1613 = CARTESIAN_POINT('',(0.,0.));
#1614 = VECTOR('',#1615,1.);
#1615 = DIRECTION('',(1.,0.));
#1616 = ( GEOMETRIC_REPRESENTATION_CONTEXT(2) 
PARAMETRIC_REPRESENTATION_CONTEXT() REPRESENTATION_CONTEXT('2D SPACE',''
  ) );
#1617 = ORIENTED_EDGE('',*,*,#1618,.F.);
#1618 = EDGE_CURVE('',#1619,#1591,#1621,.T.);
#1619 = VERTEX_POINT('',#1620);
#1620 = CARTESIAN_POINT('',(1.,15.903403034311,-19.09461368889));
#1621 = SURFACE_CURVE('',#1622,(#1627,#1634),.PCURVE_S1.);
#1622 = CIRCLE('',#1623,24.85);
#1623 = AXIS2_PLACEMENT_3D('',#1624,#1625,#1626);
#1624 = CARTESIAN_POINT('',(1.,0.,0.));
#1625 = DIRECTION('',(1.,0.,0.));
#1626 = DIRECTION('',(0.,1.,0.));
#1627 = PCURVE('',#45,#1628);
#1628 = DEFINITIONAL_REPRESENTATION('',(#1629),#1633);
#1629 = CIRCLE('',#1630,24.85);
#1630 = AXIS2_PLACEMENT_2D('',#1631,#1632);
#1631 = CARTESIAN_POINT('',(8.148619039341E-16,-5.336649226313E-16));
#1632 = DIRECTION('',(1.,0.));
#1633 = ( GEOMETRIC_REPRESENTATION_CONTEXT(2) 
PARAMETRIC_REPRESENTATION_CONTEXT() REPRESENTATION_CONTEXT('2D SPACE',''
  ) );
#1634 = PCURVE('',#1635,#1640);
#1635 = CYLINDRICAL_SURFACE('',#1636,24.85);
#1636 = AXIS2_PLACEMENT_3D('',#1637,#1638,#1639);
#1637 = CARTESIAN_POINT('',(1.,0.,0.));
#1638 = DIRECTION('',(-1.,-0.,-0.));
#1639 = DIRECTION('',(0.,1.,0.));
#1640 = DEFINITIONAL_REPRESENTATION('',(#1641),#1645);
#1641 = LINE('',#1642,#1643);
#1642 = CARTESIAN_POINT('',(-0.,0.));
#1643 = VECTOR('',#1644,1.);
#1644 = DIRECTION('',(-1.,0.));
#1645 = ( GEOMETRIC_REPRESENTATION_CONTEXT(2) 
PARAMETRIC_REPRESENTATION_CONTEXT() REPRESENTATION_CONTEXT('2D SPACE',''
  ) );
#1646 = ORIENTED_EDGE('',*,*,#1647,.T.);
#1647 = EDGE_CURVE('',#1619,#1648,#1650,.T.);
#1648 = VERTEX_POINT('',#1649);
#1649 = CARTESIAN_POINT('',(1.,14.374407106767,-7.480736583911));
#1650 = SURFACE_CURVE('',#1651,(#1655,#1662),.PCURVE_S1.);
#1651 = LINE('',#1652,#1653);
#1652 = CARTESIAN_POINT('',(1.,16.162615940182,-21.06353118473));
#1653 = VECTOR('',#1654,1.);
#1654 = DIRECTION('',(0.,-0.13052619222,0.991444861374));
#1655 = PCURVE('',#45,#1656);
#1656 = DEFINITIONAL_REPRESENTATION('',(#1657),#1661);
#1657 = LINE('',#1658,#1659);
#1658 = CARTESIAN_POINT('',(16.162615940182,-21.06353118473));
#1659 = VECTOR('',#1660,1.);
#1660 = DIRECTION('',(-0.13052619222,0.991444861374));
#1661 = ( GEOMETRIC_REPRESENTATION_CONTEXT(2) 
PARAMETRIC_REPRESENTATION_CONTEXT() REPRESENTATION_CONTEXT('2D SPACE',''
  ) );
#1662 = PCURVE('',#1663,#1668);
#1663 = PLANE('',#1664);
#1664 = AXIS2_PLACEMENT_3D('',#1665,#1666,#1667);
#1665 = CARTESIAN_POINT('',(1.,15.903403034311,-19.09461368889));
#1666 = DIRECTION('',(0.,-0.991444861374,-0.13052619222));
#1667 = DIRECTION('',(0.,-0.13052619222,0.991444861374));
#1668 = DEFINITIONAL_REPRESENTATION('',(#1669),#1673);
#1669 = LINE('',#1670,#1671);
#1670 = CARTESIAN_POINT('',(-1.985907207291,-0.));
#1671 = VECTOR('',#1672,1.);
#1672 = DIRECTION('',(1.,0.));
#1673 = ( GEOMETRIC_REPRESENTATION_CONTEXT(2) 
PARAMETRIC_REPRESENTATION_CONTEXT() REPRESENTATION_CONTEXT('2D SPACE',''
  ) );
#1674 = ORIENTED_EDGE('',*,*,#1675,.T.);
#1675 = EDGE_CURVE('',#1648,#1676,#1678,.T.);
#1676 = VERTEX_POINT('',#1677);
#1677 = CARTESIAN_POINT('',(1.,12.986384300843,-7.663473253019));
#1678 = SURFACE_CURVE('',#1679,(#1683,#1690),.PCURVE_S1.);
#1679 = LINE('',#1680,#1681);
#1680 = CARTESIAN_POINT('',(1.,14.374407106767,-7.480736583911));
#1681 = VECTOR('',#1682,1.);
#1682 = DIRECTION('',(0.,-0.991444861374,-0.13052619222));
#1683 = PCURVE('',#45,#1684);
#1684 = DEFINITIONAL_REPRESENTATION('',(#1685),#1689);
#1685 = LINE('',#1686,#1687);
#1686 = CARTESIAN_POINT('',(14.374407106767,-7.480736583911));
#1687 = VECTOR('',#1688,1.);
#1688 = DIRECTION('',(-0.991444861374,-0.13052619222));
#1689 = ( GEOMETRIC_REPRESENTATION_CONTEXT(2) 
PARAMETRIC_REPRESENTATION_CONTEXT() REPRESENTATION_CONTEXT('2D SPACE',''
  ) );
#1690 = PCURVE('',#1691,#1696);
#1691 = PLANE('',#1692);
#1692 = AXIS2_PLACEMENT_3D('',#1693,#1694,#1695);
#1693 = CARTESIAN_POINT('',(1.,14.374407106767,-7.480736583911));
#1694 = DIRECTION('',(0.,0.13052619222,-0.991444861374));
#1695 = DIRECTION('',(0.,-0.991444861374,-0.13052619222));
#1696 = DEFINITIONAL_REPRESENTATION('',(#1697),#1701);
#1697 = LINE('',#1698,#1699);
#1698 = CARTESIAN_POINT('',(0.,0.));
#1699 = VECTOR('',#1700,1.);
#1700 = DIRECTION('',(1.,0.));
#1701 = ( GEOMETRIC_REPRESENTATION_CONTEXT(2) 
PARAMETRIC_REPRESENTATION_CONTEXT() REPRESENTATION_CONTEXT('2D SPACE',''
  ) );
#1702 = ORIENTED_EDGE('',*,*,#1703,.T.);
#1703 = EDGE_CURVE('',#1676,#1704,#1706,.T.);
#1704 = VERTEX_POINT('',#1705);
#1705 = CARTESIAN_POINT('',(1.,14.622668864021,-20.09228845336));
#1706 = SURFACE_CURVE('',#1707,(#1711,#1718),.PCURVE_S1.);
#1707 = LINE('',#1708,#1709);
#1708 = CARTESIAN_POINT('',(1.,12.986384300843,-7.663473253019));
#1709 = VECTOR('',#1710,1.);
#1710 = DIRECTION('',(0.,0.13052619222,-0.991444861374));
#1711 = PCURVE('',#45,#1712);
#1712 = DEFINITIONAL_REPRESENTATION('',(#1713),#1717);
#1713 = LINE('',#1714,#1715);
#1714 = CARTESIAN_POINT('',(12.986384300843,-7.663473253019));
#1715 = VECTOR('',#1716,1.);
#1716 = DIRECTION('',(0.13052619222,-0.991444861374));
#1717 = ( GEOMETRIC_REPRESENTATION_CONTEXT(2) 
PARAMETRIC_REPRESENTATION_CONTEXT() REPRESENTATION_CONTEXT('2D SPACE',''
  ) );
#1718 = PCURVE('',#1719,#1724);
#1719 = PLANE('',#1720);
#1720 = AXIS2_PLACEMENT_3D('',#1721,#1722,#1723);
#1721 = CARTESIAN_POINT('',(1.,12.986384300843,-7.663473253019));
#1722 = DIRECTION('',(-0.,0.991444861374,0.13052619222));
#1723 = DIRECTION('',(0.,0.13052619222,-0.991444861374));
#1724 = DEFINITIONAL_REPRESENTATION('',(#1725),#1729);
#1725 = LINE('',#1726,#1727);
#1726 = CARTESIAN_POINT('',(0.,0.));
#1727 = VECTOR('',#1728,1.);
#1728 = DIRECTION('',(1.,0.));
#1729 = ( GEOMETRIC_REPRESENTATION_CONTEXT(2) 
PARAMETRIC_REPRESENTATION_CONTEXT() REPRESENTATION_CONTEXT('2D SPACE',''
  ) );
#1730 = ORIENTED_EDGE('',*,*,#1731,.F.);
#1731 = EDGE_CURVE('',#1732,#1704,#1734,.T.);
#1732 = VERTEX_POINT('',#1733);
#1733 = CARTESIAN_POINT('',(1.,10.419458035164,-22.56008409234));
#1734 = SURFACE_CURVE('',#1735,(#1740,#1747),.PCURVE_S1.);
#1735 = CIRCLE('',#1736,24.85);
#1736 = AXIS2_PLACEMENT_3D('',#1737,#1738,#1739);
#1737 = CARTESIAN_POINT('',(1.,0.,0.));
#1738 = DIRECTION('',(1.,0.,0.));
#1739 = DIRECTION('',(0.,1.,0.));
#1740 = PCURVE('',#45,#1741);
#1741 = DEFINITIONAL_REPRESENTATION('',(#1742),#1746);
#1742 = CIRCLE('',#1743,24.85);
#1743 = AXIS2_PLACEMENT_2D('',#1744,#1745);
#1744 = CARTESIAN_POINT('',(8.148619039341E-16,-5.336649226313E-16));
#1745 = DIRECTION('',(1.,0.));
#1746 = ( GEOMETRIC_REPRESENTATION_CONTEXT(2) 
PARAMETRIC_REPRESENTATION_CONTEXT() REPRESENTATION_CONTEXT('2D SPACE',''
  ) );
#1747 = PCURVE('',#1748,#1753);
#1748 = CYLINDRICAL_SURFACE('',#1749,24.85);
#1749 = AXIS2_PLACEMENT_3D('',#1750,#1751,#1752);
#1750 = CARTESIAN_POINT('',(1.,0.,0.));
#1751 = DIRECTION('',(-1.,-0.,-0.));
#1752 = DIRECTION('',(0.,1.,0.));
#1753 = DEFINITIONAL_REPRESENTATION('',(#1754),#1758);
#1754 = LINE('',#1755,#1756);
#1755 = CARTESIAN_POINT('',(-0.,0.));
#1756 = VECTOR('',#1757,1.);
#1757 = DIRECTION('',(-1.,0.));
#1758 = ( GEOMETRIC_REPRESENTATION_CONTEXT(2) 
PARAMETRIC_REPRESENTATION_CONTEXT() REPRESENTATION_CONTEXT('2D SPACE',''
  ) );
#1759 = ORIENTED_EDGE('',*,*,#1760,.T.);
#1760 = EDGE_CURVE('',#1732,#1761,#1763,.T.);
#1761 = VERTEX_POINT('',#1762);
#1762 = CARTESIAN_POINT('',(1.,11.948453962708,-10.94620698735));
#1763 = SURFACE_CURVE('',#1764,(#1768,#1775),.PCURVE_S1.);
#1764 = LINE('',#1765,#1766);
#1765 = CARTESIAN_POINT('',(1.,10.160245129293,-24.52900158817));
#1766 = VECTOR('',#1767,1.);
#1767 = DIRECTION('',(0.,0.13052619222,0.991444861374));
#1768 = PCURVE('',#45,#1769);
#1769 = DEFINITIONAL_REPRESENTATION('',(#1770),#1774);
#1770 = LINE('',#1771,#1772);
#1771 = CARTESIAN_POINT('',(10.160245129293,-24.52900158817));
#1772 = VECTOR('',#1773,1.);
#1773 = DIRECTION('',(0.13052619222,0.991444861374));
#1774 = ( GEOMETRIC_REPRESENTATION_CONTEXT(2) 
PARAMETRIC_REPRESENTATION_CONTEXT() REPRESENTATION_CONTEXT('2D SPACE',''
  ) );
#1775 = PCURVE('',#1776,#1781);
#1776 = PLANE('',#1777);
#1777 = AXIS2_PLACEMENT_3D('',#1778,#1779,#1780);
#1778 = CARTESIAN_POINT('',(1.,10.419458035163,-22.56008409234));
#1779 = DIRECTION('',(0.,-0.991444861374,0.13052619222));
#1780 = DIRECTION('',(0.,0.13052619222,0.991444861374));
#1781 = DEFINITIONAL_REPRESENTATION('',(#1782),#1786);
#1782 = LINE('',#1783,#1784);
#1783 = CARTESIAN_POINT('',(-1.985907207292,-0.));
#1784 = VECTOR('',#1785,1.);
#1785 = DIRECTION('',(1.,0.));
#1786 = ( GEOMETRIC_REPRESENTATION_CONTEXT(2) 
PARAMETRIC_REPRESENTATION_CONTEXT() REPRESENTATION_CONTEXT('2D SPACE',''
  ) );
#1787 = ORIENTED_EDGE('',*,*,#1788,.T.);
#1788 = EDGE_CURVE('',#1761,#1789,#1791,.T.);
#1789 = VERTEX_POINT('',#1790);
#1790 = CARTESIAN_POINT('',(1.,10.560431156785,-10.76347031824));
#1791 = SURFACE_CURVE('',#1792,(#1796,#1803),.PCURVE_S1.);
#1792 = LINE('',#1793,#1794);
#1793 = CARTESIAN_POINT('',(1.,11.948453962708,-10.94620698735));
#1794 = VECTOR('',#1795,1.);
#1795 = DIRECTION('',(0.,-0.991444861374,0.13052619222));
#1796 = PCURVE('',#45,#1797);
#1797 = DEFINITIONAL_REPRESENTATION('',(#1798),#1802);
#1798 = LINE('',#1799,#1800);
#1799 = CARTESIAN_POINT('',(11.948453962708,-10.94620698735));
#1800 = VECTOR('',#1801,1.);
#1801 = DIRECTION('',(-0.991444861374,0.13052619222));
#1802 = ( GEOMETRIC_REPRESENTATION_CONTEXT(2) 
PARAMETRIC_REPRESENTATION_CONTEXT() REPRESENTATION_CONTEXT('2D SPACE',''
  ) );
#1803 = PCURVE('',#1804,#1809);
#1804 = PLANE('',#1805);
#1805 = AXIS2_PLACEMENT_3D('',#1806,#1807,#1808);
#1806 = CARTESIAN_POINT('',(1.,11.948453962708,-10.94620698735));
#1807 = DIRECTION('',(0.,-0.13052619222,-0.991444861374));
#1808 = DIRECTION('',(0.,-0.991444861374,0.13052619222));
#1809 = DEFINITIONAL_REPRESENTATION('',(#1810),#1814);
#1810 = LINE('',#1811,#1812);
#1811 = CARTESIAN_POINT('',(0.,0.));
#1812 = VECTOR('',#1813,1.);
#1813 = DIRECTION('',(1.,0.));
#1814 = ( GEOMETRIC_REPRESENTATION_CONTEXT(2) 
PARAMETRIC_REPRESENTATION_CONTEXT() REPRESENTATION_CONTEXT('2D SPACE',''
  ) );
#1815 = ORIENTED_EDGE('',*,*,#1816,.T.);
#1816 = EDGE_CURVE('',#1789,#1817,#1819,.T.);
#1817 = VERTEX_POINT('',#1818);
#1818 = CARTESIAN_POINT('',(1.,8.924146593607,-23.19228551859));
#1819 = SURFACE_CURVE('',#1820,(#1824,#1831),.PCURVE_S1.);
#1820 = LINE('',#1821,#1822);
#1821 = CARTESIAN_POINT('',(1.,10.560431156785,-10.76347031824));
#1822 = VECTOR('',#1823,1.);
#1823 = DIRECTION('',(0.,-0.13052619222,-0.991444861374));
#1824 = PCURVE('',#45,#1825);
#1825 = DEFINITIONAL_REPRESENTATION('',(#1826),#1830);
#1826 = LINE('',#1827,#1828);
#1827 = CARTESIAN_POINT('',(10.560431156785,-10.76347031824));
#1828 = VECTOR('',#1829,1.);
#1829 = DIRECTION('',(-0.13052619222,-0.991444861374));
#1830 = ( GEOMETRIC_REPRESENTATION_CONTEXT(2) 
PARAMETRIC_REPRESENTATION_CONTEXT() REPRESENTATION_CONTEXT('2D SPACE',''
  ) );
#1831 = PCURVE('',#1832,#1837);
#1832 = PLANE('',#1833);
#1833 = AXIS2_PLACEMENT_3D('',#1834,#1835,#1836);
#1834 = CARTESIAN_POINT('',(1.,10.560431156785,-10.76347031824));
#1835 = DIRECTION('',(0.,0.991444861374,-0.13052619222));
#1836 = DIRECTION('',(0.,-0.13052619222,-0.991444861374));
#1837 = DEFINITIONAL_REPRESENTATION('',(#1838),#1842);
#1838 = LINE('',#1839,#1840);
#1839 = CARTESIAN_POINT('',(0.,0.));
#1840 = VECTOR('',#1841,1.);
#1841 = DIRECTION('',(1.,0.));
#1842 = ( GEOMETRIC_REPRESENTATION_CONTEXT(2) 
PARAMETRIC_REPRESENTATION_CONTEXT() REPRESENTATION_CONTEXT('2D SPACE',''
  ) );
#1843 = ORIENTED_EDGE('',*,*,#1844,.F.);
#1844 = EDGE_CURVE('',#1845,#1817,#1847,.T.);
#1845 = VERTEX_POINT('',#1846);
#1846 = CARTESIAN_POINT('',(1.,4.225444189888,-24.48812204719));
#1847 = SURFACE_CURVE('',#1848,(#1853,#1860),.PCURVE_S1.);
#1848 = CIRCLE('',#1849,24.85);
#1849 = AXIS2_PLACEMENT_3D('',#1850,#1851,#1852);
#1850 = CARTESIAN_POINT('',(1.,0.,0.));
#1851 = DIRECTION('',(1.,0.,0.));
#1852 = DIRECTION('',(0.,1.,0.));
#1853 = PCURVE('',#45,#1854);
#1854 = DEFINITIONAL_REPRESENTATION('',(#1855),#1859);
#1855 = CIRCLE('',#1856,24.85);
#1856 = AXIS2_PLACEMENT_2D('',#1857,#1858);
#1857 = CARTESIAN_POINT('',(8.148619039341E-16,-5.336649226313E-16));
#1858 = DIRECTION('',(1.,0.));
#1859 = ( GEOMETRIC_REPRESENTATION_CONTEXT(2) 
PARAMETRIC_REPRESENTATION_CONTEXT() REPRESENTATION_CONTEXT('2D SPACE',''
  ) );
#1860 = PCURVE('',#1861,#1866);
#1861 = CYLINDRICAL_SURFACE('',#1862,24.85);
#1862 = AXIS2_PLACEMENT_3D('',#1863,#1864,#1865);
#1863 = CARTESIAN_POINT('',(1.,0.,0.));
#1864 = DIRECTION('',(-1.,-0.,-0.));
#1865 = DIRECTION('',(0.,1.,0.));
#1866 = DEFINITIONAL_REPRESENTATION('',(#1867),#1871);
#1867 = LINE('',#1868,#1869);
#1868 = CARTESIAN_POINT('',(-0.,0.));
#1869 = VECTOR('',#1870,1.);
#1870 = DIRECTION('',(-1.,0.));
#1871 = ( GEOMETRIC_REPRESENTATION_CONTEXT(2) 
PARAMETRIC_REPRESENTATION_CONTEXT() REPRESENTATION_CONTEXT('2D SPACE',''
  ) );
#1872 = ORIENTED_EDGE('',*,*,#1873,.T.);
#1873 = EDGE_CURVE('',#1845,#1874,#1876,.T.);
#1874 = VERTEX_POINT('',#1875);
#1875 = CARTESIAN_POINT('',(1.,8.708233426844,-13.66571147407));
#1876 = SURFACE_CURVE('',#1877,(#1881,#1888),.PCURVE_S1.);
#1877 = LINE('',#1878,#1879);
#1878 = CARTESIAN_POINT('',(1.,3.465470403442,-26.32286106947));
#1879 = VECTOR('',#1880,1.);
#1880 = DIRECTION('',(0.,0.382683432365,0.923879532511));
#1881 = PCURVE('',#45,#1882);
#1882 = DEFINITIONAL_REPRESENTATION('',(#1883),#1887);
#1883 = LINE('',#1884,#1885);
#1884 = CARTESIAN_POINT('',(3.465470403442,-26.32286106947));
#1885 = VECTOR('',#1886,1.);
#1886 = DIRECTION('',(0.382683432365,0.923879532511));
#1887 = ( GEOMETRIC_REPRESENTATION_CONTEXT(2) 
PARAMETRIC_REPRESENTATION_CONTEXT() REPRESENTATION_CONTEXT('2D SPACE',''
  ) );
#1888 = PCURVE('',#1889,#1894);
#1889 = PLANE('',#1890);
#1890 = AXIS2_PLACEMENT_3D('',#1891,#1892,#1893);
#1891 = CARTESIAN_POINT('',(1.,4.225444189887,-24.48812204719));
#1892 = DIRECTION('',(0.,-0.923879532511,0.382683432365));
#1893 = DIRECTION('',(0.,0.382683432365,0.923879532511));
#1894 = DEFINITIONAL_REPRESENTATION('',(#1895),#1899);
#1895 = LINE('',#1896,#1897);
#1896 = CARTESIAN_POINT('',(-1.985907207292,-0.));
#1897 = VECTOR('',#1898,1.);
#1898 = DIRECTION('',(1.,0.));
#1899 = ( GEOMETRIC_REPRESENTATION_CONTEXT(2) 
PARAMETRIC_REPRESENTATION_CONTEXT() REPRESENTATION_CONTEXT('2D SPACE',''
  ) );
#1900 = ORIENTED_EDGE('',*,*,#1901,.T.);
#1901 = EDGE_CURVE('',#1874,#1902,#1904,.T.);
#1902 = VERTEX_POINT('',#1903);
#1903 = CARTESIAN_POINT('',(1.,7.414802081328,-13.12995466875));
#1904 = SURFACE_CURVE('',#1905,(#1909,#1916),.PCURVE_S1.);
#1905 = LINE('',#1906,#1907);
#1906 = CARTESIAN_POINT('',(1.,8.708233426844,-13.66571147407));
#1907 = VECTOR('',#1908,1.);
#1908 = DIRECTION('',(0.,-0.923879532511,0.382683432365));
#1909 = PCURVE('',#45,#1910);
#1910 = DEFINITIONAL_REPRESENTATION('',(#1911),#1915);
#1911 = LINE('',#1912,#1913);
#1912 = CARTESIAN_POINT('',(8.708233426844,-13.66571147407));
#1913 = VECTOR('',#1914,1.);
#1914 = DIRECTION('',(-0.923879532511,0.382683432365));
#1915 = ( GEOMETRIC_REPRESENTATION_CONTEXT(2) 
PARAMETRIC_REPRESENTATION_CONTEXT() REPRESENTATION_CONTEXT('2D SPACE',''
  ) );
#1916 = PCURVE('',#1917,#1922);
#1917 = PLANE('',#1918);
#1918 = AXIS2_PLACEMENT_3D('',#1919,#1920,#1921);
#1919 = CARTESIAN_POINT('',(1.,8.708233426844,-13.66571147407));
#1920 = DIRECTION('',(0.,-0.382683432365,-0.923879532511));
#1921 = DIRECTION('',(0.,-0.923879532511,0.382683432365));
#1922 = DEFINITIONAL_REPRESENTATION('',(#1923),#1927);
#1923 = LINE('',#1924,#1925);
#1924 = CARTESIAN_POINT('',(0.,0.));
#1925 = VECTOR('',#1926,1.);
#1926 = DIRECTION('',(1.,0.));
#1927 = ( GEOMETRIC_REPRESENTATION_CONTEXT(2) 
PARAMETRIC_REPRESENTATION_CONTEXT() REPRESENTATION_CONTEXT('2D SPACE',''
  ) );
#1928 = ORIENTED_EDGE('',*,*,#1929,.T.);
#1929 = EDGE_CURVE('',#1902,#1930,#1932,.T.);
#1930 = VERTEX_POINT('',#1931);
#1931 = CARTESIAN_POINT('',(1.,2.617458480688,-24.71176665278));
#1932 = SURFACE_CURVE('',#1933,(#1937,#1944),.PCURVE_S1.);
#1933 = LINE('',#1934,#1935);
#1934 = CARTESIAN_POINT('',(1.,7.414802081328,-13.12995466875));
#1935 = VECTOR('',#1936,1.);
#1936 = DIRECTION('',(0.,-0.382683432365,-0.923879532511));
#1937 = PCURVE('',#45,#1938);
#1938 = DEFINITIONAL_REPRESENTATION('',(#1939),#1943);
#1939 = LINE('',#1940,#1941);
#1940 = CARTESIAN_POINT('',(7.414802081328,-13.12995466875));
#1941 = VECTOR('',#1942,1.);
#1942 = DIRECTION('',(-0.382683432365,-0.923879532511));
#1943 = ( GEOMETRIC_REPRESENTATION_CONTEXT(2) 
PARAMETRIC_REPRESENTATION_CONTEXT() REPRESENTATION_CONTEXT('2D SPACE',''
  ) );
#1944 = PCURVE('',#1945,#1950);
#1945 = PLANE('',#1946);
#1946 = AXIS2_PLACEMENT_3D('',#1947,#1948,#1949);
#1947 = CARTESIAN_POINT('',(1.,7.414802081328,-13.12995466875));
#1948 = DIRECTION('',(0.,0.923879532511,-0.382683432365));
#1949 = DIRECTION('',(0.,-0.382683432365,-0.923879532511));
#1950 = DEFINITIONAL_REPRESENTATION('',(#1951),#1955);
#1951 = LINE('',#1952,#1953);
#1952 = CARTESIAN_POINT('',(0.,0.));
#1953 = VECTOR('',#1954,1.);
#1954 = DIRECTION('',(1.,0.));
#1955 = ( GEOMETRIC_REPRESENTATION_CONTEXT(2) 
PARAMETRIC_REPRESENTATION_CONTEXT() REPRESENTATION_CONTEXT('2D SPACE',''
  ) );
#1956 = ORIENTED_EDGE('',*,*,#1957,.F.);
#1957 = EDGE_CURVE('',#1958,#1930,#1960,.T.);
#1958 = VERTEX_POINT('',#1959);
#1959 = CARTESIAN_POINT('',(1.,-4.564870943822E-15,-24.85));
#1960 = SURFACE_CURVE('',#1961,(#1966,#1973),.PCURVE_S1.);
#1961 = CIRCLE('',#1962,24.85);
#1962 = AXIS2_PLACEMENT_3D('',#1963,#1964,#1965);
#1963 = CARTESIAN_POINT('',(1.,0.,0.));
#1964 = DIRECTION('',(1.,0.,0.));
#1965 = DIRECTION('',(0.,1.,0.));
#1966 = PCURVE('',#45,#1967);
#1967 = DEFINITIONAL_REPRESENTATION('',(#1968),#1972);
#1968 = CIRCLE('',#1969,24.85);
#1969 = AXIS2_PLACEMENT_2D('',#1970,#1971);
#1970 = CARTESIAN_POINT('',(8.148619039341E-16,-5.336649226313E-16));
#1971 = DIRECTION('',(1.,0.));
#1972 = ( GEOMETRIC_REPRESENTATION_CONTEXT(2) 
PARAMETRIC_REPRESENTATION_CONTEXT() REPRESENTATION_CONTEXT('2D SPACE',''
  ) );
#1973 = PCURVE('',#1974,#1979);
#1974 = CYLINDRICAL_SURFACE('',#1975,24.85);
#1975 = AXIS2_PLACEMENT_3D('',#1976,#1977,#1978);
#1976 = CARTESIAN_POINT('',(1.,0.,0.));
#1977 = DIRECTION('',(-1.,-0.,-0.));
#1978 = DIRECTION('',(0.,1.,0.));
#1979 = DEFINITIONAL_REPRESENTATION('',(#1980),#1984);
#1980 = LINE('',#1981,#1982);
#1981 = CARTESIAN_POINT('',(-0.,0.));
#1982 = VECTOR('',#1983,1.);
#1983 = DIRECTION('',(-1.,0.));
#1984 = ( GEOMETRIC_REPRESENTATION_CONTEXT(2) 
PARAMETRIC_REPRESENTATION_CONTEXT() REPRESENTATION_CONTEXT('2D SPACE',''
  ) );
#1985 = ORIENTED_EDGE('',*,*,#1986,.F.);
#1986 = EDGE_CURVE('',#532,#1958,#1987,.T.);
#1987 = SURFACE_CURVE('',#1988,(#1992,#1998),.PCURVE_S1.);
#1988 = LINE('',#1989,#1990);
#1989 = CARTESIAN_POINT('',(1.,0.,-100.));
#1990 = VECTOR('',#1991,1.);
#1991 = DIRECTION('',(0.,0.,1.));
#1992 = PCURVE('',#45,#1993);
#1993 = DEFINITIONAL_REPRESENTATION('',(#1994),#1997);
#1994 = B_SPLINE_CURVE_WITH_KNOTS('',1,(#1995,#1996),.UNSPECIFIED.,.F.,
  .F.,(2,2),(73.15,126.85),.PIECEWISE_BEZIER_KNOTS.);
#1995 = CARTESIAN_POINT('',(8.148619039341E-16,-26.85));
#1996 = CARTESIAN_POINT('',(8.148619039341E-16,26.85));
#1997 = ( GEOMETRIC_REPRESENTATION_CONTEXT(2) 
PARAMETRIC_REPRESENTATION_CONTEXT() REPRESENTATION_CONTEXT('2D SPACE',''
  ) );
#1998 = PCURVE('',#1999,#2004);
#1999 = PLANE('',#2000);
#2000 = AXIS2_PLACEMENT_3D('',#2001,#2002,#2003);
#2001 = CARTESIAN_POINT('',(-10.,0.,-200.));
#2002 = DIRECTION('',(0.,1.,0.));
#2003 = DIRECTION('',(0.,0.,1.));
#2004 = DEFINITIONAL_REPRESENTATION('',(#2005),#2008);
#2005 = B_SPLINE_CURVE_WITH_KNOTS('',1,(#2006,#2007),.UNSPECIFIED.,.F.,
  .F.,(2,2),(73.15,126.85),.PIECEWISE_BEZIER_KNOTS.);
#2006 = CARTESIAN_POINT('',(173.15,11.));
#2007 = CARTESIAN_POINT('',(226.85,11.));
#2008 = ( GEOMETRIC_REPRESENTATION_CONTEXT(2) 
PARAMETRIC_REPRESENTATION_CONTEXT() REPRESENTATION_CONTEXT('2D SPACE',''
  ) );
#2009 = ADVANCED_FACE('',(#2010),#127,.F.);
#2010 = FACE_BOUND('',#2011,.F.);
#2011 = EDGE_LOOP('',(#2012,#2013,#2034,#2053));
#2012 = ORIENTED_EDGE('',*,*,#114,.F.);
#2013 = ORIENTED_EDGE('',*,*,#2014,.F.);
#2014 = EDGE_CURVE('',#2015,#86,#2017,.T.);
#2015 = VERTEX_POINT('',#2016);
#2016 = CARTESIAN_POINT('',(147.5,1.521623647941E-15,24.85));
#2017 = SURFACE_CURVE('',#2018,(#2022,#2028),.PCURVE_S1.);
#2018 = LINE('',#2019,#2020);
#2019 = CARTESIAN_POINT('',(147.5,0.,-100.));
#2020 = VECTOR('',#2021,1.);
#2021 = DIRECTION('',(0.,0.,1.));
#2022 = PCURVE('',#127,#2023);
#2023 = DEFINITIONAL_REPRESENTATION('',(#2024),#2027);
#2024 = B_SPLINE_CURVE_WITH_KNOTS('',1,(#2025,#2026),.UNSPECIFIED.,.F.,
  .F.,(2,2),(73.15,126.85),.PIECEWISE_BEZIER_KNOTS.);
#2025 = CARTESIAN_POINT('',(173.15,157.5));
#2026 = CARTESIAN_POINT('',(226.85,157.5));
#2027 = ( GEOMETRIC_REPRESENTATION_CONTEXT(2) 
PARAMETRIC_REPRESENTATION_CONTEXT() REPRESENTATION_CONTEXT('2D SPACE',''
  ) );
#2028 = PCURVE('',#102,#2029);
#2029 = DEFINITIONAL_REPRESENTATION('',(#2030),#2033);
#2030 = B_SPLINE_CURVE_WITH_KNOTS('',1,(#2031,#2032),.UNSPECIFIED.,.F.,
  .F.,(2,2),(73.15,126.85),.PIECEWISE_BEZIER_KNOTS.);
#2031 = CARTESIAN_POINT('',(8.148619039341E-16,-26.85));
#2032 = CARTESIAN_POINT('',(8.148619039341E-16,26.85));
#2033 = ( GEOMETRIC_REPRESENTATION_CONTEXT(2) 
PARAMETRIC_REPRESENTATION_CONTEXT() REPRESENTATION_CONTEXT('2D SPACE',''
  ) );
#2034 = ORIENTED_EDGE('',*,*,#2035,.T.);
#2035 = EDGE_CURVE('',#2015,#557,#2036,.T.);
#2036 = SURFACE_CURVE('',#2037,(#2041,#2047),.PCURVE_S1.);
#2037 = LINE('',#2038,#2039);
#2038 = CARTESIAN_POINT('',(1.,0.,24.85));
#2039 = VECTOR('',#2040,1.);
#2040 = DIRECTION('',(-1.,-0.,-0.));
#2041 = PCURVE('',#127,#2042);
#2042 = DEFINITIONAL_REPRESENTATION('',(#2043),#2046);
#2043 = B_SPLINE_CURVE_WITH_KNOTS('',1,(#2044,#2045),.UNSPECIFIED.,.F.,
  .F.,(2,2),(-146.5000006,6.000000000173E-07),.PIECEWISE_BEZIER_KNOTS.);
#2044 = CARTESIAN_POINT('',(224.85,157.5000006));
#2045 = CARTESIAN_POINT('',(224.85,10.9999994));
#2046 = ( GEOMETRIC_REPRESENTATION_CONTEXT(2) 
PARAMETRIC_REPRESENTATION_CONTEXT() REPRESENTATION_CONTEXT('2D SPACE',''
  ) );
#2047 = PCURVE('',#594,#2048);
#2048 = DEFINITIONAL_REPRESENTATION('',(#2049),#2052);
#2049 = B_SPLINE_CURVE_WITH_KNOTS('',1,(#2050,#2051),.UNSPECIFIED.,.F.,
  .F.,(2,2),(-146.5000006,6.000000000173E-07),.PIECEWISE_BEZIER_KNOTS.);
#2050 = CARTESIAN_POINT('',(-1.570796326795,-146.5000006));
#2051 = CARTESIAN_POINT('',(-1.570796326795,6.000000000173E-07));
#2052 = ( GEOMETRIC_REPRESENTATION_CONTEXT(2) 
PARAMETRIC_REPRESENTATION_CONTEXT() REPRESENTATION_CONTEXT('2D SPACE',''
  ) );
#2053 = ORIENTED_EDGE('',*,*,#556,.T.);
#2054 = ADVANCED_FACE('',(#2055),#102,.T.);
#2055 = FACE_BOUND('',#2056,.T.);
#2056 = EDGE_LOOP('',(#2057,#2081,#2082,#2083,#2107,#2130,#2151,#2174,
    #2198,#2221,#2242,#2265,#2288,#2312,#2335,#2358,#2381,#2405,#2428,
    #2451,#2474,#2498,#2521,#2544,#2567,#2591,#2614,#2637,#2660,#2688,
    #2711,#2734,#2757,#2781,#2804,#2827,#2850,#2874,#2897,#2920,#2943,
    #2967,#2990,#3013,#3036,#3060,#3083,#3106,#3129,#3153,#3176,#3199,
    #3222,#3246));
#2057 = ORIENTED_EDGE('',*,*,#2058,.T.);
#2058 = EDGE_CURVE('',#2059,#58,#2061,.T.);
#2059 = VERTEX_POINT('',#2060);
#2060 = CARTESIAN_POINT('',(147.5,-4.932264983566E-15,-26.85));
#2061 = SURFACE_CURVE('',#2062,(#2067,#2074),.PCURVE_S1.);
#2062 = CIRCLE('',#2063,26.85);
#2063 = AXIS2_PLACEMENT_3D('',#2064,#2065,#2066);
#2064 = CARTESIAN_POINT('',(147.5,0.,0.));
#2065 = DIRECTION('',(1.,0.,0.));
#2066 = DIRECTION('',(0.,1.,0.));
#2067 = PCURVE('',#102,#2068);
#2068 = DEFINITIONAL_REPRESENTATION('',(#2069),#2073);
#2069 = CIRCLE('',#2070,26.85);
#2070 = AXIS2_PLACEMENT_2D('',#2071,#2072);
#2071 = CARTESIAN_POINT('',(8.148619039341E-16,-5.336649226313E-16));
#2072 = DIRECTION('',(1.,0.));
#2073 = ( GEOMETRIC_REPRESENTATION_CONTEXT(2) 
PARAMETRIC_REPRESENTATION_CONTEXT() REPRESENTATION_CONTEXT('2D SPACE',''
  ) );
#2074 = PCURVE('',#73,#2075);
#2075 = DEFINITIONAL_REPRESENTATION('',(#2076),#2080);
#2076 = LINE('',#2077,#2078);
#2077 = CARTESIAN_POINT('',(-0.,-146.5));
#2078 = VECTOR('',#2079,1.);
#2079 = DIRECTION('',(-1.,0.));
#2080 = ( GEOMETRIC_REPRESENTATION_CONTEXT(2) 
PARAMETRIC_REPRESENTATION_CONTEXT() REPRESENTATION_CONTEXT('2D SPACE',''
  ) );
#2081 = ORIENTED_EDGE('',*,*,#85,.T.);
#2082 = ORIENTED_EDGE('',*,*,#2014,.F.);
#2083 = ORIENTED_EDGE('',*,*,#2084,.F.);
#2084 = EDGE_CURVE('',#2085,#2015,#2087,.T.);
#2085 = VERTEX_POINT('',#2086);
#2086 = CARTESIAN_POINT('',(147.5,2.256526694053,24.747334953062));
#2087 = SURFACE_CURVE('',#2088,(#2093,#2100),.PCURVE_S1.);
#2088 = CIRCLE('',#2089,24.85);
#2089 = AXIS2_PLACEMENT_3D('',#2090,#2091,#2092);
#2090 = CARTESIAN_POINT('',(147.5,0.,0.));
#2091 = DIRECTION('',(1.,0.,0.));
#2092 = DIRECTION('',(0.,1.,0.));
#2093 = PCURVE('',#102,#2094);
#2094 = DEFINITIONAL_REPRESENTATION('',(#2095),#2099);
#2095 = CIRCLE('',#2096,24.85);
#2096 = AXIS2_PLACEMENT_2D('',#2097,#2098);
#2097 = CARTESIAN_POINT('',(8.148619039341E-16,-5.336649226313E-16));
#2098 = DIRECTION('',(1.,0.));
#2099 = ( GEOMETRIC_REPRESENTATION_CONTEXT(2) 
PARAMETRIC_REPRESENTATION_CONTEXT() REPRESENTATION_CONTEXT('2D SPACE',''
  ) );
#2100 = PCURVE('',#594,#2101);
#2101 = DEFINITIONAL_REPRESENTATION('',(#2102),#2106);
#2102 = LINE('',#2103,#2104);
#2103 = CARTESIAN_POINT('',(-0.,-146.5));
#2104 = VECTOR('',#2105,1.);
#2105 = DIRECTION('',(-1.,0.));
#2106 = ( GEOMETRIC_REPRESENTATION_CONTEXT(2) 
PARAMETRIC_REPRESENTATION_CONTEXT() REPRESENTATION_CONTEXT('2D SPACE',''
  ) );
#2107 = ORIENTED_EDGE('',*,*,#2108,.T.);
#2108 = EDGE_CURVE('',#2085,#2109,#2111,.T.);
#2109 = VERTEX_POINT('',#2110);
#2110 = CARTESIAN_POINT('',(147.5,0.,21.806572110878));
#2111 = SURFACE_CURVE('',#2112,(#2116,#2123),.PCURVE_S1.);
#2112 = LINE('',#2113,#2114);
#2113 = CARTESIAN_POINT('',(147.5,3.465470403442,26.322861069475));
#2114 = VECTOR('',#2115,1.);
#2115 = DIRECTION('',(0.,-0.608761429009,-0.793353340291));
#2116 = PCURVE('',#102,#2117);
#2117 = DEFINITIONAL_REPRESENTATION('',(#2118),#2122);
#2118 = LINE('',#2119,#2120);
#2119 = CARTESIAN_POINT('',(3.465470403442,26.322861069475));
#2120 = VECTOR('',#2121,1.);
#2121 = DIRECTION('',(-0.608761429009,-0.793353340291));
#2122 = ( GEOMETRIC_REPRESENTATION_CONTEXT(2) 
PARAMETRIC_REPRESENTATION_CONTEXT() REPRESENTATION_CONTEXT('2D SPACE',''
  ) );
#2123 = PCURVE('',#622,#2124);
#2124 = DEFINITIONAL_REPRESENTATION('',(#2125),#2129);
#2125 = LINE('',#2126,#2127);
#2126 = CARTESIAN_POINT('',(-1.985907207291,-146.5));
#2127 = VECTOR('',#2128,1.);
#2128 = DIRECTION('',(1.,0.));
#2129 = ( GEOMETRIC_REPRESENTATION_CONTEXT(2) 
PARAMETRIC_REPRESENTATION_CONTEXT() REPRESENTATION_CONTEXT('2D SPACE',''
  ) );
#2130 = ORIENTED_EDGE('',*,*,#2131,.F.);
#2131 = EDGE_CURVE('',#2132,#2109,#2134,.T.);
#2132 = VERTEX_POINT('',#2133);
#2133 = CARTESIAN_POINT('',(147.5,0.,19.506820626492));
#2134 = SURFACE_CURVE('',#2135,(#2139,#2145),.PCURVE_S1.);
#2135 = LINE('',#2136,#2137);
#2136 = CARTESIAN_POINT('',(147.5,0.,-100.));
#2137 = VECTOR('',#2138,1.);
#2138 = DIRECTION('',(0.,0.,1.));
#2139 = PCURVE('',#102,#2140);
#2140 = DEFINITIONAL_REPRESENTATION('',(#2141),#2144);
#2141 = B_SPLINE_CURVE_WITH_KNOTS('',1,(#2142,#2143),.UNSPECIFIED.,.F.,
  .F.,(2,2),(73.15,126.85),.PIECEWISE_BEZIER_KNOTS.);
#2142 = CARTESIAN_POINT('',(8.148619039341E-16,-26.85));
#2143 = CARTESIAN_POINT('',(8.148619039341E-16,26.85));
#2144 = ( GEOMETRIC_REPRESENTATION_CONTEXT(2) 
PARAMETRIC_REPRESENTATION_CONTEXT() REPRESENTATION_CONTEXT('2D SPACE',''
  ) );
#2145 = PCURVE('',#649,#2146);
#2146 = DEFINITIONAL_REPRESENTATION('',(#2147),#2150);
#2147 = B_SPLINE_CURVE_WITH_KNOTS('',1,(#2148,#2149),.UNSPECIFIED.,.F.,
  .F.,(2,2),(73.15,126.85),.PIECEWISE_BEZIER_KNOTS.);
#2148 = CARTESIAN_POINT('',(173.15,157.5));
#2149 = CARTESIAN_POINT('',(226.85,157.5));
#2150 = ( GEOMETRIC_REPRESENTATION_CONTEXT(2) 
PARAMETRIC_REPRESENTATION_CONTEXT() REPRESENTATION_CONTEXT('2D SPACE',''
  ) );
#2151 = ORIENTED_EDGE('',*,*,#2152,.T.);
#2152 = EDGE_CURVE('',#2132,#2153,#2155,.T.);
#2153 = VERTEX_POINT('',#2154);
#2154 = CARTESIAN_POINT('',(147.5,3.867605102135,24.547181727725));
#2155 = SURFACE_CURVE('',#2156,(#2160,#2167),.PCURVE_S1.);
#2156 = LINE('',#2157,#2158);
#2157 = CARTESIAN_POINT('',(147.5,-3.763866497569,14.601654306873));
#2158 = VECTOR('',#2159,1.);
#2159 = DIRECTION('',(0.,0.608761429009,0.793353340291));
#2160 = PCURVE('',#102,#2161);
#2161 = DEFINITIONAL_REPRESENTATION('',(#2162),#2166);
#2162 = LINE('',#2163,#2164);
#2163 = CARTESIAN_POINT('',(-3.763866497569,14.601654306873));
#2164 = VECTOR('',#2165,1.);
#2165 = DIRECTION('',(0.608761429009,0.793353340291));
#2166 = ( GEOMETRIC_REPRESENTATION_CONTEXT(2) 
PARAMETRIC_REPRESENTATION_CONTEXT() REPRESENTATION_CONTEXT('2D SPACE',''
  ) );
#2167 = PCURVE('',#676,#2168);
#2168 = DEFINITIONAL_REPRESENTATION('',(#2169),#2173);
#2169 = LINE('',#2170,#2171);
#2170 = CARTESIAN_POINT('',(0.,-146.5));
#2171 = VECTOR('',#2172,1.);
#2172 = DIRECTION('',(1.,0.));
#2173 = ( GEOMETRIC_REPRESENTATION_CONTEXT(2) 
PARAMETRIC_REPRESENTATION_CONTEXT() REPRESENTATION_CONTEXT('2D SPACE',''
  ) );
#2174 = ORIENTED_EDGE('',*,*,#2175,.F.);
#2175 = EDGE_CURVE('',#2176,#2153,#2178,.T.);
#2176 = VERTEX_POINT('',#2177);
#2177 = CARTESIAN_POINT('',(147.5,8.58471901288,23.320057878785));
#2178 = SURFACE_CURVE('',#2179,(#2184,#2191),.PCURVE_S1.);
#2179 = CIRCLE('',#2180,24.85);
#2180 = AXIS2_PLACEMENT_3D('',#2181,#2182,#2183);
#2181 = CARTESIAN_POINT('',(147.5,0.,0.));
#2182 = DIRECTION('',(1.,0.,0.));
#2183 = DIRECTION('',(0.,1.,0.));
#2184 = PCURVE('',#102,#2185);
#2185 = DEFINITIONAL_REPRESENTATION('',(#2186),#2190);
#2186 = CIRCLE('',#2187,24.85);
#2187 = AXIS2_PLACEMENT_2D('',#2188,#2189);
#2188 = CARTESIAN_POINT('',(8.148619039341E-16,-5.336649226313E-16));
#2189 = DIRECTION('',(1.,0.));
#2190 = ( GEOMETRIC_REPRESENTATION_CONTEXT(2) 
PARAMETRIC_REPRESENTATION_CONTEXT() REPRESENTATION_CONTEXT('2D SPACE',''
  ) );
#2191 = PCURVE('',#705,#2192);
#2192 = DEFINITIONAL_REPRESENTATION('',(#2193),#2197);
#2193 = LINE('',#2194,#2195);
#2194 = CARTESIAN_POINT('',(-0.,-146.5));
#2195 = VECTOR('',#2196,1.);
#2196 = DIRECTION('',(-1.,0.));
#2197 = ( GEOMETRIC_REPRESENTATION_CONTEXT(2) 
PARAMETRIC_REPRESENTATION_CONTEXT() REPRESENTATION_CONTEXT('2D SPACE',''
  ) );
#2198 = ORIENTED_EDGE('',*,*,#2199,.T.);
#2199 = EDGE_CURVE('',#2176,#2200,#2202,.T.);
#2200 = VERTEX_POINT('',#2201);
#2201 = CARTESIAN_POINT('',(147.5,0.,16.732771295986));
#2202 = SURFACE_CURVE('',#2203,(#2207,#2214),.PCURVE_S1.);
#2203 = LINE('',#2204,#2205);
#2204 = CARTESIAN_POINT('',(147.5,10.160245129293,24.529001588175));
#2205 = VECTOR('',#2206,1.);
#2206 = DIRECTION('',(0.,-0.793353340291,-0.608761429009));
#2207 = PCURVE('',#102,#2208);
#2208 = DEFINITIONAL_REPRESENTATION('',(#2209),#2213);
#2209 = LINE('',#2210,#2211);
#2210 = CARTESIAN_POINT('',(10.160245129293,24.529001588175));
#2211 = VECTOR('',#2212,1.);
#2212 = DIRECTION('',(-0.793353340291,-0.608761429009));
#2213 = ( GEOMETRIC_REPRESENTATION_CONTEXT(2) 
PARAMETRIC_REPRESENTATION_CONTEXT() REPRESENTATION_CONTEXT('2D SPACE',''
  ) );
#2214 = PCURVE('',#733,#2215);
#2215 = DEFINITIONAL_REPRESENTATION('',(#2216),#2220);
#2216 = LINE('',#2217,#2218);
#2217 = CARTESIAN_POINT('',(-1.985907207291,-146.5));
#2218 = VECTOR('',#2219,1.);
#2219 = DIRECTION('',(1.,0.));
#2220 = ( GEOMETRIC_REPRESENTATION_CONTEXT(2) 
PARAMETRIC_REPRESENTATION_CONTEXT() REPRESENTATION_CONTEXT('2D SPACE',''
  ) );
#2221 = ORIENTED_EDGE('',*,*,#2222,.F.);
#2222 = EDGE_CURVE('',#2223,#2200,#2225,.T.);
#2223 = VERTEX_POINT('',#2224);
#2224 = CARTESIAN_POINT('',(147.5,0.,15.265379880603));
#2225 = SURFACE_CURVE('',#2226,(#2230,#2236),.PCURVE_S1.);
#2226 = LINE('',#2227,#2228);
#2227 = CARTESIAN_POINT('',(147.5,0.,-100.));
#2228 = VECTOR('',#2229,1.);
#2229 = DIRECTION('',(0.,0.,1.));
#2230 = PCURVE('',#102,#2231);
#2231 = DEFINITIONAL_REPRESENTATION('',(#2232),#2235);
#2232 = B_SPLINE_CURVE_WITH_KNOTS('',1,(#2233,#2234),.UNSPECIFIED.,.F.,
  .F.,(2,2),(73.15,126.85),.PIECEWISE_BEZIER_KNOTS.);
#2233 = CARTESIAN_POINT('',(8.148619039341E-16,-26.85));
#2234 = CARTESIAN_POINT('',(8.148619039341E-16,26.85));
#2235 = ( GEOMETRIC_REPRESENTATION_CONTEXT(2) 
PARAMETRIC_REPRESENTATION_CONTEXT() REPRESENTATION_CONTEXT('2D SPACE',''
  ) );
#2236 = PCURVE('',#760,#2237);
#2237 = DEFINITIONAL_REPRESENTATION('',(#2238),#2241);
#2238 = B_SPLINE_CURVE_WITH_KNOTS('',1,(#2239,#2240),.UNSPECIFIED.,.F.,
  .F.,(2,2),(73.15,126.85),.PIECEWISE_BEZIER_KNOTS.);
#2239 = CARTESIAN_POINT('',(173.15,157.5));
#2240 = CARTESIAN_POINT('',(226.85,157.5));
#2241 = ( GEOMETRIC_REPRESENTATION_CONTEXT(2) 
PARAMETRIC_REPRESENTATION_CONTEXT() REPRESENTATION_CONTEXT('2D SPACE',''
  ) );
#2242 = ORIENTED_EDGE('',*,*,#2243,.T.);
#2243 = EDGE_CURVE('',#2223,#2244,#2246,.T.);
#2244 = VERTEX_POINT('',#2245);
#2245 = CARTESIAN_POINT('',(147.5,0.143570367915,15.078275334347));
#2246 = SURFACE_CURVE('',#2247,(#2251,#2258),.PCURVE_S1.);
#2247 = LINE('',#2248,#2249);
#2248 = CARTESIAN_POINT('',(147.5,-0.708695632697,16.188970010755));
#2249 = VECTOR('',#2250,1.);
#2250 = DIRECTION('',(0.,0.608761429009,-0.793353340291));
#2251 = PCURVE('',#102,#2252);
#2252 = DEFINITIONAL_REPRESENTATION('',(#2253),#2257);
#2253 = LINE('',#2254,#2255);
#2254 = CARTESIAN_POINT('',(-0.708695632697,16.188970010755));
#2255 = VECTOR('',#2256,1.);
#2256 = DIRECTION('',(0.608761429009,-0.793353340291));
#2257 = ( GEOMETRIC_REPRESENTATION_CONTEXT(2) 
PARAMETRIC_REPRESENTATION_CONTEXT() REPRESENTATION_CONTEXT('2D SPACE',''
  ) );
#2258 = PCURVE('',#787,#2259);
#2259 = DEFINITIONAL_REPRESENTATION('',(#2260),#2264);
#2260 = LINE('',#2261,#2262);
#2261 = CARTESIAN_POINT('',(0.,-146.5));
#2262 = VECTOR('',#2263,1.);
#2263 = DIRECTION('',(1.,0.));
#2264 = ( GEOMETRIC_REPRESENTATION_CONTEXT(2) 
PARAMETRIC_REPRESENTATION_CONTEXT() REPRESENTATION_CONTEXT('2D SPACE',''
  ) );
#2265 = ORIENTED_EDGE('',*,*,#2266,.T.);
#2266 = EDGE_CURVE('',#2244,#2267,#2269,.T.);
#2267 = VERTEX_POINT('',#2268);
#2268 = CARTESIAN_POINT('',(147.5,10.089097788766,22.709746934052));
#2269 = SURFACE_CURVE('',#2270,(#2274,#2281),.PCURVE_S1.);
#2270 = LINE('',#2271,#2272);
#2271 = CARTESIAN_POINT('',(147.5,0.143570367915,15.078275334347));
#2272 = VECTOR('',#2273,1.);
#2273 = DIRECTION('',(0.,0.793353340291,0.608761429009));
#2274 = PCURVE('',#102,#2275);
#2275 = DEFINITIONAL_REPRESENTATION('',(#2276),#2280);
#2276 = LINE('',#2277,#2278);
#2277 = CARTESIAN_POINT('',(0.143570367915,15.078275334347));
#2278 = VECTOR('',#2279,1.);
#2279 = DIRECTION('',(0.793353340291,0.608761429009));
#2280 = ( GEOMETRIC_REPRESENTATION_CONTEXT(2) 
PARAMETRIC_REPRESENTATION_CONTEXT() REPRESENTATION_CONTEXT('2D SPACE',''
  ) );
#2281 = PCURVE('',#815,#2282);
#2282 = DEFINITIONAL_REPRESENTATION('',(#2283),#2287);
#2283 = LINE('',#2284,#2285);
#2284 = CARTESIAN_POINT('',(0.,-146.5));
#2285 = VECTOR('',#2286,1.);
#2286 = DIRECTION('',(1.,0.));
#2287 = ( GEOMETRIC_REPRESENTATION_CONTEXT(2) 
PARAMETRIC_REPRESENTATION_CONTEXT() REPRESENTATION_CONTEXT('2D SPACE',''
  ) );
#2288 = ORIENTED_EDGE('',*,*,#2289,.F.);
#2289 = EDGE_CURVE('',#2290,#2267,#2292,.T.);
#2290 = VERTEX_POINT('',#2291);
#2291 = CARTESIAN_POINT('',(147.5,14.327876917898,20.303557398288));
#2292 = SURFACE_CURVE('',#2293,(#2298,#2305),.PCURVE_S1.);
#2293 = CIRCLE('',#2294,24.85);
#2294 = AXIS2_PLACEMENT_3D('',#2295,#2296,#2297);
#2295 = CARTESIAN_POINT('',(147.5,0.,0.));
#2296 = DIRECTION('',(1.,0.,0.));
#2297 = DIRECTION('',(0.,1.,0.));
#2298 = PCURVE('',#102,#2299);
#2299 = DEFINITIONAL_REPRESENTATION('',(#2300),#2304);
#2300 = CIRCLE('',#2301,24.85);
#2301 = AXIS2_PLACEMENT_2D('',#2302,#2303);
#2302 = CARTESIAN_POINT('',(8.148619039341E-16,-5.336649226313E-16));
#2303 = DIRECTION('',(1.,0.));
#2304 = ( GEOMETRIC_REPRESENTATION_CONTEXT(2) 
PARAMETRIC_REPRESENTATION_CONTEXT() REPRESENTATION_CONTEXT('2D SPACE',''
  ) );
#2305 = PCURVE('',#844,#2306);
#2306 = DEFINITIONAL_REPRESENTATION('',(#2307),#2311);
#2307 = LINE('',#2308,#2309);
#2308 = CARTESIAN_POINT('',(-0.,-146.5));
#2309 = VECTOR('',#2310,1.);
#2310 = DIRECTION('',(-1.,0.));
#2311 = ( GEOMETRIC_REPRESENTATION_CONTEXT(2) 
PARAMETRIC_REPRESENTATION_CONTEXT() REPRESENTATION_CONTEXT('2D SPACE',''
  ) );
#2312 = ORIENTED_EDGE('',*,*,#2313,.T.);
#2313 = EDGE_CURVE('',#2290,#2314,#2316,.T.);
#2314 = VERTEX_POINT('',#2315);
#2315 = CARTESIAN_POINT('',(147.5,3.505466344777,15.820768161331));
#2316 = SURFACE_CURVE('',#2317,(#2321,#2328),.PCURVE_S1.);
#2317 = LINE('',#2318,#2319);
#2318 = CARTESIAN_POINT('',(147.5,16.162615940182,21.063531184732));
#2319 = VECTOR('',#2320,1.);
#2320 = DIRECTION('',(0.,-0.923879532511,-0.382683432365));
#2321 = PCURVE('',#102,#2322);
#2322 = DEFINITIONAL_REPRESENTATION('',(#2323),#2327);
#2323 = LINE('',#2324,#2325);
#2324 = CARTESIAN_POINT('',(16.162615940182,21.063531184732));
#2325 = VECTOR('',#2326,1.);
#2326 = DIRECTION('',(-0.923879532511,-0.382683432365));
#2327 = ( GEOMETRIC_REPRESENTATION_CONTEXT(2) 
PARAMETRIC_REPRESENTATION_CONTEXT() REPRESENTATION_CONTEXT('2D SPACE',''
  ) );
#2328 = PCURVE('',#872,#2329);
#2329 = DEFINITIONAL_REPRESENTATION('',(#2330),#2334);
#2330 = LINE('',#2331,#2332);
#2331 = CARTESIAN_POINT('',(-1.985907207292,-146.5));
#2332 = VECTOR('',#2333,1.);
#2333 = DIRECTION('',(1.,0.));
#2334 = ( GEOMETRIC_REPRESENTATION_CONTEXT(2) 
PARAMETRIC_REPRESENTATION_CONTEXT() REPRESENTATION_CONTEXT('2D SPACE',''
  ) );
#2335 = ORIENTED_EDGE('',*,*,#2336,.T.);
#2336 = EDGE_CURVE('',#2314,#2337,#2339,.T.);
#2337 = VERTEX_POINT('',#2338);
#2338 = CARTESIAN_POINT('',(147.5,4.041223150088,14.527336815815));
#2339 = SURFACE_CURVE('',#2340,(#2344,#2351),.PCURVE_S1.);
#2340 = LINE('',#2341,#2342);
#2341 = CARTESIAN_POINT('',(147.5,3.505466344777,15.820768161331));
#2342 = VECTOR('',#2343,1.);
#2343 = DIRECTION('',(0.,0.382683432365,-0.923879532511));
#2344 = PCURVE('',#102,#2345);
#2345 = DEFINITIONAL_REPRESENTATION('',(#2346),#2350);
#2346 = LINE('',#2347,#2348);
#2347 = CARTESIAN_POINT('',(3.505466344777,15.820768161331));
#2348 = VECTOR('',#2349,1.);
#2349 = DIRECTION('',(0.382683432365,-0.923879532511));
#2350 = ( GEOMETRIC_REPRESENTATION_CONTEXT(2) 
PARAMETRIC_REPRESENTATION_CONTEXT() REPRESENTATION_CONTEXT('2D SPACE',''
  ) );
#2351 = PCURVE('',#900,#2352);
#2352 = DEFINITIONAL_REPRESENTATION('',(#2353),#2357);
#2353 = LINE('',#2354,#2355);
#2354 = CARTESIAN_POINT('',(0.,-146.5));
#2355 = VECTOR('',#2356,1.);
#2356 = DIRECTION('',(1.,0.));
#2357 = ( GEOMETRIC_REPRESENTATION_CONTEXT(2) 
PARAMETRIC_REPRESENTATION_CONTEXT() REPRESENTATION_CONTEXT('2D SPACE',''
  ) );
#2358 = ORIENTED_EDGE('',*,*,#2359,.T.);
#2359 = EDGE_CURVE('',#2337,#2360,#2362,.T.);
#2360 = VERTEX_POINT('',#2361);
#2361 = CARTESIAN_POINT('',(147.5,15.623035134117,19.324680416455));
#2362 = SURFACE_CURVE('',#2363,(#2367,#2374),.PCURVE_S1.);
#2363 = LINE('',#2364,#2365);
#2364 = CARTESIAN_POINT('',(147.5,4.041223150088,14.527336815815));
#2365 = VECTOR('',#2366,1.);
#2366 = DIRECTION('',(0.,0.923879532511,0.382683432365));
#2367 = PCURVE('',#102,#2368);
#2368 = DEFINITIONAL_REPRESENTATION('',(#2369),#2373);
#2369 = LINE('',#2370,#2371);
#2370 = CARTESIAN_POINT('',(4.041223150088,14.527336815815));
#2371 = VECTOR('',#2372,1.);
#2372 = DIRECTION('',(0.923879532511,0.382683432365));
#2373 = ( GEOMETRIC_REPRESENTATION_CONTEXT(2) 
PARAMETRIC_REPRESENTATION_CONTEXT() REPRESENTATION_CONTEXT('2D SPACE',''
  ) );
#2374 = PCURVE('',#928,#2375);
#2375 = DEFINITIONAL_REPRESENTATION('',(#2376),#2380);
#2376 = LINE('',#2377,#2378);
#2377 = CARTESIAN_POINT('',(0.,-146.5));
#2378 = VECTOR('',#2379,1.);
#2379 = DIRECTION('',(1.,0.));
#2380 = ( GEOMETRIC_REPRESENTATION_CONTEXT(2) 
PARAMETRIC_REPRESENTATION_CONTEXT() REPRESENTATION_CONTEXT('2D SPACE',''
  ) );
#2381 = ORIENTED_EDGE('',*,*,#2382,.F.);
#2382 = EDGE_CURVE('',#2383,#2360,#2385,.T.);
#2383 = VERTEX_POINT('',#2384);
#2384 = CARTESIAN_POINT('',(147.5,19.094613688898,15.903403034311));
#2385 = SURFACE_CURVE('',#2386,(#2391,#2398),.PCURVE_S1.);
#2386 = CIRCLE('',#2387,24.85);
#2387 = AXIS2_PLACEMENT_3D('',#2388,#2389,#2390);
#2388 = CARTESIAN_POINT('',(147.5,0.,0.));
#2389 = DIRECTION('',(1.,0.,0.));
#2390 = DIRECTION('',(0.,1.,0.));
#2391 = PCURVE('',#102,#2392);
#2392 = DEFINITIONAL_REPRESENTATION('',(#2393),#2397);
#2393 = CIRCLE('',#2394,24.85);
#2394 = AXIS2_PLACEMENT_2D('',#2395,#2396);
#2395 = CARTESIAN_POINT('',(8.148619039341E-16,-5.336649226313E-16));
#2396 = DIRECTION('',(1.,0.));
#2397 = ( GEOMETRIC_REPRESENTATION_CONTEXT(2) 
PARAMETRIC_REPRESENTATION_CONTEXT() REPRESENTATION_CONTEXT('2D SPACE',''
  ) );
#2398 = PCURVE('',#957,#2399);
#2399 = DEFINITIONAL_REPRESENTATION('',(#2400),#2404);
#2400 = LINE('',#2401,#2402);
#2401 = CARTESIAN_POINT('',(-0.,-146.5));
#2402 = VECTOR('',#2403,1.);
#2403 = DIRECTION('',(-1.,0.));
#2404 = ( GEOMETRIC_REPRESENTATION_CONTEXT(2) 
PARAMETRIC_REPRESENTATION_CONTEXT() REPRESENTATION_CONTEXT('2D SPACE',''
  ) );
#2405 = ORIENTED_EDGE('',*,*,#2406,.T.);
#2406 = EDGE_CURVE('',#2383,#2407,#2409,.T.);
#2407 = VERTEX_POINT('',#2408);
#2408 = CARTESIAN_POINT('',(147.5,7.480736583911,14.374407106767));
#2409 = SURFACE_CURVE('',#2410,(#2414,#2421),.PCURVE_S1.);
#2410 = LINE('',#2411,#2412);
#2411 = CARTESIAN_POINT('',(147.5,21.063531184732,16.162615940182));
#2412 = VECTOR('',#2413,1.);
#2413 = DIRECTION('',(0.,-0.991444861374,-0.13052619222));
#2414 = PCURVE('',#102,#2415);
#2415 = DEFINITIONAL_REPRESENTATION('',(#2416),#2420);
#2416 = LINE('',#2417,#2418);
#2417 = CARTESIAN_POINT('',(21.063531184732,16.162615940182));
#2418 = VECTOR('',#2419,1.);
#2419 = DIRECTION('',(-0.991444861374,-0.13052619222));
#2420 = ( GEOMETRIC_REPRESENTATION_CONTEXT(2) 
PARAMETRIC_REPRESENTATION_CONTEXT() REPRESENTATION_CONTEXT('2D SPACE',''
  ) );
#2421 = PCURVE('',#985,#2422);
#2422 = DEFINITIONAL_REPRESENTATION('',(#2423),#2427);
#2423 = LINE('',#2424,#2425);
#2424 = CARTESIAN_POINT('',(-1.985907207291,-146.5));
#2425 = VECTOR('',#2426,1.);
#2426 = DIRECTION('',(1.,0.));
#2427 = ( GEOMETRIC_REPRESENTATION_CONTEXT(2) 
PARAMETRIC_REPRESENTATION_CONTEXT() REPRESENTATION_CONTEXT('2D SPACE',''
  ) );
#2428 = ORIENTED_EDGE('',*,*,#2429,.T.);
#2429 = EDGE_CURVE('',#2407,#2430,#2432,.T.);
#2430 = VERTEX_POINT('',#2431);
#2431 = CARTESIAN_POINT('',(147.5,7.663473253019,12.986384300843));
#2432 = SURFACE_CURVE('',#2433,(#2437,#2444),.PCURVE_S1.);
#2433 = LINE('',#2434,#2435);
#2434 = CARTESIAN_POINT('',(147.5,7.480736583911,14.374407106767));
#2435 = VECTOR('',#2436,1.);
#2436 = DIRECTION('',(0.,0.13052619222,-0.991444861374));
#2437 = PCURVE('',#102,#2438);
#2438 = DEFINITIONAL_REPRESENTATION('',(#2439),#2443);
#2439 = LINE('',#2440,#2441);
#2440 = CARTESIAN_POINT('',(7.480736583911,14.374407106767));
#2441 = VECTOR('',#2442,1.);
#2442 = DIRECTION('',(0.13052619222,-0.991444861374));
#2443 = ( GEOMETRIC_REPRESENTATION_CONTEXT(2) 
PARAMETRIC_REPRESENTATION_CONTEXT() REPRESENTATION_CONTEXT('2D SPACE',''
  ) );
#2444 = PCURVE('',#1013,#2445);
#2445 = DEFINITIONAL_REPRESENTATION('',(#2446),#2450);
#2446 = LINE('',#2447,#2448);
#2447 = CARTESIAN_POINT('',(0.,-146.5));
#2448 = VECTOR('',#2449,1.);
#2449 = DIRECTION('',(1.,0.));
#2450 = ( GEOMETRIC_REPRESENTATION_CONTEXT(2) 
PARAMETRIC_REPRESENTATION_CONTEXT() REPRESENTATION_CONTEXT('2D SPACE',''
  ) );
#2451 = ORIENTED_EDGE('',*,*,#2452,.T.);
#2452 = EDGE_CURVE('',#2430,#2453,#2455,.T.);
#2453 = VERTEX_POINT('',#2454);
#2454 = CARTESIAN_POINT('',(147.5,20.092288453364,14.622668864021));
#2455 = SURFACE_CURVE('',#2456,(#2460,#2467),.PCURVE_S1.);
#2456 = LINE('',#2457,#2458);
#2457 = CARTESIAN_POINT('',(147.5,7.663473253019,12.986384300843));
#2458 = VECTOR('',#2459,1.);
#2459 = DIRECTION('',(0.,0.991444861374,0.13052619222));
#2460 = PCURVE('',#102,#2461);
#2461 = DEFINITIONAL_REPRESENTATION('',(#2462),#2466);
#2462 = LINE('',#2463,#2464);
#2463 = CARTESIAN_POINT('',(7.663473253019,12.986384300843));
#2464 = VECTOR('',#2465,1.);
#2465 = DIRECTION('',(0.991444861374,0.13052619222));
#2466 = ( GEOMETRIC_REPRESENTATION_CONTEXT(2) 
PARAMETRIC_REPRESENTATION_CONTEXT() REPRESENTATION_CONTEXT('2D SPACE',''
  ) );
#2467 = PCURVE('',#1041,#2468);
#2468 = DEFINITIONAL_REPRESENTATION('',(#2469),#2473);
#2469 = LINE('',#2470,#2471);
#2470 = CARTESIAN_POINT('',(0.,-146.5));
#2471 = VECTOR('',#2472,1.);
#2472 = DIRECTION('',(1.,0.));
#2473 = ( GEOMETRIC_REPRESENTATION_CONTEXT(2) 
PARAMETRIC_REPRESENTATION_CONTEXT() REPRESENTATION_CONTEXT('2D SPACE',''
  ) );
#2474 = ORIENTED_EDGE('',*,*,#2475,.F.);
#2475 = EDGE_CURVE('',#2476,#2453,#2478,.T.);
#2476 = VERTEX_POINT('',#2477);
#2477 = CARTESIAN_POINT('',(147.5,22.56008409234,10.419458035163));
#2478 = SURFACE_CURVE('',#2479,(#2484,#2491),.PCURVE_S1.);
#2479 = CIRCLE('',#2480,24.85);
#2480 = AXIS2_PLACEMENT_3D('',#2481,#2482,#2483);
#2481 = CARTESIAN_POINT('',(147.5,0.,0.));
#2482 = DIRECTION('',(1.,0.,0.));
#2483 = DIRECTION('',(0.,1.,0.));
#2484 = PCURVE('',#102,#2485);
#2485 = DEFINITIONAL_REPRESENTATION('',(#2486),#2490);
#2486 = CIRCLE('',#2487,24.85);
#2487 = AXIS2_PLACEMENT_2D('',#2488,#2489);
#2488 = CARTESIAN_POINT('',(8.148619039341E-16,-5.336649226313E-16));
#2489 = DIRECTION('',(1.,0.));
#2490 = ( GEOMETRIC_REPRESENTATION_CONTEXT(2) 
PARAMETRIC_REPRESENTATION_CONTEXT() REPRESENTATION_CONTEXT('2D SPACE',''
  ) );
#2491 = PCURVE('',#1070,#2492);
#2492 = DEFINITIONAL_REPRESENTATION('',(#2493),#2497);
#2493 = LINE('',#2494,#2495);
#2494 = CARTESIAN_POINT('',(-0.,-146.5));
#2495 = VECTOR('',#2496,1.);
#2496 = DIRECTION('',(-1.,0.));
#2497 = ( GEOMETRIC_REPRESENTATION_CONTEXT(2) 
PARAMETRIC_REPRESENTATION_CONTEXT() REPRESENTATION_CONTEXT('2D SPACE',''
  ) );
#2498 = ORIENTED_EDGE('',*,*,#2499,.T.);
#2499 = EDGE_CURVE('',#2476,#2500,#2502,.T.);
#2500 = VERTEX_POINT('',#2501);
#2501 = CARTESIAN_POINT('',(147.5,10.946206987353,11.948453962708));
#2502 = SURFACE_CURVE('',#2503,(#2507,#2514),.PCURVE_S1.);
#2503 = LINE('',#2504,#2505);
#2504 = CARTESIAN_POINT('',(147.5,24.529001588175,10.160245129293));
#2505 = VECTOR('',#2506,1.);
#2506 = DIRECTION('',(0.,-0.991444861374,0.13052619222));
#2507 = PCURVE('',#102,#2508);
#2508 = DEFINITIONAL_REPRESENTATION('',(#2509),#2513);
#2509 = LINE('',#2510,#2511);
#2510 = CARTESIAN_POINT('',(24.529001588175,10.160245129293));
#2511 = VECTOR('',#2512,1.);
#2512 = DIRECTION('',(-0.991444861374,0.13052619222));
#2513 = ( GEOMETRIC_REPRESENTATION_CONTEXT(2) 
PARAMETRIC_REPRESENTATION_CONTEXT() REPRESENTATION_CONTEXT('2D SPACE',''
  ) );
#2514 = PCURVE('',#1098,#2515);
#2515 = DEFINITIONAL_REPRESENTATION('',(#2516),#2520);
#2516 = LINE('',#2517,#2518);
#2517 = CARTESIAN_POINT('',(-1.985907207291,-146.5));
#2518 = VECTOR('',#2519,1.);
#2519 = DIRECTION('',(1.,0.));
#2520 = ( GEOMETRIC_REPRESENTATION_CONTEXT(2) 
PARAMETRIC_REPRESENTATION_CONTEXT() REPRESENTATION_CONTEXT('2D SPACE',''
  ) );
#2521 = ORIENTED_EDGE('',*,*,#2522,.T.);
#2522 = EDGE_CURVE('',#2500,#2523,#2525,.T.);
#2523 = VERTEX_POINT('',#2524);
#2524 = CARTESIAN_POINT('',(147.5,10.763470318245,10.560431156785));
#2525 = SURFACE_CURVE('',#2526,(#2530,#2537),.PCURVE_S1.);
#2526 = LINE('',#2527,#2528);
#2527 = CARTESIAN_POINT('',(147.5,10.946206987353,11.948453962708));
#2528 = VECTOR('',#2529,1.);
#2529 = DIRECTION('',(0.,-0.13052619222,-0.991444861374));
#2530 = PCURVE('',#102,#2531);
#2531 = DEFINITIONAL_REPRESENTATION('',(#2532),#2536);
#2532 = LINE('',#2533,#2534);
#2533 = CARTESIAN_POINT('',(10.946206987353,11.948453962708));
#2534 = VECTOR('',#2535,1.);
#2535 = DIRECTION('',(-0.13052619222,-0.991444861374));
#2536 = ( GEOMETRIC_REPRESENTATION_CONTEXT(2) 
PARAMETRIC_REPRESENTATION_CONTEXT() REPRESENTATION_CONTEXT('2D SPACE',''
  ) );
#2537 = PCURVE('',#1126,#2538);
#2538 = DEFINITIONAL_REPRESENTATION('',(#2539),#2543);
#2539 = LINE('',#2540,#2541);
#2540 = CARTESIAN_POINT('',(0.,-146.5));
#2541 = VECTOR('',#2542,1.);
#2542 = DIRECTION('',(1.,0.));
#2543 = ( GEOMETRIC_REPRESENTATION_CONTEXT(2) 
PARAMETRIC_REPRESENTATION_CONTEXT() REPRESENTATION_CONTEXT('2D SPACE',''
  ) );
#2544 = ORIENTED_EDGE('',*,*,#2545,.T.);
#2545 = EDGE_CURVE('',#2523,#2546,#2548,.T.);
#2546 = VERTEX_POINT('',#2547);
#2547 = CARTESIAN_POINT('',(147.5,23.192285518591,8.924146593607));
#2548 = SURFACE_CURVE('',#2549,(#2553,#2560),.PCURVE_S1.);
#2549 = LINE('',#2550,#2551);
#2550 = CARTESIAN_POINT('',(147.5,10.763470318245,10.560431156785));
#2551 = VECTOR('',#2552,1.);
#2552 = DIRECTION('',(0.,0.991444861374,-0.13052619222));
#2553 = PCURVE('',#102,#2554);
#2554 = DEFINITIONAL_REPRESENTATION('',(#2555),#2559);
#2555 = LINE('',#2556,#2557);
#2556 = CARTESIAN_POINT('',(10.763470318245,10.560431156785));
#2557 = VECTOR('',#2558,1.);
#2558 = DIRECTION('',(0.991444861374,-0.13052619222));
#2559 = ( GEOMETRIC_REPRESENTATION_CONTEXT(2) 
PARAMETRIC_REPRESENTATION_CONTEXT() REPRESENTATION_CONTEXT('2D SPACE',''
  ) );
#2560 = PCURVE('',#1154,#2561);
#2561 = DEFINITIONAL_REPRESENTATION('',(#2562),#2566);
#2562 = LINE('',#2563,#2564);
#2563 = CARTESIAN_POINT('',(0.,-146.5));
#2564 = VECTOR('',#2565,1.);
#2565 = DIRECTION('',(1.,0.));
#2566 = ( GEOMETRIC_REPRESENTATION_CONTEXT(2) 
PARAMETRIC_REPRESENTATION_CONTEXT() REPRESENTATION_CONTEXT('2D SPACE',''
  ) );
#2567 = ORIENTED_EDGE('',*,*,#2568,.F.);
#2568 = EDGE_CURVE('',#2569,#2546,#2571,.T.);
#2569 = VERTEX_POINT('',#2570);
#2570 = CARTESIAN_POINT('',(147.5,24.488122047191,4.225444189888));
#2571 = SURFACE_CURVE('',#2572,(#2577,#2584),.PCURVE_S1.);
#2572 = CIRCLE('',#2573,24.85);
#2573 = AXIS2_PLACEMENT_3D('',#2574,#2575,#2576);
#2574 = CARTESIAN_POINT('',(147.5,0.,0.));
#2575 = DIRECTION('',(1.,0.,0.));
#2576 = DIRECTION('',(0.,1.,0.));
#2577 = PCURVE('',#102,#2578);
#2578 = DEFINITIONAL_REPRESENTATION('',(#2579),#2583);
#2579 = CIRCLE('',#2580,24.85);
#2580 = AXIS2_PLACEMENT_2D('',#2581,#2582);
#2581 = CARTESIAN_POINT('',(8.148619039341E-16,-5.336649226313E-16));
#2582 = DIRECTION('',(1.,0.));
#2583 = ( GEOMETRIC_REPRESENTATION_CONTEXT(2) 
PARAMETRIC_REPRESENTATION_CONTEXT() REPRESENTATION_CONTEXT('2D SPACE',''
  ) );
#2584 = PCURVE('',#1183,#2585);
#2585 = DEFINITIONAL_REPRESENTATION('',(#2586),#2590);
#2586 = LINE('',#2587,#2588);
#2587 = CARTESIAN_POINT('',(-0.,-146.5));
#2588 = VECTOR('',#2589,1.);
#2589 = DIRECTION('',(-1.,0.));
#2590 = ( GEOMETRIC_REPRESENTATION_CONTEXT(2) 
PARAMETRIC_REPRESENTATION_CONTEXT() REPRESENTATION_CONTEXT('2D SPACE',''
  ) );
#2591 = ORIENTED_EDGE('',*,*,#2592,.T.);
#2592 = EDGE_CURVE('',#2569,#2593,#2595,.T.);
#2593 = VERTEX_POINT('',#2594);
#2594 = CARTESIAN_POINT('',(147.5,13.66571147407,8.708233426844));
#2595 = SURFACE_CURVE('',#2596,(#2600,#2607),.PCURVE_S1.);
#2596 = LINE('',#2597,#2598);
#2597 = CARTESIAN_POINT('',(147.5,26.322861069475,3.465470403442));
#2598 = VECTOR('',#2599,1.);
#2599 = DIRECTION('',(0.,-0.923879532511,0.382683432365));
#2600 = PCURVE('',#102,#2601);
#2601 = DEFINITIONAL_REPRESENTATION('',(#2602),#2606);
#2602 = LINE('',#2603,#2604);
#2603 = CARTESIAN_POINT('',(26.322861069475,3.465470403442));
#2604 = VECTOR('',#2605,1.);
#2605 = DIRECTION('',(-0.923879532511,0.382683432365));
#2606 = ( GEOMETRIC_REPRESENTATION_CONTEXT(2) 
PARAMETRIC_REPRESENTATION_CONTEXT() REPRESENTATION_CONTEXT('2D SPACE',''
  ) );
#2607 = PCURVE('',#1211,#2608);
#2608 = DEFINITIONAL_REPRESENTATION('',(#2609),#2613);
#2609 = LINE('',#2610,#2611);
#2610 = CARTESIAN_POINT('',(-1.985907207292,-146.5));
#2611 = VECTOR('',#2612,1.);
#2612 = DIRECTION('',(1.,0.));
#2613 = ( GEOMETRIC_REPRESENTATION_CONTEXT(2) 
PARAMETRIC_REPRESENTATION_CONTEXT() REPRESENTATION_CONTEXT('2D SPACE',''
  ) );
#2614 = ORIENTED_EDGE('',*,*,#2615,.T.);
#2615 = EDGE_CURVE('',#2593,#2616,#2618,.T.);
#2616 = VERTEX_POINT('',#2617);
#2617 = CARTESIAN_POINT('',(147.5,13.129954668759,7.414802081328));
#2618 = SURFACE_CURVE('',#2619,(#2623,#2630),.PCURVE_S1.);
#2619 = LINE('',#2620,#2621);
#2620 = CARTESIAN_POINT('',(147.5,13.66571147407,8.708233426844));
#2621 = VECTOR('',#2622,1.);
#2622 = DIRECTION('',(0.,-0.382683432365,-0.923879532511));
#2623 = PCURVE('',#102,#2624);
#2624 = DEFINITIONAL_REPRESENTATION('',(#2625),#2629);
#2625 = LINE('',#2626,#2627);
#2626 = CARTESIAN_POINT('',(13.66571147407,8.708233426844));
#2627 = VECTOR('',#2628,1.);
#2628 = DIRECTION('',(-0.382683432365,-0.923879532511));
#2629 = ( GEOMETRIC_REPRESENTATION_CONTEXT(2) 
PARAMETRIC_REPRESENTATION_CONTEXT() REPRESENTATION_CONTEXT('2D SPACE',''
  ) );
#2630 = PCURVE('',#1239,#2631);
#2631 = DEFINITIONAL_REPRESENTATION('',(#2632),#2636);
#2632 = LINE('',#2633,#2634);
#2633 = CARTESIAN_POINT('',(0.,-146.5));
#2634 = VECTOR('',#2635,1.);
#2635 = DIRECTION('',(1.,0.));
#2636 = ( GEOMETRIC_REPRESENTATION_CONTEXT(2) 
PARAMETRIC_REPRESENTATION_CONTEXT() REPRESENTATION_CONTEXT('2D SPACE',''
  ) );
#2637 = ORIENTED_EDGE('',*,*,#2638,.T.);
#2638 = EDGE_CURVE('',#2616,#2639,#2641,.T.);
#2639 = VERTEX_POINT('',#2640);
#2640 = CARTESIAN_POINT('',(147.5,24.711766652789,2.617458480688));
#2641 = SURFACE_CURVE('',#2642,(#2646,#2653),.PCURVE_S1.);
#2642 = LINE('',#2643,#2644);
#2643 = CARTESIAN_POINT('',(147.5,13.129954668759,7.414802081328));
#2644 = VECTOR('',#2645,1.);
#2645 = DIRECTION('',(0.,0.923879532511,-0.382683432365));
#2646 = PCURVE('',#102,#2647);
#2647 = DEFINITIONAL_REPRESENTATION('',(#2648),#2652);
#2648 = LINE('',#2649,#2650);
#2649 = CARTESIAN_POINT('',(13.129954668759,7.414802081328));
#2650 = VECTOR('',#2651,1.);
#2651 = DIRECTION('',(0.923879532511,-0.382683432365));
#2652 = ( GEOMETRIC_REPRESENTATION_CONTEXT(2) 
PARAMETRIC_REPRESENTATION_CONTEXT() REPRESENTATION_CONTEXT('2D SPACE',''
  ) );
#2653 = PCURVE('',#1267,#2654);
#2654 = DEFINITIONAL_REPRESENTATION('',(#2655),#2659);
#2655 = LINE('',#2656,#2657);
#2656 = CARTESIAN_POINT('',(0.,-146.5));
#2657 = VECTOR('',#2658,1.);
#2658 = DIRECTION('',(1.,0.));
#2659 = ( GEOMETRIC_REPRESENTATION_CONTEXT(2) 
PARAMETRIC_REPRESENTATION_CONTEXT() REPRESENTATION_CONTEXT('2D SPACE',''
  ) );
#2660 = ORIENTED_EDGE('',*,*,#2661,.T.);
#2661 = EDGE_CURVE('',#2639,#2662,#2664,.T.);
#2662 = VERTEX_POINT('',#2663);
#2663 = CARTESIAN_POINT('',(147.5,24.747334953062,-2.256526694054));
#2664 = SURFACE_CURVE('',#2665,(#2670,#2681),.PCURVE_S1.);
#2665 = CIRCLE('',#2666,24.85);
#2666 = AXIS2_PLACEMENT_3D('',#2667,#2668,#2669);
#2667 = CARTESIAN_POINT('',(147.5,0.,0.));
#2668 = DIRECTION('',(-1.,0.,0.));
#2669 = DIRECTION('',(0.,0.994437289851,0.105330321154));
#2670 = PCURVE('',#102,#2671);
#2671 = DEFINITIONAL_REPRESENTATION('',(#2672),#2680);
#2672 = ( BOUNDED_CURVE() B_SPLINE_CURVE(2,(#2673,#2674,#2675,#2676,
#2677,#2678,#2679),.UNSPECIFIED.,.T.,.F.) B_SPLINE_CURVE_WITH_KNOTS((1,2
    ,2,2,2,1),(-2.094395102393,0.,2.094395102393,4.188790204786,
6.28318530718,8.377580409573),.UNSPECIFIED.) CURVE() 
GEOMETRIC_REPRESENTATION_ITEM() RATIONAL_B_SPLINE_CURVE((1.,0.5,1.,0.5,
1.,0.5,1.)) REPRESENTATION_ITEM('') );
#2673 = CARTESIAN_POINT('',(24.711766652789,2.617458480688));
#2674 = CARTESIAN_POINT('',(29.245337728042,-40.18457690672));
#2675 = CARTESIAN_POINT('',(-10.08909778876,-22.70974693405));
#2676 = CARTESIAN_POINT('',(-49.42353330557,-5.234916961376));
#2677 = CARTESIAN_POINT('',(-14.62266886402,20.092288453364));
#2678 = CARTESIAN_POINT('',(20.178195577535,45.419493868104));
#2679 = CARTESIAN_POINT('',(24.711766652789,2.617458480688));
#2680 = ( GEOMETRIC_REPRESENTATION_CONTEXT(2) 
PARAMETRIC_REPRESENTATION_CONTEXT() REPRESENTATION_CONTEXT('2D SPACE',''
  ) );
#2681 = PCURVE('',#1296,#2682);
#2682 = DEFINITIONAL_REPRESENTATION('',(#2683),#2687);
#2683 = LINE('',#2684,#2685);
#2684 = CARTESIAN_POINT('',(-6.388711371297,-146.5));
#2685 = VECTOR('',#2686,1.);
#2686 = DIRECTION('',(1.,-0.));
#2687 = ( GEOMETRIC_REPRESENTATION_CONTEXT(2) 
PARAMETRIC_REPRESENTATION_CONTEXT() REPRESENTATION_CONTEXT('2D SPACE',''
  ) );
#2688 = ORIENTED_EDGE('',*,*,#2689,.T.);
#2689 = EDGE_CURVE('',#2662,#2690,#2692,.T.);
#2690 = VERTEX_POINT('',#2691);
#2691 = CARTESIAN_POINT('',(147.5,15.453920307485,4.874561173977));
#2692 = SURFACE_CURVE('',#2693,(#2697,#2704),.PCURVE_S1.);
#2693 = LINE('',#2694,#2695);
#2694 = CARTESIAN_POINT('',(147.5,26.322861069475,-3.465470403442));
#2695 = VECTOR('',#2696,1.);
#2696 = DIRECTION('',(0.,-0.793353340291,0.608761429009));
#2697 = PCURVE('',#102,#2698);
#2698 = DEFINITIONAL_REPRESENTATION('',(#2699),#2703);
#2699 = LINE('',#2700,#2701);
#2700 = CARTESIAN_POINT('',(26.322861069475,-3.465470403442));
#2701 = VECTOR('',#2702,1.);
#2702 = DIRECTION('',(-0.793353340291,0.608761429009));
#2703 = ( GEOMETRIC_REPRESENTATION_CONTEXT(2) 
PARAMETRIC_REPRESENTATION_CONTEXT() REPRESENTATION_CONTEXT('2D SPACE',''
  ) );
#2704 = PCURVE('',#1324,#2705);
#2705 = DEFINITIONAL_REPRESENTATION('',(#2706),#2710);
#2706 = LINE('',#2707,#2708);
#2707 = CARTESIAN_POINT('',(-1.985907207291,-146.5));
#2708 = VECTOR('',#2709,1.);
#2709 = DIRECTION('',(1.,0.));
#2710 = ( GEOMETRIC_REPRESENTATION_CONTEXT(2) 
PARAMETRIC_REPRESENTATION_CONTEXT() REPRESENTATION_CONTEXT('2D SPACE',''
  ) );
#2711 = ORIENTED_EDGE('',*,*,#2712,.T.);
#2712 = EDGE_CURVE('',#2690,#2713,#2715,.T.);
#2713 = VERTEX_POINT('',#2714);
#2714 = CARTESIAN_POINT('',(147.5,14.601654306873,3.763866497569));
#2715 = SURFACE_CURVE('',#2716,(#2720,#2727),.PCURVE_S1.);
#2716 = LINE('',#2717,#2718);
#2717 = CARTESIAN_POINT('',(147.5,15.453920307485,4.874561173977));
#2718 = VECTOR('',#2719,1.);
#2719 = DIRECTION('',(0.,-0.608761429009,-0.793353340291));
#2720 = PCURVE('',#102,#2721);
#2721 = DEFINITIONAL_REPRESENTATION('',(#2722),#2726);
#2722 = LINE('',#2723,#2724);
#2723 = CARTESIAN_POINT('',(15.453920307485,4.874561173977));
#2724 = VECTOR('',#2725,1.);
#2725 = DIRECTION('',(-0.608761429009,-0.793353340291));
#2726 = ( GEOMETRIC_REPRESENTATION_CONTEXT(2) 
PARAMETRIC_REPRESENTATION_CONTEXT() REPRESENTATION_CONTEXT('2D SPACE',''
  ) );
#2727 = PCURVE('',#1352,#2728);
#2728 = DEFINITIONAL_REPRESENTATION('',(#2729),#2733);
#2729 = LINE('',#2730,#2731);
#2730 = CARTESIAN_POINT('',(0.,-146.5));
#2731 = VECTOR('',#2732,1.);
#2732 = DIRECTION('',(1.,0.));
#2733 = ( GEOMETRIC_REPRESENTATION_CONTEXT(2) 
PARAMETRIC_REPRESENTATION_CONTEXT() REPRESENTATION_CONTEXT('2D SPACE',''
  ) );
#2734 = ORIENTED_EDGE('',*,*,#2735,.T.);
#2735 = EDGE_CURVE('',#2713,#2736,#2738,.T.);
#2736 = VERTEX_POINT('',#2737);
#2737 = CARTESIAN_POINT('',(147.5,24.547181727725,-3.867605102135));
#2738 = SURFACE_CURVE('',#2739,(#2743,#2750),.PCURVE_S1.);
#2739 = LINE('',#2740,#2741);
#2740 = CARTESIAN_POINT('',(147.5,14.601654306873,3.763866497569));
#2741 = VECTOR('',#2742,1.);
#2742 = DIRECTION('',(0.,0.793353340291,-0.608761429009));
#2743 = PCURVE('',#102,#2744);
#2744 = DEFINITIONAL_REPRESENTATION('',(#2745),#2749);
#2745 = LINE('',#2746,#2747);
#2746 = CARTESIAN_POINT('',(14.601654306873,3.763866497569));
#2747 = VECTOR('',#2748,1.);
#2748 = DIRECTION('',(0.793353340291,-0.608761429009));
#2749 = ( GEOMETRIC_REPRESENTATION_CONTEXT(2) 
PARAMETRIC_REPRESENTATION_CONTEXT() REPRESENTATION_CONTEXT('2D SPACE',''
  ) );
#2750 = PCURVE('',#1380,#2751);
#2751 = DEFINITIONAL_REPRESENTATION('',(#2752),#2756);
#2752 = LINE('',#2753,#2754);
#2753 = CARTESIAN_POINT('',(0.,-146.5));
#2754 = VECTOR('',#2755,1.);
#2755 = DIRECTION('',(1.,0.));
#2756 = ( GEOMETRIC_REPRESENTATION_CONTEXT(2) 
PARAMETRIC_REPRESENTATION_CONTEXT() REPRESENTATION_CONTEXT('2D SPACE',''
  ) );
#2757 = ORIENTED_EDGE('',*,*,#2758,.F.);
#2758 = EDGE_CURVE('',#2759,#2736,#2761,.T.);
#2759 = VERTEX_POINT('',#2760);
#2760 = CARTESIAN_POINT('',(147.5,23.320057878785,-8.584719012881));
#2761 = SURFACE_CURVE('',#2762,(#2767,#2774),.PCURVE_S1.);
#2762 = CIRCLE('',#2763,24.85);
#2763 = AXIS2_PLACEMENT_3D('',#2764,#2765,#2766);
#2764 = CARTESIAN_POINT('',(147.5,0.,0.));
#2765 = DIRECTION('',(1.,0.,0.));
#2766 = DIRECTION('',(0.,1.,0.));
#2767 = PCURVE('',#102,#2768);
#2768 = DEFINITIONAL_REPRESENTATION('',(#2769),#2773);
#2769 = CIRCLE('',#2770,24.85);
#2770 = AXIS2_PLACEMENT_2D('',#2771,#2772);
#2771 = CARTESIAN_POINT('',(8.148619039341E-16,-5.336649226313E-16));
#2772 = DIRECTION('',(1.,0.));
#2773 = ( GEOMETRIC_REPRESENTATION_CONTEXT(2) 
PARAMETRIC_REPRESENTATION_CONTEXT() REPRESENTATION_CONTEXT('2D SPACE',''
  ) );
#2774 = PCURVE('',#1409,#2775);
#2775 = DEFINITIONAL_REPRESENTATION('',(#2776),#2780);
#2776 = LINE('',#2777,#2778);
#2777 = CARTESIAN_POINT('',(-0.,-146.5));
#2778 = VECTOR('',#2779,1.);
#2779 = DIRECTION('',(-1.,0.));
#2780 = ( GEOMETRIC_REPRESENTATION_CONTEXT(2) 
PARAMETRIC_REPRESENTATION_CONTEXT() REPRESENTATION_CONTEXT('2D SPACE',''
  ) );
#2781 = ORIENTED_EDGE('',*,*,#2782,.T.);
#2782 = EDGE_CURVE('',#2759,#2783,#2785,.T.);
#2783 = VERTEX_POINT('',#2784);
#2784 = CARTESIAN_POINT('',(147.5,16.188970010755,0.708695632697));
#2785 = SURFACE_CURVE('',#2786,(#2790,#2797),.PCURVE_S1.);
#2786 = LINE('',#2787,#2788);
#2787 = CARTESIAN_POINT('',(147.5,24.529001588175,-10.16024512929));
#2788 = VECTOR('',#2789,1.);
#2789 = DIRECTION('',(0.,-0.608761429009,0.793353340291));
#2790 = PCURVE('',#102,#2791);
#2791 = DEFINITIONAL_REPRESENTATION('',(#2792),#2796);
#2792 = LINE('',#2793,#2794);
#2793 = CARTESIAN_POINT('',(24.529001588175,-10.16024512929));
#2794 = VECTOR('',#2795,1.);
#2795 = DIRECTION('',(-0.608761429009,0.793353340291));
#2796 = ( GEOMETRIC_REPRESENTATION_CONTEXT(2) 
PARAMETRIC_REPRESENTATION_CONTEXT() REPRESENTATION_CONTEXT('2D SPACE',''
  ) );
#2797 = PCURVE('',#1437,#2798);
#2798 = DEFINITIONAL_REPRESENTATION('',(#2799),#2803);
#2799 = LINE('',#2800,#2801);
#2800 = CARTESIAN_POINT('',(-1.98590720729,-146.5));
#2801 = VECTOR('',#2802,1.);
#2802 = DIRECTION('',(1.,0.));
#2803 = ( GEOMETRIC_REPRESENTATION_CONTEXT(2) 
PARAMETRIC_REPRESENTATION_CONTEXT() REPRESENTATION_CONTEXT('2D SPACE',''
  ) );
#2804 = ORIENTED_EDGE('',*,*,#2805,.T.);
#2805 = EDGE_CURVE('',#2783,#2806,#2808,.T.);
#2806 = VERTEX_POINT('',#2807);
#2807 = CARTESIAN_POINT('',(147.5,15.078275334347,-0.143570367915));
#2808 = SURFACE_CURVE('',#2809,(#2813,#2820),.PCURVE_S1.);
#2809 = LINE('',#2810,#2811);
#2810 = CARTESIAN_POINT('',(147.5,16.188970010755,0.708695632697));
#2811 = VECTOR('',#2812,1.);
#2812 = DIRECTION('',(0.,-0.793353340291,-0.608761429009));
#2813 = PCURVE('',#102,#2814);
#2814 = DEFINITIONAL_REPRESENTATION('',(#2815),#2819);
#2815 = LINE('',#2816,#2817);
#2816 = CARTESIAN_POINT('',(16.188970010755,0.708695632697));
#2817 = VECTOR('',#2818,1.);
#2818 = DIRECTION('',(-0.793353340291,-0.608761429009));
#2819 = ( GEOMETRIC_REPRESENTATION_CONTEXT(2) 
PARAMETRIC_REPRESENTATION_CONTEXT() REPRESENTATION_CONTEXT('2D SPACE',''
  ) );
#2820 = PCURVE('',#1465,#2821);
#2821 = DEFINITIONAL_REPRESENTATION('',(#2822),#2826);
#2822 = LINE('',#2823,#2824);
#2823 = CARTESIAN_POINT('',(0.,-146.5));
#2824 = VECTOR('',#2825,1.);
#2825 = DIRECTION('',(1.,0.));
#2826 = ( GEOMETRIC_REPRESENTATION_CONTEXT(2) 
PARAMETRIC_REPRESENTATION_CONTEXT() REPRESENTATION_CONTEXT('2D SPACE',''
  ) );
#2827 = ORIENTED_EDGE('',*,*,#2828,.T.);
#2828 = EDGE_CURVE('',#2806,#2829,#2831,.T.);
#2829 = VERTEX_POINT('',#2830);
#2830 = CARTESIAN_POINT('',(147.5,22.709746934052,-10.08909778876));
#2831 = SURFACE_CURVE('',#2832,(#2836,#2843),.PCURVE_S1.);
#2832 = LINE('',#2833,#2834);
#2833 = CARTESIAN_POINT('',(147.5,15.078275334347,-0.143570367915));
#2834 = VECTOR('',#2835,1.);
#2835 = DIRECTION('',(0.,0.608761429009,-0.793353340291));
#2836 = PCURVE('',#102,#2837);
#2837 = DEFINITIONAL_REPRESENTATION('',(#2838),#2842);
#2838 = LINE('',#2839,#2840);
#2839 = CARTESIAN_POINT('',(15.078275334347,-0.143570367915));
#2840 = VECTOR('',#2841,1.);
#2841 = DIRECTION('',(0.608761429009,-0.793353340291));
#2842 = ( GEOMETRIC_REPRESENTATION_CONTEXT(2) 
PARAMETRIC_REPRESENTATION_CONTEXT() REPRESENTATION_CONTEXT('2D SPACE',''
  ) );
#2843 = PCURVE('',#1493,#2844);
#2844 = DEFINITIONAL_REPRESENTATION('',(#2845),#2849);
#2845 = LINE('',#2846,#2847);
#2846 = CARTESIAN_POINT('',(0.,-146.5));
#2847 = VECTOR('',#2848,1.);
#2848 = DIRECTION('',(1.,0.));
#2849 = ( GEOMETRIC_REPRESENTATION_CONTEXT(2) 
PARAMETRIC_REPRESENTATION_CONTEXT() REPRESENTATION_CONTEXT('2D SPACE',''
  ) );
#2850 = ORIENTED_EDGE('',*,*,#2851,.F.);
#2851 = EDGE_CURVE('',#2852,#2829,#2854,.T.);
#2852 = VERTEX_POINT('',#2853);
#2853 = CARTESIAN_POINT('',(147.5,20.303557398288,-14.32787691789));
#2854 = SURFACE_CURVE('',#2855,(#2860,#2867),.PCURVE_S1.);
#2855 = CIRCLE('',#2856,24.85);
#2856 = AXIS2_PLACEMENT_3D('',#2857,#2858,#2859);
#2857 = CARTESIAN_POINT('',(147.5,0.,0.));
#2858 = DIRECTION('',(1.,0.,0.));
#2859 = DIRECTION('',(0.,1.,0.));
#2860 = PCURVE('',#102,#2861);
#2861 = DEFINITIONAL_REPRESENTATION('',(#2862),#2866);
#2862 = CIRCLE('',#2863,24.85);
#2863 = AXIS2_PLACEMENT_2D('',#2864,#2865);
#2864 = CARTESIAN_POINT('',(8.148619039341E-16,-5.336649226313E-16));
#2865 = DIRECTION('',(1.,0.));
#2866 = ( GEOMETRIC_REPRESENTATION_CONTEXT(2) 
PARAMETRIC_REPRESENTATION_CONTEXT() REPRESENTATION_CONTEXT('2D SPACE',''
  ) );
#2867 = PCURVE('',#1522,#2868);
#2868 = DEFINITIONAL_REPRESENTATION('',(#2869),#2873);
#2869 = LINE('',#2870,#2871);
#2870 = CARTESIAN_POINT('',(-0.,-146.5));
#2871 = VECTOR('',#2872,1.);
#2872 = DIRECTION('',(-1.,0.));
#2873 = ( GEOMETRIC_REPRESENTATION_CONTEXT(2) 
PARAMETRIC_REPRESENTATION_CONTEXT() REPRESENTATION_CONTEXT('2D SPACE',''
  ) );
#2874 = ORIENTED_EDGE('',*,*,#2875,.T.);
#2875 = EDGE_CURVE('',#2852,#2876,#2878,.T.);
#2876 = VERTEX_POINT('',#2877);
#2877 = CARTESIAN_POINT('',(147.5,15.820768161331,-3.505466344777));
#2878 = SURFACE_CURVE('',#2879,(#2883,#2890),.PCURVE_S1.);
#2879 = LINE('',#2880,#2881);
#2880 = CARTESIAN_POINT('',(147.5,21.063531184732,-16.16261594018));
#2881 = VECTOR('',#2882,1.);
#2882 = DIRECTION('',(0.,-0.382683432365,0.923879532511));
#2883 = PCURVE('',#102,#2884);
#2884 = DEFINITIONAL_REPRESENTATION('',(#2885),#2889);
#2885 = LINE('',#2886,#2887);
#2886 = CARTESIAN_POINT('',(21.063531184732,-16.16261594018));
#2887 = VECTOR('',#2888,1.);
#2888 = DIRECTION('',(-0.382683432365,0.923879532511));
#2889 = ( GEOMETRIC_REPRESENTATION_CONTEXT(2) 
PARAMETRIC_REPRESENTATION_CONTEXT() REPRESENTATION_CONTEXT('2D SPACE',''
  ) );
#2890 = PCURVE('',#1550,#2891);
#2891 = DEFINITIONAL_REPRESENTATION('',(#2892),#2896);
#2892 = LINE('',#2893,#2894);
#2893 = CARTESIAN_POINT('',(-1.985907207292,-146.5));
#2894 = VECTOR('',#2895,1.);
#2895 = DIRECTION('',(1.,0.));
#2896 = ( GEOMETRIC_REPRESENTATION_CONTEXT(2) 
PARAMETRIC_REPRESENTATION_CONTEXT() REPRESENTATION_CONTEXT('2D SPACE',''
  ) );
#2897 = ORIENTED_EDGE('',*,*,#2898,.T.);
#2898 = EDGE_CURVE('',#2876,#2899,#2901,.T.);
#2899 = VERTEX_POINT('',#2900);
#2900 = CARTESIAN_POINT('',(147.5,14.527336815815,-4.041223150088));
#2901 = SURFACE_CURVE('',#2902,(#2906,#2913),.PCURVE_S1.);
#2902 = LINE('',#2903,#2904);
#2903 = CARTESIAN_POINT('',(147.5,15.820768161331,-3.505466344777));
#2904 = VECTOR('',#2905,1.);
#2905 = DIRECTION('',(0.,-0.923879532511,-0.382683432365));
#2906 = PCURVE('',#102,#2907);
#2907 = DEFINITIONAL_REPRESENTATION('',(#2908),#2912);
#2908 = LINE('',#2909,#2910);
#2909 = CARTESIAN_POINT('',(15.820768161331,-3.505466344777));
#2910 = VECTOR('',#2911,1.);
#2911 = DIRECTION('',(-0.923879532511,-0.382683432365));
#2912 = ( GEOMETRIC_REPRESENTATION_CONTEXT(2) 
PARAMETRIC_REPRESENTATION_CONTEXT() REPRESENTATION_CONTEXT('2D SPACE',''
  ) );
#2913 = PCURVE('',#1578,#2914);
#2914 = DEFINITIONAL_REPRESENTATION('',(#2915),#2919);
#2915 = LINE('',#2916,#2917);
#2916 = CARTESIAN_POINT('',(0.,-146.5));
#2917 = VECTOR('',#2918,1.);
#2918 = DIRECTION('',(1.,0.));
#2919 = ( GEOMETRIC_REPRESENTATION_CONTEXT(2) 
PARAMETRIC_REPRESENTATION_CONTEXT() REPRESENTATION_CONTEXT('2D SPACE',''
  ) );
#2920 = ORIENTED_EDGE('',*,*,#2921,.T.);
#2921 = EDGE_CURVE('',#2899,#2922,#2924,.T.);
#2922 = VERTEX_POINT('',#2923);
#2923 = CARTESIAN_POINT('',(147.5,19.324680416455,-15.62303513411));
#2924 = SURFACE_CURVE('',#2925,(#2929,#2936),.PCURVE_S1.);
#2925 = LINE('',#2926,#2927);
#2926 = CARTESIAN_POINT('',(147.5,14.527336815815,-4.041223150088));
#2927 = VECTOR('',#2928,1.);
#2928 = DIRECTION('',(0.,0.382683432365,-0.923879532511));
#2929 = PCURVE('',#102,#2930);
#2930 = DEFINITIONAL_REPRESENTATION('',(#2931),#2935);
#2931 = LINE('',#2932,#2933);
#2932 = CARTESIAN_POINT('',(14.527336815815,-4.041223150088));
#2933 = VECTOR('',#2934,1.);
#2934 = DIRECTION('',(0.382683432365,-0.923879532511));
#2935 = ( GEOMETRIC_REPRESENTATION_CONTEXT(2) 
PARAMETRIC_REPRESENTATION_CONTEXT() REPRESENTATION_CONTEXT('2D SPACE',''
  ) );
#2936 = PCURVE('',#1606,#2937);
#2937 = DEFINITIONAL_REPRESENTATION('',(#2938),#2942);
#2938 = LINE('',#2939,#2940);
#2939 = CARTESIAN_POINT('',(0.,-146.5));
#2940 = VECTOR('',#2941,1.);
#2941 = DIRECTION('',(1.,0.));
#2942 = ( GEOMETRIC_REPRESENTATION_CONTEXT(2) 
PARAMETRIC_REPRESENTATION_CONTEXT() REPRESENTATION_CONTEXT('2D SPACE',''
  ) );
#2943 = ORIENTED_EDGE('',*,*,#2944,.F.);
#2944 = EDGE_CURVE('',#2945,#2922,#2947,.T.);
#2945 = VERTEX_POINT('',#2946);
#2946 = CARTESIAN_POINT('',(147.5,15.903403034311,-19.09461368889));
#2947 = SURFACE_CURVE('',#2948,(#2953,#2960),.PCURVE_S1.);
#2948 = CIRCLE('',#2949,24.85);
#2949 = AXIS2_PLACEMENT_3D('',#2950,#2951,#2952);
#2950 = CARTESIAN_POINT('',(147.5,0.,0.));
#2951 = DIRECTION('',(1.,0.,0.));
#2952 = DIRECTION('',(0.,1.,0.));
#2953 = PCURVE('',#102,#2954);
#2954 = DEFINITIONAL_REPRESENTATION('',(#2955),#2959);
#2955 = CIRCLE('',#2956,24.85);
#2956 = AXIS2_PLACEMENT_2D('',#2957,#2958);
#2957 = CARTESIAN_POINT('',(8.148619039341E-16,-5.336649226313E-16));
#2958 = DIRECTION('',(1.,0.));
#2959 = ( GEOMETRIC_REPRESENTATION_CONTEXT(2) 
PARAMETRIC_REPRESENTATION_CONTEXT() REPRESENTATION_CONTEXT('2D SPACE',''
  ) );
#2960 = PCURVE('',#1635,#2961);
#2961 = DEFINITIONAL_REPRESENTATION('',(#2962),#2966);
#2962 = LINE('',#2963,#2964);
#2963 = CARTESIAN_POINT('',(-0.,-146.5));
#2964 = VECTOR('',#2965,1.);
#2965 = DIRECTION('',(-1.,0.));
#2966 = ( GEOMETRIC_REPRESENTATION_CONTEXT(2) 
PARAMETRIC_REPRESENTATION_CONTEXT() REPRESENTATION_CONTEXT('2D SPACE',''
  ) );
#2967 = ORIENTED_EDGE('',*,*,#2968,.T.);
#2968 = EDGE_CURVE('',#2945,#2969,#2971,.T.);
#2969 = VERTEX_POINT('',#2970);
#2970 = CARTESIAN_POINT('',(147.5,14.374407106767,-7.480736583911));
#2971 = SURFACE_CURVE('',#2972,(#2976,#2983),.PCURVE_S1.);
#2972 = LINE('',#2973,#2974);
#2973 = CARTESIAN_POINT('',(147.5,16.162615940182,-21.06353118473));
#2974 = VECTOR('',#2975,1.);
#2975 = DIRECTION('',(0.,-0.13052619222,0.991444861374));
#2976 = PCURVE('',#102,#2977);
#2977 = DEFINITIONAL_REPRESENTATION('',(#2978),#2982);
#2978 = LINE('',#2979,#2980);
#2979 = CARTESIAN_POINT('',(16.162615940182,-21.06353118473));
#2980 = VECTOR('',#2981,1.);
#2981 = DIRECTION('',(-0.13052619222,0.991444861374));
#2982 = ( GEOMETRIC_REPRESENTATION_CONTEXT(2) 
PARAMETRIC_REPRESENTATION_CONTEXT() REPRESENTATION_CONTEXT('2D SPACE',''
  ) );
#2983 = PCURVE('',#1663,#2984);
#2984 = DEFINITIONAL_REPRESENTATION('',(#2985),#2989);
#2985 = LINE('',#2986,#2987);
#2986 = CARTESIAN_POINT('',(-1.985907207291,-146.5));
#2987 = VECTOR('',#2988,1.);
#2988 = DIRECTION('',(1.,0.));
#2989 = ( GEOMETRIC_REPRESENTATION_CONTEXT(2) 
PARAMETRIC_REPRESENTATION_CONTEXT() REPRESENTATION_CONTEXT('2D SPACE',''
  ) );
#2990 = ORIENTED_EDGE('',*,*,#2991,.T.);
#2991 = EDGE_CURVE('',#2969,#2992,#2994,.T.);
#2992 = VERTEX_POINT('',#2993);
#2993 = CARTESIAN_POINT('',(147.5,12.986384300843,-7.663473253019));
#2994 = SURFACE_CURVE('',#2995,(#2999,#3006),.PCURVE_S1.);
#2995 = LINE('',#2996,#2997);
#2996 = CARTESIAN_POINT('',(147.5,14.374407106767,-7.480736583911));
#2997 = VECTOR('',#2998,1.);
#2998 = DIRECTION('',(0.,-0.991444861374,-0.13052619222));
#2999 = PCURVE('',#102,#3000);
#3000 = DEFINITIONAL_REPRESENTATION('',(#3001),#3005);
#3001 = LINE('',#3002,#3003);
#3002 = CARTESIAN_POINT('',(14.374407106767,-7.480736583911));
#3003 = VECTOR('',#3004,1.);
#3004 = DIRECTION('',(-0.991444861374,-0.13052619222));
#3005 = ( GEOMETRIC_REPRESENTATION_CONTEXT(2) 
PARAMETRIC_REPRESENTATION_CONTEXT() REPRESENTATION_CONTEXT('2D SPACE',''
  ) );
#3006 = PCURVE('',#1691,#3007);
#3007 = DEFINITIONAL_REPRESENTATION('',(#3008),#3012);
#3008 = LINE('',#3009,#3010);
#3009 = CARTESIAN_POINT('',(0.,-146.5));
#3010 = VECTOR('',#3011,1.);
#3011 = DIRECTION('',(1.,0.));
#3012 = ( GEOMETRIC_REPRESENTATION_CONTEXT(2) 
PARAMETRIC_REPRESENTATION_CONTEXT() REPRESENTATION_CONTEXT('2D SPACE',''
  ) );
#3013 = ORIENTED_EDGE('',*,*,#3014,.T.);
#3014 = EDGE_CURVE('',#2992,#3015,#3017,.T.);
#3015 = VERTEX_POINT('',#3016);
#3016 = CARTESIAN_POINT('',(147.5,14.622668864021,-20.09228845336));
#3017 = SURFACE_CURVE('',#3018,(#3022,#3029),.PCURVE_S1.);
#3018 = LINE('',#3019,#3020);
#3019 = CARTESIAN_POINT('',(147.5,12.986384300843,-7.663473253019));
#3020 = VECTOR('',#3021,1.);
#3021 = DIRECTION('',(0.,0.13052619222,-0.991444861374));
#3022 = PCURVE('',#102,#3023);
#3023 = DEFINITIONAL_REPRESENTATION('',(#3024),#3028);
#3024 = LINE('',#3025,#3026);
#3025 = CARTESIAN_POINT('',(12.986384300843,-7.663473253019));
#3026 = VECTOR('',#3027,1.);
#3027 = DIRECTION('',(0.13052619222,-0.991444861374));
#3028 = ( GEOMETRIC_REPRESENTATION_CONTEXT(2) 
PARAMETRIC_REPRESENTATION_CONTEXT() REPRESENTATION_CONTEXT('2D SPACE',''
  ) );
#3029 = PCURVE('',#1719,#3030);
#3030 = DEFINITIONAL_REPRESENTATION('',(#3031),#3035);
#3031 = LINE('',#3032,#3033);
#3032 = CARTESIAN_POINT('',(0.,-146.5));
#3033 = VECTOR('',#3034,1.);
#3034 = DIRECTION('',(1.,0.));
#3035 = ( GEOMETRIC_REPRESENTATION_CONTEXT(2) 
PARAMETRIC_REPRESENTATION_CONTEXT() REPRESENTATION_CONTEXT('2D SPACE',''
  ) );
#3036 = ORIENTED_EDGE('',*,*,#3037,.F.);
#3037 = EDGE_CURVE('',#3038,#3015,#3040,.T.);
#3038 = VERTEX_POINT('',#3039);
#3039 = CARTESIAN_POINT('',(147.5,10.419458035164,-22.56008409234));
#3040 = SURFACE_CURVE('',#3041,(#3046,#3053),.PCURVE_S1.);
#3041 = CIRCLE('',#3042,24.85);
#3042 = AXIS2_PLACEMENT_3D('',#3043,#3044,#3045);
#3043 = CARTESIAN_POINT('',(147.5,0.,0.));
#3044 = DIRECTION('',(1.,0.,0.));
#3045 = DIRECTION('',(0.,1.,0.));
#3046 = PCURVE('',#102,#3047);
#3047 = DEFINITIONAL_REPRESENTATION('',(#3048),#3052);
#3048 = CIRCLE('',#3049,24.85);
#3049 = AXIS2_PLACEMENT_2D('',#3050,#3051);
#3050 = CARTESIAN_POINT('',(8.148619039341E-16,-5.336649226313E-16));
#3051 = DIRECTION('',(1.,0.));
#3052 = ( GEOMETRIC_REPRESENTATION_CONTEXT(2) 
PARAMETRIC_REPRESENTATION_CONTEXT() REPRESENTATION_CONTEXT('2D SPACE',''
  ) );
#3053 = PCURVE('',#1748,#3054);
#3054 = DEFINITIONAL_REPRESENTATION('',(#3055),#3059);
#3055 = LINE('',#3056,#3057);
#3056 = CARTESIAN_POINT('',(-0.,-146.5));
#3057 = VECTOR('',#3058,1.);
#3058 = DIRECTION('',(-1.,0.));
#3059 = ( GEOMETRIC_REPRESENTATION_CONTEXT(2) 
PARAMETRIC_REPRESENTATION_CONTEXT() REPRESENTATION_CONTEXT('2D SPACE',''
  ) );
#3060 = ORIENTED_EDGE('',*,*,#3061,.T.);
#3061 = EDGE_CURVE('',#3038,#3062,#3064,.T.);
#3062 = VERTEX_POINT('',#3063);
#3063 = CARTESIAN_POINT('',(147.5,11.948453962708,-10.94620698735));
#3064 = SURFACE_CURVE('',#3065,(#3069,#3076),.PCURVE_S1.);
#3065 = LINE('',#3066,#3067);
#3066 = CARTESIAN_POINT('',(147.5,10.160245129293,-24.52900158817));
#3067 = VECTOR('',#3068,1.);
#3068 = DIRECTION('',(0.,0.13052619222,0.991444861374));
#3069 = PCURVE('',#102,#3070);
#3070 = DEFINITIONAL_REPRESENTATION('',(#3071),#3075);
#3071 = LINE('',#3072,#3073);
#3072 = CARTESIAN_POINT('',(10.160245129293,-24.52900158817));
#3073 = VECTOR('',#3074,1.);
#3074 = DIRECTION('',(0.13052619222,0.991444861374));
#3075 = ( GEOMETRIC_REPRESENTATION_CONTEXT(2) 
PARAMETRIC_REPRESENTATION_CONTEXT() REPRESENTATION_CONTEXT('2D SPACE',''
  ) );
#3076 = PCURVE('',#1776,#3077);
#3077 = DEFINITIONAL_REPRESENTATION('',(#3078),#3082);
#3078 = LINE('',#3079,#3080);
#3079 = CARTESIAN_POINT('',(-1.985907207292,-146.5));
#3080 = VECTOR('',#3081,1.);
#3081 = DIRECTION('',(1.,0.));
#3082 = ( GEOMETRIC_REPRESENTATION_CONTEXT(2) 
PARAMETRIC_REPRESENTATION_CONTEXT() REPRESENTATION_CONTEXT('2D SPACE',''
  ) );
#3083 = ORIENTED_EDGE('',*,*,#3084,.T.);
#3084 = EDGE_CURVE('',#3062,#3085,#3087,.T.);
#3085 = VERTEX_POINT('',#3086);
#3086 = CARTESIAN_POINT('',(147.5,10.560431156785,-10.76347031824));
#3087 = SURFACE_CURVE('',#3088,(#3092,#3099),.PCURVE_S1.);
#3088 = LINE('',#3089,#3090);
#3089 = CARTESIAN_POINT('',(147.5,11.948453962708,-10.94620698735));
#3090 = VECTOR('',#3091,1.);
#3091 = DIRECTION('',(0.,-0.991444861374,0.13052619222));
#3092 = PCURVE('',#102,#3093);
#3093 = DEFINITIONAL_REPRESENTATION('',(#3094),#3098);
#3094 = LINE('',#3095,#3096);
#3095 = CARTESIAN_POINT('',(11.948453962708,-10.94620698735));
#3096 = VECTOR('',#3097,1.);
#3097 = DIRECTION('',(-0.991444861374,0.13052619222));
#3098 = ( GEOMETRIC_REPRESENTATION_CONTEXT(2) 
PARAMETRIC_REPRESENTATION_CONTEXT() REPRESENTATION_CONTEXT('2D SPACE',''
  ) );
#3099 = PCURVE('',#1804,#3100);
#3100 = DEFINITIONAL_REPRESENTATION('',(#3101),#3105);
#3101 = LINE('',#3102,#3103);
#3102 = CARTESIAN_POINT('',(0.,-146.5));
#3103 = VECTOR('',#3104,1.);
#3104 = DIRECTION('',(1.,0.));
#3105 = ( GEOMETRIC_REPRESENTATION_CONTEXT(2) 
PARAMETRIC_REPRESENTATION_CONTEXT() REPRESENTATION_CONTEXT('2D SPACE',''
  ) );
#3106 = ORIENTED_EDGE('',*,*,#3107,.T.);
#3107 = EDGE_CURVE('',#3085,#3108,#3110,.T.);
#3108 = VERTEX_POINT('',#3109);
#3109 = CARTESIAN_POINT('',(147.5,8.924146593607,-23.19228551859));
#3110 = SURFACE_CURVE('',#3111,(#3115,#3122),.PCURVE_S1.);
#3111 = LINE('',#3112,#3113);
#3112 = CARTESIAN_POINT('',(147.5,10.560431156785,-10.76347031824));
#3113 = VECTOR('',#3114,1.);
#3114 = DIRECTION('',(0.,-0.13052619222,-0.991444861374));
#3115 = PCURVE('',#102,#3116);
#3116 = DEFINITIONAL_REPRESENTATION('',(#3117),#3121);
#3117 = LINE('',#3118,#3119);
#3118 = CARTESIAN_POINT('',(10.560431156785,-10.76347031824));
#3119 = VECTOR('',#3120,1.);
#3120 = DIRECTION('',(-0.13052619222,-0.991444861374));
#3121 = ( GEOMETRIC_REPRESENTATION_CONTEXT(2) 
PARAMETRIC_REPRESENTATION_CONTEXT() REPRESENTATION_CONTEXT('2D SPACE',''
  ) );
#3122 = PCURVE('',#1832,#3123);
#3123 = DEFINITIONAL_REPRESENTATION('',(#3124),#3128);
#3124 = LINE('',#3125,#3126);
#3125 = CARTESIAN_POINT('',(0.,-146.5));
#3126 = VECTOR('',#3127,1.);
#3127 = DIRECTION('',(1.,0.));
#3128 = ( GEOMETRIC_REPRESENTATION_CONTEXT(2) 
PARAMETRIC_REPRESENTATION_CONTEXT() REPRESENTATION_CONTEXT('2D SPACE',''
  ) );
#3129 = ORIENTED_EDGE('',*,*,#3130,.F.);
#3130 = EDGE_CURVE('',#3131,#3108,#3133,.T.);
#3131 = VERTEX_POINT('',#3132);
#3132 = CARTESIAN_POINT('',(147.5,4.225444189888,-24.48812204719));
#3133 = SURFACE_CURVE('',#3134,(#3139,#3146),.PCURVE_S1.);
#3134 = CIRCLE('',#3135,24.85);
#3135 = AXIS2_PLACEMENT_3D('',#3136,#3137,#3138);
#3136 = CARTESIAN_POINT('',(147.5,0.,0.));
#3137 = DIRECTION('',(1.,0.,0.));
#3138 = DIRECTION('',(0.,1.,0.));
#3139 = PCURVE('',#102,#3140);
#3140 = DEFINITIONAL_REPRESENTATION('',(#3141),#3145);
#3141 = CIRCLE('',#3142,24.85);
#3142 = AXIS2_PLACEMENT_2D('',#3143,#3144);
#3143 = CARTESIAN_POINT('',(8.148619039341E-16,-5.336649226313E-16));
#3144 = DIRECTION('',(1.,0.));
#3145 = ( GEOMETRIC_REPRESENTATION_CONTEXT(2) 
PARAMETRIC_REPRESENTATION_CONTEXT() REPRESENTATION_CONTEXT('2D SPACE',''
  ) );
#3146 = PCURVE('',#1861,#3147);
#3147 = DEFINITIONAL_REPRESENTATION('',(#3148),#3152);
#3148 = LINE('',#3149,#3150);
#3149 = CARTESIAN_POINT('',(-0.,-146.5));
#3150 = VECTOR('',#3151,1.);
#3151 = DIRECTION('',(-1.,0.));
#3152 = ( GEOMETRIC_REPRESENTATION_CONTEXT(2) 
PARAMETRIC_REPRESENTATION_CONTEXT() REPRESENTATION_CONTEXT('2D SPACE',''
  ) );
#3153 = ORIENTED_EDGE('',*,*,#3154,.T.);
#3154 = EDGE_CURVE('',#3131,#3155,#3157,.T.);
#3155 = VERTEX_POINT('',#3156);
#3156 = CARTESIAN_POINT('',(147.5,8.708233426844,-13.66571147407));
#3157 = SURFACE_CURVE('',#3158,(#3162,#3169),.PCURVE_S1.);
#3158 = LINE('',#3159,#3160);
#3159 = CARTESIAN_POINT('',(147.5,3.465470403442,-26.32286106947));
#3160 = VECTOR('',#3161,1.);
#3161 = DIRECTION('',(0.,0.382683432365,0.923879532511));
#3162 = PCURVE('',#102,#3163);
#3163 = DEFINITIONAL_REPRESENTATION('',(#3164),#3168);
#3164 = LINE('',#3165,#3166);
#3165 = CARTESIAN_POINT('',(3.465470403442,-26.32286106947));
#3166 = VECTOR('',#3167,1.);
#3167 = DIRECTION('',(0.382683432365,0.923879532511));
#3168 = ( GEOMETRIC_REPRESENTATION_CONTEXT(2) 
PARAMETRIC_REPRESENTATION_CONTEXT() REPRESENTATION_CONTEXT('2D SPACE',''
  ) );
#3169 = PCURVE('',#1889,#3170);
#3170 = DEFINITIONAL_REPRESENTATION('',(#3171),#3175);
#3171 = LINE('',#3172,#3173);
#3172 = CARTESIAN_POINT('',(-1.985907207292,-146.5));
#3173 = VECTOR('',#3174,1.);
#3174 = DIRECTION('',(1.,0.));
#3175 = ( GEOMETRIC_REPRESENTATION_CONTEXT(2) 
PARAMETRIC_REPRESENTATION_CONTEXT() REPRESENTATION_CONTEXT('2D SPACE',''
  ) );
#3176 = ORIENTED_EDGE('',*,*,#3177,.T.);
#3177 = EDGE_CURVE('',#3155,#3178,#3180,.T.);
#3178 = VERTEX_POINT('',#3179);
#3179 = CARTESIAN_POINT('',(147.5,7.414802081328,-13.12995466875));
#3180 = SURFACE_CURVE('',#3181,(#3185,#3192),.PCURVE_S1.);
#3181 = LINE('',#3182,#3183);
#3182 = CARTESIAN_POINT('',(147.5,8.708233426844,-13.66571147407));
#3183 = VECTOR('',#3184,1.);
#3184 = DIRECTION('',(0.,-0.923879532511,0.382683432365));
#3185 = PCURVE('',#102,#3186);
#3186 = DEFINITIONAL_REPRESENTATION('',(#3187),#3191);
#3187 = LINE('',#3188,#3189);
#3188 = CARTESIAN_POINT('',(8.708233426844,-13.66571147407));
#3189 = VECTOR('',#3190,1.);
#3190 = DIRECTION('',(-0.923879532511,0.382683432365));
#3191 = ( GEOMETRIC_REPRESENTATION_CONTEXT(2) 
PARAMETRIC_REPRESENTATION_CONTEXT() REPRESENTATION_CONTEXT('2D SPACE',''
  ) );
#3192 = PCURVE('',#1917,#3193);
#3193 = DEFINITIONAL_REPRESENTATION('',(#3194),#3198);
#3194 = LINE('',#3195,#3196);
#3195 = CARTESIAN_POINT('',(0.,-146.5));
#3196 = VECTOR('',#3197,1.);
#3197 = DIRECTION('',(1.,0.));
#3198 = ( GEOMETRIC_REPRESENTATION_CONTEXT(2) 
PARAMETRIC_REPRESENTATION_CONTEXT() REPRESENTATION_CONTEXT('2D SPACE',''
  ) );
#3199 = ORIENTED_EDGE('',*,*,#3200,.T.);
#3200 = EDGE_CURVE('',#3178,#3201,#3203,.T.);
#3201 = VERTEX_POINT('',#3202);
#3202 = CARTESIAN_POINT('',(147.5,2.617458480688,-24.71176665278));
#3203 = SURFACE_CURVE('',#3204,(#3208,#3215),.PCURVE_S1.);
#3204 = LINE('',#3205,#3206);
#3205 = CARTESIAN_POINT('',(147.5,7.414802081328,-13.12995466875));
#3206 = VECTOR('',#3207,1.);
#3207 = DIRECTION('',(0.,-0.382683432365,-0.923879532511));
#3208 = PCURVE('',#102,#3209);
#3209 = DEFINITIONAL_REPRESENTATION('',(#3210),#3214);
#3210 = LINE('',#3211,#3212);
#3211 = CARTESIAN_POINT('',(7.414802081328,-13.12995466875));
#3212 = VECTOR('',#3213,1.);
#3213 = DIRECTION('',(-0.382683432365,-0.923879532511));
#3214 = ( GEOMETRIC_REPRESENTATION_CONTEXT(2) 
PARAMETRIC_REPRESENTATION_CONTEXT() REPRESENTATION_CONTEXT('2D SPACE',''
  ) );
#3215 = PCURVE('',#1945,#3216);
#3216 = DEFINITIONAL_REPRESENTATION('',(#3217),#3221);
#3217 = LINE('',#3218,#3219);
#3218 = CARTESIAN_POINT('',(0.,-146.5));
#3219 = VECTOR('',#3220,1.);
#3220 = DIRECTION('',(1.,0.));
#3221 = ( GEOMETRIC_REPRESENTATION_CONTEXT(2) 
PARAMETRIC_REPRESENTATION_CONTEXT() REPRESENTATION_CONTEXT('2D SPACE',''
  ) );
#3222 = ORIENTED_EDGE('',*,*,#3223,.F.);
#3223 = EDGE_CURVE('',#3224,#3201,#3226,.T.);
#3224 = VERTEX_POINT('',#3225);
#3225 = CARTESIAN_POINT('',(147.5,-4.564870943822E-15,-24.85));
#3226 = SURFACE_CURVE('',#3227,(#3232,#3239),.PCURVE_S1.);
#3227 = CIRCLE('',#3228,24.85);
#3228 = AXIS2_PLACEMENT_3D('',#3229,#3230,#3231);
#3229 = CARTESIAN_POINT('',(147.5,0.,0.));
#3230 = DIRECTION('',(1.,0.,0.));
#3231 = DIRECTION('',(0.,1.,0.));
#3232 = PCURVE('',#102,#3233);
#3233 = DEFINITIONAL_REPRESENTATION('',(#3234),#3238);
#3234 = CIRCLE('',#3235,24.85);
#3235 = AXIS2_PLACEMENT_2D('',#3236,#3237);
#3236 = CARTESIAN_POINT('',(8.148619039341E-16,-5.336649226313E-16));
#3237 = DIRECTION('',(1.,0.));
#3238 = ( GEOMETRIC_REPRESENTATION_CONTEXT(2) 
PARAMETRIC_REPRESENTATION_CONTEXT() REPRESENTATION_CONTEXT('2D SPACE',''
  ) );
#3239 = PCURVE('',#1974,#3240);
#3240 = DEFINITIONAL_REPRESENTATION('',(#3241),#3245);
#3241 = LINE('',#3242,#3243);
#3242 = CARTESIAN_POINT('',(-0.,-146.5));
#3243 = VECTOR('',#3244,1.);
#3244 = DIRECTION('',(-1.,0.));
#3245 = ( GEOMETRIC_REPRESENTATION_CONTEXT(2) 
PARAMETRIC_REPRESENTATION_CONTEXT() REPRESENTATION_CONTEXT('2D SPACE',''
  ) );
#3246 = ORIENTED_EDGE('',*,*,#3247,.F.);
#3247 = EDGE_CURVE('',#2059,#3224,#3248,.T.);
#3248 = SURFACE_CURVE('',#3249,(#3253,#3259),.PCURVE_S1.);
#3249 = LINE('',#3250,#3251);
#3250 = CARTESIAN_POINT('',(147.5,0.,-100.));
#3251 = VECTOR('',#3252,1.);
#3252 = DIRECTION('',(0.,0.,1.));
#3253 = PCURVE('',#102,#3254);
#3254 = DEFINITIONAL_REPRESENTATION('',(#3255),#3258);
#3255 = B_SPLINE_CURVE_WITH_KNOTS('',1,(#3256,#3257),.UNSPECIFIED.,.F.,
  .F.,(2,2),(73.15,126.85),.PIECEWISE_BEZIER_KNOTS.);
#3256 = CARTESIAN_POINT('',(8.148619039341E-16,-26.85));
#3257 = CARTESIAN_POINT('',(8.148619039341E-16,26.85));
#3258 = ( GEOMETRIC_REPRESENTATION_CONTEXT(2) 
PARAMETRIC_REPRESENTATION_CONTEXT() REPRESENTATION_CONTEXT('2D SPACE',''
  ) );
#3259 = PCURVE('',#1999,#3260);
#3260 = DEFINITIONAL_REPRESENTATION('',(#3261),#3264);
#3261 = B_SPLINE_CURVE_WITH_KNOTS('',1,(#3262,#3263),.UNSPECIFIED.,.F.,
  .F.,(2,2),(73.15,126.85),.PIECEWISE_BEZIER_KNOTS.);
#3262 = CARTESIAN_POINT('',(173.15,157.5));
#3263 = CARTESIAN_POINT('',(226.85,157.5));
#3264 = ( GEOMETRIC_REPRESENTATION_CONTEXT(2) 
PARAMETRIC_REPRESENTATION_CONTEXT() REPRESENTATION_CONTEXT('2D SPACE',''
  ) );
#3265 = ADVANCED_FACE('',(#3266,#3290,#3485),#73,.T.);
#3266 = FACE_BOUND('',#3267,.F.);
#3267 = EDGE_LOOP('',(#3268,#3269,#3270,#3271));
#3268 = ORIENTED_EDGE('',*,*,#2058,.T.);
#3269 = ORIENTED_EDGE('',*,*,#57,.F.);
#3270 = ORIENTED_EDGE('',*,*,#531,.F.);
#3271 = ORIENTED_EDGE('',*,*,#3272,.F.);
#3272 = EDGE_CURVE('',#2059,#532,#3273,.T.);
#3273 = SURFACE_CURVE('',#3274,(#3278,#3284),.PCURVE_S1.);
#3274 = LINE('',#3275,#3276);
#3275 = CARTESIAN_POINT('',(1.,0.,-26.85));
#3276 = VECTOR('',#3277,1.);
#3277 = DIRECTION('',(-1.,-0.,-0.));
#3278 = PCURVE('',#73,#3279);
#3279 = DEFINITIONAL_REPRESENTATION('',(#3280),#3283);
#3280 = B_SPLINE_CURVE_WITH_KNOTS('',1,(#3281,#3282),.UNSPECIFIED.,.F.,
  .F.,(2,2),(-146.5000006,6.000000000173E-07),.PIECEWISE_BEZIER_KNOTS.);
#3281 = CARTESIAN_POINT('',(-4.712388980385,-146.5000006));
#3282 = CARTESIAN_POINT('',(-4.712388980385,6.000000000173E-07));
#3283 = ( GEOMETRIC_REPRESENTATION_CONTEXT(2) 
PARAMETRIC_REPRESENTATION_CONTEXT() REPRESENTATION_CONTEXT('2D SPACE',''
  ) );
#3284 = PCURVE('',#1999,#3285);
#3285 = DEFINITIONAL_REPRESENTATION('',(#3286),#3289);
#3286 = B_SPLINE_CURVE_WITH_KNOTS('',1,(#3287,#3288),.UNSPECIFIED.,.F.,
  .F.,(2,2),(-146.5000006,6.000000000173E-07),.PIECEWISE_BEZIER_KNOTS.);
#3287 = CARTESIAN_POINT('',(173.15,157.5000006));
#3288 = CARTESIAN_POINT('',(173.15,10.9999994));
#3289 = ( GEOMETRIC_REPRESENTATION_CONTEXT(2) 
PARAMETRIC_REPRESENTATION_CONTEXT() REPRESENTATION_CONTEXT('2D SPACE',''
  ) );
#3290 = FACE_BOUND('',#3291,.F.);
#3291 = EDGE_LOOP('',(#3292));
#3292 = ORIENTED_EDGE('',*,*,#3293,.T.);
#3293 = EDGE_CURVE('',#3294,#3294,#3296,.T.);
#3294 = VERTEX_POINT('',#3295);
#3295 = CARTESIAN_POINT('',(37.25,18.985817074859,-18.98581707485));
#3296 = SURFACE_CURVE('',#3297,(#3356,#3418),.PCURVE_S1.);
#3297 = B_SPLINE_CURVE_WITH_KNOTS('',8,(#3298,#3299,#3300,#3301,#3302,
    #3303,#3304,#3305,#3306,#3307,#3308,#3309,#3310,#3311,#3312,#3313,
    #3314,#3315,#3316,#3317,#3318,#3319,#3320,#3321,#3322,#3323,#3324,
    #3325,#3326,#3327,#3328,#3329,#3330,#3331,#3332,#3333,#3334,#3335,
    #3336,#3337,#3338,#3339,#3340,#3341,#3342,#3343,#3344,#3345,#3346,
    #3347,#3348,#3349,#3350,#3351,#3352,#3353,#3354,#3355),
  .UNSPECIFIED.,.T.,.F.,(9,7,7,7,7,7,7,7,9),(0.,0.137051582118,
    0.279857664442,0.450918624737,0.596938519293,0.691284033275,
    0.795106441302,0.899680497327,1.),.UNSPECIFIED.);
#3298 = CARTESIAN_POINT('',(37.25,18.985817074859,-18.98581707485));
#3299 = CARTESIAN_POINT('',(37.25,18.80061781704,-19.17101633267));
#3300 = CARTESIAN_POINT('',(37.215157168774,18.617674791576,
    -19.34983007308));
#3301 = CARTESIAN_POINT('',(37.148314593362,18.440870995433,
    -19.51871272264));
#3302 = CARTESIAN_POINT('',(37.05312179405,18.273800682794,
    -19.67485671457));
#3303 = CARTESIAN_POINT('',(36.934002440679,18.119628856758,
    -19.81618968124));
#3304 = CARTESIAN_POINT('',(36.796109945904,17.980862869993,
    -19.94136742731));
#3305 = CARTESIAN_POINT('',(36.64527532314,17.859104677967,
    -20.04979286543));
#3306 = CARTESIAN_POINT('',(36.324022391224,17.646222565899,
    -20.23744793553));
#3307 = CARTESIAN_POINT('',(36.149195660484,17.554047043053,
    -20.31751056415));
#3308 = CARTESIAN_POINT('',(35.966509241327,17.478019274213,
    -20.38280271464));
#3309 = CARTESIAN_POINT('',(35.778243302051,17.417743945219,
    -20.43414331727));
#3310 = CARTESIAN_POINT('',(35.586151072755,17.372834031709,
    -20.47219034254));
#3311 = CARTESIAN_POINT('',(35.39163431875,17.342987657484,
    -20.49740620007));
#3312 = CARTESIAN_POINT('',(35.195883192579,17.328047772843,
    -20.51002828818));
#3313 = CARTESIAN_POINT('',(34.765360365027,17.328047772843,
    -20.51002828818));
#3314 = CARTESIAN_POINT('',(34.531054561684,17.349484882237,
    -20.49191679385));
#3315 = CARTESIAN_POINT('',(34.298824978391,17.392251641894,
    -20.45578572968));
#3316 = CARTESIAN_POINT('',(34.070627575486,17.456728154284,
    -20.40109617627));
#3317 = CARTESIAN_POINT('',(33.849062637963,17.54357112587,
    -20.32687165045));
#3318 = CARTESIAN_POINT('',(33.637639353252,17.653526072616,
    -20.23178017408));
#3319 = CARTESIAN_POINT('',(33.441139458749,17.787180658579,
    -20.11426049863));
#3320 = CARTESIAN_POINT('',(33.117138519546,18.078932850355,
    -19.85213615117));
#3321 = CARTESIAN_POINT('',(32.978248186922,18.235539858006,
    -19.70956621678));
#3322 = CARTESIAN_POINT('',(32.861669249536,18.411500198047,
    -19.54661369211));
#3323 = CARTESIAN_POINT('',(32.776401216326,18.601861382725,
    -19.36651372782));
#3324 = CARTESIAN_POINT('',(32.728437958179,18.800191863313,
    -19.17410452499));
#3325 = CARTESIAN_POINT('',(32.720653244028,18.999703126279,
    -18.9754463379));
#3326 = CARTESIAN_POINT('',(32.752669024258,19.193937795923,
    -18.77725919447));
#3327 = CARTESIAN_POINT('',(32.864635834614,19.495866763975,
    -18.46247517627));
#3328 = CARTESIAN_POINT('',(32.923947754481,19.610762440173,
    -18.34088548687));
#3329 = CARTESIAN_POINT('',(32.998208412247,19.720996136022,
    -18.22249792397));
#3330 = CARTESIAN_POINT('',(33.086801077343,19.825609411123,
    -18.1085474611));
#3331 = CARTESIAN_POINT('',(33.188920073577,19.923738594148,
    -18.00024394439));
#3332 = CARTESIAN_POINT('',(33.303582913817,20.014618679815,
    -17.89874414359));
#3333 = CARTESIAN_POINT('',(33.429642019229,20.097585823213,
    -17.805119605));
#3334 = CARTESIAN_POINT('',(33.715626533752,20.254053733196,
    -17.6270030192));
#3335 = CARTESIAN_POINT('',(33.877671161914,20.325760783646,
    -17.54437988194));
#3336 = CARTESIAN_POINT('',(34.050202500115,20.386459546573,
    -17.47370757194));
#3337 = CARTESIAN_POINT('',(34.231320615345,20.435584426814,
    -17.41604182189));
#3338 = CARTESIAN_POINT('',(34.418997539309,20.472719905147,
    -17.37220745467));
#3339 = CARTESIAN_POINT('',(34.611117642735,20.497585247452,
    -17.34277555432));
#3340 = CARTESIAN_POINT('',(34.805513893704,20.510028288183,
    -17.32804777284));
#3341 = CARTESIAN_POINT('',(35.195894136559,20.510028288183,
    -17.32804777284));
#3342 = CARTESIAN_POINT('',(35.391644943052,20.497404813984,
    -17.34298929556));
#3343 = CARTESIAN_POINT('',(35.586156601719,20.472188619335,
    -17.37283607566));
#3344 = CARTESIAN_POINT('',(35.778243721866,20.434142551058,
    -17.41774482391));
#3345 = CARTESIAN_POINT('',(35.966507198445,20.38280322666,
    -17.47801864892));
#3346 = CARTESIAN_POINT('',(36.149194065611,20.317511455116,
    -17.55404603226));
#3347 = CARTESIAN_POINT('',(36.324022321062,20.237447976522,
    -17.6462225194));
#3348 = CARTESIAN_POINT('',(36.645211672259,20.049830046144,
    -17.85906249894));
#3349 = CARTESIAN_POINT('',(36.796068393064,19.941408162208,
    -17.98081766413));
#3350 = CARTESIAN_POINT('',(36.934010569305,19.816202636045,
    -18.11961586808));
#3351 = CARTESIAN_POINT('',(37.053168563499,19.674822262195,
    -18.27383999857));
#3352 = CARTESIAN_POINT('',(37.148369538774,19.518629978581,
    -18.44096026106));
#3353 = CARTESIAN_POINT('',(37.215189760099,19.349721763996,
    -18.61778696043));
#3354 = CARTESIAN_POINT('',(37.25,19.170929708782,-18.80070444093));
#3355 = CARTESIAN_POINT('',(37.25,18.985817074859,-18.98581707485));
#3356 = PCURVE('',#73,#3357);
#3357 = DEFINITIONAL_REPRESENTATION('',(#3358),#3417);
#3358 = B_SPLINE_CURVE_WITH_KNOTS('',8,(#3359,#3360,#3361,#3362,#3363,
    #3364,#3365,#3366,#3367,#3368,#3369,#3370,#3371,#3372,#3373,#3374,
    #3375,#3376,#3377,#3378,#3379,#3380,#3381,#3382,#3383,#3384,#3385,
    #3386,#3387,#3388,#3389,#3390,#3391,#3392,#3393,#3394,#3395,#3396,
    #3397,#3398,#3399,#3400,#3401,#3402,#3403,#3404,#3405,#3406,#3407,
    #3408,#3409,#3410,#3411,#3412,#3413,#3414,#3415,#3416),
  .UNSPECIFIED.,.T.,.F.,(9,7,7,7,7,7,7,7,9),(0.,0.137051582118,
    0.279857664442,0.450918624737,0.596938519293,0.691284033275,
    0.795106441302,0.899680497327,1.),.UNSPECIFIED.);
#3359 = CARTESIAN_POINT('',(-5.497787143782,-36.25));
#3360 = CARTESIAN_POINT('',(-5.488032532901,-36.25));
#3361 = CARTESIAN_POINT('',(-5.478505504447,-36.21515716877));
#3362 = CARTESIAN_POINT('',(-5.469400291044,-36.14831459336));
#3363 = CARTESIAN_POINT('',(-5.460884315134,-36.05312179405));
#3364 = CARTESIAN_POINT('',(-5.453095269254,-35.93400244067));
#3365 = CARTESIAN_POINT('',(-5.44613522704,-35.7961099459));
#3366 = CARTESIAN_POINT('',(-5.4400631564,-35.64527532314));
#3367 = CARTESIAN_POINT('',(-5.429493929067,-35.32402239122));
#3368 = CARTESIAN_POINT('',(-5.424946878431,-35.14919566048));
#3369 = CARTESIAN_POINT('',(-5.421214504367,-34.96650924132));
#3370 = CARTESIAN_POINT('',(-5.418265668654,-34.77824330205));
#3371 = CARTESIAN_POINT('',(-5.416073500123,-34.58615107275));
#3372 = CARTESIAN_POINT('',(-5.414618292569,-34.39163431875));
#3373 = CARTESIAN_POINT('',(-5.413889873721,-34.19588319257));
#3374 = CARTESIAN_POINT('',(-5.413889873721,-33.76536036502));
#3375 = CARTESIAN_POINT('',(-5.414935079865,-33.53105456168));
#3376 = CARTESIAN_POINT('',(-5.417020225194,-33.29882497839));
#3377 = CARTESIAN_POINT('',(-5.420169076285,-33.07062757548));
#3378 = CARTESIAN_POINT('',(-5.424423792897,-32.84906263796));
#3379 = CARTESIAN_POINT('',(-5.429837729174,-32.63763935325));
#3380 = CARTESIAN_POINT('',(-5.436465769502,-32.44113945874));
#3381 = CARTESIAN_POINT('',(-5.45107321026,-32.11713851954));
#3382 = CARTESIAN_POINT('',(-5.458960666239,-31.97824818692));
#3383 = CARTESIAN_POINT('',(-5.46789211326,-31.86166924953));
#3384 = CARTESIAN_POINT('',(-5.477650931627,-31.77640121632));
#3385 = CARTESIAN_POINT('',(-5.487940701904,-31.72843795818));
#3386 = CARTESIAN_POINT('',(-5.498425399031,-31.72065324402));
#3387 = CARTESIAN_POINT('',(-5.508759927003,-31.75266902425));
#3388 = CARTESIAN_POINT('',(-5.525004867833,-31.86463583461));
#3389 = CARTESIAN_POINT('',(-5.5312351373,-31.92394775448));
#3390 = CARTESIAN_POINT('',(-5.537259542737,-31.99820841224));
#3391 = CARTESIAN_POINT('',(-5.54302050107,-32.08680107734));
#3392 = CARTESIAN_POINT('',(-5.548463397155,-32.18892007357));
#3393 = CARTESIAN_POINT('',(-5.553537406955,-32.30358291381));
#3394 = CARTESIAN_POINT('',(-5.55819644578,-32.42964201922));
#3395 = CARTESIAN_POINT('',(-5.567026303666,-32.71562653375));
#3396 = CARTESIAN_POINT('',(-5.571100737385,-32.87767116191));
#3397 = CARTESIAN_POINT('',(-5.574570349294,-33.05020250011));
#3398 = CARTESIAN_POINT('',(-5.577391681019,-33.23132061534));
#3399 = CARTESIAN_POINT('',(-5.5795313399,-33.4189975393));
#3400 = CARTESIAN_POINT('',(-5.580966334335,-33.61111764273));
#3401 = CARTESIAN_POINT('',(-5.581684413843,-33.8055138937));
#3402 = CARTESIAN_POINT('',(-5.581684413843,-34.19589413655));
#3403 = CARTESIAN_POINT('',(-5.580955915082,-34.39164494305));
#3404 = CARTESIAN_POINT('',(-5.579500687867,-34.58615660171));
#3405 = CARTESIAN_POINT('',(-5.57730857549,-34.77824372186));
#3406 = CARTESIAN_POINT('',(-5.574359813297,-34.96650719844));
#3407 = CARTESIAN_POINT('',(-5.570627459308,-35.14919406561));
#3408 = CARTESIAN_POINT('',(-5.566080360806,-35.32402232106));
#3409 = CARTESIAN_POINT('',(-5.55551322528,-35.64521167225));
#3410 = CARTESIAN_POINT('',(-5.549441326791,-35.79606839306));
#3411 = CARTESIAN_POINT('',(-5.542479700344,-35.9340105693));
#3412 = CARTESIAN_POINT('',(-5.53468802631,-36.05316856349));
#3413 = CARTESIAN_POINT('',(-5.526169464431,-36.14836953877));
#3414 = CARTESIAN_POINT('',(-5.517062976768,-36.21518976009));
#3415 = CARTESIAN_POINT('',(-5.507537192105,-36.25));
#3416 = CARTESIAN_POINT('',(-5.497787143782,-36.25));
#3417 = ( GEOMETRIC_REPRESENTATION_CONTEXT(2) 
PARAMETRIC_REPRESENTATION_CONTEXT() REPRESENTATION_CONTEXT('2D SPACE',''
  ) );
#3418 = PCURVE('',#3419,#3424);
#3419 = CYLINDRICAL_SURFACE('',#3420,2.25);
#3420 = AXIS2_PLACEMENT_3D('',#3421,#3422,#3423);
#3421 = CARTESIAN_POINT('',(35.,18.773685040503,-18.7736850405));
#3422 = DIRECTION('',(-0.,-0.707106781187,0.707106781187));
#3423 = DIRECTION('',(1.,0.,0.));
#3424 = DEFINITIONAL_REPRESENTATION('',(#3425),#3484);
#3425 = B_SPLINE_CURVE_WITH_KNOTS('',8,(#3426,#3427,#3428,#3429,#3430,
    #3431,#3432,#3433,#3434,#3435,#3436,#3437,#3438,#3439,#3440,#3441,
    #3442,#3443,#3444,#3445,#3446,#3447,#3448,#3449,#3450,#3451,#3452,
    #3453,#3454,#3455,#3456,#3457,#3458,#3459,#3460,#3461,#3462,#3463,
    #3464,#3465,#3466,#3467,#3468,#3469,#3470,#3471,#3472,#3473,#3474,
    #3475,#3476,#3477,#3478,#3479,#3480,#3481,#3482,#3483),
  .UNSPECIFIED.,.F.,.F.,(9,7,7,7,7,7,7,7,9),(0.,0.137051582118,
    0.279857664442,0.450918624737,0.596938519293,0.691284033275,
    0.795106441302,0.899680497327,1.),.UNSPECIFIED.);
#3426 = CARTESIAN_POINT('',(0.,-0.3));
#3427 = CARTESIAN_POINT('',(-0.116405023177,-0.3));
#3428 = CARTESIAN_POINT('',(-0.23009413487,-0.297080154536));
#3429 = CARTESIAN_POINT('',(-0.341136590168,-0.291479058068));
#3430 = CARTESIAN_POINT('',(-0.449452723889,-0.283752982604));
#3431 = CARTESIAN_POINT('',(-0.55482985747,-0.274674538084));
#3432 = CARTESIAN_POINT('',(-0.656890172557,-0.265066200942));
#3433 = CARTESIAN_POINT('',(-0.755015005442,-0.255638520248));
#3434 = CARTESIAN_POINT('',(-0.945358924672,-0.237800307803));
#3435 = CARTESIAN_POINT('',(-1.039439535278,-0.229235198156));
#3436 = CARTESIAN_POINT('',(-1.131110339682,-0.221643969617));
#3437 = CARTESIAN_POINT('',(-1.220894353998,-0.215326164017));
#3438 = CARTESIAN_POINT('',(-1.309278924117,-0.210473369204));
#3439 = CARTESIAN_POINT('',(-1.396736753569,-0.207199099452));
#3440 = CARTESIAN_POINT('',(-1.483737130093,-0.205560169804));
#3441 = CARTESIAN_POINT('',(-1.675080609005,-0.205560169804));
#3442 = CARTESIAN_POINT('',(-1.779216122092,-0.207911734771));
#3443 = CARTESIAN_POINT('',(-1.884158884526,-0.212603880046));
#3444 = CARTESIAN_POINT('',(-1.990742070663,-0.219524305106));
#3445 = CARTESIAN_POINT('',(-2.099773064714,-0.228446893679));
#3446 = CARTESIAN_POINT('',(-2.212076200955,-0.238956954371));
#3447 = CARTESIAN_POINT('',(-2.32856681986,-0.25036605901));
#3448 = CARTESIAN_POINT('',(-2.554476763225,-0.271316108638));
#3449 = CARTESIAN_POINT('',(-2.666269919764,-0.281241818324));
#3450 = CARTESIAN_POINT('',(-2.783078473049,-0.290439732786));
#3451 = CARTESIAN_POINT('',(-2.903169096868,-0.297695511301));
#3452 = CARTESIAN_POINT('',(-3.025293342483,-0.301882486958));
#3453 = CARTESIAN_POINT('',(-3.148369932077,-0.302485702694));
#3454 = CARTESIAN_POINT('',(-3.271360616024,-0.299690881677));
#3455 = CARTESIAN_POINT('',(-3.471461341438,-0.290600988547));
#3456 = CARTESIAN_POINT('',(-3.550002213029,-0.285867606419));
#3457 = CARTESIAN_POINT('',(-3.628540125083,-0.280101951734));
#3458 = CARTESIAN_POINT('',(-3.707076857794,-0.273499562949));
#3459 = CARTESIAN_POINT('',(-3.785615690731,-0.266305222605));
#3460 = CARTESIAN_POINT('',(-3.864158497997,-0.258795950019));
#3461 = CARTESIAN_POINT('',(-3.94270277497,-0.251260033606));
#3462 = CARTESIAN_POINT('',(-4.107663247575,-0.235952108133));
#3463 = CARTESIAN_POINT('',(-4.194071226691,-0.228233269124));
#3464 = CARTESIAN_POINT('',(-4.280455342243,-0.221180906357));
#3465 = CARTESIAN_POINT('',(-4.366821033272,-0.215141599397));
#3466 = CARTESIAN_POINT('',(-4.453181320604,-0.210404769642));
#3467 = CARTESIAN_POINT('',(-4.539552519072,-0.207175725485));
#3468 = CARTESIAN_POINT('',(-4.62595071092,-0.205560169804));
#3469 = CARTESIAN_POINT('',(-4.799453041078,-0.205560169804));
#3470 = CARTESIAN_POINT('',(-4.886453263085,-0.207199277635));
#3471 = CARTESIAN_POINT('',(-4.973909017958,-0.210473596007));
#3472 = CARTESIAN_POINT('',(-5.062291347615,-0.215326243555));
#3473 = CARTESIAN_POINT('',(-5.152074030981,-0.221643889519));
#3474 = CARTESIAN_POINT('',(-5.243744850936,-0.229235113424));
#3475 = CARTESIAN_POINT('',(-5.337826340936,-0.237800303907));
#3476 = CARTESIAN_POINT('',(-5.528132588282,-0.255634985905));
#3477 = CARTESIAN_POINT('',(-5.626263430919,-0.265063039492));
#3478 = CARTESIAN_POINT('',(-5.728351234181,-0.274674514132));
#3479 = CARTESIAN_POINT('',(-5.833761998614,-0.283756421548));
#3480 = CARTESIAN_POINT('',(-5.942106109078,-0.291483669515));
#3481 = CARTESIAN_POINT('',(-6.053160471659,-0.297082883805));
#3482 = CARTESIAN_POINT('',(-6.166834730531,-0.3));
#3483 = CARTESIAN_POINT('',(-6.28318530718,-0.3));
#3484 = ( GEOMETRIC_REPRESENTATION_CONTEXT(2) 
PARAMETRIC_REPRESENTATION_CONTEXT() REPRESENTATION_CONTEXT('2D SPACE',''
  ) );
#3485 = FACE_BOUND('',#3486,.F.);
#3486 = EDGE_LOOP('',(#3487));
#3487 = ORIENTED_EDGE('',*,*,#3488,.T.);
#3488 = EDGE_CURVE('',#3489,#3489,#3491,.T.);
#3489 = VERTEX_POINT('',#3490);
#3490 = CARTESIAN_POINT('',(117.25,18.985817074859,-18.98581707485));
#3491 = SURFACE_CURVE('',#3492,(#3551,#3613),.PCURVE_S1.);
#3492 = B_SPLINE_CURVE_WITH_KNOTS('',8,(#3493,#3494,#3495,#3496,#3497,
    #3498,#3499,#3500,#3501,#3502,#3503,#3504,#3505,#3506,#3507,#3508,
    #3509,#3510,#3511,#3512,#3513,#3514,#3515,#3516,#3517,#3518,#3519,
    #3520,#3521,#3522,#3523,#3524,#3525,#3526,#3527,#3528,#3529,#3530,
    #3531,#3532,#3533,#3534,#3535,#3536,#3537,#3538,#3539,#3540,#3541,
    #3542,#3543,#3544,#3545,#3546,#3547,#3548,#3549,#3550),
  .UNSPECIFIED.,.T.,.F.,(9,7,7,7,7,7,7,7,9),(0.,0.13705158097,
    0.279857662086,0.450918623949,0.596938514372,0.691284028572,
    0.795106438274,0.899680495845,1.),.UNSPECIFIED.);
#3493 = CARTESIAN_POINT('',(117.25,18.985817074859,-18.98581707485));
#3494 = CARTESIAN_POINT('',(117.25,18.80061781703,-19.17101633268));
#3495 = CARTESIAN_POINT('',(117.21515716877,18.617674791582,
    -19.34983007308));
#3496 = CARTESIAN_POINT('',(117.14831459336,18.440870995443,
    -19.51871272263));
#3497 = CARTESIAN_POINT('',(117.05312179405,18.273800682794,
    -19.67485671457));
#3498 = CARTESIAN_POINT('',(116.93400244067,18.119628856749,
    -19.81618968125));
#3499 = CARTESIAN_POINT('',(116.79610994589,17.980862869989,
    -19.94136742731));
#3500 = CARTESIAN_POINT('',(116.64527532315,17.859104677975,
    -20.04979286543));
#3501 = CARTESIAN_POINT('',(116.32402239122,17.646222565899,
    -20.23744793553));
#3502 = CARTESIAN_POINT('',(116.14919566048,17.554047043053,
    -20.31751056415));
#3503 = CARTESIAN_POINT('',(115.96650924132,17.478019274213,
    -20.38280271464));
#3504 = CARTESIAN_POINT('',(115.77824330205,17.417743945219,
    -20.43414331727));
#3505 = CARTESIAN_POINT('',(115.58615107275,17.372834031709,
    -20.47219034254));
#3506 = CARTESIAN_POINT('',(115.39163431875,17.342987657484,
    -20.49740620007));
#3507 = CARTESIAN_POINT('',(115.19588319257,17.328047772843,
    -20.51002828818));
#3508 = CARTESIAN_POINT('',(114.76536036089,17.328047772843,
    -20.51002828818));
#3509 = CARTESIAN_POINT('',(114.53105457366,17.349484880056,
    -20.49191679579));
#3510 = CARTESIAN_POINT('',(114.298824966,17.392251646725,
    -20.45578572539));
#3511 = CARTESIAN_POINT('',(114.07062757483,17.456728152299,
    -20.40109617805));
#3512 = CARTESIAN_POINT('',(113.84906265039,17.54357112114,
    -20.32687165466));
#3513 = CARTESIAN_POINT('',(113.63763934271,17.653526079152,
    -20.23178016824));
#3514 = CARTESIAN_POINT('',(113.44113946189,17.787180655743,
    -20.11426050118));
#3515 = CARTESIAN_POINT('',(113.11713852244,18.078932847743,
    -19.85213615352));
#3516 = CARTESIAN_POINT('',(112.97824817695,18.235539865717,-19.70956621
    ));
#3517 = CARTESIAN_POINT('',(112.8616692659,18.4115001905,-19.54661369809
    ));
#3518 = CARTESIAN_POINT('',(112.77640120021,18.601861380197,
    -19.36651373192));
#3519 = CARTESIAN_POINT('',(112.72843796867,18.80019187499,
    -19.17410451224));
#3520 = CARTESIAN_POINT('',(112.72065323939,18.999703116448,
    -18.97544634823));
#3521 = CARTESIAN_POINT('',(112.75266902542,19.193937799069,
    -18.77725919119));
#3522 = CARTESIAN_POINT('',(112.8646358352,19.495866765571,
    -18.4624751746));
#3523 = CARTESIAN_POINT('',(112.92394775276,19.610762437844,
    -18.34088548936));
#3524 = CARTESIAN_POINT('',(112.99820841275,19.720996135729,
    -18.22249792423));
#3525 = CARTESIAN_POINT('',(113.0868010792,19.825609413157,
    -18.1085474589));
#3526 = CARTESIAN_POINT('',(113.18892007307,19.923738594447,
    -18.00024394412));
#3527 = CARTESIAN_POINT('',(113.30358291156,20.014618677791,
    -17.89874414581));
#3528 = CARTESIAN_POINT('',(113.42964202092,20.097585824142,
    -17.80511960394));
#3529 = CARTESIAN_POINT('',(113.71562653395,20.254053733307,
    -17.62700301907));
#3530 = CARTESIAN_POINT('',(113.87767116181,20.325760783549,
    -17.54437988205));
#3531 = CARTESIAN_POINT('',(114.05020249988,20.386459546509,
    -17.47370757201));
#3532 = CARTESIAN_POINT('',(114.23132061531,20.435584426865,
    -17.41604182183));
#3533 = CARTESIAN_POINT('',(114.41899753955,20.472719905196,
    -17.37220745461));
#3534 = CARTESIAN_POINT('',(114.61111764291,20.49758524742,
    -17.34277555436));
#3535 = CARTESIAN_POINT('',(114.80551389344,20.510028288183,
    -17.32804777284));
#3536 = CARTESIAN_POINT('',(115.19589413655,20.510028288183,
    -17.32804777284));
#3537 = CARTESIAN_POINT('',(115.39164494305,20.497404813984,
    -17.34298929556));
#3538 = CARTESIAN_POINT('',(115.58615660171,20.472188619335,
    -17.37283607566));
#3539 = CARTESIAN_POINT('',(115.77824372186,20.434142551058,
    -17.41774482391));
#3540 = CARTESIAN_POINT('',(115.96650719844,20.38280322666,
    -17.47801864892));
#3541 = CARTESIAN_POINT('',(116.14919406561,20.317511455117,
    -17.55404603226));
#3542 = CARTESIAN_POINT('',(116.32402232106,20.237447976522,
    -17.6462225194));
#3543 = CARTESIAN_POINT('',(116.64521167225,20.049830046145,
    -17.85906249894));
#3544 = CARTESIAN_POINT('',(116.79606839302,19.941408162234,
    -17.9808176641));
#3545 = CARTESIAN_POINT('',(116.9340105693,19.816202636061,
    -18.11961586806));
#3546 = CARTESIAN_POINT('',(117.05316856354,19.674822262165,
    -18.2738399986));
#3547 = CARTESIAN_POINT('',(117.14836953879,19.518629978524,
    -18.44096026112));
#3548 = CARTESIAN_POINT('',(117.21518976007,19.349721763987,
    -18.61778696044));
#3549 = CARTESIAN_POINT('',(117.25,19.17092970886,-18.80070444085));
#3550 = CARTESIAN_POINT('',(117.25,18.985817074859,-18.98581707485));
#3551 = PCURVE('',#73,#3552);
#3552 = DEFINITIONAL_REPRESENTATION('',(#3553),#3612);
#3553 = B_SPLINE_CURVE_WITH_KNOTS('',8,(#3554,#3555,#3556,#3557,#3558,
    #3559,#3560,#3561,#3562,#3563,#3564,#3565,#3566,#3567,#3568,#3569,
    #3570,#3571,#3572,#3573,#3574,#3575,#3576,#3577,#3578,#3579,#3580,
    #3581,#3582,#3583,#3584,#3585,#3586,#3587,#3588,#3589,#3590,#3591,
    #3592,#3593,#3594,#3595,#3596,#3597,#3598,#3599,#3600,#3601,#3602,
    #3603,#3604,#3605,#3606,#3607,#3608,#3609,#3610,#3611),
  .UNSPECIFIED.,.T.,.F.,(9,7,7,7,7,7,7,7,9),(0.,0.13705158097,
    0.279857662086,0.450918623949,0.596938514372,0.691284028572,
    0.795106438274,0.899680495845,1.),.UNSPECIFIED.);
#3554 = CARTESIAN_POINT('',(-5.497787143782,-116.25));
#3555 = CARTESIAN_POINT('',(-5.488032532901,-116.25));
#3556 = CARTESIAN_POINT('',(-5.478505504448,-116.2151571687));
#3557 = CARTESIAN_POINT('',(-5.469400291044,-116.1483145933));
#3558 = CARTESIAN_POINT('',(-5.460884315134,-116.053121794));
#3559 = CARTESIAN_POINT('',(-5.453095269253,-115.9340024406));
#3560 = CARTESIAN_POINT('',(-5.44613522704,-115.7961099458));
#3561 = CARTESIAN_POINT('',(-5.4400631564,-115.6452753231));
#3562 = CARTESIAN_POINT('',(-5.429493929067,-115.3240223912));
#3563 = CARTESIAN_POINT('',(-5.424946878431,-115.1491956604));
#3564 = CARTESIAN_POINT('',(-5.421214504367,-114.9665092413));
#3565 = CARTESIAN_POINT('',(-5.418265668654,-114.778243302));
#3566 = CARTESIAN_POINT('',(-5.416073500123,-114.5861510727));
#3567 = CARTESIAN_POINT('',(-5.414618292569,-114.3916343187));
#3568 = CARTESIAN_POINT('',(-5.413889873721,-114.1958831925));
#3569 = CARTESIAN_POINT('',(-5.413889873721,-113.7653603608));
#3570 = CARTESIAN_POINT('',(-5.414935079757,-113.5310545736));
#3571 = CARTESIAN_POINT('',(-5.417020225435,-113.298824966));
#3572 = CARTESIAN_POINT('',(-5.420169076185,-113.0706275748));
#3573 = CARTESIAN_POINT('',(-5.424423792661,-112.8490626503));
#3574 = CARTESIAN_POINT('',(-5.429837729501,-112.6376393427));
#3575 = CARTESIAN_POINT('',(-5.43646576936,-112.4411394618));
#3576 = CARTESIAN_POINT('',(-5.451073210129,-112.1171385224));
#3577 = CARTESIAN_POINT('',(-5.458960666621,-111.9782481769));
#3578 = CARTESIAN_POINT('',(-5.467892112903,-111.8616692659));
#3579 = CARTESIAN_POINT('',(-5.477650931453,-111.7764012002));
#3580 = CARTESIAN_POINT('',(-5.487940702547,-111.7284379686));
#3581 = CARTESIAN_POINT('',(-5.4984253985,-111.7206532393));
#3582 = CARTESIAN_POINT('',(-5.508759927172,-111.7526690254));
#3583 = CARTESIAN_POINT('',(-5.525004867919,-111.8646358352));
#3584 = CARTESIAN_POINT('',(-5.531235137173,-111.9239477527));
#3585 = CARTESIAN_POINT('',(-5.537259542723,-111.9982084127));
#3586 = CARTESIAN_POINT('',(-5.543020501182,-112.0868010792));
#3587 = CARTESIAN_POINT('',(-5.54846339717,-112.188920073));
#3588 = CARTESIAN_POINT('',(-5.553537406843,-112.3035829115));
#3589 = CARTESIAN_POINT('',(-5.558196445833,-112.4296420209));
#3590 = CARTESIAN_POINT('',(-5.567026303672,-112.7156265339));
#3591 = CARTESIAN_POINT('',(-5.571100737379,-112.8776711618));
#3592 = CARTESIAN_POINT('',(-5.57457034929,-113.0502024998));
#3593 = CARTESIAN_POINT('',(-5.577391681022,-113.2313206153));
#3594 = CARTESIAN_POINT('',(-5.579531339903,-113.4189975395));
#3595 = CARTESIAN_POINT('',(-5.580966334333,-113.6111176429));
#3596 = CARTESIAN_POINT('',(-5.581684413843,-113.8055138934));
#3597 = CARTESIAN_POINT('',(-5.581684413843,-114.1958941365));
#3598 = CARTESIAN_POINT('',(-5.580955915082,-114.391644943));
#3599 = CARTESIAN_POINT('',(-5.579500687867,-114.5861566017));
#3600 = CARTESIAN_POINT('',(-5.57730857549,-114.7782437218));
#3601 = CARTESIAN_POINT('',(-5.574359813297,-114.9665071984));
#3602 = CARTESIAN_POINT('',(-5.570627459308,-115.1491940656));
#3603 = CARTESIAN_POINT('',(-5.566080360806,-115.324022321));
#3604 = CARTESIAN_POINT('',(-5.55551322528,-115.6452116722));
#3605 = CARTESIAN_POINT('',(-5.549441326793,-115.796068393));
#3606 = CARTESIAN_POINT('',(-5.542479700345,-115.9340105693));
#3607 = CARTESIAN_POINT('',(-5.534688026308,-116.0531685635));
#3608 = CARTESIAN_POINT('',(-5.526169464427,-116.1483695387));
#3609 = CARTESIAN_POINT('',(-5.517062976767,-116.21518976));
#3610 = CARTESIAN_POINT('',(-5.507537192109,-116.25));
#3611 = CARTESIAN_POINT('',(-5.497787143782,-116.25));
#3612 = ( GEOMETRIC_REPRESENTATION_CONTEXT(2) 
PARAMETRIC_REPRESENTATION_CONTEXT() REPRESENTATION_CONTEXT('2D SPACE',''
  ) );
#3613 = PCURVE('',#3614,#3619);
#3614 = CYLINDRICAL_SURFACE('',#3615,2.25);
#3615 = AXIS2_PLACEMENT_3D('',#3616,#3617,#3618);
#3616 = CARTESIAN_POINT('',(115.,18.773685040503,-18.7736850405));
#3617 = DIRECTION('',(-0.,-0.707106781187,0.707106781187));
#3618 = DIRECTION('',(1.,0.,0.));
#3619 = DEFINITIONAL_REPRESENTATION('',(#3620),#3679);
#3620 = B_SPLINE_CURVE_WITH_KNOTS('',8,(#3621,#3622,#3623,#3624,#3625,
    #3626,#3627,#3628,#3629,#3630,#3631,#3632,#3633,#3634,#3635,#3636,
    #3637,#3638,#3639,#3640,#3641,#3642,#3643,#3644,#3645,#3646,#3647,
    #3648,#3649,#3650,#3651,#3652,#3653,#3654,#3655,#3656,#3657,#3658,
    #3659,#3660,#3661,#3662,#3663,#3664,#3665,#3666,#3667,#3668,#3669,
    #3670,#3671,#3672,#3673,#3674,#3675,#3676,#3677,#3678),
  .UNSPECIFIED.,.F.,.F.,(9,7,7,7,7,7,7,7,9),(0.,0.13705158097,
    0.279857662086,0.450918623949,0.596938514372,0.691284028572,
    0.795106438274,0.899680495845,1.),.UNSPECIFIED.);
#3621 = CARTESIAN_POINT('',(0.,-0.3));
#3622 = CARTESIAN_POINT('',(-0.116405023184,-0.3));
#3623 = CARTESIAN_POINT('',(-0.230094134866,-0.297080154536));
#3624 = CARTESIAN_POINT('',(-0.341136590162,-0.291479058069));
#3625 = CARTESIAN_POINT('',(-0.449452723889,-0.283752982604));
#3626 = CARTESIAN_POINT('',(-0.554829857475,-0.274674538083));
#3627 = CARTESIAN_POINT('',(-0.656890172562,-0.265066200942));
#3628 = CARTESIAN_POINT('',(-0.755015005435,-0.255638520249));
#3629 = CARTESIAN_POINT('',(-0.945358924672,-0.237800307803));
#3630 = CARTESIAN_POINT('',(-1.039439535278,-0.229235198156));
#3631 = CARTESIAN_POINT('',(-1.131110339682,-0.221643969617));
#3632 = CARTESIAN_POINT('',(-1.220894353998,-0.215326164017));
#3633 = CARTESIAN_POINT('',(-1.309278924117,-0.210473369204));
#3634 = CARTESIAN_POINT('',(-1.396736753569,-0.207199099452));
#3635 = CARTESIAN_POINT('',(-1.483737130093,-0.205560169804));
#3636 = CARTESIAN_POINT('',(-1.675080610842,-0.205560169804));
#3637 = CARTESIAN_POINT('',(-1.779216116252,-0.207911734597));
#3638 = CARTESIAN_POINT('',(-1.884158891216,-0.212603880424));
#3639 = CARTESIAN_POINT('',(-1.990742070401,-0.219524304962));
#3640 = CARTESIAN_POINT('',(-2.099773058032,-0.228446893307));
#3641 = CARTESIAN_POINT('',(-2.212076207367,-0.238956954861));
#3642 = CARTESIAN_POINT('',(-2.328566817664,-0.250366058807));
#3643 = CARTESIAN_POINT('',(-2.554476761202,-0.27131610845));
#3644 = CARTESIAN_POINT('',(-2.66626992573,-0.281241818986));
#3645 = CARTESIAN_POINT('',(-2.783078466795,-0.290439731677));
#3646 = CARTESIAN_POINT('',(-2.903169096328,-0.297695512417));
#3647 = CARTESIAN_POINT('',(-3.025293349576,-0.301882486204));
#3648 = CARTESIAN_POINT('',(-3.148369925746,-0.302485703047));
#3649 = CARTESIAN_POINT('',(-3.271360618109,-0.299690881582));
#3650 = CARTESIAN_POINT('',(-3.471461342495,-0.290600988499));
#3651 = CARTESIAN_POINT('',(-3.550002211271,-0.285867606533));
#3652 = CARTESIAN_POINT('',(-3.628540125051,-0.280101951713));
#3653 = CARTESIAN_POINT('',(-3.707076859421,-0.273499562832));
#3654 = CARTESIAN_POINT('',(-3.785615690761,-0.266305222624));
#3655 = CARTESIAN_POINT('',(-3.864158496268,-0.258795950154));
#3656 = CARTESIAN_POINT('',(-3.94270277595,-0.251260033515));
#3657 = CARTESIAN_POINT('',(-4.107663247692,-0.235952108122));
#3658 = CARTESIAN_POINT('',(-4.194071226623,-0.228233269134));
#3659 = CARTESIAN_POINT('',(-4.280455342124,-0.221180906364));
#3660 = CARTESIAN_POINT('',(-4.366821033272,-0.215141599392));
#3661 = CARTESIAN_POINT('',(-4.453181320722,-0.210404769637));
#3662 = CARTESIAN_POINT('',(-4.539552519141,-0.207175725487));
#3663 = CARTESIAN_POINT('',(-4.625950710803,-0.205560169804));
#3664 = CARTESIAN_POINT('',(-4.799453041077,-0.205560169804));
#3665 = CARTESIAN_POINT('',(-4.886453263085,-0.207199277635));
#3666 = CARTESIAN_POINT('',(-4.973909017958,-0.210473596007));
#3667 = CARTESIAN_POINT('',(-5.062291347615,-0.215326243556));
#3668 = CARTESIAN_POINT('',(-5.152074030982,-0.221643889519));
#3669 = CARTESIAN_POINT('',(-5.243744850935,-0.229235113424));
#3670 = CARTESIAN_POINT('',(-5.337826340936,-0.237800303907));
#3671 = CARTESIAN_POINT('',(-5.528132588281,-0.255634985905));
#3672 = CARTESIAN_POINT('',(-5.626263430893,-0.265063039489));
#3673 = CARTESIAN_POINT('',(-5.728351234176,-0.274674514132));
#3674 = CARTESIAN_POINT('',(-5.833761998639,-0.283756421551));
#3675 = CARTESIAN_POINT('',(-5.942106109112,-0.291483669517));
#3676 = CARTESIAN_POINT('',(-6.053160471664,-0.297082883803));
#3677 = CARTESIAN_POINT('',(-6.166834730481,-0.3));
#3678 = CARTESIAN_POINT('',(-6.28318530718,-0.3));
#3679 = ( GEOMETRIC_REPRESENTATION_CONTEXT(2) 
PARAMETRIC_REPRESENTATION_CONTEXT() REPRESENTATION_CONTEXT('2D SPACE',''
  ) );
#3680 = ADVANCED_FACE('',(#3681),#266,.T.);
#3681 = FACE_BOUND('',#3682,.F.);
#3682 = EDGE_LOOP('',(#3683,#3684,#3707,#3734));
#3683 = ORIENTED_EDGE('',*,*,#140,.F.);
#3684 = ORIENTED_EDGE('',*,*,#3685,.T.);
#3685 = EDGE_CURVE('',#141,#3686,#3688,.T.);
#3686 = VERTEX_POINT('',#3687);
#3687 = CARTESIAN_POINT('',(117.25,20.258609280995,20.258609280995));
#3688 = SEAM_CURVE('',#3689,(#3693,#3700),.PCURVE_S1.);
#3689 = LINE('',#3690,#3691);
#3690 = CARTESIAN_POINT('',(117.25,18.773685040503,18.773685040503));
#3691 = VECTOR('',#3692,1.);
#3692 = DIRECTION('',(0.,0.707106781187,0.707106781187));
#3693 = PCURVE('',#266,#3694);
#3694 = DEFINITIONAL_REPRESENTATION('',(#3695),#3699);
#3695 = LINE('',#3696,#3697);
#3696 = CARTESIAN_POINT('',(-6.28318530718,0.));
#3697 = VECTOR('',#3698,1.);
#3698 = DIRECTION('',(-0.,-1.));
#3699 = ( GEOMETRIC_REPRESENTATION_CONTEXT(2) 
PARAMETRIC_REPRESENTATION_CONTEXT() REPRESENTATION_CONTEXT('2D SPACE',''
  ) );
#3700 = PCURVE('',#266,#3701);
#3701 = DEFINITIONAL_REPRESENTATION('',(#3702),#3706);
#3702 = LINE('',#3703,#3704);
#3703 = CARTESIAN_POINT('',(-0.,0.));
#3704 = VECTOR('',#3705,1.);
#3705 = DIRECTION('',(-0.,-1.));
#3706 = ( GEOMETRIC_REPRESENTATION_CONTEXT(2) 
PARAMETRIC_REPRESENTATION_CONTEXT() REPRESENTATION_CONTEXT('2D SPACE',''
  ) );
#3707 = ORIENTED_EDGE('',*,*,#3708,.T.);
#3708 = EDGE_CURVE('',#3686,#3686,#3709,.T.);
#3709 = SURFACE_CURVE('',#3710,(#3715,#3722),.PCURVE_S1.);
#3710 = CIRCLE('',#3711,2.25);
#3711 = AXIS2_PLACEMENT_3D('',#3712,#3713,#3714);
#3712 = CARTESIAN_POINT('',(115.,20.258609280995,20.258609280995));
#3713 = DIRECTION('',(0.,0.707106781187,0.707106781187));
#3714 = DIRECTION('',(1.,0.,-0.));
#3715 = PCURVE('',#266,#3716);
#3716 = DEFINITIONAL_REPRESENTATION('',(#3717),#3721);
#3717 = LINE('',#3718,#3719);
#3718 = CARTESIAN_POINT('',(-0.,-2.1));
#3719 = VECTOR('',#3720,1.);
#3720 = DIRECTION('',(-1.,0.));
#3721 = ( GEOMETRIC_REPRESENTATION_CONTEXT(2) 
PARAMETRIC_REPRESENTATION_CONTEXT() REPRESENTATION_CONTEXT('2D SPACE',''
  ) );
#3722 = PCURVE('',#3723,#3728);
#3723 = PLANE('',#3724);
#3724 = AXIS2_PLACEMENT_3D('',#3725,#3726,#3727);
#3725 = CARTESIAN_POINT('',(115.,20.258609280995,20.258609280995));
#3726 = DIRECTION('',(0.,0.707106781187,0.707106781187));
#3727 = DIRECTION('',(0.,0.707106781187,-0.707106781187));
#3728 = DEFINITIONAL_REPRESENTATION('',(#3729),#3733);
#3729 = CIRCLE('',#3730,2.25);
#3730 = AXIS2_PLACEMENT_2D('',#3731,#3732);
#3731 = CARTESIAN_POINT('',(-2.512147933894E-15,0.));
#3732 = DIRECTION('',(0.,-1.));
#3733 = ( GEOMETRIC_REPRESENTATION_CONTEXT(2) 
PARAMETRIC_REPRESENTATION_CONTEXT() REPRESENTATION_CONTEXT('2D SPACE',''
  ) );
#3734 = ORIENTED_EDGE('',*,*,#3685,.F.);
#3735 = ADVANCED_FACE('',(#3736),#461,.T.);
#3736 = FACE_BOUND('',#3737,.F.);
#3737 = EDGE_LOOP('',(#3738,#3739,#3762,#3789));
#3738 = ORIENTED_EDGE('',*,*,#335,.F.);
#3739 = ORIENTED_EDGE('',*,*,#3740,.T.);
#3740 = EDGE_CURVE('',#336,#3741,#3743,.T.);
#3741 = VERTEX_POINT('',#3742);
#3742 = CARTESIAN_POINT('',(37.25,20.258609280995,20.258609280995));
#3743 = SEAM_CURVE('',#3744,(#3748,#3755),.PCURVE_S1.);
#3744 = LINE('',#3745,#3746);
#3745 = CARTESIAN_POINT('',(37.25,18.773685040503,18.773685040503));
#3746 = VECTOR('',#3747,1.);
#3747 = DIRECTION('',(0.,0.707106781187,0.707106781187));
#3748 = PCURVE('',#461,#3749);
#3749 = DEFINITIONAL_REPRESENTATION('',(#3750),#3754);
#3750 = LINE('',#3751,#3752);
#3751 = CARTESIAN_POINT('',(-6.28318530718,0.));
#3752 = VECTOR('',#3753,1.);
#3753 = DIRECTION('',(-0.,-1.));
#3754 = ( GEOMETRIC_REPRESENTATION_CONTEXT(2) 
PARAMETRIC_REPRESENTATION_CONTEXT() REPRESENTATION_CONTEXT('2D SPACE',''
  ) );
#3755 = PCURVE('',#461,#3756);
#3756 = DEFINITIONAL_REPRESENTATION('',(#3757),#3761);
#3757 = LINE('',#3758,#3759);
#3758 = CARTESIAN_POINT('',(-0.,0.));
#3759 = VECTOR('',#3760,1.);
#3760 = DIRECTION('',(-0.,-1.));
#3761 = ( GEOMETRIC_REPRESENTATION_CONTEXT(2) 
PARAMETRIC_REPRESENTATION_CONTEXT() REPRESENTATION_CONTEXT('2D SPACE',''
  ) );
#3762 = ORIENTED_EDGE('',*,*,#3763,.T.);
#3763 = EDGE_CURVE('',#3741,#3741,#3764,.T.);
#3764 = SURFACE_CURVE('',#3765,(#3770,#3777),.PCURVE_S1.);
#3765 = CIRCLE('',#3766,2.25);
#3766 = AXIS2_PLACEMENT_3D('',#3767,#3768,#3769);
#3767 = CARTESIAN_POINT('',(35.,20.258609280995,20.258609280995));
#3768 = DIRECTION('',(0.,0.707106781187,0.707106781187));
#3769 = DIRECTION('',(1.,0.,-0.));
#3770 = PCURVE('',#461,#3771);
#3771 = DEFINITIONAL_REPRESENTATION('',(#3772),#3776);
#3772 = LINE('',#3773,#3774);
#3773 = CARTESIAN_POINT('',(-0.,-2.1));
#3774 = VECTOR('',#3775,1.);
#3775 = DIRECTION('',(-1.,0.));
#3776 = ( GEOMETRIC_REPRESENTATION_CONTEXT(2) 
PARAMETRIC_REPRESENTATION_CONTEXT() REPRESENTATION_CONTEXT('2D SPACE',''
  ) );
#3777 = PCURVE('',#3778,#3783);
#3778 = PLANE('',#3779);
#3779 = AXIS2_PLACEMENT_3D('',#3780,#3781,#3782);
#3780 = CARTESIAN_POINT('',(35.,20.258609280995,20.258609280995));
#3781 = DIRECTION('',(0.,0.707106781187,0.707106781187));
#3782 = DIRECTION('',(0.,0.707106781187,-0.707106781187));
#3783 = DEFINITIONAL_REPRESENTATION('',(#3784),#3788);
#3784 = CIRCLE('',#3785,2.25);
#3785 = AXIS2_PLACEMENT_2D('',#3786,#3787);
#3786 = CARTESIAN_POINT('',(-2.512147933894E-15,0.));
#3787 = DIRECTION('',(0.,-1.));
#3788 = ( GEOMETRIC_REPRESENTATION_CONTEXT(2) 
PARAMETRIC_REPRESENTATION_CONTEXT() REPRESENTATION_CONTEXT('2D SPACE',''
  ) );
#3789 = ORIENTED_EDGE('',*,*,#3740,.F.);
#3790 = ADVANCED_FACE('',(#3791),#1999,.F.);
#3791 = FACE_BOUND('',#3792,.F.);
#3792 = EDGE_LOOP('',(#3793,#3794,#3795,#3796));
#3793 = ORIENTED_EDGE('',*,*,#3247,.F.);
#3794 = ORIENTED_EDGE('',*,*,#3272,.T.);
#3795 = ORIENTED_EDGE('',*,*,#1986,.T.);
#3796 = ORIENTED_EDGE('',*,*,#3797,.F.);
#3797 = EDGE_CURVE('',#3224,#1958,#3798,.T.);
#3798 = SURFACE_CURVE('',#3799,(#3803,#3809),.PCURVE_S1.);
#3799 = LINE('',#3800,#3801);
#3800 = CARTESIAN_POINT('',(1.,0.,-24.85));
#3801 = VECTOR('',#3802,1.);
#3802 = DIRECTION('',(-1.,-0.,-0.));
#3803 = PCURVE('',#1999,#3804);
#3804 = DEFINITIONAL_REPRESENTATION('',(#3805),#3808);
#3805 = B_SPLINE_CURVE_WITH_KNOTS('',1,(#3806,#3807),.UNSPECIFIED.,.F.,
  .F.,(2,2),(-146.5000006,6.000000000173E-07),.PIECEWISE_BEZIER_KNOTS.);
#3806 = CARTESIAN_POINT('',(175.15,157.5000006));
#3807 = CARTESIAN_POINT('',(175.15,10.9999994));
#3808 = ( GEOMETRIC_REPRESENTATION_CONTEXT(2) 
PARAMETRIC_REPRESENTATION_CONTEXT() REPRESENTATION_CONTEXT('2D SPACE',''
  ) );
#3809 = PCURVE('',#1974,#3810);
#3810 = DEFINITIONAL_REPRESENTATION('',(#3811),#3814);
#3811 = B_SPLINE_CURVE_WITH_KNOTS('',1,(#3812,#3813),.UNSPECIFIED.,.F.,
  .F.,(2,2),(-146.5000006,6.000000000173E-07),.PIECEWISE_BEZIER_KNOTS.);
#3812 = CARTESIAN_POINT('',(-4.712388980385,-146.5000006));
#3813 = CARTESIAN_POINT('',(-4.712388980385,6.000000000173E-07));
#3814 = ( GEOMETRIC_REPRESENTATION_CONTEXT(2) 
PARAMETRIC_REPRESENTATION_CONTEXT() REPRESENTATION_CONTEXT('2D SPACE',''
  ) );
#3815 = ADVANCED_FACE('',(#3816),#1974,.F.);
#3816 = FACE_BOUND('',#3817,.T.);
#3817 = EDGE_LOOP('',(#3818,#3819,#3820,#3821));
#3818 = ORIENTED_EDGE('',*,*,#1957,.F.);
#3819 = ORIENTED_EDGE('',*,*,#3797,.F.);
#3820 = ORIENTED_EDGE('',*,*,#3223,.T.);
#3821 = ORIENTED_EDGE('',*,*,#3822,.F.);
#3822 = EDGE_CURVE('',#1930,#3201,#3823,.T.);
#3823 = SURFACE_CURVE('',#3824,(#3828,#3835),.PCURVE_S1.);
#3824 = LINE('',#3825,#3826);
#3825 = CARTESIAN_POINT('',(1.,2.617458480688,-24.71176665278));
#3826 = VECTOR('',#3827,1.);
#3827 = DIRECTION('',(1.,0.,0.));
#3828 = PCURVE('',#1974,#3829);
#3829 = DEFINITIONAL_REPRESENTATION('',(#3830),#3834);
#3830 = LINE('',#3831,#3832);
#3831 = CARTESIAN_POINT('',(-4.817915044502,0.));
#3832 = VECTOR('',#3833,1.);
#3833 = DIRECTION('',(-0.,-1.));
#3834 = ( GEOMETRIC_REPRESENTATION_CONTEXT(2) 
PARAMETRIC_REPRESENTATION_CONTEXT() REPRESENTATION_CONTEXT('2D SPACE',''
  ) );
#3835 = PCURVE('',#1945,#3836);
#3836 = DEFINITIONAL_REPRESENTATION('',(#3837),#3841);
#3837 = LINE('',#3838,#3839);
#3838 = CARTESIAN_POINT('',(12.536062956767,0.));
#3839 = VECTOR('',#3840,1.);
#3840 = DIRECTION('',(0.,-1.));
#3841 = ( GEOMETRIC_REPRESENTATION_CONTEXT(2) 
PARAMETRIC_REPRESENTATION_CONTEXT() REPRESENTATION_CONTEXT('2D SPACE',''
  ) );
#3842 = ADVANCED_FACE('',(#3843),#1945,.F.);
#3843 = FACE_BOUND('',#3844,.F.);
#3844 = EDGE_LOOP('',(#3845,#3866,#3867,#3868));
#3845 = ORIENTED_EDGE('',*,*,#3846,.T.);
#3846 = EDGE_CURVE('',#1902,#3178,#3847,.T.);
#3847 = SURFACE_CURVE('',#3848,(#3852,#3859),.PCURVE_S1.);
#3848 = LINE('',#3849,#3850);
#3849 = CARTESIAN_POINT('',(1.,7.414802081328,-13.12995466875));
#3850 = VECTOR('',#3851,1.);
#3851 = DIRECTION('',(1.,0.,0.));
#3852 = PCURVE('',#1945,#3853);
#3853 = DEFINITIONAL_REPRESENTATION('',(#3854),#3858);
#3854 = LINE('',#3855,#3856);
#3855 = CARTESIAN_POINT('',(0.,0.));
#3856 = VECTOR('',#3857,1.);
#3857 = DIRECTION('',(0.,-1.));
#3858 = ( GEOMETRIC_REPRESENTATION_CONTEXT(2) 
PARAMETRIC_REPRESENTATION_CONTEXT() REPRESENTATION_CONTEXT('2D SPACE',''
  ) );
#3859 = PCURVE('',#1917,#3860);
#3860 = DEFINITIONAL_REPRESENTATION('',(#3861),#3865);
#3861 = LINE('',#3862,#3863);
#3862 = CARTESIAN_POINT('',(1.4,0.));
#3863 = VECTOR('',#3864,1.);
#3864 = DIRECTION('',(0.,-1.));
#3865 = ( GEOMETRIC_REPRESENTATION_CONTEXT(2) 
PARAMETRIC_REPRESENTATION_CONTEXT() REPRESENTATION_CONTEXT('2D SPACE',''
  ) );
#3866 = ORIENTED_EDGE('',*,*,#3200,.T.);
#3867 = ORIENTED_EDGE('',*,*,#3822,.F.);
#3868 = ORIENTED_EDGE('',*,*,#1929,.F.);
#3869 = ADVANCED_FACE('',(#3870),#1917,.F.);
#3870 = FACE_BOUND('',#3871,.F.);
#3871 = EDGE_LOOP('',(#3872,#3893,#3894,#3895));
#3872 = ORIENTED_EDGE('',*,*,#3873,.T.);
#3873 = EDGE_CURVE('',#1874,#3155,#3874,.T.);
#3874 = SURFACE_CURVE('',#3875,(#3879,#3886),.PCURVE_S1.);
#3875 = LINE('',#3876,#3877);
#3876 = CARTESIAN_POINT('',(1.,8.708233426844,-13.66571147407));
#3877 = VECTOR('',#3878,1.);
#3878 = DIRECTION('',(1.,0.,0.));
#3879 = PCURVE('',#1917,#3880);
#3880 = DEFINITIONAL_REPRESENTATION('',(#3881),#3885);
#3881 = LINE('',#3882,#3883);
#3882 = CARTESIAN_POINT('',(0.,0.));
#3883 = VECTOR('',#3884,1.);
#3884 = DIRECTION('',(0.,-1.));
#3885 = ( GEOMETRIC_REPRESENTATION_CONTEXT(2) 
PARAMETRIC_REPRESENTATION_CONTEXT() REPRESENTATION_CONTEXT('2D SPACE',''
  ) );
#3886 = PCURVE('',#1889,#3887);
#3887 = DEFINITIONAL_REPRESENTATION('',(#3888),#3892);
#3888 = LINE('',#3889,#3890);
#3889 = CARTESIAN_POINT('',(11.714092792708,0.));
#3890 = VECTOR('',#3891,1.);
#3891 = DIRECTION('',(0.,-1.));
#3892 = ( GEOMETRIC_REPRESENTATION_CONTEXT(2) 
PARAMETRIC_REPRESENTATION_CONTEXT() REPRESENTATION_CONTEXT('2D SPACE',''
  ) );
#3893 = ORIENTED_EDGE('',*,*,#3177,.T.);
#3894 = ORIENTED_EDGE('',*,*,#3846,.F.);
#3895 = ORIENTED_EDGE('',*,*,#1901,.F.);
#3896 = ADVANCED_FACE('',(#3897),#1889,.F.);
#3897 = FACE_BOUND('',#3898,.F.);
#3898 = EDGE_LOOP('',(#3899,#3920,#3921,#3922));
#3899 = ORIENTED_EDGE('',*,*,#3900,.T.);
#3900 = EDGE_CURVE('',#1845,#3131,#3901,.T.);
#3901 = SURFACE_CURVE('',#3902,(#3906,#3913),.PCURVE_S1.);
#3902 = LINE('',#3903,#3904);
#3903 = CARTESIAN_POINT('',(1.,4.225444189888,-24.48812204719));
#3904 = VECTOR('',#3905,1.);
#3905 = DIRECTION('',(1.,0.,0.));
#3906 = PCURVE('',#1889,#3907);
#3907 = DEFINITIONAL_REPRESENTATION('',(#3908),#3912);
#3908 = LINE('',#3909,#3910);
#3909 = CARTESIAN_POINT('',(0.,0.));
#3910 = VECTOR('',#3911,1.);
#3911 = DIRECTION('',(0.,-1.));
#3912 = ( GEOMETRIC_REPRESENTATION_CONTEXT(2) 
PARAMETRIC_REPRESENTATION_CONTEXT() REPRESENTATION_CONTEXT('2D SPACE',''
  ) );
#3913 = PCURVE('',#1861,#3914);
#3914 = DEFINITIONAL_REPRESENTATION('',(#3915),#3919);
#3915 = LINE('',#3916,#3917);
#3916 = CARTESIAN_POINT('',(-4.883257206441,0.));
#3917 = VECTOR('',#3918,1.);
#3918 = DIRECTION('',(-0.,-1.));
#3919 = ( GEOMETRIC_REPRESENTATION_CONTEXT(2) 
PARAMETRIC_REPRESENTATION_CONTEXT() REPRESENTATION_CONTEXT('2D SPACE',''
  ) );
#3920 = ORIENTED_EDGE('',*,*,#3154,.T.);
#3921 = ORIENTED_EDGE('',*,*,#3873,.F.);
#3922 = ORIENTED_EDGE('',*,*,#1873,.F.);
#3923 = ADVANCED_FACE('',(#3924),#1861,.F.);
#3924 = FACE_BOUND('',#3925,.T.);
#3925 = EDGE_LOOP('',(#3926,#3927,#3928,#3949));
#3926 = ORIENTED_EDGE('',*,*,#3900,.T.);
#3927 = ORIENTED_EDGE('',*,*,#3130,.T.);
#3928 = ORIENTED_EDGE('',*,*,#3929,.F.);
#3929 = EDGE_CURVE('',#1817,#3108,#3930,.T.);
#3930 = SURFACE_CURVE('',#3931,(#3935,#3942),.PCURVE_S1.);
#3931 = LINE('',#3932,#3933);
#3932 = CARTESIAN_POINT('',(1.,8.924146593607,-23.19228551859));
#3933 = VECTOR('',#3934,1.);
#3934 = DIRECTION('',(1.,0.,0.));
#3935 = PCURVE('',#1861,#3936);
#3936 = DEFINITIONAL_REPRESENTATION('',(#3937),#3941);
#3937 = LINE('',#3938,#3939);
#3938 = CARTESIAN_POINT('',(-5.079714432301,0.));
#3939 = VECTOR('',#3940,1.);
#3940 = DIRECTION('',(-0.,-1.));
#3941 = ( GEOMETRIC_REPRESENTATION_CONTEXT(2) 
PARAMETRIC_REPRESENTATION_CONTEXT() REPRESENTATION_CONTEXT('2D SPACE',''
  ) );
#3942 = PCURVE('',#1832,#3943);
#3943 = DEFINITIONAL_REPRESENTATION('',(#3944),#3948);
#3944 = LINE('',#3945,#3946);
#3945 = CARTESIAN_POINT('',(12.536062956767,0.));
#3946 = VECTOR('',#3947,1.);
#3947 = DIRECTION('',(0.,-1.));
#3948 = ( GEOMETRIC_REPRESENTATION_CONTEXT(2) 
PARAMETRIC_REPRESENTATION_CONTEXT() REPRESENTATION_CONTEXT('2D SPACE',''
  ) );
#3949 = ORIENTED_EDGE('',*,*,#1844,.F.);
#3950 = ADVANCED_FACE('',(#3951),#1832,.F.);
#3951 = FACE_BOUND('',#3952,.F.);
#3952 = EDGE_LOOP('',(#3953,#3974,#3975,#3976));
#3953 = ORIENTED_EDGE('',*,*,#3954,.T.);
#3954 = EDGE_CURVE('',#1789,#3085,#3955,.T.);
#3955 = SURFACE_CURVE('',#3956,(#3960,#3967),.PCURVE_S1.);
#3956 = LINE('',#3957,#3958);
#3957 = CARTESIAN_POINT('',(1.,10.560431156785,-10.76347031824));
#3958 = VECTOR('',#3959,1.);
#3959 = DIRECTION('',(1.,0.,0.));
#3960 = PCURVE('',#1832,#3961);
#3961 = DEFINITIONAL_REPRESENTATION('',(#3962),#3966);
#3962 = LINE('',#3963,#3964);
#3963 = CARTESIAN_POINT('',(0.,0.));
#3964 = VECTOR('',#3965,1.);
#3965 = DIRECTION('',(0.,-1.));
#3966 = ( GEOMETRIC_REPRESENTATION_CONTEXT(2) 
PARAMETRIC_REPRESENTATION_CONTEXT() REPRESENTATION_CONTEXT('2D SPACE',''
  ) );
#3967 = PCURVE('',#1804,#3968);
#3968 = DEFINITIONAL_REPRESENTATION('',(#3969),#3973);
#3969 = LINE('',#3970,#3971);
#3970 = CARTESIAN_POINT('',(1.4,0.));
#3971 = VECTOR('',#3972,1.);
#3972 = DIRECTION('',(0.,-1.));
#3973 = ( GEOMETRIC_REPRESENTATION_CONTEXT(2) 
PARAMETRIC_REPRESENTATION_CONTEXT() REPRESENTATION_CONTEXT('2D SPACE',''
  ) );
#3974 = ORIENTED_EDGE('',*,*,#3107,.T.);
#3975 = ORIENTED_EDGE('',*,*,#3929,.F.);
#3976 = ORIENTED_EDGE('',*,*,#1816,.F.);
#3977 = ADVANCED_FACE('',(#3978),#1804,.F.);
#3978 = FACE_BOUND('',#3979,.F.);
#3979 = EDGE_LOOP('',(#3980,#4001,#4002,#4003));
#3980 = ORIENTED_EDGE('',*,*,#3981,.T.);
#3981 = EDGE_CURVE('',#1761,#3062,#3982,.T.);
#3982 = SURFACE_CURVE('',#3983,(#3987,#3994),.PCURVE_S1.);
#3983 = LINE('',#3984,#3985);
#3984 = CARTESIAN_POINT('',(1.,11.948453962708,-10.94620698735));
#3985 = VECTOR('',#3986,1.);
#3986 = DIRECTION('',(1.,0.,0.));
#3987 = PCURVE('',#1804,#3988);
#3988 = DEFINITIONAL_REPRESENTATION('',(#3989),#3993);
#3989 = LINE('',#3990,#3991);
#3990 = CARTESIAN_POINT('',(0.,0.));
#3991 = VECTOR('',#3992,1.);
#3992 = DIRECTION('',(0.,-1.));
#3993 = ( GEOMETRIC_REPRESENTATION_CONTEXT(2) 
PARAMETRIC_REPRESENTATION_CONTEXT() REPRESENTATION_CONTEXT('2D SPACE',''
  ) );
#3994 = PCURVE('',#1776,#3995);
#3995 = DEFINITIONAL_REPRESENTATION('',(#3996),#4000);
#3996 = LINE('',#3997,#3998);
#3997 = CARTESIAN_POINT('',(11.714092792708,0.));
#3998 = VECTOR('',#3999,1.);
#3999 = DIRECTION('',(0.,-1.));
#4000 = ( GEOMETRIC_REPRESENTATION_CONTEXT(2) 
PARAMETRIC_REPRESENTATION_CONTEXT() REPRESENTATION_CONTEXT('2D SPACE',''
  ) );
#4001 = ORIENTED_EDGE('',*,*,#3084,.T.);
#4002 = ORIENTED_EDGE('',*,*,#3954,.F.);
#4003 = ORIENTED_EDGE('',*,*,#1788,.F.);
#4004 = ADVANCED_FACE('',(#4005),#1776,.F.);
#4005 = FACE_BOUND('',#4006,.F.);
#4006 = EDGE_LOOP('',(#4007,#4028,#4029,#4030));
#4007 = ORIENTED_EDGE('',*,*,#4008,.T.);
#4008 = EDGE_CURVE('',#1732,#3038,#4009,.T.);
#4009 = SURFACE_CURVE('',#4010,(#4014,#4021),.PCURVE_S1.);
#4010 = LINE('',#4011,#4012);
#4011 = CARTESIAN_POINT('',(1.,10.419458035164,-22.56008409234));
#4012 = VECTOR('',#4013,1.);
#4013 = DIRECTION('',(1.,0.,0.));
#4014 = PCURVE('',#1776,#4015);
#4015 = DEFINITIONAL_REPRESENTATION('',(#4016),#4020);
#4016 = LINE('',#4017,#4018);
#4017 = CARTESIAN_POINT('',(0.,0.));
#4018 = VECTOR('',#4019,1.);
#4019 = DIRECTION('',(0.,-1.));
#4020 = ( GEOMETRIC_REPRESENTATION_CONTEXT(2) 
PARAMETRIC_REPRESENTATION_CONTEXT() REPRESENTATION_CONTEXT('2D SPACE',''
  ) );
#4021 = PCURVE('',#1748,#4022);
#4022 = DEFINITIONAL_REPRESENTATION('',(#4023),#4027);
#4023 = LINE('',#4024,#4025);
#4024 = CARTESIAN_POINT('',(-5.14505659424,0.));
#4025 = VECTOR('',#4026,1.);
#4026 = DIRECTION('',(-0.,-1.));
#4027 = ( GEOMETRIC_REPRESENTATION_CONTEXT(2) 
PARAMETRIC_REPRESENTATION_CONTEXT() REPRESENTATION_CONTEXT('2D SPACE',''
  ) );
#4028 = ORIENTED_EDGE('',*,*,#3061,.T.);
#4029 = ORIENTED_EDGE('',*,*,#3981,.F.);
#4030 = ORIENTED_EDGE('',*,*,#1760,.F.);
#4031 = ADVANCED_FACE('',(#4032),#1748,.F.);
#4032 = FACE_BOUND('',#4033,.T.);
#4033 = EDGE_LOOP('',(#4034,#4035,#4036,#4057));
#4034 = ORIENTED_EDGE('',*,*,#4008,.T.);
#4035 = ORIENTED_EDGE('',*,*,#3037,.T.);
#4036 = ORIENTED_EDGE('',*,*,#4037,.F.);
#4037 = EDGE_CURVE('',#1704,#3015,#4038,.T.);
#4038 = SURFACE_CURVE('',#4039,(#4043,#4050),.PCURVE_S1.);
#4039 = LINE('',#4040,#4041);
#4040 = CARTESIAN_POINT('',(1.,14.622668864021,-20.09228845336));
#4041 = VECTOR('',#4042,1.);
#4042 = DIRECTION('',(1.,0.,0.));
#4043 = PCURVE('',#1748,#4044);
#4044 = DEFINITIONAL_REPRESENTATION('',(#4045),#4049);
#4045 = LINE('',#4046,#4047);
#4046 = CARTESIAN_POINT('',(-5.3415138201,0.));
#4047 = VECTOR('',#4048,1.);
#4048 = DIRECTION('',(-0.,-1.));
#4049 = ( GEOMETRIC_REPRESENTATION_CONTEXT(2) 
PARAMETRIC_REPRESENTATION_CONTEXT() REPRESENTATION_CONTEXT('2D SPACE',''
  ) );
#4050 = PCURVE('',#1719,#4051);
#4051 = DEFINITIONAL_REPRESENTATION('',(#4052),#4056);
#4052 = LINE('',#4053,#4054);
#4053 = CARTESIAN_POINT('',(12.536062956766,0.));
#4054 = VECTOR('',#4055,1.);
#4055 = DIRECTION('',(0.,-1.));
#4056 = ( GEOMETRIC_REPRESENTATION_CONTEXT(2) 
PARAMETRIC_REPRESENTATION_CONTEXT() REPRESENTATION_CONTEXT('2D SPACE',''
  ) );
#4057 = ORIENTED_EDGE('',*,*,#1731,.F.);
#4058 = ADVANCED_FACE('',(#4059),#1719,.F.);
#4059 = FACE_BOUND('',#4060,.F.);
#4060 = EDGE_LOOP('',(#4061,#4082,#4083,#4084));
#4061 = ORIENTED_EDGE('',*,*,#4062,.T.);
#4062 = EDGE_CURVE('',#1676,#2992,#4063,.T.);
#4063 = SURFACE_CURVE('',#4064,(#4068,#4075),.PCURVE_S1.);
#4064 = LINE('',#4065,#4066);
#4065 = CARTESIAN_POINT('',(1.,12.986384300843,-7.663473253019));
#4066 = VECTOR('',#4067,1.);
#4067 = DIRECTION('',(1.,0.,0.));
#4068 = PCURVE('',#1719,#4069);
#4069 = DEFINITIONAL_REPRESENTATION('',(#4070),#4074);
#4070 = LINE('',#4071,#4072);
#4071 = CARTESIAN_POINT('',(0.,0.));
#4072 = VECTOR('',#4073,1.);
#4073 = DIRECTION('',(0.,-1.));
#4074 = ( GEOMETRIC_REPRESENTATION_CONTEXT(2) 
PARAMETRIC_REPRESENTATION_CONTEXT() REPRESENTATION_CONTEXT('2D SPACE',''
  ) );
#4075 = PCURVE('',#1691,#4076);
#4076 = DEFINITIONAL_REPRESENTATION('',(#4077),#4081);
#4077 = LINE('',#4078,#4079);
#4078 = CARTESIAN_POINT('',(1.4,0.));
#4079 = VECTOR('',#4080,1.);
#4080 = DIRECTION('',(0.,-1.));
#4081 = ( GEOMETRIC_REPRESENTATION_CONTEXT(2) 
PARAMETRIC_REPRESENTATION_CONTEXT() REPRESENTATION_CONTEXT('2D SPACE',''
  ) );
#4082 = ORIENTED_EDGE('',*,*,#3014,.T.);
#4083 = ORIENTED_EDGE('',*,*,#4037,.F.);
#4084 = ORIENTED_EDGE('',*,*,#1703,.F.);
#4085 = ADVANCED_FACE('',(#4086),#1691,.F.);
#4086 = FACE_BOUND('',#4087,.F.);
#4087 = EDGE_LOOP('',(#4088,#4109,#4110,#4111));
#4088 = ORIENTED_EDGE('',*,*,#4089,.T.);
#4089 = EDGE_CURVE('',#1648,#2969,#4090,.T.);
#4090 = SURFACE_CURVE('',#4091,(#4095,#4102),.PCURVE_S1.);
#4091 = LINE('',#4092,#4093);
#4092 = CARTESIAN_POINT('',(1.,14.374407106767,-7.480736583911));
#4093 = VECTOR('',#4094,1.);
#4094 = DIRECTION('',(1.,0.,0.));
#4095 = PCURVE('',#1691,#4096);
#4096 = DEFINITIONAL_REPRESENTATION('',(#4097),#4101);
#4097 = LINE('',#4098,#4099);
#4098 = CARTESIAN_POINT('',(0.,0.));
#4099 = VECTOR('',#4100,1.);
#4100 = DIRECTION('',(0.,-1.));
#4101 = ( GEOMETRIC_REPRESENTATION_CONTEXT(2) 
PARAMETRIC_REPRESENTATION_CONTEXT() REPRESENTATION_CONTEXT('2D SPACE',''
  ) );
#4102 = PCURVE('',#1663,#4103);
#4103 = DEFINITIONAL_REPRESENTATION('',(#4104),#4108);
#4104 = LINE('',#4105,#4106);
#4105 = CARTESIAN_POINT('',(11.714092792709,0.));
#4106 = VECTOR('',#4107,1.);
#4107 = DIRECTION('',(0.,-1.));
#4108 = ( GEOMETRIC_REPRESENTATION_CONTEXT(2) 
PARAMETRIC_REPRESENTATION_CONTEXT() REPRESENTATION_CONTEXT('2D SPACE',''
  ) );
#4109 = ORIENTED_EDGE('',*,*,#2991,.T.);
#4110 = ORIENTED_EDGE('',*,*,#4062,.F.);
#4111 = ORIENTED_EDGE('',*,*,#1675,.F.);
#4112 = ADVANCED_FACE('',(#4113),#1663,.F.);
#4113 = FACE_BOUND('',#4114,.F.);
#4114 = EDGE_LOOP('',(#4115,#4136,#4137,#4138));
#4115 = ORIENTED_EDGE('',*,*,#4116,.T.);
#4116 = EDGE_CURVE('',#1619,#2945,#4117,.T.);
#4117 = SURFACE_CURVE('',#4118,(#4122,#4129),.PCURVE_S1.);
#4118 = LINE('',#4119,#4120);
#4119 = CARTESIAN_POINT('',(1.,15.903403034311,-19.09461368889));
#4120 = VECTOR('',#4121,1.);
#4121 = DIRECTION('',(1.,0.,0.));
#4122 = PCURVE('',#1663,#4123);
#4123 = DEFINITIONAL_REPRESENTATION('',(#4124),#4128);
#4124 = LINE('',#4125,#4126);
#4125 = CARTESIAN_POINT('',(0.,0.));
#4126 = VECTOR('',#4127,1.);
#4127 = DIRECTION('',(0.,-1.));
#4128 = ( GEOMETRIC_REPRESENTATION_CONTEXT(2) 
PARAMETRIC_REPRESENTATION_CONTEXT() REPRESENTATION_CONTEXT('2D SPACE',''
  ) );
#4129 = PCURVE('',#1635,#4130);
#4130 = DEFINITIONAL_REPRESENTATION('',(#4131),#4135);
#4131 = LINE('',#4132,#4133);
#4132 = CARTESIAN_POINT('',(-5.40685598204,0.));
#4133 = VECTOR('',#4134,1.);
#4134 = DIRECTION('',(-0.,-1.));
#4135 = ( GEOMETRIC_REPRESENTATION_CONTEXT(2) 
PARAMETRIC_REPRESENTATION_CONTEXT() REPRESENTATION_CONTEXT('2D SPACE',''
  ) );
#4136 = ORIENTED_EDGE('',*,*,#2968,.T.);
#4137 = ORIENTED_EDGE('',*,*,#4089,.F.);
#4138 = ORIENTED_EDGE('',*,*,#1647,.F.);
#4139 = ADVANCED_FACE('',(#4140),#1635,.F.);
#4140 = FACE_BOUND('',#4141,.T.);
#4141 = EDGE_LOOP('',(#4142,#4143,#4144,#4165));
#4142 = ORIENTED_EDGE('',*,*,#4116,.T.);
#4143 = ORIENTED_EDGE('',*,*,#2944,.T.);
#4144 = ORIENTED_EDGE('',*,*,#4145,.F.);
#4145 = EDGE_CURVE('',#1591,#2922,#4146,.T.);
#4146 = SURFACE_CURVE('',#4147,(#4151,#4158),.PCURVE_S1.);
#4147 = LINE('',#4148,#4149);
#4148 = CARTESIAN_POINT('',(1.,19.324680416455,-15.62303513411));
#4149 = VECTOR('',#4150,1.);
#4150 = DIRECTION('',(1.,0.,0.));
#4151 = PCURVE('',#1635,#4152);
#4152 = DEFINITIONAL_REPRESENTATION('',(#4153),#4157);
#4153 = LINE('',#4154,#4155);
#4154 = CARTESIAN_POINT('',(-5.603313207899,0.));
#4155 = VECTOR('',#4156,1.);
#4156 = DIRECTION('',(-0.,-1.));
#4157 = ( GEOMETRIC_REPRESENTATION_CONTEXT(2) 
PARAMETRIC_REPRESENTATION_CONTEXT() REPRESENTATION_CONTEXT('2D SPACE',''
  ) );
#4158 = PCURVE('',#1606,#4159);
#4159 = DEFINITIONAL_REPRESENTATION('',(#4160),#4164);
#4160 = LINE('',#4161,#4162);
#4161 = CARTESIAN_POINT('',(12.536062956766,0.));
#4162 = VECTOR('',#4163,1.);
#4163 = DIRECTION('',(0.,-1.));
#4164 = ( GEOMETRIC_REPRESENTATION_CONTEXT(2) 
PARAMETRIC_REPRESENTATION_CONTEXT() REPRESENTATION_CONTEXT('2D SPACE',''
  ) );
#4165 = ORIENTED_EDGE('',*,*,#1618,.F.);
#4166 = ADVANCED_FACE('',(#4167),#1606,.F.);
#4167 = FACE_BOUND('',#4168,.F.);
#4168 = EDGE_LOOP('',(#4169,#4190,#4191,#4192));
#4169 = ORIENTED_EDGE('',*,*,#4170,.T.);
#4170 = EDGE_CURVE('',#1563,#2899,#4171,.T.);
#4171 = SURFACE_CURVE('',#4172,(#4176,#4183),.PCURVE_S1.);
#4172 = LINE('',#4173,#4174);
#4173 = CARTESIAN_POINT('',(1.,14.527336815815,-4.041223150088));
#4174 = VECTOR('',#4175,1.);
#4175 = DIRECTION('',(1.,0.,0.));
#4176 = PCURVE('',#1606,#4177);
#4177 = DEFINITIONAL_REPRESENTATION('',(#4178),#4182);
#4178 = LINE('',#4179,#4180);
#4179 = CARTESIAN_POINT('',(0.,0.));
#4180 = VECTOR('',#4181,1.);
#4181 = DIRECTION('',(0.,-1.));
#4182 = ( GEOMETRIC_REPRESENTATION_CONTEXT(2) 
PARAMETRIC_REPRESENTATION_CONTEXT() REPRESENTATION_CONTEXT('2D SPACE',''
  ) );
#4183 = PCURVE('',#1578,#4184);
#4184 = DEFINITIONAL_REPRESENTATION('',(#4185),#4189);
#4185 = LINE('',#4186,#4187);
#4186 = CARTESIAN_POINT('',(1.4,0.));
#4187 = VECTOR('',#4188,1.);
#4188 = DIRECTION('',(0.,-1.));
#4189 = ( GEOMETRIC_REPRESENTATION_CONTEXT(2) 
PARAMETRIC_REPRESENTATION_CONTEXT() REPRESENTATION_CONTEXT('2D SPACE',''
  ) );
#4190 = ORIENTED_EDGE('',*,*,#2921,.T.);
#4191 = ORIENTED_EDGE('',*,*,#4145,.F.);
#4192 = ORIENTED_EDGE('',*,*,#1590,.F.);
#4193 = ADVANCED_FACE('',(#4194),#1578,.F.);
#4194 = FACE_BOUND('',#4195,.F.);
#4195 = EDGE_LOOP('',(#4196,#4217,#4218,#4219));
#4196 = ORIENTED_EDGE('',*,*,#4197,.T.);
#4197 = EDGE_CURVE('',#1535,#2876,#4198,.T.);
#4198 = SURFACE_CURVE('',#4199,(#4203,#4210),.PCURVE_S1.);
#4199 = LINE('',#4200,#4201);
#4200 = CARTESIAN_POINT('',(1.,15.820768161331,-3.505466344777));
#4201 = VECTOR('',#4202,1.);
#4202 = DIRECTION('',(1.,0.,0.));
#4203 = PCURVE('',#1578,#4204);
#4204 = DEFINITIONAL_REPRESENTATION('',(#4205),#4209);
#4205 = LINE('',#4206,#4207);
#4206 = CARTESIAN_POINT('',(0.,0.));
#4207 = VECTOR('',#4208,1.);
#4208 = DIRECTION('',(0.,-1.));
#4209 = ( GEOMETRIC_REPRESENTATION_CONTEXT(2) 
PARAMETRIC_REPRESENTATION_CONTEXT() REPRESENTATION_CONTEXT('2D SPACE',''
  ) );
#4210 = PCURVE('',#1550,#4211);
#4211 = DEFINITIONAL_REPRESENTATION('',(#4212),#4216);
#4212 = LINE('',#4213,#4214);
#4213 = CARTESIAN_POINT('',(11.714092792708,0.));
#4214 = VECTOR('',#4215,1.);
#4215 = DIRECTION('',(0.,-1.));
#4216 = ( GEOMETRIC_REPRESENTATION_CONTEXT(2) 
PARAMETRIC_REPRESENTATION_CONTEXT() REPRESENTATION_CONTEXT('2D SPACE',''
  ) );
#4217 = ORIENTED_EDGE('',*,*,#2898,.T.);
#4218 = ORIENTED_EDGE('',*,*,#4170,.F.);
#4219 = ORIENTED_EDGE('',*,*,#1562,.F.);
#4220 = ADVANCED_FACE('',(#4221),#1550,.F.);
#4221 = FACE_BOUND('',#4222,.F.);
#4222 = EDGE_LOOP('',(#4223,#4244,#4245,#4246));
#4223 = ORIENTED_EDGE('',*,*,#4224,.T.);
#4224 = EDGE_CURVE('',#1506,#2852,#4225,.T.);
#4225 = SURFACE_CURVE('',#4226,(#4230,#4237),.PCURVE_S1.);
#4226 = LINE('',#4227,#4228);
#4227 = CARTESIAN_POINT('',(1.,20.303557398288,-14.32787691789));
#4228 = VECTOR('',#4229,1.);
#4229 = DIRECTION('',(1.,0.,0.));
#4230 = PCURVE('',#1550,#4231);
#4231 = DEFINITIONAL_REPRESENTATION('',(#4232),#4236);
#4232 = LINE('',#4233,#4234);
#4233 = CARTESIAN_POINT('',(0.,0.));
#4234 = VECTOR('',#4235,1.);
#4235 = DIRECTION('',(0.,-1.));
#4236 = ( GEOMETRIC_REPRESENTATION_CONTEXT(2) 
PARAMETRIC_REPRESENTATION_CONTEXT() REPRESENTATION_CONTEXT('2D SPACE',''
  ) );
#4237 = PCURVE('',#1522,#4238);
#4238 = DEFINITIONAL_REPRESENTATION('',(#4239),#4243);
#4239 = LINE('',#4240,#4241);
#4240 = CARTESIAN_POINT('',(-5.668655369839,0.));
#4241 = VECTOR('',#4242,1.);
#4242 = DIRECTION('',(-0.,-1.));
#4243 = ( GEOMETRIC_REPRESENTATION_CONTEXT(2) 
PARAMETRIC_REPRESENTATION_CONTEXT() REPRESENTATION_CONTEXT('2D SPACE',''
  ) );
#4244 = ORIENTED_EDGE('',*,*,#2875,.T.);
#4245 = ORIENTED_EDGE('',*,*,#4197,.F.);
#4246 = ORIENTED_EDGE('',*,*,#1534,.F.);
#4247 = ADVANCED_FACE('',(#4248),#1522,.F.);
#4248 = FACE_BOUND('',#4249,.T.);
#4249 = EDGE_LOOP('',(#4250,#4251,#4252,#4273));
#4250 = ORIENTED_EDGE('',*,*,#4224,.T.);
#4251 = ORIENTED_EDGE('',*,*,#2851,.T.);
#4252 = ORIENTED_EDGE('',*,*,#4253,.F.);
#4253 = EDGE_CURVE('',#1478,#2829,#4254,.T.);
#4254 = SURFACE_CURVE('',#4255,(#4259,#4266),.PCURVE_S1.);
#4255 = LINE('',#4256,#4257);
#4256 = CARTESIAN_POINT('',(1.,22.709746934052,-10.08909778876));
#4257 = VECTOR('',#4258,1.);
#4258 = DIRECTION('',(1.,0.,0.));
#4259 = PCURVE('',#1522,#4260);
#4260 = DEFINITIONAL_REPRESENTATION('',(#4261),#4265);
#4261 = LINE('',#4262,#4263);
#4262 = CARTESIAN_POINT('',(-5.865112595698,0.));
#4263 = VECTOR('',#4264,1.);
#4264 = DIRECTION('',(-0.,-1.));
#4265 = ( GEOMETRIC_REPRESENTATION_CONTEXT(2) 
PARAMETRIC_REPRESENTATION_CONTEXT() REPRESENTATION_CONTEXT('2D SPACE',''
  ) );
#4266 = PCURVE('',#1493,#4267);
#4267 = DEFINITIONAL_REPRESENTATION('',(#4268),#4272);
#4268 = LINE('',#4269,#4270);
#4269 = CARTESIAN_POINT('',(12.536062956766,0.));
#4270 = VECTOR('',#4271,1.);
#4271 = DIRECTION('',(0.,-1.));
#4272 = ( GEOMETRIC_REPRESENTATION_CONTEXT(2) 
PARAMETRIC_REPRESENTATION_CONTEXT() REPRESENTATION_CONTEXT('2D SPACE',''
  ) );
#4273 = ORIENTED_EDGE('',*,*,#1505,.F.);
#4274 = ADVANCED_FACE('',(#4275),#1493,.F.);
#4275 = FACE_BOUND('',#4276,.F.);
#4276 = EDGE_LOOP('',(#4277,#4298,#4299,#4300));
#4277 = ORIENTED_EDGE('',*,*,#4278,.T.);
#4278 = EDGE_CURVE('',#1450,#2806,#4279,.T.);
#4279 = SURFACE_CURVE('',#4280,(#4284,#4291),.PCURVE_S1.);
#4280 = LINE('',#4281,#4282);
#4281 = CARTESIAN_POINT('',(1.,15.078275334347,-0.143570367915));
#4282 = VECTOR('',#4283,1.);
#4283 = DIRECTION('',(1.,0.,0.));
#4284 = PCURVE('',#1493,#4285);
#4285 = DEFINITIONAL_REPRESENTATION('',(#4286),#4290);
#4286 = LINE('',#4287,#4288);
#4287 = CARTESIAN_POINT('',(0.,0.));
#4288 = VECTOR('',#4289,1.);
#4289 = DIRECTION('',(0.,-1.));
#4290 = ( GEOMETRIC_REPRESENTATION_CONTEXT(2) 
PARAMETRIC_REPRESENTATION_CONTEXT() REPRESENTATION_CONTEXT('2D SPACE',''
  ) );
#4291 = PCURVE('',#1465,#4292);
#4292 = DEFINITIONAL_REPRESENTATION('',(#4293),#4297);
#4293 = LINE('',#4294,#4295);
#4294 = CARTESIAN_POINT('',(1.4,0.));
#4295 = VECTOR('',#4296,1.);
#4296 = DIRECTION('',(0.,-1.));
#4297 = ( GEOMETRIC_REPRESENTATION_CONTEXT(2) 
PARAMETRIC_REPRESENTATION_CONTEXT() REPRESENTATION_CONTEXT('2D SPACE',''
  ) );
#4298 = ORIENTED_EDGE('',*,*,#2828,.T.);
#4299 = ORIENTED_EDGE('',*,*,#4253,.F.);
#4300 = ORIENTED_EDGE('',*,*,#1477,.F.);
#4301 = ADVANCED_FACE('',(#4302),#1465,.F.);
#4302 = FACE_BOUND('',#4303,.F.);
#4303 = EDGE_LOOP('',(#4304,#4325,#4326,#4327));
#4304 = ORIENTED_EDGE('',*,*,#4305,.T.);
#4305 = EDGE_CURVE('',#1422,#2783,#4306,.T.);
#4306 = SURFACE_CURVE('',#4307,(#4311,#4318),.PCURVE_S1.);
#4307 = LINE('',#4308,#4309);
#4308 = CARTESIAN_POINT('',(1.,16.188970010755,0.708695632697));
#4309 = VECTOR('',#4310,1.);
#4310 = DIRECTION('',(1.,0.,0.));
#4311 = PCURVE('',#1465,#4312);
#4312 = DEFINITIONAL_REPRESENTATION('',(#4313),#4317);
#4313 = LINE('',#4314,#4315);
#4314 = CARTESIAN_POINT('',(0.,0.));
#4315 = VECTOR('',#4316,1.);
#4316 = DIRECTION('',(0.,-1.));
#4317 = ( GEOMETRIC_REPRESENTATION_CONTEXT(2) 
PARAMETRIC_REPRESENTATION_CONTEXT() REPRESENTATION_CONTEXT('2D SPACE',''
  ) );
#4318 = PCURVE('',#1437,#4319);
#4319 = DEFINITIONAL_REPRESENTATION('',(#4320),#4324);
#4320 = LINE('',#4321,#4322);
#4321 = CARTESIAN_POINT('',(11.71409279271,0.));
#4322 = VECTOR('',#4323,1.);
#4323 = DIRECTION('',(0.,-1.));
#4324 = ( GEOMETRIC_REPRESENTATION_CONTEXT(2) 
PARAMETRIC_REPRESENTATION_CONTEXT() REPRESENTATION_CONTEXT('2D SPACE',''
  ) );
#4325 = ORIENTED_EDGE('',*,*,#2805,.T.);
#4326 = ORIENTED_EDGE('',*,*,#4278,.F.);
#4327 = ORIENTED_EDGE('',*,*,#1449,.F.);
#4328 = ADVANCED_FACE('',(#4329),#1437,.F.);
#4329 = FACE_BOUND('',#4330,.F.);
#4330 = EDGE_LOOP('',(#4331,#4352,#4353,#4354));
#4331 = ORIENTED_EDGE('',*,*,#4332,.T.);
#4332 = EDGE_CURVE('',#1393,#2759,#4333,.T.);
#4333 = SURFACE_CURVE('',#4334,(#4338,#4345),.PCURVE_S1.);
#4334 = LINE('',#4335,#4336);
#4335 = CARTESIAN_POINT('',(1.,23.320057878785,-8.584719012881));
#4336 = VECTOR('',#4337,1.);
#4337 = DIRECTION('',(1.,0.,0.));
#4338 = PCURVE('',#1437,#4339);
#4339 = DEFINITIONAL_REPRESENTATION('',(#4340),#4344);
#4340 = LINE('',#4341,#4342);
#4341 = CARTESIAN_POINT('',(0.,0.));
#4342 = VECTOR('',#4343,1.);
#4343 = DIRECTION('',(0.,-1.));
#4344 = ( GEOMETRIC_REPRESENTATION_CONTEXT(2) 
PARAMETRIC_REPRESENTATION_CONTEXT() REPRESENTATION_CONTEXT('2D SPACE',''
  ) );
#4345 = PCURVE('',#1409,#4346);
#4346 = DEFINITIONAL_REPRESENTATION('',(#4347),#4351);
#4347 = LINE('',#4348,#4349);
#4348 = CARTESIAN_POINT('',(-5.930454757638,0.));
#4349 = VECTOR('',#4350,1.);
#4350 = DIRECTION('',(-0.,-1.));
#4351 = ( GEOMETRIC_REPRESENTATION_CONTEXT(2) 
PARAMETRIC_REPRESENTATION_CONTEXT() REPRESENTATION_CONTEXT('2D SPACE',''
  ) );
#4352 = ORIENTED_EDGE('',*,*,#2782,.T.);
#4353 = ORIENTED_EDGE('',*,*,#4305,.F.);
#4354 = ORIENTED_EDGE('',*,*,#1421,.F.);
#4355 = ADVANCED_FACE('',(#4356),#1409,.F.);
#4356 = FACE_BOUND('',#4357,.T.);
#4357 = EDGE_LOOP('',(#4358,#4359,#4360,#4381));
#4358 = ORIENTED_EDGE('',*,*,#4332,.T.);
#4359 = ORIENTED_EDGE('',*,*,#2758,.T.);
#4360 = ORIENTED_EDGE('',*,*,#4361,.F.);
#4361 = EDGE_CURVE('',#1365,#2736,#4362,.T.);
#4362 = SURFACE_CURVE('',#4363,(#4367,#4374),.PCURVE_S1.);
#4363 = LINE('',#4364,#4365);
#4364 = CARTESIAN_POINT('',(1.,24.547181727725,-3.867605102135));
#4365 = VECTOR('',#4366,1.);
#4366 = DIRECTION('',(1.,0.,0.));
#4367 = PCURVE('',#1409,#4368);
#4368 = DEFINITIONAL_REPRESENTATION('',(#4369),#4373);
#4369 = LINE('',#4370,#4371);
#4370 = CARTESIAN_POINT('',(-6.126911983498,0.));
#4371 = VECTOR('',#4372,1.);
#4372 = DIRECTION('',(-0.,-1.));
#4373 = ( GEOMETRIC_REPRESENTATION_CONTEXT(2) 
PARAMETRIC_REPRESENTATION_CONTEXT() REPRESENTATION_CONTEXT('2D SPACE',''
  ) );
#4374 = PCURVE('',#1380,#4375);
#4375 = DEFINITIONAL_REPRESENTATION('',(#4376),#4380);
#4376 = LINE('',#4377,#4378);
#4377 = CARTESIAN_POINT('',(12.536062956767,0.));
#4378 = VECTOR('',#4379,1.);
#4379 = DIRECTION('',(0.,-1.));
#4380 = ( GEOMETRIC_REPRESENTATION_CONTEXT(2) 
PARAMETRIC_REPRESENTATION_CONTEXT() REPRESENTATION_CONTEXT('2D SPACE',''
  ) );
#4381 = ORIENTED_EDGE('',*,*,#1392,.F.);
#4382 = ADVANCED_FACE('',(#4383),#1380,.F.);
#4383 = FACE_BOUND('',#4384,.F.);
#4384 = EDGE_LOOP('',(#4385,#4406,#4407,#4408));
#4385 = ORIENTED_EDGE('',*,*,#4386,.T.);
#4386 = EDGE_CURVE('',#1337,#2713,#4387,.T.);
#4387 = SURFACE_CURVE('',#4388,(#4392,#4399),.PCURVE_S1.);
#4388 = LINE('',#4389,#4390);
#4389 = CARTESIAN_POINT('',(1.,14.601654306873,3.763866497569));
#4390 = VECTOR('',#4391,1.);
#4391 = DIRECTION('',(1.,0.,0.));
#4392 = PCURVE('',#1380,#4393);
#4393 = DEFINITIONAL_REPRESENTATION('',(#4394),#4398);
#4394 = LINE('',#4395,#4396);
#4395 = CARTESIAN_POINT('',(0.,0.));
#4396 = VECTOR('',#4397,1.);
#4397 = DIRECTION('',(0.,-1.));
#4398 = ( GEOMETRIC_REPRESENTATION_CONTEXT(2) 
PARAMETRIC_REPRESENTATION_CONTEXT() REPRESENTATION_CONTEXT('2D SPACE',''
  ) );
#4399 = PCURVE('',#1352,#4400);
#4400 = DEFINITIONAL_REPRESENTATION('',(#4401),#4405);
#4401 = LINE('',#4402,#4403);
#4402 = CARTESIAN_POINT('',(1.4,0.));
#4403 = VECTOR('',#4404,1.);
#4404 = DIRECTION('',(0.,-1.));
#4405 = ( GEOMETRIC_REPRESENTATION_CONTEXT(2) 
PARAMETRIC_REPRESENTATION_CONTEXT() REPRESENTATION_CONTEXT('2D SPACE',''
  ) );
#4406 = ORIENTED_EDGE('',*,*,#2735,.T.);
#4407 = ORIENTED_EDGE('',*,*,#4361,.F.);
#4408 = ORIENTED_EDGE('',*,*,#1364,.F.);
#4409 = ADVANCED_FACE('',(#4410),#1352,.F.);
#4410 = FACE_BOUND('',#4411,.F.);
#4411 = EDGE_LOOP('',(#4412,#4433,#4434,#4435));
#4412 = ORIENTED_EDGE('',*,*,#4413,.T.);
#4413 = EDGE_CURVE('',#1309,#2690,#4414,.T.);
#4414 = SURFACE_CURVE('',#4415,(#4419,#4426),.PCURVE_S1.);
#4415 = LINE('',#4416,#4417);
#4416 = CARTESIAN_POINT('',(1.,15.453920307485,4.874561173977));
#4417 = VECTOR('',#4418,1.);
#4418 = DIRECTION('',(1.,0.,0.));
#4419 = PCURVE('',#1352,#4420);
#4420 = DEFINITIONAL_REPRESENTATION('',(#4421),#4425);
#4421 = LINE('',#4422,#4423);
#4422 = CARTESIAN_POINT('',(0.,0.));
#4423 = VECTOR('',#4424,1.);
#4424 = DIRECTION('',(0.,-1.));
#4425 = ( GEOMETRIC_REPRESENTATION_CONTEXT(2) 
PARAMETRIC_REPRESENTATION_CONTEXT() REPRESENTATION_CONTEXT('2D SPACE',''
  ) );
#4426 = PCURVE('',#1324,#4427);
#4427 = DEFINITIONAL_REPRESENTATION('',(#4428),#4432);
#4428 = LINE('',#4429,#4430);
#4429 = CARTESIAN_POINT('',(11.714092792709,0.));
#4430 = VECTOR('',#4431,1.);
#4431 = DIRECTION('',(0.,-1.));
#4432 = ( GEOMETRIC_REPRESENTATION_CONTEXT(2) 
PARAMETRIC_REPRESENTATION_CONTEXT() REPRESENTATION_CONTEXT('2D SPACE',''
  ) );
#4433 = ORIENTED_EDGE('',*,*,#2712,.T.);
#4434 = ORIENTED_EDGE('',*,*,#4386,.F.);
#4435 = ORIENTED_EDGE('',*,*,#1336,.F.);
#4436 = ADVANCED_FACE('',(#4437),#1324,.F.);
#4437 = FACE_BOUND('',#4438,.F.);
#4438 = EDGE_LOOP('',(#4439,#4459,#4460,#4461));
#4439 = ORIENTED_EDGE('',*,*,#4440,.T.);
#4440 = EDGE_CURVE('',#1280,#2662,#4441,.T.);
#4441 = SURFACE_CURVE('',#4442,(#4446,#4453),.PCURVE_S1.);
#4442 = LINE('',#4443,#4444);
#4443 = CARTESIAN_POINT('',(1.,24.747334953062,-2.256526694054));
#4444 = VECTOR('',#4445,1.);
#4445 = DIRECTION('',(1.,0.,0.));
#4446 = PCURVE('',#1324,#4447);
#4447 = DEFINITIONAL_REPRESENTATION('',(#4448),#4452);
#4448 = LINE('',#4449,#4450);
#4449 = CARTESIAN_POINT('',(-5.406887639914E-16,-0.));
#4450 = VECTOR('',#4451,1.);
#4451 = DIRECTION('',(0.,-1.));
#4452 = ( GEOMETRIC_REPRESENTATION_CONTEXT(2) 
PARAMETRIC_REPRESENTATION_CONTEXT() REPRESENTATION_CONTEXT('2D SPACE',''
  ) );
#4453 = PCURVE('',#1296,#4454);
#4454 = DEFINITIONAL_REPRESENTATION('',(#4455),#4458);
#4455 = B_SPLINE_CURVE_WITH_KNOTS('',1,(#4456,#4457),.UNSPECIFIED.,.F.,
  .F.,(2,2),(0.,146.5),.PIECEWISE_BEZIER_KNOTS.);
#4456 = CARTESIAN_POINT('',(-6.192254145437,0.));
#4457 = CARTESIAN_POINT('',(-6.192254145437,-146.5));
#4458 = ( GEOMETRIC_REPRESENTATION_CONTEXT(2) 
PARAMETRIC_REPRESENTATION_CONTEXT() REPRESENTATION_CONTEXT('2D SPACE',''
  ) );
#4459 = ORIENTED_EDGE('',*,*,#2689,.T.);
#4460 = ORIENTED_EDGE('',*,*,#4413,.F.);
#4461 = ORIENTED_EDGE('',*,*,#1308,.F.);
#4462 = ADVANCED_FACE('',(#4463),#1296,.F.);
#4463 = FACE_BOUND('',#4464,.T.);
#4464 = EDGE_LOOP('',(#4465,#4485,#4486,#4487));
#4465 = ORIENTED_EDGE('',*,*,#4466,.F.);
#4466 = EDGE_CURVE('',#1252,#2639,#4467,.T.);
#4467 = SURFACE_CURVE('',#4468,(#4472,#4478),.PCURVE_S1.);
#4468 = LINE('',#4469,#4470);
#4469 = CARTESIAN_POINT('',(1.,24.711766652789,2.617458480688));
#4470 = VECTOR('',#4471,1.);
#4471 = DIRECTION('',(1.,0.,0.));
#4472 = PCURVE('',#1296,#4473);
#4473 = DEFINITIONAL_REPRESENTATION('',(#4474),#4477);
#4474 = B_SPLINE_CURVE_WITH_KNOTS('',1,(#4475,#4476),.UNSPECIFIED.,.F.,
  .F.,(2,2),(0.,146.5),.PIECEWISE_BEZIER_KNOTS.);
#4475 = CARTESIAN_POINT('',(-6.388711371297,0.));
#4476 = CARTESIAN_POINT('',(-6.388711371297,-146.5));
#4477 = ( GEOMETRIC_REPRESENTATION_CONTEXT(2) 
PARAMETRIC_REPRESENTATION_CONTEXT() REPRESENTATION_CONTEXT('2D SPACE',''
  ) );
#4478 = PCURVE('',#1267,#4479);
#4479 = DEFINITIONAL_REPRESENTATION('',(#4480),#4484);
#4480 = LINE('',#4481,#4482);
#4481 = CARTESIAN_POINT('',(12.536062956767,0.));
#4482 = VECTOR('',#4483,1.);
#4483 = DIRECTION('',(0.,-1.));
#4484 = ( GEOMETRIC_REPRESENTATION_CONTEXT(2) 
PARAMETRIC_REPRESENTATION_CONTEXT() REPRESENTATION_CONTEXT('2D SPACE',''
  ) );
#4485 = ORIENTED_EDGE('',*,*,#1279,.F.);
#4486 = ORIENTED_EDGE('',*,*,#4440,.T.);
#4487 = ORIENTED_EDGE('',*,*,#2661,.F.);
#4488 = ADVANCED_FACE('',(#4489),#1267,.F.);
#4489 = FACE_BOUND('',#4490,.F.);
#4490 = EDGE_LOOP('',(#4491,#4512,#4513,#4514));
#4491 = ORIENTED_EDGE('',*,*,#4492,.T.);
#4492 = EDGE_CURVE('',#1224,#2616,#4493,.T.);
#4493 = SURFACE_CURVE('',#4494,(#4498,#4505),.PCURVE_S1.);
#4494 = LINE('',#4495,#4496);
#4495 = CARTESIAN_POINT('',(1.,13.129954668759,7.414802081328));
#4496 = VECTOR('',#4497,1.);
#4497 = DIRECTION('',(1.,0.,0.));
#4498 = PCURVE('',#1267,#4499);
#4499 = DEFINITIONAL_REPRESENTATION('',(#4500),#4504);
#4500 = LINE('',#4501,#4502);
#4501 = CARTESIAN_POINT('',(0.,0.));
#4502 = VECTOR('',#4503,1.);
#4503 = DIRECTION('',(0.,-1.));
#4504 = ( GEOMETRIC_REPRESENTATION_CONTEXT(2) 
PARAMETRIC_REPRESENTATION_CONTEXT() REPRESENTATION_CONTEXT('2D SPACE',''
  ) );
#4505 = PCURVE('',#1239,#4506);
#4506 = DEFINITIONAL_REPRESENTATION('',(#4507),#4511);
#4507 = LINE('',#4508,#4509);
#4508 = CARTESIAN_POINT('',(1.4,0.));
#4509 = VECTOR('',#4510,1.);
#4510 = DIRECTION('',(0.,-1.));
#4511 = ( GEOMETRIC_REPRESENTATION_CONTEXT(2) 
PARAMETRIC_REPRESENTATION_CONTEXT() REPRESENTATION_CONTEXT('2D SPACE',''
  ) );
#4512 = ORIENTED_EDGE('',*,*,#2638,.T.);
#4513 = ORIENTED_EDGE('',*,*,#4466,.F.);
#4514 = ORIENTED_EDGE('',*,*,#1251,.F.);
#4515 = ADVANCED_FACE('',(#4516),#1239,.F.);
#4516 = FACE_BOUND('',#4517,.F.);
#4517 = EDGE_LOOP('',(#4518,#4539,#4540,#4541));
#4518 = ORIENTED_EDGE('',*,*,#4519,.T.);
#4519 = EDGE_CURVE('',#1196,#2593,#4520,.T.);
#4520 = SURFACE_CURVE('',#4521,(#4525,#4532),.PCURVE_S1.);
#4521 = LINE('',#4522,#4523);
#4522 = CARTESIAN_POINT('',(1.,13.66571147407,8.708233426844));
#4523 = VECTOR('',#4524,1.);
#4524 = DIRECTION('',(1.,0.,0.));
#4525 = PCURVE('',#1239,#4526);
#4526 = DEFINITIONAL_REPRESENTATION('',(#4527),#4531);
#4527 = LINE('',#4528,#4529);
#4528 = CARTESIAN_POINT('',(0.,0.));
#4529 = VECTOR('',#4530,1.);
#4530 = DIRECTION('',(0.,-1.));
#4531 = ( GEOMETRIC_REPRESENTATION_CONTEXT(2) 
PARAMETRIC_REPRESENTATION_CONTEXT() REPRESENTATION_CONTEXT('2D SPACE',''
  ) );
#4532 = PCURVE('',#1211,#4533);
#4533 = DEFINITIONAL_REPRESENTATION('',(#4534),#4538);
#4534 = LINE('',#4535,#4536);
#4535 = CARTESIAN_POINT('',(11.714092792708,0.));
#4536 = VECTOR('',#4537,1.);
#4537 = DIRECTION('',(0.,-1.));
#4538 = ( GEOMETRIC_REPRESENTATION_CONTEXT(2) 
PARAMETRIC_REPRESENTATION_CONTEXT() REPRESENTATION_CONTEXT('2D SPACE',''
  ) );
#4539 = ORIENTED_EDGE('',*,*,#2615,.T.);
#4540 = ORIENTED_EDGE('',*,*,#4492,.F.);
#4541 = ORIENTED_EDGE('',*,*,#1223,.F.);
#4542 = ADVANCED_FACE('',(#4543),#1211,.F.);
#4543 = FACE_BOUND('',#4544,.F.);
#4544 = EDGE_LOOP('',(#4545,#4566,#4567,#4568));
#4545 = ORIENTED_EDGE('',*,*,#4546,.T.);
#4546 = EDGE_CURVE('',#1167,#2569,#4547,.T.);
#4547 = SURFACE_CURVE('',#4548,(#4552,#4559),.PCURVE_S1.);
#4548 = LINE('',#4549,#4550);
#4549 = CARTESIAN_POINT('',(1.,24.488122047191,4.225444189888));
#4550 = VECTOR('',#4551,1.);
#4551 = DIRECTION('',(1.,0.,0.));
#4552 = PCURVE('',#1211,#4553);
#4553 = DEFINITIONAL_REPRESENTATION('',(#4554),#4558);
#4554 = LINE('',#4555,#4556);
#4555 = CARTESIAN_POINT('',(0.,0.));
#4556 = VECTOR('',#4557,1.);
#4557 = DIRECTION('',(0.,-1.));
#4558 = ( GEOMETRIC_REPRESENTATION_CONTEXT(2) 
PARAMETRIC_REPRESENTATION_CONTEXT() REPRESENTATION_CONTEXT('2D SPACE',''
  ) );
#4559 = PCURVE('',#1183,#4560);
#4560 = DEFINITIONAL_REPRESENTATION('',(#4561),#4565);
#4561 = LINE('',#4562,#4563);
#4562 = CARTESIAN_POINT('',(-0.170868226057,0.));
#4563 = VECTOR('',#4564,1.);
#4564 = DIRECTION('',(-0.,-1.));
#4565 = ( GEOMETRIC_REPRESENTATION_CONTEXT(2) 
PARAMETRIC_REPRESENTATION_CONTEXT() REPRESENTATION_CONTEXT('2D SPACE',''
  ) );
#4566 = ORIENTED_EDGE('',*,*,#2592,.T.);
#4567 = ORIENTED_EDGE('',*,*,#4519,.F.);
#4568 = ORIENTED_EDGE('',*,*,#1195,.F.);
#4569 = ADVANCED_FACE('',(#4570),#1183,.F.);
#4570 = FACE_BOUND('',#4571,.T.);
#4571 = EDGE_LOOP('',(#4572,#4573,#4574,#4595));
#4572 = ORIENTED_EDGE('',*,*,#4546,.T.);
#4573 = ORIENTED_EDGE('',*,*,#2568,.T.);
#4574 = ORIENTED_EDGE('',*,*,#4575,.F.);
#4575 = EDGE_CURVE('',#1139,#2546,#4576,.T.);
#4576 = SURFACE_CURVE('',#4577,(#4581,#4588),.PCURVE_S1.);
#4577 = LINE('',#4578,#4579);
#4578 = CARTESIAN_POINT('',(1.,23.192285518591,8.924146593607));
#4579 = VECTOR('',#4580,1.);
#4580 = DIRECTION('',(1.,0.,0.));
#4581 = PCURVE('',#1183,#4582);
#4582 = DEFINITIONAL_REPRESENTATION('',(#4583),#4587);
#4583 = LINE('',#4584,#4585);
#4584 = CARTESIAN_POINT('',(-0.367325451916,0.));
#4585 = VECTOR('',#4586,1.);
#4586 = DIRECTION('',(-0.,-1.));
#4587 = ( GEOMETRIC_REPRESENTATION_CONTEXT(2) 
PARAMETRIC_REPRESENTATION_CONTEXT() REPRESENTATION_CONTEXT('2D SPACE',''
  ) );
#4588 = PCURVE('',#1154,#4589);
#4589 = DEFINITIONAL_REPRESENTATION('',(#4590),#4594);
#4590 = LINE('',#4591,#4592);
#4591 = CARTESIAN_POINT('',(12.536062956767,0.));
#4592 = VECTOR('',#4593,1.);
#4593 = DIRECTION('',(0.,-1.));
#4594 = ( GEOMETRIC_REPRESENTATION_CONTEXT(2) 
PARAMETRIC_REPRESENTATION_CONTEXT() REPRESENTATION_CONTEXT('2D SPACE',''
  ) );
#4595 = ORIENTED_EDGE('',*,*,#1166,.F.);
#4596 = ADVANCED_FACE('',(#4597),#1154,.F.);
#4597 = FACE_BOUND('',#4598,.F.);
#4598 = EDGE_LOOP('',(#4599,#4620,#4621,#4622));
#4599 = ORIENTED_EDGE('',*,*,#4600,.T.);
#4600 = EDGE_CURVE('',#1111,#2523,#4601,.T.);
#4601 = SURFACE_CURVE('',#4602,(#4606,#4613),.PCURVE_S1.);
#4602 = LINE('',#4603,#4604);
#4603 = CARTESIAN_POINT('',(1.,10.763470318245,10.560431156785));
#4604 = VECTOR('',#4605,1.);
#4605 = DIRECTION('',(1.,0.,0.));
#4606 = PCURVE('',#1154,#4607);
#4607 = DEFINITIONAL_REPRESENTATION('',(#4608),#4612);
#4608 = LINE('',#4609,#4610);
#4609 = CARTESIAN_POINT('',(0.,0.));
#4610 = VECTOR('',#4611,1.);
#4611 = DIRECTION('',(0.,-1.));
#4612 = ( GEOMETRIC_REPRESENTATION_CONTEXT(2) 
PARAMETRIC_REPRESENTATION_CONTEXT() REPRESENTATION_CONTEXT('2D SPACE',''
  ) );
#4613 = PCURVE('',#1126,#4614);
#4614 = DEFINITIONAL_REPRESENTATION('',(#4615),#4619);
#4615 = LINE('',#4616,#4617);
#4616 = CARTESIAN_POINT('',(1.4,0.));
#4617 = VECTOR('',#4618,1.);
#4618 = DIRECTION('',(0.,-1.));
#4619 = ( GEOMETRIC_REPRESENTATION_CONTEXT(2) 
PARAMETRIC_REPRESENTATION_CONTEXT() REPRESENTATION_CONTEXT('2D SPACE',''
  ) );
#4620 = ORIENTED_EDGE('',*,*,#2545,.T.);
#4621 = ORIENTED_EDGE('',*,*,#4575,.F.);
#4622 = ORIENTED_EDGE('',*,*,#1138,.F.);
#4623 = ADVANCED_FACE('',(#4624),#1126,.F.);
#4624 = FACE_BOUND('',#4625,.F.);
#4625 = EDGE_LOOP('',(#4626,#4647,#4648,#4649));
#4626 = ORIENTED_EDGE('',*,*,#4627,.T.);
#4627 = EDGE_CURVE('',#1083,#2500,#4628,.T.);
#4628 = SURFACE_CURVE('',#4629,(#4633,#4640),.PCURVE_S1.);
#4629 = LINE('',#4630,#4631);
#4630 = CARTESIAN_POINT('',(1.,10.946206987353,11.948453962708));
#4631 = VECTOR('',#4632,1.);
#4632 = DIRECTION('',(1.,0.,0.));
#4633 = PCURVE('',#1126,#4634);
#4634 = DEFINITIONAL_REPRESENTATION('',(#4635),#4639);
#4635 = LINE('',#4636,#4637);
#4636 = CARTESIAN_POINT('',(0.,0.));
#4637 = VECTOR('',#4638,1.);
#4638 = DIRECTION('',(0.,-1.));
#4639 = ( GEOMETRIC_REPRESENTATION_CONTEXT(2) 
PARAMETRIC_REPRESENTATION_CONTEXT() REPRESENTATION_CONTEXT('2D SPACE',''
  ) );
#4640 = PCURVE('',#1098,#4641);
#4641 = DEFINITIONAL_REPRESENTATION('',(#4642),#4646);
#4642 = LINE('',#4643,#4644);
#4643 = CARTESIAN_POINT('',(11.714092792709,0.));
#4644 = VECTOR('',#4645,1.);
#4645 = DIRECTION('',(0.,-1.));
#4646 = ( GEOMETRIC_REPRESENTATION_CONTEXT(2) 
PARAMETRIC_REPRESENTATION_CONTEXT() REPRESENTATION_CONTEXT('2D SPACE',''
  ) );
#4647 = ORIENTED_EDGE('',*,*,#2522,.T.);
#4648 = ORIENTED_EDGE('',*,*,#4600,.F.);
#4649 = ORIENTED_EDGE('',*,*,#1110,.F.);
#4650 = ADVANCED_FACE('',(#4651),#1098,.F.);
#4651 = FACE_BOUND('',#4652,.F.);
#4652 = EDGE_LOOP('',(#4653,#4674,#4675,#4676));
#4653 = ORIENTED_EDGE('',*,*,#4654,.T.);
#4654 = EDGE_CURVE('',#1054,#2476,#4655,.T.);
#4655 = SURFACE_CURVE('',#4656,(#4660,#4667),.PCURVE_S1.);
#4656 = LINE('',#4657,#4658);
#4657 = CARTESIAN_POINT('',(1.,22.56008409234,10.419458035163));
#4658 = VECTOR('',#4659,1.);
#4659 = DIRECTION('',(1.,0.,0.));
#4660 = PCURVE('',#1098,#4661);
#4661 = DEFINITIONAL_REPRESENTATION('',(#4662),#4666);
#4662 = LINE('',#4663,#4664);
#4663 = CARTESIAN_POINT('',(0.,0.));
#4664 = VECTOR('',#4665,1.);
#4665 = DIRECTION('',(0.,-1.));
#4666 = ( GEOMETRIC_REPRESENTATION_CONTEXT(2) 
PARAMETRIC_REPRESENTATION_CONTEXT() REPRESENTATION_CONTEXT('2D SPACE',''
  ) );
#4667 = PCURVE('',#1070,#4668);
#4668 = DEFINITIONAL_REPRESENTATION('',(#4669),#4673);
#4669 = LINE('',#4670,#4671);
#4670 = CARTESIAN_POINT('',(-0.432667613856,0.));
#4671 = VECTOR('',#4672,1.);
#4672 = DIRECTION('',(-0.,-1.));
#4673 = ( GEOMETRIC_REPRESENTATION_CONTEXT(2) 
PARAMETRIC_REPRESENTATION_CONTEXT() REPRESENTATION_CONTEXT('2D SPACE',''
  ) );
#4674 = ORIENTED_EDGE('',*,*,#2499,.T.);
#4675 = ORIENTED_EDGE('',*,*,#4627,.F.);
#4676 = ORIENTED_EDGE('',*,*,#1082,.F.);
#4677 = ADVANCED_FACE('',(#4678),#1070,.F.);
#4678 = FACE_BOUND('',#4679,.T.);
#4679 = EDGE_LOOP('',(#4680,#4681,#4682,#4703));
#4680 = ORIENTED_EDGE('',*,*,#4654,.T.);
#4681 = ORIENTED_EDGE('',*,*,#2475,.T.);
#4682 = ORIENTED_EDGE('',*,*,#4683,.F.);
#4683 = EDGE_CURVE('',#1026,#2453,#4684,.T.);
#4684 = SURFACE_CURVE('',#4685,(#4689,#4696),.PCURVE_S1.);
#4685 = LINE('',#4686,#4687);
#4686 = CARTESIAN_POINT('',(1.,20.092288453364,14.622668864021));
#4687 = VECTOR('',#4688,1.);
#4688 = DIRECTION('',(1.,0.,0.));
#4689 = PCURVE('',#1070,#4690);
#4690 = DEFINITIONAL_REPRESENTATION('',(#4691),#4695);
#4691 = LINE('',#4692,#4693);
#4692 = CARTESIAN_POINT('',(-0.629124839715,0.));
#4693 = VECTOR('',#4694,1.);
#4694 = DIRECTION('',(-0.,-1.));
#4695 = ( GEOMETRIC_REPRESENTATION_CONTEXT(2) 
PARAMETRIC_REPRESENTATION_CONTEXT() REPRESENTATION_CONTEXT('2D SPACE',''
  ) );
#4696 = PCURVE('',#1041,#4697);
#4697 = DEFINITIONAL_REPRESENTATION('',(#4698),#4702);
#4698 = LINE('',#4699,#4700);
#4699 = CARTESIAN_POINT('',(12.536062956766,0.));
#4700 = VECTOR('',#4701,1.);
#4701 = DIRECTION('',(0.,-1.));
#4702 = ( GEOMETRIC_REPRESENTATION_CONTEXT(2) 
PARAMETRIC_REPRESENTATION_CONTEXT() REPRESENTATION_CONTEXT('2D SPACE',''
  ) );
#4703 = ORIENTED_EDGE('',*,*,#1053,.F.);
#4704 = ADVANCED_FACE('',(#4705),#1041,.F.);
#4705 = FACE_BOUND('',#4706,.F.);
#4706 = EDGE_LOOP('',(#4707,#4728,#4729,#4730));
#4707 = ORIENTED_EDGE('',*,*,#4708,.T.);
#4708 = EDGE_CURVE('',#998,#2430,#4709,.T.);
#4709 = SURFACE_CURVE('',#4710,(#4714,#4721),.PCURVE_S1.);
#4710 = LINE('',#4711,#4712);
#4711 = CARTESIAN_POINT('',(1.,7.663473253019,12.986384300843));
#4712 = VECTOR('',#4713,1.);
#4713 = DIRECTION('',(1.,0.,0.));
#4714 = PCURVE('',#1041,#4715);
#4715 = DEFINITIONAL_REPRESENTATION('',(#4716),#4720);
#4716 = LINE('',#4717,#4718);
#4717 = CARTESIAN_POINT('',(0.,0.));
#4718 = VECTOR('',#4719,1.);
#4719 = DIRECTION('',(0.,-1.));
#4720 = ( GEOMETRIC_REPRESENTATION_CONTEXT(2) 
PARAMETRIC_REPRESENTATION_CONTEXT() REPRESENTATION_CONTEXT('2D SPACE',''
  ) );
#4721 = PCURVE('',#1013,#4722);
#4722 = DEFINITIONAL_REPRESENTATION('',(#4723),#4727);
#4723 = LINE('',#4724,#4725);
#4724 = CARTESIAN_POINT('',(1.4,0.));
#4725 = VECTOR('',#4726,1.);
#4726 = DIRECTION('',(0.,-1.));
#4727 = ( GEOMETRIC_REPRESENTATION_CONTEXT(2) 
PARAMETRIC_REPRESENTATION_CONTEXT() REPRESENTATION_CONTEXT('2D SPACE',''
  ) );
#4728 = ORIENTED_EDGE('',*,*,#2452,.T.);
#4729 = ORIENTED_EDGE('',*,*,#4683,.F.);
#4730 = ORIENTED_EDGE('',*,*,#1025,.F.);
#4731 = ADVANCED_FACE('',(#4732),#1013,.F.);
#4732 = FACE_BOUND('',#4733,.F.);
#4733 = EDGE_LOOP('',(#4734,#4755,#4756,#4757));
#4734 = ORIENTED_EDGE('',*,*,#4735,.T.);
#4735 = EDGE_CURVE('',#970,#2407,#4736,.T.);
#4736 = SURFACE_CURVE('',#4737,(#4741,#4748),.PCURVE_S1.);
#4737 = LINE('',#4738,#4739);
#4738 = CARTESIAN_POINT('',(1.,7.480736583911,14.374407106767));
#4739 = VECTOR('',#4740,1.);
#4740 = DIRECTION('',(1.,0.,0.));
#4741 = PCURVE('',#1013,#4742);
#4742 = DEFINITIONAL_REPRESENTATION('',(#4743),#4747);
#4743 = LINE('',#4744,#4745);
#4744 = CARTESIAN_POINT('',(0.,0.));
#4745 = VECTOR('',#4746,1.);
#4746 = DIRECTION('',(0.,-1.));
#4747 = ( GEOMETRIC_REPRESENTATION_CONTEXT(2) 
PARAMETRIC_REPRESENTATION_CONTEXT() REPRESENTATION_CONTEXT('2D SPACE',''
  ) );
#4748 = PCURVE('',#985,#4749);
#4749 = DEFINITIONAL_REPRESENTATION('',(#4750),#4754);
#4750 = LINE('',#4751,#4752);
#4751 = CARTESIAN_POINT('',(11.714092792709,0.));
#4752 = VECTOR('',#4753,1.);
#4753 = DIRECTION('',(0.,-1.));
#4754 = ( GEOMETRIC_REPRESENTATION_CONTEXT(2) 
PARAMETRIC_REPRESENTATION_CONTEXT() REPRESENTATION_CONTEXT('2D SPACE',''
  ) );
#4755 = ORIENTED_EDGE('',*,*,#2429,.T.);
#4756 = ORIENTED_EDGE('',*,*,#4708,.F.);
#4757 = ORIENTED_EDGE('',*,*,#997,.F.);
#4758 = ADVANCED_FACE('',(#4759),#985,.F.);
#4759 = FACE_BOUND('',#4760,.F.);
#4760 = EDGE_LOOP('',(#4761,#4782,#4783,#4784));
#4761 = ORIENTED_EDGE('',*,*,#4762,.T.);
#4762 = EDGE_CURVE('',#941,#2383,#4763,.T.);
#4763 = SURFACE_CURVE('',#4764,(#4768,#4775),.PCURVE_S1.);
#4764 = LINE('',#4765,#4766);
#4765 = CARTESIAN_POINT('',(1.,19.094613688898,15.903403034311));
#4766 = VECTOR('',#4767,1.);
#4767 = DIRECTION('',(1.,0.,0.));
#4768 = PCURVE('',#985,#4769);
#4769 = DEFINITIONAL_REPRESENTATION('',(#4770),#4774);
#4770 = LINE('',#4771,#4772);
#4771 = CARTESIAN_POINT('',(0.,0.));
#4772 = VECTOR('',#4773,1.);
#4773 = DIRECTION('',(0.,-1.));
#4774 = ( GEOMETRIC_REPRESENTATION_CONTEXT(2) 
PARAMETRIC_REPRESENTATION_CONTEXT() REPRESENTATION_CONTEXT('2D SPACE',''
  ) );
#4775 = PCURVE('',#957,#4776);
#4776 = DEFINITIONAL_REPRESENTATION('',(#4777),#4781);
#4777 = LINE('',#4778,#4779);
#4778 = CARTESIAN_POINT('',(-0.694467001655,0.));
#4779 = VECTOR('',#4780,1.);
#4780 = DIRECTION('',(-0.,-1.));
#4781 = ( GEOMETRIC_REPRESENTATION_CONTEXT(2) 
PARAMETRIC_REPRESENTATION_CONTEXT() REPRESENTATION_CONTEXT('2D SPACE',''
  ) );
#4782 = ORIENTED_EDGE('',*,*,#2406,.T.);
#4783 = ORIENTED_EDGE('',*,*,#4735,.F.);
#4784 = ORIENTED_EDGE('',*,*,#969,.F.);
#4785 = ADVANCED_FACE('',(#4786),#957,.F.);
#4786 = FACE_BOUND('',#4787,.T.);
#4787 = EDGE_LOOP('',(#4788,#4789,#4790,#4811));
#4788 = ORIENTED_EDGE('',*,*,#4762,.T.);
#4789 = ORIENTED_EDGE('',*,*,#2382,.T.);
#4790 = ORIENTED_EDGE('',*,*,#4791,.F.);
#4791 = EDGE_CURVE('',#913,#2360,#4792,.T.);
#4792 = SURFACE_CURVE('',#4793,(#4797,#4804),.PCURVE_S1.);
#4793 = LINE('',#4794,#4795);
#4794 = CARTESIAN_POINT('',(1.,15.623035134117,19.324680416455));
#4795 = VECTOR('',#4796,1.);
#4796 = DIRECTION('',(1.,0.,0.));
#4797 = PCURVE('',#957,#4798);
#4798 = DEFINITIONAL_REPRESENTATION('',(#4799),#4803);
#4799 = LINE('',#4800,#4801);
#4800 = CARTESIAN_POINT('',(-0.890924227515,0.));
#4801 = VECTOR('',#4802,1.);
#4802 = DIRECTION('',(-0.,-1.));
#4803 = ( GEOMETRIC_REPRESENTATION_CONTEXT(2) 
PARAMETRIC_REPRESENTATION_CONTEXT() REPRESENTATION_CONTEXT('2D SPACE',''
  ) );
#4804 = PCURVE('',#928,#4805);
#4805 = DEFINITIONAL_REPRESENTATION('',(#4806),#4810);
#4806 = LINE('',#4807,#4808);
#4807 = CARTESIAN_POINT('',(12.536062956766,0.));
#4808 = VECTOR('',#4809,1.);
#4809 = DIRECTION('',(0.,-1.));
#4810 = ( GEOMETRIC_REPRESENTATION_CONTEXT(2) 
PARAMETRIC_REPRESENTATION_CONTEXT() REPRESENTATION_CONTEXT('2D SPACE',''
  ) );
#4811 = ORIENTED_EDGE('',*,*,#940,.F.);
#4812 = ADVANCED_FACE('',(#4813),#928,.F.);
#4813 = FACE_BOUND('',#4814,.F.);
#4814 = EDGE_LOOP('',(#4815,#4836,#4837,#4838));
#4815 = ORIENTED_EDGE('',*,*,#4816,.T.);
#4816 = EDGE_CURVE('',#885,#2337,#4817,.T.);
#4817 = SURFACE_CURVE('',#4818,(#4822,#4829),.PCURVE_S1.);
#4818 = LINE('',#4819,#4820);
#4819 = CARTESIAN_POINT('',(1.,4.041223150088,14.527336815815));
#4820 = VECTOR('',#4821,1.);
#4821 = DIRECTION('',(1.,0.,0.));
#4822 = PCURVE('',#928,#4823);
#4823 = DEFINITIONAL_REPRESENTATION('',(#4824),#4828);
#4824 = LINE('',#4825,#4826);
#4825 = CARTESIAN_POINT('',(0.,0.));
#4826 = VECTOR('',#4827,1.);
#4827 = DIRECTION('',(0.,-1.));
#4828 = ( GEOMETRIC_REPRESENTATION_CONTEXT(2) 
PARAMETRIC_REPRESENTATION_CONTEXT() REPRESENTATION_CONTEXT('2D SPACE',''
  ) );
#4829 = PCURVE('',#900,#4830);
#4830 = DEFINITIONAL_REPRESENTATION('',(#4831),#4835);
#4831 = LINE('',#4832,#4833);
#4832 = CARTESIAN_POINT('',(1.4,0.));
#4833 = VECTOR('',#4834,1.);
#4834 = DIRECTION('',(0.,-1.));
#4835 = ( GEOMETRIC_REPRESENTATION_CONTEXT(2) 
PARAMETRIC_REPRESENTATION_CONTEXT() REPRESENTATION_CONTEXT('2D SPACE',''
  ) );
#4836 = ORIENTED_EDGE('',*,*,#2359,.T.);
#4837 = ORIENTED_EDGE('',*,*,#4791,.F.);
#4838 = ORIENTED_EDGE('',*,*,#912,.F.);
#4839 = ADVANCED_FACE('',(#4840),#900,.F.);
#4840 = FACE_BOUND('',#4841,.F.);
#4841 = EDGE_LOOP('',(#4842,#4863,#4864,#4865));
#4842 = ORIENTED_EDGE('',*,*,#4843,.T.);
#4843 = EDGE_CURVE('',#857,#2314,#4844,.T.);
#4844 = SURFACE_CURVE('',#4845,(#4849,#4856),.PCURVE_S1.);
#4845 = LINE('',#4846,#4847);
#4846 = CARTESIAN_POINT('',(1.,3.505466344777,15.820768161331));
#4847 = VECTOR('',#4848,1.);
#4848 = DIRECTION('',(1.,0.,0.));
#4849 = PCURVE('',#900,#4850);
#4850 = DEFINITIONAL_REPRESENTATION('',(#4851),#4855);
#4851 = LINE('',#4852,#4853);
#4852 = CARTESIAN_POINT('',(0.,0.));
#4853 = VECTOR('',#4854,1.);
#4854 = DIRECTION('',(0.,-1.));
#4855 = ( GEOMETRIC_REPRESENTATION_CONTEXT(2) 
PARAMETRIC_REPRESENTATION_CONTEXT() REPRESENTATION_CONTEXT('2D SPACE',''
  ) );
#4856 = PCURVE('',#872,#4857);
#4857 = DEFINITIONAL_REPRESENTATION('',(#4858),#4862);
#4858 = LINE('',#4859,#4860);
#4859 = CARTESIAN_POINT('',(11.714092792708,0.));
#4860 = VECTOR('',#4861,1.);
#4861 = DIRECTION('',(0.,-1.));
#4862 = ( GEOMETRIC_REPRESENTATION_CONTEXT(2) 
PARAMETRIC_REPRESENTATION_CONTEXT() REPRESENTATION_CONTEXT('2D SPACE',''
  ) );
#4863 = ORIENTED_EDGE('',*,*,#2336,.T.);
#4864 = ORIENTED_EDGE('',*,*,#4816,.F.);
#4865 = ORIENTED_EDGE('',*,*,#884,.F.);
#4866 = ADVANCED_FACE('',(#4867),#872,.F.);
#4867 = FACE_BOUND('',#4868,.F.);
#4868 = EDGE_LOOP('',(#4869,#4890,#4891,#4892));
#4869 = ORIENTED_EDGE('',*,*,#4870,.T.);
#4870 = EDGE_CURVE('',#828,#2290,#4871,.T.);
#4871 = SURFACE_CURVE('',#4872,(#4876,#4883),.PCURVE_S1.);
#4872 = LINE('',#4873,#4874);
#4873 = CARTESIAN_POINT('',(1.,14.327876917898,20.303557398288));
#4874 = VECTOR('',#4875,1.);
#4875 = DIRECTION('',(1.,0.,0.));
#4876 = PCURVE('',#872,#4877);
#4877 = DEFINITIONAL_REPRESENTATION('',(#4878),#4882);
#4878 = LINE('',#4879,#4880);
#4879 = CARTESIAN_POINT('',(0.,0.));
#4880 = VECTOR('',#4881,1.);
#4881 = DIRECTION('',(0.,-1.));
#4882 = ( GEOMETRIC_REPRESENTATION_CONTEXT(2) 
PARAMETRIC_REPRESENTATION_CONTEXT() REPRESENTATION_CONTEXT('2D SPACE',''
  ) );
#4883 = PCURVE('',#844,#4884);
#4884 = DEFINITIONAL_REPRESENTATION('',(#4885),#4889);
#4885 = LINE('',#4886,#4887);
#4886 = CARTESIAN_POINT('',(-0.956266389454,0.));
#4887 = VECTOR('',#4888,1.);
#4888 = DIRECTION('',(-0.,-1.));
#4889 = ( GEOMETRIC_REPRESENTATION_CONTEXT(2) 
PARAMETRIC_REPRESENTATION_CONTEXT() REPRESENTATION_CONTEXT('2D SPACE',''
  ) );
#4890 = ORIENTED_EDGE('',*,*,#2313,.T.);
#4891 = ORIENTED_EDGE('',*,*,#4843,.F.);
#4892 = ORIENTED_EDGE('',*,*,#856,.F.);
#4893 = ADVANCED_FACE('',(#4894),#844,.F.);
#4894 = FACE_BOUND('',#4895,.T.);
#4895 = EDGE_LOOP('',(#4896,#4897,#4898,#4919));
#4896 = ORIENTED_EDGE('',*,*,#4870,.T.);
#4897 = ORIENTED_EDGE('',*,*,#2289,.T.);
#4898 = ORIENTED_EDGE('',*,*,#4899,.F.);
#4899 = EDGE_CURVE('',#800,#2267,#4900,.T.);
#4900 = SURFACE_CURVE('',#4901,(#4905,#4912),.PCURVE_S1.);
#4901 = LINE('',#4902,#4903);
#4902 = CARTESIAN_POINT('',(1.,10.089097788766,22.709746934052));
#4903 = VECTOR('',#4904,1.);
#4904 = DIRECTION('',(1.,0.,0.));
#4905 = PCURVE('',#844,#4906);
#4906 = DEFINITIONAL_REPRESENTATION('',(#4907),#4911);
#4907 = LINE('',#4908,#4909);
#4908 = CARTESIAN_POINT('',(-1.152723615314,0.));
#4909 = VECTOR('',#4910,1.);
#4910 = DIRECTION('',(-0.,-1.));
#4911 = ( GEOMETRIC_REPRESENTATION_CONTEXT(2) 
PARAMETRIC_REPRESENTATION_CONTEXT() REPRESENTATION_CONTEXT('2D SPACE',''
  ) );
#4912 = PCURVE('',#815,#4913);
#4913 = DEFINITIONAL_REPRESENTATION('',(#4914),#4918);
#4914 = LINE('',#4915,#4916);
#4915 = CARTESIAN_POINT('',(12.536062956766,0.));
#4916 = VECTOR('',#4917,1.);
#4917 = DIRECTION('',(0.,-1.));
#4918 = ( GEOMETRIC_REPRESENTATION_CONTEXT(2) 
PARAMETRIC_REPRESENTATION_CONTEXT() REPRESENTATION_CONTEXT('2D SPACE',''
  ) );
#4919 = ORIENTED_EDGE('',*,*,#827,.F.);
#4920 = ADVANCED_FACE('',(#4921),#815,.F.);
#4921 = FACE_BOUND('',#4922,.F.);
#4922 = EDGE_LOOP('',(#4923,#4944,#4945,#4946));
#4923 = ORIENTED_EDGE('',*,*,#4924,.T.);
#4924 = EDGE_CURVE('',#772,#2244,#4925,.T.);
#4925 = SURFACE_CURVE('',#4926,(#4930,#4937),.PCURVE_S1.);
#4926 = LINE('',#4927,#4928);
#4927 = CARTESIAN_POINT('',(1.,0.143570367915,15.078275334347));
#4928 = VECTOR('',#4929,1.);
#4929 = DIRECTION('',(1.,0.,0.));
#4930 = PCURVE('',#815,#4931);
#4931 = DEFINITIONAL_REPRESENTATION('',(#4932),#4936);
#4932 = LINE('',#4933,#4934);
#4933 = CARTESIAN_POINT('',(0.,0.));
#4934 = VECTOR('',#4935,1.);
#4935 = DIRECTION('',(0.,-1.));
#4936 = ( GEOMETRIC_REPRESENTATION_CONTEXT(2) 
PARAMETRIC_REPRESENTATION_CONTEXT() REPRESENTATION_CONTEXT('2D SPACE',''
  ) );
#4937 = PCURVE('',#787,#4938);
#4938 = DEFINITIONAL_REPRESENTATION('',(#4939),#4943);
#4939 = LINE('',#4940,#4941);
#4940 = CARTESIAN_POINT('',(1.4,0.));
#4941 = VECTOR('',#4942,1.);
#4942 = DIRECTION('',(0.,-1.));
#4943 = ( GEOMETRIC_REPRESENTATION_CONTEXT(2) 
PARAMETRIC_REPRESENTATION_CONTEXT() REPRESENTATION_CONTEXT('2D SPACE',''
  ) );
#4944 = ORIENTED_EDGE('',*,*,#2266,.T.);
#4945 = ORIENTED_EDGE('',*,*,#4899,.F.);
#4946 = ORIENTED_EDGE('',*,*,#799,.F.);
#4947 = ADVANCED_FACE('',(#4948),#787,.F.);
#4948 = FACE_BOUND('',#4949,.F.);
#4949 = EDGE_LOOP('',(#4950,#4951,#4970,#4971));
#4950 = ORIENTED_EDGE('',*,*,#771,.F.);
#4951 = ORIENTED_EDGE('',*,*,#4952,.F.);
#4952 = EDGE_CURVE('',#2223,#746,#4953,.T.);
#4953 = SURFACE_CURVE('',#4954,(#4958,#4964),.PCURVE_S1.);
#4954 = LINE('',#4955,#4956);
#4955 = CARTESIAN_POINT('',(-4.5,-5.551115123126E-17,15.265379880603));
#4956 = VECTOR('',#4957,1.);
#4957 = DIRECTION('',(-1.,0.,-0.));
#4958 = PCURVE('',#787,#4959);
#4959 = DEFINITIONAL_REPRESENTATION('',(#4960),#4963);
#4960 = B_SPLINE_CURVE_WITH_KNOTS('',1,(#4961,#4962),.UNSPECIFIED.,.F.,
  .F.,(2,2),(-152.,-5.5),.PIECEWISE_BEZIER_KNOTS.);
#4961 = CARTESIAN_POINT('',(1.164159880909,-146.5));
#4962 = CARTESIAN_POINT('',(1.164159880909,0.));
#4963 = ( GEOMETRIC_REPRESENTATION_CONTEXT(2) 
PARAMETRIC_REPRESENTATION_CONTEXT() REPRESENTATION_CONTEXT('2D SPACE',''
  ) );
#4964 = PCURVE('',#760,#4965);
#4965 = DEFINITIONAL_REPRESENTATION('',(#4966),#4969);
#4966 = B_SPLINE_CURVE_WITH_KNOTS('',1,(#4967,#4968),.UNSPECIFIED.,.F.,
  .F.,(2,2),(-152.,-5.5),.PIECEWISE_BEZIER_KNOTS.);
#4967 = CARTESIAN_POINT('',(215.2653798806,157.5));
#4968 = CARTESIAN_POINT('',(215.2653798806,11.));
#4969 = ( GEOMETRIC_REPRESENTATION_CONTEXT(2) 
PARAMETRIC_REPRESENTATION_CONTEXT() REPRESENTATION_CONTEXT('2D SPACE',''
  ) );
#4970 = ORIENTED_EDGE('',*,*,#2243,.T.);
#4971 = ORIENTED_EDGE('',*,*,#4924,.F.);
#4972 = ADVANCED_FACE('',(#4973),#760,.F.);
#4973 = FACE_BOUND('',#4974,.F.);
#4974 = EDGE_LOOP('',(#4975,#4976,#4977,#4978));
#4975 = ORIENTED_EDGE('',*,*,#2222,.F.);
#4976 = ORIENTED_EDGE('',*,*,#4952,.T.);
#4977 = ORIENTED_EDGE('',*,*,#745,.T.);
#4978 = ORIENTED_EDGE('',*,*,#4979,.T.);
#4979 = EDGE_CURVE('',#718,#2200,#4980,.T.);
#4980 = SURFACE_CURVE('',#4981,(#4985,#4991),.PCURVE_S1.);
#4981 = LINE('',#4982,#4983);
#4982 = CARTESIAN_POINT('',(-4.5,-1.7763568394E-15,16.732771295986));
#4983 = VECTOR('',#4984,1.);
#4984 = DIRECTION('',(1.,-0.,0.));
#4985 = PCURVE('',#760,#4986);
#4986 = DEFINITIONAL_REPRESENTATION('',(#4987),#4990);
#4987 = B_SPLINE_CURVE_WITH_KNOTS('',1,(#4988,#4989),.UNSPECIFIED.,.F.,
  .F.,(2,2),(5.5,152.),.PIECEWISE_BEZIER_KNOTS.);
#4988 = CARTESIAN_POINT('',(216.73277129598,11.));
#4989 = CARTESIAN_POINT('',(216.73277129598,157.5));
#4990 = ( GEOMETRIC_REPRESENTATION_CONTEXT(2) 
PARAMETRIC_REPRESENTATION_CONTEXT() REPRESENTATION_CONTEXT('2D SPACE',''
  ) );
#4991 = PCURVE('',#733,#4992);
#4992 = DEFINITIONAL_REPRESENTATION('',(#4993),#4996);
#4993 = B_SPLINE_CURVE_WITH_KNOTS('',1,(#4994,#4995),.UNSPECIFIED.,.F.,
  .F.,(2,2),(5.5,152.),.PIECEWISE_BEZIER_KNOTS.);
#4994 = CARTESIAN_POINT('',(10.820801497765,0.));
#4995 = CARTESIAN_POINT('',(10.820801497765,-146.5));
#4996 = ( GEOMETRIC_REPRESENTATION_CONTEXT(2) 
PARAMETRIC_REPRESENTATION_CONTEXT() REPRESENTATION_CONTEXT('2D SPACE',''
  ) );
#4997 = ADVANCED_FACE('',(#4998),#733,.F.);
#4998 = FACE_BOUND('',#4999,.F.);
#4999 = EDGE_LOOP('',(#5000,#5001,#5022,#5023));
#5000 = ORIENTED_EDGE('',*,*,#717,.F.);
#5001 = ORIENTED_EDGE('',*,*,#5002,.T.);
#5002 = EDGE_CURVE('',#689,#2176,#5003,.T.);
#5003 = SURFACE_CURVE('',#5004,(#5008,#5015),.PCURVE_S1.);
#5004 = LINE('',#5005,#5006);
#5005 = CARTESIAN_POINT('',(1.,8.58471901288,23.320057878785));
#5006 = VECTOR('',#5007,1.);
#5007 = DIRECTION('',(1.,0.,0.));
#5008 = PCURVE('',#733,#5009);
#5009 = DEFINITIONAL_REPRESENTATION('',(#5010),#5014);
#5010 = LINE('',#5011,#5012);
#5011 = CARTESIAN_POINT('',(0.,0.));
#5012 = VECTOR('',#5013,1.);
#5013 = DIRECTION('',(0.,-1.));
#5014 = ( GEOMETRIC_REPRESENTATION_CONTEXT(2) 
PARAMETRIC_REPRESENTATION_CONTEXT() REPRESENTATION_CONTEXT('2D SPACE',''
  ) );
#5015 = PCURVE('',#705,#5016);
#5016 = DEFINITIONAL_REPRESENTATION('',(#5017),#5021);
#5017 = LINE('',#5018,#5019);
#5018 = CARTESIAN_POINT('',(-1.218065777253,0.));
#5019 = VECTOR('',#5020,1.);
#5020 = DIRECTION('',(-0.,-1.));
#5021 = ( GEOMETRIC_REPRESENTATION_CONTEXT(2) 
PARAMETRIC_REPRESENTATION_CONTEXT() REPRESENTATION_CONTEXT('2D SPACE',''
  ) );
#5022 = ORIENTED_EDGE('',*,*,#2199,.T.);
#5023 = ORIENTED_EDGE('',*,*,#4979,.F.);
#5024 = ADVANCED_FACE('',(#5025),#705,.F.);
#5025 = FACE_BOUND('',#5026,.T.);
#5026 = EDGE_LOOP('',(#5027,#5028,#5029,#5050));
#5027 = ORIENTED_EDGE('',*,*,#5002,.T.);
#5028 = ORIENTED_EDGE('',*,*,#2175,.T.);
#5029 = ORIENTED_EDGE('',*,*,#5030,.F.);
#5030 = EDGE_CURVE('',#661,#2153,#5031,.T.);
#5031 = SURFACE_CURVE('',#5032,(#5036,#5043),.PCURVE_S1.);
#5032 = LINE('',#5033,#5034);
#5033 = CARTESIAN_POINT('',(1.,3.867605102135,24.547181727725));
#5034 = VECTOR('',#5035,1.);
#5035 = DIRECTION('',(1.,0.,0.));
#5036 = PCURVE('',#705,#5037);
#5037 = DEFINITIONAL_REPRESENTATION('',(#5038),#5042);
#5038 = LINE('',#5039,#5040);
#5039 = CARTESIAN_POINT('',(-1.414523003113,0.));
#5040 = VECTOR('',#5041,1.);
#5041 = DIRECTION('',(-0.,-1.));
#5042 = ( GEOMETRIC_REPRESENTATION_CONTEXT(2) 
PARAMETRIC_REPRESENTATION_CONTEXT() REPRESENTATION_CONTEXT('2D SPACE',''
  ) );
#5043 = PCURVE('',#676,#5044);
#5044 = DEFINITIONAL_REPRESENTATION('',(#5045),#5049);
#5045 = LINE('',#5046,#5047);
#5046 = CARTESIAN_POINT('',(12.536062956766,0.));
#5047 = VECTOR('',#5048,1.);
#5048 = DIRECTION('',(0.,-1.));
#5049 = ( GEOMETRIC_REPRESENTATION_CONTEXT(2) 
PARAMETRIC_REPRESENTATION_CONTEXT() REPRESENTATION_CONTEXT('2D SPACE',''
  ) );
#5050 = ORIENTED_EDGE('',*,*,#688,.F.);
#5051 = ADVANCED_FACE('',(#5052),#676,.F.);
#5052 = FACE_BOUND('',#5053,.F.);
#5053 = EDGE_LOOP('',(#5054,#5055,#5074,#5075));
#5054 = ORIENTED_EDGE('',*,*,#660,.F.);
#5055 = ORIENTED_EDGE('',*,*,#5056,.F.);
#5056 = EDGE_CURVE('',#2132,#635,#5057,.T.);
#5057 = SURFACE_CURVE('',#5058,(#5062,#5068),.PCURVE_S1.);
#5058 = LINE('',#5059,#5060);
#5059 = CARTESIAN_POINT('',(-4.5,-2.22044604925E-16,19.506820626492));
#5060 = VECTOR('',#5061,1.);
#5061 = DIRECTION('',(-1.,0.,0.));
#5062 = PCURVE('',#676,#5063);
#5063 = DEFINITIONAL_REPRESENTATION('',(#5064),#5067);
#5064 = B_SPLINE_CURVE_WITH_KNOTS('',1,(#5065,#5066),.UNSPECIFIED.,.F.,
  .F.,(2,2),(-152.,-5.5),.PIECEWISE_BEZIER_KNOTS.);
#5065 = CARTESIAN_POINT('',(6.182826832012,-146.5));
#5066 = CARTESIAN_POINT('',(6.182826832012,0.));
#5067 = ( GEOMETRIC_REPRESENTATION_CONTEXT(2) 
PARAMETRIC_REPRESENTATION_CONTEXT() REPRESENTATION_CONTEXT('2D SPACE',''
  ) );
#5068 = PCURVE('',#649,#5069);
#5069 = DEFINITIONAL_REPRESENTATION('',(#5070),#5073);
#5070 = B_SPLINE_CURVE_WITH_KNOTS('',1,(#5071,#5072),.UNSPECIFIED.,.F.,
  .F.,(2,2),(-152.,-5.5),.PIECEWISE_BEZIER_KNOTS.);
#5071 = CARTESIAN_POINT('',(219.50682062649,157.5));
#5072 = CARTESIAN_POINT('',(219.50682062649,11.));
#5073 = ( GEOMETRIC_REPRESENTATION_CONTEXT(2) 
PARAMETRIC_REPRESENTATION_CONTEXT() REPRESENTATION_CONTEXT('2D SPACE',''
  ) );
#5074 = ORIENTED_EDGE('',*,*,#2152,.T.);
#5075 = ORIENTED_EDGE('',*,*,#5030,.F.);
#5076 = ADVANCED_FACE('',(#5077),#649,.F.);
#5077 = FACE_BOUND('',#5078,.F.);
#5078 = EDGE_LOOP('',(#5079,#5080,#5081,#5082));
#5079 = ORIENTED_EDGE('',*,*,#2131,.F.);
#5080 = ORIENTED_EDGE('',*,*,#5056,.T.);
#5081 = ORIENTED_EDGE('',*,*,#634,.T.);
#5082 = ORIENTED_EDGE('',*,*,#5083,.T.);
#5083 = EDGE_CURVE('',#607,#2109,#5084,.T.);
#5084 = SURFACE_CURVE('',#5085,(#5089,#5095),.PCURVE_S1.);
#5085 = LINE('',#5086,#5087);
#5086 = CARTESIAN_POINT('',(-4.5,2.22044604925E-16,21.806572110878));
#5087 = VECTOR('',#5088,1.);
#5088 = DIRECTION('',(1.,-0.,0.));
#5089 = PCURVE('',#649,#5090);
#5090 = DEFINITIONAL_REPRESENTATION('',(#5091),#5094);
#5091 = B_SPLINE_CURVE_WITH_KNOTS('',1,(#5092,#5093),.UNSPECIFIED.,.F.,
  .F.,(2,2),(5.5,152.),.PIECEWISE_BEZIER_KNOTS.);
#5092 = CARTESIAN_POINT('',(221.80657211087,11.));
#5093 = CARTESIAN_POINT('',(221.80657211087,157.5));
#5094 = ( GEOMETRIC_REPRESENTATION_CONTEXT(2) 
PARAMETRIC_REPRESENTATION_CONTEXT() REPRESENTATION_CONTEXT('2D SPACE',''
  ) );
#5095 = PCURVE('',#622,#5096);
#5096 = DEFINITIONAL_REPRESENTATION('',(#5097),#5100);
#5097 = B_SPLINE_CURVE_WITH_KNOTS('',1,(#5098,#5099),.UNSPECIFIED.,.F.,
  .F.,(2,2),(5.5,152.),.PIECEWISE_BEZIER_KNOTS.);
#5098 = CARTESIAN_POINT('',(3.706750438719,0.));
#5099 = CARTESIAN_POINT('',(3.706750438719,-146.5));
#5100 = ( GEOMETRIC_REPRESENTATION_CONTEXT(2) 
PARAMETRIC_REPRESENTATION_CONTEXT() REPRESENTATION_CONTEXT('2D SPACE',''
  ) );
#5101 = ADVANCED_FACE('',(#5102),#622,.F.);
#5102 = FACE_BOUND('',#5103,.F.);
#5103 = EDGE_LOOP('',(#5104,#5105,#5126,#5127));
#5104 = ORIENTED_EDGE('',*,*,#606,.F.);
#5105 = ORIENTED_EDGE('',*,*,#5106,.T.);
#5106 = EDGE_CURVE('',#578,#2085,#5107,.T.);
#5107 = SURFACE_CURVE('',#5108,(#5112,#5119),.PCURVE_S1.);
#5108 = LINE('',#5109,#5110);
#5109 = CARTESIAN_POINT('',(1.,2.256526694053,24.747334953062));
#5110 = VECTOR('',#5111,1.);
#5111 = DIRECTION('',(1.,0.,0.));
#5112 = PCURVE('',#622,#5113);
#5113 = DEFINITIONAL_REPRESENTATION('',(#5114),#5118);
#5114 = LINE('',#5115,#5116);
#5115 = CARTESIAN_POINT('',(-2.703443819957E-16,0.));
#5116 = VECTOR('',#5117,1.);
#5117 = DIRECTION('',(0.,-1.));
#5118 = ( GEOMETRIC_REPRESENTATION_CONTEXT(2) 
PARAMETRIC_REPRESENTATION_CONTEXT() REPRESENTATION_CONTEXT('2D SPACE',''
  ) );
#5119 = PCURVE('',#594,#5120);
#5120 = DEFINITIONAL_REPRESENTATION('',(#5121),#5125);
#5121 = LINE('',#5122,#5123);
#5122 = CARTESIAN_POINT('',(-1.479865165052,0.));
#5123 = VECTOR('',#5124,1.);
#5124 = DIRECTION('',(-0.,-1.));
#5125 = ( GEOMETRIC_REPRESENTATION_CONTEXT(2) 
PARAMETRIC_REPRESENTATION_CONTEXT() REPRESENTATION_CONTEXT('2D SPACE',''
  ) );
#5126 = ORIENTED_EDGE('',*,*,#2108,.T.);
#5127 = ORIENTED_EDGE('',*,*,#5083,.F.);
#5128 = ADVANCED_FACE('',(#5129),#594,.F.);
#5129 = FACE_BOUND('',#5130,.T.);
#5130 = EDGE_LOOP('',(#5131,#5132,#5133,#5134));
#5131 = ORIENTED_EDGE('',*,*,#577,.F.);
#5132 = ORIENTED_EDGE('',*,*,#5106,.T.);
#5133 = ORIENTED_EDGE('',*,*,#2084,.T.);
#5134 = ORIENTED_EDGE('',*,*,#2035,.T.);
#5135 = ADVANCED_FACE('',(#5136),#3614,.T.);
#5136 = FACE_BOUND('',#5137,.F.);
#5137 = EDGE_LOOP('',(#5138,#5139,#5162,#5189));
#5138 = ORIENTED_EDGE('',*,*,#3488,.F.);
#5139 = ORIENTED_EDGE('',*,*,#5140,.T.);
#5140 = EDGE_CURVE('',#3489,#5141,#5143,.T.);
#5141 = VERTEX_POINT('',#5142);
#5142 = CARTESIAN_POINT('',(117.25,20.258609280995,-20.25860928099));
#5143 = SEAM_CURVE('',#5144,(#5148,#5155),.PCURVE_S1.);
#5144 = LINE('',#5145,#5146);
#5145 = CARTESIAN_POINT('',(117.25,18.773685040503,-18.7736850405));
#5146 = VECTOR('',#5147,1.);
#5147 = DIRECTION('',(0.,0.707106781187,-0.707106781187));
#5148 = PCURVE('',#3614,#5149);
#5149 = DEFINITIONAL_REPRESENTATION('',(#5150),#5154);
#5150 = LINE('',#5151,#5152);
#5151 = CARTESIAN_POINT('',(-6.28318530718,0.));
#5152 = VECTOR('',#5153,1.);
#5153 = DIRECTION('',(-0.,-1.));
#5154 = ( GEOMETRIC_REPRESENTATION_CONTEXT(2) 
PARAMETRIC_REPRESENTATION_CONTEXT() REPRESENTATION_CONTEXT('2D SPACE',''
  ) );
#5155 = PCURVE('',#3614,#5156);
#5156 = DEFINITIONAL_REPRESENTATION('',(#5157),#5161);
#5157 = LINE('',#5158,#5159);
#5158 = CARTESIAN_POINT('',(-0.,0.));
#5159 = VECTOR('',#5160,1.);
#5160 = DIRECTION('',(-0.,-1.));
#5161 = ( GEOMETRIC_REPRESENTATION_CONTEXT(2) 
PARAMETRIC_REPRESENTATION_CONTEXT() REPRESENTATION_CONTEXT('2D SPACE',''
  ) );
#5162 = ORIENTED_EDGE('',*,*,#5163,.T.);
#5163 = EDGE_CURVE('',#5141,#5141,#5164,.T.);
#5164 = SURFACE_CURVE('',#5165,(#5170,#5177),.PCURVE_S1.);
#5165 = CIRCLE('',#5166,2.25);
#5166 = AXIS2_PLACEMENT_3D('',#5167,#5168,#5169);
#5167 = CARTESIAN_POINT('',(115.,20.258609280995,-20.25860928099));
#5168 = DIRECTION('',(0.,0.707106781187,-0.707106781187));
#5169 = DIRECTION('',(1.,0.,0.));
#5170 = PCURVE('',#3614,#5171);
#5171 = DEFINITIONAL_REPRESENTATION('',(#5172),#5176);
#5172 = LINE('',#5173,#5174);
#5173 = CARTESIAN_POINT('',(-0.,-2.1));
#5174 = VECTOR('',#5175,1.);
#5175 = DIRECTION('',(-1.,0.));
#5176 = ( GEOMETRIC_REPRESENTATION_CONTEXT(2) 
PARAMETRIC_REPRESENTATION_CONTEXT() REPRESENTATION_CONTEXT('2D SPACE',''
  ) );
#5177 = PCURVE('',#5178,#5183);
#5178 = PLANE('',#5179);
#5179 = AXIS2_PLACEMENT_3D('',#5180,#5181,#5182);
#5180 = CARTESIAN_POINT('',(115.,20.258609280995,-20.25860928099));
#5181 = DIRECTION('',(0.,0.707106781187,-0.707106781187));
#5182 = DIRECTION('',(0.,0.707106781187,0.707106781187));
#5183 = DEFINITIONAL_REPRESENTATION('',(#5184),#5188);
#5184 = CIRCLE('',#5185,2.25);
#5185 = AXIS2_PLACEMENT_2D('',#5186,#5187);
#5186 = CARTESIAN_POINT('',(-5.024295867788E-15,0.));
#5187 = DIRECTION('',(0.,1.));
#5188 = ( GEOMETRIC_REPRESENTATION_CONTEXT(2) 
PARAMETRIC_REPRESENTATION_CONTEXT() REPRESENTATION_CONTEXT('2D SPACE',''
  ) );
#5189 = ORIENTED_EDGE('',*,*,#5140,.F.);
#5190 = ADVANCED_FACE('',(#5191),#3419,.T.);
#5191 = FACE_BOUND('',#5192,.F.);
#5192 = EDGE_LOOP('',(#5193,#5194,#5217,#5244));
#5193 = ORIENTED_EDGE('',*,*,#3293,.F.);
#5194 = ORIENTED_EDGE('',*,*,#5195,.T.);
#5195 = EDGE_CURVE('',#3294,#5196,#5198,.T.);
#5196 = VERTEX_POINT('',#5197);
#5197 = CARTESIAN_POINT('',(37.25,20.258609280995,-20.25860928099));
#5198 = SEAM_CURVE('',#5199,(#5203,#5210),.PCURVE_S1.);
#5199 = LINE('',#5200,#5201);
#5200 = CARTESIAN_POINT('',(37.25,18.773685040503,-18.7736850405));
#5201 = VECTOR('',#5202,1.);
#5202 = DIRECTION('',(0.,0.707106781187,-0.707106781187));
#5203 = PCURVE('',#3419,#5204);
#5204 = DEFINITIONAL_REPRESENTATION('',(#5205),#5209);
#5205 = LINE('',#5206,#5207);
#5206 = CARTESIAN_POINT('',(-6.28318530718,0.));
#5207 = VECTOR('',#5208,1.);
#5208 = DIRECTION('',(-0.,-1.));
#5209 = ( GEOMETRIC_REPRESENTATION_CONTEXT(2) 
PARAMETRIC_REPRESENTATION_CONTEXT() REPRESENTATION_CONTEXT('2D SPACE',''
  ) );
#5210 = PCURVE('',#3419,#5211);
#5211 = DEFINITIONAL_REPRESENTATION('',(#5212),#5216);
#5212 = LINE('',#5213,#5214);
#5213 = CARTESIAN_POINT('',(-0.,0.));
#5214 = VECTOR('',#5215,1.);
#5215 = DIRECTION('',(-0.,-1.));
#5216 = ( GEOMETRIC_REPRESENTATION_CONTEXT(2) 
PARAMETRIC_REPRESENTATION_CONTEXT() REPRESENTATION_CONTEXT('2D SPACE',''
  ) );
#5217 = ORIENTED_EDGE('',*,*,#5218,.T.);
#5218 = EDGE_CURVE('',#5196,#5196,#5219,.T.);
#5219 = SURFACE_CURVE('',#5220,(#5225,#5232),.PCURVE_S1.);
#5220 = CIRCLE('',#5221,2.25);
#5221 = AXIS2_PLACEMENT_3D('',#5222,#5223,#5224);
#5222 = CARTESIAN_POINT('',(35.,20.258609280995,-20.25860928099));
#5223 = DIRECTION('',(0.,0.707106781187,-0.707106781187));
#5224 = DIRECTION('',(1.,0.,0.));
#5225 = PCURVE('',#3419,#5226);
#5226 = DEFINITIONAL_REPRESENTATION('',(#5227),#5231);
#5227 = LINE('',#5228,#5229);
#5228 = CARTESIAN_POINT('',(-0.,-2.1));
#5229 = VECTOR('',#5230,1.);
#5230 = DIRECTION('',(-1.,0.));
#5231 = ( GEOMETRIC_REPRESENTATION_CONTEXT(2) 
PARAMETRIC_REPRESENTATION_CONTEXT() REPRESENTATION_CONTEXT('2D SPACE',''
  ) );
#5232 = PCURVE('',#5233,#5238);
#5233 = PLANE('',#5234);
#5234 = AXIS2_PLACEMENT_3D('',#5235,#5236,#5237);
#5235 = CARTESIAN_POINT('',(35.,20.258609280995,-20.25860928099));
#5236 = DIRECTION('',(0.,0.707106781187,-0.707106781187));
#5237 = DIRECTION('',(0.,0.707106781187,0.707106781187));
#5238 = DEFINITIONAL_REPRESENTATION('',(#5239),#5243);
#5239 = CIRCLE('',#5240,2.25);
#5240 = AXIS2_PLACEMENT_2D('',#5241,#5242);
#5241 = CARTESIAN_POINT('',(-5.024295867788E-15,0.));
#5242 = DIRECTION('',(0.,1.));
#5243 = ( GEOMETRIC_REPRESENTATION_CONTEXT(2) 
PARAMETRIC_REPRESENTATION_CONTEXT() REPRESENTATION_CONTEXT('2D SPACE',''
  ) );
#5244 = ORIENTED_EDGE('',*,*,#5195,.F.);
#5245 = ADVANCED_FACE('',(#5246),#3723,.T.);
#5246 = FACE_BOUND('',#5247,.T.);
#5247 = EDGE_LOOP('',(#5248));
#5248 = ORIENTED_EDGE('',*,*,#3708,.T.);
#5249 = ADVANCED_FACE('',(#5250),#3778,.T.);
#5250 = FACE_BOUND('',#5251,.T.);
#5251 = EDGE_LOOP('',(#5252));
#5252 = ORIENTED_EDGE('',*,*,#3763,.T.);
#5253 = ADVANCED_FACE('',(#5254),#5178,.T.);
#5254 = FACE_BOUND('',#5255,.T.);
#5255 = EDGE_LOOP('',(#5256));
#5256 = ORIENTED_EDGE('',*,*,#5163,.T.);
#5257 = ADVANCED_FACE('',(#5258),#5233,.T.);
#5258 = FACE_BOUND('',#5259,.T.);
#5259 = EDGE_LOOP('',(#5260));
#5260 = ORIENTED_EDGE('',*,*,#5218,.T.);
#5261 = ( GEOMETRIC_REPRESENTATION_CONTEXT(3) 
GLOBAL_UNCERTAINTY_ASSIGNED_CONTEXT((#5265)) 
GLOBAL_UNIT_ASSIGNED_CONTEXT((#5262,#5263,#5264)) REPRESENTATION_CONTEXT
('Context #1','3D Context with UNIT and UNCERTAINTY') );
#5262 = ( LENGTH_UNIT() NAMED_UNIT(*) SI_UNIT(.MILLI.,.METRE.) );
#5263 = ( NAMED_UNIT(*) PLANE_ANGLE_UNIT() SI_UNIT($,.RADIAN.) );
#5264 = ( NAMED_UNIT(*) SI_UNIT($,.STERADIAN.) SOLID_ANGLE_UNIT() );
#5265 = UNCERTAINTY_MEASURE_WITH_UNIT(LENGTH_MEASURE(1.E-07),#5262,
  'distance_accuracy_value','confusion accuracy');
#5266 = PRODUCT_RELATED_PRODUCT_CATEGORY('part',$,(#7));
ENDSEC;
END-ISO-10303-21;
