ISO-10303-21;
HEADER;
FILE_DESCRIPTION(('Open CASCADE Model'),'2;1');
FILE_NAME('Open CASCADE Shape Model','2026-10-01T13:56:49',('Author'),(
    'Open CASCADE'),'Open CASCADE STEP processor 7.8','Open CASCADE 7.8'
  ,'Unknown');
FILE_SCHEMA(('AUTOMOTIVE_DESIGN { 1 0 10303 214 1 1 1 1 }'));
ENDSEC;
DATA;
#1 = APPLICATION_PROTOCOL_DEFINITION('international standard',
  'automotive_design',2000,#2);
#2 = APPLICATION_CONTEXT(
  'core data for automotive mechanical design processes');
#3 = SHAPE_DEFINITION_REPRESENTATION(#4,#10);
#4 = PRODUCT_DEFINITION_SHAPE('','',#5);
#5 = PRODUCT_DEFINITION('design','',#6,#9);
#6 = PRODUCT_DEFINITION_FORMATION('','',#7);
#7 = PRODUCT('Open CASCADE STEP translator 7.8 15',
  'Open CASCADE STEP translator 7.8 15','',(#8));
#8 = PRODUCT_CONTEXT('',#2,'mechanical');
#9 = PRODUCT_DEFINITION_CONTEXT('part definition',#2,'design');
#10 = ADVANCED_BREP_SHAPE_REPRESENTATION('',(#11,#15),#5837);
#11 = AXIS2_PLACEMENT_3D('',#12,#13,#14);
#12 = CARTESIAN_POINT('',(0.,0.,0.));
#13 = DIRECTION('',(0.,0.,1.));
#14 = DIRECTION('',(1.,0.,-0.));
#15 = MANIFOLD_SOLID_BREP('',#16);
#16 = CLOSED_SHELL('',(#17,#769,#2259,#2308,#3525,#4124,#4180,#4236,
    #4291,#4346,#4373,#4400,#4427,#4454,#4481,#4508,#4535,#4562,#4589,
    #4616,#4643,#4670,#4697,#4724,#4751,#4778,#4805,#4832,#4859,#4886,
    #4913,#4940,#4967,#4994,#5021,#5048,#5075,#5102,#5129,#5156,#5183,
    #5210,#5237,#5264,#5291,#5318,#5345,#5372,#5399,#5426,#5453,#5480,
    #5507,#5534,#5561,#5588,#5615,#5642,#5669,#5696,#5703,#5758,#5813,
    #5817,#5821,#5825,#5829,#5833));
#17 = ADVANCED_FACE('',(#18,#379,#574),#33,.T.);
#18 = FACE_BOUND('',#19,.F.);
#19 = EDGE_LOOP('',(#20,#56,#84,#181,#204,#301,#324,#353));
#20 = ORIENTED_EDGE('',*,*,#21,.F.);
#21 = EDGE_CURVE('',#22,#24,#26,.T.);
#22 = VERTEX_POINT('',#23);
#23 = CARTESIAN_POINT('',(26.8500001,26.8500001,1.00000002945E-07));
#24 = VERTEX_POINT('',#25);
#25 = CARTESIAN_POINT('',(1.000000011686E-07,1.000000065764E-07,
    1.000000058315E-07));
#26 = SURFACE_CURVE('',#27,(#32,#44),.PCURVE_S1.);
#27 = CIRCLE('',#28,26.85);
#28 = AXIS2_PLACEMENT_3D('',#29,#30,#31);
#29 = CARTESIAN_POINT('',(26.8500001,1.000000049323E-07,
    1.00000002945E-07));
#30 = DIRECTION('',(1.110223024625E-16,-0.,1.));
#31 = DIRECTION('',(0.,1.,0.));
#32 = PCURVE('',#33,#38);
#33 = CYLINDRICAL_SURFACE('',#34,26.85);
#34 = AXIS2_PLACEMENT_3D('',#35,#36,#37);
#35 = CARTESIAN_POINT('',(26.8500001,1.000000049323E-07,
    1.00000002945E-07));
#36 = DIRECTION('',(-1.110223024625E-16,-0.,-1.));
#37 = DIRECTION('',(0.,1.,0.));
#38 = DEFINITIONAL_REPRESENTATION('',(#39),#43);
#39 = LINE('',#40,#41);
#40 = CARTESIAN_POINT('',(-0.,0.));
#41 = VECTOR('',#42,1.);
#42 = DIRECTION('',(-1.,0.));
#43 = ( GEOMETRIC_REPRESENTATION_CONTEXT(2) 
PARAMETRIC_REPRESENTATION_CONTEXT() REPRESENTATION_CONTEXT('2D SPACE',''
  ) );
#44 = PCURVE('',#45,#50);
#45 = PLANE('',#46);
#46 = AXIS2_PLACEMENT_3D('',#47,#48,#49);
#47 = CARTESIAN_POINT('',(26.8500001,1.000000041174E-07,
    1.00000002945E-07));
#48 = DIRECTION('',(1.110223024625E-16,0.,1.));
#49 = DIRECTION('',(0.,1.,0.));
#50 = DEFINITIONAL_REPRESENTATION('',(#51),#55);
#51 = CIRCLE('',#52,26.85);
#52 = AXIS2_PLACEMENT_2D('',#53,#54);
#53 = CARTESIAN_POINT('',(8.148619079986E-16,0.));
#54 = DIRECTION('',(1.,0.));
#55 = ( GEOMETRIC_REPRESENTATION_CONTEXT(2) 
PARAMETRIC_REPRESENTATION_CONTEXT() REPRESENTATION_CONTEXT('2D SPACE',''
  ) );
#56 = ORIENTED_EDGE('',*,*,#57,.T.);
#57 = EDGE_CURVE('',#22,#58,#60,.T.);
#58 = VERTEX_POINT('',#59);
#59 = CARTESIAN_POINT('',(26.8500001,26.8500001,31.7500001));
#60 = SURFACE_CURVE('',#61,(#65,#72),.PCURVE_S1.);
#61 = LINE('',#62,#63);
#62 = CARTESIAN_POINT('',(26.8500001,26.8500001,1.00000002945E-07));
#63 = VECTOR('',#64,1.);
#64 = DIRECTION('',(1.110223024625E-16,0.,1.));
#65 = PCURVE('',#33,#66);
#66 = DEFINITIONAL_REPRESENTATION('',(#67),#71);
#67 = LINE('',#68,#69);
#68 = CARTESIAN_POINT('',(-0.,0.));
#69 = VECTOR('',#70,1.);
#70 = DIRECTION('',(-0.,-1.));
#71 = ( GEOMETRIC_REPRESENTATION_CONTEXT(2) 
PARAMETRIC_REPRESENTATION_CONTEXT() REPRESENTATION_CONTEXT('2D SPACE',''
  ) );
#72 = PCURVE('',#73,#78);
#73 = CYLINDRICAL_SURFACE('',#74,26.85);
#74 = AXIS2_PLACEMENT_3D('',#75,#76,#77);
#75 = CARTESIAN_POINT('',(26.8500001,1.000000049323E-07,
    1.00000002945E-07));
#76 = DIRECTION('',(-1.110223024625E-16,-0.,-1.));
#77 = DIRECTION('',(0.,1.,0.));
#78 = DEFINITIONAL_REPRESENTATION('',(#79),#83);
#79 = LINE('',#80,#81);
#80 = CARTESIAN_POINT('',(-6.28318530718,0.));
#81 = VECTOR('',#82,1.);
#82 = DIRECTION('',(-0.,-1.));
#83 = ( GEOMETRIC_REPRESENTATION_CONTEXT(2) 
PARAMETRIC_REPRESENTATION_CONTEXT() REPRESENTATION_CONTEXT('2D SPACE',''
  ) );
#84 = ORIENTED_EDGE('',*,*,#85,.T.);
#85 = EDGE_CURVE('',#58,#86,#88,.T.);
#86 = VERTEX_POINT('',#87);
#87 = CARTESIAN_POINT('',(26.8500001,26.8500001,36.2500001));
#88 = SURFACE_CURVE('',#89,(#116,#146),.PCURVE_S1.);
#89 = B_SPLINE_CURVE_WITH_KNOTS('',7,(#90,#91,#92,#93,#94,#95,#96,#97,
    #98,#99,#100,#101,#102,#103,#104,#105,#106,#107,#108,#109,#110,#111,
    #112,#113,#114,#115),.UNSPECIFIED.,.F.,.F.,(8,6,6,6,8),(0.,
    0.244877400307,0.500041288784,0.755211391994,1.),.UNSPECIFIED.);
#90 = CARTESIAN_POINT('',(26.8500001,26.8500001,31.7500001));
#91 = CARTESIAN_POINT('',(26.550672897542,26.8500001,31.7500001));
#92 = CARTESIAN_POINT('',(26.259493214905,26.846106972715,
    31.796457208302));
#93 = CARTESIAN_POINT('',(25.984865520093,26.83870246928,31.884822485638
    ));
#94 = CARTESIAN_POINT('',(25.733742238119,26.828803695928,
    32.008934126261));
#95 = CARTESIAN_POINT('',(25.51136409996,26.81779287501,32.161103547756)
  );
#96 = CARTESIAN_POINT('',(25.32076383201,26.806886578738,32.332249973121
    ));
#97 = CARTESIAN_POINT('',(24.997077921938,26.786499862095,
    32.699399569189));
#98 = CARTESIAN_POINT('',(24.862220030464,26.776813582886,
    32.901277272095));
#99 = CARTESIAN_POINT('',(24.756281641287,26.768542390549,
    33.112820313991));
#100 = CARTESIAN_POINT('',(24.677890123649,26.762110489703,
    33.330686434015));
#101 = CARTESIAN_POINT('',(24.625987351143,26.757745638607,
    33.552434376791));
#102 = CARTESIAN_POINT('',(24.6000001,26.755560269804,33.776126539421));
#103 = CARTESIAN_POINT('',(24.6000001,26.755560269804,34.22387911321));
#104 = CARTESIAN_POINT('',(24.625988628329,26.757745746912,
    34.447567019666));
#105 = CARTESIAN_POINT('',(24.677889861537,26.762110465465,
    34.669310510951));
#106 = CARTESIAN_POINT('',(24.756279763231,26.768542221647,
    34.887177132782));
#107 = CARTESIAN_POINT('',(24.862219667133,26.77681360264,
    35.098724241218));
#108 = CARTESIAN_POINT('',(24.997080838312,26.786500045777,
    35.300603938788));
#109 = CARTESIAN_POINT('',(25.320699698159,26.806882539394,
    35.667677481305));
#110 = CARTESIAN_POINT('',(25.511304454836,26.817790006428,
    35.838865501094));
#111 = CARTESIAN_POINT('',(25.733748675089,26.828805378602,
    35.991097767619));
#112 = CARTESIAN_POINT('',(25.984963400989,26.838707664345,
    36.115239556931));
#113 = CARTESIAN_POINT('',(26.259654422163,26.846110611709,
    36.203586446169));
#114 = CARTESIAN_POINT('',(26.550812899846,26.8500001,36.2500001));
#115 = CARTESIAN_POINT('',(26.8500001,26.8500001,36.2500001));
#116 = PCURVE('',#33,#117);
#117 = DEFINITIONAL_REPRESENTATION('',(#118),#145);
#118 = B_SPLINE_CURVE_WITH_KNOTS('',7,(#119,#120,#121,#122,#123,#124,
    #125,#126,#127,#128,#129,#130,#131,#132,#133,#134,#135,#136,#137,
    #138,#139,#140,#141,#142,#143,#144),.UNSPECIFIED.,.F.,.F.,(8,6,6,6,8
    ),(0.,0.244877400307,0.500041288784,0.755211391994,1.),
  .UNSPECIFIED.);
#119 = CARTESIAN_POINT('',(0.,-31.75));
#120 = CARTESIAN_POINT('',(-1.114812672095E-02,-31.75));
#121 = CARTESIAN_POINT('',(-2.199281020602E-02,-31.7964571083));
#122 = CARTESIAN_POINT('',(-3.222327825785E-02,-31.88482238563));
#123 = CARTESIAN_POINT('',(-4.158237903763E-02,-32.00893402626));
#124 = CARTESIAN_POINT('',(-4.987436701307E-02,-32.16110344775));
#125 = CARTESIAN_POINT('',(-5.698456592863E-02,-32.33224987312));
#126 = CARTESIAN_POINT('',(-6.906379435131E-02,-32.69939946918));
#127 = CARTESIAN_POINT('',(-7.409917874015E-02,-32.90127717209));
#128 = CARTESIAN_POINT('',(-7.805668570418E-02,-33.11282021399));
#129 = CARTESIAN_POINT('',(-8.098609769082E-02,-33.33068633401));
#130 = CARTESIAN_POINT('',(-8.29259861237E-02,-33.55243427679));
#131 = CARTESIAN_POINT('',(-8.38972700608E-02,-33.77612643942));
#132 = CARTESIAN_POINT('',(-8.38972700608E-02,-34.22387901321));
#133 = CARTESIAN_POINT('',(-8.292593837969E-02,-34.44756691966));
#134 = CARTESIAN_POINT('',(-8.098610750824E-02,-34.66931041095));
#135 = CARTESIAN_POINT('',(-7.805675590699E-02,-34.88717703278));
#136 = CARTESIAN_POINT('',(-7.409919219445E-02,-35.09872414121));
#137 = CARTESIAN_POINT('',(-6.90636855188E-02,-35.30060383878));
#138 = CARTESIAN_POINT('',(-5.698695925935E-02,-35.6676773813));
#139 = CARTESIAN_POINT('',(-4.987659082707E-02,-35.83886540109));
#140 = CARTESIAN_POINT('',(-4.158213594447E-02,-35.99109766761));
#141 = CARTESIAN_POINT('',(-3.221962933697E-02,-36.11523945693));
#142 = CARTESIAN_POINT('',(-2.198680625988E-02,-36.20358634616));
#143 = CARTESIAN_POINT('',(-1.114291248246E-02,-36.25));
#144 = CARTESIAN_POINT('',(0.,-36.25));
#145 = ( GEOMETRIC_REPRESENTATION_CONTEXT(2) 
PARAMETRIC_REPRESENTATION_CONTEXT() REPRESENTATION_CONTEXT('2D SPACE',''
  ) );
#146 = PCURVE('',#147,#152);
#147 = CYLINDRICAL_SURFACE('',#148,2.25);
#148 = AXIS2_PLACEMENT_3D('',#149,#150,#151);
#149 = CARTESIAN_POINT('',(26.8500001,26.5500001,34.0000001));
#150 = DIRECTION('',(0.,-1.,0.));
#151 = DIRECTION('',(1.110223024625E-16,0.,1.));
#152 = DEFINITIONAL_REPRESENTATION('',(#153),#180);
#153 = B_SPLINE_CURVE_WITH_KNOTS('',7,(#154,#155,#156,#157,#158,#159,
    #160,#161,#162,#163,#164,#165,#166,#167,#168,#169,#170,#171,#172,
    #173,#174,#175,#176,#177,#178,#179),.UNSPECIFIED.,.F.,.F.,(8,6,6,6,8
    ),(0.,0.244877400307,0.500041288784,0.755211391994,1.),
  .UNSPECIFIED.);
#154 = CARTESIAN_POINT('',(-3.14159265359,-0.3));
#155 = CARTESIAN_POINT('',(-3.274626965793,-0.3));
#156 = CARTESIAN_POINT('',(-3.404040062682,-0.296106872715));
#157 = CARTESIAN_POINT('',(-3.529942752403,-0.28870236928));
#158 = CARTESIAN_POINT('',(-3.652148002555,-0.278803595928));
#159 = CARTESIAN_POINT('',(-3.770213358568,-0.26779277501));
#160 = CARTESIAN_POINT('',(-3.883291228884,-0.256886478738));
#161 = CARTESIAN_POINT('',(-4.100829144079,-0.236499762095));
#162 = CARTESIAN_POINT('',(-4.207768751566,-0.226813482886));
#163 = CARTESIAN_POINT('',(-4.311663875758,-0.218542290549));
#164 = CARTESIAN_POINT('',(-4.413306649439,-0.212110389703));
#165 = CARTESIAN_POINT('',(-4.513471069246,-0.207745538607));
#166 = CARTESIAN_POINT('',(-4.612889620127,-0.205560169804));
#167 = CARTESIAN_POINT('',(-4.811890764034,-0.205560169804));
#168 = CARTESIAN_POINT('',(-4.911307429436,-0.207745646912));
#169 = CARTESIAN_POINT('',(-5.011469971072,-0.212110365464));
#170 = CARTESIAN_POINT('',(-5.113112724159,-0.218542121647));
#171 = CARTESIAN_POINT('',(-5.217009542353,-0.22681350264));
#172 = CARTESIAN_POINT('',(-5.323950776683,-0.236499945777));
#173 = CARTESIAN_POINT('',(-5.541443629781,-0.256882439394));
#174 = CARTESIAN_POINT('',(-5.654536699919,-0.267789906428));
#175 = CARTESIAN_POINT('',(-5.772639954962,-0.278805278602));
#176 = CARTESIAN_POINT('',(-5.894884039136,-0.288707564345));
#177 = CARTESIAN_POINT('',(-6.020809558701,-0.296110511709));
#178 = CARTESIAN_POINT('',(-6.150213218222,-0.3));
#179 = CARTESIAN_POINT('',(-6.28318530718,-0.3));
#180 = ( GEOMETRIC_REPRESENTATION_CONTEXT(2) 
PARAMETRIC_REPRESENTATION_CONTEXT() REPRESENTATION_CONTEXT('2D SPACE',''
  ) );
#181 = ORIENTED_EDGE('',*,*,#182,.T.);
#182 = EDGE_CURVE('',#86,#183,#185,.T.);
#183 = VERTEX_POINT('',#184);
#184 = CARTESIAN_POINT('',(26.8500001,26.8500001,111.7500001));
#185 = SURFACE_CURVE('',#186,(#190,#197),.PCURVE_S1.);
#186 = LINE('',#187,#188);
#187 = CARTESIAN_POINT('',(26.8500001,26.8500001,1.00000002945E-07));
#188 = VECTOR('',#189,1.);
#189 = DIRECTION('',(1.110223024625E-16,0.,1.));
#190 = PCURVE('',#33,#191);
#191 = DEFINITIONAL_REPRESENTATION('',(#192),#196);
#192 = LINE('',#193,#194);
#193 = CARTESIAN_POINT('',(-0.,0.));
#194 = VECTOR('',#195,1.);
#195 = DIRECTION('',(-0.,-1.));
#196 = ( GEOMETRIC_REPRESENTATION_CONTEXT(2) 
PARAMETRIC_REPRESENTATION_CONTEXT() REPRESENTATION_CONTEXT('2D SPACE',''
  ) );
#197 = PCURVE('',#73,#198);
#198 = DEFINITIONAL_REPRESENTATION('',(#199),#203);
#199 = LINE('',#200,#201);
#200 = CARTESIAN_POINT('',(-6.28318530718,0.));
#201 = VECTOR('',#202,1.);
#202 = DIRECTION('',(-0.,-1.));
#203 = ( GEOMETRIC_REPRESENTATION_CONTEXT(2) 
PARAMETRIC_REPRESENTATION_CONTEXT() REPRESENTATION_CONTEXT('2D SPACE',''
  ) );
#204 = ORIENTED_EDGE('',*,*,#205,.T.);
#205 = EDGE_CURVE('',#183,#206,#208,.T.);
#206 = VERTEX_POINT('',#207);
#207 = CARTESIAN_POINT('',(26.8500001,26.8500001,116.2500001));
#208 = SURFACE_CURVE('',#209,(#236,#266),.PCURVE_S1.);
#209 = B_SPLINE_CURVE_WITH_KNOTS('',7,(#210,#211,#212,#213,#214,#215,
    #216,#217,#218,#219,#220,#221,#222,#223,#224,#225,#226,#227,#228,
    #229,#230,#231,#232,#233,#234,#235),.UNSPECIFIED.,.F.,.F.,(8,6,6,6,8
    ),(0.,0.244877399755,0.500041287656,0.75521139029,1.),
  .UNSPECIFIED.);
#210 = CARTESIAN_POINT('',(26.8500001,26.8500001,111.7500001));
#211 = CARTESIAN_POINT('',(26.550672897542,26.8500001,111.7500001));
#212 = CARTESIAN_POINT('',(26.259493214905,26.846106972715,
    111.7964572083));
#213 = CARTESIAN_POINT('',(25.984865520093,26.83870246928,
    111.88482248563));
#214 = CARTESIAN_POINT('',(25.733742238118,26.828803695928,
    112.00893412626));
#215 = CARTESIAN_POINT('',(25.51136409996,26.81779287501,112.16110354775
    ));
#216 = CARTESIAN_POINT('',(25.32076383201,26.806886578738,
    112.33224997312));
#217 = CARTESIAN_POINT('',(24.997077921938,26.786499862095,
    112.69939956918));
#218 = CARTESIAN_POINT('',(24.862220030464,26.776813582886,
    112.90127727209));
#219 = CARTESIAN_POINT('',(24.756281641287,26.768542390549,
    113.11282031399));
#220 = CARTESIAN_POINT('',(24.677890123649,26.762110489703,
    113.33068643401));
#221 = CARTESIAN_POINT('',(24.625987351143,26.757745638607,
    113.55243437679));
#222 = CARTESIAN_POINT('',(24.6000001,26.755560269804,113.77612653942));
#223 = CARTESIAN_POINT('',(24.6000001,26.755560269804,114.22387911321));
#224 = CARTESIAN_POINT('',(24.625988628329,26.757745746912,
    114.44756701966));
#225 = CARTESIAN_POINT('',(24.677889861537,26.762110465464,
    114.66931051094));
#226 = CARTESIAN_POINT('',(24.756279763231,26.768542221647,
    114.88717713278));
#227 = CARTESIAN_POINT('',(24.862219667133,26.77681360264,
    115.09872424121));
#228 = CARTESIAN_POINT('',(24.997080838312,26.786500045777,
    115.30060393878));
#229 = CARTESIAN_POINT('',(25.32069969962,26.806882539486,
    115.66767748296));
#230 = CARTESIAN_POINT('',(25.511304451673,26.817790006159,
    115.83886549642));
#231 = CARTESIAN_POINT('',(25.73374867544,26.828805378919,
    115.99109777307));
#232 = CARTESIAN_POINT('',(25.984963406801,26.83870766418,
    116.11523955396));
#233 = CARTESIAN_POINT('',(26.259654415046,26.846110611739,
    116.20358644677));
#234 = CARTESIAN_POINT('',(26.55081290284,26.8500001,116.2500001));
#235 = CARTESIAN_POINT('',(26.8500001,26.8500001,116.2500001));
#236 = PCURVE('',#33,#237);
#237 = DEFINITIONAL_REPRESENTATION('',(#238),#265);
#238 = B_SPLINE_CURVE_WITH_KNOTS('',7,(#239,#240,#241,#242,#243,#244,
    #245,#246,#247,#248,#249,#250,#251,#252,#253,#254,#255,#256,#257,
    #258,#259,#260,#261,#262,#263,#264),.UNSPECIFIED.,.F.,.F.,(8,6,6,6,8
    ),(0.,0.244877399755,0.500041287656,0.75521139029,1.),
  .UNSPECIFIED.);
#239 = CARTESIAN_POINT('',(0.,-111.75));
#240 = CARTESIAN_POINT('',(-1.114812672096E-02,-111.75));
#241 = CARTESIAN_POINT('',(-2.199281020602E-02,-111.7964571083));
#242 = CARTESIAN_POINT('',(-3.222327825784E-02,-111.8848223856));
#243 = CARTESIAN_POINT('',(-4.158237903765E-02,-112.0089340262));
#244 = CARTESIAN_POINT('',(-4.987436701306E-02,-112.1611034477));
#245 = CARTESIAN_POINT('',(-5.698456592863E-02,-112.3322498731));
#246 = CARTESIAN_POINT('',(-6.906379435131E-02,-112.6993994691));
#247 = CARTESIAN_POINT('',(-7.409917874014E-02,-112.901277172));
#248 = CARTESIAN_POINT('',(-7.805668570419E-02,-113.1128202139));
#249 = CARTESIAN_POINT('',(-8.098609769081E-02,-113.330686334));
#250 = CARTESIAN_POINT('',(-8.29259861237E-02,-113.5524342767));
#251 = CARTESIAN_POINT('',(-8.38972700608E-02,-113.7761264394));
#252 = CARTESIAN_POINT('',(-8.38972700608E-02,-114.2238790132));
#253 = CARTESIAN_POINT('',(-8.292593837969E-02,-114.4475669196));
#254 = CARTESIAN_POINT('',(-8.098610750824E-02,-114.6693104109));
#255 = CARTESIAN_POINT('',(-7.805675590698E-02,-114.8871770327));
#256 = CARTESIAN_POINT('',(-7.409919219446E-02,-115.0987241412));
#257 = CARTESIAN_POINT('',(-6.90636855188E-02,-115.3006038387));
#258 = CARTESIAN_POINT('',(-5.698695920485E-02,-115.6676773829));
#259 = CARTESIAN_POINT('',(-4.987659094515E-02,-115.8388653964));
#260 = CARTESIAN_POINT('',(-4.158213593105E-02,-115.991097673));
#261 = CARTESIAN_POINT('',(-3.221962912069E-02,-116.1152394539));
#262 = CARTESIAN_POINT('',(-2.198680652489E-02,-116.2035863467));
#263 = CARTESIAN_POINT('',(-1.114291237096E-02,-116.25));
#264 = CARTESIAN_POINT('',(0.,-116.25));
#265 = ( GEOMETRIC_REPRESENTATION_CONTEXT(2) 
PARAMETRIC_REPRESENTATION_CONTEXT() REPRESENTATION_CONTEXT('2D SPACE',''
  ) );
#266 = PCURVE('',#267,#272);
#267 = CYLINDRICAL_SURFACE('',#268,2.25);
#268 = AXIS2_PLACEMENT_3D('',#269,#270,#271);
#269 = CARTESIAN_POINT('',(26.8500001,26.5500001,114.0000001));
#270 = DIRECTION('',(0.,-1.,0.));
#271 = DIRECTION('',(1.110223024625E-16,0.,1.));
#272 = DEFINITIONAL_REPRESENTATION('',(#273),#300);
#273 = B_SPLINE_CURVE_WITH_KNOTS('',7,(#274,#275,#276,#277,#278,#279,
    #280,#281,#282,#283,#284,#285,#286,#287,#288,#289,#290,#291,#292,
    #293,#294,#295,#296,#297,#298,#299),.UNSPECIFIED.,.F.,.F.,(8,6,6,6,8
    ),(0.,0.244877399755,0.500041287656,0.75521139029,1.),
  .UNSPECIFIED.);
#274 = CARTESIAN_POINT('',(-3.14159265359,-0.3));
#275 = CARTESIAN_POINT('',(-3.274626965793,-0.3));
#276 = CARTESIAN_POINT('',(-3.404040062682,-0.296106872715));
#277 = CARTESIAN_POINT('',(-3.529942752402,-0.28870236928));
#278 = CARTESIAN_POINT('',(-3.652148002556,-0.278803595928));
#279 = CARTESIAN_POINT('',(-3.770213358568,-0.26779277501));
#280 = CARTESIAN_POINT('',(-3.883291228884,-0.256886478738));
#281 = CARTESIAN_POINT('',(-4.100829144079,-0.236499762095));
#282 = CARTESIAN_POINT('',(-4.207768751565,-0.226813482886));
#283 = CARTESIAN_POINT('',(-4.311663875759,-0.218542290549));
#284 = CARTESIAN_POINT('',(-4.413306649439,-0.212110389703));
#285 = CARTESIAN_POINT('',(-4.513471069247,-0.207745538607));
#286 = CARTESIAN_POINT('',(-4.612889620127,-0.205560169804));
#287 = CARTESIAN_POINT('',(-4.811890764034,-0.205560169804));
#288 = CARTESIAN_POINT('',(-4.911307429436,-0.207745646912));
#289 = CARTESIAN_POINT('',(-5.011469971071,-0.212110365464));
#290 = CARTESIAN_POINT('',(-5.11311272416,-0.218542121647));
#291 = CARTESIAN_POINT('',(-5.217009542352,-0.22681350264));
#292 = CARTESIAN_POINT('',(-5.323950776683,-0.236499945777));
#293 = CARTESIAN_POINT('',(-5.541443630762,-0.256882439486));
#294 = CARTESIAN_POINT('',(-5.654536697628,-0.267789906159));
#295 = CARTESIAN_POINT('',(-5.772639956138,-0.278805278919));
#296 = CARTESIAN_POINT('',(-5.894884041135,-0.28870756418));
#297 = CARTESIAN_POINT('',(-6.020809555681,-0.296110511739));
#298 = CARTESIAN_POINT('',(-6.150213219553,-0.3));
#299 = CARTESIAN_POINT('',(-6.28318530718,-0.3));
#300 = ( GEOMETRIC_REPRESENTATION_CONTEXT(2) 
PARAMETRIC_REPRESENTATION_CONTEXT() REPRESENTATION_CONTEXT('2D SPACE',''
  ) );
#301 = ORIENTED_EDGE('',*,*,#302,.T.);
#302 = EDGE_CURVE('',#206,#303,#305,.T.);
#303 = VERTEX_POINT('',#304);
#304 = CARTESIAN_POINT('',(26.8500001,26.8500001,146.5000001));
#305 = SURFACE_CURVE('',#306,(#310,#317),.PCURVE_S1.);
#306 = LINE('',#307,#308);
#307 = CARTESIAN_POINT('',(26.8500001,26.8500001,1.00000002945E-07));
#308 = VECTOR('',#309,1.);
#309 = DIRECTION('',(1.110223024625E-16,0.,1.));
#310 = PCURVE('',#33,#311);
#311 = DEFINITIONAL_REPRESENTATION('',(#312),#316);
#312 = LINE('',#313,#314);
#313 = CARTESIAN_POINT('',(-0.,0.));
#314 = VECTOR('',#315,1.);
#315 = DIRECTION('',(-0.,-1.));
#316 = ( GEOMETRIC_REPRESENTATION_CONTEXT(2) 
PARAMETRIC_REPRESENTATION_CONTEXT() REPRESENTATION_CONTEXT('2D SPACE',''
  ) );
#317 = PCURVE('',#73,#318);
#318 = DEFINITIONAL_REPRESENTATION('',(#319),#323);
#319 = LINE('',#320,#321);
#320 = CARTESIAN_POINT('',(-6.28318530718,0.));
#321 = VECTOR('',#322,1.);
#322 = DIRECTION('',(-0.,-1.));
#323 = ( GEOMETRIC_REPRESENTATION_CONTEXT(2) 
PARAMETRIC_REPRESENTATION_CONTEXT() REPRESENTATION_CONTEXT('2D SPACE',''
  ) );
#324 = ORIENTED_EDGE('',*,*,#325,.T.);
#325 = EDGE_CURVE('',#303,#326,#328,.T.);
#326 = VERTEX_POINT('',#327);
#327 = CARTESIAN_POINT('',(1.000000189322E-07,1.000000065764E-07,
    146.5000001));
#328 = SURFACE_CURVE('',#329,(#334,#341),.PCURVE_S1.);
#329 = CIRCLE('',#330,26.85);
#330 = AXIS2_PLACEMENT_3D('',#331,#332,#333);
#331 = CARTESIAN_POINT('',(26.8500001,1.000000049323E-07,146.5000001));
#332 = DIRECTION('',(1.110223024625E-16,-0.,1.));
#333 = DIRECTION('',(0.,1.,0.));
#334 = PCURVE('',#33,#335);
#335 = DEFINITIONAL_REPRESENTATION('',(#336),#340);
#336 = LINE('',#337,#338);
#337 = CARTESIAN_POINT('',(-0.,-146.5));
#338 = VECTOR('',#339,1.);
#339 = DIRECTION('',(-1.,0.));
#340 = ( GEOMETRIC_REPRESENTATION_CONTEXT(2) 
PARAMETRIC_REPRESENTATION_CONTEXT() REPRESENTATION_CONTEXT('2D SPACE',''
  ) );
#341 = PCURVE('',#342,#347);
#342 = PLANE('',#343);
#343 = AXIS2_PLACEMENT_3D('',#344,#345,#346);
#344 = CARTESIAN_POINT('',(26.8500001,1.000000041174E-07,146.5000001));
#345 = DIRECTION('',(1.110223024625E-16,0.,1.));
#346 = DIRECTION('',(0.,1.,0.));
#347 = DEFINITIONAL_REPRESENTATION('',(#348),#352);
#348 = CIRCLE('',#349,26.85);
#349 = AXIS2_PLACEMENT_2D('',#350,#351);
#350 = CARTESIAN_POINT('',(8.148619079986E-16,-3.552713678801E-15));
#351 = DIRECTION('',(1.,0.));
#352 = ( GEOMETRIC_REPRESENTATION_CONTEXT(2) 
PARAMETRIC_REPRESENTATION_CONTEXT() REPRESENTATION_CONTEXT('2D SPACE',''
  ) );
#353 = ORIENTED_EDGE('',*,*,#354,.T.);
#354 = EDGE_CURVE('',#326,#24,#355,.T.);
#355 = SURFACE_CURVE('',#356,(#360,#367),.PCURVE_S1.);
#356 = LINE('',#357,#358);
#357 = CARTESIAN_POINT('',(1.000000011686E-07,1.000000049323E-07,
    1.000000058315E-07));
#358 = VECTOR('',#359,1.);
#359 = DIRECTION('',(-1.110223024625E-16,-0.,-1.));
#360 = PCURVE('',#33,#361);
#361 = DEFINITIONAL_REPRESENTATION('',(#362),#366);
#362 = LINE('',#363,#364);
#363 = CARTESIAN_POINT('',(-1.570796326795,0.));
#364 = VECTOR('',#365,1.);
#365 = DIRECTION('',(-0.,1.));
#366 = ( GEOMETRIC_REPRESENTATION_CONTEXT(2) 
PARAMETRIC_REPRESENTATION_CONTEXT() REPRESENTATION_CONTEXT('2D SPACE',''
  ) );
#367 = PCURVE('',#368,#373);
#368 = PLANE('',#369);
#369 = AXIS2_PLACEMENT_3D('',#370,#371,#372);
#370 = CARTESIAN_POINT('',(226.8500001,9.999999406318E-08,-10.9999999));
#371 = DIRECTION('',(0.,1.,0.));
#372 = DIRECTION('',(-1.,0.,1.110223024625E-16));
#373 = DEFINITIONAL_REPRESENTATION('',(#374),#378);
#374 = LINE('',#375,#376);
#375 = CARTESIAN_POINT('',(226.85,11.));
#376 = VECTOR('',#377,1.);
#377 = DIRECTION('',(0.,-1.));
#378 = ( GEOMETRIC_REPRESENTATION_CONTEXT(2) 
PARAMETRIC_REPRESENTATION_CONTEXT() REPRESENTATION_CONTEXT('2D SPACE',''
  ) );
#379 = FACE_BOUND('',#380,.F.);
#380 = EDGE_LOOP('',(#381));
#381 = ORIENTED_EDGE('',*,*,#382,.T.);
#382 = EDGE_CURVE('',#383,#383,#385,.T.);
#383 = VERTEX_POINT('',#384);
#384 = CARTESIAN_POINT('',(7.864183025141,18.985817174859,116.2500001));
#385 = SURFACE_CURVE('',#386,(#445,#507),.PCURVE_S1.);
#386 = B_SPLINE_CURVE_WITH_KNOTS('',8,(#387,#388,#389,#390,#391,#392,
    #393,#394,#395,#396,#397,#398,#399,#400,#401,#402,#403,#404,#405,
    #406,#407,#408,#409,#410,#411,#412,#413,#414,#415,#416,#417,#418,
    #419,#420,#421,#422,#423,#424,#425,#426,#427,#428,#429,#430,#431,
    #432,#433,#434,#435,#436,#437,#438,#439,#440,#441,#442,#443,#444),
  .UNSPECIFIED.,.T.,.F.,(9,7,7,7,7,7,7,7,9),(0.,0.137051579348,
    0.279857658776,0.450918615604,0.5969385072,0.691284020574,
    0.795106431586,0.899680492601,1.),.UNSPECIFIED.);
#387 = CARTESIAN_POINT('',(7.864183025141,18.985817174859,116.2500001));
#388 = CARTESIAN_POINT('',(8.049382282968,19.171016432685,116.2500001));
#389 = CARTESIAN_POINT('',(8.232325308419,19.349830173081,
    116.21515726877));
#390 = CARTESIAN_POINT('',(8.409129104559,19.518712822633,
    116.14831469336));
#391 = CARTESIAN_POINT('',(8.576199417206,19.674856814575,
    116.05312189405));
#392 = CARTESIAN_POINT('',(8.730371243249,19.816189781251,
    115.93400254067));
#393 = CARTESIAN_POINT('',(8.86913723001,19.941367527314,115.79611004589
    ));
#394 = CARTESIAN_POINT('',(8.990895422027,20.049792965433,
    115.64527542314));
#395 = CARTESIAN_POINT('',(9.203777534101,20.237448035538,
    115.32402249122));
#396 = CARTESIAN_POINT('',(9.295953056947,20.317510664158,
    115.14919576048));
#397 = CARTESIAN_POINT('',(9.371980825787,20.382802814643,
    114.96650934132));
#398 = CARTESIAN_POINT('',(9.432256154781,20.434143417273,
    114.77824340205));
#399 = CARTESIAN_POINT('',(9.477166068291,20.472190442543,
    114.58615117275));
#400 = CARTESIAN_POINT('',(9.507012442516,20.497406300078,
    114.39163441875));
#401 = CARTESIAN_POINT('',(9.521952327157,20.510028388183,
    114.19588329257));
#402 = CARTESIAN_POINT('',(9.521952327157,20.510028388183,
    113.76536046502));
#403 = CARTESIAN_POINT('',(9.500515217763,20.491916893858,
    113.53105466168));
#404 = CARTESIAN_POINT('',(9.457748458106,20.455785829685,
    113.29882507839));
#405 = CARTESIAN_POINT('',(9.393271945716,20.401096276273,
    113.07062767548));
#406 = CARTESIAN_POINT('',(9.306428974131,20.326871750459,
    112.84906273796));
#407 = CARTESIAN_POINT('',(9.196474027384,20.231780274084,
    112.63763945325));
#408 = CARTESIAN_POINT('',(9.062819441421,20.114260598637,
    112.44113955875));
#409 = CARTESIAN_POINT('',(8.771067249644,19.852136251176,
    112.11713861954));
#410 = CARTESIAN_POINT('',(8.614460241994,19.70956631678,111.97824828692
    ));
#411 = CARTESIAN_POINT('',(8.438499901953,19.546613792118,
    111.86166934953));
#412 = CARTESIAN_POINT('',(8.248138717275,19.366513827819,
    111.77640131632));
#413 = CARTESIAN_POINT('',(8.049808236687,19.174104624993,
    111.72843805817));
#414 = CARTESIAN_POINT('',(7.850296973721,18.9754464379,111.72065334402)
  );
#415 = CARTESIAN_POINT('',(7.656062304077,18.77725929447,111.75266912425
    ));
#416 = CARTESIAN_POINT('',(7.354133334386,18.462475274565,
    111.86463593522));
#417 = CARTESIAN_POINT('',(7.239237662185,18.340885589393,
    111.92394785276));
#418 = CARTESIAN_POINT('',(7.129003964307,18.222498024275,
    111.99820851272));
#419 = CARTESIAN_POINT('',(7.024390686836,18.108547558902,
    112.08680117918));
#420 = CARTESIAN_POINT('',(6.926261505519,18.000244044088,
    112.18892017311));
#421 = CARTESIAN_POINT('',(6.835381422198,17.898744245796,112.3035830116
    ));
#422 = CARTESIAN_POINT('',(6.752414275885,17.805119703974,
    112.42964212087));
#423 = CARTESIAN_POINT('',(6.595946364911,17.627003117046,
    112.71562663721));
#424 = CARTESIAN_POINT('',(6.524239318405,17.544379984285,
    112.87767125573));
#425 = CARTESIAN_POINT('',(6.4635405543,17.473707672933,113.05020260018)
  );
#426 = CARTESIAN_POINT('',(6.414415671709,17.416041920198,
    113.23132072113));
#427 = CARTESIAN_POINT('',(6.377280193997,17.372207553698,
    113.41899763926));
#428 = CARTESIAN_POINT('',(6.352414853683,17.342775655629,
    113.61111773654));
#429 = CARTESIAN_POINT('',(6.339971811817,17.328047872843,
    113.80551399739));
#430 = CARTESIAN_POINT('',(6.339971811817,17.328047872843,
    114.19589423655));
#431 = CARTESIAN_POINT('',(6.352595286016,17.342989395567,
    114.39164504305));
#432 = CARTESIAN_POINT('',(6.377811480666,17.372836175666,
    114.58615670171));
#433 = CARTESIAN_POINT('',(6.415857548942,17.417744923919,
    114.77824382186));
#434 = CARTESIAN_POINT('',(6.46719687334,17.47801874892,114.96650729844)
  );
#435 = CARTESIAN_POINT('',(6.532488644884,17.554046132266,
    115.14919416561));
#436 = CARTESIAN_POINT('',(6.612552123478,17.646222619405,
    115.32402242106));
#437 = CARTESIAN_POINT('',(6.8001700538,17.859062598883,115.64521177216)
  );
#438 = CARTESIAN_POINT('',(6.908591937786,17.980817764126,
    115.79606849309));
#439 = CARTESIAN_POINT('',(7.033797464004,18.119615968141,
    115.93401066936));
#440 = CARTESIAN_POINT('',(7.17517783785,18.273840098621,116.0531686635)
  );
#441 = CARTESIAN_POINT('',(7.331370121412,18.440960361053,
    116.14836963875));
#442 = CARTESIAN_POINT('',(7.500278335964,18.617787060395,
    116.21518986009));
#443 = CARTESIAN_POINT('',(7.679070391206,18.800704540923,116.2500001));
#444 = CARTESIAN_POINT('',(7.864183025141,18.985817174859,116.2500001));
#445 = PCURVE('',#33,#446);
#446 = DEFINITIONAL_REPRESENTATION('',(#447),#506);
#447 = B_SPLINE_CURVE_WITH_KNOTS('',8,(#448,#449,#450,#451,#452,#453,
    #454,#455,#456,#457,#458,#459,#460,#461,#462,#463,#464,#465,#466,
    #467,#468,#469,#470,#471,#472,#473,#474,#475,#476,#477,#478,#479,
    #480,#481,#482,#483,#484,#485,#486,#487,#488,#489,#490,#491,#492,
    #493,#494,#495,#496,#497,#498,#499,#500,#501,#502,#503,#504,#505),
  .UNSPECIFIED.,.T.,.F.,(9,7,7,7,7,7,7,7,9),(0.,0.137051579348,
    0.279857658776,0.450918615604,0.5969385072,0.691284020574,
    0.795106431586,0.899680492601,1.),.UNSPECIFIED.);
#448 = CARTESIAN_POINT('',(-0.785398163397,-116.25));
#449 = CARTESIAN_POINT('',(-0.775643552516,-116.25));
#450 = CARTESIAN_POINT('',(-0.766116524063,-116.2151571687));
#451 = CARTESIAN_POINT('',(-0.757011310659,-116.1483145933));
#452 = CARTESIAN_POINT('',(-0.74849533475,-116.053121794));
#453 = CARTESIAN_POINT('',(-0.740706288869,-115.9340024406));
#454 = CARTESIAN_POINT('',(-0.733746246655,-115.7961099458));
#455 = CARTESIAN_POINT('',(-0.727674176015,-115.6452753231));
#456 = CARTESIAN_POINT('',(-0.717104948682,-115.3240223912));
#457 = CARTESIAN_POINT('',(-0.712557898046,-115.1491956604));
#458 = CARTESIAN_POINT('',(-0.708825523983,-114.9665092413));
#459 = CARTESIAN_POINT('',(-0.70587668827,-114.778243302));
#460 = CARTESIAN_POINT('',(-0.703684519738,-114.5861510727));
#461 = CARTESIAN_POINT('',(-0.702229312184,-114.3916343187));
#462 = CARTESIAN_POINT('',(-0.701500893337,-114.1958831925));
#463 = CARTESIAN_POINT('',(-0.701500893337,-113.765360365));
#464 = CARTESIAN_POINT('',(-0.702546099481,-113.5310545616));
#465 = CARTESIAN_POINT('',(-0.704631244809,-113.2988249783));
#466 = CARTESIAN_POINT('',(-0.7077800959,-113.0706275754));
#467 = CARTESIAN_POINT('',(-0.712034812512,-112.8490626379));
#468 = CARTESIAN_POINT('',(-0.71744874879,-112.6376393532));
#469 = CARTESIAN_POINT('',(-0.724076789118,-112.4411394587));
#470 = CARTESIAN_POINT('',(-0.738684229875,-112.1171385195));
#471 = CARTESIAN_POINT('',(-0.746571685854,-111.9782481869));
#472 = CARTESIAN_POINT('',(-0.755503132875,-111.8616692495));
#473 = CARTESIAN_POINT('',(-0.765261951243,-111.7764012163));
#474 = CARTESIAN_POINT('',(-0.775551721519,-111.7284379581));
#475 = CARTESIAN_POINT('',(-0.786036418646,-111.720653244));
#476 = CARTESIAN_POINT('',(-0.796370946618,-111.7526690242));
#477 = CARTESIAN_POINT('',(-0.812615887537,-111.8646358352));
#478 = CARTESIAN_POINT('',(-0.818846156787,-111.9239477527));
#479 = CARTESIAN_POINT('',(-0.824870562336,-111.9982084127));
#480 = CARTESIAN_POINT('',(-0.830631520798,-112.0868010791));
#481 = CARTESIAN_POINT('',(-0.836074416787,-112.1889200731));
#482 = CARTESIAN_POINT('',(-0.841148426459,-112.3035829116));
#483 = CARTESIAN_POINT('',(-0.845807465447,-112.4296420208));
#484 = CARTESIAN_POINT('',(-0.854637323388,-112.7156265372));
#485 = CARTESIAN_POINT('',(-0.858711756884,-112.8776711557));
#486 = CARTESIAN_POINT('',(-0.86218136886,-113.0502025001));
#487 = CARTESIAN_POINT('',(-0.865002700718,-113.2313206211));
#488 = CARTESIAN_POINT('',(-0.867142359564,-113.4189975392));
#489 = CARTESIAN_POINT('',(-0.868577353886,-113.6111176365));
#490 = CARTESIAN_POINT('',(-0.869295433458,-113.8055138973));
#491 = CARTESIAN_POINT('',(-0.869295433458,-114.1958941365));
#492 = CARTESIAN_POINT('',(-0.868566934697,-114.391644943));
#493 = CARTESIAN_POINT('',(-0.867111707482,-114.5861566017));
#494 = CARTESIAN_POINT('',(-0.864919595105,-114.7782437218));
#495 = CARTESIAN_POINT('',(-0.861970832912,-114.9665071984));
#496 = CARTESIAN_POINT('',(-0.858238478923,-115.1491940656));
#497 = CARTESIAN_POINT('',(-0.853691380421,-115.324022321));
#498 = CARTESIAN_POINT('',(-0.843124244898,-115.6452116721));
#499 = CARTESIAN_POINT('',(-0.837052346407,-115.796068393));
#500 = CARTESIAN_POINT('',(-0.830090719957,-115.9340105693));
#501 = CARTESIAN_POINT('',(-0.822299045923,-116.0531685635));
#502 = CARTESIAN_POINT('',(-0.813780484046,-116.1483695387));
#503 = CARTESIAN_POINT('',(-0.804673996385,-116.21518976));
#504 = CARTESIAN_POINT('',(-0.795148211721,-116.25));
#505 = CARTESIAN_POINT('',(-0.785398163397,-116.25));
#506 = ( GEOMETRIC_REPRESENTATION_CONTEXT(2) 
PARAMETRIC_REPRESENTATION_CONTEXT() REPRESENTATION_CONTEXT('2D SPACE',''
  ) );
#507 = PCURVE('',#508,#513);
#508 = CYLINDRICAL_SURFACE('',#509,2.25);
#509 = AXIS2_PLACEMENT_3D('',#510,#511,#512);
#510 = CARTESIAN_POINT('',(8.076315059497,18.773685140503,114.0000001));
#511 = DIRECTION('',(0.707106781187,-0.707106781187,-7.850462293419E-17)
  );
#512 = DIRECTION('',(1.110223024625E-16,0.,1.));
#513 = DEFINITIONAL_REPRESENTATION('',(#514),#573);
#514 = B_SPLINE_CURVE_WITH_KNOTS('',8,(#515,#516,#517,#518,#519,#520,
    #521,#522,#523,#524,#525,#526,#527,#528,#529,#530,#531,#532,#533,
    #534,#535,#536,#537,#538,#539,#540,#541,#542,#543,#544,#545,#546,
    #547,#548,#549,#550,#551,#552,#553,#554,#555,#556,#557,#558,#559,
    #560,#561,#562,#563,#564,#565,#566,#567,#568,#569,#570,#571,#572),
  .UNSPECIFIED.,.F.,.F.,(9,7,7,7,7,7,7,7,9),(0.,0.137051579348,
    0.279857658776,0.450918615604,0.5969385072,0.691284020574,
    0.795106431586,0.899680492601,1.),.UNSPECIFIED.);
#515 = CARTESIAN_POINT('',(0.,-0.3));
#516 = CARTESIAN_POINT('',(-0.116405023182,-0.3));
#517 = CARTESIAN_POINT('',(-0.230094134867,-0.297080154536));
#518 = CARTESIAN_POINT('',(-0.341136590164,-0.291479058069));
#519 = CARTESIAN_POINT('',(-0.449452723889,-0.283752982604));
#520 = CARTESIAN_POINT('',(-0.554829857474,-0.274674538083));
#521 = CARTESIAN_POINT('',(-0.65689017256,-0.265066200942));
#522 = CARTESIAN_POINT('',(-0.755015005437,-0.255638520249));
#523 = CARTESIAN_POINT('',(-0.945358924672,-0.237800307803));
#524 = CARTESIAN_POINT('',(-1.039439535279,-0.229235198156));
#525 = CARTESIAN_POINT('',(-1.131110339682,-0.221643969617));
#526 = CARTESIAN_POINT('',(-1.220894353998,-0.215326164017));
#527 = CARTESIAN_POINT('',(-1.309278924117,-0.210473369204));
#528 = CARTESIAN_POINT('',(-1.396736753569,-0.207199099452));
#529 = CARTESIAN_POINT('',(-1.483737130093,-0.205560169804));
#530 = CARTESIAN_POINT('',(-1.675080609005,-0.205560169804));
#531 = CARTESIAN_POINT('',(-1.779216122092,-0.207911734771));
#532 = CARTESIAN_POINT('',(-1.884158884526,-0.212603880046));
#533 = CARTESIAN_POINT('',(-1.990742070663,-0.219524305106));
#534 = CARTESIAN_POINT('',(-2.099773064714,-0.228446893679));
#535 = CARTESIAN_POINT('',(-2.212076200955,-0.238956954371));
#536 = CARTESIAN_POINT('',(-2.32856681986,-0.25036605901));
#537 = CARTESIAN_POINT('',(-2.554476763225,-0.271316108638));
#538 = CARTESIAN_POINT('',(-2.666269919764,-0.281241818324));
#539 = CARTESIAN_POINT('',(-2.783078473049,-0.290439732787));
#540 = CARTESIAN_POINT('',(-2.903169096869,-0.2976955113));
#541 = CARTESIAN_POINT('',(-3.025293342482,-0.301882486959));
#542 = CARTESIAN_POINT('',(-3.148369932077,-0.302485702693));
#543 = CARTESIAN_POINT('',(-3.271360616024,-0.299690881677));
#544 = CARTESIAN_POINT('',(-3.471461342524,-0.290600988498));
#545 = CARTESIAN_POINT('',(-3.550002211255,-0.285867606533));
#546 = CARTESIAN_POINT('',(-3.628540125022,-0.280101951715));
#547 = CARTESIAN_POINT('',(-3.707076859421,-0.273499562832));
#548 = CARTESIAN_POINT('',(-3.78561569079,-0.266305222622));
#549 = CARTESIAN_POINT('',(-3.864158496284,-0.258795950152));
#550 = CARTESIAN_POINT('',(-3.942702775921,-0.251260033517));
#551 = CARTESIAN_POINT('',(-4.107663249571,-0.235952107948));
#552 = CARTESIAN_POINT('',(-4.194071223484,-0.228233269332));
#553 = CARTESIAN_POINT('',(-4.280455342057,-0.221180906442));
#554 = CARTESIAN_POINT('',(-4.366821036163,-0.215141599245));
#555 = CARTESIAN_POINT('',(-4.453181320783,-0.210404769557));
#556 = CARTESIAN_POINT('',(-4.539552516077,-0.207175725602));
#557 = CARTESIAN_POINT('',(-4.625950712559,-0.205560169804));
#558 = CARTESIAN_POINT('',(-4.799453041077,-0.205560169804));
#559 = CARTESIAN_POINT('',(-4.886453263085,-0.207199277635));
#560 = CARTESIAN_POINT('',(-4.973909017958,-0.210473596007));
#561 = CARTESIAN_POINT('',(-5.062291347615,-0.215326243556));
#562 = CARTESIAN_POINT('',(-5.152074030981,-0.221643889519));
#563 = CARTESIAN_POINT('',(-5.243744850935,-0.229235113424));
#564 = CARTESIAN_POINT('',(-5.337826340936,-0.237800303907));
#565 = CARTESIAN_POINT('',(-5.528132588225,-0.2556349859));
#566 = CARTESIAN_POINT('',(-5.626263430927,-0.265063039492));
#567 = CARTESIAN_POINT('',(-5.72835123422,-0.274674514137));
#568 = CARTESIAN_POINT('',(-5.83376199864,-0.283756421549));
#569 = CARTESIAN_POINT('',(-5.942106109072,-0.291483669512));
#570 = CARTESIAN_POINT('',(-6.053160471634,-0.297082883805));
#571 = CARTESIAN_POINT('',(-6.166834730523,-0.3));
#572 = CARTESIAN_POINT('',(-6.28318530718,-0.3));
#573 = ( GEOMETRIC_REPRESENTATION_CONTEXT(2) 
PARAMETRIC_REPRESENTATION_CONTEXT() REPRESENTATION_CONTEXT('2D SPACE',''
  ) );
#574 = FACE_BOUND('',#575,.F.);
#575 = EDGE_LOOP('',(#576));
#576 = ORIENTED_EDGE('',*,*,#577,.T.);
#577 = EDGE_CURVE('',#578,#578,#580,.T.);
#578 = VERTEX_POINT('',#579);
#579 = CARTESIAN_POINT('',(7.864183025141,18.985817174859,36.2500001));
#580 = SURFACE_CURVE('',#581,(#640,#702),.PCURVE_S1.);
#581 = B_SPLINE_CURVE_WITH_KNOTS('',8,(#582,#583,#584,#585,#586,#587,
    #588,#589,#590,#591,#592,#593,#594,#595,#596,#597,#598,#599,#600,
    #601,#602,#603,#604,#605,#606,#607,#608,#609,#610,#611,#612,#613,
    #614,#615,#616,#617,#618,#619,#620,#621,#622,#623,#624,#625,#626,
    #627,#628,#629,#630,#631,#632,#633,#634,#635,#636,#637,#638,#639),
  .UNSPECIFIED.,.T.,.F.,(9,7,7,7,7,7,7,7,9),(0.,0.137051580617,
    0.279857661374,0.450918619794,0.596938512748,0.691284025669,
    0.79510643496,0.899680494236,1.),.UNSPECIFIED.);
#582 = CARTESIAN_POINT('',(7.864183025141,18.985817174859,36.2500001));
#583 = CARTESIAN_POINT('',(8.049382282961,19.171016432679,36.2500001));
#584 = CARTESIAN_POINT('',(8.232325308423,19.349830173086,
    36.215157268774));
#585 = CARTESIAN_POINT('',(8.409129104566,19.518712822639,
    36.148314693363));
#586 = CARTESIAN_POINT('',(8.576199417206,19.674856814574,36.05312189405
    ));
#587 = CARTESIAN_POINT('',(8.730371243243,19.816189781246,
    35.934002540679));
#588 = CARTESIAN_POINT('',(8.869137230007,19.941367527312,
    35.796110045903));
#589 = CARTESIAN_POINT('',(8.990895422032,20.049792965438,
    35.645275423142));
#590 = CARTESIAN_POINT('',(9.203777534101,20.237448035538,
    35.324022491224));
#591 = CARTESIAN_POINT('',(9.295953056947,20.317510664158,
    35.149195760484));
#592 = CARTESIAN_POINT('',(9.371980825787,20.382802814644,
    34.966509341328));
#593 = CARTESIAN_POINT('',(9.432256154781,20.434143417273,
    34.778243402051));
#594 = CARTESIAN_POINT('',(9.477166068291,20.472190442543,
    34.586151172755));
#595 = CARTESIAN_POINT('',(9.507012442516,20.497406300078,34.39163441875
    ));
#596 = CARTESIAN_POINT('',(9.521952327157,20.510028388183,
    34.195883292579));
#597 = CARTESIAN_POINT('',(9.521952327157,20.510028388183,
    33.765360465027));
#598 = CARTESIAN_POINT('',(9.500515217763,20.491916893858,
    33.531054661684));
#599 = CARTESIAN_POINT('',(9.457748458106,20.455785829685,
    33.298825078391));
#600 = CARTESIAN_POINT('',(9.393271945716,20.401096276273,
    33.070627675486));
#601 = CARTESIAN_POINT('',(9.30642897413,20.326871750459,32.849062737963
    ));
#602 = CARTESIAN_POINT('',(9.196474027384,20.231780274085,
    32.637639453252));
#603 = CARTESIAN_POINT('',(9.062819441421,20.114260598637,
    32.441139558749));
#604 = CARTESIAN_POINT('',(8.771067249645,19.852136251176,
    32.117138619546));
#605 = CARTESIAN_POINT('',(8.614460241994,19.709566316779,
    31.978248286921));
#606 = CARTESIAN_POINT('',(8.438499901953,19.546613792118,
    31.861669349537));
#607 = CARTESIAN_POINT('',(8.248138717275,19.366513827819,
    31.776401316325));
#608 = CARTESIAN_POINT('',(8.049808236687,19.174104624993,31.72843805818
    ));
#609 = CARTESIAN_POINT('',(7.850296973721,18.9754464379,31.720653344028)
  );
#610 = CARTESIAN_POINT('',(7.656062304077,18.77725929447,31.752669124258
    ));
#611 = CARTESIAN_POINT('',(7.354133336059,18.462475276308,
    31.864635934601));
#612 = CARTESIAN_POINT('',(7.239237659805,18.34088558685,31.923947854481
    ));
#613 = CARTESIAN_POINT('',(7.129003963949,18.222498023942,
    31.998208512271));
#614 = CARTESIAN_POINT('',(7.024390688882,18.108547561113,
    32.086801177355));
#615 = CARTESIAN_POINT('',(6.926261505878,18.000244044426,
    32.188920173549));
#616 = CARTESIAN_POINT('',(6.835381420194,17.898744243606,
    32.303583013787));
#617 = CARTESIAN_POINT('',(6.752414276766,17.805119704976,
    32.429642119268));
#618 = CARTESIAN_POINT('',(6.595946364906,17.627003117042,
    32.715626637219));
#619 = CARTESIAN_POINT('',(6.524239318401,17.54437998428,32.877671255746
    ));
#620 = CARTESIAN_POINT('',(6.463540554298,17.473707672931,
    33.050202600194));
#621 = CARTESIAN_POINT('',(6.41441567171,17.416041920199,33.231320721135
    ));
#622 = CARTESIAN_POINT('',(6.377280193999,17.3722075537,33.418997639259)
  );
#623 = CARTESIAN_POINT('',(6.352414853685,17.342775655631,
    33.611117736528));
#624 = CARTESIAN_POINT('',(6.339971811817,17.328047872843,
    33.805513997382));
#625 = CARTESIAN_POINT('',(6.339971811817,17.328047872843,
    34.195894236559));
#626 = CARTESIAN_POINT('',(6.352595286016,17.342989395567,
    34.391645043052));
#627 = CARTESIAN_POINT('',(6.377811480665,17.372836175666,
    34.586156701719));
#628 = CARTESIAN_POINT('',(6.415857548942,17.417744923919,
    34.778243821866));
#629 = CARTESIAN_POINT('',(6.46719687334,17.478018748921,34.966507298446
    ));
#630 = CARTESIAN_POINT('',(6.532488644883,17.554046132266,
    35.149194165611));
#631 = CARTESIAN_POINT('',(6.612552123478,17.646222619405,
    35.324022421062));
#632 = CARTESIAN_POINT('',(6.800170053831,17.859062598917,
    35.645211772215));
#633 = CARTESIAN_POINT('',(6.908591937779,17.980817764117,
    35.796068493062));
#634 = CARTESIAN_POINT('',(7.03379746397,18.119615968102,35.934010669332
    ));
#635 = CARTESIAN_POINT('',(7.175177837838,18.273840098609,
    36.053168663521));
#636 = CARTESIAN_POINT('',(7.33137012144,18.440960361083,36.148369638772
    ));
#637 = CARTESIAN_POINT('',(7.50027833599,18.61778706042,36.215189860085)
  );
#638 = CARTESIAN_POINT('',(7.679070391181,18.800704540898,36.2500001));
#639 = CARTESIAN_POINT('',(7.864183025141,18.985817174859,36.2500001));
#640 = PCURVE('',#33,#641);
#641 = DEFINITIONAL_REPRESENTATION('',(#642),#701);
#642 = B_SPLINE_CURVE_WITH_KNOTS('',8,(#643,#644,#645,#646,#647,#648,
    #649,#650,#651,#652,#653,#654,#655,#656,#657,#658,#659,#660,#661,
    #662,#663,#664,#665,#666,#667,#668,#669,#670,#671,#672,#673,#674,
    #675,#676,#677,#678,#679,#680,#681,#682,#683,#684,#685,#686,#687,
    #688,#689,#690,#691,#692,#693,#694,#695,#696,#697,#698,#699,#700),
  .UNSPECIFIED.,.T.,.F.,(9,7,7,7,7,7,7,7,9),(0.,0.137051580617,
    0.279857661374,0.450918619794,0.596938512748,0.691284025669,
    0.79510643496,0.899680494236,1.),.UNSPECIFIED.);
#643 = CARTESIAN_POINT('',(-0.785398163397,-36.25));
#644 = CARTESIAN_POINT('',(-0.775643552517,-36.25));
#645 = CARTESIAN_POINT('',(-0.766116524063,-36.21515716877));
#646 = CARTESIAN_POINT('',(-0.757011310659,-36.14831459336));
#647 = CARTESIAN_POINT('',(-0.74849533475,-36.05312179405));
#648 = CARTESIAN_POINT('',(-0.740706288869,-35.93400244067));
#649 = CARTESIAN_POINT('',(-0.733746246655,-35.7961099459));
#650 = CARTESIAN_POINT('',(-0.727674176015,-35.64527532314));
#651 = CARTESIAN_POINT('',(-0.717104948682,-35.32402239122));
#652 = CARTESIAN_POINT('',(-0.712557898046,-35.14919566048));
#653 = CARTESIAN_POINT('',(-0.708825523983,-34.96650924132));
#654 = CARTESIAN_POINT('',(-0.70587668827,-34.77824330205));
#655 = CARTESIAN_POINT('',(-0.703684519738,-34.58615107275));
#656 = CARTESIAN_POINT('',(-0.702229312184,-34.39163431875));
#657 = CARTESIAN_POINT('',(-0.701500893337,-34.19588319257));
#658 = CARTESIAN_POINT('',(-0.701500893337,-33.76536036502));
#659 = CARTESIAN_POINT('',(-0.702546099481,-33.53105456168));
#660 = CARTESIAN_POINT('',(-0.704631244809,-33.29882497839));
#661 = CARTESIAN_POINT('',(-0.7077800959,-33.07062757548));
#662 = CARTESIAN_POINT('',(-0.712034812512,-32.84906263796));
#663 = CARTESIAN_POINT('',(-0.71744874879,-32.63763935325));
#664 = CARTESIAN_POINT('',(-0.724076789118,-32.44113945874));
#665 = CARTESIAN_POINT('',(-0.738684229875,-32.11713851954));
#666 = CARTESIAN_POINT('',(-0.746571685854,-31.97824818692));
#667 = CARTESIAN_POINT('',(-0.755503132875,-31.86166924953));
#668 = CARTESIAN_POINT('',(-0.765261951243,-31.77640121632));
#669 = CARTESIAN_POINT('',(-0.775551721519,-31.72843795818));
#670 = CARTESIAN_POINT('',(-0.786036418646,-31.72065324402));
#671 = CARTESIAN_POINT('',(-0.796370946618,-31.75266902425));
#672 = CARTESIAN_POINT('',(-0.812615887447,-31.8646358346));
#673 = CARTESIAN_POINT('',(-0.818846156916,-31.92394775448));
#674 = CARTESIAN_POINT('',(-0.824870562354,-31.99820841227));
#675 = CARTESIAN_POINT('',(-0.830631520685,-32.08680107735));
#676 = CARTESIAN_POINT('',(-0.836074416769,-32.18892007354));
#677 = CARTESIAN_POINT('',(-0.841148426569,-32.30358291378));
#678 = CARTESIAN_POINT('',(-0.845807465397,-32.42964201926));
#679 = CARTESIAN_POINT('',(-0.854637323388,-32.71562653721));
#680 = CARTESIAN_POINT('',(-0.858711756884,-32.87767115574));
#681 = CARTESIAN_POINT('',(-0.86218136886,-33.05020250019));
#682 = CARTESIAN_POINT('',(-0.865002700718,-33.23132062113));
#683 = CARTESIAN_POINT('',(-0.867142359563,-33.41899753925));
#684 = CARTESIAN_POINT('',(-0.868577353886,-33.61111763652));
#685 = CARTESIAN_POINT('',(-0.869295433458,-33.80551389738));
#686 = CARTESIAN_POINT('',(-0.869295433458,-34.19589413655));
#687 = CARTESIAN_POINT('',(-0.868566934697,-34.39164494305));
#688 = CARTESIAN_POINT('',(-0.867111707482,-34.58615660171));
#689 = CARTESIAN_POINT('',(-0.864919595105,-34.77824372186));
#690 = CARTESIAN_POINT('',(-0.861970832912,-34.96650719844));
#691 = CARTESIAN_POINT('',(-0.858238478923,-35.14919406561));
#692 = CARTESIAN_POINT('',(-0.853691380421,-35.32402232106));
#693 = CARTESIAN_POINT('',(-0.843124244897,-35.64521167221));
#694 = CARTESIAN_POINT('',(-0.837052346407,-35.79606839306));
#695 = CARTESIAN_POINT('',(-0.830090719959,-35.93401056933));
#696 = CARTESIAN_POINT('',(-0.822299045923,-36.05316856352));
#697 = CARTESIAN_POINT('',(-0.813780484045,-36.14836953877));
#698 = CARTESIAN_POINT('',(-0.804673996384,-36.21518976008));
#699 = CARTESIAN_POINT('',(-0.795148211722,-36.25));
#700 = CARTESIAN_POINT('',(-0.785398163397,-36.25));
#701 = ( GEOMETRIC_REPRESENTATION_CONTEXT(2) 
PARAMETRIC_REPRESENTATION_CONTEXT() REPRESENTATION_CONTEXT('2D SPACE',''
  ) );
#702 = PCURVE('',#703,#708);
#703 = CYLINDRICAL_SURFACE('',#704,2.25);
#704 = AXIS2_PLACEMENT_3D('',#705,#706,#707);
#705 = CARTESIAN_POINT('',(8.076315059497,18.773685140503,34.0000001));
#706 = DIRECTION('',(0.707106781187,-0.707106781187,-7.850462293419E-17)
  );
#707 = DIRECTION('',(1.110223024625E-16,0.,1.));
#708 = DEFINITIONAL_REPRESENTATION('',(#709),#768);
#709 = B_SPLINE_CURVE_WITH_KNOTS('',8,(#710,#711,#712,#713,#714,#715,
    #716,#717,#718,#719,#720,#721,#722,#723,#724,#725,#726,#727,#728,
    #729,#730,#731,#732,#733,#734,#735,#736,#737,#738,#739,#740,#741,
    #742,#743,#744,#745,#746,#747,#748,#749,#750,#751,#752,#753,#754,
    #755,#756,#757,#758,#759,#760,#761,#762,#763,#764,#765,#766,#767),
  .UNSPECIFIED.,.F.,.F.,(9,7,7,7,7,7,7,7,9),(0.,0.137051580617,
    0.279857661374,0.450918619794,0.596938512748,0.691284025669,
    0.79510643496,0.899680494236,1.),.UNSPECIFIED.);
#710 = CARTESIAN_POINT('',(0.,-0.3));
#711 = CARTESIAN_POINT('',(-0.116405023178,-0.3));
#712 = CARTESIAN_POINT('',(-0.23009413487,-0.297080154536));
#713 = CARTESIAN_POINT('',(-0.341136590167,-0.291479058068));
#714 = CARTESIAN_POINT('',(-0.449452723889,-0.283752982604));
#715 = CARTESIAN_POINT('',(-0.554829857471,-0.274674538084));
#716 = CARTESIAN_POINT('',(-0.656890172557,-0.265066200942));
#717 = CARTESIAN_POINT('',(-0.755015005441,-0.255638520248));
#718 = CARTESIAN_POINT('',(-0.945358924672,-0.237800307803));
#719 = CARTESIAN_POINT('',(-1.039439535278,-0.229235198156));
#720 = CARTESIAN_POINT('',(-1.131110339682,-0.221643969617));
#721 = CARTESIAN_POINT('',(-1.220894353998,-0.215326164017));
#722 = CARTESIAN_POINT('',(-1.309278924117,-0.210473369204));
#723 = CARTESIAN_POINT('',(-1.396736753569,-0.207199099452));
#724 = CARTESIAN_POINT('',(-1.483737130093,-0.205560169804));
#725 = CARTESIAN_POINT('',(-1.675080609005,-0.205560169804));
#726 = CARTESIAN_POINT('',(-1.779216122092,-0.207911734771));
#727 = CARTESIAN_POINT('',(-1.884158884526,-0.212603880046));
#728 = CARTESIAN_POINT('',(-1.990742070663,-0.219524305106));
#729 = CARTESIAN_POINT('',(-2.099773064714,-0.228446893679));
#730 = CARTESIAN_POINT('',(-2.212076200955,-0.238956954371));
#731 = CARTESIAN_POINT('',(-2.32856681986,-0.25036605901));
#732 = CARTESIAN_POINT('',(-2.554476763225,-0.271316108638));
#733 = CARTESIAN_POINT('',(-2.666269919764,-0.281241818324));
#734 = CARTESIAN_POINT('',(-2.783078473047,-0.290439732787));
#735 = CARTESIAN_POINT('',(-2.903169096871,-0.2976955113));
#736 = CARTESIAN_POINT('',(-3.025293342481,-0.301882486959));
#737 = CARTESIAN_POINT('',(-3.148369932078,-0.302485702693));
#738 = CARTESIAN_POINT('',(-3.271360616024,-0.299690881677));
#739 = CARTESIAN_POINT('',(-3.471461341416,-0.290600988548));
#740 = CARTESIAN_POINT('',(-3.550002213042,-0.285867606418));
#741 = CARTESIAN_POINT('',(-3.628540125105,-0.280101951732));
#742 = CARTESIAN_POINT('',(-3.707076857795,-0.273499562949));
#743 = CARTESIAN_POINT('',(-3.785615690709,-0.266305222607));
#744 = CARTESIAN_POINT('',(-3.864158497984,-0.258795950021));
#745 = CARTESIAN_POINT('',(-3.942702774993,-0.251260033604));
#746 = CARTESIAN_POINT('',(-4.107663249576,-0.235952107947));
#747 = CARTESIAN_POINT('',(-4.19407122349,-0.228233269331));
#748 = CARTESIAN_POINT('',(-4.280455342061,-0.221180906441));
#749 = CARTESIAN_POINT('',(-4.366821036163,-0.215141599245));
#750 = CARTESIAN_POINT('',(-4.453181320779,-0.210404769557));
#751 = CARTESIAN_POINT('',(-4.539552516071,-0.207175725602));
#752 = CARTESIAN_POINT('',(-4.625950712554,-0.205560169804));
#753 = CARTESIAN_POINT('',(-4.799453041077,-0.205560169804));
#754 = CARTESIAN_POINT('',(-4.886453263085,-0.207199277635));
#755 = CARTESIAN_POINT('',(-4.973909017958,-0.210473596007));
#756 = CARTESIAN_POINT('',(-5.062291347615,-0.215326243556));
#757 = CARTESIAN_POINT('',(-5.152074030982,-0.221643889519));
#758 = CARTESIAN_POINT('',(-5.243744850935,-0.229235113424));
#759 = CARTESIAN_POINT('',(-5.337826340936,-0.237800303907));
#760 = CARTESIAN_POINT('',(-5.528132588256,-0.255634985903));
#761 = CARTESIAN_POINT('',(-5.626263430912,-0.265063039491));
#762 = CARTESIAN_POINT('',(-5.728351234196,-0.274674514134));
#763 = CARTESIAN_POINT('',(-5.833761998636,-0.28375642155));
#764 = CARTESIAN_POINT('',(-5.94210610909,-0.291483669514));
#765 = CARTESIAN_POINT('',(-6.053160471649,-0.297082883804));
#766 = CARTESIAN_POINT('',(-6.166834730507,-0.3));
#767 = CARTESIAN_POINT('',(-6.28318530718,-0.3));
#768 = ( GEOMETRIC_REPRESENTATION_CONTEXT(2) 
PARAMETRIC_REPRESENTATION_CONTEXT() REPRESENTATION_CONTEXT('2D SPACE',''
  ) );
#769 = ADVANCED_FACE('',(#770),#45,.F.);
#770 = FACE_BOUND('',#771,.F.);
#771 = EDGE_LOOP('',(#772,#796,#797,#820,#849,#877,#905,#933,#962,#990,
    #1018,#1046,#1074,#1103,#1131,#1159,#1187,#1216,#1244,#1272,#1300,
    #1329,#1357,#1385,#1413,#1442,#1470,#1498,#1526,#1555,#1583,#1611,
    #1639,#1668,#1696,#1724,#1752,#1781,#1809,#1837,#1865,#1894,#1922,
    #1950,#1978,#2007,#2035,#2063,#2091,#2120,#2148,#2176,#2204,#2233));
#772 = ORIENTED_EDGE('',*,*,#773,.T.);
#773 = EDGE_CURVE('',#774,#22,#776,.T.);
#774 = VERTEX_POINT('',#775);
#775 = CARTESIAN_POINT('',(53.7000001,1.E-07,9.999999994736E-08));
#776 = SURFACE_CURVE('',#777,(#782,#789),.PCURVE_S1.);
#777 = CIRCLE('',#778,26.85);
#778 = AXIS2_PLACEMENT_3D('',#779,#780,#781);
#779 = CARTESIAN_POINT('',(26.8500001,1.000000049323E-07,
    1.00000002945E-07));
#780 = DIRECTION('',(1.110223024625E-16,-0.,1.));
#781 = DIRECTION('',(0.,1.,0.));
#782 = PCURVE('',#45,#783);
#783 = DEFINITIONAL_REPRESENTATION('',(#784),#788);
#784 = CIRCLE('',#785,26.85);
#785 = AXIS2_PLACEMENT_2D('',#786,#787);
#786 = CARTESIAN_POINT('',(8.148619079986E-16,0.));
#787 = DIRECTION('',(1.,0.));
#788 = ( GEOMETRIC_REPRESENTATION_CONTEXT(2) 
PARAMETRIC_REPRESENTATION_CONTEXT() REPRESENTATION_CONTEXT('2D SPACE',''
  ) );
#789 = PCURVE('',#73,#790);
#790 = DEFINITIONAL_REPRESENTATION('',(#791),#795);
#791 = LINE('',#792,#793);
#792 = CARTESIAN_POINT('',(-0.,0.));
#793 = VECTOR('',#794,1.);
#794 = DIRECTION('',(-1.,0.));
#795 = ( GEOMETRIC_REPRESENTATION_CONTEXT(2) 
PARAMETRIC_REPRESENTATION_CONTEXT() REPRESENTATION_CONTEXT('2D SPACE',''
  ) );
#796 = ORIENTED_EDGE('',*,*,#21,.T.);
#797 = ORIENTED_EDGE('',*,*,#798,.F.);
#798 = EDGE_CURVE('',#799,#24,#801,.T.);
#799 = VERTEX_POINT('',#800);
#800 = CARTESIAN_POINT('',(2.0000001,1.000000064539E-07,
    1.000000056095E-07));
#801 = SURFACE_CURVE('',#802,(#806,#813),.PCURVE_S1.);
#802 = LINE('',#803,#804);
#803 = CARTESIAN_POINT('',(126.8500001,1.000000049323E-07,
    9.999999184274E-08));
#804 = VECTOR('',#805,1.);
#805 = DIRECTION('',(-1.,0.,1.110223024625E-16));
#806 = PCURVE('',#45,#807);
#807 = DEFINITIONAL_REPRESENTATION('',(#808),#812);
#808 = LINE('',#809,#810);
#809 = CARTESIAN_POINT('',(8.148619079986E-16,-100.));
#810 = VECTOR('',#811,1.);
#811 = DIRECTION('',(0.,1.));
#812 = ( GEOMETRIC_REPRESENTATION_CONTEXT(2) 
PARAMETRIC_REPRESENTATION_CONTEXT() REPRESENTATION_CONTEXT('2D SPACE',''
  ) );
#813 = PCURVE('',#368,#814);
#814 = DEFINITIONAL_REPRESENTATION('',(#815),#819);
#815 = LINE('',#816,#817);
#816 = CARTESIAN_POINT('',(100.,11.));
#817 = VECTOR('',#818,1.);
#818 = DIRECTION('',(1.,0.));
#819 = ( GEOMETRIC_REPRESENTATION_CONTEXT(2) 
PARAMETRIC_REPRESENTATION_CONTEXT() REPRESENTATION_CONTEXT('2D SPACE',''
  ) );
#820 = ORIENTED_EDGE('',*,*,#821,.F.);
#821 = EDGE_CURVE('',#822,#799,#824,.T.);
#822 = VERTEX_POINT('',#823);
#823 = CARTESIAN_POINT('',(2.102665146938,2.256526794053,
    1.000000056095E-07));
#824 = SURFACE_CURVE('',#825,(#830,#837),.PCURVE_S1.);
#825 = CIRCLE('',#826,24.85);
#826 = AXIS2_PLACEMENT_3D('',#827,#828,#829);
#827 = CARTESIAN_POINT('',(26.8500001,1.000000049323E-07,
    1.00000002945E-07));
#828 = DIRECTION('',(1.110223024625E-16,-0.,1.));
#829 = DIRECTION('',(0.,1.,0.));
#830 = PCURVE('',#45,#831);
#831 = DEFINITIONAL_REPRESENTATION('',(#832),#836);
#832 = CIRCLE('',#833,24.85);
#833 = AXIS2_PLACEMENT_2D('',#834,#835);
#834 = CARTESIAN_POINT('',(8.148619079986E-16,0.));
#835 = DIRECTION('',(1.,0.));
#836 = ( GEOMETRIC_REPRESENTATION_CONTEXT(2) 
PARAMETRIC_REPRESENTATION_CONTEXT() REPRESENTATION_CONTEXT('2D SPACE',''
  ) );
#837 = PCURVE('',#838,#843);
#838 = CYLINDRICAL_SURFACE('',#839,24.85);
#839 = AXIS2_PLACEMENT_3D('',#840,#841,#842);
#840 = CARTESIAN_POINT('',(26.8500001,1.000000049323E-07,
    1.00000002945E-07));
#841 = DIRECTION('',(-1.110223024625E-16,-0.,-1.));
#842 = DIRECTION('',(0.,1.,0.));
#843 = DEFINITIONAL_REPRESENTATION('',(#844),#848);
#844 = LINE('',#845,#846);
#845 = CARTESIAN_POINT('',(-0.,0.));
#846 = VECTOR('',#847,1.);
#847 = DIRECTION('',(-1.,0.));
#848 = ( GEOMETRIC_REPRESENTATION_CONTEXT(2) 
PARAMETRIC_REPRESENTATION_CONTEXT() REPRESENTATION_CONTEXT('2D SPACE',''
  ) );
#849 = ORIENTED_EDGE('',*,*,#850,.T.);
#850 = EDGE_CURVE('',#822,#851,#853,.T.);
#851 = VERTEX_POINT('',#852);
#852 = CARTESIAN_POINT('',(5.043427989122,1.000000049323E-07,
    1.000000053875E-07));
#853 = SURFACE_CURVE('',#854,(#858,#865),.PCURVE_S1.);
#854 = LINE('',#855,#856);
#855 = CARTESIAN_POINT('',(0.527139030525,3.465470503442,
    1.000000058315E-07));
#856 = VECTOR('',#857,1.);
#857 = DIRECTION('',(0.793353340291,-0.608761429009,-8.807991450546E-17)
  );
#858 = PCURVE('',#45,#859);
#859 = DEFINITIONAL_REPRESENTATION('',(#860),#864);
#860 = LINE('',#861,#862);
#861 = CARTESIAN_POINT('',(3.465470403442,26.322861069475));
#862 = VECTOR('',#863,1.);
#863 = DIRECTION('',(-0.608761429009,-0.793353340291));
#864 = ( GEOMETRIC_REPRESENTATION_CONTEXT(2) 
PARAMETRIC_REPRESENTATION_CONTEXT() REPRESENTATION_CONTEXT('2D SPACE',''
  ) );
#865 = PCURVE('',#866,#871);
#866 = PLANE('',#867);
#867 = AXIS2_PLACEMENT_3D('',#868,#869,#870);
#868 = CARTESIAN_POINT('',(2.102665146938,2.256526794053,
    1.000000056095E-07));
#869 = DIRECTION('',(0.608761429009,0.793353340291,-6.758609549892E-17)
  );
#870 = DIRECTION('',(0.793353340291,-0.608761429009,-8.807991450546E-17)
  );
#871 = DEFINITIONAL_REPRESENTATION('',(#872),#876);
#872 = LINE('',#873,#874);
#873 = CARTESIAN_POINT('',(-1.985907207291,-4.712606789107E-17));
#874 = VECTOR('',#875,1.);
#875 = DIRECTION('',(1.,0.));
#876 = ( GEOMETRIC_REPRESENTATION_CONTEXT(2) 
PARAMETRIC_REPRESENTATION_CONTEXT() REPRESENTATION_CONTEXT('2D SPACE',''
  ) );
#877 = ORIENTED_EDGE('',*,*,#878,.F.);
#878 = EDGE_CURVE('',#879,#851,#881,.T.);
#879 = VERTEX_POINT('',#880);
#880 = CARTESIAN_POINT('',(7.343179473508,1.000000049323E-07,
    1.000000051654E-07));
#881 = SURFACE_CURVE('',#882,(#886,#893),.PCURVE_S1.);
#882 = LINE('',#883,#884);
#883 = CARTESIAN_POINT('',(126.8500001,1.000000049323E-07,
    9.999999184274E-08));
#884 = VECTOR('',#885,1.);
#885 = DIRECTION('',(-1.,0.,1.110223024625E-16));
#886 = PCURVE('',#45,#887);
#887 = DEFINITIONAL_REPRESENTATION('',(#888),#892);
#888 = LINE('',#889,#890);
#889 = CARTESIAN_POINT('',(8.148619079986E-16,-100.));
#890 = VECTOR('',#891,1.);
#891 = DIRECTION('',(0.,1.));
#892 = ( GEOMETRIC_REPRESENTATION_CONTEXT(2) 
PARAMETRIC_REPRESENTATION_CONTEXT() REPRESENTATION_CONTEXT('2D SPACE',''
  ) );
#893 = PCURVE('',#894,#899);
#894 = PLANE('',#895);
#895 = AXIS2_PLACEMENT_3D('',#896,#897,#898);
#896 = CARTESIAN_POINT('',(226.8500001,9.999999406318E-08,-10.9999999));
#897 = DIRECTION('',(0.,1.,0.));
#898 = DIRECTION('',(-1.,0.,1.110223024625E-16));
#899 = DEFINITIONAL_REPRESENTATION('',(#900),#904);
#900 = LINE('',#901,#902);
#901 = CARTESIAN_POINT('',(100.,11.));
#902 = VECTOR('',#903,1.);
#903 = DIRECTION('',(1.,0.));
#904 = ( GEOMETRIC_REPRESENTATION_CONTEXT(2) 
PARAMETRIC_REPRESENTATION_CONTEXT() REPRESENTATION_CONTEXT('2D SPACE',''
  ) );
#905 = ORIENTED_EDGE('',*,*,#906,.T.);
#906 = EDGE_CURVE('',#879,#907,#909,.T.);
#907 = VERTEX_POINT('',#908);
#908 = CARTESIAN_POINT('',(2.302818372275,3.867605202135,
    1.000000056095E-07));
#909 = SURFACE_CURVE('',#910,(#914,#921),.PCURVE_S1.);
#910 = LINE('',#911,#912);
#911 = CARTESIAN_POINT('',(12.248345793127,-3.763866397569,
    1.000000044993E-07));
#912 = VECTOR('',#913,1.);
#913 = DIRECTION('',(-0.793353340291,0.608761429009,8.807991450546E-17)
  );
#914 = PCURVE('',#45,#915);
#915 = DEFINITIONAL_REPRESENTATION('',(#916),#920);
#916 = LINE('',#917,#918);
#917 = CARTESIAN_POINT('',(-3.763866497569,14.601654306873));
#918 = VECTOR('',#919,1.);
#919 = DIRECTION('',(0.608761429009,0.793353340291));
#920 = ( GEOMETRIC_REPRESENTATION_CONTEXT(2) 
PARAMETRIC_REPRESENTATION_CONTEXT() REPRESENTATION_CONTEXT('2D SPACE',''
  ) );
#921 = PCURVE('',#922,#927);
#922 = PLANE('',#923);
#923 = AXIS2_PLACEMENT_3D('',#924,#925,#926);
#924 = CARTESIAN_POINT('',(12.248345793127,-3.763866397569,
    1.000000044993E-07));
#925 = DIRECTION('',(-0.608761429009,-0.793353340291,6.758609549892E-17)
  );
#926 = DIRECTION('',(-0.793353340291,0.608761429009,8.807991450546E-17)
  );
#927 = DEFINITIONAL_REPRESENTATION('',(#928),#932);
#928 = LINE('',#929,#930);
#929 = CARTESIAN_POINT('',(0.,0.));
#930 = VECTOR('',#931,1.);
#931 = DIRECTION('',(1.,0.));
#932 = ( GEOMETRIC_REPRESENTATION_CONTEXT(2) 
PARAMETRIC_REPRESENTATION_CONTEXT() REPRESENTATION_CONTEXT('2D SPACE',''
  ) );
#933 = ORIENTED_EDGE('',*,*,#934,.F.);
#934 = EDGE_CURVE('',#935,#907,#937,.T.);
#935 = VERTEX_POINT('',#936);
#936 = CARTESIAN_POINT('',(3.529942221215,8.58471911288,
    1.000000056095E-07));
#937 = SURFACE_CURVE('',#938,(#943,#950),.PCURVE_S1.);
#938 = CIRCLE('',#939,24.85);
#939 = AXIS2_PLACEMENT_3D('',#940,#941,#942);
#940 = CARTESIAN_POINT('',(26.8500001,1.000000049323E-07,
    1.00000002945E-07));
#941 = DIRECTION('',(1.110223024625E-16,-0.,1.));
#942 = DIRECTION('',(0.,1.,0.));
#943 = PCURVE('',#45,#944);
#944 = DEFINITIONAL_REPRESENTATION('',(#945),#949);
#945 = CIRCLE('',#946,24.85);
#946 = AXIS2_PLACEMENT_2D('',#947,#948);
#947 = CARTESIAN_POINT('',(8.148619079986E-16,0.));
#948 = DIRECTION('',(1.,0.));
#949 = ( GEOMETRIC_REPRESENTATION_CONTEXT(2) 
PARAMETRIC_REPRESENTATION_CONTEXT() REPRESENTATION_CONTEXT('2D SPACE',''
  ) );
#950 = PCURVE('',#951,#956);
#951 = CYLINDRICAL_SURFACE('',#952,24.85);
#952 = AXIS2_PLACEMENT_3D('',#953,#954,#955);
#953 = CARTESIAN_POINT('',(26.8500001,1.000000049323E-07,
    1.00000002945E-07));
#954 = DIRECTION('',(-1.110223024625E-16,-0.,-1.));
#955 = DIRECTION('',(0.,1.,0.));
#956 = DEFINITIONAL_REPRESENTATION('',(#957),#961);
#957 = LINE('',#958,#959);
#958 = CARTESIAN_POINT('',(-0.,0.));
#959 = VECTOR('',#960,1.);
#960 = DIRECTION('',(-1.,0.));
#961 = ( GEOMETRIC_REPRESENTATION_CONTEXT(2) 
PARAMETRIC_REPRESENTATION_CONTEXT() REPRESENTATION_CONTEXT('2D SPACE',''
  ) );
#962 = ORIENTED_EDGE('',*,*,#963,.T.);
#963 = EDGE_CURVE('',#935,#964,#966,.T.);
#964 = VERTEX_POINT('',#965);
#965 = CARTESIAN_POINT('',(10.117228804014,1.000000049323E-07,
    1.000000047213E-07));
#966 = SURFACE_CURVE('',#967,(#971,#978),.PCURVE_S1.);
#967 = LINE('',#968,#969);
#968 = CARTESIAN_POINT('',(2.320998511825,10.160245229293,
    1.000000056095E-07));
#969 = VECTOR('',#970,1.);
#970 = DIRECTION('',(0.608761429009,-0.793353340291,-6.758609549892E-17)
  );
#971 = PCURVE('',#45,#972);
#972 = DEFINITIONAL_REPRESENTATION('',(#973),#977);
#973 = LINE('',#974,#975);
#974 = CARTESIAN_POINT('',(10.160245129293,24.529001588175));
#975 = VECTOR('',#976,1.);
#976 = DIRECTION('',(-0.793353340291,-0.608761429009));
#977 = ( GEOMETRIC_REPRESENTATION_CONTEXT(2) 
PARAMETRIC_REPRESENTATION_CONTEXT() REPRESENTATION_CONTEXT('2D SPACE',''
  ) );
#978 = PCURVE('',#979,#984);
#979 = PLANE('',#980);
#980 = AXIS2_PLACEMENT_3D('',#981,#982,#983);
#981 = CARTESIAN_POINT('',(3.529942221215,8.58471911288,
    1.000000056095E-07));
#982 = DIRECTION('',(0.793353340291,0.608761429009,-8.807991450546E-17)
  );
#983 = DIRECTION('',(0.608761429009,-0.793353340291,-6.758609549892E-17)
  );
#984 = DEFINITIONAL_REPRESENTATION('',(#985),#989);
#985 = LINE('',#986,#987);
#986 = CARTESIAN_POINT('',(-1.985907207291,1.34219714164E-16));
#987 = VECTOR('',#988,1.);
#988 = DIRECTION('',(1.,0.));
#989 = ( GEOMETRIC_REPRESENTATION_CONTEXT(2) 
PARAMETRIC_REPRESENTATION_CONTEXT() REPRESENTATION_CONTEXT('2D SPACE',''
  ) );
#990 = ORIENTED_EDGE('',*,*,#991,.F.);
#991 = EDGE_CURVE('',#992,#964,#994,.T.);
#992 = VERTEX_POINT('',#993);
#993 = CARTESIAN_POINT('',(11.584620219397,1.000000049323E-07,
    1.000000047213E-07));
#994 = SURFACE_CURVE('',#995,(#999,#1006),.PCURVE_S1.);
#995 = LINE('',#996,#997);
#996 = CARTESIAN_POINT('',(126.8500001,1.000000049323E-07,
    9.999999184274E-08));
#997 = VECTOR('',#998,1.);
#998 = DIRECTION('',(-1.,0.,1.110223024625E-16));
#999 = PCURVE('',#45,#1000);
#1000 = DEFINITIONAL_REPRESENTATION('',(#1001),#1005);
#1001 = LINE('',#1002,#1003);
#1002 = CARTESIAN_POINT('',(8.148619079986E-16,-100.));
#1003 = VECTOR('',#1004,1.);
#1004 = DIRECTION('',(0.,1.));
#1005 = ( GEOMETRIC_REPRESENTATION_CONTEXT(2) 
PARAMETRIC_REPRESENTATION_CONTEXT() REPRESENTATION_CONTEXT('2D SPACE',''
  ) );
#1006 = PCURVE('',#1007,#1012);
#1007 = PLANE('',#1008);
#1008 = AXIS2_PLACEMENT_3D('',#1009,#1010,#1011);
#1009 = CARTESIAN_POINT('',(226.8500001,9.999999406318E-08,-10.9999999)
  );
#1010 = DIRECTION('',(0.,1.,0.));
#1011 = DIRECTION('',(-1.,0.,1.110223024625E-16));
#1012 = DEFINITIONAL_REPRESENTATION('',(#1013),#1017);
#1013 = LINE('',#1014,#1015);
#1014 = CARTESIAN_POINT('',(100.,11.));
#1015 = VECTOR('',#1016,1.);
#1016 = DIRECTION('',(1.,0.));
#1017 = ( GEOMETRIC_REPRESENTATION_CONTEXT(2) 
PARAMETRIC_REPRESENTATION_CONTEXT() REPRESENTATION_CONTEXT('2D SPACE',''
  ) );
#1018 = ORIENTED_EDGE('',*,*,#1019,.T.);
#1019 = EDGE_CURVE('',#992,#1020,#1022,.T.);
#1020 = VERTEX_POINT('',#1021);
#1021 = CARTESIAN_POINT('',(11.771724765653,0.143570467915,
    1.000000047213E-07));
#1022 = SURFACE_CURVE('',#1023,(#1027,#1034),.PCURVE_S1.);
#1023 = LINE('',#1024,#1025);
#1024 = CARTESIAN_POINT('',(10.661030089245,-0.708695532697,
    1.000000047213E-07));
#1025 = VECTOR('',#1026,1.);
#1026 = DIRECTION('',(0.793353340291,0.608761429009,-8.807991450546E-17)
  );
#1027 = PCURVE('',#45,#1028);
#1028 = DEFINITIONAL_REPRESENTATION('',(#1029),#1033);
#1029 = LINE('',#1030,#1031);
#1030 = CARTESIAN_POINT('',(-0.708695632697,16.188970010755));
#1031 = VECTOR('',#1032,1.);
#1032 = DIRECTION('',(0.608761429009,-0.793353340291));
#1033 = ( GEOMETRIC_REPRESENTATION_CONTEXT(2) 
PARAMETRIC_REPRESENTATION_CONTEXT() REPRESENTATION_CONTEXT('2D SPACE',''
  ) );
#1034 = PCURVE('',#1035,#1040);
#1035 = PLANE('',#1036);
#1036 = AXIS2_PLACEMENT_3D('',#1037,#1038,#1039);
#1037 = CARTESIAN_POINT('',(10.661030089245,-0.708695532697,
    1.000000047213E-07));
#1038 = DIRECTION('',(-0.608761429009,0.793353340291,6.758609549892E-17)
  );
#1039 = DIRECTION('',(0.793353340291,0.608761429009,-8.807991450546E-17)
  );
#1040 = DEFINITIONAL_REPRESENTATION('',(#1041),#1045);
#1041 = LINE('',#1042,#1043);
#1042 = CARTESIAN_POINT('',(0.,0.));
#1043 = VECTOR('',#1044,1.);
#1044 = DIRECTION('',(1.,0.));
#1045 = ( GEOMETRIC_REPRESENTATION_CONTEXT(2) 
PARAMETRIC_REPRESENTATION_CONTEXT() REPRESENTATION_CONTEXT('2D SPACE',''
  ) );
#1046 = ORIENTED_EDGE('',*,*,#1047,.T.);
#1047 = EDGE_CURVE('',#1020,#1048,#1050,.T.);
#1048 = VERTEX_POINT('',#1049);
#1049 = CARTESIAN_POINT('',(4.140253165948,10.089097888766,
    1.000000053875E-07));
#1050 = SURFACE_CURVE('',#1051,(#1055,#1062),.PCURVE_S1.);
#1051 = LINE('',#1052,#1053);
#1052 = CARTESIAN_POINT('',(11.771724765653,0.143570467915,
    1.000000047213E-07));
#1053 = VECTOR('',#1054,1.);
#1054 = DIRECTION('',(-0.608761429009,0.793353340291,6.758609549892E-17)
  );
#1055 = PCURVE('',#45,#1056);
#1056 = DEFINITIONAL_REPRESENTATION('',(#1057),#1061);
#1057 = LINE('',#1058,#1059);
#1058 = CARTESIAN_POINT('',(0.143570367915,15.078275334347));
#1059 = VECTOR('',#1060,1.);
#1060 = DIRECTION('',(0.793353340291,0.608761429009));
#1061 = ( GEOMETRIC_REPRESENTATION_CONTEXT(2) 
PARAMETRIC_REPRESENTATION_CONTEXT() REPRESENTATION_CONTEXT('2D SPACE',''
  ) );
#1062 = PCURVE('',#1063,#1068);
#1063 = PLANE('',#1064);
#1064 = AXIS2_PLACEMENT_3D('',#1065,#1066,#1067);
#1065 = CARTESIAN_POINT('',(11.771724765653,0.143570467915,
    1.000000047213E-07));
#1066 = DIRECTION('',(-0.793353340291,-0.608761429009,8.807991450546E-17
    ));
#1067 = DIRECTION('',(-0.608761429009,0.793353340291,6.758609549892E-17)
  );
#1068 = DEFINITIONAL_REPRESENTATION('',(#1069),#1073);
#1069 = LINE('',#1070,#1071);
#1070 = CARTESIAN_POINT('',(0.,0.));
#1071 = VECTOR('',#1072,1.);
#1072 = DIRECTION('',(1.,0.));
#1073 = ( GEOMETRIC_REPRESENTATION_CONTEXT(2) 
PARAMETRIC_REPRESENTATION_CONTEXT() REPRESENTATION_CONTEXT('2D SPACE',''
  ) );
#1074 = ORIENTED_EDGE('',*,*,#1075,.F.);
#1075 = EDGE_CURVE('',#1076,#1048,#1078,.T.);
#1076 = VERTEX_POINT('',#1077);
#1077 = CARTESIAN_POINT('',(6.546442701712,14.327877017898,
    1.000000051654E-07));
#1078 = SURFACE_CURVE('',#1079,(#1084,#1091),.PCURVE_S1.);
#1079 = CIRCLE('',#1080,24.85);
#1080 = AXIS2_PLACEMENT_3D('',#1081,#1082,#1083);
#1081 = CARTESIAN_POINT('',(26.8500001,1.000000049323E-07,
    1.00000002945E-07));
#1082 = DIRECTION('',(1.110223024625E-16,-0.,1.));
#1083 = DIRECTION('',(0.,1.,0.));
#1084 = PCURVE('',#45,#1085);
#1085 = DEFINITIONAL_REPRESENTATION('',(#1086),#1090);
#1086 = CIRCLE('',#1087,24.85);
#1087 = AXIS2_PLACEMENT_2D('',#1088,#1089);
#1088 = CARTESIAN_POINT('',(8.148619079986E-16,0.));
#1089 = DIRECTION('',(1.,0.));
#1090 = ( GEOMETRIC_REPRESENTATION_CONTEXT(2) 
PARAMETRIC_REPRESENTATION_CONTEXT() REPRESENTATION_CONTEXT('2D SPACE',''
  ) );
#1091 = PCURVE('',#1092,#1097);
#1092 = CYLINDRICAL_SURFACE('',#1093,24.85);
#1093 = AXIS2_PLACEMENT_3D('',#1094,#1095,#1096);
#1094 = CARTESIAN_POINT('',(26.8500001,1.000000049323E-07,
    1.00000002945E-07));
#1095 = DIRECTION('',(-1.110223024625E-16,-0.,-1.));
#1096 = DIRECTION('',(0.,1.,0.));
#1097 = DEFINITIONAL_REPRESENTATION('',(#1098),#1102);
#1098 = LINE('',#1099,#1100);
#1099 = CARTESIAN_POINT('',(-0.,0.));
#1100 = VECTOR('',#1101,1.);
#1101 = DIRECTION('',(-1.,0.));
#1102 = ( GEOMETRIC_REPRESENTATION_CONTEXT(2) 
PARAMETRIC_REPRESENTATION_CONTEXT() REPRESENTATION_CONTEXT('2D SPACE',''
  ) );
#1103 = ORIENTED_EDGE('',*,*,#1104,.T.);
#1104 = EDGE_CURVE('',#1076,#1105,#1107,.T.);
#1105 = VERTEX_POINT('',#1106);
#1106 = CARTESIAN_POINT('',(11.029231938669,3.505466444777,
    1.000000047213E-07));
#1107 = SURFACE_CURVE('',#1108,(#1112,#1119),.PCURVE_S1.);
#1108 = LINE('',#1109,#1110);
#1109 = CARTESIAN_POINT('',(5.786468915268,16.162616040182,
    1.000000053875E-07));
#1110 = VECTOR('',#1111,1.);
#1111 = DIRECTION('',(0.382683432365,-0.923879532511,-4.248639577543E-17
    ));
#1112 = PCURVE('',#45,#1113);
#1113 = DEFINITIONAL_REPRESENTATION('',(#1114),#1118);
#1114 = LINE('',#1115,#1116);
#1115 = CARTESIAN_POINT('',(16.162615940182,21.063531184732));
#1116 = VECTOR('',#1117,1.);
#1117 = DIRECTION('',(-0.923879532511,-0.382683432365));
#1118 = ( GEOMETRIC_REPRESENTATION_CONTEXT(2) 
PARAMETRIC_REPRESENTATION_CONTEXT() REPRESENTATION_CONTEXT('2D SPACE',''
  ) );
#1119 = PCURVE('',#1120,#1125);
#1120 = PLANE('',#1121);
#1121 = AXIS2_PLACEMENT_3D('',#1122,#1123,#1124);
#1122 = CARTESIAN_POINT('',(6.546442701713,14.327877017898,
    1.000000051654E-07));
#1123 = DIRECTION('',(0.923879532511,0.382683432365,-1.025712328974E-16)
  );
#1124 = DIRECTION('',(0.382683432365,-0.923879532511,-4.248639577543E-17
    ));
#1125 = DEFINITIONAL_REPRESENTATION('',(#1126),#1130);
#1126 = LINE('',#1127,#1128);
#1127 = CARTESIAN_POINT('',(-1.985907207292,-1.376705653428E-16));
#1128 = VECTOR('',#1129,1.);
#1129 = DIRECTION('',(1.,0.));
#1130 = ( GEOMETRIC_REPRESENTATION_CONTEXT(2) 
PARAMETRIC_REPRESENTATION_CONTEXT() REPRESENTATION_CONTEXT('2D SPACE',''
  ) );
#1131 = ORIENTED_EDGE('',*,*,#1132,.T.);
#1132 = EDGE_CURVE('',#1105,#1133,#1135,.T.);
#1133 = VERTEX_POINT('',#1134);
#1134 = CARTESIAN_POINT('',(12.322663284185,4.041223250088,
    1.000000044993E-07));
#1135 = SURFACE_CURVE('',#1136,(#1140,#1147),.PCURVE_S1.);
#1136 = LINE('',#1137,#1138);
#1137 = CARTESIAN_POINT('',(11.029231938669,3.505466444777,
    1.000000047213E-07));
#1138 = VECTOR('',#1139,1.);
#1139 = DIRECTION('',(0.923879532511,0.382683432365,-1.025712328974E-16)
  );
#1140 = PCURVE('',#45,#1141);
#1141 = DEFINITIONAL_REPRESENTATION('',(#1142),#1146);
#1142 = LINE('',#1143,#1144);
#1143 = CARTESIAN_POINT('',(3.505466344777,15.820768161331));
#1144 = VECTOR('',#1145,1.);
#1145 = DIRECTION('',(0.382683432365,-0.923879532511));
#1146 = ( GEOMETRIC_REPRESENTATION_CONTEXT(2) 
PARAMETRIC_REPRESENTATION_CONTEXT() REPRESENTATION_CONTEXT('2D SPACE',''
  ) );
#1147 = PCURVE('',#1148,#1153);
#1148 = PLANE('',#1149);
#1149 = AXIS2_PLACEMENT_3D('',#1150,#1151,#1152);
#1150 = CARTESIAN_POINT('',(11.029231938669,3.505466444777,
    1.000000047213E-07));
#1151 = DIRECTION('',(-0.382683432365,0.923879532511,4.248639577543E-17)
  );
#1152 = DIRECTION('',(0.923879532511,0.382683432365,-1.025712328974E-16)
  );
#1153 = DEFINITIONAL_REPRESENTATION('',(#1154),#1158);
#1154 = LINE('',#1155,#1156);
#1155 = CARTESIAN_POINT('',(0.,0.));
#1156 = VECTOR('',#1157,1.);
#1157 = DIRECTION('',(1.,0.));
#1158 = ( GEOMETRIC_REPRESENTATION_CONTEXT(2) 
PARAMETRIC_REPRESENTATION_CONTEXT() REPRESENTATION_CONTEXT('2D SPACE',''
  ) );
#1159 = ORIENTED_EDGE('',*,*,#1160,.T.);
#1160 = EDGE_CURVE('',#1133,#1161,#1163,.T.);
#1161 = VERTEX_POINT('',#1162);
#1162 = CARTESIAN_POINT('',(7.525319683545,15.623035234117,
    1.000000051654E-07));
#1163 = SURFACE_CURVE('',#1164,(#1168,#1175),.PCURVE_S1.);
#1164 = LINE('',#1165,#1166);
#1165 = CARTESIAN_POINT('',(12.322663284185,4.041223250088,
    1.000000044993E-07));
#1166 = VECTOR('',#1167,1.);
#1167 = DIRECTION('',(-0.382683432365,0.923879532511,4.248639577543E-17)
  );
#1168 = PCURVE('',#45,#1169);
#1169 = DEFINITIONAL_REPRESENTATION('',(#1170),#1174);
#1170 = LINE('',#1171,#1172);
#1171 = CARTESIAN_POINT('',(4.041223150088,14.527336815815));
#1172 = VECTOR('',#1173,1.);
#1173 = DIRECTION('',(0.923879532511,0.382683432365));
#1174 = ( GEOMETRIC_REPRESENTATION_CONTEXT(2) 
PARAMETRIC_REPRESENTATION_CONTEXT() REPRESENTATION_CONTEXT('2D SPACE',''
  ) );
#1175 = PCURVE('',#1176,#1181);
#1176 = PLANE('',#1177);
#1177 = AXIS2_PLACEMENT_3D('',#1178,#1179,#1180);
#1178 = CARTESIAN_POINT('',(12.322663284185,4.041223250088,
    1.000000044993E-07));
#1179 = DIRECTION('',(-0.923879532511,-0.382683432365,1.025712328974E-16
    ));
#1180 = DIRECTION('',(-0.382683432365,0.923879532511,4.248639577543E-17)
  );
#1181 = DEFINITIONAL_REPRESENTATION('',(#1182),#1186);
#1182 = LINE('',#1183,#1184);
#1183 = CARTESIAN_POINT('',(0.,0.));
#1184 = VECTOR('',#1185,1.);
#1185 = DIRECTION('',(1.,0.));
#1186 = ( GEOMETRIC_REPRESENTATION_CONTEXT(2) 
PARAMETRIC_REPRESENTATION_CONTEXT() REPRESENTATION_CONTEXT('2D SPACE',''
  ) );
#1187 = ORIENTED_EDGE('',*,*,#1188,.F.);
#1188 = EDGE_CURVE('',#1189,#1161,#1191,.T.);
#1189 = VERTEX_POINT('',#1190);
#1190 = CARTESIAN_POINT('',(10.946597065689,19.094613788898,
    1.000000047213E-07));
#1191 = SURFACE_CURVE('',#1192,(#1197,#1204),.PCURVE_S1.);
#1192 = CIRCLE('',#1193,24.85);
#1193 = AXIS2_PLACEMENT_3D('',#1194,#1195,#1196);
#1194 = CARTESIAN_POINT('',(26.8500001,1.000000049323E-07,
    1.00000002945E-07));
#1195 = DIRECTION('',(1.110223024625E-16,-0.,1.));
#1196 = DIRECTION('',(0.,1.,0.));
#1197 = PCURVE('',#45,#1198);
#1198 = DEFINITIONAL_REPRESENTATION('',(#1199),#1203);
#1199 = CIRCLE('',#1200,24.85);
#1200 = AXIS2_PLACEMENT_2D('',#1201,#1202);
#1201 = CARTESIAN_POINT('',(8.148619079986E-16,0.));
#1202 = DIRECTION('',(1.,0.));
#1203 = ( GEOMETRIC_REPRESENTATION_CONTEXT(2) 
PARAMETRIC_REPRESENTATION_CONTEXT() REPRESENTATION_CONTEXT('2D SPACE',''
  ) );
#1204 = PCURVE('',#1205,#1210);
#1205 = CYLINDRICAL_SURFACE('',#1206,24.85);
#1206 = AXIS2_PLACEMENT_3D('',#1207,#1208,#1209);
#1207 = CARTESIAN_POINT('',(26.8500001,1.000000049323E-07,
    1.00000002945E-07));
#1208 = DIRECTION('',(-1.110223024625E-16,-0.,-1.));
#1209 = DIRECTION('',(0.,1.,0.));
#1210 = DEFINITIONAL_REPRESENTATION('',(#1211),#1215);
#1211 = LINE('',#1212,#1213);
#1212 = CARTESIAN_POINT('',(-0.,0.));
#1213 = VECTOR('',#1214,1.);
#1214 = DIRECTION('',(-1.,0.));
#1215 = ( GEOMETRIC_REPRESENTATION_CONTEXT(2) 
PARAMETRIC_REPRESENTATION_CONTEXT() REPRESENTATION_CONTEXT('2D SPACE',''
  ) );
#1216 = ORIENTED_EDGE('',*,*,#1217,.T.);
#1217 = EDGE_CURVE('',#1189,#1218,#1220,.T.);
#1218 = VERTEX_POINT('',#1219);
#1219 = CARTESIAN_POINT('',(12.475592993233,7.480736683911,
    1.000000044993E-07));
#1220 = SURFACE_CURVE('',#1221,(#1225,#1232),.PCURVE_S1.);
#1221 = LINE('',#1222,#1223);
#1222 = CARTESIAN_POINT('',(10.687384159818,21.063531284732,
    1.000000047213E-07));
#1223 = VECTOR('',#1224,1.);
#1224 = DIRECTION('',(0.13052619222,-0.991444861374,-1.449131839194E-17)
  );
#1225 = PCURVE('',#45,#1226);
#1226 = DEFINITIONAL_REPRESENTATION('',(#1227),#1231);
#1227 = LINE('',#1228,#1229);
#1228 = CARTESIAN_POINT('',(21.063531184732,16.162615940182));
#1229 = VECTOR('',#1230,1.);
#1230 = DIRECTION('',(-0.991444861374,-0.13052619222));
#1231 = ( GEOMETRIC_REPRESENTATION_CONTEXT(2) 
PARAMETRIC_REPRESENTATION_CONTEXT() REPRESENTATION_CONTEXT('2D SPACE',''
  ) );
#1232 = PCURVE('',#1233,#1238);
#1233 = PLANE('',#1234);
#1234 = AXIS2_PLACEMENT_3D('',#1235,#1236,#1237);
#1235 = CARTESIAN_POINT('',(10.946597065689,19.094613788898,
    1.000000047213E-07));
#1236 = DIRECTION('',(0.991444861374,0.13052619222,-1.100724912744E-16)
  );
#1237 = DIRECTION('',(0.13052619222,-0.991444861374,-1.449131839194E-17)
  );
#1238 = DEFINITIONAL_REPRESENTATION('',(#1239),#1243);
#1239 = LINE('',#1240,#1241);
#1240 = CARTESIAN_POINT('',(-1.985907207291,2.877841363769E-17));
#1241 = VECTOR('',#1242,1.);
#1242 = DIRECTION('',(1.,0.));
#1243 = ( GEOMETRIC_REPRESENTATION_CONTEXT(2) 
PARAMETRIC_REPRESENTATION_CONTEXT() REPRESENTATION_CONTEXT('2D SPACE',''
  ) );
#1244 = ORIENTED_EDGE('',*,*,#1245,.T.);
#1245 = EDGE_CURVE('',#1218,#1246,#1248,.T.);
#1246 = VERTEX_POINT('',#1247);
#1247 = CARTESIAN_POINT('',(13.863615799157,7.663473353019,
    1.000000042772E-07));
#1248 = SURFACE_CURVE('',#1249,(#1253,#1260),.PCURVE_S1.);
#1249 = LINE('',#1250,#1251);
#1250 = CARTESIAN_POINT('',(12.475592993233,7.480736683911,
    1.000000044993E-07));
#1251 = VECTOR('',#1252,1.);
#1252 = DIRECTION('',(0.991444861374,0.13052619222,-1.100724912744E-16)
  );
#1253 = PCURVE('',#45,#1254);
#1254 = DEFINITIONAL_REPRESENTATION('',(#1255),#1259);
#1255 = LINE('',#1256,#1257);
#1256 = CARTESIAN_POINT('',(7.480736583911,14.374407106767));
#1257 = VECTOR('',#1258,1.);
#1258 = DIRECTION('',(0.13052619222,-0.991444861374));
#1259 = ( GEOMETRIC_REPRESENTATION_CONTEXT(2) 
PARAMETRIC_REPRESENTATION_CONTEXT() REPRESENTATION_CONTEXT('2D SPACE',''
  ) );
#1260 = PCURVE('',#1261,#1266);
#1261 = PLANE('',#1262);
#1262 = AXIS2_PLACEMENT_3D('',#1263,#1264,#1265);
#1263 = CARTESIAN_POINT('',(12.475592993233,7.480736683911,
    1.000000044993E-07));
#1264 = DIRECTION('',(-0.13052619222,0.991444861374,1.449131839194E-17)
  );
#1265 = DIRECTION('',(0.991444861374,0.13052619222,-1.100724912744E-16)
  );
#1266 = DEFINITIONAL_REPRESENTATION('',(#1267),#1271);
#1267 = LINE('',#1268,#1269);
#1268 = CARTESIAN_POINT('',(0.,0.));
#1269 = VECTOR('',#1270,1.);
#1270 = DIRECTION('',(1.,0.));
#1271 = ( GEOMETRIC_REPRESENTATION_CONTEXT(2) 
PARAMETRIC_REPRESENTATION_CONTEXT() REPRESENTATION_CONTEXT('2D SPACE',''
  ) );
#1272 = ORIENTED_EDGE('',*,*,#1273,.T.);
#1273 = EDGE_CURVE('',#1246,#1274,#1276,.T.);
#1274 = VERTEX_POINT('',#1275);
#1275 = CARTESIAN_POINT('',(12.227331235979,20.092288553364,
    1.000000044993E-07));
#1276 = SURFACE_CURVE('',#1277,(#1281,#1288),.PCURVE_S1.);
#1277 = LINE('',#1278,#1279);
#1278 = CARTESIAN_POINT('',(13.863615799157,7.663473353019,
    1.000000042772E-07));
#1279 = VECTOR('',#1280,1.);
#1280 = DIRECTION('',(-0.13052619222,0.991444861374,1.449131839194E-17)
  );
#1281 = PCURVE('',#45,#1282);
#1282 = DEFINITIONAL_REPRESENTATION('',(#1283),#1287);
#1283 = LINE('',#1284,#1285);
#1284 = CARTESIAN_POINT('',(7.663473253019,12.986384300843));
#1285 = VECTOR('',#1286,1.);
#1286 = DIRECTION('',(0.991444861374,0.13052619222));
#1287 = ( GEOMETRIC_REPRESENTATION_CONTEXT(2) 
PARAMETRIC_REPRESENTATION_CONTEXT() REPRESENTATION_CONTEXT('2D SPACE',''
  ) );
#1288 = PCURVE('',#1289,#1294);
#1289 = PLANE('',#1290);
#1290 = AXIS2_PLACEMENT_3D('',#1291,#1292,#1293);
#1291 = CARTESIAN_POINT('',(13.863615799157,7.663473353019,
    1.000000042772E-07));
#1292 = DIRECTION('',(-0.991444861374,-0.13052619222,1.100724912744E-16)
  );
#1293 = DIRECTION('',(-0.13052619222,0.991444861374,1.449131839194E-17)
  );
#1294 = DEFINITIONAL_REPRESENTATION('',(#1295),#1299);
#1295 = LINE('',#1296,#1297);
#1296 = CARTESIAN_POINT('',(0.,0.));
#1297 = VECTOR('',#1298,1.);
#1298 = DIRECTION('',(1.,0.));
#1299 = ( GEOMETRIC_REPRESENTATION_CONTEXT(2) 
PARAMETRIC_REPRESENTATION_CONTEXT() REPRESENTATION_CONTEXT('2D SPACE',''
  ) );
#1300 = ORIENTED_EDGE('',*,*,#1301,.F.);
#1301 = EDGE_CURVE('',#1302,#1274,#1304,.T.);
#1302 = VERTEX_POINT('',#1303);
#1303 = CARTESIAN_POINT('',(16.430542064837,22.56008419234,
    1.000000040552E-07));
#1304 = SURFACE_CURVE('',#1305,(#1310,#1317),.PCURVE_S1.);
#1305 = CIRCLE('',#1306,24.85);
#1306 = AXIS2_PLACEMENT_3D('',#1307,#1308,#1309);
#1307 = CARTESIAN_POINT('',(26.8500001,1.000000049323E-07,
    1.00000002945E-07));
#1308 = DIRECTION('',(1.110223024625E-16,-0.,1.));
#1309 = DIRECTION('',(0.,1.,0.));
#1310 = PCURVE('',#45,#1311);
#1311 = DEFINITIONAL_REPRESENTATION('',(#1312),#1316);
#1312 = CIRCLE('',#1313,24.85);
#1313 = AXIS2_PLACEMENT_2D('',#1314,#1315);
#1314 = CARTESIAN_POINT('',(8.148619079986E-16,0.));
#1315 = DIRECTION('',(1.,0.));
#1316 = ( GEOMETRIC_REPRESENTATION_CONTEXT(2) 
PARAMETRIC_REPRESENTATION_CONTEXT() REPRESENTATION_CONTEXT('2D SPACE',''
  ) );
#1317 = PCURVE('',#1318,#1323);
#1318 = CYLINDRICAL_SURFACE('',#1319,24.85);
#1319 = AXIS2_PLACEMENT_3D('',#1320,#1321,#1322);
#1320 = CARTESIAN_POINT('',(26.8500001,1.000000049323E-07,
    1.00000002945E-07));
#1321 = DIRECTION('',(-1.110223024625E-16,-0.,-1.));
#1322 = DIRECTION('',(0.,1.,0.));
#1323 = DEFINITIONAL_REPRESENTATION('',(#1324),#1328);
#1324 = LINE('',#1325,#1326);
#1325 = CARTESIAN_POINT('',(-0.,0.));
#1326 = VECTOR('',#1327,1.);
#1327 = DIRECTION('',(-1.,0.));
#1328 = ( GEOMETRIC_REPRESENTATION_CONTEXT(2) 
PARAMETRIC_REPRESENTATION_CONTEXT() REPRESENTATION_CONTEXT('2D SPACE',''
  ) );
#1329 = ORIENTED_EDGE('',*,*,#1330,.T.);
#1330 = EDGE_CURVE('',#1302,#1331,#1333,.T.);
#1331 = VERTEX_POINT('',#1332);
#1332 = CARTESIAN_POINT('',(14.901546137292,10.946207087353,
    1.000000042772E-07));
#1333 = SURFACE_CURVE('',#1334,(#1338,#1345),.PCURVE_S1.);
#1334 = LINE('',#1335,#1336);
#1335 = CARTESIAN_POINT('',(16.689754970707,24.529001688175,
    1.000000040552E-07));
#1336 = VECTOR('',#1337,1.);
#1337 = DIRECTION('',(-0.13052619222,-0.991444861374,1.449131839194E-17)
  );
#1338 = PCURVE('',#45,#1339);
#1339 = DEFINITIONAL_REPRESENTATION('',(#1340),#1344);
#1340 = LINE('',#1341,#1342);
#1341 = CARTESIAN_POINT('',(24.529001588175,10.160245129293));
#1342 = VECTOR('',#1343,1.);
#1343 = DIRECTION('',(-0.991444861374,0.13052619222));
#1344 = ( GEOMETRIC_REPRESENTATION_CONTEXT(2) 
PARAMETRIC_REPRESENTATION_CONTEXT() REPRESENTATION_CONTEXT('2D SPACE',''
  ) );
#1345 = PCURVE('',#1346,#1351);
#1346 = PLANE('',#1347);
#1347 = AXIS2_PLACEMENT_3D('',#1348,#1349,#1350);
#1348 = CARTESIAN_POINT('',(16.430542064837,22.56008419234,
    1.000000040552E-07));
#1349 = DIRECTION('',(0.991444861374,-0.13052619222,-1.100724912744E-16)
  );
#1350 = DIRECTION('',(-0.13052619222,-0.991444861374,1.449131839194E-17)
  );
#1351 = DEFINITIONAL_REPRESENTATION('',(#1352),#1356);
#1352 = LINE('',#1353,#1354);
#1353 = CARTESIAN_POINT('',(-1.985907207291,-2.87784136377E-17));
#1354 = VECTOR('',#1355,1.);
#1355 = DIRECTION('',(1.,0.));
#1356 = ( GEOMETRIC_REPRESENTATION_CONTEXT(2) 
PARAMETRIC_REPRESENTATION_CONTEXT() REPRESENTATION_CONTEXT('2D SPACE',''
  ) );
#1357 = ORIENTED_EDGE('',*,*,#1358,.T.);
#1358 = EDGE_CURVE('',#1331,#1359,#1361,.T.);
#1359 = VERTEX_POINT('',#1360);
#1360 = CARTESIAN_POINT('',(16.289568943215,10.763470418245,
    1.000000040552E-07));
#1361 = SURFACE_CURVE('',#1362,(#1366,#1373),.PCURVE_S1.);
#1362 = LINE('',#1363,#1364);
#1363 = CARTESIAN_POINT('',(14.901546137292,10.946207087353,
    1.000000042772E-07));
#1364 = VECTOR('',#1365,1.);
#1365 = DIRECTION('',(0.991444861374,-0.13052619222,-1.100724912744E-16)
  );
#1366 = PCURVE('',#45,#1367);
#1367 = DEFINITIONAL_REPRESENTATION('',(#1368),#1372);
#1368 = LINE('',#1369,#1370);
#1369 = CARTESIAN_POINT('',(10.946206987353,11.948453962708));
#1370 = VECTOR('',#1371,1.);
#1371 = DIRECTION('',(-0.13052619222,-0.991444861374));
#1372 = ( GEOMETRIC_REPRESENTATION_CONTEXT(2) 
PARAMETRIC_REPRESENTATION_CONTEXT() REPRESENTATION_CONTEXT('2D SPACE',''
  ) );
#1373 = PCURVE('',#1374,#1379);
#1374 = PLANE('',#1375);
#1375 = AXIS2_PLACEMENT_3D('',#1376,#1377,#1378);
#1376 = CARTESIAN_POINT('',(14.901546137292,10.946207087353,
    1.000000042772E-07));
#1377 = DIRECTION('',(0.13052619222,0.991444861374,-1.449131839194E-17)
  );
#1378 = DIRECTION('',(0.991444861374,-0.13052619222,-1.100724912744E-16)
  );
#1379 = DEFINITIONAL_REPRESENTATION('',(#1380),#1384);
#1380 = LINE('',#1381,#1382);
#1381 = CARTESIAN_POINT('',(0.,0.));
#1382 = VECTOR('',#1383,1.);
#1383 = DIRECTION('',(1.,0.));
#1384 = ( GEOMETRIC_REPRESENTATION_CONTEXT(2) 
PARAMETRIC_REPRESENTATION_CONTEXT() REPRESENTATION_CONTEXT('2D SPACE',''
  ) );
#1385 = ORIENTED_EDGE('',*,*,#1386,.T.);
#1386 = EDGE_CURVE('',#1359,#1387,#1389,.T.);
#1387 = VERTEX_POINT('',#1388);
#1388 = CARTESIAN_POINT('',(17.925853506393,23.192285618591,
    1.000000038331E-07));
#1389 = SURFACE_CURVE('',#1390,(#1394,#1401),.PCURVE_S1.);
#1390 = LINE('',#1391,#1392);
#1391 = CARTESIAN_POINT('',(16.289568943215,10.763470418245,
    1.000000040552E-07));
#1392 = VECTOR('',#1393,1.);
#1393 = DIRECTION('',(0.13052619222,0.991444861374,-1.449131839194E-17)
  );
#1394 = PCURVE('',#45,#1395);
#1395 = DEFINITIONAL_REPRESENTATION('',(#1396),#1400);
#1396 = LINE('',#1397,#1398);
#1397 = CARTESIAN_POINT('',(10.763470318245,10.560431156785));
#1398 = VECTOR('',#1399,1.);
#1399 = DIRECTION('',(0.991444861374,-0.13052619222));
#1400 = ( GEOMETRIC_REPRESENTATION_CONTEXT(2) 
PARAMETRIC_REPRESENTATION_CONTEXT() REPRESENTATION_CONTEXT('2D SPACE',''
  ) );
#1401 = PCURVE('',#1402,#1407);
#1402 = PLANE('',#1403);
#1403 = AXIS2_PLACEMENT_3D('',#1404,#1405,#1406);
#1404 = CARTESIAN_POINT('',(16.289568943215,10.763470418245,
    1.000000040552E-07));
#1405 = DIRECTION('',(-0.991444861374,0.13052619222,1.100724912744E-16)
  );
#1406 = DIRECTION('',(0.13052619222,0.991444861374,-1.449131839194E-17)
  );
#1407 = DEFINITIONAL_REPRESENTATION('',(#1408),#1412);
#1408 = LINE('',#1409,#1410);
#1409 = CARTESIAN_POINT('',(0.,0.));
#1410 = VECTOR('',#1411,1.);
#1411 = DIRECTION('',(1.,0.));
#1412 = ( GEOMETRIC_REPRESENTATION_CONTEXT(2) 
PARAMETRIC_REPRESENTATION_CONTEXT() REPRESENTATION_CONTEXT('2D SPACE',''
  ) );
#1413 = ORIENTED_EDGE('',*,*,#1414,.F.);
#1414 = EDGE_CURVE('',#1415,#1387,#1417,.T.);
#1415 = VERTEX_POINT('',#1416);
#1416 = CARTESIAN_POINT('',(22.624555910112,24.488122147191,
    1.000000033891E-07));
#1417 = SURFACE_CURVE('',#1418,(#1423,#1430),.PCURVE_S1.);
#1418 = CIRCLE('',#1419,24.85);
#1419 = AXIS2_PLACEMENT_3D('',#1420,#1421,#1422);
#1420 = CARTESIAN_POINT('',(26.8500001,1.000000049323E-07,
    1.00000002945E-07));
#1421 = DIRECTION('',(1.110223024625E-16,-0.,1.));
#1422 = DIRECTION('',(0.,1.,0.));
#1423 = PCURVE('',#45,#1424);
#1424 = DEFINITIONAL_REPRESENTATION('',(#1425),#1429);
#1425 = CIRCLE('',#1426,24.85);
#1426 = AXIS2_PLACEMENT_2D('',#1427,#1428);
#1427 = CARTESIAN_POINT('',(8.148619079986E-16,0.));
#1428 = DIRECTION('',(1.,0.));
#1429 = ( GEOMETRIC_REPRESENTATION_CONTEXT(2) 
PARAMETRIC_REPRESENTATION_CONTEXT() REPRESENTATION_CONTEXT('2D SPACE',''
  ) );
#1430 = PCURVE('',#1431,#1436);
#1431 = CYLINDRICAL_SURFACE('',#1432,24.85);
#1432 = AXIS2_PLACEMENT_3D('',#1433,#1434,#1435);
#1433 = CARTESIAN_POINT('',(26.8500001,1.000000049323E-07,
    1.00000002945E-07));
#1434 = DIRECTION('',(-1.110223024625E-16,-0.,-1.));
#1435 = DIRECTION('',(0.,1.,0.));
#1436 = DEFINITIONAL_REPRESENTATION('',(#1437),#1441);
#1437 = LINE('',#1438,#1439);
#1438 = CARTESIAN_POINT('',(-0.,0.));
#1439 = VECTOR('',#1440,1.);
#1440 = DIRECTION('',(-1.,0.));
#1441 = ( GEOMETRIC_REPRESENTATION_CONTEXT(2) 
PARAMETRIC_REPRESENTATION_CONTEXT() REPRESENTATION_CONTEXT('2D SPACE',''
  ) );
#1442 = ORIENTED_EDGE('',*,*,#1443,.T.);
#1443 = EDGE_CURVE('',#1415,#1444,#1446,.T.);
#1444 = VERTEX_POINT('',#1445);
#1445 = CARTESIAN_POINT('',(18.141766673156,13.66571157407,
    1.000000038331E-07));
#1446 = SURFACE_CURVE('',#1447,(#1451,#1458),.PCURVE_S1.);
#1447 = LINE('',#1448,#1449);
#1448 = CARTESIAN_POINT('',(23.384529696558,26.322861169475,
    1.000000033891E-07));
#1449 = VECTOR('',#1450,1.);
#1450 = DIRECTION('',(-0.382683432365,-0.923879532511,4.248639577543E-17
    ));
#1451 = PCURVE('',#45,#1452);
#1452 = DEFINITIONAL_REPRESENTATION('',(#1453),#1457);
#1453 = LINE('',#1454,#1455);
#1454 = CARTESIAN_POINT('',(26.322861069475,3.465470403442));
#1455 = VECTOR('',#1456,1.);
#1456 = DIRECTION('',(-0.923879532511,0.382683432365));
#1457 = ( GEOMETRIC_REPRESENTATION_CONTEXT(2) 
PARAMETRIC_REPRESENTATION_CONTEXT() REPRESENTATION_CONTEXT('2D SPACE',''
  ) );
#1458 = PCURVE('',#1459,#1464);
#1459 = PLANE('',#1460);
#1460 = AXIS2_PLACEMENT_3D('',#1461,#1462,#1463);
#1461 = CARTESIAN_POINT('',(22.624555910113,24.488122147191,
    1.000000033891E-07));
#1462 = DIRECTION('',(0.923879532511,-0.382683432365,-1.025712328974E-16
    ));
#1463 = DIRECTION('',(-0.382683432365,-0.923879532511,4.248639577543E-17
    ));
#1464 = DEFINITIONAL_REPRESENTATION('',(#1465),#1469);
#1465 = LINE('',#1466,#1467);
#1466 = CARTESIAN_POINT('',(-1.985907207292,-8.437403958228E-17));
#1467 = VECTOR('',#1468,1.);
#1468 = DIRECTION('',(1.,0.));
#1469 = ( GEOMETRIC_REPRESENTATION_CONTEXT(2) 
PARAMETRIC_REPRESENTATION_CONTEXT() REPRESENTATION_CONTEXT('2D SPACE',''
  ) );
#1470 = ORIENTED_EDGE('',*,*,#1471,.T.);
#1471 = EDGE_CURVE('',#1444,#1472,#1474,.T.);
#1472 = VERTEX_POINT('',#1473);
#1473 = CARTESIAN_POINT('',(19.435198018672,13.129954768759,
    1.000000038331E-07));
#1474 = SURFACE_CURVE('',#1475,(#1479,#1486),.PCURVE_S1.);
#1475 = LINE('',#1476,#1477);
#1476 = CARTESIAN_POINT('',(18.141766673156,13.66571157407,
    1.000000038331E-07));
#1477 = VECTOR('',#1478,1.);
#1478 = DIRECTION('',(0.923879532511,-0.382683432365,-1.025712328974E-16
    ));
#1479 = PCURVE('',#45,#1480);
#1480 = DEFINITIONAL_REPRESENTATION('',(#1481),#1485);
#1481 = LINE('',#1482,#1483);
#1482 = CARTESIAN_POINT('',(13.66571147407,8.708233426844));
#1483 = VECTOR('',#1484,1.);
#1484 = DIRECTION('',(-0.382683432365,-0.923879532511));
#1485 = ( GEOMETRIC_REPRESENTATION_CONTEXT(2) 
PARAMETRIC_REPRESENTATION_CONTEXT() REPRESENTATION_CONTEXT('2D SPACE',''
  ) );
#1486 = PCURVE('',#1487,#1492);
#1487 = PLANE('',#1488);
#1488 = AXIS2_PLACEMENT_3D('',#1489,#1490,#1491);
#1489 = CARTESIAN_POINT('',(18.141766673156,13.66571157407,
    1.000000038331E-07));
#1490 = DIRECTION('',(0.382683432365,0.923879532511,-4.248639577543E-17)
  );
#1491 = DIRECTION('',(0.923879532511,-0.382683432365,-1.025712328974E-16
    ));
#1492 = DEFINITIONAL_REPRESENTATION('',(#1493),#1497);
#1493 = LINE('',#1494,#1495);
#1494 = CARTESIAN_POINT('',(0.,0.));
#1495 = VECTOR('',#1496,1.);
#1496 = DIRECTION('',(1.,0.));
#1497 = ( GEOMETRIC_REPRESENTATION_CONTEXT(2) 
PARAMETRIC_REPRESENTATION_CONTEXT() REPRESENTATION_CONTEXT('2D SPACE',''
  ) );
#1498 = ORIENTED_EDGE('',*,*,#1499,.T.);
#1499 = EDGE_CURVE('',#1472,#1500,#1502,.T.);
#1500 = VERTEX_POINT('',#1501);
#1501 = CARTESIAN_POINT('',(24.232541619312,24.711766752789,
    1.00000003167E-07));
#1502 = SURFACE_CURVE('',#1503,(#1507,#1514),.PCURVE_S1.);
#1503 = LINE('',#1504,#1505);
#1504 = CARTESIAN_POINT('',(19.435198018672,13.129954768759,
    1.000000038331E-07));
#1505 = VECTOR('',#1506,1.);
#1506 = DIRECTION('',(0.382683432365,0.923879532511,-4.248639577543E-17)
  );
#1507 = PCURVE('',#45,#1508);
#1508 = DEFINITIONAL_REPRESENTATION('',(#1509),#1513);
#1509 = LINE('',#1510,#1511);
#1510 = CARTESIAN_POINT('',(13.129954668759,7.414802081328));
#1511 = VECTOR('',#1512,1.);
#1512 = DIRECTION('',(0.923879532511,-0.382683432365));
#1513 = ( GEOMETRIC_REPRESENTATION_CONTEXT(2) 
PARAMETRIC_REPRESENTATION_CONTEXT() REPRESENTATION_CONTEXT('2D SPACE',''
  ) );
#1514 = PCURVE('',#1515,#1520);
#1515 = PLANE('',#1516);
#1516 = AXIS2_PLACEMENT_3D('',#1517,#1518,#1519);
#1517 = CARTESIAN_POINT('',(19.435198018672,13.129954768759,
    1.000000038331E-07));
#1518 = DIRECTION('',(-0.923879532511,0.382683432365,1.025712328974E-16)
  );
#1519 = DIRECTION('',(0.382683432365,0.923879532511,-4.248639577543E-17)
  );
#1520 = DEFINITIONAL_REPRESENTATION('',(#1521),#1525);
#1521 = LINE('',#1522,#1523);
#1522 = CARTESIAN_POINT('',(0.,0.));
#1523 = VECTOR('',#1524,1.);
#1524 = DIRECTION('',(1.,0.));
#1525 = ( GEOMETRIC_REPRESENTATION_CONTEXT(2) 
PARAMETRIC_REPRESENTATION_CONTEXT() REPRESENTATION_CONTEXT('2D SPACE',''
  ) );
#1526 = ORIENTED_EDGE('',*,*,#1527,.F.);
#1527 = EDGE_CURVE('',#1528,#1500,#1530,.T.);
#1528 = VERTEX_POINT('',#1529);
#1529 = CARTESIAN_POINT('',(29.106526794054,24.747335053062,
    1.000000027229E-07));
#1530 = SURFACE_CURVE('',#1531,(#1536,#1543),.PCURVE_S1.);
#1531 = CIRCLE('',#1532,24.85);
#1532 = AXIS2_PLACEMENT_3D('',#1533,#1534,#1535);
#1533 = CARTESIAN_POINT('',(26.8500001,1.000000049323E-07,
    1.00000002945E-07));
#1534 = DIRECTION('',(1.110223024625E-16,0.,1.));
#1535 = DIRECTION('',(9.080590318123E-02,0.995868609781,
    -1.008148044837E-17));
#1536 = PCURVE('',#45,#1537);
#1537 = DEFINITIONAL_REPRESENTATION('',(#1538),#1542);
#1538 = CIRCLE('',#1539,24.85);
#1539 = AXIS2_PLACEMENT_2D('',#1540,#1541);
#1540 = CARTESIAN_POINT('',(8.148619079986E-16,0.));
#1541 = DIRECTION('',(0.995868609781,-9.080590318123E-02));
#1542 = ( GEOMETRIC_REPRESENTATION_CONTEXT(2) 
PARAMETRIC_REPRESENTATION_CONTEXT() REPRESENTATION_CONTEXT('2D SPACE',''
  ) );
#1543 = PCURVE('',#1544,#1549);
#1544 = CYLINDRICAL_SURFACE('',#1545,24.85);
#1545 = AXIS2_PLACEMENT_3D('',#1546,#1547,#1548);
#1546 = CARTESIAN_POINT('',(26.8500001,1.000000049323E-07,
    1.00000002945E-07));
#1547 = DIRECTION('',(-1.110223024625E-16,-0.,-1.));
#1548 = DIRECTION('',(0.,1.,0.));
#1549 = DEFINITIONAL_REPRESENTATION('',(#1550),#1554);
#1550 = LINE('',#1551,#1552);
#1551 = CARTESIAN_POINT('',(-6.192254145437,0.));
#1552 = VECTOR('',#1553,1.);
#1553 = DIRECTION('',(-1.,0.));
#1554 = ( GEOMETRIC_REPRESENTATION_CONTEXT(2) 
PARAMETRIC_REPRESENTATION_CONTEXT() REPRESENTATION_CONTEXT('2D SPACE',''
  ) );
#1555 = ORIENTED_EDGE('',*,*,#1556,.T.);
#1556 = EDGE_CURVE('',#1528,#1557,#1559,.T.);
#1557 = VERTEX_POINT('',#1558);
#1558 = CARTESIAN_POINT('',(21.975438926023,15.453920407485,
    1.000000033891E-07));
#1559 = SURFACE_CURVE('',#1560,(#1564,#1571),.PCURVE_S1.);
#1560 = LINE('',#1561,#1562);
#1561 = CARTESIAN_POINT('',(30.315470503442,26.322861169475,
    1.000000026119E-07));
#1562 = VECTOR('',#1563,1.);
#1563 = DIRECTION('',(-0.608761429009,-0.793353340291,6.758609549892E-17
    ));
#1564 = PCURVE('',#45,#1565);
#1565 = DEFINITIONAL_REPRESENTATION('',(#1566),#1570);
#1566 = LINE('',#1567,#1568);
#1567 = CARTESIAN_POINT('',(26.322861069475,-3.465470403442));
#1568 = VECTOR('',#1569,1.);
#1569 = DIRECTION('',(-0.793353340291,0.608761429009));
#1570 = ( GEOMETRIC_REPRESENTATION_CONTEXT(2) 
PARAMETRIC_REPRESENTATION_CONTEXT() REPRESENTATION_CONTEXT('2D SPACE',''
  ) );
#1571 = PCURVE('',#1572,#1577);
#1572 = PLANE('',#1573);
#1573 = AXIS2_PLACEMENT_3D('',#1574,#1575,#1576);
#1574 = CARTESIAN_POINT('',(29.106526794053,24.747335053062,
    1.000000027229E-07));
#1575 = DIRECTION('',(0.793353340291,-0.608761429009,-8.807991450546E-17
    ));
#1576 = DIRECTION('',(-0.608761429009,-0.793353340291,6.758609549892E-17
    ));
#1577 = DEFINITIONAL_REPRESENTATION('',(#1578),#1582);
#1578 = LINE('',#1579,#1580);
#1579 = CARTESIAN_POINT('',(-1.985907207291,-2.319741170143E-17));
#1580 = VECTOR('',#1581,1.);
#1581 = DIRECTION('',(1.,0.));
#1582 = ( GEOMETRIC_REPRESENTATION_CONTEXT(2) 
PARAMETRIC_REPRESENTATION_CONTEXT() REPRESENTATION_CONTEXT('2D SPACE',''
  ) );
#1583 = ORIENTED_EDGE('',*,*,#1584,.T.);
#1584 = EDGE_CURVE('',#1557,#1585,#1587,.T.);
#1585 = VERTEX_POINT('',#1586);
#1586 = CARTESIAN_POINT('',(23.086133602431,14.601654406873,
    1.000000033891E-07));
#1587 = SURFACE_CURVE('',#1588,(#1592,#1599),.PCURVE_S1.);
#1588 = LINE('',#1589,#1590);
#1589 = CARTESIAN_POINT('',(21.975438926023,15.453920407485,
    1.000000033891E-07));
#1590 = VECTOR('',#1591,1.);
#1591 = DIRECTION('',(0.793353340291,-0.608761429009,-8.807991450546E-17
    ));
#1592 = PCURVE('',#45,#1593);
#1593 = DEFINITIONAL_REPRESENTATION('',(#1594),#1598);
#1594 = LINE('',#1595,#1596);
#1595 = CARTESIAN_POINT('',(15.453920307485,4.874561173977));
#1596 = VECTOR('',#1597,1.);
#1597 = DIRECTION('',(-0.608761429009,-0.793353340291));
#1598 = ( GEOMETRIC_REPRESENTATION_CONTEXT(2) 
PARAMETRIC_REPRESENTATION_CONTEXT() REPRESENTATION_CONTEXT('2D SPACE',''
  ) );
#1599 = PCURVE('',#1600,#1605);
#1600 = PLANE('',#1601);
#1601 = AXIS2_PLACEMENT_3D('',#1602,#1603,#1604);
#1602 = CARTESIAN_POINT('',(21.975438926023,15.453920407485,
    1.000000033891E-07));
#1603 = DIRECTION('',(0.608761429009,0.793353340291,-6.758609549892E-17)
  );
#1604 = DIRECTION('',(0.793353340291,-0.608761429009,-8.807991450546E-17
    ));
#1605 = DEFINITIONAL_REPRESENTATION('',(#1606),#1610);
#1606 = LINE('',#1607,#1608);
#1607 = CARTESIAN_POINT('',(0.,0.));
#1608 = VECTOR('',#1609,1.);
#1609 = DIRECTION('',(1.,0.));
#1610 = ( GEOMETRIC_REPRESENTATION_CONTEXT(2) 
PARAMETRIC_REPRESENTATION_CONTEXT() REPRESENTATION_CONTEXT('2D SPACE',''
  ) );
#1611 = ORIENTED_EDGE('',*,*,#1612,.T.);
#1612 = EDGE_CURVE('',#1585,#1613,#1615,.T.);
#1613 = VERTEX_POINT('',#1614);
#1614 = CARTESIAN_POINT('',(30.717605202135,24.547181827725,
    1.000000025009E-07));
#1615 = SURFACE_CURVE('',#1616,(#1620,#1627),.PCURVE_S1.);
#1616 = LINE('',#1617,#1618);
#1617 = CARTESIAN_POINT('',(23.086133602431,14.601654406873,
    1.000000033891E-07));
#1618 = VECTOR('',#1619,1.);
#1619 = DIRECTION('',(0.608761429009,0.793353340291,-6.758609549892E-17)
  );
#1620 = PCURVE('',#45,#1621);
#1621 = DEFINITIONAL_REPRESENTATION('',(#1622),#1626);
#1622 = LINE('',#1623,#1624);
#1623 = CARTESIAN_POINT('',(14.601654306873,3.763866497569));
#1624 = VECTOR('',#1625,1.);
#1625 = DIRECTION('',(0.793353340291,-0.608761429009));
#1626 = ( GEOMETRIC_REPRESENTATION_CONTEXT(2) 
PARAMETRIC_REPRESENTATION_CONTEXT() REPRESENTATION_CONTEXT('2D SPACE',''
  ) );
#1627 = PCURVE('',#1628,#1633);
#1628 = PLANE('',#1629);
#1629 = AXIS2_PLACEMENT_3D('',#1630,#1631,#1632);
#1630 = CARTESIAN_POINT('',(23.086133602431,14.601654406873,
    1.000000033891E-07));
#1631 = DIRECTION('',(-0.793353340291,0.608761429009,8.807991450546E-17)
  );
#1632 = DIRECTION('',(0.608761429009,0.793353340291,-6.758609549892E-17)
  );
#1633 = DEFINITIONAL_REPRESENTATION('',(#1634),#1638);
#1634 = LINE('',#1635,#1636);
#1635 = CARTESIAN_POINT('',(0.,0.));
#1636 = VECTOR('',#1637,1.);
#1637 = DIRECTION('',(1.,0.));
#1638 = ( GEOMETRIC_REPRESENTATION_CONTEXT(2) 
PARAMETRIC_REPRESENTATION_CONTEXT() REPRESENTATION_CONTEXT('2D SPACE',''
  ) );
#1639 = ORIENTED_EDGE('',*,*,#1640,.F.);
#1640 = EDGE_CURVE('',#1641,#1613,#1643,.T.);
#1641 = VERTEX_POINT('',#1642);
#1642 = CARTESIAN_POINT('',(35.434719112881,23.320057978785,
    1.000000019458E-07));
#1643 = SURFACE_CURVE('',#1644,(#1649,#1656),.PCURVE_S1.);
#1644 = CIRCLE('',#1645,24.85);
#1645 = AXIS2_PLACEMENT_3D('',#1646,#1647,#1648);
#1646 = CARTESIAN_POINT('',(26.8500001,1.000000049323E-07,
    1.00000002945E-07));
#1647 = DIRECTION('',(1.110223024625E-16,-0.,1.));
#1648 = DIRECTION('',(0.,1.,0.));
#1649 = PCURVE('',#45,#1650);
#1650 = DEFINITIONAL_REPRESENTATION('',(#1651),#1655);
#1651 = CIRCLE('',#1652,24.85);
#1652 = AXIS2_PLACEMENT_2D('',#1653,#1654);
#1653 = CARTESIAN_POINT('',(8.148619079986E-16,0.));
#1654 = DIRECTION('',(1.,0.));
#1655 = ( GEOMETRIC_REPRESENTATION_CONTEXT(2) 
PARAMETRIC_REPRESENTATION_CONTEXT() REPRESENTATION_CONTEXT('2D SPACE',''
  ) );
#1656 = PCURVE('',#1657,#1662);
#1657 = CYLINDRICAL_SURFACE('',#1658,24.85);
#1658 = AXIS2_PLACEMENT_3D('',#1659,#1660,#1661);
#1659 = CARTESIAN_POINT('',(26.8500001,1.000000049323E-07,
    1.00000002945E-07));
#1660 = DIRECTION('',(-1.110223024625E-16,-0.,-1.));
#1661 = DIRECTION('',(0.,1.,0.));
#1662 = DEFINITIONAL_REPRESENTATION('',(#1663),#1667);
#1663 = LINE('',#1664,#1665);
#1664 = CARTESIAN_POINT('',(-0.,0.));
#1665 = VECTOR('',#1666,1.);
#1666 = DIRECTION('',(-1.,0.));
#1667 = ( GEOMETRIC_REPRESENTATION_CONTEXT(2) 
PARAMETRIC_REPRESENTATION_CONTEXT() REPRESENTATION_CONTEXT('2D SPACE',''
  ) );
#1668 = ORIENTED_EDGE('',*,*,#1669,.T.);
#1669 = EDGE_CURVE('',#1641,#1670,#1672,.T.);
#1670 = VERTEX_POINT('',#1671);
#1671 = CARTESIAN_POINT('',(26.141304467303,16.188970110755,
    1.00000002945E-07));
#1672 = SURFACE_CURVE('',#1673,(#1677,#1684),.PCURVE_S1.);
#1673 = LINE('',#1674,#1675);
#1674 = CARTESIAN_POINT('',(37.010245229293,24.529001688175,
    1.000000018347E-07));
#1675 = VECTOR('',#1676,1.);
#1676 = DIRECTION('',(-0.793353340291,-0.608761429009,8.807991450546E-17
    ));
#1677 = PCURVE('',#45,#1678);
#1678 = DEFINITIONAL_REPRESENTATION('',(#1679),#1683);
#1679 = LINE('',#1680,#1681);
#1680 = CARTESIAN_POINT('',(24.529001588175,-10.16024512929));
#1681 = VECTOR('',#1682,1.);
#1682 = DIRECTION('',(-0.608761429009,0.793353340291));
#1683 = ( GEOMETRIC_REPRESENTATION_CONTEXT(2) 
PARAMETRIC_REPRESENTATION_CONTEXT() REPRESENTATION_CONTEXT('2D SPACE',''
  ) );
#1684 = PCURVE('',#1685,#1690);
#1685 = PLANE('',#1686);
#1686 = AXIS2_PLACEMENT_3D('',#1687,#1688,#1689);
#1687 = CARTESIAN_POINT('',(35.434719112881,23.320057978786,
    1.000000019458E-07));
#1688 = DIRECTION('',(0.608761429009,-0.793353340291,-6.758609549892E-17
    ));
#1689 = DIRECTION('',(-0.793353340291,-0.608761429009,8.807991450546E-17
    ));
#1690 = DEFINITIONAL_REPRESENTATION('',(#1691),#1695);
#1691 = LINE('',#1692,#1693);
#1692 = CARTESIAN_POINT('',(-1.98590720729,-6.38962345714E-17));
#1693 = VECTOR('',#1694,1.);
#1694 = DIRECTION('',(1.,0.));
#1695 = ( GEOMETRIC_REPRESENTATION_CONTEXT(2) 
PARAMETRIC_REPRESENTATION_CONTEXT() REPRESENTATION_CONTEXT('2D SPACE',''
  ) );
#1696 = ORIENTED_EDGE('',*,*,#1697,.T.);
#1697 = EDGE_CURVE('',#1670,#1698,#1700,.T.);
#1698 = VERTEX_POINT('',#1699);
#1699 = CARTESIAN_POINT('',(26.993570467915,15.078275434347,
    1.00000002945E-07));
#1700 = SURFACE_CURVE('',#1701,(#1705,#1712),.PCURVE_S1.);
#1701 = LINE('',#1702,#1703);
#1702 = CARTESIAN_POINT('',(26.141304467303,16.188970110755,
    1.00000002945E-07));
#1703 = VECTOR('',#1704,1.);
#1704 = DIRECTION('',(0.608761429009,-0.793353340291,-6.758609549892E-17
    ));
#1705 = PCURVE('',#45,#1706);
#1706 = DEFINITIONAL_REPRESENTATION('',(#1707),#1711);
#1707 = LINE('',#1708,#1709);
#1708 = CARTESIAN_POINT('',(16.188970010755,0.708695632697));
#1709 = VECTOR('',#1710,1.);
#1710 = DIRECTION('',(-0.793353340291,-0.608761429009));
#1711 = ( GEOMETRIC_REPRESENTATION_CONTEXT(2) 
PARAMETRIC_REPRESENTATION_CONTEXT() REPRESENTATION_CONTEXT('2D SPACE',''
  ) );
#1712 = PCURVE('',#1713,#1718);
#1713 = PLANE('',#1714);
#1714 = AXIS2_PLACEMENT_3D('',#1715,#1716,#1717);
#1715 = CARTESIAN_POINT('',(26.141304467303,16.188970110755,
    1.00000002945E-07));
#1716 = DIRECTION('',(0.793353340291,0.608761429009,-8.807991450546E-17)
  );
#1717 = DIRECTION('',(0.608761429009,-0.793353340291,-6.758609549892E-17
    ));
#1718 = DEFINITIONAL_REPRESENTATION('',(#1719),#1723);
#1719 = LINE('',#1720,#1721);
#1720 = CARTESIAN_POINT('',(0.,0.));
#1721 = VECTOR('',#1722,1.);
#1722 = DIRECTION('',(1.,0.));
#1723 = ( GEOMETRIC_REPRESENTATION_CONTEXT(2) 
PARAMETRIC_REPRESENTATION_CONTEXT() REPRESENTATION_CONTEXT('2D SPACE',''
  ) );
#1724 = ORIENTED_EDGE('',*,*,#1725,.T.);
#1725 = EDGE_CURVE('',#1698,#1726,#1728,.T.);
#1726 = VERTEX_POINT('',#1727);
#1727 = CARTESIAN_POINT('',(36.939097888766,22.709747034052,
    1.000000018347E-07));
#1728 = SURFACE_CURVE('',#1729,(#1733,#1740),.PCURVE_S1.);
#1729 = LINE('',#1730,#1731);
#1730 = CARTESIAN_POINT('',(26.993570467915,15.078275434347,
    1.00000002945E-07));
#1731 = VECTOR('',#1732,1.);
#1732 = DIRECTION('',(0.793353340291,0.608761429009,-8.807991450546E-17)
  );
#1733 = PCURVE('',#45,#1734);
#1734 = DEFINITIONAL_REPRESENTATION('',(#1735),#1739);
#1735 = LINE('',#1736,#1737);
#1736 = CARTESIAN_POINT('',(15.078275334347,-0.143570367915));
#1737 = VECTOR('',#1738,1.);
#1738 = DIRECTION('',(0.608761429009,-0.793353340291));
#1739 = ( GEOMETRIC_REPRESENTATION_CONTEXT(2) 
PARAMETRIC_REPRESENTATION_CONTEXT() REPRESENTATION_CONTEXT('2D SPACE',''
  ) );
#1740 = PCURVE('',#1741,#1746);
#1741 = PLANE('',#1742);
#1742 = AXIS2_PLACEMENT_3D('',#1743,#1744,#1745);
#1743 = CARTESIAN_POINT('',(26.993570467915,15.078275434347,
    1.00000002945E-07));
#1744 = DIRECTION('',(-0.608761429009,0.793353340291,6.758609549892E-17)
  );
#1745 = DIRECTION('',(0.793353340291,0.608761429009,-8.807991450546E-17)
  );
#1746 = DEFINITIONAL_REPRESENTATION('',(#1747),#1751);
#1747 = LINE('',#1748,#1749);
#1748 = CARTESIAN_POINT('',(0.,0.));
#1749 = VECTOR('',#1750,1.);
#1750 = DIRECTION('',(1.,0.));
#1751 = ( GEOMETRIC_REPRESENTATION_CONTEXT(2) 
PARAMETRIC_REPRESENTATION_CONTEXT() REPRESENTATION_CONTEXT('2D SPACE',''
  ) );
#1752 = ORIENTED_EDGE('',*,*,#1753,.F.);
#1753 = EDGE_CURVE('',#1754,#1726,#1756,.T.);
#1754 = VERTEX_POINT('',#1755);
#1755 = CARTESIAN_POINT('',(41.177877017898,20.303557498288,
    1.000000013907E-07));
#1756 = SURFACE_CURVE('',#1757,(#1762,#1769),.PCURVE_S1.);
#1757 = CIRCLE('',#1758,24.85);
#1758 = AXIS2_PLACEMENT_3D('',#1759,#1760,#1761);
#1759 = CARTESIAN_POINT('',(26.8500001,1.000000049323E-07,
    1.00000002945E-07));
#1760 = DIRECTION('',(1.110223024625E-16,-0.,1.));
#1761 = DIRECTION('',(0.,1.,0.));
#1762 = PCURVE('',#45,#1763);
#1763 = DEFINITIONAL_REPRESENTATION('',(#1764),#1768);
#1764 = CIRCLE('',#1765,24.85);
#1765 = AXIS2_PLACEMENT_2D('',#1766,#1767);
#1766 = CARTESIAN_POINT('',(8.148619079986E-16,0.));
#1767 = DIRECTION('',(1.,0.));
#1768 = ( GEOMETRIC_REPRESENTATION_CONTEXT(2) 
PARAMETRIC_REPRESENTATION_CONTEXT() REPRESENTATION_CONTEXT('2D SPACE',''
  ) );
#1769 = PCURVE('',#1770,#1775);
#1770 = CYLINDRICAL_SURFACE('',#1771,24.85);
#1771 = AXIS2_PLACEMENT_3D('',#1772,#1773,#1774);
#1772 = CARTESIAN_POINT('',(26.8500001,1.000000049323E-07,
    1.00000002945E-07));
#1773 = DIRECTION('',(-1.110223024625E-16,-0.,-1.));
#1774 = DIRECTION('',(0.,1.,0.));
#1775 = DEFINITIONAL_REPRESENTATION('',(#1776),#1780);
#1776 = LINE('',#1777,#1778);
#1777 = CARTESIAN_POINT('',(-0.,0.));
#1778 = VECTOR('',#1779,1.);
#1779 = DIRECTION('',(-1.,0.));
#1780 = ( GEOMETRIC_REPRESENTATION_CONTEXT(2) 
PARAMETRIC_REPRESENTATION_CONTEXT() REPRESENTATION_CONTEXT('2D SPACE',''
  ) );
#1781 = ORIENTED_EDGE('',*,*,#1782,.T.);
#1782 = EDGE_CURVE('',#1754,#1783,#1785,.T.);
#1783 = VERTEX_POINT('',#1784);
#1784 = CARTESIAN_POINT('',(30.355466444777,15.820768261331,
    1.000000025009E-07));
#1785 = SURFACE_CURVE('',#1786,(#1790,#1797),.PCURVE_S1.);
#1786 = LINE('',#1787,#1788);
#1787 = CARTESIAN_POINT('',(43.012616040182,21.063531284732,
    1.000000011686E-07));
#1788 = VECTOR('',#1789,1.);
#1789 = DIRECTION('',(-0.923879532511,-0.382683432365,1.025712328974E-16
    ));
#1790 = PCURVE('',#45,#1791);
#1791 = DEFINITIONAL_REPRESENTATION('',(#1792),#1796);
#1792 = LINE('',#1793,#1794);
#1793 = CARTESIAN_POINT('',(21.063531184732,-16.16261594018));
#1794 = VECTOR('',#1795,1.);
#1795 = DIRECTION('',(-0.382683432365,0.923879532511));
#1796 = ( GEOMETRIC_REPRESENTATION_CONTEXT(2) 
PARAMETRIC_REPRESENTATION_CONTEXT() REPRESENTATION_CONTEXT('2D SPACE',''
  ) );
#1797 = PCURVE('',#1798,#1803);
#1798 = PLANE('',#1799);
#1799 = AXIS2_PLACEMENT_3D('',#1800,#1801,#1802);
#1800 = CARTESIAN_POINT('',(41.177877017898,20.303557498287,
    1.000000013907E-07));
#1801 = DIRECTION('',(0.382683432365,-0.923879532511,-4.248639577543E-17
    ));
#1802 = DIRECTION('',(-0.923879532511,-0.382683432365,1.025712328974E-16
    ));
#1803 = DEFINITIONAL_REPRESENTATION('',(#1804),#1808);
#1804 = LINE('',#1805,#1806);
#1805 = CARTESIAN_POINT('',(-1.985907207292,1.83476542533E-17));
#1806 = VECTOR('',#1807,1.);
#1807 = DIRECTION('',(1.,0.));
#1808 = ( GEOMETRIC_REPRESENTATION_CONTEXT(2) 
PARAMETRIC_REPRESENTATION_CONTEXT() REPRESENTATION_CONTEXT('2D SPACE',''
  ) );
#1809 = ORIENTED_EDGE('',*,*,#1810,.T.);
#1810 = EDGE_CURVE('',#1783,#1811,#1813,.T.);
#1811 = VERTEX_POINT('',#1812);
#1812 = CARTESIAN_POINT('',(30.891223250088,14.527336915815,
    1.000000025009E-07));
#1813 = SURFACE_CURVE('',#1814,(#1818,#1825),.PCURVE_S1.);
#1814 = LINE('',#1815,#1816);
#1815 = CARTESIAN_POINT('',(30.355466444777,15.820768261331,
    1.000000025009E-07));
#1816 = VECTOR('',#1817,1.);
#1817 = DIRECTION('',(0.382683432365,-0.923879532511,-4.248639577543E-17
    ));
#1818 = PCURVE('',#45,#1819);
#1819 = DEFINITIONAL_REPRESENTATION('',(#1820),#1824);
#1820 = LINE('',#1821,#1822);
#1821 = CARTESIAN_POINT('',(15.820768161331,-3.505466344777));
#1822 = VECTOR('',#1823,1.);
#1823 = DIRECTION('',(-0.923879532511,-0.382683432365));
#1824 = ( GEOMETRIC_REPRESENTATION_CONTEXT(2) 
PARAMETRIC_REPRESENTATION_CONTEXT() REPRESENTATION_CONTEXT('2D SPACE',''
  ) );
#1825 = PCURVE('',#1826,#1831);
#1826 = PLANE('',#1827);
#1827 = AXIS2_PLACEMENT_3D('',#1828,#1829,#1830);
#1828 = CARTESIAN_POINT('',(30.355466444777,15.820768261331,
    1.000000025009E-07));
#1829 = DIRECTION('',(0.923879532511,0.382683432365,-1.025712328974E-16)
  );
#1830 = DIRECTION('',(0.382683432365,-0.923879532511,-4.248639577543E-17
    ));
#1831 = DEFINITIONAL_REPRESENTATION('',(#1832),#1836);
#1832 = LINE('',#1833,#1834);
#1833 = CARTESIAN_POINT('',(0.,0.));
#1834 = VECTOR('',#1835,1.);
#1835 = DIRECTION('',(1.,0.));
#1836 = ( GEOMETRIC_REPRESENTATION_CONTEXT(2) 
PARAMETRIC_REPRESENTATION_CONTEXT() REPRESENTATION_CONTEXT('2D SPACE',''
  ) );
#1837 = ORIENTED_EDGE('',*,*,#1838,.T.);
#1838 = EDGE_CURVE('',#1811,#1839,#1841,.T.);
#1839 = VERTEX_POINT('',#1840);
#1840 = CARTESIAN_POINT('',(42.473035234117,19.324680516455,
    1.000000011686E-07));
#1841 = SURFACE_CURVE('',#1842,(#1846,#1853),.PCURVE_S1.);
#1842 = LINE('',#1843,#1844);
#1843 = CARTESIAN_POINT('',(30.891223250088,14.527336915815,
    1.000000025009E-07));
#1844 = VECTOR('',#1845,1.);
#1845 = DIRECTION('',(0.923879532511,0.382683432365,-1.025712328974E-16)
  );
#1846 = PCURVE('',#45,#1847);
#1847 = DEFINITIONAL_REPRESENTATION('',(#1848),#1852);
#1848 = LINE('',#1849,#1850);
#1849 = CARTESIAN_POINT('',(14.527336815815,-4.041223150088));
#1850 = VECTOR('',#1851,1.);
#1851 = DIRECTION('',(0.382683432365,-0.923879532511));
#1852 = ( GEOMETRIC_REPRESENTATION_CONTEXT(2) 
PARAMETRIC_REPRESENTATION_CONTEXT() REPRESENTATION_CONTEXT('2D SPACE',''
  ) );
#1853 = PCURVE('',#1854,#1859);
#1854 = PLANE('',#1855);
#1855 = AXIS2_PLACEMENT_3D('',#1856,#1857,#1858);
#1856 = CARTESIAN_POINT('',(30.891223250088,14.527336915815,
    1.000000025009E-07));
#1857 = DIRECTION('',(-0.382683432365,0.923879532511,4.248639577543E-17)
  );
#1858 = DIRECTION('',(0.923879532511,0.382683432365,-1.025712328974E-16)
  );
#1859 = DEFINITIONAL_REPRESENTATION('',(#1860),#1864);
#1860 = LINE('',#1861,#1862);
#1861 = CARTESIAN_POINT('',(0.,0.));
#1862 = VECTOR('',#1863,1.);
#1863 = DIRECTION('',(1.,0.));
#1864 = ( GEOMETRIC_REPRESENTATION_CONTEXT(2) 
PARAMETRIC_REPRESENTATION_CONTEXT() REPRESENTATION_CONTEXT('2D SPACE',''
  ) );
#1865 = ORIENTED_EDGE('',*,*,#1866,.F.);
#1866 = EDGE_CURVE('',#1867,#1839,#1869,.T.);
#1867 = VERTEX_POINT('',#1868);
#1868 = CARTESIAN_POINT('',(45.944613788898,15.903403134311,
    1.000000008355E-07));
#1869 = SURFACE_CURVE('',#1870,(#1875,#1882),.PCURVE_S1.);
#1870 = CIRCLE('',#1871,24.85);
#1871 = AXIS2_PLACEMENT_3D('',#1872,#1873,#1874);
#1872 = CARTESIAN_POINT('',(26.8500001,1.000000049323E-07,
    1.00000002945E-07));
#1873 = DIRECTION('',(1.110223024625E-16,-0.,1.));
#1874 = DIRECTION('',(0.,1.,0.));
#1875 = PCURVE('',#45,#1876);
#1876 = DEFINITIONAL_REPRESENTATION('',(#1877),#1881);
#1877 = CIRCLE('',#1878,24.85);
#1878 = AXIS2_PLACEMENT_2D('',#1879,#1880);
#1879 = CARTESIAN_POINT('',(8.148619079986E-16,0.));
#1880 = DIRECTION('',(1.,0.));
#1881 = ( GEOMETRIC_REPRESENTATION_CONTEXT(2) 
PARAMETRIC_REPRESENTATION_CONTEXT() REPRESENTATION_CONTEXT('2D SPACE',''
  ) );
#1882 = PCURVE('',#1883,#1888);
#1883 = CYLINDRICAL_SURFACE('',#1884,24.85);
#1884 = AXIS2_PLACEMENT_3D('',#1885,#1886,#1887);
#1885 = CARTESIAN_POINT('',(26.8500001,1.000000049323E-07,
    1.00000002945E-07));
#1886 = DIRECTION('',(-1.110223024625E-16,-0.,-1.));
#1887 = DIRECTION('',(0.,1.,0.));
#1888 = DEFINITIONAL_REPRESENTATION('',(#1889),#1893);
#1889 = LINE('',#1890,#1891);
#1890 = CARTESIAN_POINT('',(-0.,0.));
#1891 = VECTOR('',#1892,1.);
#1892 = DIRECTION('',(-1.,0.));
#1893 = ( GEOMETRIC_REPRESENTATION_CONTEXT(2) 
PARAMETRIC_REPRESENTATION_CONTEXT() REPRESENTATION_CONTEXT('2D SPACE',''
  ) );
#1894 = ORIENTED_EDGE('',*,*,#1895,.T.);
#1895 = EDGE_CURVE('',#1867,#1896,#1898,.T.);
#1896 = VERTEX_POINT('',#1897);
#1897 = CARTESIAN_POINT('',(34.330736683911,14.374407206767,
    1.000000021678E-07));
#1898 = SURFACE_CURVE('',#1899,(#1903,#1910),.PCURVE_S1.);
#1899 = LINE('',#1900,#1901);
#1900 = CARTESIAN_POINT('',(47.913531284732,16.162616040182,
    1.000000006135E-07));
#1901 = VECTOR('',#1902,1.);
#1902 = DIRECTION('',(-0.991444861374,-0.13052619222,1.100724912744E-16)
  );
#1903 = PCURVE('',#45,#1904);
#1904 = DEFINITIONAL_REPRESENTATION('',(#1905),#1909);
#1905 = LINE('',#1906,#1907);
#1906 = CARTESIAN_POINT('',(16.162615940182,-21.06353118473));
#1907 = VECTOR('',#1908,1.);
#1908 = DIRECTION('',(-0.13052619222,0.991444861374));
#1909 = ( GEOMETRIC_REPRESENTATION_CONTEXT(2) 
PARAMETRIC_REPRESENTATION_CONTEXT() REPRESENTATION_CONTEXT('2D SPACE',''
  ) );
#1910 = PCURVE('',#1911,#1916);
#1911 = PLANE('',#1912);
#1912 = AXIS2_PLACEMENT_3D('',#1913,#1914,#1915);
#1913 = CARTESIAN_POINT('',(45.944613788898,15.903403134311,
    1.000000008355E-07));
#1914 = DIRECTION('',(0.13052619222,-0.991444861374,-1.449131839194E-17)
  );
#1915 = DIRECTION('',(-0.991444861374,-0.13052619222,1.100724912744E-16)
  );
#1916 = DEFINITIONAL_REPRESENTATION('',(#1917),#1921);
#1917 = LINE('',#1918,#1919);
#1918 = CARTESIAN_POINT('',(-1.985907207291,3.450851178806E-18));
#1919 = VECTOR('',#1920,1.);
#1920 = DIRECTION('',(1.,0.));
#1921 = ( GEOMETRIC_REPRESENTATION_CONTEXT(2) 
PARAMETRIC_REPRESENTATION_CONTEXT() REPRESENTATION_CONTEXT('2D SPACE',''
  ) );
#1922 = ORIENTED_EDGE('',*,*,#1923,.T.);
#1923 = EDGE_CURVE('',#1896,#1924,#1926,.T.);
#1924 = VERTEX_POINT('',#1925);
#1925 = CARTESIAN_POINT('',(34.513473353019,12.986384400843,
    1.000000020568E-07));
#1926 = SURFACE_CURVE('',#1927,(#1931,#1938),.PCURVE_S1.);
#1927 = LINE('',#1928,#1929);
#1928 = CARTESIAN_POINT('',(34.330736683911,14.374407206767,
    1.000000021678E-07));
#1929 = VECTOR('',#1930,1.);
#1930 = DIRECTION('',(0.13052619222,-0.991444861374,-1.449131839194E-17)
  );
#1931 = PCURVE('',#45,#1932);
#1932 = DEFINITIONAL_REPRESENTATION('',(#1933),#1937);
#1933 = LINE('',#1934,#1935);
#1934 = CARTESIAN_POINT('',(14.374407106767,-7.480736583911));
#1935 = VECTOR('',#1936,1.);
#1936 = DIRECTION('',(-0.991444861374,-0.13052619222));
#1937 = ( GEOMETRIC_REPRESENTATION_CONTEXT(2) 
PARAMETRIC_REPRESENTATION_CONTEXT() REPRESENTATION_CONTEXT('2D SPACE',''
  ) );
#1938 = PCURVE('',#1939,#1944);
#1939 = PLANE('',#1940);
#1940 = AXIS2_PLACEMENT_3D('',#1941,#1942,#1943);
#1941 = CARTESIAN_POINT('',(34.330736683911,14.374407206767,
    1.000000021678E-07));
#1942 = DIRECTION('',(0.991444861374,0.13052619222,-1.100724912744E-16)
  );
#1943 = DIRECTION('',(0.13052619222,-0.991444861374,-1.449131839194E-17)
  );
#1944 = DEFINITIONAL_REPRESENTATION('',(#1945),#1949);
#1945 = LINE('',#1946,#1947);
#1946 = CARTESIAN_POINT('',(0.,0.));
#1947 = VECTOR('',#1948,1.);
#1948 = DIRECTION('',(1.,0.));
#1949 = ( GEOMETRIC_REPRESENTATION_CONTEXT(2) 
PARAMETRIC_REPRESENTATION_CONTEXT() REPRESENTATION_CONTEXT('2D SPACE',''
  ) );
#1950 = ORIENTED_EDGE('',*,*,#1951,.T.);
#1951 = EDGE_CURVE('',#1924,#1952,#1954,.T.);
#1952 = VERTEX_POINT('',#1953);
#1953 = CARTESIAN_POINT('',(46.942288553364,14.622668964021,
    1.000000007245E-07));
#1954 = SURFACE_CURVE('',#1955,(#1959,#1966),.PCURVE_S1.);
#1955 = LINE('',#1956,#1957);
#1956 = CARTESIAN_POINT('',(34.513473353019,12.986384400843,
    1.000000020568E-07));
#1957 = VECTOR('',#1958,1.);
#1958 = DIRECTION('',(0.991444861374,0.13052619222,-1.100724912744E-16)
  );
#1959 = PCURVE('',#45,#1960);
#1960 = DEFINITIONAL_REPRESENTATION('',(#1961),#1965);
#1961 = LINE('',#1962,#1963);
#1962 = CARTESIAN_POINT('',(12.986384300843,-7.663473253019));
#1963 = VECTOR('',#1964,1.);
#1964 = DIRECTION('',(0.13052619222,-0.991444861374));
#1965 = ( GEOMETRIC_REPRESENTATION_CONTEXT(2) 
PARAMETRIC_REPRESENTATION_CONTEXT() REPRESENTATION_CONTEXT('2D SPACE',''
  ) );
#1966 = PCURVE('',#1967,#1972);
#1967 = PLANE('',#1968);
#1968 = AXIS2_PLACEMENT_3D('',#1969,#1970,#1971);
#1969 = CARTESIAN_POINT('',(34.513473353019,12.986384400843,
    1.000000020568E-07));
#1970 = DIRECTION('',(-0.13052619222,0.991444861374,1.449131839194E-17)
  );
#1971 = DIRECTION('',(0.991444861374,0.13052619222,-1.100724912744E-16)
  );
#1972 = DEFINITIONAL_REPRESENTATION('',(#1973),#1977);
#1973 = LINE('',#1974,#1975);
#1974 = CARTESIAN_POINT('',(0.,0.));
#1975 = VECTOR('',#1976,1.);
#1976 = DIRECTION('',(1.,0.));
#1977 = ( GEOMETRIC_REPRESENTATION_CONTEXT(2) 
PARAMETRIC_REPRESENTATION_CONTEXT() REPRESENTATION_CONTEXT('2D SPACE',''
  ) );
#1978 = ORIENTED_EDGE('',*,*,#1979,.F.);
#1979 = EDGE_CURVE('',#1980,#1952,#1982,.T.);
#1980 = VERTEX_POINT('',#1981);
#1981 = CARTESIAN_POINT('',(49.41008419234,10.419458135164,
    1.000000003915E-07));
#1982 = SURFACE_CURVE('',#1983,(#1988,#1995),.PCURVE_S1.);
#1983 = CIRCLE('',#1984,24.85);
#1984 = AXIS2_PLACEMENT_3D('',#1985,#1986,#1987);
#1985 = CARTESIAN_POINT('',(26.8500001,1.000000049323E-07,
    1.00000002945E-07));
#1986 = DIRECTION('',(1.110223024625E-16,-0.,1.));
#1987 = DIRECTION('',(0.,1.,0.));
#1988 = PCURVE('',#45,#1989);
#1989 = DEFINITIONAL_REPRESENTATION('',(#1990),#1994);
#1990 = CIRCLE('',#1991,24.85);
#1991 = AXIS2_PLACEMENT_2D('',#1992,#1993);
#1992 = CARTESIAN_POINT('',(8.148619079986E-16,0.));
#1993 = DIRECTION('',(1.,0.));
#1994 = ( GEOMETRIC_REPRESENTATION_CONTEXT(2) 
PARAMETRIC_REPRESENTATION_CONTEXT() REPRESENTATION_CONTEXT('2D SPACE',''
  ) );
#1995 = PCURVE('',#1996,#2001);
#1996 = CYLINDRICAL_SURFACE('',#1997,24.85);
#1997 = AXIS2_PLACEMENT_3D('',#1998,#1999,#2000);
#1998 = CARTESIAN_POINT('',(26.8500001,1.000000049323E-07,
    1.00000002945E-07));
#1999 = DIRECTION('',(-1.110223024625E-16,-0.,-1.));
#2000 = DIRECTION('',(0.,1.,0.));
#2001 = DEFINITIONAL_REPRESENTATION('',(#2002),#2006);
#2002 = LINE('',#2003,#2004);
#2003 = CARTESIAN_POINT('',(-0.,0.));
#2004 = VECTOR('',#2005,1.);
#2005 = DIRECTION('',(-1.,0.));
#2006 = ( GEOMETRIC_REPRESENTATION_CONTEXT(2) 
PARAMETRIC_REPRESENTATION_CONTEXT() REPRESENTATION_CONTEXT('2D SPACE',''
  ) );
#2007 = ORIENTED_EDGE('',*,*,#2008,.T.);
#2008 = EDGE_CURVE('',#1980,#2009,#2011,.T.);
#2009 = VERTEX_POINT('',#2010);
#2010 = CARTESIAN_POINT('',(37.796207087353,11.948454062708,
    1.000000017237E-07));
#2011 = SURFACE_CURVE('',#2012,(#2016,#2023),.PCURVE_S1.);
#2012 = LINE('',#2013,#2014);
#2013 = CARTESIAN_POINT('',(51.379001688175,10.160245229293,
    1.000000001694E-07));
#2014 = VECTOR('',#2015,1.);
#2015 = DIRECTION('',(-0.991444861374,0.13052619222,1.100724912744E-16)
  );
#2016 = PCURVE('',#45,#2017);
#2017 = DEFINITIONAL_REPRESENTATION('',(#2018),#2022);
#2018 = LINE('',#2019,#2020);
#2019 = CARTESIAN_POINT('',(10.160245129293,-24.52900158817));
#2020 = VECTOR('',#2021,1.);
#2021 = DIRECTION('',(0.13052619222,0.991444861374));
#2022 = ( GEOMETRIC_REPRESENTATION_CONTEXT(2) 
PARAMETRIC_REPRESENTATION_CONTEXT() REPRESENTATION_CONTEXT('2D SPACE',''
  ) );
#2023 = PCURVE('',#2024,#2029);
#2024 = PLANE('',#2025);
#2025 = AXIS2_PLACEMENT_3D('',#2026,#2027,#2028);
#2026 = CARTESIAN_POINT('',(49.41008419234,10.419458135163,
    1.000000003915E-07));
#2027 = DIRECTION('',(-0.13052619222,-0.991444861374,1.449131839193E-17)
  );
#2028 = DIRECTION('',(-0.991444861374,0.13052619222,1.100724912744E-16)
  );
#2029 = DEFINITIONAL_REPRESENTATION('',(#2030),#2034);
#2030 = LINE('',#2031,#2032);
#2031 = CARTESIAN_POINT('',(-1.985907207292,3.45085117871E-18));
#2032 = VECTOR('',#2033,1.);
#2033 = DIRECTION('',(1.,0.));
#2034 = ( GEOMETRIC_REPRESENTATION_CONTEXT(2) 
PARAMETRIC_REPRESENTATION_CONTEXT() REPRESENTATION_CONTEXT('2D SPACE',''
  ) );
#2035 = ORIENTED_EDGE('',*,*,#2036,.T.);
#2036 = EDGE_CURVE('',#2009,#2037,#2039,.T.);
#2037 = VERTEX_POINT('',#2038);
#2038 = CARTESIAN_POINT('',(37.613470418245,10.560431256785,
    1.000000017237E-07));
#2039 = SURFACE_CURVE('',#2040,(#2044,#2051),.PCURVE_S1.);
#2040 = LINE('',#2041,#2042);
#2041 = CARTESIAN_POINT('',(37.796207087353,11.948454062708,
    1.000000017237E-07));
#2042 = VECTOR('',#2043,1.);
#2043 = DIRECTION('',(-0.13052619222,-0.991444861374,1.449131839193E-17)
  );
#2044 = PCURVE('',#45,#2045);
#2045 = DEFINITIONAL_REPRESENTATION('',(#2046),#2050);
#2046 = LINE('',#2047,#2048);
#2047 = CARTESIAN_POINT('',(11.948453962708,-10.94620698735));
#2048 = VECTOR('',#2049,1.);
#2049 = DIRECTION('',(-0.991444861374,0.13052619222));
#2050 = ( GEOMETRIC_REPRESENTATION_CONTEXT(2) 
PARAMETRIC_REPRESENTATION_CONTEXT() REPRESENTATION_CONTEXT('2D SPACE',''
  ) );
#2051 = PCURVE('',#2052,#2057);
#2052 = PLANE('',#2053);
#2053 = AXIS2_PLACEMENT_3D('',#2054,#2055,#2056);
#2054 = CARTESIAN_POINT('',(37.796207087353,11.948454062708,
    1.000000017237E-07));
#2055 = DIRECTION('',(0.991444861374,-0.13052619222,-1.100724912744E-16)
  );
#2056 = DIRECTION('',(-0.13052619222,-0.991444861374,1.449131839193E-17)
  );
#2057 = DEFINITIONAL_REPRESENTATION('',(#2058),#2062);
#2058 = LINE('',#2059,#2060);
#2059 = CARTESIAN_POINT('',(0.,0.));
#2060 = VECTOR('',#2061,1.);
#2061 = DIRECTION('',(1.,0.));
#2062 = ( GEOMETRIC_REPRESENTATION_CONTEXT(2) 
PARAMETRIC_REPRESENTATION_CONTEXT() REPRESENTATION_CONTEXT('2D SPACE',''
  ) );
#2063 = ORIENTED_EDGE('',*,*,#2064,.T.);
#2064 = EDGE_CURVE('',#2037,#2065,#2067,.T.);
#2065 = VERTEX_POINT('',#2066);
#2066 = CARTESIAN_POINT('',(50.042285618591,8.924146693607,
    1.000000003915E-07));
#2067 = SURFACE_CURVE('',#2068,(#2072,#2079),.PCURVE_S1.);
#2068 = LINE('',#2069,#2070);
#2069 = CARTESIAN_POINT('',(37.613470418245,10.560431256785,
    1.000000017237E-07));
#2070 = VECTOR('',#2071,1.);
#2071 = DIRECTION('',(0.991444861374,-0.13052619222,-1.100724912744E-16)
  );
#2072 = PCURVE('',#45,#2073);
#2073 = DEFINITIONAL_REPRESENTATION('',(#2074),#2078);
#2074 = LINE('',#2075,#2076);
#2075 = CARTESIAN_POINT('',(10.560431156785,-10.76347031824));
#2076 = VECTOR('',#2077,1.);
#2077 = DIRECTION('',(-0.13052619222,-0.991444861374));
#2078 = ( GEOMETRIC_REPRESENTATION_CONTEXT(2) 
PARAMETRIC_REPRESENTATION_CONTEXT() REPRESENTATION_CONTEXT('2D SPACE',''
  ) );
#2079 = PCURVE('',#2080,#2085);
#2080 = PLANE('',#2081);
#2081 = AXIS2_PLACEMENT_3D('',#2082,#2083,#2084);
#2082 = CARTESIAN_POINT('',(37.613470418245,10.560431256785,
    1.000000017237E-07));
#2083 = DIRECTION('',(0.13052619222,0.991444861374,-1.449131839193E-17)
  );
#2084 = DIRECTION('',(0.991444861374,-0.13052619222,-1.100724912744E-16)
  );
#2085 = DEFINITIONAL_REPRESENTATION('',(#2086),#2090);
#2086 = LINE('',#2087,#2088);
#2087 = CARTESIAN_POINT('',(0.,0.));
#2088 = VECTOR('',#2089,1.);
#2089 = DIRECTION('',(1.,0.));
#2090 = ( GEOMETRIC_REPRESENTATION_CONTEXT(2) 
PARAMETRIC_REPRESENTATION_CONTEXT() REPRESENTATION_CONTEXT('2D SPACE',''
  ) );
#2091 = ORIENTED_EDGE('',*,*,#2092,.F.);
#2092 = EDGE_CURVE('',#2093,#2065,#2095,.T.);
#2093 = VERTEX_POINT('',#2094);
#2094 = CARTESIAN_POINT('',(51.338122147191,4.225444289888,
    1.000000002804E-07));
#2095 = SURFACE_CURVE('',#2096,(#2101,#2108),.PCURVE_S1.);
#2096 = CIRCLE('',#2097,24.85);
#2097 = AXIS2_PLACEMENT_3D('',#2098,#2099,#2100);
#2098 = CARTESIAN_POINT('',(26.8500001,1.000000049323E-07,
    1.00000002945E-07));
#2099 = DIRECTION('',(1.110223024625E-16,-0.,1.));
#2100 = DIRECTION('',(0.,1.,0.));
#2101 = PCURVE('',#45,#2102);
#2102 = DEFINITIONAL_REPRESENTATION('',(#2103),#2107);
#2103 = CIRCLE('',#2104,24.85);
#2104 = AXIS2_PLACEMENT_2D('',#2105,#2106);
#2105 = CARTESIAN_POINT('',(8.148619079986E-16,0.));
#2106 = DIRECTION('',(1.,0.));
#2107 = ( GEOMETRIC_REPRESENTATION_CONTEXT(2) 
PARAMETRIC_REPRESENTATION_CONTEXT() REPRESENTATION_CONTEXT('2D SPACE',''
  ) );
#2108 = PCURVE('',#2109,#2114);
#2109 = CYLINDRICAL_SURFACE('',#2110,24.85);
#2110 = AXIS2_PLACEMENT_3D('',#2111,#2112,#2113);
#2111 = CARTESIAN_POINT('',(26.8500001,1.000000049323E-07,
    1.00000002945E-07));
#2112 = DIRECTION('',(-1.110223024625E-16,-0.,-1.));
#2113 = DIRECTION('',(0.,1.,0.));
#2114 = DEFINITIONAL_REPRESENTATION('',(#2115),#2119);
#2115 = LINE('',#2116,#2117);
#2116 = CARTESIAN_POINT('',(-0.,0.));
#2117 = VECTOR('',#2118,1.);
#2118 = DIRECTION('',(-1.,0.));
#2119 = ( GEOMETRIC_REPRESENTATION_CONTEXT(2) 
PARAMETRIC_REPRESENTATION_CONTEXT() REPRESENTATION_CONTEXT('2D SPACE',''
  ) );
#2120 = ORIENTED_EDGE('',*,*,#2121,.T.);
#2121 = EDGE_CURVE('',#2093,#2122,#2124,.T.);
#2122 = VERTEX_POINT('',#2123);
#2123 = CARTESIAN_POINT('',(40.51571157407,8.708233526844,
    1.000000013907E-07));
#2124 = SURFACE_CURVE('',#2125,(#2129,#2136),.PCURVE_S1.);
#2125 = LINE('',#2126,#2127);
#2126 = CARTESIAN_POINT('',(53.172861169475,3.465470503442,
    1.000000000584E-07));
#2127 = VECTOR('',#2128,1.);
#2128 = DIRECTION('',(-0.923879532511,0.382683432365,1.025712328974E-16)
  );
#2129 = PCURVE('',#45,#2130);
#2130 = DEFINITIONAL_REPRESENTATION('',(#2131),#2135);
#2131 = LINE('',#2132,#2133);
#2132 = CARTESIAN_POINT('',(3.465470403442,-26.32286106947));
#2133 = VECTOR('',#2134,1.);
#2134 = DIRECTION('',(0.382683432365,0.923879532511));
#2135 = ( GEOMETRIC_REPRESENTATION_CONTEXT(2) 
PARAMETRIC_REPRESENTATION_CONTEXT() REPRESENTATION_CONTEXT('2D SPACE',''
  ) );
#2136 = PCURVE('',#2137,#2142);
#2137 = PLANE('',#2138);
#2138 = AXIS2_PLACEMENT_3D('',#2139,#2140,#2141);
#2139 = CARTESIAN_POINT('',(51.338122147191,4.225444289887,
    1.000000002804E-07));
#2140 = DIRECTION('',(-0.382683432365,-0.923879532511,4.248639577543E-17
    ));
#2141 = DIRECTION('',(-0.923879532511,0.382683432365,1.025712328974E-16)
  );
#2142 = DEFINITIONAL_REPRESENTATION('',(#2143),#2147);
#2143 = LINE('',#2144,#2145);
#2144 = CARTESIAN_POINT('',(-1.985907207292,1.83476542533E-17));
#2145 = VECTOR('',#2146,1.);
#2146 = DIRECTION('',(1.,0.));
#2147 = ( GEOMETRIC_REPRESENTATION_CONTEXT(2) 
PARAMETRIC_REPRESENTATION_CONTEXT() REPRESENTATION_CONTEXT('2D SPACE',''
  ) );
#2148 = ORIENTED_EDGE('',*,*,#2149,.T.);
#2149 = EDGE_CURVE('',#2122,#2150,#2152,.T.);
#2150 = VERTEX_POINT('',#2151);
#2151 = CARTESIAN_POINT('',(39.979954768759,7.414802181328,
    1.000000015017E-07));
#2152 = SURFACE_CURVE('',#2153,(#2157,#2164),.PCURVE_S1.);
#2153 = LINE('',#2154,#2155);
#2154 = CARTESIAN_POINT('',(40.51571157407,8.708233526844,
    1.000000013907E-07));
#2155 = VECTOR('',#2156,1.);
#2156 = DIRECTION('',(-0.382683432365,-0.923879532511,4.248639577543E-17
    ));
#2157 = PCURVE('',#45,#2158);
#2158 = DEFINITIONAL_REPRESENTATION('',(#2159),#2163);
#2159 = LINE('',#2160,#2161);
#2160 = CARTESIAN_POINT('',(8.708233426844,-13.66571147407));
#2161 = VECTOR('',#2162,1.);
#2162 = DIRECTION('',(-0.923879532511,0.382683432365));
#2163 = ( GEOMETRIC_REPRESENTATION_CONTEXT(2) 
PARAMETRIC_REPRESENTATION_CONTEXT() REPRESENTATION_CONTEXT('2D SPACE',''
  ) );
#2164 = PCURVE('',#2165,#2170);
#2165 = PLANE('',#2166);
#2166 = AXIS2_PLACEMENT_3D('',#2167,#2168,#2169);
#2167 = CARTESIAN_POINT('',(40.51571157407,8.708233526844,
    1.000000013907E-07));
#2168 = DIRECTION('',(0.923879532511,-0.382683432365,-1.025712328974E-16
    ));
#2169 = DIRECTION('',(-0.382683432365,-0.923879532511,4.248639577543E-17
    ));
#2170 = DEFINITIONAL_REPRESENTATION('',(#2171),#2175);
#2171 = LINE('',#2172,#2173);
#2172 = CARTESIAN_POINT('',(0.,0.));
#2173 = VECTOR('',#2174,1.);
#2174 = DIRECTION('',(1.,0.));
#2175 = ( GEOMETRIC_REPRESENTATION_CONTEXT(2) 
PARAMETRIC_REPRESENTATION_CONTEXT() REPRESENTATION_CONTEXT('2D SPACE',''
  ) );
#2176 = ORIENTED_EDGE('',*,*,#2177,.T.);
#2177 = EDGE_CURVE('',#2150,#2178,#2180,.T.);
#2178 = VERTEX_POINT('',#2179);
#2179 = CARTESIAN_POINT('',(51.561766752789,2.617458580688,
    1.000000001694E-07));
#2180 = SURFACE_CURVE('',#2181,(#2185,#2192),.PCURVE_S1.);
#2181 = LINE('',#2182,#2183);
#2182 = CARTESIAN_POINT('',(39.979954768759,7.414802181328,
    1.000000015017E-07));
#2183 = VECTOR('',#2184,1.);
#2184 = DIRECTION('',(0.923879532511,-0.382683432365,-1.025712328974E-16
    ));
#2185 = PCURVE('',#45,#2186);
#2186 = DEFINITIONAL_REPRESENTATION('',(#2187),#2191);
#2187 = LINE('',#2188,#2189);
#2188 = CARTESIAN_POINT('',(7.414802081328,-13.12995466875));
#2189 = VECTOR('',#2190,1.);
#2190 = DIRECTION('',(-0.382683432365,-0.923879532511));
#2191 = ( GEOMETRIC_REPRESENTATION_CONTEXT(2) 
PARAMETRIC_REPRESENTATION_CONTEXT() REPRESENTATION_CONTEXT('2D SPACE',''
  ) );
#2192 = PCURVE('',#2193,#2198);
#2193 = PLANE('',#2194);
#2194 = AXIS2_PLACEMENT_3D('',#2195,#2196,#2197);
#2195 = CARTESIAN_POINT('',(39.979954768759,7.414802181328,
    1.000000015017E-07));
#2196 = DIRECTION('',(0.382683432365,0.923879532511,-4.248639577543E-17)
  );
#2197 = DIRECTION('',(0.923879532511,-0.382683432365,-1.025712328974E-16
    ));
#2198 = DEFINITIONAL_REPRESENTATION('',(#2199),#2203);
#2199 = LINE('',#2200,#2201);
#2200 = CARTESIAN_POINT('',(0.,0.));
#2201 = VECTOR('',#2202,1.);
#2202 = DIRECTION('',(1.,0.));
#2203 = ( GEOMETRIC_REPRESENTATION_CONTEXT(2) 
PARAMETRIC_REPRESENTATION_CONTEXT() REPRESENTATION_CONTEXT('2D SPACE',''
  ) );
#2204 = ORIENTED_EDGE('',*,*,#2205,.F.);
#2205 = EDGE_CURVE('',#2206,#2178,#2208,.T.);
#2206 = VERTEX_POINT('',#2207);
#2207 = CARTESIAN_POINT('',(51.7000001,1.000000003674E-07,
    1.000000001694E-07));
#2208 = SURFACE_CURVE('',#2209,(#2214,#2221),.PCURVE_S1.);
#2209 = CIRCLE('',#2210,24.85);
#2210 = AXIS2_PLACEMENT_3D('',#2211,#2212,#2213);
#2211 = CARTESIAN_POINT('',(26.8500001,1.000000049323E-07,
    1.00000002945E-07));
#2212 = DIRECTION('',(1.110223024625E-16,-0.,1.));
#2213 = DIRECTION('',(0.,1.,0.));
#2214 = PCURVE('',#45,#2215);
#2215 = DEFINITIONAL_REPRESENTATION('',(#2216),#2220);
#2216 = CIRCLE('',#2217,24.85);
#2217 = AXIS2_PLACEMENT_2D('',#2218,#2219);
#2218 = CARTESIAN_POINT('',(8.148619079986E-16,0.));
#2219 = DIRECTION('',(1.,0.));
#2220 = ( GEOMETRIC_REPRESENTATION_CONTEXT(2) 
PARAMETRIC_REPRESENTATION_CONTEXT() REPRESENTATION_CONTEXT('2D SPACE',''
  ) );
#2221 = PCURVE('',#2222,#2227);
#2222 = CYLINDRICAL_SURFACE('',#2223,24.85);
#2223 = AXIS2_PLACEMENT_3D('',#2224,#2225,#2226);
#2224 = CARTESIAN_POINT('',(26.8500001,1.000000049323E-07,
    1.00000002945E-07));
#2225 = DIRECTION('',(-1.110223024625E-16,-0.,-1.));
#2226 = DIRECTION('',(0.,1.,0.));
#2227 = DEFINITIONAL_REPRESENTATION('',(#2228),#2232);
#2228 = LINE('',#2229,#2230);
#2229 = CARTESIAN_POINT('',(-0.,0.));
#2230 = VECTOR('',#2231,1.);
#2231 = DIRECTION('',(-1.,0.));
#2232 = ( GEOMETRIC_REPRESENTATION_CONTEXT(2) 
PARAMETRIC_REPRESENTATION_CONTEXT() REPRESENTATION_CONTEXT('2D SPACE',''
  ) );
#2233 = ORIENTED_EDGE('',*,*,#2234,.F.);
#2234 = EDGE_CURVE('',#774,#2206,#2235,.T.);
#2235 = SURFACE_CURVE('',#2236,(#2240,#2247),.PCURVE_S1.);
#2236 = LINE('',#2237,#2238);
#2237 = CARTESIAN_POINT('',(126.8500001,1.000000049323E-07,
    9.999999184274E-08));
#2238 = VECTOR('',#2239,1.);
#2239 = DIRECTION('',(-1.,0.,1.110223024625E-16));
#2240 = PCURVE('',#45,#2241);
#2241 = DEFINITIONAL_REPRESENTATION('',(#2242),#2246);
#2242 = LINE('',#2243,#2244);
#2243 = CARTESIAN_POINT('',(8.148619079986E-16,-100.));
#2244 = VECTOR('',#2245,1.);
#2245 = DIRECTION('',(0.,1.));
#2246 = ( GEOMETRIC_REPRESENTATION_CONTEXT(2) 
PARAMETRIC_REPRESENTATION_CONTEXT() REPRESENTATION_CONTEXT('2D SPACE',''
  ) );
#2247 = PCURVE('',#2248,#2253);
#2248 = PLANE('',#2249);
#2249 = AXIS2_PLACEMENT_3D('',#2250,#2251,#2252);
#2250 = CARTESIAN_POINT('',(226.8500001,9.999999406318E-08,-10.9999999)
  );
#2251 = DIRECTION('',(0.,1.,0.));
#2252 = DIRECTION('',(-1.,0.,1.110223024625E-16));
#2253 = DEFINITIONAL_REPRESENTATION('',(#2254),#2258);
#2254 = LINE('',#2255,#2256);
#2255 = CARTESIAN_POINT('',(100.,11.));
#2256 = VECTOR('',#2257,1.);
#2257 = DIRECTION('',(1.,0.));
#2258 = ( GEOMETRIC_REPRESENTATION_CONTEXT(2) 
PARAMETRIC_REPRESENTATION_CONTEXT() REPRESENTATION_CONTEXT('2D SPACE',''
  ) );
#2259 = ADVANCED_FACE('',(#2260),#368,.F.);
#2260 = FACE_BOUND('',#2261,.F.);
#2261 = EDGE_LOOP('',(#2262,#2263,#2286,#2307));
#2262 = ORIENTED_EDGE('',*,*,#354,.F.);
#2263 = ORIENTED_EDGE('',*,*,#2264,.F.);
#2264 = EDGE_CURVE('',#2265,#326,#2267,.T.);
#2265 = VERTEX_POINT('',#2266);
#2266 = CARTESIAN_POINT('',(2.0000001,1.000000064539E-07,146.5000001));
#2267 = SURFACE_CURVE('',#2268,(#2272,#2279),.PCURVE_S1.);
#2268 = LINE('',#2269,#2270);
#2269 = CARTESIAN_POINT('',(126.8500001,1.000000049323E-07,146.5000001)
  );
#2270 = VECTOR('',#2271,1.);
#2271 = DIRECTION('',(-1.,0.,1.110223024625E-16));
#2272 = PCURVE('',#368,#2273);
#2273 = DEFINITIONAL_REPRESENTATION('',(#2274),#2278);
#2274 = LINE('',#2275,#2276);
#2275 = CARTESIAN_POINT('',(100.,157.5));
#2276 = VECTOR('',#2277,1.);
#2277 = DIRECTION('',(1.,0.));
#2278 = ( GEOMETRIC_REPRESENTATION_CONTEXT(2) 
PARAMETRIC_REPRESENTATION_CONTEXT() REPRESENTATION_CONTEXT('2D SPACE',''
  ) );
#2279 = PCURVE('',#342,#2280);
#2280 = DEFINITIONAL_REPRESENTATION('',(#2281),#2285);
#2281 = LINE('',#2282,#2283);
#2282 = CARTESIAN_POINT('',(8.148619079986E-16,-100.));
#2283 = VECTOR('',#2284,1.);
#2284 = DIRECTION('',(0.,1.));
#2285 = ( GEOMETRIC_REPRESENTATION_CONTEXT(2) 
PARAMETRIC_REPRESENTATION_CONTEXT() REPRESENTATION_CONTEXT('2D SPACE',''
  ) );
#2286 = ORIENTED_EDGE('',*,*,#2287,.T.);
#2287 = EDGE_CURVE('',#2265,#799,#2288,.T.);
#2288 = SURFACE_CURVE('',#2289,(#2293,#2300),.PCURVE_S1.);
#2289 = LINE('',#2290,#2291);
#2290 = CARTESIAN_POINT('',(2.0000001,1.000000049323E-07,
    1.000000056095E-07));
#2291 = VECTOR('',#2292,1.);
#2292 = DIRECTION('',(-1.110223024625E-16,-0.,-1.));
#2293 = PCURVE('',#368,#2294);
#2294 = DEFINITIONAL_REPRESENTATION('',(#2295),#2299);
#2295 = LINE('',#2296,#2297);
#2296 = CARTESIAN_POINT('',(224.85,11.));
#2297 = VECTOR('',#2298,1.);
#2298 = DIRECTION('',(0.,-1.));
#2299 = ( GEOMETRIC_REPRESENTATION_CONTEXT(2) 
PARAMETRIC_REPRESENTATION_CONTEXT() REPRESENTATION_CONTEXT('2D SPACE',''
  ) );
#2300 = PCURVE('',#838,#2301);
#2301 = DEFINITIONAL_REPRESENTATION('',(#2302),#2306);
#2302 = LINE('',#2303,#2304);
#2303 = CARTESIAN_POINT('',(-1.570796326795,0.));
#2304 = VECTOR('',#2305,1.);
#2305 = DIRECTION('',(-0.,1.));
#2306 = ( GEOMETRIC_REPRESENTATION_CONTEXT(2) 
PARAMETRIC_REPRESENTATION_CONTEXT() REPRESENTATION_CONTEXT('2D SPACE',''
  ) );
#2307 = ORIENTED_EDGE('',*,*,#798,.T.);
#2308 = ADVANCED_FACE('',(#2309),#342,.T.);
#2309 = FACE_BOUND('',#2310,.T.);
#2310 = EDGE_LOOP('',(#2311,#2335,#2336,#2337,#2361,#2384,#2407,#2430,
    #2454,#2477,#2500,#2523,#2546,#2570,#2593,#2616,#2639,#2663,#2686,
    #2709,#2732,#2756,#2779,#2802,#2825,#2849,#2872,#2895,#2918,#2946,
    #2969,#2992,#3015,#3039,#3062,#3085,#3108,#3132,#3155,#3178,#3201,
    #3225,#3248,#3271,#3294,#3318,#3341,#3364,#3387,#3411,#3434,#3457,
    #3480,#3504));
#2311 = ORIENTED_EDGE('',*,*,#2312,.T.);
#2312 = EDGE_CURVE('',#2313,#303,#2315,.T.);
#2313 = VERTEX_POINT('',#2314);
#2314 = CARTESIAN_POINT('',(53.7000001,1.E-07,146.5000001));
#2315 = SURFACE_CURVE('',#2316,(#2321,#2328),.PCURVE_S1.);
#2316 = CIRCLE('',#2317,26.85);
#2317 = AXIS2_PLACEMENT_3D('',#2318,#2319,#2320);
#2318 = CARTESIAN_POINT('',(26.8500001,1.000000049323E-07,146.5000001));
#2319 = DIRECTION('',(1.110223024625E-16,-0.,1.));
#2320 = DIRECTION('',(0.,1.,0.));
#2321 = PCURVE('',#342,#2322);
#2322 = DEFINITIONAL_REPRESENTATION('',(#2323),#2327);
#2323 = CIRCLE('',#2324,26.85);
#2324 = AXIS2_PLACEMENT_2D('',#2325,#2326);
#2325 = CARTESIAN_POINT('',(8.148619079986E-16,-3.552713678801E-15));
#2326 = DIRECTION('',(1.,0.));
#2327 = ( GEOMETRIC_REPRESENTATION_CONTEXT(2) 
PARAMETRIC_REPRESENTATION_CONTEXT() REPRESENTATION_CONTEXT('2D SPACE',''
  ) );
#2328 = PCURVE('',#73,#2329);
#2329 = DEFINITIONAL_REPRESENTATION('',(#2330),#2334);
#2330 = LINE('',#2331,#2332);
#2331 = CARTESIAN_POINT('',(-0.,-146.5));
#2332 = VECTOR('',#2333,1.);
#2333 = DIRECTION('',(-1.,0.));
#2334 = ( GEOMETRIC_REPRESENTATION_CONTEXT(2) 
PARAMETRIC_REPRESENTATION_CONTEXT() REPRESENTATION_CONTEXT('2D SPACE',''
  ) );
#2335 = ORIENTED_EDGE('',*,*,#325,.T.);
#2336 = ORIENTED_EDGE('',*,*,#2264,.F.);
#2337 = ORIENTED_EDGE('',*,*,#2338,.F.);
#2338 = EDGE_CURVE('',#2339,#2265,#2341,.T.);
#2339 = VERTEX_POINT('',#2340);
#2340 = CARTESIAN_POINT('',(2.102665146938,2.256526794053,146.5000001));
#2341 = SURFACE_CURVE('',#2342,(#2347,#2354),.PCURVE_S1.);
#2342 = CIRCLE('',#2343,24.85);
#2343 = AXIS2_PLACEMENT_3D('',#2344,#2345,#2346);
#2344 = CARTESIAN_POINT('',(26.8500001,1.000000049323E-07,146.5000001));
#2345 = DIRECTION('',(1.110223024625E-16,-0.,1.));
#2346 = DIRECTION('',(0.,1.,0.));
#2347 = PCURVE('',#342,#2348);
#2348 = DEFINITIONAL_REPRESENTATION('',(#2349),#2353);
#2349 = CIRCLE('',#2350,24.85);
#2350 = AXIS2_PLACEMENT_2D('',#2351,#2352);
#2351 = CARTESIAN_POINT('',(8.148619079986E-16,-3.552713678801E-15));
#2352 = DIRECTION('',(1.,0.));
#2353 = ( GEOMETRIC_REPRESENTATION_CONTEXT(2) 
PARAMETRIC_REPRESENTATION_CONTEXT() REPRESENTATION_CONTEXT('2D SPACE',''
  ) );
#2354 = PCURVE('',#838,#2355);
#2355 = DEFINITIONAL_REPRESENTATION('',(#2356),#2360);
#2356 = LINE('',#2357,#2358);
#2357 = CARTESIAN_POINT('',(-0.,-146.5));
#2358 = VECTOR('',#2359,1.);
#2359 = DIRECTION('',(-1.,0.));
#2360 = ( GEOMETRIC_REPRESENTATION_CONTEXT(2) 
PARAMETRIC_REPRESENTATION_CONTEXT() REPRESENTATION_CONTEXT('2D SPACE',''
  ) );
#2361 = ORIENTED_EDGE('',*,*,#2362,.T.);
#2362 = EDGE_CURVE('',#2339,#2363,#2365,.T.);
#2363 = VERTEX_POINT('',#2364);
#2364 = CARTESIAN_POINT('',(5.043427989122,1.000000049323E-07,
    146.5000001));
#2365 = SURFACE_CURVE('',#2366,(#2370,#2377),.PCURVE_S1.);
#2366 = LINE('',#2367,#2368);
#2367 = CARTESIAN_POINT('',(0.527139030525,3.465470503442,146.5000001));
#2368 = VECTOR('',#2369,1.);
#2369 = DIRECTION('',(0.793353340291,-0.608761429009,-8.807991450546E-17
    ));
#2370 = PCURVE('',#342,#2371);
#2371 = DEFINITIONAL_REPRESENTATION('',(#2372),#2376);
#2372 = LINE('',#2373,#2374);
#2373 = CARTESIAN_POINT('',(3.465470403442,26.322861069475));
#2374 = VECTOR('',#2375,1.);
#2375 = DIRECTION('',(-0.608761429009,-0.793353340291));
#2376 = ( GEOMETRIC_REPRESENTATION_CONTEXT(2) 
PARAMETRIC_REPRESENTATION_CONTEXT() REPRESENTATION_CONTEXT('2D SPACE',''
  ) );
#2377 = PCURVE('',#866,#2378);
#2378 = DEFINITIONAL_REPRESENTATION('',(#2379),#2383);
#2379 = LINE('',#2380,#2381);
#2380 = CARTESIAN_POINT('',(-1.985907207291,-146.5));
#2381 = VECTOR('',#2382,1.);
#2382 = DIRECTION('',(1.,0.));
#2383 = ( GEOMETRIC_REPRESENTATION_CONTEXT(2) 
PARAMETRIC_REPRESENTATION_CONTEXT() REPRESENTATION_CONTEXT('2D SPACE',''
  ) );
#2384 = ORIENTED_EDGE('',*,*,#2385,.F.);
#2385 = EDGE_CURVE('',#2386,#2363,#2388,.T.);
#2386 = VERTEX_POINT('',#2387);
#2387 = CARTESIAN_POINT('',(7.343179473508,1.000000049323E-07,
    146.5000001));
#2388 = SURFACE_CURVE('',#2389,(#2393,#2400),.PCURVE_S1.);
#2389 = LINE('',#2390,#2391);
#2390 = CARTESIAN_POINT('',(126.8500001,1.000000049323E-07,146.5000001)
  );
#2391 = VECTOR('',#2392,1.);
#2392 = DIRECTION('',(-1.,0.,1.110223024625E-16));
#2393 = PCURVE('',#342,#2394);
#2394 = DEFINITIONAL_REPRESENTATION('',(#2395),#2399);
#2395 = LINE('',#2396,#2397);
#2396 = CARTESIAN_POINT('',(8.148619079986E-16,-100.));
#2397 = VECTOR('',#2398,1.);
#2398 = DIRECTION('',(0.,1.));
#2399 = ( GEOMETRIC_REPRESENTATION_CONTEXT(2) 
PARAMETRIC_REPRESENTATION_CONTEXT() REPRESENTATION_CONTEXT('2D SPACE',''
  ) );
#2400 = PCURVE('',#894,#2401);
#2401 = DEFINITIONAL_REPRESENTATION('',(#2402),#2406);
#2402 = LINE('',#2403,#2404);
#2403 = CARTESIAN_POINT('',(100.,157.5));
#2404 = VECTOR('',#2405,1.);
#2405 = DIRECTION('',(1.,0.));
#2406 = ( GEOMETRIC_REPRESENTATION_CONTEXT(2) 
PARAMETRIC_REPRESENTATION_CONTEXT() REPRESENTATION_CONTEXT('2D SPACE',''
  ) );
#2407 = ORIENTED_EDGE('',*,*,#2408,.T.);
#2408 = EDGE_CURVE('',#2386,#2409,#2411,.T.);
#2409 = VERTEX_POINT('',#2410);
#2410 = CARTESIAN_POINT('',(2.302818372275,3.867605202135,146.5000001));
#2411 = SURFACE_CURVE('',#2412,(#2416,#2423),.PCURVE_S1.);
#2412 = LINE('',#2413,#2414);
#2413 = CARTESIAN_POINT('',(12.248345793127,-3.763866397569,146.5000001)
  );
#2414 = VECTOR('',#2415,1.);
#2415 = DIRECTION('',(-0.793353340291,0.608761429009,8.807991450546E-17)
  );
#2416 = PCURVE('',#342,#2417);
#2417 = DEFINITIONAL_REPRESENTATION('',(#2418),#2422);
#2418 = LINE('',#2419,#2420);
#2419 = CARTESIAN_POINT('',(-3.763866497569,14.601654306873));
#2420 = VECTOR('',#2421,1.);
#2421 = DIRECTION('',(0.608761429009,0.793353340291));
#2422 = ( GEOMETRIC_REPRESENTATION_CONTEXT(2) 
PARAMETRIC_REPRESENTATION_CONTEXT() REPRESENTATION_CONTEXT('2D SPACE',''
  ) );
#2423 = PCURVE('',#922,#2424);
#2424 = DEFINITIONAL_REPRESENTATION('',(#2425),#2429);
#2425 = LINE('',#2426,#2427);
#2426 = CARTESIAN_POINT('',(2.201997862637E-16,-146.5));
#2427 = VECTOR('',#2428,1.);
#2428 = DIRECTION('',(1.,0.));
#2429 = ( GEOMETRIC_REPRESENTATION_CONTEXT(2) 
PARAMETRIC_REPRESENTATION_CONTEXT() REPRESENTATION_CONTEXT('2D SPACE',''
  ) );
#2430 = ORIENTED_EDGE('',*,*,#2431,.F.);
#2431 = EDGE_CURVE('',#2432,#2409,#2434,.T.);
#2432 = VERTEX_POINT('',#2433);
#2433 = CARTESIAN_POINT('',(3.529942221215,8.58471911288,146.5000001));
#2434 = SURFACE_CURVE('',#2435,(#2440,#2447),.PCURVE_S1.);
#2435 = CIRCLE('',#2436,24.85);
#2436 = AXIS2_PLACEMENT_3D('',#2437,#2438,#2439);
#2437 = CARTESIAN_POINT('',(26.8500001,1.000000049323E-07,146.5000001));
#2438 = DIRECTION('',(1.110223024625E-16,-0.,1.));
#2439 = DIRECTION('',(0.,1.,0.));
#2440 = PCURVE('',#342,#2441);
#2441 = DEFINITIONAL_REPRESENTATION('',(#2442),#2446);
#2442 = CIRCLE('',#2443,24.85);
#2443 = AXIS2_PLACEMENT_2D('',#2444,#2445);
#2444 = CARTESIAN_POINT('',(8.148619079986E-16,-3.552713678801E-15));
#2445 = DIRECTION('',(1.,0.));
#2446 = ( GEOMETRIC_REPRESENTATION_CONTEXT(2) 
PARAMETRIC_REPRESENTATION_CONTEXT() REPRESENTATION_CONTEXT('2D SPACE',''
  ) );
#2447 = PCURVE('',#951,#2448);
#2448 = DEFINITIONAL_REPRESENTATION('',(#2449),#2453);
#2449 = LINE('',#2450,#2451);
#2450 = CARTESIAN_POINT('',(-0.,-146.5));
#2451 = VECTOR('',#2452,1.);
#2452 = DIRECTION('',(-1.,0.));
#2453 = ( GEOMETRIC_REPRESENTATION_CONTEXT(2) 
PARAMETRIC_REPRESENTATION_CONTEXT() REPRESENTATION_CONTEXT('2D SPACE',''
  ) );
#2454 = ORIENTED_EDGE('',*,*,#2455,.T.);
#2455 = EDGE_CURVE('',#2432,#2456,#2458,.T.);
#2456 = VERTEX_POINT('',#2457);
#2457 = CARTESIAN_POINT('',(10.117228804014,1.000000049323E-07,
    146.5000001));
#2458 = SURFACE_CURVE('',#2459,(#2463,#2470),.PCURVE_S1.);
#2459 = LINE('',#2460,#2461);
#2460 = CARTESIAN_POINT('',(2.320998511825,10.160245229293,146.5000001)
  );
#2461 = VECTOR('',#2462,1.);
#2462 = DIRECTION('',(0.608761429009,-0.793353340291,-6.758609549892E-17
    ));
#2463 = PCURVE('',#342,#2464);
#2464 = DEFINITIONAL_REPRESENTATION('',(#2465),#2469);
#2465 = LINE('',#2466,#2467);
#2466 = CARTESIAN_POINT('',(10.160245129293,24.529001588175));
#2467 = VECTOR('',#2468,1.);
#2468 = DIRECTION('',(-0.793353340291,-0.608761429009));
#2469 = ( GEOMETRIC_REPRESENTATION_CONTEXT(2) 
PARAMETRIC_REPRESENTATION_CONTEXT() REPRESENTATION_CONTEXT('2D SPACE',''
  ) );
#2470 = PCURVE('',#979,#2471);
#2471 = DEFINITIONAL_REPRESENTATION('',(#2472),#2476);
#2472 = LINE('',#2473,#2474);
#2473 = CARTESIAN_POINT('',(-1.985907207291,-146.5));
#2474 = VECTOR('',#2475,1.);
#2475 = DIRECTION('',(1.,0.));
#2476 = ( GEOMETRIC_REPRESENTATION_CONTEXT(2) 
PARAMETRIC_REPRESENTATION_CONTEXT() REPRESENTATION_CONTEXT('2D SPACE',''
  ) );
#2477 = ORIENTED_EDGE('',*,*,#2478,.F.);
#2478 = EDGE_CURVE('',#2479,#2456,#2481,.T.);
#2479 = VERTEX_POINT('',#2480);
#2480 = CARTESIAN_POINT('',(11.584620219397,1.000000049323E-07,
    146.5000001));
#2481 = SURFACE_CURVE('',#2482,(#2486,#2493),.PCURVE_S1.);
#2482 = LINE('',#2483,#2484);
#2483 = CARTESIAN_POINT('',(126.8500001,1.000000049323E-07,146.5000001)
  );
#2484 = VECTOR('',#2485,1.);
#2485 = DIRECTION('',(-1.,0.,1.110223024625E-16));
#2486 = PCURVE('',#342,#2487);
#2487 = DEFINITIONAL_REPRESENTATION('',(#2488),#2492);
#2488 = LINE('',#2489,#2490);
#2489 = CARTESIAN_POINT('',(8.148619079986E-16,-100.));
#2490 = VECTOR('',#2491,1.);
#2491 = DIRECTION('',(0.,1.));
#2492 = ( GEOMETRIC_REPRESENTATION_CONTEXT(2) 
PARAMETRIC_REPRESENTATION_CONTEXT() REPRESENTATION_CONTEXT('2D SPACE',''
  ) );
#2493 = PCURVE('',#1007,#2494);
#2494 = DEFINITIONAL_REPRESENTATION('',(#2495),#2499);
#2495 = LINE('',#2496,#2497);
#2496 = CARTESIAN_POINT('',(100.,157.5));
#2497 = VECTOR('',#2498,1.);
#2498 = DIRECTION('',(1.,0.));
#2499 = ( GEOMETRIC_REPRESENTATION_CONTEXT(2) 
PARAMETRIC_REPRESENTATION_CONTEXT() REPRESENTATION_CONTEXT('2D SPACE',''
  ) );
#2500 = ORIENTED_EDGE('',*,*,#2501,.T.);
#2501 = EDGE_CURVE('',#2479,#2502,#2504,.T.);
#2502 = VERTEX_POINT('',#2503);
#2503 = CARTESIAN_POINT('',(11.771724765653,0.143570467915,146.5000001)
  );
#2504 = SURFACE_CURVE('',#2505,(#2509,#2516),.PCURVE_S1.);
#2505 = LINE('',#2506,#2507);
#2506 = CARTESIAN_POINT('',(10.661030089245,-0.708695532697,146.5000001)
  );
#2507 = VECTOR('',#2508,1.);
#2508 = DIRECTION('',(0.793353340291,0.608761429009,-8.807991450546E-17)
  );
#2509 = PCURVE('',#342,#2510);
#2510 = DEFINITIONAL_REPRESENTATION('',(#2511),#2515);
#2511 = LINE('',#2512,#2513);
#2512 = CARTESIAN_POINT('',(-0.708695632697,16.188970010755));
#2513 = VECTOR('',#2514,1.);
#2514 = DIRECTION('',(0.608761429009,-0.793353340291));
#2515 = ( GEOMETRIC_REPRESENTATION_CONTEXT(2) 
PARAMETRIC_REPRESENTATION_CONTEXT() REPRESENTATION_CONTEXT('2D SPACE',''
  ) );
#2516 = PCURVE('',#1035,#2517);
#2517 = DEFINITIONAL_REPRESENTATION('',(#2518),#2522);
#2518 = LINE('',#2519,#2520);
#2519 = CARTESIAN_POINT('',(1.662181514316E-15,-146.5));
#2520 = VECTOR('',#2521,1.);
#2521 = DIRECTION('',(1.,0.));
#2522 = ( GEOMETRIC_REPRESENTATION_CONTEXT(2) 
PARAMETRIC_REPRESENTATION_CONTEXT() REPRESENTATION_CONTEXT('2D SPACE',''
  ) );
#2523 = ORIENTED_EDGE('',*,*,#2524,.T.);
#2524 = EDGE_CURVE('',#2502,#2525,#2527,.T.);
#2525 = VERTEX_POINT('',#2526);
#2526 = CARTESIAN_POINT('',(4.140253165948,10.089097888766,146.5000001)
  );
#2527 = SURFACE_CURVE('',#2528,(#2532,#2539),.PCURVE_S1.);
#2528 = LINE('',#2529,#2530);
#2529 = CARTESIAN_POINT('',(11.771724765653,0.143570467915,146.5000001)
  );
#2530 = VECTOR('',#2531,1.);
#2531 = DIRECTION('',(-0.608761429009,0.793353340291,6.758609549892E-17)
  );
#2532 = PCURVE('',#342,#2533);
#2533 = DEFINITIONAL_REPRESENTATION('',(#2534),#2538);
#2534 = LINE('',#2535,#2536);
#2535 = CARTESIAN_POINT('',(0.143570367915,15.078275334347));
#2536 = VECTOR('',#2537,1.);
#2537 = DIRECTION('',(0.793353340291,0.608761429009));
#2538 = ( GEOMETRIC_REPRESENTATION_CONTEXT(2) 
PARAMETRIC_REPRESENTATION_CONTEXT() REPRESENTATION_CONTEXT('2D SPACE',''
  ) );
#2539 = PCURVE('',#1063,#2540);
#2540 = DEFINITIONAL_REPRESENTATION('',(#2541),#2545);
#2541 = LINE('',#2542,#2543);
#2542 = CARTESIAN_POINT('',(2.790651318791E-16,-146.5));
#2543 = VECTOR('',#2544,1.);
#2544 = DIRECTION('',(1.,0.));
#2545 = ( GEOMETRIC_REPRESENTATION_CONTEXT(2) 
PARAMETRIC_REPRESENTATION_CONTEXT() REPRESENTATION_CONTEXT('2D SPACE',''
  ) );
#2546 = ORIENTED_EDGE('',*,*,#2547,.F.);
#2547 = EDGE_CURVE('',#2548,#2525,#2550,.T.);
#2548 = VERTEX_POINT('',#2549);
#2549 = CARTESIAN_POINT('',(6.546442701712,14.327877017898,146.5000001)
  );
#2550 = SURFACE_CURVE('',#2551,(#2556,#2563),.PCURVE_S1.);
#2551 = CIRCLE('',#2552,24.85);
#2552 = AXIS2_PLACEMENT_3D('',#2553,#2554,#2555);
#2553 = CARTESIAN_POINT('',(26.8500001,1.000000049323E-07,146.5000001));
#2554 = DIRECTION('',(1.110223024625E-16,-0.,1.));
#2555 = DIRECTION('',(0.,1.,0.));
#2556 = PCURVE('',#342,#2557);
#2557 = DEFINITIONAL_REPRESENTATION('',(#2558),#2562);
#2558 = CIRCLE('',#2559,24.85);
#2559 = AXIS2_PLACEMENT_2D('',#2560,#2561);
#2560 = CARTESIAN_POINT('',(8.148619079986E-16,-3.552713678801E-15));
#2561 = DIRECTION('',(1.,0.));
#2562 = ( GEOMETRIC_REPRESENTATION_CONTEXT(2) 
PARAMETRIC_REPRESENTATION_CONTEXT() REPRESENTATION_CONTEXT('2D SPACE',''
  ) );
#2563 = PCURVE('',#1092,#2564);
#2564 = DEFINITIONAL_REPRESENTATION('',(#2565),#2569);
#2565 = LINE('',#2566,#2567);
#2566 = CARTESIAN_POINT('',(-0.,-146.5));
#2567 = VECTOR('',#2568,1.);
#2568 = DIRECTION('',(-1.,0.));
#2569 = ( GEOMETRIC_REPRESENTATION_CONTEXT(2) 
PARAMETRIC_REPRESENTATION_CONTEXT() REPRESENTATION_CONTEXT('2D SPACE',''
  ) );
#2570 = ORIENTED_EDGE('',*,*,#2571,.T.);
#2571 = EDGE_CURVE('',#2548,#2572,#2574,.T.);
#2572 = VERTEX_POINT('',#2573);
#2573 = CARTESIAN_POINT('',(11.029231938669,3.505466444777,146.5000001)
  );
#2574 = SURFACE_CURVE('',#2575,(#2579,#2586),.PCURVE_S1.);
#2575 = LINE('',#2576,#2577);
#2576 = CARTESIAN_POINT('',(5.786468915268,16.162616040182,146.5000001)
  );
#2577 = VECTOR('',#2578,1.);
#2578 = DIRECTION('',(0.382683432365,-0.923879532511,-4.248639577543E-17
    ));
#2579 = PCURVE('',#342,#2580);
#2580 = DEFINITIONAL_REPRESENTATION('',(#2581),#2585);
#2581 = LINE('',#2582,#2583);
#2582 = CARTESIAN_POINT('',(16.162615940182,21.063531184732));
#2583 = VECTOR('',#2584,1.);
#2584 = DIRECTION('',(-0.923879532511,-0.382683432365));
#2585 = ( GEOMETRIC_REPRESENTATION_CONTEXT(2) 
PARAMETRIC_REPRESENTATION_CONTEXT() REPRESENTATION_CONTEXT('2D SPACE',''
  ) );
#2586 = PCURVE('',#1120,#2587);
#2587 = DEFINITIONAL_REPRESENTATION('',(#2588),#2592);
#2588 = LINE('',#2589,#2590);
#2589 = CARTESIAN_POINT('',(-1.985907207292,-146.5));
#2590 = VECTOR('',#2591,1.);
#2591 = DIRECTION('',(1.,0.));
#2592 = ( GEOMETRIC_REPRESENTATION_CONTEXT(2) 
PARAMETRIC_REPRESENTATION_CONTEXT() REPRESENTATION_CONTEXT('2D SPACE',''
  ) );
#2593 = ORIENTED_EDGE('',*,*,#2594,.T.);
#2594 = EDGE_CURVE('',#2572,#2595,#2597,.T.);
#2595 = VERTEX_POINT('',#2596);
#2596 = CARTESIAN_POINT('',(12.322663284185,4.041223250088,146.5000001)
  );
#2597 = SURFACE_CURVE('',#2598,(#2602,#2609),.PCURVE_S1.);
#2598 = LINE('',#2599,#2600);
#2599 = CARTESIAN_POINT('',(11.029231938669,3.505466444777,146.5000001)
  );
#2600 = VECTOR('',#2601,1.);
#2601 = DIRECTION('',(0.923879532511,0.382683432365,-1.025712328974E-16)
  );
#2602 = PCURVE('',#342,#2603);
#2603 = DEFINITIONAL_REPRESENTATION('',(#2604),#2608);
#2604 = LINE('',#2605,#2606);
#2605 = CARTESIAN_POINT('',(3.505466344777,15.820768161331));
#2606 = VECTOR('',#2607,1.);
#2607 = DIRECTION('',(0.382683432365,-0.923879532511));
#2608 = ( GEOMETRIC_REPRESENTATION_CONTEXT(2) 
PARAMETRIC_REPRESENTATION_CONTEXT() REPRESENTATION_CONTEXT('2D SPACE',''
  ) );
#2609 = PCURVE('',#1148,#2610);
#2610 = DEFINITIONAL_REPRESENTATION('',(#2611),#2615);
#2611 = LINE('',#2612,#2613);
#2612 = CARTESIAN_POINT('',(-2.564280822435E-16,-146.5));
#2613 = VECTOR('',#2614,1.);
#2614 = DIRECTION('',(1.,0.));
#2615 = ( GEOMETRIC_REPRESENTATION_CONTEXT(2) 
PARAMETRIC_REPRESENTATION_CONTEXT() REPRESENTATION_CONTEXT('2D SPACE',''
  ) );
#2616 = ORIENTED_EDGE('',*,*,#2617,.T.);
#2617 = EDGE_CURVE('',#2595,#2618,#2620,.T.);
#2618 = VERTEX_POINT('',#2619);
#2619 = CARTESIAN_POINT('',(7.525319683545,15.623035234117,146.5000001)
  );
#2620 = SURFACE_CURVE('',#2621,(#2625,#2632),.PCURVE_S1.);
#2621 = LINE('',#2622,#2623);
#2622 = CARTESIAN_POINT('',(12.322663284185,4.041223250088,146.5000001)
  );
#2623 = VECTOR('',#2624,1.);
#2624 = DIRECTION('',(-0.382683432365,0.923879532511,4.248639577543E-17)
  );
#2625 = PCURVE('',#342,#2626);
#2626 = DEFINITIONAL_REPRESENTATION('',(#2627),#2631);
#2627 = LINE('',#2628,#2629);
#2628 = CARTESIAN_POINT('',(4.041223150088,14.527336815815));
#2629 = VECTOR('',#2630,1.);
#2630 = DIRECTION('',(0.923879532511,0.382683432365));
#2631 = ( GEOMETRIC_REPRESENTATION_CONTEXT(2) 
PARAMETRIC_REPRESENTATION_CONTEXT() REPRESENTATION_CONTEXT('2D SPACE',''
  ) );
#2632 = PCURVE('',#1176,#2633);
#2633 = DEFINITIONAL_REPRESENTATION('',(#2634),#2638);
#2634 = LINE('',#2635,#2636);
#2635 = CARTESIAN_POINT('',(1.062159894386E-16,-146.5));
#2636 = VECTOR('',#2637,1.);
#2637 = DIRECTION('',(1.,0.));
#2638 = ( GEOMETRIC_REPRESENTATION_CONTEXT(2) 
PARAMETRIC_REPRESENTATION_CONTEXT() REPRESENTATION_CONTEXT('2D SPACE',''
  ) );
#2639 = ORIENTED_EDGE('',*,*,#2640,.F.);
#2640 = EDGE_CURVE('',#2641,#2618,#2643,.T.);
#2641 = VERTEX_POINT('',#2642);
#2642 = CARTESIAN_POINT('',(10.946597065689,19.094613788898,146.5000001)
  );
#2643 = SURFACE_CURVE('',#2644,(#2649,#2656),.PCURVE_S1.);
#2644 = CIRCLE('',#2645,24.85);
#2645 = AXIS2_PLACEMENT_3D('',#2646,#2647,#2648);
#2646 = CARTESIAN_POINT('',(26.8500001,1.000000049323E-07,146.5000001));
#2647 = DIRECTION('',(1.110223024625E-16,-0.,1.));
#2648 = DIRECTION('',(0.,1.,0.));
#2649 = PCURVE('',#342,#2650);
#2650 = DEFINITIONAL_REPRESENTATION('',(#2651),#2655);
#2651 = CIRCLE('',#2652,24.85);
#2652 = AXIS2_PLACEMENT_2D('',#2653,#2654);
#2653 = CARTESIAN_POINT('',(8.148619079986E-16,-3.552713678801E-15));
#2654 = DIRECTION('',(1.,0.));
#2655 = ( GEOMETRIC_REPRESENTATION_CONTEXT(2) 
PARAMETRIC_REPRESENTATION_CONTEXT() REPRESENTATION_CONTEXT('2D SPACE',''
  ) );
#2656 = PCURVE('',#1205,#2657);
#2657 = DEFINITIONAL_REPRESENTATION('',(#2658),#2662);
#2658 = LINE('',#2659,#2660);
#2659 = CARTESIAN_POINT('',(-0.,-146.5));
#2660 = VECTOR('',#2661,1.);
#2661 = DIRECTION('',(-1.,0.));
#2662 = ( GEOMETRIC_REPRESENTATION_CONTEXT(2) 
PARAMETRIC_REPRESENTATION_CONTEXT() REPRESENTATION_CONTEXT('2D SPACE',''
  ) );
#2663 = ORIENTED_EDGE('',*,*,#2664,.T.);
#2664 = EDGE_CURVE('',#2641,#2665,#2667,.T.);
#2665 = VERTEX_POINT('',#2666);
#2666 = CARTESIAN_POINT('',(12.475592993233,7.480736683911,146.5000001)
  );
#2667 = SURFACE_CURVE('',#2668,(#2672,#2679),.PCURVE_S1.);
#2668 = LINE('',#2669,#2670);
#2669 = CARTESIAN_POINT('',(10.687384159818,21.063531284732,146.5000001)
  );
#2670 = VECTOR('',#2671,1.);
#2671 = DIRECTION('',(0.13052619222,-0.991444861374,-1.449131839194E-17)
  );
#2672 = PCURVE('',#342,#2673);
#2673 = DEFINITIONAL_REPRESENTATION('',(#2674),#2678);
#2674 = LINE('',#2675,#2676);
#2675 = CARTESIAN_POINT('',(21.063531184732,16.162615940182));
#2676 = VECTOR('',#2677,1.);
#2677 = DIRECTION('',(-0.991444861374,-0.13052619222));
#2678 = ( GEOMETRIC_REPRESENTATION_CONTEXT(2) 
PARAMETRIC_REPRESENTATION_CONTEXT() REPRESENTATION_CONTEXT('2D SPACE',''
  ) );
#2679 = PCURVE('',#1233,#2680);
#2680 = DEFINITIONAL_REPRESENTATION('',(#2681),#2685);
#2681 = LINE('',#2682,#2683);
#2682 = CARTESIAN_POINT('',(-1.985907207291,-146.5));
#2683 = VECTOR('',#2684,1.);
#2684 = DIRECTION('',(1.,0.));
#2685 = ( GEOMETRIC_REPRESENTATION_CONTEXT(2) 
PARAMETRIC_REPRESENTATION_CONTEXT() REPRESENTATION_CONTEXT('2D SPACE',''
  ) );
#2686 = ORIENTED_EDGE('',*,*,#2687,.T.);
#2687 = EDGE_CURVE('',#2665,#2688,#2690,.T.);
#2688 = VERTEX_POINT('',#2689);
#2689 = CARTESIAN_POINT('',(13.863615799157,7.663473353019,146.5000001)
  );
#2690 = SURFACE_CURVE('',#2691,(#2695,#2702),.PCURVE_S1.);
#2691 = LINE('',#2692,#2693);
#2692 = CARTESIAN_POINT('',(12.475592993233,7.480736683911,146.5000001)
  );
#2693 = VECTOR('',#2694,1.);
#2694 = DIRECTION('',(0.991444861374,0.13052619222,-1.100724912744E-16)
  );
#2695 = PCURVE('',#342,#2696);
#2696 = DEFINITIONAL_REPRESENTATION('',(#2697),#2701);
#2697 = LINE('',#2698,#2699);
#2698 = CARTESIAN_POINT('',(7.480736583911,14.374407106767));
#2699 = VECTOR('',#2700,1.);
#2700 = DIRECTION('',(0.13052619222,-0.991444861374));
#2701 = ( GEOMETRIC_REPRESENTATION_CONTEXT(2) 
PARAMETRIC_REPRESENTATION_CONTEXT() REPRESENTATION_CONTEXT('2D SPACE',''
  ) );
#2702 = PCURVE('',#1261,#2703);
#2703 = DEFINITIONAL_REPRESENTATION('',(#2704),#2708);
#2704 = LINE('',#2705,#2706);
#2705 = CARTESIAN_POINT('',(-2.751812281859E-16,-146.5));
#2706 = VECTOR('',#2707,1.);
#2707 = DIRECTION('',(1.,0.));
#2708 = ( GEOMETRIC_REPRESENTATION_CONTEXT(2) 
PARAMETRIC_REPRESENTATION_CONTEXT() REPRESENTATION_CONTEXT('2D SPACE',''
  ) );
#2709 = ORIENTED_EDGE('',*,*,#2710,.T.);
#2710 = EDGE_CURVE('',#2688,#2711,#2713,.T.);
#2711 = VERTEX_POINT('',#2712);
#2712 = CARTESIAN_POINT('',(12.227331235979,20.092288553364,146.5000001)
  );
#2713 = SURFACE_CURVE('',#2714,(#2718,#2725),.PCURVE_S1.);
#2714 = LINE('',#2715,#2716);
#2715 = CARTESIAN_POINT('',(13.863615799157,7.663473353019,146.5000001)
  );
#2716 = VECTOR('',#2717,1.);
#2717 = DIRECTION('',(-0.13052619222,0.991444861374,1.449131839194E-17)
  );
#2718 = PCURVE('',#342,#2719);
#2719 = DEFINITIONAL_REPRESENTATION('',(#2720),#2724);
#2720 = LINE('',#2721,#2722);
#2721 = CARTESIAN_POINT('',(7.663473253019,12.986384300843));
#2722 = VECTOR('',#2723,1.);
#2723 = DIRECTION('',(0.991444861374,0.13052619222));
#2724 = ( GEOMETRIC_REPRESENTATION_CONTEXT(2) 
PARAMETRIC_REPRESENTATION_CONTEXT() REPRESENTATION_CONTEXT('2D SPACE',''
  ) );
#2725 = PCURVE('',#1289,#2726);
#2726 = DEFINITIONAL_REPRESENTATION('',(#2727),#2731);
#2727 = LINE('',#2728,#2729);
#2728 = CARTESIAN_POINT('',(3.622829597984E-17,-146.5));
#2729 = VECTOR('',#2730,1.);
#2730 = DIRECTION('',(1.,0.));
#2731 = ( GEOMETRIC_REPRESENTATION_CONTEXT(2) 
PARAMETRIC_REPRESENTATION_CONTEXT() REPRESENTATION_CONTEXT('2D SPACE',''
  ) );
#2732 = ORIENTED_EDGE('',*,*,#2733,.F.);
#2733 = EDGE_CURVE('',#2734,#2711,#2736,.T.);
#2734 = VERTEX_POINT('',#2735);
#2735 = CARTESIAN_POINT('',(16.430542064837,22.56008419234,146.5000001)
  );
#2736 = SURFACE_CURVE('',#2737,(#2742,#2749),.PCURVE_S1.);
#2737 = CIRCLE('',#2738,24.85);
#2738 = AXIS2_PLACEMENT_3D('',#2739,#2740,#2741);
#2739 = CARTESIAN_POINT('',(26.8500001,1.000000049323E-07,146.5000001));
#2740 = DIRECTION('',(1.110223024625E-16,-0.,1.));
#2741 = DIRECTION('',(0.,1.,0.));
#2742 = PCURVE('',#342,#2743);
#2743 = DEFINITIONAL_REPRESENTATION('',(#2744),#2748);
#2744 = CIRCLE('',#2745,24.85);
#2745 = AXIS2_PLACEMENT_2D('',#2746,#2747);
#2746 = CARTESIAN_POINT('',(8.148619079986E-16,-3.552713678801E-15));
#2747 = DIRECTION('',(1.,0.));
#2748 = ( GEOMETRIC_REPRESENTATION_CONTEXT(2) 
PARAMETRIC_REPRESENTATION_CONTEXT() REPRESENTATION_CONTEXT('2D SPACE',''
  ) );
#2749 = PCURVE('',#1318,#2750);
#2750 = DEFINITIONAL_REPRESENTATION('',(#2751),#2755);
#2751 = LINE('',#2752,#2753);
#2752 = CARTESIAN_POINT('',(-0.,-146.5));
#2753 = VECTOR('',#2754,1.);
#2754 = DIRECTION('',(-1.,0.));
#2755 = ( GEOMETRIC_REPRESENTATION_CONTEXT(2) 
PARAMETRIC_REPRESENTATION_CONTEXT() REPRESENTATION_CONTEXT('2D SPACE',''
  ) );
#2756 = ORIENTED_EDGE('',*,*,#2757,.T.);
#2757 = EDGE_CURVE('',#2734,#2758,#2760,.T.);
#2758 = VERTEX_POINT('',#2759);
#2759 = CARTESIAN_POINT('',(14.901546137292,10.946207087353,146.5000001)
  );
#2760 = SURFACE_CURVE('',#2761,(#2765,#2772),.PCURVE_S1.);
#2761 = LINE('',#2762,#2763);
#2762 = CARTESIAN_POINT('',(16.689754970707,24.529001688175,146.5000001)
  );
#2763 = VECTOR('',#2764,1.);
#2764 = DIRECTION('',(-0.13052619222,-0.991444861374,1.449131839194E-17)
  );
#2765 = PCURVE('',#342,#2766);
#2766 = DEFINITIONAL_REPRESENTATION('',(#2767),#2771);
#2767 = LINE('',#2768,#2769);
#2768 = CARTESIAN_POINT('',(24.529001588175,10.160245129293));
#2769 = VECTOR('',#2770,1.);
#2770 = DIRECTION('',(-0.991444861374,0.13052619222));
#2771 = ( GEOMETRIC_REPRESENTATION_CONTEXT(2) 
PARAMETRIC_REPRESENTATION_CONTEXT() REPRESENTATION_CONTEXT('2D SPACE',''
  ) );
#2772 = PCURVE('',#1346,#2773);
#2773 = DEFINITIONAL_REPRESENTATION('',(#2774),#2778);
#2774 = LINE('',#2775,#2776);
#2775 = CARTESIAN_POINT('',(-1.985907207291,-146.5));
#2776 = VECTOR('',#2777,1.);
#2777 = DIRECTION('',(1.,0.));
#2778 = ( GEOMETRIC_REPRESENTATION_CONTEXT(2) 
PARAMETRIC_REPRESENTATION_CONTEXT() REPRESENTATION_CONTEXT('2D SPACE',''
  ) );
#2779 = ORIENTED_EDGE('',*,*,#2780,.T.);
#2780 = EDGE_CURVE('',#2758,#2781,#2783,.T.);
#2781 = VERTEX_POINT('',#2782);
#2782 = CARTESIAN_POINT('',(16.289568943216,10.763470418245,146.5000001)
  );
#2783 = SURFACE_CURVE('',#2784,(#2788,#2795),.PCURVE_S1.);
#2784 = LINE('',#2785,#2786);
#2785 = CARTESIAN_POINT('',(14.901546137292,10.946207087353,146.5000001)
  );
#2786 = VECTOR('',#2787,1.);
#2787 = DIRECTION('',(0.991444861374,-0.13052619222,-1.100724912744E-16)
  );
#2788 = PCURVE('',#342,#2789);
#2789 = DEFINITIONAL_REPRESENTATION('',(#2790),#2794);
#2790 = LINE('',#2791,#2792);
#2791 = CARTESIAN_POINT('',(10.946206987353,11.948453962708));
#2792 = VECTOR('',#2793,1.);
#2793 = DIRECTION('',(-0.13052619222,-0.991444861374));
#2794 = ( GEOMETRIC_REPRESENTATION_CONTEXT(2) 
PARAMETRIC_REPRESENTATION_CONTEXT() REPRESENTATION_CONTEXT('2D SPACE',''
  ) );
#2795 = PCURVE('',#1374,#2796);
#2796 = DEFINITIONAL_REPRESENTATION('',(#2797),#2801);
#2797 = LINE('',#2798,#2799);
#2798 = CARTESIAN_POINT('',(-2.751812281859E-16,-146.5));
#2799 = VECTOR('',#2800,1.);
#2800 = DIRECTION('',(1.,0.));
#2801 = ( GEOMETRIC_REPRESENTATION_CONTEXT(2) 
PARAMETRIC_REPRESENTATION_CONTEXT() REPRESENTATION_CONTEXT('2D SPACE',''
  ) );
#2802 = ORIENTED_EDGE('',*,*,#2803,.T.);
#2803 = EDGE_CURVE('',#2781,#2804,#2806,.T.);
#2804 = VERTEX_POINT('',#2805);
#2805 = CARTESIAN_POINT('',(17.925853506393,23.192285618591,146.5000001)
  );
#2806 = SURFACE_CURVE('',#2807,(#2811,#2818),.PCURVE_S1.);
#2807 = LINE('',#2808,#2809);
#2808 = CARTESIAN_POINT('',(16.289568943216,10.763470418245,146.5000001)
  );
#2809 = VECTOR('',#2810,1.);
#2810 = DIRECTION('',(0.13052619222,0.991444861374,-1.449131839194E-17)
  );
#2811 = PCURVE('',#342,#2812);
#2812 = DEFINITIONAL_REPRESENTATION('',(#2813),#2817);
#2813 = LINE('',#2814,#2815);
#2814 = CARTESIAN_POINT('',(10.763470318245,10.560431156785));
#2815 = VECTOR('',#2816,1.);
#2816 = DIRECTION('',(0.991444861374,-0.13052619222));
#2817 = ( GEOMETRIC_REPRESENTATION_CONTEXT(2) 
PARAMETRIC_REPRESENTATION_CONTEXT() REPRESENTATION_CONTEXT('2D SPACE',''
  ) );
#2818 = PCURVE('',#1402,#2819);
#2819 = DEFINITIONAL_REPRESENTATION('',(#2820),#2824);
#2820 = LINE('',#2821,#2822);
#2821 = CARTESIAN_POINT('',(1.956327982911E-16,-146.5));
#2822 = VECTOR('',#2823,1.);
#2823 = DIRECTION('',(1.,0.));
#2824 = ( GEOMETRIC_REPRESENTATION_CONTEXT(2) 
PARAMETRIC_REPRESENTATION_CONTEXT() REPRESENTATION_CONTEXT('2D SPACE',''
  ) );
#2825 = ORIENTED_EDGE('',*,*,#2826,.F.);
#2826 = EDGE_CURVE('',#2827,#2804,#2829,.T.);
#2827 = VERTEX_POINT('',#2828);
#2828 = CARTESIAN_POINT('',(22.624555910112,24.488122147191,146.5000001)
  );
#2829 = SURFACE_CURVE('',#2830,(#2835,#2842),.PCURVE_S1.);
#2830 = CIRCLE('',#2831,24.85);
#2831 = AXIS2_PLACEMENT_3D('',#2832,#2833,#2834);
#2832 = CARTESIAN_POINT('',(26.8500001,1.000000049323E-07,146.5000001));
#2833 = DIRECTION('',(1.110223024625E-16,-0.,1.));
#2834 = DIRECTION('',(0.,1.,0.));
#2835 = PCURVE('',#342,#2836);
#2836 = DEFINITIONAL_REPRESENTATION('',(#2837),#2841);
#2837 = CIRCLE('',#2838,24.85);
#2838 = AXIS2_PLACEMENT_2D('',#2839,#2840);
#2839 = CARTESIAN_POINT('',(8.148619079986E-16,-3.552713678801E-15));
#2840 = DIRECTION('',(1.,0.));
#2841 = ( GEOMETRIC_REPRESENTATION_CONTEXT(2) 
PARAMETRIC_REPRESENTATION_CONTEXT() REPRESENTATION_CONTEXT('2D SPACE',''
  ) );
#2842 = PCURVE('',#1431,#2843);
#2843 = DEFINITIONAL_REPRESENTATION('',(#2844),#2848);
#2844 = LINE('',#2845,#2846);
#2845 = CARTESIAN_POINT('',(-0.,-146.5));
#2846 = VECTOR('',#2847,1.);
#2847 = DIRECTION('',(-1.,0.));
#2848 = ( GEOMETRIC_REPRESENTATION_CONTEXT(2) 
PARAMETRIC_REPRESENTATION_CONTEXT() REPRESENTATION_CONTEXT('2D SPACE',''
  ) );
#2849 = ORIENTED_EDGE('',*,*,#2850,.T.);
#2850 = EDGE_CURVE('',#2827,#2851,#2853,.T.);
#2851 = VERTEX_POINT('',#2852);
#2852 = CARTESIAN_POINT('',(18.141766673156,13.66571157407,146.5000001)
  );
#2853 = SURFACE_CURVE('',#2854,(#2858,#2865),.PCURVE_S1.);
#2854 = LINE('',#2855,#2856);
#2855 = CARTESIAN_POINT('',(23.384529696558,26.322861169475,146.5000001)
  );
#2856 = VECTOR('',#2857,1.);
#2857 = DIRECTION('',(-0.382683432365,-0.923879532511,4.248639577543E-17
    ));
#2858 = PCURVE('',#342,#2859);
#2859 = DEFINITIONAL_REPRESENTATION('',(#2860),#2864);
#2860 = LINE('',#2861,#2862);
#2861 = CARTESIAN_POINT('',(26.322861069475,3.465470403442));
#2862 = VECTOR('',#2863,1.);
#2863 = DIRECTION('',(-0.923879532511,0.382683432365));
#2864 = ( GEOMETRIC_REPRESENTATION_CONTEXT(2) 
PARAMETRIC_REPRESENTATION_CONTEXT() REPRESENTATION_CONTEXT('2D SPACE',''
  ) );
#2865 = PCURVE('',#1459,#2866);
#2866 = DEFINITIONAL_REPRESENTATION('',(#2867),#2871);
#2867 = LINE('',#2868,#2869);
#2868 = CARTESIAN_POINT('',(-1.985907207292,-146.5));
#2869 = VECTOR('',#2870,1.);
#2870 = DIRECTION('',(1.,0.));
#2871 = ( GEOMETRIC_REPRESENTATION_CONTEXT(2) 
PARAMETRIC_REPRESENTATION_CONTEXT() REPRESENTATION_CONTEXT('2D SPACE',''
  ) );
#2872 = ORIENTED_EDGE('',*,*,#2873,.T.);
#2873 = EDGE_CURVE('',#2851,#2874,#2876,.T.);
#2874 = VERTEX_POINT('',#2875);
#2875 = CARTESIAN_POINT('',(19.435198018672,13.129954768759,146.5000001)
  );
#2876 = SURFACE_CURVE('',#2877,(#2881,#2888),.PCURVE_S1.);
#2877 = LINE('',#2878,#2879);
#2878 = CARTESIAN_POINT('',(18.141766673156,13.66571157407,146.5000001)
  );
#2879 = VECTOR('',#2880,1.);
#2880 = DIRECTION('',(0.923879532511,-0.382683432365,-1.025712328974E-16
    ));
#2881 = PCURVE('',#342,#2882);
#2882 = DEFINITIONAL_REPRESENTATION('',(#2883),#2887);
#2883 = LINE('',#2884,#2885);
#2884 = CARTESIAN_POINT('',(13.66571147407,8.708233426844));
#2885 = VECTOR('',#2886,1.);
#2886 = DIRECTION('',(-0.382683432365,-0.923879532511));
#2887 = ( GEOMETRIC_REPRESENTATION_CONTEXT(2) 
PARAMETRIC_REPRESENTATION_CONTEXT() REPRESENTATION_CONTEXT('2D SPACE',''
  ) );
#2888 = PCURVE('',#1487,#2889);
#2889 = DEFINITIONAL_REPRESENTATION('',(#2890),#2894);
#2890 = LINE('',#2891,#2892);
#2891 = CARTESIAN_POINT('',(1.384711644115E-15,-146.5));
#2892 = VECTOR('',#2893,1.);
#2893 = DIRECTION('',(1.,0.));
#2894 = ( GEOMETRIC_REPRESENTATION_CONTEXT(2) 
PARAMETRIC_REPRESENTATION_CONTEXT() REPRESENTATION_CONTEXT('2D SPACE',''
  ) );
#2895 = ORIENTED_EDGE('',*,*,#2896,.T.);
#2896 = EDGE_CURVE('',#2874,#2897,#2899,.T.);
#2897 = VERTEX_POINT('',#2898);
#2898 = CARTESIAN_POINT('',(24.232541619312,24.711766752789,146.5000001)
  );
#2899 = SURFACE_CURVE('',#2900,(#2904,#2911),.PCURVE_S1.);
#2900 = LINE('',#2901,#2902);
#2901 = CARTESIAN_POINT('',(19.435198018672,13.129954768759,146.5000001)
  );
#2902 = VECTOR('',#2903,1.);
#2903 = DIRECTION('',(0.382683432365,0.923879532511,-4.248639577543E-17)
  );
#2904 = PCURVE('',#342,#2905);
#2905 = DEFINITIONAL_REPRESENTATION('',(#2906),#2910);
#2906 = LINE('',#2907,#2908);
#2907 = CARTESIAN_POINT('',(13.129954668759,7.414802081328));
#2908 = VECTOR('',#2909,1.);
#2909 = DIRECTION('',(0.923879532511,-0.382683432365));
#2910 = ( GEOMETRIC_REPRESENTATION_CONTEXT(2) 
PARAMETRIC_REPRESENTATION_CONTEXT() REPRESENTATION_CONTEXT('2D SPACE',''
  ) );
#2911 = PCURVE('',#1515,#2912);
#2912 = DEFINITIONAL_REPRESENTATION('',(#2913),#2917);
#2913 = LINE('',#2914,#2915);
#2914 = CARTESIAN_POINT('',(5.735663429683E-16,-146.5));
#2915 = VECTOR('',#2916,1.);
#2916 = DIRECTION('',(1.,0.));
#2917 = ( GEOMETRIC_REPRESENTATION_CONTEXT(2) 
PARAMETRIC_REPRESENTATION_CONTEXT() REPRESENTATION_CONTEXT('2D SPACE',''
  ) );
#2918 = ORIENTED_EDGE('',*,*,#2919,.T.);
#2919 = EDGE_CURVE('',#2897,#2920,#2922,.T.);
#2920 = VERTEX_POINT('',#2921);
#2921 = CARTESIAN_POINT('',(29.106526794054,24.747335053062,146.5000001)
  );
#2922 = SURFACE_CURVE('',#2923,(#2928,#2939),.PCURVE_S1.);
#2923 = CIRCLE('',#2924,24.85);
#2924 = AXIS2_PLACEMENT_3D('',#2925,#2926,#2927);
#2925 = CARTESIAN_POINT('',(26.8500001,1.000000049323E-07,146.5000001));
#2926 = DIRECTION('',(-1.110223024625E-16,0.,-1.));
#2927 = DIRECTION('',(-0.105330321154,0.994437289851,1.169401477368E-17)
  );
#2928 = PCURVE('',#342,#2929);
#2929 = DEFINITIONAL_REPRESENTATION('',(#2930),#2938);
#2930 = ( BOUNDED_CURVE() B_SPLINE_CURVE(2,(#2931,#2932,#2933,#2934,
#2935,#2936,#2937),.UNSPECIFIED.,.T.,.F.) B_SPLINE_CURVE_WITH_KNOTS((1,2
    ,2,2,2,1),(-2.094395102393,0.,2.094395102393,4.188790204786,
6.28318530718,8.377580409573),.UNSPECIFIED.) CURVE() 
GEOMETRIC_REPRESENTATION_ITEM() RATIONAL_B_SPLINE_CURVE((1.,0.5,1.,0.5,
1.,0.5,1.)) REPRESENTATION_ITEM('') );
#2931 = CARTESIAN_POINT('',(24.711766652789,2.617458480688));
#2932 = CARTESIAN_POINT('',(29.245337728042,-40.18457690672));
#2933 = CARTESIAN_POINT('',(-10.08909778876,-22.70974693405));
#2934 = CARTESIAN_POINT('',(-49.42353330557,-5.234916961376));
#2935 = CARTESIAN_POINT('',(-14.62266886402,20.092288453364));
#2936 = CARTESIAN_POINT('',(20.178195577535,45.419493868104));
#2937 = CARTESIAN_POINT('',(24.711766652789,2.617458480688));
#2938 = ( GEOMETRIC_REPRESENTATION_CONTEXT(2) 
PARAMETRIC_REPRESENTATION_CONTEXT() REPRESENTATION_CONTEXT('2D SPACE',''
  ) );
#2939 = PCURVE('',#1544,#2940);
#2940 = DEFINITIONAL_REPRESENTATION('',(#2941),#2945);
#2941 = LINE('',#2942,#2943);
#2942 = CARTESIAN_POINT('',(-6.388711371297,-146.5));
#2943 = VECTOR('',#2944,1.);
#2944 = DIRECTION('',(1.,-0.));
#2945 = ( GEOMETRIC_REPRESENTATION_CONTEXT(2) 
PARAMETRIC_REPRESENTATION_CONTEXT() REPRESENTATION_CONTEXT('2D SPACE',''
  ) );
#2946 = ORIENTED_EDGE('',*,*,#2947,.T.);
#2947 = EDGE_CURVE('',#2920,#2948,#2950,.T.);
#2948 = VERTEX_POINT('',#2949);
#2949 = CARTESIAN_POINT('',(21.975438926023,15.453920407485,146.5000001)
  );
#2950 = SURFACE_CURVE('',#2951,(#2955,#2962),.PCURVE_S1.);
#2951 = LINE('',#2952,#2953);
#2952 = CARTESIAN_POINT('',(30.315470503442,26.322861169475,146.5000001)
  );
#2953 = VECTOR('',#2954,1.);
#2954 = DIRECTION('',(-0.608761429009,-0.793353340291,6.758609549892E-17
    ));
#2955 = PCURVE('',#342,#2956);
#2956 = DEFINITIONAL_REPRESENTATION('',(#2957),#2961);
#2957 = LINE('',#2958,#2959);
#2958 = CARTESIAN_POINT('',(26.322861069475,-3.465470403442));
#2959 = VECTOR('',#2960,1.);
#2960 = DIRECTION('',(-0.793353340291,0.608761429009));
#2961 = ( GEOMETRIC_REPRESENTATION_CONTEXT(2) 
PARAMETRIC_REPRESENTATION_CONTEXT() REPRESENTATION_CONTEXT('2D SPACE',''
  ) );
#2962 = PCURVE('',#1572,#2963);
#2963 = DEFINITIONAL_REPRESENTATION('',(#2964),#2968);
#2964 = LINE('',#2965,#2966);
#2965 = CARTESIAN_POINT('',(-1.985907207291,-146.5));
#2966 = VECTOR('',#2967,1.);
#2967 = DIRECTION('',(1.,0.));
#2968 = ( GEOMETRIC_REPRESENTATION_CONTEXT(2) 
PARAMETRIC_REPRESENTATION_CONTEXT() REPRESENTATION_CONTEXT('2D SPACE',''
  ) );
#2969 = ORIENTED_EDGE('',*,*,#2970,.T.);
#2970 = EDGE_CURVE('',#2948,#2971,#2973,.T.);
#2971 = VERTEX_POINT('',#2972);
#2972 = CARTESIAN_POINT('',(23.086133602431,14.601654406873,146.5000001)
  );
#2973 = SURFACE_CURVE('',#2974,(#2978,#2985),.PCURVE_S1.);
#2974 = LINE('',#2975,#2976);
#2975 = CARTESIAN_POINT('',(21.975438926023,15.453920407485,146.5000001)
  );
#2976 = VECTOR('',#2977,1.);
#2977 = DIRECTION('',(0.793353340291,-0.608761429009,-8.807991450546E-17
    ));
#2978 = PCURVE('',#342,#2979);
#2979 = DEFINITIONAL_REPRESENTATION('',(#2980),#2984);
#2980 = LINE('',#2981,#2982);
#2981 = CARTESIAN_POINT('',(15.453920307485,4.874561173977));
#2982 = VECTOR('',#2983,1.);
#2983 = DIRECTION('',(-0.608761429009,-0.793353340291));
#2984 = ( GEOMETRIC_REPRESENTATION_CONTEXT(2) 
PARAMETRIC_REPRESENTATION_CONTEXT() REPRESENTATION_CONTEXT('2D SPACE',''
  ) );
#2985 = PCURVE('',#1600,#2986);
#2986 = DEFINITIONAL_REPRESENTATION('',(#2987),#2991);
#2987 = LINE('',#2988,#2989);
#2988 = CARTESIAN_POINT('',(1.189078845824E-15,-146.5));
#2989 = VECTOR('',#2990,1.);
#2990 = DIRECTION('',(1.,0.));
#2991 = ( GEOMETRIC_REPRESENTATION_CONTEXT(2) 
PARAMETRIC_REPRESENTATION_CONTEXT() REPRESENTATION_CONTEXT('2D SPACE',''
  ) );
#2992 = ORIENTED_EDGE('',*,*,#2993,.T.);
#2993 = EDGE_CURVE('',#2971,#2994,#2996,.T.);
#2994 = VERTEX_POINT('',#2995);
#2995 = CARTESIAN_POINT('',(30.717605202135,24.547181827725,146.5000001)
  );
#2996 = SURFACE_CURVE('',#2997,(#3001,#3008),.PCURVE_S1.);
#2997 = LINE('',#2998,#2999);
#2998 = CARTESIAN_POINT('',(23.086133602431,14.601654406873,146.5000001)
  );
#2999 = VECTOR('',#3000,1.);
#3000 = DIRECTION('',(0.608761429009,0.793353340291,-6.758609549892E-17)
  );
#3001 = PCURVE('',#342,#3002);
#3002 = DEFINITIONAL_REPRESENTATION('',(#3003),#3007);
#3003 = LINE('',#3004,#3005);
#3004 = CARTESIAN_POINT('',(14.601654306873,3.763866497569));
#3005 = VECTOR('',#3006,1.);
#3006 = DIRECTION('',(0.793353340291,-0.608761429009));
#3007 = ( GEOMETRIC_REPRESENTATION_CONTEXT(2) 
PARAMETRIC_REPRESENTATION_CONTEXT() REPRESENTATION_CONTEXT('2D SPACE',''
  ) );
#3008 = PCURVE('',#1628,#3009);
#3009 = DEFINITIONAL_REPRESENTATION('',(#3010),#3014);
#3010 = LINE('',#3011,#3012);
#3011 = CARTESIAN_POINT('',(-2.659621398817E-15,-146.5));
#3012 = VECTOR('',#3013,1.);
#3013 = DIRECTION('',(1.,0.));
#3014 = ( GEOMETRIC_REPRESENTATION_CONTEXT(2) 
PARAMETRIC_REPRESENTATION_CONTEXT() REPRESENTATION_CONTEXT('2D SPACE',''
  ) );
#3015 = ORIENTED_EDGE('',*,*,#3016,.F.);
#3016 = EDGE_CURVE('',#3017,#2994,#3019,.T.);
#3017 = VERTEX_POINT('',#3018);
#3018 = CARTESIAN_POINT('',(35.434719112881,23.320057978785,146.5000001)
  );
#3019 = SURFACE_CURVE('',#3020,(#3025,#3032),.PCURVE_S1.);
#3020 = CIRCLE('',#3021,24.85);
#3021 = AXIS2_PLACEMENT_3D('',#3022,#3023,#3024);
#3022 = CARTESIAN_POINT('',(26.8500001,1.000000049323E-07,146.5000001));
#3023 = DIRECTION('',(1.110223024625E-16,-0.,1.));
#3024 = DIRECTION('',(0.,1.,0.));
#3025 = PCURVE('',#342,#3026);
#3026 = DEFINITIONAL_REPRESENTATION('',(#3027),#3031);
#3027 = CIRCLE('',#3028,24.85);
#3028 = AXIS2_PLACEMENT_2D('',#3029,#3030);
#3029 = CARTESIAN_POINT('',(8.148619079986E-16,-3.552713678801E-15));
#3030 = DIRECTION('',(1.,0.));
#3031 = ( GEOMETRIC_REPRESENTATION_CONTEXT(2) 
PARAMETRIC_REPRESENTATION_CONTEXT() REPRESENTATION_CONTEXT('2D SPACE',''
  ) );
#3032 = PCURVE('',#1657,#3033);
#3033 = DEFINITIONAL_REPRESENTATION('',(#3034),#3038);
#3034 = LINE('',#3035,#3036);
#3035 = CARTESIAN_POINT('',(-0.,-146.5));
#3036 = VECTOR('',#3037,1.);
#3037 = DIRECTION('',(-1.,0.));
#3038 = ( GEOMETRIC_REPRESENTATION_CONTEXT(2) 
PARAMETRIC_REPRESENTATION_CONTEXT() REPRESENTATION_CONTEXT('2D SPACE',''
  ) );
#3039 = ORIENTED_EDGE('',*,*,#3040,.T.);
#3040 = EDGE_CURVE('',#3017,#3041,#3043,.T.);
#3041 = VERTEX_POINT('',#3042);
#3042 = CARTESIAN_POINT('',(26.141304467303,16.188970110755,146.5000001)
  );
#3043 = SURFACE_CURVE('',#3044,(#3048,#3055),.PCURVE_S1.);
#3044 = LINE('',#3045,#3046);
#3045 = CARTESIAN_POINT('',(37.010245229293,24.529001688175,146.5000001)
  );
#3046 = VECTOR('',#3047,1.);
#3047 = DIRECTION('',(-0.793353340291,-0.608761429009,8.807991450546E-17
    ));
#3048 = PCURVE('',#342,#3049);
#3049 = DEFINITIONAL_REPRESENTATION('',(#3050),#3054);
#3050 = LINE('',#3051,#3052);
#3051 = CARTESIAN_POINT('',(24.529001588175,-10.16024512929));
#3052 = VECTOR('',#3053,1.);
#3053 = DIRECTION('',(-0.608761429009,0.793353340291));
#3054 = ( GEOMETRIC_REPRESENTATION_CONTEXT(2) 
PARAMETRIC_REPRESENTATION_CONTEXT() REPRESENTATION_CONTEXT('2D SPACE',''
  ) );
#3055 = PCURVE('',#1685,#3056);
#3056 = DEFINITIONAL_REPRESENTATION('',(#3057),#3061);
#3057 = LINE('',#3058,#3059);
#3058 = CARTESIAN_POINT('',(-1.98590720729,-146.5));
#3059 = VECTOR('',#3060,1.);
#3060 = DIRECTION('',(1.,0.));
#3061 = ( GEOMETRIC_REPRESENTATION_CONTEXT(2) 
PARAMETRIC_REPRESENTATION_CONTEXT() REPRESENTATION_CONTEXT('2D SPACE',''
  ) );
#3062 = ORIENTED_EDGE('',*,*,#3063,.T.);
#3063 = EDGE_CURVE('',#3041,#3064,#3066,.T.);
#3064 = VERTEX_POINT('',#3065);
#3065 = CARTESIAN_POINT('',(26.993570467915,15.078275434347,146.5000001)
  );
#3066 = SURFACE_CURVE('',#3067,(#3071,#3078),.PCURVE_S1.);
#3067 = LINE('',#3068,#3069);
#3068 = CARTESIAN_POINT('',(26.141304467303,16.188970110755,146.5000001)
  );
#3069 = VECTOR('',#3070,1.);
#3070 = DIRECTION('',(0.608761429009,-0.793353340291,-6.758609549892E-17
    ));
#3071 = PCURVE('',#342,#3072);
#3072 = DEFINITIONAL_REPRESENTATION('',(#3073),#3077);
#3073 = LINE('',#3074,#3075);
#3074 = CARTESIAN_POINT('',(16.188970010755,0.708695632697));
#3075 = VECTOR('',#3076,1.);
#3076 = DIRECTION('',(-0.793353340291,-0.608761429009));
#3077 = ( GEOMETRIC_REPRESENTATION_CONTEXT(2) 
PARAMETRIC_REPRESENTATION_CONTEXT() REPRESENTATION_CONTEXT('2D SPACE',''
  ) );
#3078 = PCURVE('',#1713,#3079);
#3079 = DEFINITIONAL_REPRESENTATION('',(#3080),#3084);
#3080 = LINE('',#3081,#3082);
#3081 = CARTESIAN_POINT('',(-1.25034276673E-15,-146.5));
#3082 = VECTOR('',#3083,1.);
#3083 = DIRECTION('',(1.,0.));
#3084 = ( GEOMETRIC_REPRESENTATION_CONTEXT(2) 
PARAMETRIC_REPRESENTATION_CONTEXT() REPRESENTATION_CONTEXT('2D SPACE',''
  ) );
#3085 = ORIENTED_EDGE('',*,*,#3086,.T.);
#3086 = EDGE_CURVE('',#3064,#3087,#3089,.T.);
#3087 = VERTEX_POINT('',#3088);
#3088 = CARTESIAN_POINT('',(36.939097888766,22.709747034052,146.5000001)
  );
#3089 = SURFACE_CURVE('',#3090,(#3094,#3101),.PCURVE_S1.);
#3090 = LINE('',#3091,#3092);
#3091 = CARTESIAN_POINT('',(26.993570467915,15.078275434347,146.5000001)
  );
#3092 = VECTOR('',#3093,1.);
#3093 = DIRECTION('',(0.793353340291,0.608761429009,-8.807991450546E-17)
  );
#3094 = PCURVE('',#342,#3095);
#3095 = DEFINITIONAL_REPRESENTATION('',(#3096),#3100);
#3096 = LINE('',#3097,#3098);
#3097 = CARTESIAN_POINT('',(15.078275334347,-0.143570367915));
#3098 = VECTOR('',#3099,1.);
#3099 = DIRECTION('',(0.608761429009,-0.793353340291));
#3100 = ( GEOMETRIC_REPRESENTATION_CONTEXT(2) 
PARAMETRIC_REPRESENTATION_CONTEXT() REPRESENTATION_CONTEXT('2D SPACE',''
  ) );
#3101 = PCURVE('',#1741,#3102);
#3102 = DEFINITIONAL_REPRESENTATION('',(#3103),#3107);
#3103 = LINE('',#3104,#3105);
#3104 = CARTESIAN_POINT('',(-2.710855946334E-15,-146.5));
#3105 = VECTOR('',#3106,1.);
#3106 = DIRECTION('',(1.,0.));
#3107 = ( GEOMETRIC_REPRESENTATION_CONTEXT(2) 
PARAMETRIC_REPRESENTATION_CONTEXT() REPRESENTATION_CONTEXT('2D SPACE',''
  ) );
#3108 = ORIENTED_EDGE('',*,*,#3109,.F.);
#3109 = EDGE_CURVE('',#3110,#3087,#3112,.T.);
#3110 = VERTEX_POINT('',#3111);
#3111 = CARTESIAN_POINT('',(41.177877017898,20.303557498288,146.5000001)
  );
#3112 = SURFACE_CURVE('',#3113,(#3118,#3125),.PCURVE_S1.);
#3113 = CIRCLE('',#3114,24.85);
#3114 = AXIS2_PLACEMENT_3D('',#3115,#3116,#3117);
#3115 = CARTESIAN_POINT('',(26.8500001,1.000000049323E-07,146.5000001));
#3116 = DIRECTION('',(1.110223024625E-16,-0.,1.));
#3117 = DIRECTION('',(0.,1.,0.));
#3118 = PCURVE('',#342,#3119);
#3119 = DEFINITIONAL_REPRESENTATION('',(#3120),#3124);
#3120 = CIRCLE('',#3121,24.85);
#3121 = AXIS2_PLACEMENT_2D('',#3122,#3123);
#3122 = CARTESIAN_POINT('',(8.148619079986E-16,-3.552713678801E-15));
#3123 = DIRECTION('',(1.,0.));
#3124 = ( GEOMETRIC_REPRESENTATION_CONTEXT(2) 
PARAMETRIC_REPRESENTATION_CONTEXT() REPRESENTATION_CONTEXT('2D SPACE',''
  ) );
#3125 = PCURVE('',#1770,#3126);
#3126 = DEFINITIONAL_REPRESENTATION('',(#3127),#3131);
#3127 = LINE('',#3128,#3129);
#3128 = CARTESIAN_POINT('',(-0.,-146.5));
#3129 = VECTOR('',#3130,1.);
#3130 = DIRECTION('',(-1.,0.));
#3131 = ( GEOMETRIC_REPRESENTATION_CONTEXT(2) 
PARAMETRIC_REPRESENTATION_CONTEXT() REPRESENTATION_CONTEXT('2D SPACE',''
  ) );
#3132 = ORIENTED_EDGE('',*,*,#3133,.T.);
#3133 = EDGE_CURVE('',#3110,#3134,#3136,.T.);
#3134 = VERTEX_POINT('',#3135);
#3135 = CARTESIAN_POINT('',(30.355466444777,15.820768261331,146.5000001)
  );
#3136 = SURFACE_CURVE('',#3137,(#3141,#3148),.PCURVE_S1.);
#3137 = LINE('',#3138,#3139);
#3138 = CARTESIAN_POINT('',(43.012616040182,21.063531284732,146.5000001)
  );
#3139 = VECTOR('',#3140,1.);
#3140 = DIRECTION('',(-0.923879532511,-0.382683432365,1.025712328974E-16
    ));
#3141 = PCURVE('',#342,#3142);
#3142 = DEFINITIONAL_REPRESENTATION('',(#3143),#3147);
#3143 = LINE('',#3144,#3145);
#3144 = CARTESIAN_POINT('',(21.063531184732,-16.16261594018));
#3145 = VECTOR('',#3146,1.);
#3146 = DIRECTION('',(-0.382683432365,0.923879532511));
#3147 = ( GEOMETRIC_REPRESENTATION_CONTEXT(2) 
PARAMETRIC_REPRESENTATION_CONTEXT() REPRESENTATION_CONTEXT('2D SPACE',''
  ) );
#3148 = PCURVE('',#1798,#3149);
#3149 = DEFINITIONAL_REPRESENTATION('',(#3150),#3154);
#3150 = LINE('',#3151,#3152);
#3151 = CARTESIAN_POINT('',(-1.985907207292,-146.5));
#3152 = VECTOR('',#3153,1.);
#3153 = DIRECTION('',(1.,0.));
#3154 = ( GEOMETRIC_REPRESENTATION_CONTEXT(2) 
PARAMETRIC_REPRESENTATION_CONTEXT() REPRESENTATION_CONTEXT('2D SPACE',''
  ) );
#3155 = ORIENTED_EDGE('',*,*,#3156,.T.);
#3156 = EDGE_CURVE('',#3134,#3157,#3159,.T.);
#3157 = VERTEX_POINT('',#3158);
#3158 = CARTESIAN_POINT('',(30.891223250088,14.527336915815,146.5000001)
  );
#3159 = SURFACE_CURVE('',#3160,(#3164,#3171),.PCURVE_S1.);
#3160 = LINE('',#3161,#3162);
#3161 = CARTESIAN_POINT('',(30.355466444777,15.820768261331,146.5000001)
  );
#3162 = VECTOR('',#3163,1.);
#3163 = DIRECTION('',(0.382683432365,-0.923879532511,-4.248639577543E-17
    ));
#3164 = PCURVE('',#342,#3165);
#3165 = DEFINITIONAL_REPRESENTATION('',(#3166),#3170);
#3166 = LINE('',#3167,#3168);
#3167 = CARTESIAN_POINT('',(15.820768161331,-3.505466344777));
#3168 = VECTOR('',#3169,1.);
#3169 = DIRECTION('',(-0.923879532511,-0.382683432365));
#3170 = ( GEOMETRIC_REPRESENTATION_CONTEXT(2) 
PARAMETRIC_REPRESENTATION_CONTEXT() REPRESENTATION_CONTEXT('2D SPACE',''
  ) );
#3171 = PCURVE('',#1826,#3172);
#3172 = DEFINITIONAL_REPRESENTATION('',(#3173),#3177);
#3173 = LINE('',#3174,#3175);
#3174 = CARTESIAN_POINT('',(-7.859983218455E-16,-146.5));
#3175 = VECTOR('',#3176,1.);
#3176 = DIRECTION('',(1.,0.));
#3177 = ( GEOMETRIC_REPRESENTATION_CONTEXT(2) 
PARAMETRIC_REPRESENTATION_CONTEXT() REPRESENTATION_CONTEXT('2D SPACE',''
  ) );
#3178 = ORIENTED_EDGE('',*,*,#3179,.T.);
#3179 = EDGE_CURVE('',#3157,#3180,#3182,.T.);
#3180 = VERTEX_POINT('',#3181);
#3181 = CARTESIAN_POINT('',(42.473035234117,19.324680516455,146.5000001)
  );
#3182 = SURFACE_CURVE('',#3183,(#3187,#3194),.PCURVE_S1.);
#3183 = LINE('',#3184,#3185);
#3184 = CARTESIAN_POINT('',(30.891223250088,14.527336915815,146.5000001)
  );
#3185 = VECTOR('',#3186,1.);
#3186 = DIRECTION('',(0.923879532511,0.382683432365,-1.025712328974E-16)
  );
#3187 = PCURVE('',#342,#3188);
#3188 = DEFINITIONAL_REPRESENTATION('',(#3189),#3193);
#3189 = LINE('',#3190,#3191);
#3190 = CARTESIAN_POINT('',(14.527336815815,-4.041223150088));
#3191 = VECTOR('',#3192,1.);
#3192 = DIRECTION('',(0.382683432365,-0.923879532511));
#3193 = ( GEOMETRIC_REPRESENTATION_CONTEXT(2) 
PARAMETRIC_REPRESENTATION_CONTEXT() REPRESENTATION_CONTEXT('2D SPACE',''
  ) );
#3194 = PCURVE('',#1854,#3195);
#3195 = DEFINITIONAL_REPRESENTATION('',(#3196),#3200);
#3196 = LINE('',#3197,#3198);
#3197 = CARTESIAN_POINT('',(-1.897567808602E-15,-146.5));
#3198 = VECTOR('',#3199,1.);
#3199 = DIRECTION('',(1.,0.));
#3200 = ( GEOMETRIC_REPRESENTATION_CONTEXT(2) 
PARAMETRIC_REPRESENTATION_CONTEXT() REPRESENTATION_CONTEXT('2D SPACE',''
  ) );
#3201 = ORIENTED_EDGE('',*,*,#3202,.F.);
#3202 = EDGE_CURVE('',#3203,#3180,#3205,.T.);
#3203 = VERTEX_POINT('',#3204);
#3204 = CARTESIAN_POINT('',(45.944613788898,15.903403134311,146.5000001)
  );
#3205 = SURFACE_CURVE('',#3206,(#3211,#3218),.PCURVE_S1.);
#3206 = CIRCLE('',#3207,24.85);
#3207 = AXIS2_PLACEMENT_3D('',#3208,#3209,#3210);
#3208 = CARTESIAN_POINT('',(26.8500001,1.000000049323E-07,146.5000001));
#3209 = DIRECTION('',(1.110223024625E-16,-0.,1.));
#3210 = DIRECTION('',(0.,1.,0.));
#3211 = PCURVE('',#342,#3212);
#3212 = DEFINITIONAL_REPRESENTATION('',(#3213),#3217);
#3213 = CIRCLE('',#3214,24.85);
#3214 = AXIS2_PLACEMENT_2D('',#3215,#3216);
#3215 = CARTESIAN_POINT('',(8.148619079986E-16,-3.552713678801E-15));
#3216 = DIRECTION('',(1.,0.));
#3217 = ( GEOMETRIC_REPRESENTATION_CONTEXT(2) 
PARAMETRIC_REPRESENTATION_CONTEXT() REPRESENTATION_CONTEXT('2D SPACE',''
  ) );
#3218 = PCURVE('',#1883,#3219);
#3219 = DEFINITIONAL_REPRESENTATION('',(#3220),#3224);
#3220 = LINE('',#3221,#3222);
#3221 = CARTESIAN_POINT('',(-0.,-146.5));
#3222 = VECTOR('',#3223,1.);
#3223 = DIRECTION('',(-1.,0.));
#3224 = ( GEOMETRIC_REPRESENTATION_CONTEXT(2) 
PARAMETRIC_REPRESENTATION_CONTEXT() REPRESENTATION_CONTEXT('2D SPACE',''
  ) );
#3225 = ORIENTED_EDGE('',*,*,#3226,.T.);
#3226 = EDGE_CURVE('',#3203,#3227,#3229,.T.);
#3227 = VERTEX_POINT('',#3228);
#3228 = CARTESIAN_POINT('',(34.330736683911,14.374407206767,146.5000001)
  );
#3229 = SURFACE_CURVE('',#3230,(#3234,#3241),.PCURVE_S1.);
#3230 = LINE('',#3231,#3232);
#3231 = CARTESIAN_POINT('',(47.913531284732,16.162616040182,146.5000001)
  );
#3232 = VECTOR('',#3233,1.);
#3233 = DIRECTION('',(-0.991444861374,-0.13052619222,1.100724912744E-16)
  );
#3234 = PCURVE('',#342,#3235);
#3235 = DEFINITIONAL_REPRESENTATION('',(#3236),#3240);
#3236 = LINE('',#3237,#3238);
#3237 = CARTESIAN_POINT('',(16.162615940182,-21.06353118473));
#3238 = VECTOR('',#3239,1.);
#3239 = DIRECTION('',(-0.13052619222,0.991444861374));
#3240 = ( GEOMETRIC_REPRESENTATION_CONTEXT(2) 
PARAMETRIC_REPRESENTATION_CONTEXT() REPRESENTATION_CONTEXT('2D SPACE',''
  ) );
#3241 = PCURVE('',#1911,#3242);
#3242 = DEFINITIONAL_REPRESENTATION('',(#3243),#3247);
#3243 = LINE('',#3244,#3245);
#3244 = CARTESIAN_POINT('',(-1.985907207291,-146.5));
#3245 = VECTOR('',#3246,1.);
#3246 = DIRECTION('',(1.,0.));
#3247 = ( GEOMETRIC_REPRESENTATION_CONTEXT(2) 
PARAMETRIC_REPRESENTATION_CONTEXT() REPRESENTATION_CONTEXT('2D SPACE',''
  ) );
#3248 = ORIENTED_EDGE('',*,*,#3249,.T.);
#3249 = EDGE_CURVE('',#3227,#3250,#3252,.T.);
#3250 = VERTEX_POINT('',#3251);
#3251 = CARTESIAN_POINT('',(34.513473353019,12.986384400843,146.5000001)
  );
#3252 = SURFACE_CURVE('',#3253,(#3257,#3264),.PCURVE_S1.);
#3253 = LINE('',#3254,#3255);
#3254 = CARTESIAN_POINT('',(34.330736683911,14.374407206767,146.5000001)
  );
#3255 = VECTOR('',#3256,1.);
#3256 = DIRECTION('',(0.13052619222,-0.991444861374,-1.449131839194E-17)
  );
#3257 = PCURVE('',#342,#3258);
#3258 = DEFINITIONAL_REPRESENTATION('',(#3259),#3263);
#3259 = LINE('',#3260,#3261);
#3260 = CARTESIAN_POINT('',(14.374407106767,-7.480736583911));
#3261 = VECTOR('',#3262,1.);
#3262 = DIRECTION('',(-0.991444861374,-0.13052619222));
#3263 = ( GEOMETRIC_REPRESENTATION_CONTEXT(2) 
PARAMETRIC_REPRESENTATION_CONTEXT() REPRESENTATION_CONTEXT('2D SPACE',''
  ) );
#3264 = PCURVE('',#1939,#3265);
#3265 = DEFINITIONAL_REPRESENTATION('',(#3266),#3270);
#3266 = LINE('',#3267,#3268);
#3267 = CARTESIAN_POINT('',(-2.680893902508E-16,-146.5));
#3268 = VECTOR('',#3269,1.);
#3269 = DIRECTION('',(1.,0.));
#3270 = ( GEOMETRIC_REPRESENTATION_CONTEXT(2) 
PARAMETRIC_REPRESENTATION_CONTEXT() REPRESENTATION_CONTEXT('2D SPACE',''
  ) );
#3271 = ORIENTED_EDGE('',*,*,#3272,.T.);
#3272 = EDGE_CURVE('',#3250,#3273,#3275,.T.);
#3273 = VERTEX_POINT('',#3274);
#3274 = CARTESIAN_POINT('',(46.942288553364,14.622668964021,146.5000001)
  );
#3275 = SURFACE_CURVE('',#3276,(#3280,#3287),.PCURVE_S1.);
#3276 = LINE('',#3277,#3278);
#3277 = CARTESIAN_POINT('',(34.513473353019,12.986384400843,146.5000001)
  );
#3278 = VECTOR('',#3279,1.);
#3279 = DIRECTION('',(0.991444861374,0.13052619222,-1.100724912744E-16)
  );
#3280 = PCURVE('',#342,#3281);
#3281 = DEFINITIONAL_REPRESENTATION('',(#3282),#3286);
#3282 = LINE('',#3283,#3284);
#3283 = CARTESIAN_POINT('',(12.986384300843,-7.663473253019));
#3284 = VECTOR('',#3285,1.);
#3285 = DIRECTION('',(0.13052619222,-0.991444861374));
#3286 = ( GEOMETRIC_REPRESENTATION_CONTEXT(2) 
PARAMETRIC_REPRESENTATION_CONTEXT() REPRESENTATION_CONTEXT('2D SPACE',''
  ) );
#3287 = PCURVE('',#1967,#3288);
#3288 = DEFINITIONAL_REPRESENTATION('',(#3289),#3293);
#3289 = LINE('',#3290,#3291);
#3290 = CARTESIAN_POINT('',(5.008298352983E-15,-146.5));
#3291 = VECTOR('',#3292,1.);
#3292 = DIRECTION('',(1.,0.));
#3293 = ( GEOMETRIC_REPRESENTATION_CONTEXT(2) 
PARAMETRIC_REPRESENTATION_CONTEXT() REPRESENTATION_CONTEXT('2D SPACE',''
  ) );
#3294 = ORIENTED_EDGE('',*,*,#3295,.F.);
#3295 = EDGE_CURVE('',#3296,#3273,#3298,.T.);
#3296 = VERTEX_POINT('',#3297);
#3297 = CARTESIAN_POINT('',(49.41008419234,10.419458135164,146.5000001)
  );
#3298 = SURFACE_CURVE('',#3299,(#3304,#3311),.PCURVE_S1.);
#3299 = CIRCLE('',#3300,24.85);
#3300 = AXIS2_PLACEMENT_3D('',#3301,#3302,#3303);
#3301 = CARTESIAN_POINT('',(26.8500001,1.000000049323E-07,146.5000001));
#3302 = DIRECTION('',(1.110223024625E-16,-0.,1.));
#3303 = DIRECTION('',(0.,1.,0.));
#3304 = PCURVE('',#342,#3305);
#3305 = DEFINITIONAL_REPRESENTATION('',(#3306),#3310);
#3306 = CIRCLE('',#3307,24.85);
#3307 = AXIS2_PLACEMENT_2D('',#3308,#3309);
#3308 = CARTESIAN_POINT('',(8.148619079986E-16,-3.552713678801E-15));
#3309 = DIRECTION('',(1.,0.));
#3310 = ( GEOMETRIC_REPRESENTATION_CONTEXT(2) 
PARAMETRIC_REPRESENTATION_CONTEXT() REPRESENTATION_CONTEXT('2D SPACE',''
  ) );
#3311 = PCURVE('',#1996,#3312);
#3312 = DEFINITIONAL_REPRESENTATION('',(#3313),#3317);
#3313 = LINE('',#3314,#3315);
#3314 = CARTESIAN_POINT('',(-0.,-146.5));
#3315 = VECTOR('',#3316,1.);
#3316 = DIRECTION('',(-1.,0.));
#3317 = ( GEOMETRIC_REPRESENTATION_CONTEXT(2) 
PARAMETRIC_REPRESENTATION_CONTEXT() REPRESENTATION_CONTEXT('2D SPACE',''
  ) );
#3318 = ORIENTED_EDGE('',*,*,#3319,.T.);
#3319 = EDGE_CURVE('',#3296,#3320,#3322,.T.);
#3320 = VERTEX_POINT('',#3321);
#3321 = CARTESIAN_POINT('',(37.796207087353,11.948454062708,146.5000001)
  );
#3322 = SURFACE_CURVE('',#3323,(#3327,#3334),.PCURVE_S1.);
#3323 = LINE('',#3324,#3325);
#3324 = CARTESIAN_POINT('',(51.379001688175,10.160245229293,146.5000001)
  );
#3325 = VECTOR('',#3326,1.);
#3326 = DIRECTION('',(-0.991444861374,0.13052619222,1.100724912744E-16)
  );
#3327 = PCURVE('',#342,#3328);
#3328 = DEFINITIONAL_REPRESENTATION('',(#3329),#3333);
#3329 = LINE('',#3330,#3331);
#3330 = CARTESIAN_POINT('',(10.160245129293,-24.52900158817));
#3331 = VECTOR('',#3332,1.);
#3332 = DIRECTION('',(0.13052619222,0.991444861374));
#3333 = ( GEOMETRIC_REPRESENTATION_CONTEXT(2) 
PARAMETRIC_REPRESENTATION_CONTEXT() REPRESENTATION_CONTEXT('2D SPACE',''
  ) );
#3334 = PCURVE('',#2024,#3335);
#3335 = DEFINITIONAL_REPRESENTATION('',(#3336),#3340);
#3336 = LINE('',#3337,#3338);
#3337 = CARTESIAN_POINT('',(-1.985907207292,-146.5));
#3338 = VECTOR('',#3339,1.);
#3339 = DIRECTION('',(1.,0.));
#3340 = ( GEOMETRIC_REPRESENTATION_CONTEXT(2) 
PARAMETRIC_REPRESENTATION_CONTEXT() REPRESENTATION_CONTEXT('2D SPACE',''
  ) );
#3341 = ORIENTED_EDGE('',*,*,#3342,.T.);
#3342 = EDGE_CURVE('',#3320,#3343,#3345,.T.);
#3343 = VERTEX_POINT('',#3344);
#3344 = CARTESIAN_POINT('',(37.613470418245,10.560431256785,146.5000001)
  );
#3345 = SURFACE_CURVE('',#3346,(#3350,#3357),.PCURVE_S1.);
#3346 = LINE('',#3347,#3348);
#3347 = CARTESIAN_POINT('',(37.796207087353,11.948454062708,146.5000001)
  );
#3348 = VECTOR('',#3349,1.);
#3349 = DIRECTION('',(-0.13052619222,-0.991444861374,1.449131839193E-17)
  );
#3350 = PCURVE('',#342,#3351);
#3351 = DEFINITIONAL_REPRESENTATION('',(#3352),#3356);
#3352 = LINE('',#3353,#3354);
#3353 = CARTESIAN_POINT('',(11.948453962708,-10.94620698735));
#3354 = VECTOR('',#3355,1.);
#3355 = DIRECTION('',(-0.991444861374,0.13052619222));
#3356 = ( GEOMETRIC_REPRESENTATION_CONTEXT(2) 
PARAMETRIC_REPRESENTATION_CONTEXT() REPRESENTATION_CONTEXT('2D SPACE',''
  ) );
#3357 = PCURVE('',#2052,#3358);
#3358 = DEFINITIONAL_REPRESENTATION('',(#3359),#3363);
#3359 = LINE('',#3360,#3361);
#3360 = CARTESIAN_POINT('',(2.680893902508E-16,-146.5));
#3361 = VECTOR('',#3362,1.);
#3362 = DIRECTION('',(1.,0.));
#3363 = ( GEOMETRIC_REPRESENTATION_CONTEXT(2) 
PARAMETRIC_REPRESENTATION_CONTEXT() REPRESENTATION_CONTEXT('2D SPACE',''
  ) );
#3364 = ORIENTED_EDGE('',*,*,#3365,.T.);
#3365 = EDGE_CURVE('',#3343,#3366,#3368,.T.);
#3366 = VERTEX_POINT('',#3367);
#3367 = CARTESIAN_POINT('',(50.042285618591,8.924146693607,146.5000001)
  );
#3368 = SURFACE_CURVE('',#3369,(#3373,#3380),.PCURVE_S1.);
#3369 = LINE('',#3370,#3371);
#3370 = CARTESIAN_POINT('',(37.613470418245,10.560431256785,146.5000001)
  );
#3371 = VECTOR('',#3372,1.);
#3372 = DIRECTION('',(0.991444861374,-0.13052619222,-1.100724912744E-16)
  );
#3373 = PCURVE('',#342,#3374);
#3374 = DEFINITIONAL_REPRESENTATION('',(#3375),#3379);
#3375 = LINE('',#3376,#3377);
#3376 = CARTESIAN_POINT('',(10.560431156785,-10.76347031824));
#3377 = VECTOR('',#3378,1.);
#3378 = DIRECTION('',(-0.13052619222,-0.991444861374));
#3379 = ( GEOMETRIC_REPRESENTATION_CONTEXT(2) 
PARAMETRIC_REPRESENTATION_CONTEXT() REPRESENTATION_CONTEXT('2D SPACE',''
  ) );
#3380 = PCURVE('',#2080,#3381);
#3381 = DEFINITIONAL_REPRESENTATION('',(#3382),#3386);
#3382 = LINE('',#3383,#3384);
#3383 = CARTESIAN_POINT('',(-2.036341088575E-15,-146.5));
#3384 = VECTOR('',#3385,1.);
#3385 = DIRECTION('',(1.,0.));
#3386 = ( GEOMETRIC_REPRESENTATION_CONTEXT(2) 
PARAMETRIC_REPRESENTATION_CONTEXT() REPRESENTATION_CONTEXT('2D SPACE',''
  ) );
#3387 = ORIENTED_EDGE('',*,*,#3388,.F.);
#3388 = EDGE_CURVE('',#3389,#3366,#3391,.T.);
#3389 = VERTEX_POINT('',#3390);
#3390 = CARTESIAN_POINT('',(51.338122147191,4.225444289888,146.5000001)
  );
#3391 = SURFACE_CURVE('',#3392,(#3397,#3404),.PCURVE_S1.);
#3392 = CIRCLE('',#3393,24.85);
#3393 = AXIS2_PLACEMENT_3D('',#3394,#3395,#3396);
#3394 = CARTESIAN_POINT('',(26.8500001,1.000000049323E-07,146.5000001));
#3395 = DIRECTION('',(1.110223024625E-16,-0.,1.));
#3396 = DIRECTION('',(0.,1.,0.));
#3397 = PCURVE('',#342,#3398);
#3398 = DEFINITIONAL_REPRESENTATION('',(#3399),#3403);
#3399 = CIRCLE('',#3400,24.85);
#3400 = AXIS2_PLACEMENT_2D('',#3401,#3402);
#3401 = CARTESIAN_POINT('',(8.148619079986E-16,-3.552713678801E-15));
#3402 = DIRECTION('',(1.,0.));
#3403 = ( GEOMETRIC_REPRESENTATION_CONTEXT(2) 
PARAMETRIC_REPRESENTATION_CONTEXT() REPRESENTATION_CONTEXT('2D SPACE',''
  ) );
#3404 = PCURVE('',#2109,#3405);
#3405 = DEFINITIONAL_REPRESENTATION('',(#3406),#3410);
#3406 = LINE('',#3407,#3408);
#3407 = CARTESIAN_POINT('',(-0.,-146.5));
#3408 = VECTOR('',#3409,1.);
#3409 = DIRECTION('',(-1.,0.));
#3410 = ( GEOMETRIC_REPRESENTATION_CONTEXT(2) 
PARAMETRIC_REPRESENTATION_CONTEXT() REPRESENTATION_CONTEXT('2D SPACE',''
  ) );
#3411 = ORIENTED_EDGE('',*,*,#3412,.T.);
#3412 = EDGE_CURVE('',#3389,#3413,#3415,.T.);
#3413 = VERTEX_POINT('',#3414);
#3414 = CARTESIAN_POINT('',(40.51571157407,8.708233526844,146.5000001));
#3415 = SURFACE_CURVE('',#3416,(#3420,#3427),.PCURVE_S1.);
#3416 = LINE('',#3417,#3418);
#3417 = CARTESIAN_POINT('',(53.172861169475,3.465470503442,146.5000001)
  );
#3418 = VECTOR('',#3419,1.);
#3419 = DIRECTION('',(-0.923879532511,0.382683432365,1.025712328974E-16)
  );
#3420 = PCURVE('',#342,#3421);
#3421 = DEFINITIONAL_REPRESENTATION('',(#3422),#3426);
#3422 = LINE('',#3423,#3424);
#3423 = CARTESIAN_POINT('',(3.465470403442,-26.32286106947));
#3424 = VECTOR('',#3425,1.);
#3425 = DIRECTION('',(0.382683432365,0.923879532511));
#3426 = ( GEOMETRIC_REPRESENTATION_CONTEXT(2) 
PARAMETRIC_REPRESENTATION_CONTEXT() REPRESENTATION_CONTEXT('2D SPACE',''
  ) );
#3427 = PCURVE('',#2137,#3428);
#3428 = DEFINITIONAL_REPRESENTATION('',(#3429),#3433);
#3429 = LINE('',#3430,#3431);
#3430 = CARTESIAN_POINT('',(-1.985907207292,-146.5));
#3431 = VECTOR('',#3432,1.);
#3432 = DIRECTION('',(1.,0.));
#3433 = ( GEOMETRIC_REPRESENTATION_CONTEXT(2) 
PARAMETRIC_REPRESENTATION_CONTEXT() REPRESENTATION_CONTEXT('2D SPACE',''
  ) );
#3434 = ORIENTED_EDGE('',*,*,#3435,.T.);
#3435 = EDGE_CURVE('',#3413,#3436,#3438,.T.);
#3436 = VERTEX_POINT('',#3437);
#3437 = CARTESIAN_POINT('',(39.979954768759,7.414802181328,146.5000001)
  );
#3438 = SURFACE_CURVE('',#3439,(#3443,#3450),.PCURVE_S1.);
#3439 = LINE('',#3440,#3441);
#3440 = CARTESIAN_POINT('',(40.51571157407,8.708233526844,146.5000001));
#3441 = VECTOR('',#3442,1.);
#3442 = DIRECTION('',(-0.382683432365,-0.923879532511,4.248639577543E-17
    ));
#3443 = PCURVE('',#342,#3444);
#3444 = DEFINITIONAL_REPRESENTATION('',(#3445),#3449);
#3445 = LINE('',#3446,#3447);
#3446 = CARTESIAN_POINT('',(8.708233426844,-13.66571147407));
#3447 = VECTOR('',#3448,1.);
#3448 = DIRECTION('',(-0.923879532511,0.382683432365));
#3449 = ( GEOMETRIC_REPRESENTATION_CONTEXT(2) 
PARAMETRIC_REPRESENTATION_CONTEXT() REPRESENTATION_CONTEXT('2D SPACE',''
  ) );
#3450 = PCURVE('',#2165,#3451);
#3451 = DEFINITIONAL_REPRESENTATION('',(#3452),#3456);
#3452 = LINE('',#3453,#3454);
#3453 = CARTESIAN_POINT('',(-8.551414045129E-16,-146.5));
#3454 = VECTOR('',#3455,1.);
#3455 = DIRECTION('',(1.,0.));
#3456 = ( GEOMETRIC_REPRESENTATION_CONTEXT(2) 
PARAMETRIC_REPRESENTATION_CONTEXT() REPRESENTATION_CONTEXT('2D SPACE',''
  ) );
#3457 = ORIENTED_EDGE('',*,*,#3458,.T.);
#3458 = EDGE_CURVE('',#3436,#3459,#3461,.T.);
#3459 = VERTEX_POINT('',#3460);
#3460 = CARTESIAN_POINT('',(51.561766752789,2.617458580688,146.5000001)
  );
#3461 = SURFACE_CURVE('',#3462,(#3466,#3473),.PCURVE_S1.);
#3462 = LINE('',#3463,#3464);
#3463 = CARTESIAN_POINT('',(39.979954768759,7.414802181328,146.5000001)
  );
#3464 = VECTOR('',#3465,1.);
#3465 = DIRECTION('',(0.923879532511,-0.382683432365,-1.025712328974E-16
    ));
#3466 = PCURVE('',#342,#3467);
#3467 = DEFINITIONAL_REPRESENTATION('',(#3468),#3472);
#3468 = LINE('',#3469,#3470);
#3469 = CARTESIAN_POINT('',(7.414802081328,-13.12995466875));
#3470 = VECTOR('',#3471,1.);
#3471 = DIRECTION('',(-0.382683432365,-0.923879532511));
#3472 = ( GEOMETRIC_REPRESENTATION_CONTEXT(2) 
PARAMETRIC_REPRESENTATION_CONTEXT() REPRESENTATION_CONTEXT('2D SPACE',''
  ) );
#3473 = PCURVE('',#2193,#3474);
#3474 = DEFINITIONAL_REPRESENTATION('',(#3475),#3479);
#3475 = LINE('',#3476,#3477);
#3476 = CARTESIAN_POINT('',(-2.237458974805E-15,-146.5));
#3477 = VECTOR('',#3478,1.);
#3478 = DIRECTION('',(1.,0.));
#3479 = ( GEOMETRIC_REPRESENTATION_CONTEXT(2) 
PARAMETRIC_REPRESENTATION_CONTEXT() REPRESENTATION_CONTEXT('2D SPACE',''
  ) );
#3480 = ORIENTED_EDGE('',*,*,#3481,.F.);
#3481 = EDGE_CURVE('',#3482,#3459,#3484,.T.);
#3482 = VERTEX_POINT('',#3483);
#3483 = CARTESIAN_POINT('',(51.7000001,1.000000003674E-07,146.5000001));
#3484 = SURFACE_CURVE('',#3485,(#3490,#3497),.PCURVE_S1.);
#3485 = CIRCLE('',#3486,24.85);
#3486 = AXIS2_PLACEMENT_3D('',#3487,#3488,#3489);
#3487 = CARTESIAN_POINT('',(26.8500001,1.000000049323E-07,146.5000001));
#3488 = DIRECTION('',(1.110223024625E-16,-0.,1.));
#3489 = DIRECTION('',(0.,1.,0.));
#3490 = PCURVE('',#342,#3491);
#3491 = DEFINITIONAL_REPRESENTATION('',(#3492),#3496);
#3492 = CIRCLE('',#3493,24.85);
#3493 = AXIS2_PLACEMENT_2D('',#3494,#3495);
#3494 = CARTESIAN_POINT('',(8.148619079986E-16,-3.552713678801E-15));
#3495 = DIRECTION('',(1.,0.));
#3496 = ( GEOMETRIC_REPRESENTATION_CONTEXT(2) 
PARAMETRIC_REPRESENTATION_CONTEXT() REPRESENTATION_CONTEXT('2D SPACE',''
  ) );
#3497 = PCURVE('',#2222,#3498);
#3498 = DEFINITIONAL_REPRESENTATION('',(#3499),#3503);
#3499 = LINE('',#3500,#3501);
#3500 = CARTESIAN_POINT('',(-0.,-146.5));
#3501 = VECTOR('',#3502,1.);
#3502 = DIRECTION('',(-1.,0.));
#3503 = ( GEOMETRIC_REPRESENTATION_CONTEXT(2) 
PARAMETRIC_REPRESENTATION_CONTEXT() REPRESENTATION_CONTEXT('2D SPACE',''
  ) );
#3504 = ORIENTED_EDGE('',*,*,#3505,.F.);
#3505 = EDGE_CURVE('',#2313,#3482,#3506,.T.);
#3506 = SURFACE_CURVE('',#3507,(#3511,#3518),.PCURVE_S1.);
#3507 = LINE('',#3508,#3509);
#3508 = CARTESIAN_POINT('',(126.8500001,1.000000049323E-07,146.5000001)
  );
#3509 = VECTOR('',#3510,1.);
#3510 = DIRECTION('',(-1.,0.,1.110223024625E-16));
#3511 = PCURVE('',#342,#3512);
#3512 = DEFINITIONAL_REPRESENTATION('',(#3513),#3517);
#3513 = LINE('',#3514,#3515);
#3514 = CARTESIAN_POINT('',(8.148619079986E-16,-100.));
#3515 = VECTOR('',#3516,1.);
#3516 = DIRECTION('',(0.,1.));
#3517 = ( GEOMETRIC_REPRESENTATION_CONTEXT(2) 
PARAMETRIC_REPRESENTATION_CONTEXT() REPRESENTATION_CONTEXT('2D SPACE',''
  ) );
#3518 = PCURVE('',#2248,#3519);
#3519 = DEFINITIONAL_REPRESENTATION('',(#3520),#3524);
#3520 = LINE('',#3521,#3522);
#3521 = CARTESIAN_POINT('',(100.,157.5));
#3522 = VECTOR('',#3523,1.);
#3523 = DIRECTION('',(1.,0.));
#3524 = ( GEOMETRIC_REPRESENTATION_CONTEXT(2) 
PARAMETRIC_REPRESENTATION_CONTEXT() REPRESENTATION_CONTEXT('2D SPACE',''
  ) );
#3525 = ADVANCED_FACE('',(#3526,#3734,#3929),#73,.T.);
#3526 = FACE_BOUND('',#3527,.F.);
#3527 = EDGE_LOOP('',(#3528,#3529,#3550,#3551,#3552,#3642,#3643,#3733));
#3528 = ORIENTED_EDGE('',*,*,#773,.F.);
#3529 = ORIENTED_EDGE('',*,*,#3530,.F.);
#3530 = EDGE_CURVE('',#2313,#774,#3531,.T.);
#3531 = SURFACE_CURVE('',#3532,(#3536,#3543),.PCURVE_S1.);
#3532 = LINE('',#3533,#3534);
#3533 = CARTESIAN_POINT('',(53.7000001,1.000000049323E-07,
    9.999999994736E-08));
#3534 = VECTOR('',#3535,1.);
#3535 = DIRECTION('',(-1.110223024625E-16,-0.,-1.));
#3536 = PCURVE('',#73,#3537);
#3537 = DEFINITIONAL_REPRESENTATION('',(#3538),#3542);
#3538 = LINE('',#3539,#3540);
#3539 = CARTESIAN_POINT('',(-4.712388980385,0.));
#3540 = VECTOR('',#3541,1.);
#3541 = DIRECTION('',(-0.,1.));
#3542 = ( GEOMETRIC_REPRESENTATION_CONTEXT(2) 
PARAMETRIC_REPRESENTATION_CONTEXT() REPRESENTATION_CONTEXT('2D SPACE',''
  ) );
#3543 = PCURVE('',#2248,#3544);
#3544 = DEFINITIONAL_REPRESENTATION('',(#3545),#3549);
#3545 = LINE('',#3546,#3547);
#3546 = CARTESIAN_POINT('',(173.15,11.));
#3547 = VECTOR('',#3548,1.);
#3548 = DIRECTION('',(0.,-1.));
#3549 = ( GEOMETRIC_REPRESENTATION_CONTEXT(2) 
PARAMETRIC_REPRESENTATION_CONTEXT() REPRESENTATION_CONTEXT('2D SPACE',''
  ) );
#3550 = ORIENTED_EDGE('',*,*,#2312,.T.);
#3551 = ORIENTED_EDGE('',*,*,#302,.F.);
#3552 = ORIENTED_EDGE('',*,*,#3553,.T.);
#3553 = EDGE_CURVE('',#206,#183,#3554,.T.);
#3554 = SURFACE_CURVE('',#3555,(#3582,#3612),.PCURVE_S1.);
#3555 = B_SPLINE_CURVE_WITH_KNOTS('',7,(#3556,#3557,#3558,#3559,#3560,
    #3561,#3562,#3563,#3564,#3565,#3566,#3567,#3568,#3569,#3570,#3571,
    #3572,#3573,#3574,#3575,#3576,#3577,#3578,#3579,#3580,#3581),
  .UNSPECIFIED.,.F.,.F.,(8,6,6,6,8),(0.,0.244864176443,0.500009671288,
    0.755169421095,1.),.UNSPECIFIED.);
#3556 = CARTESIAN_POINT('',(26.8500001,26.8500001,116.2500001));
#3557 = CARTESIAN_POINT('',(27.149327302458,26.8500001,116.2500001));
#3558 = CARTESIAN_POINT('',(27.440506985096,26.846106972715,
    116.20354299169));
#3559 = CARTESIAN_POINT('',(27.715134679906,26.83870246928,
    116.11517771436));
#3560 = CARTESIAN_POINT('',(27.966257961882,26.828803695928,
    115.99106607373));
#3561 = CARTESIAN_POINT('',(28.18863610004,26.81779287501,
    115.83889665224));
#3562 = CARTESIAN_POINT('',(28.37923636799,26.806886578738,
    115.66775022687));
#3563 = CARTESIAN_POINT('',(28.702919290995,26.786500050229,
    115.30060401897));
#3564 = CARTESIAN_POINT('',(28.837778763448,26.776813714132,
    115.09872634098));
#3565 = CARTESIAN_POINT('',(28.943720211702,26.768542282908,
    114.88717914153));
#3566 = CARTESIAN_POINT('',(29.022112889791,26.762110245126,
    114.66930766257));
#3567 = CARTESIAN_POINT('',(29.074014422892,26.757745509335,
    114.44755702306));
#3568 = CARTESIAN_POINT('',(29.1000001,26.755560269804,114.2238666058));
#3569 = CARTESIAN_POINT('',(29.1000001,26.755560269804,113.77612108679)
  );
#3570 = CARTESIAN_POINT('',(29.074011571671,26.757745746912,
    113.55243318033));
#3571 = CARTESIAN_POINT('',(29.022110338463,26.762110465464,
    113.33068968905));
#3572 = CARTESIAN_POINT('',(28.943720436769,26.768542221647,
    113.11282306721));
#3573 = CARTESIAN_POINT('',(28.837780532867,26.77681360264,
    112.90127595878));
#3574 = CARTESIAN_POINT('',(28.702919361688,26.786500045777,
    112.69939626121));
#3575 = CARTESIAN_POINT('',(28.379266904073,26.806884655483,
    112.3322846095));
#3576 = CARTESIAN_POINT('',(28.188668759399,26.817791244336,
    112.16112318958));
#3577 = CARTESIAN_POINT('',(27.966262934647,26.828804082035,
    112.00892387712));
#3578 = CARTESIAN_POINT('',(27.715094792646,26.838704848693,
    111.88479402338));
#3579 = CARTESIAN_POINT('',(27.440430121231,26.846108839478,
    111.79643495515));
#3580 = CARTESIAN_POINT('',(27.149255624995,26.8500001,111.7500001));
#3581 = CARTESIAN_POINT('',(26.8500001,26.8500001,111.7500001));
#3582 = PCURVE('',#73,#3583);
#3583 = DEFINITIONAL_REPRESENTATION('',(#3584),#3611);
#3584 = B_SPLINE_CURVE_WITH_KNOTS('',7,(#3585,#3586,#3587,#3588,#3589,
    #3590,#3591,#3592,#3593,#3594,#3595,#3596,#3597,#3598,#3599,#3600,
    #3601,#3602,#3603,#3604,#3605,#3606,#3607,#3608,#3609,#3610),
  .UNSPECIFIED.,.F.,.F.,(8,6,6,6,8),(0.,0.244864176443,0.500009671288,
    0.755169421095,1.),.UNSPECIFIED.);
#3585 = CARTESIAN_POINT('',(-6.28318530718,-116.25));
#3586 = CARTESIAN_POINT('',(-6.272037180459,-116.25));
#3587 = CARTESIAN_POINT('',(-6.261192496974,-116.2035428916));
#3588 = CARTESIAN_POINT('',(-6.250962028922,-116.1151776143));
#3589 = CARTESIAN_POINT('',(-6.241602928142,-115.9910659737));
#3590 = CARTESIAN_POINT('',(-6.233310940167,-115.8388965522));
#3591 = CARTESIAN_POINT('',(-6.226200741251,-115.6677501268));
#3592 = CARTESIAN_POINT('',(-6.214121624299,-115.3006039189));
#3593 = CARTESIAN_POINT('',(-6.209086181005,-115.0987262409));
#3594 = CARTESIAN_POINT('',(-6.205128559821,-114.8871790415));
#3595 = CARTESIAN_POINT('',(-6.202199104283,-114.6693075625));
#3596 = CARTESIAN_POINT('',(-6.200259262248,-114.447556923));
#3597 = CARTESIAN_POINT('',(-6.199288037119,-114.2238665058));
#3598 = CARTESIAN_POINT('',(-6.199288037119,-113.7761209867));
#3599 = CARTESIAN_POINT('',(-6.2002593688,-113.5524330803));
#3600 = CARTESIAN_POINT('',(-6.202199199671,-113.330689589));
#3601 = CARTESIAN_POINT('',(-6.205128551273,-113.1128229672));
#3602 = CARTESIAN_POINT('',(-6.209086114985,-112.9012758587));
#3603 = CARTESIAN_POINT('',(-6.214121621661,-112.6993961612));
#3604 = CARTESIAN_POINT('',(-6.226199601713,-112.3322845095));
#3605 = CARTESIAN_POINT('',(-6.233309722326,-112.1611230895));
#3606 = CARTESIAN_POINT('',(-6.241602744247,-112.0089237771));
#3607 = CARTESIAN_POINT('',(-6.250963516196,-111.8847939233));
#3608 = CARTESIAN_POINT('',(-6.261195359692,-111.7964348551));
#3609 = CARTESIAN_POINT('',(-6.27203985001,-111.75));
#3610 = CARTESIAN_POINT('',(-6.28318530718,-111.75));
#3611 = ( GEOMETRIC_REPRESENTATION_CONTEXT(2) 
PARAMETRIC_REPRESENTATION_CONTEXT() REPRESENTATION_CONTEXT('2D SPACE',''
  ) );
#3612 = PCURVE('',#267,#3613);
#3613 = DEFINITIONAL_REPRESENTATION('',(#3614),#3641);
#3614 = B_SPLINE_CURVE_WITH_KNOTS('',7,(#3615,#3616,#3617,#3618,#3619,
    #3620,#3621,#3622,#3623,#3624,#3625,#3626,#3627,#3628,#3629,#3630,
    #3631,#3632,#3633,#3634,#3635,#3636,#3637,#3638,#3639,#3640),
  .UNSPECIFIED.,.F.,.F.,(8,6,6,6,8),(0.,0.244864176443,0.500009671288,
    0.755169421095,1.),.UNSPECIFIED.);
#3615 = CARTESIAN_POINT('',(8.881784197001E-16,-0.3));
#3616 = CARTESIAN_POINT('',(-0.133034312203,-0.3));
#3617 = CARTESIAN_POINT('',(-0.262447409092,-0.296106872715));
#3618 = CARTESIAN_POINT('',(-0.388350098812,-0.28870236928));
#3619 = CARTESIAN_POINT('',(-0.510555348966,-0.278803595928));
#3620 = CARTESIAN_POINT('',(-0.628620704978,-0.26779277501));
#3621 = CARTESIAN_POINT('',(-0.741698575294,-0.256886478738));
#3622 = CARTESIAN_POINT('',(-0.959234482986,-0.236499950229));
#3623 = CARTESIAN_POINT('',(-1.066174552709,-0.226813614132));
#3624 = CARTESIAN_POINT('',(-1.170071811866,-0.218542182908));
#3625 = CARTESIAN_POINT('',(-1.271716896131,-0.212110145126));
#3626 = CARTESIAN_POINT('',(-1.371882304095,-0.207745409335));
#3627 = CARTESIAN_POINT('',(-1.471300101993,-0.205560169804));
#3628 = CARTESIAN_POINT('',(-1.670298110444,-0.205560169804));
#3629 = CARTESIAN_POINT('',(-1.769714775846,-0.207745646912));
#3630 = CARTESIAN_POINT('',(-1.869877317482,-0.212110365464));
#3631 = CARTESIAN_POINT('',(-1.971520070569,-0.218542121647));
#3632 = CARTESIAN_POINT('',(-2.075416888763,-0.22681350264));
#3633 = CARTESIAN_POINT('',(-2.182358123093,-0.236499945777));
#3634 = CARTESIAN_POINT('',(-2.399873556069,-0.256884555483));
#3635 = CARTESIAN_POINT('',(-2.512955805047,-0.267791144336));
#3636 = CARTESIAN_POINT('',(-2.631038097363,-0.278803982035));
#3637 = CARTESIAN_POINT('',(-2.753263008328,-0.288704748693));
#3638 = CARTESIAN_POINT('',(-2.87917941355,-0.296108739478));
#3639 = CARTESIAN_POINT('',(-3.008590198036,-0.3));
#3640 = CARTESIAN_POINT('',(-3.14159265359,-0.3));
#3641 = ( GEOMETRIC_REPRESENTATION_CONTEXT(2) 
PARAMETRIC_REPRESENTATION_CONTEXT() REPRESENTATION_CONTEXT('2D SPACE',''
  ) );
#3642 = ORIENTED_EDGE('',*,*,#182,.F.);
#3643 = ORIENTED_EDGE('',*,*,#3644,.T.);
#3644 = EDGE_CURVE('',#86,#58,#3645,.T.);
#3645 = SURFACE_CURVE('',#3646,(#3673,#3703),.PCURVE_S1.);
#3646 = B_SPLINE_CURVE_WITH_KNOTS('',7,(#3647,#3648,#3649,#3650,#3651,
    #3652,#3653,#3654,#3655,#3656,#3657,#3658,#3659,#3660,#3661,#3662,
    #3663,#3664,#3665,#3666,#3667,#3668,#3669,#3670,#3671,#3672),
  .UNSPECIFIED.,.F.,.F.,(8,6,6,6,8),(0.,0.244864176445,0.500009671292,
    0.755169421099,1.),.UNSPECIFIED.);
#3647 = CARTESIAN_POINT('',(26.8500001,26.8500001,36.2500001));
#3648 = CARTESIAN_POINT('',(27.149327302458,26.8500001,36.2500001));
#3649 = CARTESIAN_POINT('',(27.440506985095,26.846106972715,
    36.203542991698));
#3650 = CARTESIAN_POINT('',(27.715134679907,26.83870246928,
    36.115177714361));
#3651 = CARTESIAN_POINT('',(27.966257961882,26.828803695928,
    35.99106607374));
#3652 = CARTESIAN_POINT('',(28.18863610004,26.81779287501,
    35.838896652244));
#3653 = CARTESIAN_POINT('',(28.37923636799,26.806886578738,
    35.667750226879));
#3654 = CARTESIAN_POINT('',(28.702919290995,26.786500050229,
    35.300604018974));
#3655 = CARTESIAN_POINT('',(28.837778763448,26.776813714132,
    35.098726340987));
#3656 = CARTESIAN_POINT('',(28.943720211702,26.768542282908,
    34.887179141531));
#3657 = CARTESIAN_POINT('',(29.02211288979,26.762110245126,
    34.66930766257));
#3658 = CARTESIAN_POINT('',(29.074014422892,26.757745509335,
    34.447557023065));
#3659 = CARTESIAN_POINT('',(29.1000001,26.755560269804,34.223866605804)
  );
#3660 = CARTESIAN_POINT('',(29.1000001,26.755560269804,33.77612108679));
#3661 = CARTESIAN_POINT('',(29.074011571671,26.757745746912,
    33.552433180334));
#3662 = CARTESIAN_POINT('',(29.022110338463,26.762110465464,
    33.33068968905));
#3663 = CARTESIAN_POINT('',(28.943720436769,26.768542221647,
    33.112823067218));
#3664 = CARTESIAN_POINT('',(28.837780532867,26.77681360264,
    32.901275958782));
#3665 = CARTESIAN_POINT('',(28.702919361688,26.786500045777,
    32.699396261212));
#3666 = CARTESIAN_POINT('',(28.379266904077,26.806884655483,
    32.332284609512));
#3667 = CARTESIAN_POINT('',(28.188668759395,26.817791244337,
    32.161123189578));
#3668 = CARTESIAN_POINT('',(27.966262934643,26.828804082035,
    32.008923877122));
#3669 = CARTESIAN_POINT('',(27.715094792649,26.838704848693,
    31.884794023385));
#3670 = CARTESIAN_POINT('',(27.440430121237,26.846108839479,
    31.796434955155));
#3671 = CARTESIAN_POINT('',(27.14925562499,26.8500001,31.7500001));
#3672 = CARTESIAN_POINT('',(26.8500001,26.8500001,31.7500001));
#3673 = PCURVE('',#73,#3674);
#3674 = DEFINITIONAL_REPRESENTATION('',(#3675),#3702);
#3675 = B_SPLINE_CURVE_WITH_KNOTS('',7,(#3676,#3677,#3678,#3679,#3680,
    #3681,#3682,#3683,#3684,#3685,#3686,#3687,#3688,#3689,#3690,#3691,
    #3692,#3693,#3694,#3695,#3696,#3697,#3698,#3699,#3700,#3701),
  .UNSPECIFIED.,.F.,.F.,(8,6,6,6,8),(0.,0.244864176445,0.500009671292,
    0.755169421099,1.),.UNSPECIFIED.);
#3676 = CARTESIAN_POINT('',(-6.28318530718,-36.25));
#3677 = CARTESIAN_POINT('',(-6.272037180459,-36.25));
#3678 = CARTESIAN_POINT('',(-6.261192496974,-36.20354289169));
#3679 = CARTESIAN_POINT('',(-6.250962028922,-36.11517761436));
#3680 = CARTESIAN_POINT('',(-6.241602928142,-35.99106597373));
#3681 = CARTESIAN_POINT('',(-6.233310940167,-35.83889655224));
#3682 = CARTESIAN_POINT('',(-6.226200741251,-35.66775012687));
#3683 = CARTESIAN_POINT('',(-6.214121624299,-35.30060391897));
#3684 = CARTESIAN_POINT('',(-6.209086181005,-35.09872624098));
#3685 = CARTESIAN_POINT('',(-6.205128559821,-34.88717904153));
#3686 = CARTESIAN_POINT('',(-6.202199104283,-34.66930756257));
#3687 = CARTESIAN_POINT('',(-6.200259262248,-34.44755692306));
#3688 = CARTESIAN_POINT('',(-6.199288037119,-34.2238665058));
#3689 = CARTESIAN_POINT('',(-6.199288037119,-33.77612098679));
#3690 = CARTESIAN_POINT('',(-6.2002593688,-33.55243308033));
#3691 = CARTESIAN_POINT('',(-6.202199199671,-33.33068958905));
#3692 = CARTESIAN_POINT('',(-6.205128551273,-33.11282296721));
#3693 = CARTESIAN_POINT('',(-6.209086114985,-32.90127585878));
#3694 = CARTESIAN_POINT('',(-6.214121621661,-32.69939616121));
#3695 = CARTESIAN_POINT('',(-6.226199601713,-32.33228450951));
#3696 = CARTESIAN_POINT('',(-6.233309722326,-32.16112308957));
#3697 = CARTESIAN_POINT('',(-6.241602744248,-32.00892377712));
#3698 = CARTESIAN_POINT('',(-6.250963516196,-31.88479392338));
#3699 = CARTESIAN_POINT('',(-6.261195359692,-31.79643485515));
#3700 = CARTESIAN_POINT('',(-6.272039850011,-31.75));
#3701 = CARTESIAN_POINT('',(-6.28318530718,-31.75));
#3702 = ( GEOMETRIC_REPRESENTATION_CONTEXT(2) 
PARAMETRIC_REPRESENTATION_CONTEXT() REPRESENTATION_CONTEXT('2D SPACE',''
  ) );
#3703 = PCURVE('',#147,#3704);
#3704 = DEFINITIONAL_REPRESENTATION('',(#3705),#3732);
#3705 = B_SPLINE_CURVE_WITH_KNOTS('',7,(#3706,#3707,#3708,#3709,#3710,
    #3711,#3712,#3713,#3714,#3715,#3716,#3717,#3718,#3719,#3720,#3721,
    #3722,#3723,#3724,#3725,#3726,#3727,#3728,#3729,#3730,#3731),
  .UNSPECIFIED.,.F.,.F.,(8,6,6,6,8),(0.,0.244864176445,0.500009671292,
    0.755169421099,1.),.UNSPECIFIED.);
#3706 = CARTESIAN_POINT('',(8.881784197001E-16,-0.3));
#3707 = CARTESIAN_POINT('',(-0.133034312203,-0.3));
#3708 = CARTESIAN_POINT('',(-0.262447409092,-0.296106872715));
#3709 = CARTESIAN_POINT('',(-0.388350098813,-0.28870236928));
#3710 = CARTESIAN_POINT('',(-0.510555348966,-0.278803595928));
#3711 = CARTESIAN_POINT('',(-0.628620704979,-0.26779277501));
#3712 = CARTESIAN_POINT('',(-0.741698575294,-0.256886478738));
#3713 = CARTESIAN_POINT('',(-0.959234482987,-0.236499950229));
#3714 = CARTESIAN_POINT('',(-1.066174552709,-0.226813614132));
#3715 = CARTESIAN_POINT('',(-1.170071811866,-0.218542182908));
#3716 = CARTESIAN_POINT('',(-1.271716896131,-0.212110145126));
#3717 = CARTESIAN_POINT('',(-1.371882304095,-0.207745409335));
#3718 = CARTESIAN_POINT('',(-1.471300101993,-0.205560169804));
#3719 = CARTESIAN_POINT('',(-1.670298110444,-0.205560169804));
#3720 = CARTESIAN_POINT('',(-1.769714775846,-0.207745646912));
#3721 = CARTESIAN_POINT('',(-1.869877317481,-0.212110365464));
#3722 = CARTESIAN_POINT('',(-1.97152007057,-0.218542121647));
#3723 = CARTESIAN_POINT('',(-2.075416888763,-0.22681350264));
#3724 = CARTESIAN_POINT('',(-2.182358123093,-0.236499945777));
#3725 = CARTESIAN_POINT('',(-2.399873556066,-0.256884555483));
#3726 = CARTESIAN_POINT('',(-2.51295580505,-0.267791144337));
#3727 = CARTESIAN_POINT('',(-2.631038097363,-0.278803982035));
#3728 = CARTESIAN_POINT('',(-2.753263008327,-0.288704748693));
#3729 = CARTESIAN_POINT('',(-2.879179413547,-0.296108739479));
#3730 = CARTESIAN_POINT('',(-3.008590198039,-0.3));
#3731 = CARTESIAN_POINT('',(-3.14159265359,-0.3));
#3732 = ( GEOMETRIC_REPRESENTATION_CONTEXT(2) 
PARAMETRIC_REPRESENTATION_CONTEXT() REPRESENTATION_CONTEXT('2D SPACE',''
  ) );
#3733 = ORIENTED_EDGE('',*,*,#57,.F.);
#3734 = FACE_BOUND('',#3735,.F.);
#3735 = EDGE_LOOP('',(#3736));
#3736 = ORIENTED_EDGE('',*,*,#3737,.T.);
#3737 = EDGE_CURVE('',#3738,#3738,#3740,.T.);
#3738 = VERTEX_POINT('',#3739);
#3739 = CARTESIAN_POINT('',(45.835817174859,18.985817174859,116.2500001)
  );
#3740 = SURFACE_CURVE('',#3741,(#3800,#3862),.PCURVE_S1.);
#3741 = B_SPLINE_CURVE_WITH_KNOTS('',8,(#3742,#3743,#3744,#3745,#3746,
    #3747,#3748,#3749,#3750,#3751,#3752,#3753,#3754,#3755,#3756,#3757,
    #3758,#3759,#3760,#3761,#3762,#3763,#3764,#3765,#3766,#3767,#3768,
    #3769,#3770,#3771,#3772,#3773,#3774,#3775,#3776,#3777,#3778,#3779,
    #3780,#3781,#3782,#3783,#3784,#3785,#3786,#3787,#3788,#3789,#3790,
    #3791,#3792,#3793,#3794,#3795,#3796,#3797,#3798,#3799),
  .UNSPECIFIED.,.T.,.F.,(9,7,7,7,7,7,7,7,9),(0.,0.13705158097,
    0.279857662086,0.450918623949,0.596938514372,0.691284028572,
    0.795106438274,0.899680495845,1.),.UNSPECIFIED.);
#3742 = CARTESIAN_POINT('',(45.835817174859,18.985817174859,116.2500001)
  );
#3743 = CARTESIAN_POINT('',(46.021016432688,18.80061791703,116.2500001)
  );
#3744 = CARTESIAN_POINT('',(46.19983017308,18.617674891582,
    116.21515726877));
#3745 = CARTESIAN_POINT('',(46.368712822631,18.440871095443,
    116.14831469336));
#3746 = CARTESIAN_POINT('',(46.524856814575,18.273800782794,
    116.05312189405));
#3747 = CARTESIAN_POINT('',(46.666189781253,18.119628956749,
    115.93400254067));
#3748 = CARTESIAN_POINT('',(46.791367527315,17.980862969989,
    115.79611004589));
#3749 = CARTESIAN_POINT('',(46.899792965432,17.859104777975,
    115.64527542315));
#3750 = CARTESIAN_POINT('',(47.087448035538,17.646222665899,
    115.32402249122));
#3751 = CARTESIAN_POINT('',(47.167510664158,17.554047143053,
    115.14919576048));
#3752 = CARTESIAN_POINT('',(47.232802814644,17.478019374213,
    114.96650934132));
#3753 = CARTESIAN_POINT('',(47.284143417273,17.417744045219,
    114.77824340205));
#3754 = CARTESIAN_POINT('',(47.322190442543,17.372834131709,
    114.58615117275));
#3755 = CARTESIAN_POINT('',(47.347406300078,17.342987757484,
    114.39163441875));
#3756 = CARTESIAN_POINT('',(47.360028388183,17.328047872843,
    114.19588329257));
#3757 = CARTESIAN_POINT('',(47.360028388183,17.328047872843,
    113.76536046089));
#3758 = CARTESIAN_POINT('',(47.341916895793,17.349484980056,
    113.53105467366));
#3759 = CARTESIAN_POINT('',(47.30578582539,17.392251746725,113.298825066
    ));
#3760 = CARTESIAN_POINT('',(47.251096278054,17.456728252299,
    113.07062767483));
#3761 = CARTESIAN_POINT('',(47.176871754662,17.54357122114,
    112.84906275039));
#3762 = CARTESIAN_POINT('',(47.081780268241,17.653526179152,
    112.63763944271));
#3763 = CARTESIAN_POINT('',(46.964260601185,17.787180755743,
    112.44113956189));
#3764 = CARTESIAN_POINT('',(46.702136253524,18.078932947743,
    112.11713862244));
#3765 = CARTESIAN_POINT('',(46.559566310006,18.235539965717,
    111.97824827695));
#3766 = CARTESIAN_POINT('',(46.396613798096,18.4115002905,111.8616693659
    ));
#3767 = CARTESIAN_POINT('',(46.216513831925,18.601861480197,
    111.77640130021));
#3768 = CARTESIAN_POINT('',(46.024104612249,18.80019197499,
    111.72843806867));
#3769 = CARTESIAN_POINT('',(45.82544644823,18.999703216448,
    111.72065333939));
#3770 = CARTESIAN_POINT('',(45.62725929119,19.193937899069,
    111.75266912542));
#3771 = CARTESIAN_POINT('',(45.31247527461,19.495866865571,
    111.8646359352));
#3772 = CARTESIAN_POINT('',(45.190885589364,19.610762537844,
    111.92394785276));
#3773 = CARTESIAN_POINT('',(45.072498024236,19.720996235729,
    111.99820851275));
#3774 = CARTESIAN_POINT('',(44.958547558908,19.825609513157,
    112.0868011792));
#3775 = CARTESIAN_POINT('',(44.850244044125,19.923738694447,
    112.18892017307));
#3776 = CARTESIAN_POINT('',(44.74874424581,20.014618777791,
    112.30358301156));
#3777 = CARTESIAN_POINT('',(44.655119703942,20.097585924142,
    112.42964212092));
#3778 = CARTESIAN_POINT('',(44.477003119075,20.254053833307,
    112.71562663395));
#3779 = CARTESIAN_POINT('',(44.39437998205,20.325760883549,
    112.87767126181));
#3780 = CARTESIAN_POINT('',(44.323707672014,20.386459646509,
    113.05020259988));
#3781 = CARTESIAN_POINT('',(44.266041921831,20.435584526865,
    113.23132071531));
#3782 = CARTESIAN_POINT('',(44.222207554619,20.472720005196,
    113.41899763955));
#3783 = CARTESIAN_POINT('',(44.192775654365,20.49758534742,
    113.61111774291));
#3784 = CARTESIAN_POINT('',(44.178047872843,20.510028388183,
    113.80551399344));
#3785 = CARTESIAN_POINT('',(44.178047872843,20.510028388183,
    114.19589423655));
#3786 = CARTESIAN_POINT('',(44.192989395567,20.497404913984,
    114.39164504305));
#3787 = CARTESIAN_POINT('',(44.222836175666,20.472188719335,
    114.58615670171));
#3788 = CARTESIAN_POINT('',(44.267744923919,20.434142651058,
    114.77824382186));
#3789 = CARTESIAN_POINT('',(44.32801874892,20.38280332666,
    114.96650729844));
#3790 = CARTESIAN_POINT('',(44.404046132266,20.317511555117,
    115.14919416561));
#3791 = CARTESIAN_POINT('',(44.496222619405,20.237448076522,
    115.32402242106));
#3792 = CARTESIAN_POINT('',(44.709062598945,20.049830146145,
    115.64521177225));
#3793 = CARTESIAN_POINT('',(44.830817764101,19.941408262234,
    115.79606849302));
#3794 = CARTESIAN_POINT('',(44.969615968068,19.816202736061,
    115.9340106693));
#3795 = CARTESIAN_POINT('',(45.123840098609,19.674822362165,
    116.05316866354));
#3796 = CARTESIAN_POINT('',(45.290960361122,19.518630078524,
    116.14836963879));
#3797 = CARTESIAN_POINT('',(45.467787060442,19.349721863987,
    116.21518986007));
#3798 = CARTESIAN_POINT('',(45.650704540858,19.17092980886,116.2500001)
  );
#3799 = CARTESIAN_POINT('',(45.835817174859,18.985817174859,116.2500001)
  );
#3800 = PCURVE('',#73,#3801);
#3801 = DEFINITIONAL_REPRESENTATION('',(#3802),#3861);
#3802 = B_SPLINE_CURVE_WITH_KNOTS('',8,(#3803,#3804,#3805,#3806,#3807,
    #3808,#3809,#3810,#3811,#3812,#3813,#3814,#3815,#3816,#3817,#3818,
    #3819,#3820,#3821,#3822,#3823,#3824,#3825,#3826,#3827,#3828,#3829,
    #3830,#3831,#3832,#3833,#3834,#3835,#3836,#3837,#3838,#3839,#3840,
    #3841,#3842,#3843,#3844,#3845,#3846,#3847,#3848,#3849,#3850,#3851,
    #3852,#3853,#3854,#3855,#3856,#3857,#3858,#3859,#3860),
  .UNSPECIFIED.,.T.,.F.,(9,7,7,7,7,7,7,7,9),(0.,0.13705158097,
    0.279857662086,0.450918623949,0.596938514372,0.691284028572,
    0.795106438274,0.899680495845,1.),.UNSPECIFIED.);
#3803 = CARTESIAN_POINT('',(-5.497787143782,-116.25));
#3804 = CARTESIAN_POINT('',(-5.488032532901,-116.25));
#3805 = CARTESIAN_POINT('',(-5.478505504448,-116.2151571687));
#3806 = CARTESIAN_POINT('',(-5.469400291044,-116.1483145933));
#3807 = CARTESIAN_POINT('',(-5.460884315134,-116.053121794));
#3808 = CARTESIAN_POINT('',(-5.453095269253,-115.9340024406));
#3809 = CARTESIAN_POINT('',(-5.44613522704,-115.7961099458));
#3810 = CARTESIAN_POINT('',(-5.4400631564,-115.6452753231));
#3811 = CARTESIAN_POINT('',(-5.429493929067,-115.3240223912));
#3812 = CARTESIAN_POINT('',(-5.424946878431,-115.1491956604));
#3813 = CARTESIAN_POINT('',(-5.421214504367,-114.9665092413));
#3814 = CARTESIAN_POINT('',(-5.418265668654,-114.778243302));
#3815 = CARTESIAN_POINT('',(-5.416073500123,-114.5861510727));
#3816 = CARTESIAN_POINT('',(-5.414618292569,-114.3916343187));
#3817 = CARTESIAN_POINT('',(-5.413889873721,-114.1958831925));
#3818 = CARTESIAN_POINT('',(-5.413889873721,-113.7653603608));
#3819 = CARTESIAN_POINT('',(-5.414935079757,-113.5310545736));
#3820 = CARTESIAN_POINT('',(-5.417020225435,-113.298824966));
#3821 = CARTESIAN_POINT('',(-5.420169076185,-113.0706275748));
#3822 = CARTESIAN_POINT('',(-5.424423792661,-112.8490626503));
#3823 = CARTESIAN_POINT('',(-5.429837729501,-112.6376393427));
#3824 = CARTESIAN_POINT('',(-5.43646576936,-112.4411394618));
#3825 = CARTESIAN_POINT('',(-5.451073210129,-112.1171385224));
#3826 = CARTESIAN_POINT('',(-5.458960666621,-111.9782481769));
#3827 = CARTESIAN_POINT('',(-5.467892112903,-111.8616692659));
#3828 = CARTESIAN_POINT('',(-5.477650931453,-111.7764012002));
#3829 = CARTESIAN_POINT('',(-5.487940702547,-111.7284379686));
#3830 = CARTESIAN_POINT('',(-5.4984253985,-111.7206532393));
#3831 = CARTESIAN_POINT('',(-5.508759927172,-111.7526690254));
#3832 = CARTESIAN_POINT('',(-5.525004867919,-111.8646358352));
#3833 = CARTESIAN_POINT('',(-5.531235137173,-111.9239477527));
#3834 = CARTESIAN_POINT('',(-5.537259542723,-111.9982084127));
#3835 = CARTESIAN_POINT('',(-5.543020501182,-112.0868010792));
#3836 = CARTESIAN_POINT('',(-5.54846339717,-112.188920073));
#3837 = CARTESIAN_POINT('',(-5.553537406843,-112.3035829115));
#3838 = CARTESIAN_POINT('',(-5.558196445833,-112.4296420209));
#3839 = CARTESIAN_POINT('',(-5.567026303672,-112.7156265339));
#3840 = CARTESIAN_POINT('',(-5.571100737379,-112.8776711618));
#3841 = CARTESIAN_POINT('',(-5.57457034929,-113.0502024998));
#3842 = CARTESIAN_POINT('',(-5.577391681022,-113.2313206153));
#3843 = CARTESIAN_POINT('',(-5.579531339903,-113.4189975395));
#3844 = CARTESIAN_POINT('',(-5.580966334333,-113.6111176429));
#3845 = CARTESIAN_POINT('',(-5.581684413843,-113.8055138934));
#3846 = CARTESIAN_POINT('',(-5.581684413843,-114.1958941365));
#3847 = CARTESIAN_POINT('',(-5.580955915082,-114.391644943));
#3848 = CARTESIAN_POINT('',(-5.579500687867,-114.5861566017));
#3849 = CARTESIAN_POINT('',(-5.57730857549,-114.7782437218));
#3850 = CARTESIAN_POINT('',(-5.574359813297,-114.9665071984));
#3851 = CARTESIAN_POINT('',(-5.570627459308,-115.1491940656));
#3852 = CARTESIAN_POINT('',(-5.566080360806,-115.324022321));
#3853 = CARTESIAN_POINT('',(-5.55551322528,-115.6452116722));
#3854 = CARTESIAN_POINT('',(-5.549441326793,-115.796068393));
#3855 = CARTESIAN_POINT('',(-5.542479700345,-115.9340105693));
#3856 = CARTESIAN_POINT('',(-5.534688026308,-116.0531685635));
#3857 = CARTESIAN_POINT('',(-5.526169464427,-116.1483695387));
#3858 = CARTESIAN_POINT('',(-5.517062976767,-116.21518976));
#3859 = CARTESIAN_POINT('',(-5.507537192109,-116.25));
#3860 = CARTESIAN_POINT('',(-5.497787143782,-116.25));
#3861 = ( GEOMETRIC_REPRESENTATION_CONTEXT(2) 
PARAMETRIC_REPRESENTATION_CONTEXT() REPRESENTATION_CONTEXT('2D SPACE',''
  ) );
#3862 = PCURVE('',#3863,#3868);
#3863 = CYLINDRICAL_SURFACE('',#3864,2.25);
#3864 = AXIS2_PLACEMENT_3D('',#3865,#3866,#3867);
#3865 = CARTESIAN_POINT('',(45.623685140503,18.773685140503,114.0000001)
  );
#3866 = DIRECTION('',(-0.707106781187,-0.707106781187,7.850462293419E-17
    ));
#3867 = DIRECTION('',(1.110223024625E-16,0.,1.));
#3868 = DEFINITIONAL_REPRESENTATION('',(#3869),#3928);
#3869 = B_SPLINE_CURVE_WITH_KNOTS('',8,(#3870,#3871,#3872,#3873,#3874,
    #3875,#3876,#3877,#3878,#3879,#3880,#3881,#3882,#3883,#3884,#3885,
    #3886,#3887,#3888,#3889,#3890,#3891,#3892,#3893,#3894,#3895,#3896,
    #3897,#3898,#3899,#3900,#3901,#3902,#3903,#3904,#3905,#3906,#3907,
    #3908,#3909,#3910,#3911,#3912,#3913,#3914,#3915,#3916,#3917,#3918,
    #3919,#3920,#3921,#3922,#3923,#3924,#3925,#3926,#3927),
  .UNSPECIFIED.,.F.,.F.,(9,7,7,7,7,7,7,7,9),(0.,0.13705158097,
    0.279857662086,0.450918623949,0.596938514372,0.691284028572,
    0.795106438274,0.899680495845,1.),.UNSPECIFIED.);
#3870 = CARTESIAN_POINT('',(0.,-0.3));
#3871 = CARTESIAN_POINT('',(-0.116405023184,-0.3));
#3872 = CARTESIAN_POINT('',(-0.230094134866,-0.297080154536));
#3873 = CARTESIAN_POINT('',(-0.341136590162,-0.291479058069));
#3874 = CARTESIAN_POINT('',(-0.449452723889,-0.283752982604));
#3875 = CARTESIAN_POINT('',(-0.554829857475,-0.274674538083));
#3876 = CARTESIAN_POINT('',(-0.656890172562,-0.265066200942));
#3877 = CARTESIAN_POINT('',(-0.755015005435,-0.255638520249));
#3878 = CARTESIAN_POINT('',(-0.945358924672,-0.237800307803));
#3879 = CARTESIAN_POINT('',(-1.039439535278,-0.229235198156));
#3880 = CARTESIAN_POINT('',(-1.131110339682,-0.221643969617));
#3881 = CARTESIAN_POINT('',(-1.220894353998,-0.215326164017));
#3882 = CARTESIAN_POINT('',(-1.309278924117,-0.210473369204));
#3883 = CARTESIAN_POINT('',(-1.396736753569,-0.207199099452));
#3884 = CARTESIAN_POINT('',(-1.483737130093,-0.205560169804));
#3885 = CARTESIAN_POINT('',(-1.675080610842,-0.205560169804));
#3886 = CARTESIAN_POINT('',(-1.779216116252,-0.207911734597));
#3887 = CARTESIAN_POINT('',(-1.884158891216,-0.212603880424));
#3888 = CARTESIAN_POINT('',(-1.990742070401,-0.219524304962));
#3889 = CARTESIAN_POINT('',(-2.099773058032,-0.228446893307));
#3890 = CARTESIAN_POINT('',(-2.212076207367,-0.238956954861));
#3891 = CARTESIAN_POINT('',(-2.328566817664,-0.250366058807));
#3892 = CARTESIAN_POINT('',(-2.554476761202,-0.27131610845));
#3893 = CARTESIAN_POINT('',(-2.66626992573,-0.281241818986));
#3894 = CARTESIAN_POINT('',(-2.783078466795,-0.290439731677));
#3895 = CARTESIAN_POINT('',(-2.903169096328,-0.297695512417));
#3896 = CARTESIAN_POINT('',(-3.025293349576,-0.301882486204));
#3897 = CARTESIAN_POINT('',(-3.148369925746,-0.302485703047));
#3898 = CARTESIAN_POINT('',(-3.271360618109,-0.299690881582));
#3899 = CARTESIAN_POINT('',(-3.471461342495,-0.290600988499));
#3900 = CARTESIAN_POINT('',(-3.550002211271,-0.285867606533));
#3901 = CARTESIAN_POINT('',(-3.628540125051,-0.280101951713));
#3902 = CARTESIAN_POINT('',(-3.707076859421,-0.273499562832));
#3903 = CARTESIAN_POINT('',(-3.785615690761,-0.266305222624));
#3904 = CARTESIAN_POINT('',(-3.864158496268,-0.258795950154));
#3905 = CARTESIAN_POINT('',(-3.94270277595,-0.251260033515));
#3906 = CARTESIAN_POINT('',(-4.107663247692,-0.235952108122));
#3907 = CARTESIAN_POINT('',(-4.194071226623,-0.228233269134));
#3908 = CARTESIAN_POINT('',(-4.280455342124,-0.221180906364));
#3909 = CARTESIAN_POINT('',(-4.366821033272,-0.215141599392));
#3910 = CARTESIAN_POINT('',(-4.453181320722,-0.210404769637));
#3911 = CARTESIAN_POINT('',(-4.539552519141,-0.207175725487));
#3912 = CARTESIAN_POINT('',(-4.625950710803,-0.205560169804));
#3913 = CARTESIAN_POINT('',(-4.799453041077,-0.205560169804));
#3914 = CARTESIAN_POINT('',(-4.886453263085,-0.207199277635));
#3915 = CARTESIAN_POINT('',(-4.973909017958,-0.210473596007));
#3916 = CARTESIAN_POINT('',(-5.062291347615,-0.215326243556));
#3917 = CARTESIAN_POINT('',(-5.152074030982,-0.221643889519));
#3918 = CARTESIAN_POINT('',(-5.243744850935,-0.229235113424));
#3919 = CARTESIAN_POINT('',(-5.337826340936,-0.237800303907));
#3920 = CARTESIAN_POINT('',(-5.528132588281,-0.255634985905));
#3921 = CARTESIAN_POINT('',(-5.626263430893,-0.265063039489));
#3922 = CARTESIAN_POINT('',(-5.728351234176,-0.274674514132));
#3923 = CARTESIAN_POINT('',(-5.833761998639,-0.283756421551));
#3924 = CARTESIAN_POINT('',(-5.942106109112,-0.291483669517));
#3925 = CARTESIAN_POINT('',(-6.053160471664,-0.297082883803));
#3926 = CARTESIAN_POINT('',(-6.166834730481,-0.3));
#3927 = CARTESIAN_POINT('',(-6.28318530718,-0.3));
#3928 = ( GEOMETRIC_REPRESENTATION_CONTEXT(2) 
PARAMETRIC_REPRESENTATION_CONTEXT() REPRESENTATION_CONTEXT('2D SPACE',''
  ) );
#3929 = FACE_BOUND('',#3930,.F.);
#3930 = EDGE_LOOP('',(#3931));
#3931 = ORIENTED_EDGE('',*,*,#3932,.T.);
#3932 = EDGE_CURVE('',#3933,#3933,#3935,.T.);
#3933 = VERTEX_POINT('',#3934);
#3934 = CARTESIAN_POINT('',(45.835817174859,18.985817174859,36.2500001)
  );
#3935 = SURFACE_CURVE('',#3936,(#3995,#4057),.PCURVE_S1.);
#3936 = B_SPLINE_CURVE_WITH_KNOTS('',8,(#3937,#3938,#3939,#3940,#3941,
    #3942,#3943,#3944,#3945,#3946,#3947,#3948,#3949,#3950,#3951,#3952,
    #3953,#3954,#3955,#3956,#3957,#3958,#3959,#3960,#3961,#3962,#3963,
    #3964,#3965,#3966,#3967,#3968,#3969,#3970,#3971,#3972,#3973,#3974,
    #3975,#3976,#3977,#3978,#3979,#3980,#3981,#3982,#3983,#3984,#3985,
    #3986,#3987,#3988,#3989,#3990,#3991,#3992,#3993,#3994),
  .UNSPECIFIED.,.T.,.F.,(9,7,7,7,7,7,7,7,9),(0.,0.137051582118,
    0.279857664442,0.450918624737,0.596938519293,0.691284033275,
    0.795106441302,0.899680497327,1.),.UNSPECIFIED.);
#3937 = CARTESIAN_POINT('',(45.835817174859,18.985817174859,36.2500001)
  );
#3938 = CARTESIAN_POINT('',(46.021016432677,18.80061791704,36.2500001));
#3939 = CARTESIAN_POINT('',(46.199830173086,18.617674891576,
    36.215157268774));
#3940 = CARTESIAN_POINT('',(46.368712822641,18.440871095433,
    36.148314693362));
#3941 = CARTESIAN_POINT('',(46.524856814574,18.273800782794,
    36.05312189405));
#3942 = CARTESIAN_POINT('',(46.666189781244,18.119628956758,
    35.934002540679));
#3943 = CARTESIAN_POINT('',(46.791367527311,17.980862969993,
    35.796110045904));
#3944 = CARTESIAN_POINT('',(46.899792965439,17.859104777967,
    35.64527542314));
#3945 = CARTESIAN_POINT('',(47.087448035538,17.646222665899,
    35.324022491224));
#3946 = CARTESIAN_POINT('',(47.167510664158,17.554047143053,
    35.149195760484));
#3947 = CARTESIAN_POINT('',(47.232802814644,17.478019374213,
    34.966509341327));
#3948 = CARTESIAN_POINT('',(47.284143417273,17.417744045219,
    34.778243402051));
#3949 = CARTESIAN_POINT('',(47.322190442543,17.372834131709,
    34.586151172755));
#3950 = CARTESIAN_POINT('',(47.347406300078,17.342987757484,
    34.39163441875));
#3951 = CARTESIAN_POINT('',(47.360028388183,17.328047872843,
    34.195883292579));
#3952 = CARTESIAN_POINT('',(47.360028388183,17.328047872843,
    33.765360465027));
#3953 = CARTESIAN_POINT('',(47.341916893858,17.349484982237,
    33.531054661684));
#3954 = CARTESIAN_POINT('',(47.305785829685,17.392251741894,
    33.298825078391));
#3955 = CARTESIAN_POINT('',(47.251096276273,17.456728254284,
    33.070627675486));
#3956 = CARTESIAN_POINT('',(47.176871750459,17.54357122587,
    32.849062737963));
#3957 = CARTESIAN_POINT('',(47.081780274084,17.653526172616,
    32.637639453252));
#3958 = CARTESIAN_POINT('',(46.964260598637,17.787180758579,
    32.441139558749));
#3959 = CARTESIAN_POINT('',(46.702136251176,18.078932950355,
    32.117138619546));
#3960 = CARTESIAN_POINT('',(46.55956631678,18.235539958006,
    31.978248286922));
#3961 = CARTESIAN_POINT('',(46.396613792117,18.411500298047,
    31.861669349536));
#3962 = CARTESIAN_POINT('',(46.21651382782,18.601861482725,
    31.776401316326));
#3963 = CARTESIAN_POINT('',(46.024104624992,18.800191963313,
    31.728438058179));
#3964 = CARTESIAN_POINT('',(45.8254464379,18.999703226279,
    31.720653344028));
#3965 = CARTESIAN_POINT('',(45.62725929447,19.193937895923,
    31.752669124258));
#3966 = CARTESIAN_POINT('',(45.312475276273,19.495866863975,
    31.864635934614));
#3967 = CARTESIAN_POINT('',(45.190885586873,19.610762540173,
    31.923947854481));
#3968 = CARTESIAN_POINT('',(45.072498023972,19.720996236022,
    31.998208512247));
#3969 = CARTESIAN_POINT('',(44.958547561108,19.825609511123,
    32.086801177343));
#3970 = CARTESIAN_POINT('',(44.850244044397,19.923738694148,
    32.188920173577));
#3971 = CARTESIAN_POINT('',(44.748744243595,20.014618779815,
    32.303583013817));
#3972 = CARTESIAN_POINT('',(44.655119705,20.097585923213,32.429642119229
    ));
#3973 = CARTESIAN_POINT('',(44.477003119201,20.254053833196,
    32.715626633752));
#3974 = CARTESIAN_POINT('',(44.39437998194,20.325760883646,
    32.877671261914));
#3975 = CARTESIAN_POINT('',(44.323707671941,20.386459646573,
    33.050202600115));
#3976 = CARTESIAN_POINT('',(44.26604192189,20.435584526814,
    33.231320715345));
#3977 = CARTESIAN_POINT('',(44.222207554674,20.472720005147,
    33.418997639309));
#3978 = CARTESIAN_POINT('',(44.192775654329,20.497585347452,
    33.611117742735));
#3979 = CARTESIAN_POINT('',(44.178047872843,20.510028388183,
    33.805513993704));
#3980 = CARTESIAN_POINT('',(44.178047872843,20.510028388183,
    34.195894236559));
#3981 = CARTESIAN_POINT('',(44.192989395567,20.497404913984,
    34.391645043052));
#3982 = CARTESIAN_POINT('',(44.222836175666,20.472188719335,
    34.586156701719));
#3983 = CARTESIAN_POINT('',(44.267744923918,20.434142651058,
    34.778243821866));
#3984 = CARTESIAN_POINT('',(44.32801874892,20.38280332666,
    34.966507298445));
#3985 = CARTESIAN_POINT('',(44.404046132266,20.317511555116,
    35.149194165611));
#3986 = CARTESIAN_POINT('',(44.496222619405,20.237448076522,
    35.324022421062));
#3987 = CARTESIAN_POINT('',(44.709062598946,20.049830146144,
    35.645211772259));
#3988 = CARTESIAN_POINT('',(44.830817764131,19.941408262208,
    35.796068493064));
#3989 = CARTESIAN_POINT('',(44.969615968085,19.816202736045,
    35.934010669305));
#3990 = CARTESIAN_POINT('',(45.123840098574,19.674822362195,
    36.053168663499));
#3991 = CARTESIAN_POINT('',(45.290960361062,19.518630078581,
    36.148369638774));
#3992 = CARTESIAN_POINT('',(45.467787060436,19.349721863996,
    36.215189860099));
#3993 = CARTESIAN_POINT('',(45.650704540936,19.170929808782,36.2500001)
  );
#3994 = CARTESIAN_POINT('',(45.835817174859,18.985817174859,36.2500001)
  );
#3995 = PCURVE('',#73,#3996);
#3996 = DEFINITIONAL_REPRESENTATION('',(#3997),#4056);
#3997 = B_SPLINE_CURVE_WITH_KNOTS('',8,(#3998,#3999,#4000,#4001,#4002,
    #4003,#4004,#4005,#4006,#4007,#4008,#4009,#4010,#4011,#4012,#4013,
    #4014,#4015,#4016,#4017,#4018,#4019,#4020,#4021,#4022,#4023,#4024,
    #4025,#4026,#4027,#4028,#4029,#4030,#4031,#4032,#4033,#4034,#4035,
    #4036,#4037,#4038,#4039,#4040,#4041,#4042,#4043,#4044,#4045,#4046,
    #4047,#4048,#4049,#4050,#4051,#4052,#4053,#4054,#4055),
  .UNSPECIFIED.,.T.,.F.,(9,7,7,7,7,7,7,7,9),(0.,0.137051582118,
    0.279857664442,0.450918624737,0.596938519293,0.691284033275,
    0.795106441302,0.899680497327,1.),.UNSPECIFIED.);
#3998 = CARTESIAN_POINT('',(-5.497787143782,-36.25));
#3999 = CARTESIAN_POINT('',(-5.488032532901,-36.25));
#4000 = CARTESIAN_POINT('',(-5.478505504447,-36.21515716877));
#4001 = CARTESIAN_POINT('',(-5.469400291044,-36.14831459336));
#4002 = CARTESIAN_POINT('',(-5.460884315134,-36.05312179405));
#4003 = CARTESIAN_POINT('',(-5.453095269254,-35.93400244067));
#4004 = CARTESIAN_POINT('',(-5.44613522704,-35.7961099459));
#4005 = CARTESIAN_POINT('',(-5.4400631564,-35.64527532314));
#4006 = CARTESIAN_POINT('',(-5.429493929067,-35.32402239122));
#4007 = CARTESIAN_POINT('',(-5.424946878431,-35.14919566048));
#4008 = CARTESIAN_POINT('',(-5.421214504367,-34.96650924132));
#4009 = CARTESIAN_POINT('',(-5.418265668654,-34.77824330205));
#4010 = CARTESIAN_POINT('',(-5.416073500123,-34.58615107275));
#4011 = CARTESIAN_POINT('',(-5.414618292569,-34.39163431875));
#4012 = CARTESIAN_POINT('',(-5.413889873721,-34.19588319257));
#4013 = CARTESIAN_POINT('',(-5.413889873721,-33.76536036502));
#4014 = CARTESIAN_POINT('',(-5.414935079865,-33.53105456168));
#4015 = CARTESIAN_POINT('',(-5.417020225194,-33.29882497839));
#4016 = CARTESIAN_POINT('',(-5.420169076285,-33.07062757548));
#4017 = CARTESIAN_POINT('',(-5.424423792897,-32.84906263796));
#4018 = CARTESIAN_POINT('',(-5.429837729174,-32.63763935325));
#4019 = CARTESIAN_POINT('',(-5.436465769502,-32.44113945874));
#4020 = CARTESIAN_POINT('',(-5.45107321026,-32.11713851954));
#4021 = CARTESIAN_POINT('',(-5.458960666239,-31.97824818692));
#4022 = CARTESIAN_POINT('',(-5.46789211326,-31.86166924953));
#4023 = CARTESIAN_POINT('',(-5.477650931627,-31.77640121632));
#4024 = CARTESIAN_POINT('',(-5.487940701904,-31.72843795818));
#4025 = CARTESIAN_POINT('',(-5.498425399031,-31.72065324402));
#4026 = CARTESIAN_POINT('',(-5.508759927003,-31.75266902425));
#4027 = CARTESIAN_POINT('',(-5.525004867833,-31.86463583461));
#4028 = CARTESIAN_POINT('',(-5.5312351373,-31.92394775448));
#4029 = CARTESIAN_POINT('',(-5.537259542737,-31.99820841224));
#4030 = CARTESIAN_POINT('',(-5.54302050107,-32.08680107734));
#4031 = CARTESIAN_POINT('',(-5.548463397155,-32.18892007357));
#4032 = CARTESIAN_POINT('',(-5.553537406955,-32.30358291381));
#4033 = CARTESIAN_POINT('',(-5.55819644578,-32.42964201922));
#4034 = CARTESIAN_POINT('',(-5.567026303666,-32.71562653375));
#4035 = CARTESIAN_POINT('',(-5.571100737385,-32.87767116191));
#4036 = CARTESIAN_POINT('',(-5.574570349294,-33.05020250011));
#4037 = CARTESIAN_POINT('',(-5.577391681019,-33.23132061534));
#4038 = CARTESIAN_POINT('',(-5.5795313399,-33.4189975393));
#4039 = CARTESIAN_POINT('',(-5.580966334335,-33.61111764273));
#4040 = CARTESIAN_POINT('',(-5.581684413843,-33.8055138937));
#4041 = CARTESIAN_POINT('',(-5.581684413843,-34.19589413655));
#4042 = CARTESIAN_POINT('',(-5.580955915082,-34.39164494305));
#4043 = CARTESIAN_POINT('',(-5.579500687867,-34.58615660171));
#4044 = CARTESIAN_POINT('',(-5.57730857549,-34.77824372186));
#4045 = CARTESIAN_POINT('',(-5.574359813297,-34.96650719844));
#4046 = CARTESIAN_POINT('',(-5.570627459308,-35.14919406561));
#4047 = CARTESIAN_POINT('',(-5.566080360806,-35.32402232106));
#4048 = CARTESIAN_POINT('',(-5.55551322528,-35.64521167225));
#4049 = CARTESIAN_POINT('',(-5.549441326791,-35.79606839306));
#4050 = CARTESIAN_POINT('',(-5.542479700344,-35.9340105693));
#4051 = CARTESIAN_POINT('',(-5.53468802631,-36.05316856349));
#4052 = CARTESIAN_POINT('',(-5.526169464431,-36.14836953877));
#4053 = CARTESIAN_POINT('',(-5.517062976768,-36.21518976009));
#4054 = CARTESIAN_POINT('',(-5.507537192105,-36.25));
#4055 = CARTESIAN_POINT('',(-5.497787143782,-36.25));
#4056 = ( GEOMETRIC_REPRESENTATION_CONTEXT(2) 
PARAMETRIC_REPRESENTATION_CONTEXT() REPRESENTATION_CONTEXT('2D SPACE',''
  ) );
#4057 = PCURVE('',#4058,#4063);
#4058 = CYLINDRICAL_SURFACE('',#4059,2.25);
#4059 = AXIS2_PLACEMENT_3D('',#4060,#4061,#4062);
#4060 = CARTESIAN_POINT('',(45.623685140503,18.773685140503,34.0000001)
  );
#4061 = DIRECTION('',(-0.707106781187,-0.707106781187,7.850462293419E-17
    ));
#4062 = DIRECTION('',(1.110223024625E-16,0.,1.));
#4063 = DEFINITIONAL_REPRESENTATION('',(#4064),#4123);
#4064 = B_SPLINE_CURVE_WITH_KNOTS('',8,(#4065,#4066,#4067,#4068,#4069,
    #4070,#4071,#4072,#4073,#4074,#4075,#4076,#4077,#4078,#4079,#4080,
    #4081,#4082,#4083,#4084,#4085,#4086,#4087,#4088,#4089,#4090,#4091,
    #4092,#4093,#4094,#4095,#4096,#4097,#4098,#4099,#4100,#4101,#4102,
    #4103,#4104,#4105,#4106,#4107,#4108,#4109,#4110,#4111,#4112,#4113,
    #4114,#4115,#4116,#4117,#4118,#4119,#4120,#4121,#4122),
  .UNSPECIFIED.,.F.,.F.,(9,7,7,7,7,7,7,7,9),(0.,0.137051582118,
    0.279857664442,0.450918624737,0.596938519293,0.691284033275,
    0.795106441302,0.899680497327,1.),.UNSPECIFIED.);
#4065 = CARTESIAN_POINT('',(0.,-0.3));
#4066 = CARTESIAN_POINT('',(-0.116405023177,-0.3));
#4067 = CARTESIAN_POINT('',(-0.23009413487,-0.297080154536));
#4068 = CARTESIAN_POINT('',(-0.341136590168,-0.291479058068));
#4069 = CARTESIAN_POINT('',(-0.449452723889,-0.283752982604));
#4070 = CARTESIAN_POINT('',(-0.55482985747,-0.274674538084));
#4071 = CARTESIAN_POINT('',(-0.656890172557,-0.265066200942));
#4072 = CARTESIAN_POINT('',(-0.755015005442,-0.255638520248));
#4073 = CARTESIAN_POINT('',(-0.945358924672,-0.237800307803));
#4074 = CARTESIAN_POINT('',(-1.039439535278,-0.229235198156));
#4075 = CARTESIAN_POINT('',(-1.131110339682,-0.221643969617));
#4076 = CARTESIAN_POINT('',(-1.220894353998,-0.215326164017));
#4077 = CARTESIAN_POINT('',(-1.309278924117,-0.210473369204));
#4078 = CARTESIAN_POINT('',(-1.396736753569,-0.207199099452));
#4079 = CARTESIAN_POINT('',(-1.483737130093,-0.205560169804));
#4080 = CARTESIAN_POINT('',(-1.675080609005,-0.205560169804));
#4081 = CARTESIAN_POINT('',(-1.779216122092,-0.207911734771));
#4082 = CARTESIAN_POINT('',(-1.884158884526,-0.212603880046));
#4083 = CARTESIAN_POINT('',(-1.990742070663,-0.219524305106));
#4084 = CARTESIAN_POINT('',(-2.099773064714,-0.228446893679));
#4085 = CARTESIAN_POINT('',(-2.212076200955,-0.238956954371));
#4086 = CARTESIAN_POINT('',(-2.32856681986,-0.25036605901));
#4087 = CARTESIAN_POINT('',(-2.554476763225,-0.271316108638));
#4088 = CARTESIAN_POINT('',(-2.666269919764,-0.281241818324));
#4089 = CARTESIAN_POINT('',(-2.783078473049,-0.290439732786));
#4090 = CARTESIAN_POINT('',(-2.903169096868,-0.297695511301));
#4091 = CARTESIAN_POINT('',(-3.025293342483,-0.301882486958));
#4092 = CARTESIAN_POINT('',(-3.148369932077,-0.302485702694));
#4093 = CARTESIAN_POINT('',(-3.271360616024,-0.299690881677));
#4094 = CARTESIAN_POINT('',(-3.471461341438,-0.290600988547));
#4095 = CARTESIAN_POINT('',(-3.550002213029,-0.285867606419));
#4096 = CARTESIAN_POINT('',(-3.628540125083,-0.280101951734));
#4097 = CARTESIAN_POINT('',(-3.707076857794,-0.273499562949));
#4098 = CARTESIAN_POINT('',(-3.785615690731,-0.266305222605));
#4099 = CARTESIAN_POINT('',(-3.864158497997,-0.258795950019));
#4100 = CARTESIAN_POINT('',(-3.94270277497,-0.251260033606));
#4101 = CARTESIAN_POINT('',(-4.107663247575,-0.235952108133));
#4102 = CARTESIAN_POINT('',(-4.194071226691,-0.228233269124));
#4103 = CARTESIAN_POINT('',(-4.280455342243,-0.221180906357));
#4104 = CARTESIAN_POINT('',(-4.366821033272,-0.215141599397));
#4105 = CARTESIAN_POINT('',(-4.453181320604,-0.210404769642));
#4106 = CARTESIAN_POINT('',(-4.539552519072,-0.207175725485));
#4107 = CARTESIAN_POINT('',(-4.62595071092,-0.205560169804));
#4108 = CARTESIAN_POINT('',(-4.799453041078,-0.205560169804));
#4109 = CARTESIAN_POINT('',(-4.886453263085,-0.207199277635));
#4110 = CARTESIAN_POINT('',(-4.973909017958,-0.210473596007));
#4111 = CARTESIAN_POINT('',(-5.062291347615,-0.215326243555));
#4112 = CARTESIAN_POINT('',(-5.152074030981,-0.221643889519));
#4113 = CARTESIAN_POINT('',(-5.243744850936,-0.229235113424));
#4114 = CARTESIAN_POINT('',(-5.337826340936,-0.237800303907));
#4115 = CARTESIAN_POINT('',(-5.528132588282,-0.255634985905));
#4116 = CARTESIAN_POINT('',(-5.626263430919,-0.265063039492));
#4117 = CARTESIAN_POINT('',(-5.728351234181,-0.274674514132));
#4118 = CARTESIAN_POINT('',(-5.833761998614,-0.283756421548));
#4119 = CARTESIAN_POINT('',(-5.942106109078,-0.291483669515));
#4120 = CARTESIAN_POINT('',(-6.053160471659,-0.297082883805));
#4121 = CARTESIAN_POINT('',(-6.166834730531,-0.3));
#4122 = CARTESIAN_POINT('',(-6.28318530718,-0.3));
#4123 = ( GEOMETRIC_REPRESENTATION_CONTEXT(2) 
PARAMETRIC_REPRESENTATION_CONTEXT() REPRESENTATION_CONTEXT('2D SPACE',''
  ) );
#4124 = ADVANCED_FACE('',(#4125),#267,.T.);
#4125 = FACE_BOUND('',#4126,.F.);
#4126 = EDGE_LOOP('',(#4127,#4128,#4151,#4178,#4179));
#4127 = ORIENTED_EDGE('',*,*,#3553,.F.);
#4128 = ORIENTED_EDGE('',*,*,#4129,.T.);
#4129 = EDGE_CURVE('',#206,#4130,#4132,.T.);
#4130 = VERTEX_POINT('',#4131);
#4131 = CARTESIAN_POINT('',(26.8500001,28.6500001,116.2500001));
#4132 = SEAM_CURVE('',#4133,(#4137,#4144),.PCURVE_S1.);
#4133 = LINE('',#4134,#4135);
#4134 = CARTESIAN_POINT('',(26.8500001,26.5500001,116.2500001));
#4135 = VECTOR('',#4136,1.);
#4136 = DIRECTION('',(0.,1.,0.));
#4137 = PCURVE('',#267,#4138);
#4138 = DEFINITIONAL_REPRESENTATION('',(#4139),#4143);
#4139 = LINE('',#4140,#4141);
#4140 = CARTESIAN_POINT('',(-6.28318530718,0.));
#4141 = VECTOR('',#4142,1.);
#4142 = DIRECTION('',(-0.,-1.));
#4143 = ( GEOMETRIC_REPRESENTATION_CONTEXT(2) 
PARAMETRIC_REPRESENTATION_CONTEXT() REPRESENTATION_CONTEXT('2D SPACE',''
  ) );
#4144 = PCURVE('',#267,#4145);
#4145 = DEFINITIONAL_REPRESENTATION('',(#4146),#4150);
#4146 = LINE('',#4147,#4148);
#4147 = CARTESIAN_POINT('',(-0.,0.));
#4148 = VECTOR('',#4149,1.);
#4149 = DIRECTION('',(-0.,-1.));
#4150 = ( GEOMETRIC_REPRESENTATION_CONTEXT(2) 
PARAMETRIC_REPRESENTATION_CONTEXT() REPRESENTATION_CONTEXT('2D SPACE',''
  ) );
#4151 = ORIENTED_EDGE('',*,*,#4152,.T.);
#4152 = EDGE_CURVE('',#4130,#4130,#4153,.T.);
#4153 = SURFACE_CURVE('',#4154,(#4159,#4166),.PCURVE_S1.);
#4154 = CIRCLE('',#4155,2.25);
#4155 = AXIS2_PLACEMENT_3D('',#4156,#4157,#4158);
#4156 = CARTESIAN_POINT('',(26.8500001,28.6500001,114.0000001));
#4157 = DIRECTION('',(-0.,1.,0.));
#4158 = DIRECTION('',(1.110223024625E-16,0.,1.));
#4159 = PCURVE('',#267,#4160);
#4160 = DEFINITIONAL_REPRESENTATION('',(#4161),#4165);
#4161 = LINE('',#4162,#4163);
#4162 = CARTESIAN_POINT('',(-0.,-2.1));
#4163 = VECTOR('',#4164,1.);
#4164 = DIRECTION('',(-1.,0.));
#4165 = ( GEOMETRIC_REPRESENTATION_CONTEXT(2) 
PARAMETRIC_REPRESENTATION_CONTEXT() REPRESENTATION_CONTEXT('2D SPACE',''
  ) );
#4166 = PCURVE('',#4167,#4172);
#4167 = PLANE('',#4168);
#4168 = AXIS2_PLACEMENT_3D('',#4169,#4170,#4171);
#4169 = CARTESIAN_POINT('',(26.8500001,28.6500001,114.0000001));
#4170 = DIRECTION('',(0.,1.,0.));
#4171 = DIRECTION('',(-1.,0.,1.110223024625E-16));
#4172 = DEFINITIONAL_REPRESENTATION('',(#4173),#4177);
#4173 = CIRCLE('',#4174,2.25);
#4174 = AXIS2_PLACEMENT_2D('',#4175,#4176);
#4175 = CARTESIAN_POINT('',(0.,0.));
#4176 = DIRECTION('',(0.,1.));
#4177 = ( GEOMETRIC_REPRESENTATION_CONTEXT(2) 
PARAMETRIC_REPRESENTATION_CONTEXT() REPRESENTATION_CONTEXT('2D SPACE',''
  ) );
#4178 = ORIENTED_EDGE('',*,*,#4129,.F.);
#4179 = ORIENTED_EDGE('',*,*,#205,.F.);
#4180 = ADVANCED_FACE('',(#4181),#147,.T.);
#4181 = FACE_BOUND('',#4182,.F.);
#4182 = EDGE_LOOP('',(#4183,#4184,#4207,#4234,#4235));
#4183 = ORIENTED_EDGE('',*,*,#3644,.F.);
#4184 = ORIENTED_EDGE('',*,*,#4185,.T.);
#4185 = EDGE_CURVE('',#86,#4186,#4188,.T.);
#4186 = VERTEX_POINT('',#4187);
#4187 = CARTESIAN_POINT('',(26.8500001,28.6500001,36.2500001));
#4188 = SEAM_CURVE('',#4189,(#4193,#4200),.PCURVE_S1.);
#4189 = LINE('',#4190,#4191);
#4190 = CARTESIAN_POINT('',(26.8500001,26.5500001,36.2500001));
#4191 = VECTOR('',#4192,1.);
#4192 = DIRECTION('',(0.,1.,0.));
#4193 = PCURVE('',#147,#4194);
#4194 = DEFINITIONAL_REPRESENTATION('',(#4195),#4199);
#4195 = LINE('',#4196,#4197);
#4196 = CARTESIAN_POINT('',(-6.28318530718,0.));
#4197 = VECTOR('',#4198,1.);
#4198 = DIRECTION('',(-0.,-1.));
#4199 = ( GEOMETRIC_REPRESENTATION_CONTEXT(2) 
PARAMETRIC_REPRESENTATION_CONTEXT() REPRESENTATION_CONTEXT('2D SPACE',''
  ) );
#4200 = PCURVE('',#147,#4201);
#4201 = DEFINITIONAL_REPRESENTATION('',(#4202),#4206);
#4202 = LINE('',#4203,#4204);
#4203 = CARTESIAN_POINT('',(-0.,0.));
#4204 = VECTOR('',#4205,1.);
#4205 = DIRECTION('',(-0.,-1.));
#4206 = ( GEOMETRIC_REPRESENTATION_CONTEXT(2) 
PARAMETRIC_REPRESENTATION_CONTEXT() REPRESENTATION_CONTEXT('2D SPACE',''
  ) );
#4207 = ORIENTED_EDGE('',*,*,#4208,.T.);
#4208 = EDGE_CURVE('',#4186,#4186,#4209,.T.);
#4209 = SURFACE_CURVE('',#4210,(#4215,#4222),.PCURVE_S1.);
#4210 = CIRCLE('',#4211,2.25);
#4211 = AXIS2_PLACEMENT_3D('',#4212,#4213,#4214);
#4212 = CARTESIAN_POINT('',(26.8500001,28.6500001,34.0000001));
#4213 = DIRECTION('',(-0.,1.,0.));
#4214 = DIRECTION('',(1.110223024625E-16,0.,1.));
#4215 = PCURVE('',#147,#4216);
#4216 = DEFINITIONAL_REPRESENTATION('',(#4217),#4221);
#4217 = LINE('',#4218,#4219);
#4218 = CARTESIAN_POINT('',(-0.,-2.1));
#4219 = VECTOR('',#4220,1.);
#4220 = DIRECTION('',(-1.,0.));
#4221 = ( GEOMETRIC_REPRESENTATION_CONTEXT(2) 
PARAMETRIC_REPRESENTATION_CONTEXT() REPRESENTATION_CONTEXT('2D SPACE',''
  ) );
#4222 = PCURVE('',#4223,#4228);
#4223 = PLANE('',#4224);
#4224 = AXIS2_PLACEMENT_3D('',#4225,#4226,#4227);
#4225 = CARTESIAN_POINT('',(26.8500001,28.6500001,34.0000001));
#4226 = DIRECTION('',(0.,1.,0.));
#4227 = DIRECTION('',(-1.,0.,1.110223024625E-16));
#4228 = DEFINITIONAL_REPRESENTATION('',(#4229),#4233);
#4229 = CIRCLE('',#4230,2.25);
#4230 = AXIS2_PLACEMENT_2D('',#4231,#4232);
#4231 = CARTESIAN_POINT('',(0.,0.));
#4232 = DIRECTION('',(0.,1.));
#4233 = ( GEOMETRIC_REPRESENTATION_CONTEXT(2) 
PARAMETRIC_REPRESENTATION_CONTEXT() REPRESENTATION_CONTEXT('2D SPACE',''
  ) );
#4234 = ORIENTED_EDGE('',*,*,#4185,.F.);
#4235 = ORIENTED_EDGE('',*,*,#85,.F.);
#4236 = ADVANCED_FACE('',(#4237),#508,.T.);
#4237 = FACE_BOUND('',#4238,.F.);
#4238 = EDGE_LOOP('',(#4239,#4240,#4263,#4290));
#4239 = ORIENTED_EDGE('',*,*,#382,.F.);
#4240 = ORIENTED_EDGE('',*,*,#4241,.T.);
#4241 = EDGE_CURVE('',#383,#4242,#4244,.T.);
#4242 = VERTEX_POINT('',#4243);
#4243 = CARTESIAN_POINT('',(6.591390819005,20.258609380995,116.2500001)
  );
#4244 = SEAM_CURVE('',#4245,(#4249,#4256),.PCURVE_S1.);
#4245 = LINE('',#4246,#4247);
#4246 = CARTESIAN_POINT('',(8.076315059497,18.773685140503,116.2500001)
  );
#4247 = VECTOR('',#4248,1.);
#4248 = DIRECTION('',(-0.707106781187,0.707106781187,7.850462293419E-17)
  );
#4249 = PCURVE('',#508,#4250);
#4250 = DEFINITIONAL_REPRESENTATION('',(#4251),#4255);
#4251 = LINE('',#4252,#4253);
#4252 = CARTESIAN_POINT('',(-6.28318530718,0.));
#4253 = VECTOR('',#4254,1.);
#4254 = DIRECTION('',(-0.,-1.));
#4255 = ( GEOMETRIC_REPRESENTATION_CONTEXT(2) 
PARAMETRIC_REPRESENTATION_CONTEXT() REPRESENTATION_CONTEXT('2D SPACE',''
  ) );
#4256 = PCURVE('',#508,#4257);
#4257 = DEFINITIONAL_REPRESENTATION('',(#4258),#4262);
#4258 = LINE('',#4259,#4260);
#4259 = CARTESIAN_POINT('',(-0.,0.));
#4260 = VECTOR('',#4261,1.);
#4261 = DIRECTION('',(-0.,-1.));
#4262 = ( GEOMETRIC_REPRESENTATION_CONTEXT(2) 
PARAMETRIC_REPRESENTATION_CONTEXT() REPRESENTATION_CONTEXT('2D SPACE',''
  ) );
#4263 = ORIENTED_EDGE('',*,*,#4264,.T.);
#4264 = EDGE_CURVE('',#4242,#4242,#4265,.T.);
#4265 = SURFACE_CURVE('',#4266,(#4271,#4278),.PCURVE_S1.);
#4266 = CIRCLE('',#4267,2.25);
#4267 = AXIS2_PLACEMENT_3D('',#4268,#4269,#4270);
#4268 = CARTESIAN_POINT('',(6.591390819005,20.258609380995,114.0000001)
  );
#4269 = DIRECTION('',(-0.707106781187,0.707106781187,7.850462293419E-17)
  );
#4270 = DIRECTION('',(1.110223024625E-16,0.,1.));
#4271 = PCURVE('',#508,#4272);
#4272 = DEFINITIONAL_REPRESENTATION('',(#4273),#4277);
#4273 = LINE('',#4274,#4275);
#4274 = CARTESIAN_POINT('',(-0.,-2.1));
#4275 = VECTOR('',#4276,1.);
#4276 = DIRECTION('',(-1.,0.));
#4277 = ( GEOMETRIC_REPRESENTATION_CONTEXT(2) 
PARAMETRIC_REPRESENTATION_CONTEXT() REPRESENTATION_CONTEXT('2D SPACE',''
  ) );
#4278 = PCURVE('',#4279,#4284);
#4279 = PLANE('',#4280);
#4280 = AXIS2_PLACEMENT_3D('',#4281,#4282,#4283);
#4281 = CARTESIAN_POINT('',(6.591390819005,20.258609380995,114.0000001)
  );
#4282 = DIRECTION('',(-0.707106781187,0.707106781187,7.850462293419E-17)
  );
#4283 = DIRECTION('',(0.707106781187,0.707106781187,-7.850462293419E-17)
  );
#4284 = DEFINITIONAL_REPRESENTATION('',(#4285),#4289);
#4285 = CIRCLE('',#4286,2.25);
#4286 = AXIS2_PLACEMENT_2D('',#4287,#4288);
#4287 = CARTESIAN_POINT('',(-1.256073966947E-15,1.972152263053E-31));
#4288 = DIRECTION('',(0.,-1.));
#4289 = ( GEOMETRIC_REPRESENTATION_CONTEXT(2) 
PARAMETRIC_REPRESENTATION_CONTEXT() REPRESENTATION_CONTEXT('2D SPACE',''
  ) );
#4290 = ORIENTED_EDGE('',*,*,#4241,.F.);
#4291 = ADVANCED_FACE('',(#4292),#703,.T.);
#4292 = FACE_BOUND('',#4293,.F.);
#4293 = EDGE_LOOP('',(#4294,#4295,#4318,#4345));
#4294 = ORIENTED_EDGE('',*,*,#577,.F.);
#4295 = ORIENTED_EDGE('',*,*,#4296,.T.);
#4296 = EDGE_CURVE('',#578,#4297,#4299,.T.);
#4297 = VERTEX_POINT('',#4298);
#4298 = CARTESIAN_POINT('',(6.591390819005,20.258609380995,36.2500001));
#4299 = SEAM_CURVE('',#4300,(#4304,#4311),.PCURVE_S1.);
#4300 = LINE('',#4301,#4302);
#4301 = CARTESIAN_POINT('',(8.076315059497,18.773685140503,36.2500001));
#4302 = VECTOR('',#4303,1.);
#4303 = DIRECTION('',(-0.707106781187,0.707106781187,7.850462293419E-17)
  );
#4304 = PCURVE('',#703,#4305);
#4305 = DEFINITIONAL_REPRESENTATION('',(#4306),#4310);
#4306 = LINE('',#4307,#4308);
#4307 = CARTESIAN_POINT('',(-6.28318530718,0.));
#4308 = VECTOR('',#4309,1.);
#4309 = DIRECTION('',(-0.,-1.));
#4310 = ( GEOMETRIC_REPRESENTATION_CONTEXT(2) 
PARAMETRIC_REPRESENTATION_CONTEXT() REPRESENTATION_CONTEXT('2D SPACE',''
  ) );
#4311 = PCURVE('',#703,#4312);
#4312 = DEFINITIONAL_REPRESENTATION('',(#4313),#4317);
#4313 = LINE('',#4314,#4315);
#4314 = CARTESIAN_POINT('',(-0.,0.));
#4315 = VECTOR('',#4316,1.);
#4316 = DIRECTION('',(-0.,-1.));
#4317 = ( GEOMETRIC_REPRESENTATION_CONTEXT(2) 
PARAMETRIC_REPRESENTATION_CONTEXT() REPRESENTATION_CONTEXT('2D SPACE',''
  ) );
#4318 = ORIENTED_EDGE('',*,*,#4319,.T.);
#4319 = EDGE_CURVE('',#4297,#4297,#4320,.T.);
#4320 = SURFACE_CURVE('',#4321,(#4326,#4333),.PCURVE_S1.);
#4321 = CIRCLE('',#4322,2.25);
#4322 = AXIS2_PLACEMENT_3D('',#4323,#4324,#4325);
#4323 = CARTESIAN_POINT('',(6.591390819005,20.258609380995,34.0000001));
#4324 = DIRECTION('',(-0.707106781187,0.707106781187,7.850462293419E-17)
  );
#4325 = DIRECTION('',(1.110223024625E-16,0.,1.));
#4326 = PCURVE('',#703,#4327);
#4327 = DEFINITIONAL_REPRESENTATION('',(#4328),#4332);
#4328 = LINE('',#4329,#4330);
#4329 = CARTESIAN_POINT('',(-0.,-2.1));
#4330 = VECTOR('',#4331,1.);
#4331 = DIRECTION('',(-1.,0.));
#4332 = ( GEOMETRIC_REPRESENTATION_CONTEXT(2) 
PARAMETRIC_REPRESENTATION_CONTEXT() REPRESENTATION_CONTEXT('2D SPACE',''
  ) );
#4333 = PCURVE('',#4334,#4339);
#4334 = PLANE('',#4335);
#4335 = AXIS2_PLACEMENT_3D('',#4336,#4337,#4338);
#4336 = CARTESIAN_POINT('',(6.591390819005,20.258609380995,34.0000001));
#4337 = DIRECTION('',(-0.707106781187,0.707106781187,7.850462293419E-17)
  );
#4338 = DIRECTION('',(0.707106781187,0.707106781187,-7.850462293419E-17)
  );
#4339 = DEFINITIONAL_REPRESENTATION('',(#4340),#4344);
#4340 = CIRCLE('',#4341,2.25);
#4341 = AXIS2_PLACEMENT_2D('',#4342,#4343);
#4342 = CARTESIAN_POINT('',(-1.256073966947E-15,1.972152263053E-31));
#4343 = DIRECTION('',(0.,-1.));
#4344 = ( GEOMETRIC_REPRESENTATION_CONTEXT(2) 
PARAMETRIC_REPRESENTATION_CONTEXT() REPRESENTATION_CONTEXT('2D SPACE',''
  ) );
#4345 = ORIENTED_EDGE('',*,*,#4296,.F.);
#4346 = ADVANCED_FACE('',(#4347),#2248,.F.);
#4347 = FACE_BOUND('',#4348,.F.);
#4348 = EDGE_LOOP('',(#4349,#4350,#4351,#4352));
#4349 = ORIENTED_EDGE('',*,*,#3505,.F.);
#4350 = ORIENTED_EDGE('',*,*,#3530,.T.);
#4351 = ORIENTED_EDGE('',*,*,#2234,.T.);
#4352 = ORIENTED_EDGE('',*,*,#4353,.F.);
#4353 = EDGE_CURVE('',#3482,#2206,#4354,.T.);
#4354 = SURFACE_CURVE('',#4355,(#4359,#4366),.PCURVE_S1.);
#4355 = LINE('',#4356,#4357);
#4356 = CARTESIAN_POINT('',(51.7000001,1.000000049323E-07,
    1.000000001694E-07));
#4357 = VECTOR('',#4358,1.);
#4358 = DIRECTION('',(-1.110223024625E-16,-0.,-1.));
#4359 = PCURVE('',#2248,#4360);
#4360 = DEFINITIONAL_REPRESENTATION('',(#4361),#4365);
#4361 = LINE('',#4362,#4363);
#4362 = CARTESIAN_POINT('',(175.15,11.));
#4363 = VECTOR('',#4364,1.);
#4364 = DIRECTION('',(0.,-1.));
#4365 = ( GEOMETRIC_REPRESENTATION_CONTEXT(2) 
PARAMETRIC_REPRESENTATION_CONTEXT() REPRESENTATION_CONTEXT('2D SPACE',''
  ) );
#4366 = PCURVE('',#2222,#4367);
#4367 = DEFINITIONAL_REPRESENTATION('',(#4368),#4372);
#4368 = LINE('',#4369,#4370);
#4369 = CARTESIAN_POINT('',(-4.712388980385,0.));
#4370 = VECTOR('',#4371,1.);
#4371 = DIRECTION('',(-0.,1.));
#4372 = ( GEOMETRIC_REPRESENTATION_CONTEXT(2) 
PARAMETRIC_REPRESENTATION_CONTEXT() REPRESENTATION_CONTEXT('2D SPACE',''
  ) );
#4373 = ADVANCED_FACE('',(#4374),#2222,.F.);
#4374 = FACE_BOUND('',#4375,.T.);
#4375 = EDGE_LOOP('',(#4376,#4377,#4378,#4379));
#4376 = ORIENTED_EDGE('',*,*,#2205,.F.);
#4377 = ORIENTED_EDGE('',*,*,#4353,.F.);
#4378 = ORIENTED_EDGE('',*,*,#3481,.T.);
#4379 = ORIENTED_EDGE('',*,*,#4380,.F.);
#4380 = EDGE_CURVE('',#2178,#3459,#4381,.T.);
#4381 = SURFACE_CURVE('',#4382,(#4386,#4393),.PCURVE_S1.);
#4382 = LINE('',#4383,#4384);
#4383 = CARTESIAN_POINT('',(51.561766752789,2.617458580688,
    1.000000001694E-07));
#4384 = VECTOR('',#4385,1.);
#4385 = DIRECTION('',(1.110223024625E-16,0.,1.));
#4386 = PCURVE('',#2222,#4387);
#4387 = DEFINITIONAL_REPRESENTATION('',(#4388),#4392);
#4388 = LINE('',#4389,#4390);
#4389 = CARTESIAN_POINT('',(-4.817915044502,0.));
#4390 = VECTOR('',#4391,1.);
#4391 = DIRECTION('',(-0.,-1.));
#4392 = ( GEOMETRIC_REPRESENTATION_CONTEXT(2) 
PARAMETRIC_REPRESENTATION_CONTEXT() REPRESENTATION_CONTEXT('2D SPACE',''
  ) );
#4393 = PCURVE('',#2193,#4394);
#4394 = DEFINITIONAL_REPRESENTATION('',(#4395),#4399);
#4395 = LINE('',#4396,#4397);
#4396 = CARTESIAN_POINT('',(12.536062956767,4.642819639525E-17));
#4397 = VECTOR('',#4398,1.);
#4398 = DIRECTION('',(0.,-1.));
#4399 = ( GEOMETRIC_REPRESENTATION_CONTEXT(2) 
PARAMETRIC_REPRESENTATION_CONTEXT() REPRESENTATION_CONTEXT('2D SPACE',''
  ) );
#4400 = ADVANCED_FACE('',(#4401),#2193,.F.);
#4401 = FACE_BOUND('',#4402,.F.);
#4402 = EDGE_LOOP('',(#4403,#4424,#4425,#4426));
#4403 = ORIENTED_EDGE('',*,*,#4404,.T.);
#4404 = EDGE_CURVE('',#2150,#3436,#4405,.T.);
#4405 = SURFACE_CURVE('',#4406,(#4410,#4417),.PCURVE_S1.);
#4406 = LINE('',#4407,#4408);
#4407 = CARTESIAN_POINT('',(39.979954768759,7.414802181328,
    1.000000015017E-07));
#4408 = VECTOR('',#4409,1.);
#4409 = DIRECTION('',(1.110223024625E-16,0.,1.));
#4410 = PCURVE('',#2193,#4411);
#4411 = DEFINITIONAL_REPRESENTATION('',(#4412),#4416);
#4412 = LINE('',#4413,#4414);
#4413 = CARTESIAN_POINT('',(0.,0.));
#4414 = VECTOR('',#4415,1.);
#4415 = DIRECTION('',(0.,-1.));
#4416 = ( GEOMETRIC_REPRESENTATION_CONTEXT(2) 
PARAMETRIC_REPRESENTATION_CONTEXT() REPRESENTATION_CONTEXT('2D SPACE',''
  ) );
#4417 = PCURVE('',#2165,#4418);
#4418 = DEFINITIONAL_REPRESENTATION('',(#4419),#4423);
#4419 = LINE('',#4420,#4421);
#4420 = CARTESIAN_POINT('',(1.4,-5.154134837691E-17));
#4421 = VECTOR('',#4422,1.);
#4422 = DIRECTION('',(0.,-1.));
#4423 = ( GEOMETRIC_REPRESENTATION_CONTEXT(2) 
PARAMETRIC_REPRESENTATION_CONTEXT() REPRESENTATION_CONTEXT('2D SPACE',''
  ) );
#4424 = ORIENTED_EDGE('',*,*,#3458,.T.);
#4425 = ORIENTED_EDGE('',*,*,#4380,.F.);
#4426 = ORIENTED_EDGE('',*,*,#2177,.F.);
#4427 = ADVANCED_FACE('',(#4428),#2165,.F.);
#4428 = FACE_BOUND('',#4429,.F.);
#4429 = EDGE_LOOP('',(#4430,#4451,#4452,#4453));
#4430 = ORIENTED_EDGE('',*,*,#4431,.T.);
#4431 = EDGE_CURVE('',#2122,#3413,#4432,.T.);
#4432 = SURFACE_CURVE('',#4433,(#4437,#4444),.PCURVE_S1.);
#4433 = LINE('',#4434,#4435);
#4434 = CARTESIAN_POINT('',(40.51571157407,8.708233526844,
    1.000000013907E-07));
#4435 = VECTOR('',#4436,1.);
#4436 = DIRECTION('',(1.110223024625E-16,0.,1.));
#4437 = PCURVE('',#2165,#4438);
#4438 = DEFINITIONAL_REPRESENTATION('',(#4439),#4443);
#4439 = LINE('',#4440,#4441);
#4440 = CARTESIAN_POINT('',(0.,0.));
#4441 = VECTOR('',#4442,1.);
#4442 = DIRECTION('',(0.,-1.));
#4443 = ( GEOMETRIC_REPRESENTATION_CONTEXT(2) 
PARAMETRIC_REPRESENTATION_CONTEXT() REPRESENTATION_CONTEXT('2D SPACE',''
  ) );
#4444 = PCURVE('',#2137,#4445);
#4445 = DEFINITIONAL_REPRESENTATION('',(#4446),#4450);
#4446 = LINE('',#4447,#4448);
#4447 = CARTESIAN_POINT('',(11.714092792708,9.130591539743E-17));
#4448 = VECTOR('',#4449,1.);
#4449 = DIRECTION('',(0.,-1.));
#4450 = ( GEOMETRIC_REPRESENTATION_CONTEXT(2) 
PARAMETRIC_REPRESENTATION_CONTEXT() REPRESENTATION_CONTEXT('2D SPACE',''
  ) );
#4451 = ORIENTED_EDGE('',*,*,#3435,.T.);
#4452 = ORIENTED_EDGE('',*,*,#4404,.F.);
#4453 = ORIENTED_EDGE('',*,*,#2149,.F.);
#4454 = ADVANCED_FACE('',(#4455),#2137,.F.);
#4455 = FACE_BOUND('',#4456,.F.);
#4456 = EDGE_LOOP('',(#4457,#4478,#4479,#4480));
#4457 = ORIENTED_EDGE('',*,*,#4458,.T.);
#4458 = EDGE_CURVE('',#2093,#3389,#4459,.T.);
#4459 = SURFACE_CURVE('',#4460,(#4464,#4471),.PCURVE_S1.);
#4460 = LINE('',#4461,#4462);
#4461 = CARTESIAN_POINT('',(51.338122147191,4.225444289888,
    1.000000002804E-07));
#4462 = VECTOR('',#4463,1.);
#4463 = DIRECTION('',(1.110223024625E-16,0.,1.));
#4464 = PCURVE('',#2137,#4465);
#4465 = DEFINITIONAL_REPRESENTATION('',(#4466),#4470);
#4466 = LINE('',#4467,#4468);
#4467 = CARTESIAN_POINT('',(-3.398911662034E-16,-0.));
#4468 = VECTOR('',#4469,1.);
#4469 = DIRECTION('',(0.,-1.));
#4470 = ( GEOMETRIC_REPRESENTATION_CONTEXT(2) 
PARAMETRIC_REPRESENTATION_CONTEXT() REPRESENTATION_CONTEXT('2D SPACE',''
  ) );
#4471 = PCURVE('',#2109,#4472);
#4472 = DEFINITIONAL_REPRESENTATION('',(#4473),#4477);
#4473 = LINE('',#4474,#4475);
#4474 = CARTESIAN_POINT('',(-4.883257206441,0.));
#4475 = VECTOR('',#4476,1.);
#4476 = DIRECTION('',(-0.,-1.));
#4477 = ( GEOMETRIC_REPRESENTATION_CONTEXT(2) 
PARAMETRIC_REPRESENTATION_CONTEXT() REPRESENTATION_CONTEXT('2D SPACE',''
  ) );
#4478 = ORIENTED_EDGE('',*,*,#3412,.T.);
#4479 = ORIENTED_EDGE('',*,*,#4431,.F.);
#4480 = ORIENTED_EDGE('',*,*,#2121,.F.);
#4481 = ADVANCED_FACE('',(#4482),#2109,.F.);
#4482 = FACE_BOUND('',#4483,.T.);
#4483 = EDGE_LOOP('',(#4484,#4485,#4486,#4507));
#4484 = ORIENTED_EDGE('',*,*,#4458,.T.);
#4485 = ORIENTED_EDGE('',*,*,#3388,.T.);
#4486 = ORIENTED_EDGE('',*,*,#4487,.F.);
#4487 = EDGE_CURVE('',#2065,#3366,#4488,.T.);
#4488 = SURFACE_CURVE('',#4489,(#4493,#4500),.PCURVE_S1.);
#4489 = LINE('',#4490,#4491);
#4490 = CARTESIAN_POINT('',(50.042285618591,8.924146693607,
    1.000000003915E-07));
#4491 = VECTOR('',#4492,1.);
#4492 = DIRECTION('',(1.110223024625E-16,0.,1.));
#4493 = PCURVE('',#2109,#4494);
#4494 = DEFINITIONAL_REPRESENTATION('',(#4495),#4499);
#4495 = LINE('',#4496,#4497);
#4496 = CARTESIAN_POINT('',(-5.079714432301,0.));
#4497 = VECTOR('',#4498,1.);
#4498 = DIRECTION('',(-0.,-1.));
#4499 = ( GEOMETRIC_REPRESENTATION_CONTEXT(2) 
PARAMETRIC_REPRESENTATION_CONTEXT() REPRESENTATION_CONTEXT('2D SPACE',''
  ) );
#4500 = PCURVE('',#2080,#4501);
#4501 = DEFINITIONAL_REPRESENTATION('',(#4502),#4506);
#4502 = LINE('',#4503,#4504);
#4503 = CARTESIAN_POINT('',(12.536062956767,-4.760805087326E-17));
#4504 = VECTOR('',#4505,1.);
#4505 = DIRECTION('',(0.,-1.));
#4506 = ( GEOMETRIC_REPRESENTATION_CONTEXT(2) 
PARAMETRIC_REPRESENTATION_CONTEXT() REPRESENTATION_CONTEXT('2D SPACE',''
  ) );
#4507 = ORIENTED_EDGE('',*,*,#2092,.F.);
#4508 = ADVANCED_FACE('',(#4509),#2080,.F.);
#4509 = FACE_BOUND('',#4510,.F.);
#4510 = EDGE_LOOP('',(#4511,#4532,#4533,#4534));
#4511 = ORIENTED_EDGE('',*,*,#4512,.T.);
#4512 = EDGE_CURVE('',#2037,#3343,#4513,.T.);
#4513 = SURFACE_CURVE('',#4514,(#4518,#4525),.PCURVE_S1.);
#4514 = LINE('',#4515,#4516);
#4515 = CARTESIAN_POINT('',(37.613470418245,10.560431256785,
    1.000000017237E-07));
#4516 = VECTOR('',#4517,1.);
#4517 = DIRECTION('',(1.110223024625E-16,0.,1.));
#4518 = PCURVE('',#2080,#4519);
#4519 = DEFINITIONAL_REPRESENTATION('',(#4520),#4524);
#4520 = LINE('',#4521,#4522);
#4521 = CARTESIAN_POINT('',(0.,0.));
#4522 = VECTOR('',#4523,1.);
#4523 = DIRECTION('',(0.,-1.));
#4524 = ( GEOMETRIC_REPRESENTATION_CONTEXT(2) 
PARAMETRIC_REPRESENTATION_CONTEXT() REPRESENTATION_CONTEXT('2D SPACE',''
  ) );
#4525 = PCURVE('',#2052,#4526);
#4526 = DEFINITIONAL_REPRESENTATION('',(#4527),#4531);
#4527 = LINE('',#4528,#4529);
#4528 = CARTESIAN_POINT('',(1.4,2.028784574871E-17));
#4529 = VECTOR('',#4530,1.);
#4530 = DIRECTION('',(0.,-1.));
#4531 = ( GEOMETRIC_REPRESENTATION_CONTEXT(2) 
PARAMETRIC_REPRESENTATION_CONTEXT() REPRESENTATION_CONTEXT('2D SPACE',''
  ) );
#4532 = ORIENTED_EDGE('',*,*,#3365,.T.);
#4533 = ORIENTED_EDGE('',*,*,#4487,.F.);
#4534 = ORIENTED_EDGE('',*,*,#2064,.F.);
#4535 = ADVANCED_FACE('',(#4536),#2052,.F.);
#4536 = FACE_BOUND('',#4537,.F.);
#4537 = EDGE_LOOP('',(#4538,#4559,#4560,#4561));
#4538 = ORIENTED_EDGE('',*,*,#4539,.T.);
#4539 = EDGE_CURVE('',#2009,#3320,#4540,.T.);
#4540 = SURFACE_CURVE('',#4541,(#4545,#4552),.PCURVE_S1.);
#4541 = LINE('',#4542,#4543);
#4542 = CARTESIAN_POINT('',(37.796207087353,11.948454062708,
    1.000000017237E-07));
#4543 = VECTOR('',#4544,1.);
#4544 = DIRECTION('',(1.110223024625E-16,0.,1.));
#4545 = PCURVE('',#2052,#4546);
#4546 = DEFINITIONAL_REPRESENTATION('',(#4547),#4551);
#4547 = LINE('',#4548,#4549);
#4548 = CARTESIAN_POINT('',(0.,0.));
#4549 = VECTOR('',#4550,1.);
#4550 = DIRECTION('',(0.,-1.));
#4551 = ( GEOMETRIC_REPRESENTATION_CONTEXT(2) 
PARAMETRIC_REPRESENTATION_CONTEXT() REPRESENTATION_CONTEXT('2D SPACE',''
  ) );
#4552 = PCURVE('',#2024,#4553);
#4553 = DEFINITIONAL_REPRESENTATION('',(#4554),#4558);
#4554 = LINE('',#4555,#4556);
#4555 = CARTESIAN_POINT('',(11.714092792708,-4.286825283791E-17));
#4556 = VECTOR('',#4557,1.);
#4557 = DIRECTION('',(0.,-1.));
#4558 = ( GEOMETRIC_REPRESENTATION_CONTEXT(2) 
PARAMETRIC_REPRESENTATION_CONTEXT() REPRESENTATION_CONTEXT('2D SPACE',''
  ) );
#4559 = ORIENTED_EDGE('',*,*,#3342,.T.);
#4560 = ORIENTED_EDGE('',*,*,#4512,.F.);
#4561 = ORIENTED_EDGE('',*,*,#2036,.F.);
#4562 = ADVANCED_FACE('',(#4563),#2024,.F.);
#4563 = FACE_BOUND('',#4564,.F.);
#4564 = EDGE_LOOP('',(#4565,#4586,#4587,#4588));
#4565 = ORIENTED_EDGE('',*,*,#4566,.T.);
#4566 = EDGE_CURVE('',#1980,#3296,#4567,.T.);
#4567 = SURFACE_CURVE('',#4568,(#4572,#4579),.PCURVE_S1.);
#4568 = LINE('',#4569,#4570);
#4569 = CARTESIAN_POINT('',(49.41008419234,10.419458135164,
    1.000000003915E-07));
#4570 = VECTOR('',#4571,1.);
#4571 = DIRECTION('',(1.110223024625E-16,0.,1.));
#4572 = PCURVE('',#2024,#4573);
#4573 = DEFINITIONAL_REPRESENTATION('',(#4574),#4578);
#4574 = LINE('',#4575,#4576);
#4575 = CARTESIAN_POINT('',(0.,0.));
#4576 = VECTOR('',#4577,1.);
#4577 = DIRECTION('',(0.,-1.));
#4578 = ( GEOMETRIC_REPRESENTATION_CONTEXT(2) 
PARAMETRIC_REPRESENTATION_CONTEXT() REPRESENTATION_CONTEXT('2D SPACE',''
  ) );
#4579 = PCURVE('',#1996,#4580);
#4580 = DEFINITIONAL_REPRESENTATION('',(#4581),#4585);
#4581 = LINE('',#4582,#4583);
#4582 = CARTESIAN_POINT('',(-5.14505659424,0.));
#4583 = VECTOR('',#4584,1.);
#4584 = DIRECTION('',(-0.,-1.));
#4585 = ( GEOMETRIC_REPRESENTATION_CONTEXT(2) 
PARAMETRIC_REPRESENTATION_CONTEXT() REPRESENTATION_CONTEXT('2D SPACE',''
  ) );
#4586 = ORIENTED_EDGE('',*,*,#3319,.T.);
#4587 = ORIENTED_EDGE('',*,*,#4539,.F.);
#4588 = ORIENTED_EDGE('',*,*,#2008,.F.);
#4589 = ADVANCED_FACE('',(#4590),#1996,.F.);
#4590 = FACE_BOUND('',#4591,.T.);
#4591 = EDGE_LOOP('',(#4592,#4593,#4594,#4615));
#4592 = ORIENTED_EDGE('',*,*,#4566,.T.);
#4593 = ORIENTED_EDGE('',*,*,#3295,.T.);
#4594 = ORIENTED_EDGE('',*,*,#4595,.F.);
#4595 = EDGE_CURVE('',#1952,#3273,#4596,.T.);
#4596 = SURFACE_CURVE('',#4597,(#4601,#4608),.PCURVE_S1.);
#4597 = LINE('',#4598,#4599);
#4598 = CARTESIAN_POINT('',(46.942288553364,14.622668964021,
    1.000000007245E-07));
#4599 = VECTOR('',#4600,1.);
#4600 = DIRECTION('',(1.110223024625E-16,0.,1.));
#4601 = PCURVE('',#1996,#4602);
#4602 = DEFINITIONAL_REPRESENTATION('',(#4603),#4607);
#4603 = LINE('',#4604,#4605);
#4604 = CARTESIAN_POINT('',(-5.3415138201,0.));
#4605 = VECTOR('',#4606,1.);
#4606 = DIRECTION('',(-0.,-1.));
#4607 = ( GEOMETRIC_REPRESENTATION_CONTEXT(2) 
PARAMETRIC_REPRESENTATION_CONTEXT() REPRESENTATION_CONTEXT('2D SPACE',''
  ) );
#4608 = PCURVE('',#1967,#4609);
#4609 = DEFINITIONAL_REPRESENTATION('',(#4610),#4614);
#4610 = LINE('',#4611,#4612);
#4611 = CARTESIAN_POINT('',(12.536062956767,-4.76080508732E-17));
#4612 = VECTOR('',#4613,1.);
#4613 = DIRECTION('',(0.,-1.));
#4614 = ( GEOMETRIC_REPRESENTATION_CONTEXT(2) 
PARAMETRIC_REPRESENTATION_CONTEXT() REPRESENTATION_CONTEXT('2D SPACE',''
  ) );
#4615 = ORIENTED_EDGE('',*,*,#1979,.F.);
#4616 = ADVANCED_FACE('',(#4617),#1967,.F.);
#4617 = FACE_BOUND('',#4618,.F.);
#4618 = EDGE_LOOP('',(#4619,#4640,#4641,#4642));
#4619 = ORIENTED_EDGE('',*,*,#4620,.T.);
#4620 = EDGE_CURVE('',#1924,#3250,#4621,.T.);
#4621 = SURFACE_CURVE('',#4622,(#4626,#4633),.PCURVE_S1.);
#4622 = LINE('',#4623,#4624);
#4623 = CARTESIAN_POINT('',(34.513473353019,12.986384400843,
    1.000000020568E-07));
#4624 = VECTOR('',#4625,1.);
#4625 = DIRECTION('',(1.110223024625E-16,0.,1.));
#4626 = PCURVE('',#1967,#4627);
#4627 = DEFINITIONAL_REPRESENTATION('',(#4628),#4632);
#4628 = LINE('',#4629,#4630);
#4629 = CARTESIAN_POINT('',(0.,0.));
#4630 = VECTOR('',#4631,1.);
#4631 = DIRECTION('',(0.,-1.));
#4632 = ( GEOMETRIC_REPRESENTATION_CONTEXT(2) 
PARAMETRIC_REPRESENTATION_CONTEXT() REPRESENTATION_CONTEXT('2D SPACE',''
  ) );
#4633 = PCURVE('',#1939,#4634);
#4634 = DEFINITIONAL_REPRESENTATION('',(#4635),#4639);
#4635 = LINE('',#4636,#4637);
#4636 = CARTESIAN_POINT('',(1.4,9.073445671381E-17));
#4637 = VECTOR('',#4638,1.);
#4638 = DIRECTION('',(0.,-1.));
#4639 = ( GEOMETRIC_REPRESENTATION_CONTEXT(2) 
PARAMETRIC_REPRESENTATION_CONTEXT() REPRESENTATION_CONTEXT('2D SPACE',''
  ) );
#4640 = ORIENTED_EDGE('',*,*,#3272,.T.);
#4641 = ORIENTED_EDGE('',*,*,#4595,.F.);
#4642 = ORIENTED_EDGE('',*,*,#1951,.F.);
#4643 = ADVANCED_FACE('',(#4644),#1939,.F.);
#4644 = FACE_BOUND('',#4645,.F.);
#4645 = EDGE_LOOP('',(#4646,#4667,#4668,#4669));
#4646 = ORIENTED_EDGE('',*,*,#4647,.T.);
#4647 = EDGE_CURVE('',#1896,#3227,#4648,.T.);
#4648 = SURFACE_CURVE('',#4649,(#4653,#4660),.PCURVE_S1.);
#4649 = LINE('',#4650,#4651);
#4650 = CARTESIAN_POINT('',(34.330736683911,14.374407206767,
    1.000000021678E-07));
#4651 = VECTOR('',#4652,1.);
#4652 = DIRECTION('',(1.110223024625E-16,0.,1.));
#4653 = PCURVE('',#1939,#4654);
#4654 = DEFINITIONAL_REPRESENTATION('',(#4655),#4659);
#4655 = LINE('',#4656,#4657);
#4656 = CARTESIAN_POINT('',(0.,0.));
#4657 = VECTOR('',#4658,1.);
#4658 = DIRECTION('',(0.,-1.));
#4659 = ( GEOMETRIC_REPRESENTATION_CONTEXT(2) 
PARAMETRIC_REPRESENTATION_CONTEXT() REPRESENTATION_CONTEXT('2D SPACE',''
  ) );
#4660 = PCURVE('',#1911,#4661);
#4661 = DEFINITIONAL_REPRESENTATION('',(#4662),#4666);
#4662 = LINE('',#4663,#4664);
#4663 = CARTESIAN_POINT('',(11.714092792709,-4.286825283782E-17));
#4664 = VECTOR('',#4665,1.);
#4665 = DIRECTION('',(0.,-1.));
#4666 = ( GEOMETRIC_REPRESENTATION_CONTEXT(2) 
PARAMETRIC_REPRESENTATION_CONTEXT() REPRESENTATION_CONTEXT('2D SPACE',''
  ) );
#4667 = ORIENTED_EDGE('',*,*,#3249,.T.);
#4668 = ORIENTED_EDGE('',*,*,#4620,.F.);
#4669 = ORIENTED_EDGE('',*,*,#1923,.F.);
#4670 = ADVANCED_FACE('',(#4671),#1911,.F.);
#4671 = FACE_BOUND('',#4672,.F.);
#4672 = EDGE_LOOP('',(#4673,#4694,#4695,#4696));
#4673 = ORIENTED_EDGE('',*,*,#4674,.T.);
#4674 = EDGE_CURVE('',#1867,#3203,#4675,.T.);
#4675 = SURFACE_CURVE('',#4676,(#4680,#4687),.PCURVE_S1.);
#4676 = LINE('',#4677,#4678);
#4677 = CARTESIAN_POINT('',(45.944613788898,15.903403134311,
    1.000000008355E-07));
#4678 = VECTOR('',#4679,1.);
#4679 = DIRECTION('',(1.110223024625E-16,0.,1.));
#4680 = PCURVE('',#1911,#4681);
#4681 = DEFINITIONAL_REPRESENTATION('',(#4682),#4686);
#4682 = LINE('',#4683,#4684);
#4683 = CARTESIAN_POINT('',(0.,0.));
#4684 = VECTOR('',#4685,1.);
#4685 = DIRECTION('',(0.,-1.));
#4686 = ( GEOMETRIC_REPRESENTATION_CONTEXT(2) 
PARAMETRIC_REPRESENTATION_CONTEXT() REPRESENTATION_CONTEXT('2D SPACE',''
  ) );
#4687 = PCURVE('',#1883,#4688);
#4688 = DEFINITIONAL_REPRESENTATION('',(#4689),#4693);
#4689 = LINE('',#4690,#4691);
#4690 = CARTESIAN_POINT('',(-5.40685598204,0.));
#4691 = VECTOR('',#4692,1.);
#4692 = DIRECTION('',(-0.,-1.));
#4693 = ( GEOMETRIC_REPRESENTATION_CONTEXT(2) 
PARAMETRIC_REPRESENTATION_CONTEXT() REPRESENTATION_CONTEXT('2D SPACE',''
  ) );
#4694 = ORIENTED_EDGE('',*,*,#3226,.T.);
#4695 = ORIENTED_EDGE('',*,*,#4647,.F.);
#4696 = ORIENTED_EDGE('',*,*,#1895,.F.);
#4697 = ADVANCED_FACE('',(#4698),#1883,.F.);
#4698 = FACE_BOUND('',#4699,.T.);
#4699 = EDGE_LOOP('',(#4700,#4701,#4702,#4723));
#4700 = ORIENTED_EDGE('',*,*,#4674,.T.);
#4701 = ORIENTED_EDGE('',*,*,#3202,.T.);
#4702 = ORIENTED_EDGE('',*,*,#4703,.F.);
#4703 = EDGE_CURVE('',#1839,#3180,#4704,.T.);
#4704 = SURFACE_CURVE('',#4705,(#4709,#4716),.PCURVE_S1.);
#4705 = LINE('',#4706,#4707);
#4706 = CARTESIAN_POINT('',(42.473035234117,19.324680516455,
    1.000000011686E-07));
#4707 = VECTOR('',#4708,1.);
#4708 = DIRECTION('',(1.110223024625E-16,0.,1.));
#4709 = PCURVE('',#1883,#4710);
#4710 = DEFINITIONAL_REPRESENTATION('',(#4711),#4715);
#4711 = LINE('',#4712,#4713);
#4712 = CARTESIAN_POINT('',(-5.603313207899,0.));
#4713 = VECTOR('',#4714,1.);
#4714 = DIRECTION('',(-0.,-1.));
#4715 = ( GEOMETRIC_REPRESENTATION_CONTEXT(2) 
PARAMETRIC_REPRESENTATION_CONTEXT() REPRESENTATION_CONTEXT('2D SPACE',''
  ) );
#4716 = PCURVE('',#1854,#4717);
#4717 = DEFINITIONAL_REPRESENTATION('',(#4718),#4722);
#4718 = LINE('',#4719,#4720);
#4719 = CARTESIAN_POINT('',(12.536062956766,4.642819639531E-17));
#4720 = VECTOR('',#4721,1.);
#4721 = DIRECTION('',(0.,-1.));
#4722 = ( GEOMETRIC_REPRESENTATION_CONTEXT(2) 
PARAMETRIC_REPRESENTATION_CONTEXT() REPRESENTATION_CONTEXT('2D SPACE',''
  ) );
#4723 = ORIENTED_EDGE('',*,*,#1866,.F.);
#4724 = ADVANCED_FACE('',(#4725),#1854,.F.);
#4725 = FACE_BOUND('',#4726,.F.);
#4726 = EDGE_LOOP('',(#4727,#4748,#4749,#4750));
#4727 = ORIENTED_EDGE('',*,*,#4728,.T.);
#4728 = EDGE_CURVE('',#1811,#3157,#4729,.T.);
#4729 = SURFACE_CURVE('',#4730,(#4734,#4741),.PCURVE_S1.);
#4730 = LINE('',#4731,#4732);
#4731 = CARTESIAN_POINT('',(30.891223250088,14.527336915815,
    1.000000025009E-07));
#4732 = VECTOR('',#4733,1.);
#4733 = DIRECTION('',(1.110223024625E-16,0.,1.));
#4734 = PCURVE('',#1854,#4735);
#4735 = DEFINITIONAL_REPRESENTATION('',(#4736),#4740);
#4736 = LINE('',#4737,#4738);
#4737 = CARTESIAN_POINT('',(0.,0.));
#4738 = VECTOR('',#4739,1.);
#4739 = DIRECTION('',(0.,-1.));
#4740 = ( GEOMETRIC_REPRESENTATION_CONTEXT(2) 
PARAMETRIC_REPRESENTATION_CONTEXT() REPRESENTATION_CONTEXT('2D SPACE',''
  ) );
#4741 = PCURVE('',#1826,#4742);
#4742 = DEFINITIONAL_REPRESENTATION('',(#4743),#4747);
#4743 = LINE('',#4744,#4745);
#4744 = CARTESIAN_POINT('',(1.4,-5.94809540856E-17));
#4745 = VECTOR('',#4746,1.);
#4746 = DIRECTION('',(0.,-1.));
#4747 = ( GEOMETRIC_REPRESENTATION_CONTEXT(2) 
PARAMETRIC_REPRESENTATION_CONTEXT() REPRESENTATION_CONTEXT('2D SPACE',''
  ) );
#4748 = ORIENTED_EDGE('',*,*,#3179,.T.);
#4749 = ORIENTED_EDGE('',*,*,#4703,.F.);
#4750 = ORIENTED_EDGE('',*,*,#1838,.F.);
#4751 = ADVANCED_FACE('',(#4752),#1826,.F.);
#4752 = FACE_BOUND('',#4753,.F.);
#4753 = EDGE_LOOP('',(#4754,#4775,#4776,#4777));
#4754 = ORIENTED_EDGE('',*,*,#4755,.T.);
#4755 = EDGE_CURVE('',#1783,#3134,#4756,.T.);
#4756 = SURFACE_CURVE('',#4757,(#4761,#4768),.PCURVE_S1.);
#4757 = LINE('',#4758,#4759);
#4758 = CARTESIAN_POINT('',(30.355466444777,15.820768261331,
    1.000000025009E-07));
#4759 = VECTOR('',#4760,1.);
#4760 = DIRECTION('',(1.110223024625E-16,0.,1.));
#4761 = PCURVE('',#1826,#4762);
#4762 = DEFINITIONAL_REPRESENTATION('',(#4763),#4767);
#4763 = LINE('',#4764,#4765);
#4764 = CARTESIAN_POINT('',(0.,0.));
#4765 = VECTOR('',#4766,1.);
#4766 = DIRECTION('',(0.,-1.));
#4767 = ( GEOMETRIC_REPRESENTATION_CONTEXT(2) 
PARAMETRIC_REPRESENTATION_CONTEXT() REPRESENTATION_CONTEXT('2D SPACE',''
  ) );
#4768 = PCURVE('',#1798,#4769);
#4769 = DEFINITIONAL_REPRESENTATION('',(#4770),#4774);
#4770 = LINE('',#4771,#4772);
#4771 = CARTESIAN_POINT('',(11.714092792708,9.130591539744E-17));
#4772 = VECTOR('',#4773,1.);
#4773 = DIRECTION('',(0.,-1.));
#4774 = ( GEOMETRIC_REPRESENTATION_CONTEXT(2) 
PARAMETRIC_REPRESENTATION_CONTEXT() REPRESENTATION_CONTEXT('2D SPACE',''
  ) );
#4775 = ORIENTED_EDGE('',*,*,#3156,.T.);
#4776 = ORIENTED_EDGE('',*,*,#4728,.F.);
#4777 = ORIENTED_EDGE('',*,*,#1810,.F.);
#4778 = ADVANCED_FACE('',(#4779),#1798,.F.);
#4779 = FACE_BOUND('',#4780,.F.);
#4780 = EDGE_LOOP('',(#4781,#4802,#4803,#4804));
#4781 = ORIENTED_EDGE('',*,*,#4782,.T.);
#4782 = EDGE_CURVE('',#1754,#3110,#4783,.T.);
#4783 = SURFACE_CURVE('',#4784,(#4788,#4795),.PCURVE_S1.);
#4784 = LINE('',#4785,#4786);
#4785 = CARTESIAN_POINT('',(41.177877017898,20.303557498288,
    1.000000013907E-07));
#4786 = VECTOR('',#4787,1.);
#4787 = DIRECTION('',(1.110223024625E-16,0.,1.));
#4788 = PCURVE('',#1798,#4789);
#4789 = DEFINITIONAL_REPRESENTATION('',(#4790),#4794);
#4790 = LINE('',#4791,#4792);
#4791 = CARTESIAN_POINT('',(0.,0.));
#4792 = VECTOR('',#4793,1.);
#4793 = DIRECTION('',(0.,-1.));
#4794 = ( GEOMETRIC_REPRESENTATION_CONTEXT(2) 
PARAMETRIC_REPRESENTATION_CONTEXT() REPRESENTATION_CONTEXT('2D SPACE',''
  ) );
#4795 = PCURVE('',#1770,#4796);
#4796 = DEFINITIONAL_REPRESENTATION('',(#4797),#4801);
#4797 = LINE('',#4798,#4799);
#4798 = CARTESIAN_POINT('',(-5.668655369839,0.));
#4799 = VECTOR('',#4800,1.);
#4800 = DIRECTION('',(-0.,-1.));
#4801 = ( GEOMETRIC_REPRESENTATION_CONTEXT(2) 
PARAMETRIC_REPRESENTATION_CONTEXT() REPRESENTATION_CONTEXT('2D SPACE',''
  ) );
#4802 = ORIENTED_EDGE('',*,*,#3133,.T.);
#4803 = ORIENTED_EDGE('',*,*,#4755,.F.);
#4804 = ORIENTED_EDGE('',*,*,#1782,.F.);
#4805 = ADVANCED_FACE('',(#4806),#1770,.F.);
#4806 = FACE_BOUND('',#4807,.T.);
#4807 = EDGE_LOOP('',(#4808,#4809,#4810,#4831));
#4808 = ORIENTED_EDGE('',*,*,#4782,.T.);
#4809 = ORIENTED_EDGE('',*,*,#3109,.T.);
#4810 = ORIENTED_EDGE('',*,*,#4811,.F.);
#4811 = EDGE_CURVE('',#1726,#3087,#4812,.T.);
#4812 = SURFACE_CURVE('',#4813,(#4817,#4824),.PCURVE_S1.);
#4813 = LINE('',#4814,#4815);
#4814 = CARTESIAN_POINT('',(36.939097888766,22.709747034052,
    1.000000018347E-07));
#4815 = VECTOR('',#4816,1.);
#4816 = DIRECTION('',(1.110223024625E-16,0.,1.));
#4817 = PCURVE('',#1770,#4818);
#4818 = DEFINITIONAL_REPRESENTATION('',(#4819),#4823);
#4819 = LINE('',#4820,#4821);
#4820 = CARTESIAN_POINT('',(-5.865112595698,0.));
#4821 = VECTOR('',#4822,1.);
#4822 = DIRECTION('',(-0.,-1.));
#4823 = ( GEOMETRIC_REPRESENTATION_CONTEXT(2) 
PARAMETRIC_REPRESENTATION_CONTEXT() REPRESENTATION_CONTEXT('2D SPACE',''
  ) );
#4824 = PCURVE('',#1741,#4825);
#4825 = DEFINITIONAL_REPRESENTATION('',(#4826),#4830);
#4826 = LINE('',#4827,#4828);
#4827 = CARTESIAN_POINT('',(12.536062956766,6.047671158157E-18));
#4828 = VECTOR('',#4829,1.);
#4829 = DIRECTION('',(0.,-1.));
#4830 = ( GEOMETRIC_REPRESENTATION_CONTEXT(2) 
PARAMETRIC_REPRESENTATION_CONTEXT() REPRESENTATION_CONTEXT('2D SPACE',''
  ) );
#4831 = ORIENTED_EDGE('',*,*,#1753,.F.);
#4832 = ADVANCED_FACE('',(#4833),#1741,.F.);
#4833 = FACE_BOUND('',#4834,.F.);
#4834 = EDGE_LOOP('',(#4835,#4856,#4857,#4858));
#4835 = ORIENTED_EDGE('',*,*,#4836,.T.);
#4836 = EDGE_CURVE('',#1698,#3064,#4837,.T.);
#4837 = SURFACE_CURVE('',#4838,(#4842,#4849),.PCURVE_S1.);
#4838 = LINE('',#4839,#4840);
#4839 = CARTESIAN_POINT('',(26.993570467915,15.078275434347,
    1.00000002945E-07));
#4840 = VECTOR('',#4841,1.);
#4841 = DIRECTION('',(1.110223024625E-16,0.,1.));
#4842 = PCURVE('',#1741,#4843);
#4843 = DEFINITIONAL_REPRESENTATION('',(#4844),#4848);
#4844 = LINE('',#4845,#4846);
#4845 = CARTESIAN_POINT('',(0.,0.));
#4846 = VECTOR('',#4847,1.);
#4847 = DIRECTION('',(0.,-1.));
#4848 = ( GEOMETRIC_REPRESENTATION_CONTEXT(2) 
PARAMETRIC_REPRESENTATION_CONTEXT() REPRESENTATION_CONTEXT('2D SPACE',''
  ) );
#4849 = PCURVE('',#1713,#4850);
#4850 = DEFINITIONAL_REPRESENTATION('',(#4851),#4855);
#4851 = LINE('',#4852,#4853);
#4852 = CARTESIAN_POINT('',(1.4,-9.462053369849E-17));
#4853 = VECTOR('',#4854,1.);
#4854 = DIRECTION('',(0.,-1.));
#4855 = ( GEOMETRIC_REPRESENTATION_CONTEXT(2) 
PARAMETRIC_REPRESENTATION_CONTEXT() REPRESENTATION_CONTEXT('2D SPACE',''
  ) );
#4856 = ORIENTED_EDGE('',*,*,#3086,.T.);
#4857 = ORIENTED_EDGE('',*,*,#4811,.F.);
#4858 = ORIENTED_EDGE('',*,*,#1725,.F.);
#4859 = ADVANCED_FACE('',(#4860),#1713,.F.);
#4860 = FACE_BOUND('',#4861,.F.);
#4861 = EDGE_LOOP('',(#4862,#4883,#4884,#4885));
#4862 = ORIENTED_EDGE('',*,*,#4863,.T.);
#4863 = EDGE_CURVE('',#1670,#3041,#4864,.T.);
#4864 = SURFACE_CURVE('',#4865,(#4869,#4876),.PCURVE_S1.);
#4865 = LINE('',#4866,#4867);
#4866 = CARTESIAN_POINT('',(26.141304467303,16.188970110755,
    1.00000002945E-07));
#4867 = VECTOR('',#4868,1.);
#4868 = DIRECTION('',(1.110223024625E-16,0.,1.));
#4869 = PCURVE('',#1713,#4870);
#4870 = DEFINITIONAL_REPRESENTATION('',(#4871),#4875);
#4871 = LINE('',#4872,#4873);
#4872 = CARTESIAN_POINT('',(0.,0.));
#4873 = VECTOR('',#4874,1.);
#4874 = DIRECTION('',(0.,-1.));
#4875 = ( GEOMETRIC_REPRESENTATION_CONTEXT(2) 
PARAMETRIC_REPRESENTATION_CONTEXT() REPRESENTATION_CONTEXT('2D SPACE',''
  ) );
#4876 = PCURVE('',#1685,#4877);
#4877 = DEFINITIONAL_REPRESENTATION('',(#4878),#4882);
#4878 = LINE('',#4879,#4880);
#4879 = CARTESIAN_POINT('',(11.71409279271,3.257556952825E-17));
#4880 = VECTOR('',#4881,1.);
#4881 = DIRECTION('',(0.,-1.));
#4882 = ( GEOMETRIC_REPRESENTATION_CONTEXT(2) 
PARAMETRIC_REPRESENTATION_CONTEXT() REPRESENTATION_CONTEXT('2D SPACE',''
  ) );
#4883 = ORIENTED_EDGE('',*,*,#3063,.T.);
#4884 = ORIENTED_EDGE('',*,*,#4836,.F.);
#4885 = ORIENTED_EDGE('',*,*,#1697,.F.);
#4886 = ADVANCED_FACE('',(#4887),#1685,.F.);
#4887 = FACE_BOUND('',#4888,.F.);
#4888 = EDGE_LOOP('',(#4889,#4910,#4911,#4912));
#4889 = ORIENTED_EDGE('',*,*,#4890,.T.);
#4890 = EDGE_CURVE('',#1641,#3017,#4891,.T.);
#4891 = SURFACE_CURVE('',#4892,(#4896,#4903),.PCURVE_S1.);
#4892 = LINE('',#4893,#4894);
#4893 = CARTESIAN_POINT('',(35.434719112881,23.320057978785,
    1.000000019458E-07));
#4894 = VECTOR('',#4895,1.);
#4895 = DIRECTION('',(1.110223024625E-16,0.,1.));
#4896 = PCURVE('',#1685,#4897);
#4897 = DEFINITIONAL_REPRESENTATION('',(#4898),#4902);
#4898 = LINE('',#4899,#4900);
#4899 = CARTESIAN_POINT('',(0.,0.));
#4900 = VECTOR('',#4901,1.);
#4901 = DIRECTION('',(0.,-1.));
#4902 = ( GEOMETRIC_REPRESENTATION_CONTEXT(2) 
PARAMETRIC_REPRESENTATION_CONTEXT() REPRESENTATION_CONTEXT('2D SPACE',''
  ) );
#4903 = PCURVE('',#1657,#4904);
#4904 = DEFINITIONAL_REPRESENTATION('',(#4905),#4909);
#4905 = LINE('',#4906,#4907);
#4906 = CARTESIAN_POINT('',(-5.930454757638,0.));
#4907 = VECTOR('',#4908,1.);
#4908 = DIRECTION('',(-0.,-1.));
#4909 = ( GEOMETRIC_REPRESENTATION_CONTEXT(2) 
PARAMETRIC_REPRESENTATION_CONTEXT() REPRESENTATION_CONTEXT('2D SPACE',''
  ) );
#4910 = ORIENTED_EDGE('',*,*,#3040,.T.);
#4911 = ORIENTED_EDGE('',*,*,#4863,.F.);
#4912 = ORIENTED_EDGE('',*,*,#1669,.F.);
#4913 = ADVANCED_FACE('',(#4914),#1657,.F.);
#4914 = FACE_BOUND('',#4915,.T.);
#4915 = EDGE_LOOP('',(#4916,#4917,#4918,#4939));
#4916 = ORIENTED_EDGE('',*,*,#4890,.T.);
#4917 = ORIENTED_EDGE('',*,*,#3016,.T.);
#4918 = ORIENTED_EDGE('',*,*,#4919,.F.);
#4919 = EDGE_CURVE('',#1613,#2994,#4920,.T.);
#4920 = SURFACE_CURVE('',#4921,(#4925,#4932),.PCURVE_S1.);
#4921 = LINE('',#4922,#4923);
#4922 = CARTESIAN_POINT('',(30.717605202135,24.547181827725,
    1.000000025009E-07));
#4923 = VECTOR('',#4924,1.);
#4924 = DIRECTION('',(1.110223024625E-16,0.,1.));
#4925 = PCURVE('',#1657,#4926);
#4926 = DEFINITIONAL_REPRESENTATION('',(#4927),#4931);
#4927 = LINE('',#4928,#4929);
#4928 = CARTESIAN_POINT('',(-6.126911983498,0.));
#4929 = VECTOR('',#4930,1.);
#4930 = DIRECTION('',(-0.,-1.));
#4931 = ( GEOMETRIC_REPRESENTATION_CONTEXT(2) 
PARAMETRIC_REPRESENTATION_CONTEXT() REPRESENTATION_CONTEXT('2D SPACE',''
  ) );
#4932 = PCURVE('',#1628,#4933);
#4933 = DEFINITIONAL_REPRESENTATION('',(#4934),#4938);
#4934 = LINE('',#4935,#4936);
#4935 = CARTESIAN_POINT('',(12.536062956767,4.091487152362E-17));
#4936 = VECTOR('',#4937,1.);
#4937 = DIRECTION('',(0.,-1.));
#4938 = ( GEOMETRIC_REPRESENTATION_CONTEXT(2) 
PARAMETRIC_REPRESENTATION_CONTEXT() REPRESENTATION_CONTEXT('2D SPACE',''
  ) );
#4939 = ORIENTED_EDGE('',*,*,#1640,.F.);
#4940 = ADVANCED_FACE('',(#4941),#1628,.F.);
#4941 = FACE_BOUND('',#4942,.F.);
#4942 = EDGE_LOOP('',(#4943,#4964,#4965,#4966));
#4943 = ORIENTED_EDGE('',*,*,#4944,.T.);
#4944 = EDGE_CURVE('',#1585,#2971,#4945,.T.);
#4945 = SURFACE_CURVE('',#4946,(#4950,#4957),.PCURVE_S1.);
#4946 = LINE('',#4947,#4948);
#4947 = CARTESIAN_POINT('',(23.086133602431,14.601654406873,
    1.000000033891E-07));
#4948 = VECTOR('',#4949,1.);
#4949 = DIRECTION('',(1.110223024625E-16,0.,1.));
#4950 = PCURVE('',#1628,#4951);
#4951 = DEFINITIONAL_REPRESENTATION('',(#4952),#4956);
#4952 = LINE('',#4953,#4954);
#4953 = CARTESIAN_POINT('',(0.,0.));
#4954 = VECTOR('',#4955,1.);
#4955 = DIRECTION('',(0.,-1.));
#4956 = ( GEOMETRIC_REPRESENTATION_CONTEXT(2) 
PARAMETRIC_REPRESENTATION_CONTEXT() REPRESENTATION_CONTEXT('2D SPACE',''
  ) );
#4957 = PCURVE('',#1600,#4958);
#4958 = DEFINITIONAL_REPRESENTATION('',(#4959),#4963);
#4959 = LINE('',#4960,#4961);
#4960 = CARTESIAN_POINT('',(1.4,-1.233118803076E-16));
#4961 = VECTOR('',#4962,1.);
#4962 = DIRECTION('',(0.,-1.));
#4963 = ( GEOMETRIC_REPRESENTATION_CONTEXT(2) 
PARAMETRIC_REPRESENTATION_CONTEXT() REPRESENTATION_CONTEXT('2D SPACE',''
  ) );
#4964 = ORIENTED_EDGE('',*,*,#2993,.T.);
#4965 = ORIENTED_EDGE('',*,*,#4919,.F.);
#4966 = ORIENTED_EDGE('',*,*,#1612,.F.);
#4967 = ADVANCED_FACE('',(#4968),#1600,.F.);
#4968 = FACE_BOUND('',#4969,.F.);
#4969 = EDGE_LOOP('',(#4970,#4991,#4992,#4993));
#4970 = ORIENTED_EDGE('',*,*,#4971,.T.);
#4971 = EDGE_CURVE('',#1557,#2948,#4972,.T.);
#4972 = SURFACE_CURVE('',#4973,(#4977,#4984),.PCURVE_S1.);
#4973 = LINE('',#4974,#4975);
#4974 = CARTESIAN_POINT('',(21.975438926023,15.453920407485,
    1.000000033891E-07));
#4975 = VECTOR('',#4976,1.);
#4976 = DIRECTION('',(1.110223024625E-16,0.,1.));
#4977 = PCURVE('',#1600,#4978);
#4978 = DEFINITIONAL_REPRESENTATION('',(#4979),#4983);
#4979 = LINE('',#4980,#4981);
#4980 = CARTESIAN_POINT('',(0.,0.));
#4981 = VECTOR('',#4982,1.);
#4982 = DIRECTION('',(0.,-1.));
#4983 = ( GEOMETRIC_REPRESENTATION_CONTEXT(2) 
PARAMETRIC_REPRESENTATION_CONTEXT() REPRESENTATION_CONTEXT('2D SPACE',''
  ) );
#4984 = PCURVE('',#1572,#4985);
#4985 = DEFINITIONAL_REPRESENTATION('',(#4986),#4990);
#4986 = LINE('',#4987,#4988);
#4987 = CARTESIAN_POINT('',(11.714092792709,1.255759793962E-16));
#4988 = VECTOR('',#4989,1.);
#4989 = DIRECTION('',(0.,-1.));
#4990 = ( GEOMETRIC_REPRESENTATION_CONTEXT(2) 
PARAMETRIC_REPRESENTATION_CONTEXT() REPRESENTATION_CONTEXT('2D SPACE',''
  ) );
#4991 = ORIENTED_EDGE('',*,*,#2970,.T.);
#4992 = ORIENTED_EDGE('',*,*,#4944,.F.);
#4993 = ORIENTED_EDGE('',*,*,#1584,.F.);
#4994 = ADVANCED_FACE('',(#4995),#1572,.F.);
#4995 = FACE_BOUND('',#4996,.F.);
#4996 = EDGE_LOOP('',(#4997,#5018,#5019,#5020));
#4997 = ORIENTED_EDGE('',*,*,#4998,.T.);
#4998 = EDGE_CURVE('',#1528,#2920,#4999,.T.);
#4999 = SURFACE_CURVE('',#5000,(#5004,#5011),.PCURVE_S1.);
#5000 = LINE('',#5001,#5002);
#5001 = CARTESIAN_POINT('',(29.106526794054,24.747335053062,
    1.000000027229E-07));
#5002 = VECTOR('',#5003,1.);
#5003 = DIRECTION('',(1.110223024625E-16,0.,1.));
#5004 = PCURVE('',#1572,#5005);
#5005 = DEFINITIONAL_REPRESENTATION('',(#5006),#5010);
#5006 = LINE('',#5007,#5008);
#5007 = CARTESIAN_POINT('',(0.,0.));
#5008 = VECTOR('',#5009,1.);
#5009 = DIRECTION('',(0.,-1.));
#5010 = ( GEOMETRIC_REPRESENTATION_CONTEXT(2) 
PARAMETRIC_REPRESENTATION_CONTEXT() REPRESENTATION_CONTEXT('2D SPACE',''
  ) );
#5011 = PCURVE('',#1544,#5012);
#5012 = DEFINITIONAL_REPRESENTATION('',(#5013),#5017);
#5013 = LINE('',#5014,#5015);
#5014 = CARTESIAN_POINT('',(-6.192254145437,0.));
#5015 = VECTOR('',#5016,1.);
#5016 = DIRECTION('',(-0.,-1.));
#5017 = ( GEOMETRIC_REPRESENTATION_CONTEXT(2) 
PARAMETRIC_REPRESENTATION_CONTEXT() REPRESENTATION_CONTEXT('2D SPACE',''
  ) );
#5018 = ORIENTED_EDGE('',*,*,#2947,.T.);
#5019 = ORIENTED_EDGE('',*,*,#4971,.F.);
#5020 = ORIENTED_EDGE('',*,*,#1556,.F.);
#5021 = ADVANCED_FACE('',(#5022),#1544,.F.);
#5022 = FACE_BOUND('',#5023,.T.);
#5023 = EDGE_LOOP('',(#5024,#5045,#5046,#5047));
#5024 = ORIENTED_EDGE('',*,*,#5025,.F.);
#5025 = EDGE_CURVE('',#1500,#2897,#5026,.T.);
#5026 = SURFACE_CURVE('',#5027,(#5031,#5038),.PCURVE_S1.);
#5027 = LINE('',#5028,#5029);
#5028 = CARTESIAN_POINT('',(24.232541619312,24.711766752789,
    1.00000003167E-07));
#5029 = VECTOR('',#5030,1.);
#5030 = DIRECTION('',(1.110223024625E-16,0.,1.));
#5031 = PCURVE('',#1544,#5032);
#5032 = DEFINITIONAL_REPRESENTATION('',(#5033),#5037);
#5033 = LINE('',#5034,#5035);
#5034 = CARTESIAN_POINT('',(-6.388711371297,0.));
#5035 = VECTOR('',#5036,1.);
#5036 = DIRECTION('',(-0.,-1.));
#5037 = ( GEOMETRIC_REPRESENTATION_CONTEXT(2) 
PARAMETRIC_REPRESENTATION_CONTEXT() REPRESENTATION_CONTEXT('2D SPACE',''
  ) );
#5038 = PCURVE('',#1515,#5039);
#5039 = DEFINITIONAL_REPRESENTATION('',(#5040),#5044);
#5040 = LINE('',#5041,#5042);
#5041 = CARTESIAN_POINT('',(12.536062956767,1.335216825282E-16));
#5042 = VECTOR('',#5043,1.);
#5043 = DIRECTION('',(0.,-1.));
#5044 = ( GEOMETRIC_REPRESENTATION_CONTEXT(2) 
PARAMETRIC_REPRESENTATION_CONTEXT() REPRESENTATION_CONTEXT('2D SPACE',''
  ) );
#5045 = ORIENTED_EDGE('',*,*,#1527,.F.);
#5046 = ORIENTED_EDGE('',*,*,#4998,.T.);
#5047 = ORIENTED_EDGE('',*,*,#2919,.F.);
#5048 = ADVANCED_FACE('',(#5049),#1515,.F.);
#5049 = FACE_BOUND('',#5050,.F.);
#5050 = EDGE_LOOP('',(#5051,#5072,#5073,#5074));
#5051 = ORIENTED_EDGE('',*,*,#5052,.T.);
#5052 = EDGE_CURVE('',#1472,#2874,#5053,.T.);
#5053 = SURFACE_CURVE('',#5054,(#5058,#5065),.PCURVE_S1.);
#5054 = LINE('',#5055,#5056);
#5055 = CARTESIAN_POINT('',(19.435198018672,13.129954768759,
    1.000000038331E-07));
#5056 = VECTOR('',#5057,1.);
#5057 = DIRECTION('',(1.110223024625E-16,0.,1.));
#5058 = PCURVE('',#1515,#5059);
#5059 = DEFINITIONAL_REPRESENTATION('',(#5060),#5064);
#5060 = LINE('',#5061,#5062);
#5061 = CARTESIAN_POINT('',(0.,0.));
#5062 = VECTOR('',#5063,1.);
#5063 = DIRECTION('',(0.,-1.));
#5064 = ( GEOMETRIC_REPRESENTATION_CONTEXT(2) 
PARAMETRIC_REPRESENTATION_CONTEXT() REPRESENTATION_CONTEXT('2D SPACE',''
  ) );
#5065 = PCURVE('',#1487,#5066);
#5066 = DEFINITIONAL_REPRESENTATION('',(#5067),#5071);
#5067 = LINE('',#5068,#5069);
#5068 = CARTESIAN_POINT('',(1.4,-1.435997260564E-16));
#5069 = VECTOR('',#5070,1.);
#5070 = DIRECTION('',(0.,-1.));
#5071 = ( GEOMETRIC_REPRESENTATION_CONTEXT(2) 
PARAMETRIC_REPRESENTATION_CONTEXT() REPRESENTATION_CONTEXT('2D SPACE',''
  ) );
#5072 = ORIENTED_EDGE('',*,*,#2896,.T.);
#5073 = ORIENTED_EDGE('',*,*,#5025,.F.);
#5074 = ORIENTED_EDGE('',*,*,#1499,.F.);
#5075 = ADVANCED_FACE('',(#5076),#1487,.F.);
#5076 = FACE_BOUND('',#5077,.F.);
#5077 = EDGE_LOOP('',(#5078,#5099,#5100,#5101));
#5078 = ORIENTED_EDGE('',*,*,#5079,.T.);
#5079 = EDGE_CURVE('',#1444,#2851,#5080,.T.);
#5080 = SURFACE_CURVE('',#5081,(#5085,#5092),.PCURVE_S1.);
#5081 = LINE('',#5082,#5083);
#5082 = CARTESIAN_POINT('',(18.141766673156,13.66571157407,
    1.000000038331E-07));
#5083 = VECTOR('',#5084,1.);
#5084 = DIRECTION('',(1.110223024625E-16,0.,1.));
#5085 = PCURVE('',#1487,#5086);
#5086 = DEFINITIONAL_REPRESENTATION('',(#5087),#5091);
#5087 = LINE('',#5088,#5089);
#5088 = CARTESIAN_POINT('',(0.,0.));
#5089 = VECTOR('',#5090,1.);
#5090 = DIRECTION('',(0.,-1.));
#5091 = ( GEOMETRIC_REPRESENTATION_CONTEXT(2) 
PARAMETRIC_REPRESENTATION_CONTEXT() REPRESENTATION_CONTEXT('2D SPACE',''
  ) );
#5092 = PCURVE('',#1459,#5093);
#5093 = DEFINITIONAL_REPRESENTATION('',(#5094),#5098);
#5094 = LINE('',#5095,#5096);
#5095 = CARTESIAN_POINT('',(11.714092792708,5.360037269106E-17));
#5096 = VECTOR('',#5097,1.);
#5097 = DIRECTION('',(0.,-1.));
#5098 = ( GEOMETRIC_REPRESENTATION_CONTEXT(2) 
PARAMETRIC_REPRESENTATION_CONTEXT() REPRESENTATION_CONTEXT('2D SPACE',''
  ) );
#5099 = ORIENTED_EDGE('',*,*,#2873,.T.);
#5100 = ORIENTED_EDGE('',*,*,#5052,.F.);
#5101 = ORIENTED_EDGE('',*,*,#1471,.F.);
#5102 = ADVANCED_FACE('',(#5103),#1459,.F.);
#5103 = FACE_BOUND('',#5104,.F.);
#5104 = EDGE_LOOP('',(#5105,#5126,#5127,#5128));
#5105 = ORIENTED_EDGE('',*,*,#5106,.T.);
#5106 = EDGE_CURVE('',#1415,#2827,#5107,.T.);
#5107 = SURFACE_CURVE('',#5108,(#5112,#5119),.PCURVE_S1.);
#5108 = LINE('',#5109,#5110);
#5109 = CARTESIAN_POINT('',(22.624555910112,24.488122147191,
    1.000000033891E-07));
#5110 = VECTOR('',#5111,1.);
#5111 = DIRECTION('',(1.110223024625E-16,0.,1.));
#5112 = PCURVE('',#1459,#5113);
#5113 = DEFINITIONAL_REPRESENTATION('',(#5114),#5118);
#5114 = LINE('',#5115,#5116);
#5115 = CARTESIAN_POINT('',(0.,0.));
#5116 = VECTOR('',#5117,1.);
#5117 = DIRECTION('',(0.,-1.));
#5118 = ( GEOMETRIC_REPRESENTATION_CONTEXT(2) 
PARAMETRIC_REPRESENTATION_CONTEXT() REPRESENTATION_CONTEXT('2D SPACE',''
  ) );
#5119 = PCURVE('',#1431,#5120);
#5120 = DEFINITIONAL_REPRESENTATION('',(#5121),#5125);
#5121 = LINE('',#5122,#5123);
#5122 = CARTESIAN_POINT('',(-0.170868226057,0.));
#5123 = VECTOR('',#5124,1.);
#5124 = DIRECTION('',(-0.,-1.));
#5125 = ( GEOMETRIC_REPRESENTATION_CONTEXT(2) 
PARAMETRIC_REPRESENTATION_CONTEXT() REPRESENTATION_CONTEXT('2D SPACE',''
  ) );
#5126 = ORIENTED_EDGE('',*,*,#2850,.T.);
#5127 = ORIENTED_EDGE('',*,*,#5079,.F.);
#5128 = ORIENTED_EDGE('',*,*,#1443,.F.);
#5129 = ADVANCED_FACE('',(#5130),#1431,.F.);
#5130 = FACE_BOUND('',#5131,.T.);
#5131 = EDGE_LOOP('',(#5132,#5133,#5134,#5155));
#5132 = ORIENTED_EDGE('',*,*,#5106,.T.);
#5133 = ORIENTED_EDGE('',*,*,#2826,.T.);
#5134 = ORIENTED_EDGE('',*,*,#5135,.F.);
#5135 = EDGE_CURVE('',#1387,#2804,#5136,.T.);
#5136 = SURFACE_CURVE('',#5137,(#5141,#5148),.PCURVE_S1.);
#5137 = LINE('',#5138,#5139);
#5138 = CARTESIAN_POINT('',(17.925853506393,23.192285618591,
    1.000000038331E-07));
#5139 = VECTOR('',#5140,1.);
#5140 = DIRECTION('',(1.110223024625E-16,0.,1.));
#5141 = PCURVE('',#1431,#5142);
#5142 = DEFINITIONAL_REPRESENTATION('',(#5143),#5147);
#5143 = LINE('',#5144,#5145);
#5144 = CARTESIAN_POINT('',(-0.367325451916,0.));
#5145 = VECTOR('',#5146,1.);
#5146 = DIRECTION('',(-0.,-1.));
#5147 = ( GEOMETRIC_REPRESENTATION_CONTEXT(2) 
PARAMETRIC_REPRESENTATION_CONTEXT() REPRESENTATION_CONTEXT('2D SPACE',''
  ) );
#5148 = PCURVE('',#1402,#5149);
#5149 = DEFINITIONAL_REPRESENTATION('',(#5150),#5154);
#5150 = LINE('',#5151,#5152);
#5151 = CARTESIAN_POINT('',(12.536062956767,4.038052523718E-17));
#5152 = VECTOR('',#5153,1.);
#5153 = DIRECTION('',(0.,-1.));
#5154 = ( GEOMETRIC_REPRESENTATION_CONTEXT(2) 
PARAMETRIC_REPRESENTATION_CONTEXT() REPRESENTATION_CONTEXT('2D SPACE',''
  ) );
#5155 = ORIENTED_EDGE('',*,*,#1414,.F.);
#5156 = ADVANCED_FACE('',(#5157),#1402,.F.);
#5157 = FACE_BOUND('',#5158,.F.);
#5158 = EDGE_LOOP('',(#5159,#5180,#5181,#5182));
#5159 = ORIENTED_EDGE('',*,*,#5160,.T.);
#5160 = EDGE_CURVE('',#1359,#2781,#5161,.T.);
#5161 = SURFACE_CURVE('',#5162,(#5166,#5173),.PCURVE_S1.);
#5162 = LINE('',#5163,#5164);
#5163 = CARTESIAN_POINT('',(16.289568943215,10.763470418245,
    1.000000040552E-07));
#5164 = VECTOR('',#5165,1.);
#5165 = DIRECTION('',(1.110223024625E-16,0.,1.));
#5166 = PCURVE('',#1402,#5167);
#5167 = DEFINITIONAL_REPRESENTATION('',(#5168),#5172);
#5168 = LINE('',#5169,#5170);
#5169 = CARTESIAN_POINT('',(0.,0.));
#5170 = VECTOR('',#5171,1.);
#5171 = DIRECTION('',(0.,-1.));
#5172 = ( GEOMETRIC_REPRESENTATION_CONTEXT(2) 
PARAMETRIC_REPRESENTATION_CONTEXT() REPRESENTATION_CONTEXT('2D SPACE',''
  ) );
#5173 = PCURVE('',#1374,#5174);
#5174 = DEFINITIONAL_REPRESENTATION('',(#5175),#5179);
#5175 = LINE('',#5176,#5177);
#5176 = CARTESIAN_POINT('',(1.4,6.794311714094E-17));
#5177 = VECTOR('',#5178,1.);
#5178 = DIRECTION('',(0.,-1.));
#5179 = ( GEOMETRIC_REPRESENTATION_CONTEXT(2) 
PARAMETRIC_REPRESENTATION_CONTEXT() REPRESENTATION_CONTEXT('2D SPACE',''
  ) );
#5180 = ORIENTED_EDGE('',*,*,#2803,.T.);
#5181 = ORIENTED_EDGE('',*,*,#5135,.F.);
#5182 = ORIENTED_EDGE('',*,*,#1386,.F.);
#5183 = ADVANCED_FACE('',(#5184),#1374,.F.);
#5184 = FACE_BOUND('',#5185,.F.);
#5185 = EDGE_LOOP('',(#5186,#5207,#5208,#5209));
#5186 = ORIENTED_EDGE('',*,*,#5187,.T.);
#5187 = EDGE_CURVE('',#1331,#2758,#5188,.T.);
#5188 = SURFACE_CURVE('',#5189,(#5193,#5200),.PCURVE_S1.);
#5189 = LINE('',#5190,#5191);
#5190 = CARTESIAN_POINT('',(14.901546137292,10.946207087353,
    1.000000042772E-07));
#5191 = VECTOR('',#5192,1.);
#5192 = DIRECTION('',(1.110223024625E-16,0.,1.));
#5193 = PCURVE('',#1374,#5194);
#5194 = DEFINITIONAL_REPRESENTATION('',(#5195),#5199);
#5195 = LINE('',#5196,#5197);
#5196 = CARTESIAN_POINT('',(0.,0.));
#5197 = VECTOR('',#5198,1.);
#5198 = DIRECTION('',(0.,-1.));
#5199 = ( GEOMETRIC_REPRESENTATION_CONTEXT(2) 
PARAMETRIC_REPRESENTATION_CONTEXT() REPRESENTATION_CONTEXT('2D SPACE',''
  ) );
#5200 = PCURVE('',#1346,#5201);
#5201 = DEFINITIONAL_REPRESENTATION('',(#5202),#5206);
#5202 = LINE('',#5203,#5204);
#5203 = CARTESIAN_POINT('',(11.714092792709,-5.229195659322E-17));
#5204 = VECTOR('',#5205,1.);
#5205 = DIRECTION('',(0.,-1.));
#5206 = ( GEOMETRIC_REPRESENTATION_CONTEXT(2) 
PARAMETRIC_REPRESENTATION_CONTEXT() REPRESENTATION_CONTEXT('2D SPACE',''
  ) );
#5207 = ORIENTED_EDGE('',*,*,#2780,.T.);
#5208 = ORIENTED_EDGE('',*,*,#5160,.F.);
#5209 = ORIENTED_EDGE('',*,*,#1358,.F.);
#5210 = ADVANCED_FACE('',(#5211),#1346,.F.);
#5211 = FACE_BOUND('',#5212,.F.);
#5212 = EDGE_LOOP('',(#5213,#5234,#5235,#5236));
#5213 = ORIENTED_EDGE('',*,*,#5214,.T.);
#5214 = EDGE_CURVE('',#1302,#2734,#5215,.T.);
#5215 = SURFACE_CURVE('',#5216,(#5220,#5227),.PCURVE_S1.);
#5216 = LINE('',#5217,#5218);
#5217 = CARTESIAN_POINT('',(16.430542064837,22.56008419234,
    1.000000040552E-07));
#5218 = VECTOR('',#5219,1.);
#5219 = DIRECTION('',(1.110223024625E-16,0.,1.));
#5220 = PCURVE('',#1346,#5221);
#5221 = DEFINITIONAL_REPRESENTATION('',(#5222),#5226);
#5222 = LINE('',#5223,#5224);
#5223 = CARTESIAN_POINT('',(0.,0.));
#5224 = VECTOR('',#5225,1.);
#5225 = DIRECTION('',(0.,-1.));
#5226 = ( GEOMETRIC_REPRESENTATION_CONTEXT(2) 
PARAMETRIC_REPRESENTATION_CONTEXT() REPRESENTATION_CONTEXT('2D SPACE',''
  ) );
#5227 = PCURVE('',#1318,#5228);
#5228 = DEFINITIONAL_REPRESENTATION('',(#5229),#5233);
#5229 = LINE('',#5230,#5231);
#5230 = CARTESIAN_POINT('',(-0.432667613856,0.));
#5231 = VECTOR('',#5232,1.);
#5232 = DIRECTION('',(-0.,-1.));
#5233 = ( GEOMETRIC_REPRESENTATION_CONTEXT(2) 
PARAMETRIC_REPRESENTATION_CONTEXT() REPRESENTATION_CONTEXT('2D SPACE',''
  ) );
#5234 = ORIENTED_EDGE('',*,*,#2757,.T.);
#5235 = ORIENTED_EDGE('',*,*,#5187,.F.);
#5236 = ORIENTED_EDGE('',*,*,#1330,.F.);
#5237 = ADVANCED_FACE('',(#5238),#1318,.F.);
#5238 = FACE_BOUND('',#5239,.T.);
#5239 = EDGE_LOOP('',(#5240,#5241,#5242,#5263));
#5240 = ORIENTED_EDGE('',*,*,#5214,.T.);
#5241 = ORIENTED_EDGE('',*,*,#2733,.T.);
#5242 = ORIENTED_EDGE('',*,*,#5243,.F.);
#5243 = EDGE_CURVE('',#1274,#2711,#5244,.T.);
#5244 = SURFACE_CURVE('',#5245,(#5249,#5256),.PCURVE_S1.);
#5245 = LINE('',#5246,#5247);
#5246 = CARTESIAN_POINT('',(12.227331235979,20.092288553364,
    1.000000044993E-07));
#5247 = VECTOR('',#5248,1.);
#5248 = DIRECTION('',(1.110223024625E-16,0.,1.));
#5249 = PCURVE('',#1318,#5250);
#5250 = DEFINITIONAL_REPRESENTATION('',(#5251),#5255);
#5251 = LINE('',#5252,#5253);
#5252 = CARTESIAN_POINT('',(-0.629124839715,0.));
#5253 = VECTOR('',#5254,1.);
#5254 = DIRECTION('',(-0.,-1.));
#5255 = ( GEOMETRIC_REPRESENTATION_CONTEXT(2) 
PARAMETRIC_REPRESENTATION_CONTEXT() REPRESENTATION_CONTEXT('2D SPACE',''
  ) );
#5256 = PCURVE('',#1289,#5257);
#5257 = DEFINITIONAL_REPRESENTATION('',(#5258),#5262);
#5258 = LINE('',#5259,#5260);
#5259 = CARTESIAN_POINT('',(12.536062956766,-4.038052523719E-17));
#5260 = VECTOR('',#5261,1.);
#5261 = DIRECTION('',(0.,-1.));
#5262 = ( GEOMETRIC_REPRESENTATION_CONTEXT(2) 
PARAMETRIC_REPRESENTATION_CONTEXT() REPRESENTATION_CONTEXT('2D SPACE',''
  ) );
#5263 = ORIENTED_EDGE('',*,*,#1301,.F.);
#5264 = ADVANCED_FACE('',(#5265),#1289,.F.);
#5265 = FACE_BOUND('',#5266,.F.);
#5266 = EDGE_LOOP('',(#5267,#5288,#5289,#5290));
#5267 = ORIENTED_EDGE('',*,*,#5268,.T.);
#5268 = EDGE_CURVE('',#1246,#2688,#5269,.T.);
#5269 = SURFACE_CURVE('',#5270,(#5274,#5281),.PCURVE_S1.);
#5270 = LINE('',#5271,#5272);
#5271 = CARTESIAN_POINT('',(13.863615799157,7.663473353019,
    1.000000042772E-07));
#5272 = VECTOR('',#5273,1.);
#5273 = DIRECTION('',(1.110223024625E-16,0.,1.));
#5274 = PCURVE('',#1289,#5275);
#5275 = DEFINITIONAL_REPRESENTATION('',(#5276),#5280);
#5276 = LINE('',#5277,#5278);
#5277 = CARTESIAN_POINT('',(0.,0.));
#5278 = VECTOR('',#5279,1.);
#5279 = DIRECTION('',(0.,-1.));
#5280 = ( GEOMETRIC_REPRESENTATION_CONTEXT(2) 
PARAMETRIC_REPRESENTATION_CONTEXT() REPRESENTATION_CONTEXT('2D SPACE',''
  ) );
#5281 = PCURVE('',#1261,#5282);
#5282 = DEFINITIONAL_REPRESENTATION('',(#5283),#5287);
#5283 = LINE('',#5284,#5285);
#5284 = CARTESIAN_POINT('',(1.4,6.794311714094E-17));
#5285 = VECTOR('',#5286,1.);
#5286 = DIRECTION('',(0.,-1.));
#5287 = ( GEOMETRIC_REPRESENTATION_CONTEXT(2) 
PARAMETRIC_REPRESENTATION_CONTEXT() REPRESENTATION_CONTEXT('2D SPACE',''
  ) );
#5288 = ORIENTED_EDGE('',*,*,#2710,.T.);
#5289 = ORIENTED_EDGE('',*,*,#5243,.F.);
#5290 = ORIENTED_EDGE('',*,*,#1273,.F.);
#5291 = ADVANCED_FACE('',(#5292),#1261,.F.);
#5292 = FACE_BOUND('',#5293,.F.);
#5293 = EDGE_LOOP('',(#5294,#5315,#5316,#5317));
#5294 = ORIENTED_EDGE('',*,*,#5295,.T.);
#5295 = EDGE_CURVE('',#1218,#2665,#5296,.T.);
#5296 = SURFACE_CURVE('',#5297,(#5301,#5308),.PCURVE_S1.);
#5297 = LINE('',#5298,#5299);
#5298 = CARTESIAN_POINT('',(12.475592993233,7.480736683911,
    1.000000044993E-07));
#5299 = VECTOR('',#5300,1.);
#5300 = DIRECTION('',(1.110223024625E-16,0.,1.));
#5301 = PCURVE('',#1261,#5302);
#5302 = DEFINITIONAL_REPRESENTATION('',(#5303),#5307);
#5303 = LINE('',#5304,#5305);
#5304 = CARTESIAN_POINT('',(0.,0.));
#5305 = VECTOR('',#5306,1.);
#5306 = DIRECTION('',(0.,-1.));
#5307 = ( GEOMETRIC_REPRESENTATION_CONTEXT(2) 
PARAMETRIC_REPRESENTATION_CONTEXT() REPRESENTATION_CONTEXT('2D SPACE',''
  ) );
#5308 = PCURVE('',#1233,#5309);
#5309 = DEFINITIONAL_REPRESENTATION('',(#5310),#5314);
#5310 = LINE('',#5311,#5312);
#5311 = CARTESIAN_POINT('',(11.714092792709,5.229195659322E-17));
#5312 = VECTOR('',#5313,1.);
#5313 = DIRECTION('',(0.,-1.));
#5314 = ( GEOMETRIC_REPRESENTATION_CONTEXT(2) 
PARAMETRIC_REPRESENTATION_CONTEXT() REPRESENTATION_CONTEXT('2D SPACE',''
  ) );
#5315 = ORIENTED_EDGE('',*,*,#2687,.T.);
#5316 = ORIENTED_EDGE('',*,*,#5268,.F.);
#5317 = ORIENTED_EDGE('',*,*,#1245,.F.);
#5318 = ADVANCED_FACE('',(#5319),#1233,.F.);
#5319 = FACE_BOUND('',#5320,.F.);
#5320 = EDGE_LOOP('',(#5321,#5342,#5343,#5344));
#5321 = ORIENTED_EDGE('',*,*,#5322,.T.);
#5322 = EDGE_CURVE('',#1189,#2641,#5323,.T.);
#5323 = SURFACE_CURVE('',#5324,(#5328,#5335),.PCURVE_S1.);
#5324 = LINE('',#5325,#5326);
#5325 = CARTESIAN_POINT('',(10.946597065689,19.094613788898,
    1.000000047213E-07));
#5326 = VECTOR('',#5327,1.);
#5327 = DIRECTION('',(1.110223024625E-16,0.,1.));
#5328 = PCURVE('',#1233,#5329);
#5329 = DEFINITIONAL_REPRESENTATION('',(#5330),#5334);
#5330 = LINE('',#5331,#5332);
#5331 = CARTESIAN_POINT('',(0.,0.));
#5332 = VECTOR('',#5333,1.);
#5333 = DIRECTION('',(0.,-1.));
#5334 = ( GEOMETRIC_REPRESENTATION_CONTEXT(2) 
PARAMETRIC_REPRESENTATION_CONTEXT() REPRESENTATION_CONTEXT('2D SPACE',''
  ) );
#5335 = PCURVE('',#1205,#5336);
#5336 = DEFINITIONAL_REPRESENTATION('',(#5337),#5341);
#5337 = LINE('',#5338,#5339);
#5338 = CARTESIAN_POINT('',(-0.694467001655,0.));
#5339 = VECTOR('',#5340,1.);
#5340 = DIRECTION('',(-0.,-1.));
#5341 = ( GEOMETRIC_REPRESENTATION_CONTEXT(2) 
PARAMETRIC_REPRESENTATION_CONTEXT() REPRESENTATION_CONTEXT('2D SPACE',''
  ) );
#5342 = ORIENTED_EDGE('',*,*,#2664,.T.);
#5343 = ORIENTED_EDGE('',*,*,#5295,.F.);
#5344 = ORIENTED_EDGE('',*,*,#1217,.F.);
#5345 = ADVANCED_FACE('',(#5346),#1205,.F.);
#5346 = FACE_BOUND('',#5347,.T.);
#5347 = EDGE_LOOP('',(#5348,#5349,#5350,#5371));
#5348 = ORIENTED_EDGE('',*,*,#5322,.T.);
#5349 = ORIENTED_EDGE('',*,*,#2640,.T.);
#5350 = ORIENTED_EDGE('',*,*,#5351,.F.);
#5351 = EDGE_CURVE('',#1161,#2618,#5352,.T.);
#5352 = SURFACE_CURVE('',#5353,(#5357,#5364),.PCURVE_S1.);
#5353 = LINE('',#5354,#5355);
#5354 = CARTESIAN_POINT('',(7.525319683545,15.623035234117,
    1.000000051654E-07));
#5355 = VECTOR('',#5356,1.);
#5356 = DIRECTION('',(1.110223024625E-16,0.,1.));
#5357 = PCURVE('',#1205,#5358);
#5358 = DEFINITIONAL_REPRESENTATION('',(#5359),#5363);
#5359 = LINE('',#5360,#5361);
#5360 = CARTESIAN_POINT('',(-0.890924227515,0.));
#5361 = VECTOR('',#5362,1.);
#5362 = DIRECTION('',(-0.,-1.));
#5363 = ( GEOMETRIC_REPRESENTATION_CONTEXT(2) 
PARAMETRIC_REPRESENTATION_CONTEXT() REPRESENTATION_CONTEXT('2D SPACE',''
  ) );
#5364 = PCURVE('',#1176,#5365);
#5365 = DEFINITIONAL_REPRESENTATION('',(#5366),#5370);
#5366 = LINE('',#5367,#5368);
#5367 = CARTESIAN_POINT('',(12.536062956766,-1.335216825282E-16));
#5368 = VECTOR('',#5369,1.);
#5369 = DIRECTION('',(0.,-1.));
#5370 = ( GEOMETRIC_REPRESENTATION_CONTEXT(2) 
PARAMETRIC_REPRESENTATION_CONTEXT() REPRESENTATION_CONTEXT('2D SPACE',''
  ) );
#5371 = ORIENTED_EDGE('',*,*,#1188,.F.);
#5372 = ADVANCED_FACE('',(#5373),#1176,.F.);
#5373 = FACE_BOUND('',#5374,.F.);
#5374 = EDGE_LOOP('',(#5375,#5396,#5397,#5398));
#5375 = ORIENTED_EDGE('',*,*,#5376,.T.);
#5376 = EDGE_CURVE('',#1133,#2595,#5377,.T.);
#5377 = SURFACE_CURVE('',#5378,(#5382,#5389),.PCURVE_S1.);
#5378 = LINE('',#5379,#5380);
#5379 = CARTESIAN_POINT('',(12.322663284185,4.041223250088,
    1.000000044993E-07));
#5380 = VECTOR('',#5381,1.);
#5381 = DIRECTION('',(1.110223024625E-16,0.,1.));
#5382 = PCURVE('',#1176,#5383);
#5383 = DEFINITIONAL_REPRESENTATION('',(#5384),#5388);
#5384 = LINE('',#5385,#5386);
#5385 = CARTESIAN_POINT('',(0.,0.));
#5386 = VECTOR('',#5387,1.);
#5387 = DIRECTION('',(0.,-1.));
#5388 = ( GEOMETRIC_REPRESENTATION_CONTEXT(2) 
PARAMETRIC_REPRESENTATION_CONTEXT() REPRESENTATION_CONTEXT('2D SPACE',''
  ) );
#5389 = PCURVE('',#1148,#5390);
#5390 = DEFINITIONAL_REPRESENTATION('',(#5391),#5395);
#5391 = LINE('',#5392,#5393);
#5392 = CARTESIAN_POINT('',(1.4,7.844487886868E-17));
#5393 = VECTOR('',#5394,1.);
#5394 = DIRECTION('',(0.,-1.));
#5395 = ( GEOMETRIC_REPRESENTATION_CONTEXT(2) 
PARAMETRIC_REPRESENTATION_CONTEXT() REPRESENTATION_CONTEXT('2D SPACE',''
  ) );
#5396 = ORIENTED_EDGE('',*,*,#2617,.T.);
#5397 = ORIENTED_EDGE('',*,*,#5351,.F.);
#5398 = ORIENTED_EDGE('',*,*,#1160,.F.);
#5399 = ADVANCED_FACE('',(#5400),#1148,.F.);
#5400 = FACE_BOUND('',#5401,.F.);
#5401 = EDGE_LOOP('',(#5402,#5423,#5424,#5425));
#5402 = ORIENTED_EDGE('',*,*,#5403,.T.);
#5403 = EDGE_CURVE('',#1105,#2572,#5404,.T.);
#5404 = SURFACE_CURVE('',#5405,(#5409,#5416),.PCURVE_S1.);
#5405 = LINE('',#5406,#5407);
#5406 = CARTESIAN_POINT('',(11.029231938669,3.505466444777,
    1.000000047213E-07));
#5407 = VECTOR('',#5408,1.);
#5408 = DIRECTION('',(1.110223024625E-16,0.,1.));
#5409 = PCURVE('',#1148,#5410);
#5410 = DEFINITIONAL_REPRESENTATION('',(#5411),#5415);
#5411 = LINE('',#5412,#5413);
#5412 = CARTESIAN_POINT('',(0.,0.));
#5413 = VECTOR('',#5414,1.);
#5414 = DIRECTION('',(0.,-1.));
#5415 = ( GEOMETRIC_REPRESENTATION_CONTEXT(2) 
PARAMETRIC_REPRESENTATION_CONTEXT() REPRESENTATION_CONTEXT('2D SPACE',''
  ) );
#5416 = PCURVE('',#1120,#5417);
#5417 = DEFINITIONAL_REPRESENTATION('',(#5418),#5422);
#5418 = LINE('',#5419,#5420);
#5419 = CARTESIAN_POINT('',(11.714092792708,-5.360037269106E-17));
#5420 = VECTOR('',#5421,1.);
#5421 = DIRECTION('',(0.,-1.));
#5422 = ( GEOMETRIC_REPRESENTATION_CONTEXT(2) 
PARAMETRIC_REPRESENTATION_CONTEXT() REPRESENTATION_CONTEXT('2D SPACE',''
  ) );
#5423 = ORIENTED_EDGE('',*,*,#2594,.T.);
#5424 = ORIENTED_EDGE('',*,*,#5376,.F.);
#5425 = ORIENTED_EDGE('',*,*,#1132,.F.);
#5426 = ADVANCED_FACE('',(#5427),#1120,.F.);
#5427 = FACE_BOUND('',#5428,.F.);
#5428 = EDGE_LOOP('',(#5429,#5450,#5451,#5452));
#5429 = ORIENTED_EDGE('',*,*,#5430,.T.);
#5430 = EDGE_CURVE('',#1076,#2548,#5431,.T.);
#5431 = SURFACE_CURVE('',#5432,(#5436,#5443),.PCURVE_S1.);
#5432 = LINE('',#5433,#5434);
#5433 = CARTESIAN_POINT('',(6.546442701712,14.327877017898,
    1.000000051654E-07));
#5434 = VECTOR('',#5435,1.);
#5435 = DIRECTION('',(1.110223024625E-16,0.,1.));
#5436 = PCURVE('',#1120,#5437);
#5437 = DEFINITIONAL_REPRESENTATION('',(#5438),#5442);
#5438 = LINE('',#5439,#5440);
#5439 = CARTESIAN_POINT('',(0.,0.));
#5440 = VECTOR('',#5441,1.);
#5441 = DIRECTION('',(0.,-1.));
#5442 = ( GEOMETRIC_REPRESENTATION_CONTEXT(2) 
PARAMETRIC_REPRESENTATION_CONTEXT() REPRESENTATION_CONTEXT('2D SPACE',''
  ) );
#5443 = PCURVE('',#1092,#5444);
#5444 = DEFINITIONAL_REPRESENTATION('',(#5445),#5449);
#5445 = LINE('',#5446,#5447);
#5446 = CARTESIAN_POINT('',(-0.956266389454,0.));
#5447 = VECTOR('',#5448,1.);
#5448 = DIRECTION('',(-0.,-1.));
#5449 = ( GEOMETRIC_REPRESENTATION_CONTEXT(2) 
PARAMETRIC_REPRESENTATION_CONTEXT() REPRESENTATION_CONTEXT('2D SPACE',''
  ) );
#5450 = ORIENTED_EDGE('',*,*,#2571,.T.);
#5451 = ORIENTED_EDGE('',*,*,#5403,.F.);
#5452 = ORIENTED_EDGE('',*,*,#1104,.F.);
#5453 = ADVANCED_FACE('',(#5454),#1092,.F.);
#5454 = FACE_BOUND('',#5455,.T.);
#5455 = EDGE_LOOP('',(#5456,#5457,#5458,#5479));
#5456 = ORIENTED_EDGE('',*,*,#5430,.T.);
#5457 = ORIENTED_EDGE('',*,*,#2547,.T.);
#5458 = ORIENTED_EDGE('',*,*,#5459,.F.);
#5459 = EDGE_CURVE('',#1048,#2525,#5460,.T.);
#5460 = SURFACE_CURVE('',#5461,(#5465,#5472),.PCURVE_S1.);
#5461 = LINE('',#5462,#5463);
#5462 = CARTESIAN_POINT('',(4.140253165948,10.089097888766,
    1.000000053875E-07));
#5463 = VECTOR('',#5464,1.);
#5464 = DIRECTION('',(1.110223024625E-16,0.,1.));
#5465 = PCURVE('',#1092,#5466);
#5466 = DEFINITIONAL_REPRESENTATION('',(#5467),#5471);
#5467 = LINE('',#5468,#5469);
#5468 = CARTESIAN_POINT('',(-1.152723615314,0.));
#5469 = VECTOR('',#5470,1.);
#5470 = DIRECTION('',(-0.,-1.));
#5471 = ( GEOMETRIC_REPRESENTATION_CONTEXT(2) 
PARAMETRIC_REPRESENTATION_CONTEXT() REPRESENTATION_CONTEXT('2D SPACE',''
  ) );
#5472 = PCURVE('',#1063,#5473);
#5473 = DEFINITIONAL_REPRESENTATION('',(#5474),#5478);
#5474 = LINE('',#5475,#5476);
#5475 = CARTESIAN_POINT('',(12.536062956766,1.811297334013E-16));
#5476 = VECTOR('',#5477,1.);
#5477 = DIRECTION('',(0.,-1.));
#5478 = ( GEOMETRIC_REPRESENTATION_CONTEXT(2) 
PARAMETRIC_REPRESENTATION_CONTEXT() REPRESENTATION_CONTEXT('2D SPACE',''
  ) );
#5479 = ORIENTED_EDGE('',*,*,#1075,.F.);
#5480 = ADVANCED_FACE('',(#5481),#1063,.F.);
#5481 = FACE_BOUND('',#5482,.F.);
#5482 = EDGE_LOOP('',(#5483,#5504,#5505,#5506));
#5483 = ORIENTED_EDGE('',*,*,#5484,.T.);
#5484 = EDGE_CURVE('',#1020,#2502,#5485,.T.);
#5485 = SURFACE_CURVE('',#5486,(#5490,#5497),.PCURVE_S1.);
#5486 = LINE('',#5487,#5488);
#5487 = CARTESIAN_POINT('',(11.771724765653,0.143570467915,
    1.000000047213E-07));
#5488 = VECTOR('',#5489,1.);
#5489 = DIRECTION('',(1.110223024625E-16,0.,1.));
#5490 = PCURVE('',#1063,#5491);
#5491 = DEFINITIONAL_REPRESENTATION('',(#5492),#5496);
#5492 = LINE('',#5493,#5494);
#5493 = CARTESIAN_POINT('',(0.,0.));
#5494 = VECTOR('',#5495,1.);
#5495 = DIRECTION('',(0.,-1.));
#5496 = ( GEOMETRIC_REPRESENTATION_CONTEXT(2) 
PARAMETRIC_REPRESENTATION_CONTEXT() REPRESENTATION_CONTEXT('2D SPACE',''
  ) );
#5497 = PCURVE('',#1035,#5498);
#5498 = DEFINITIONAL_REPRESENTATION('',(#5499),#5503);
#5499 = LINE('',#5500,#5501);
#5500 = CARTESIAN_POINT('',(1.4,-1.233118803076E-16));
#5501 = VECTOR('',#5502,1.);
#5502 = DIRECTION('',(0.,-1.));
#5503 = ( GEOMETRIC_REPRESENTATION_CONTEXT(2) 
PARAMETRIC_REPRESENTATION_CONTEXT() REPRESENTATION_CONTEXT('2D SPACE',''
  ) );
#5504 = ORIENTED_EDGE('',*,*,#2524,.T.);
#5505 = ORIENTED_EDGE('',*,*,#5459,.F.);
#5506 = ORIENTED_EDGE('',*,*,#1047,.F.);
#5507 = ADVANCED_FACE('',(#5508),#1035,.F.);
#5508 = FACE_BOUND('',#5509,.F.);
#5509 = EDGE_LOOP('',(#5510,#5511,#5532,#5533));
#5510 = ORIENTED_EDGE('',*,*,#1019,.F.);
#5511 = ORIENTED_EDGE('',*,*,#5512,.F.);
#5512 = EDGE_CURVE('',#2479,#992,#5513,.T.);
#5513 = SURFACE_CURVE('',#5514,(#5518,#5525),.PCURVE_S1.);
#5514 = LINE('',#5515,#5516);
#5515 = CARTESIAN_POINT('',(11.584620219397,1.000000048768E-07,
    -5.4999999));
#5516 = VECTOR('',#5517,1.);
#5517 = DIRECTION('',(-1.110223024625E-16,0.,-1.));
#5518 = PCURVE('',#1035,#5519);
#5519 = DEFINITIONAL_REPRESENTATION('',(#5520),#5524);
#5520 = LINE('',#5521,#5522);
#5521 = CARTESIAN_POINT('',(1.164159880909,5.5));
#5522 = VECTOR('',#5523,1.);
#5523 = DIRECTION('',(0.,1.));
#5524 = ( GEOMETRIC_REPRESENTATION_CONTEXT(2) 
PARAMETRIC_REPRESENTATION_CONTEXT() REPRESENTATION_CONTEXT('2D SPACE',''
  ) );
#5525 = PCURVE('',#1007,#5526);
#5526 = DEFINITIONAL_REPRESENTATION('',(#5527),#5531);
#5527 = LINE('',#5528,#5529);
#5528 = CARTESIAN_POINT('',(215.2653798806,5.5));
#5529 = VECTOR('',#5530,1.);
#5530 = DIRECTION('',(0.,-1.));
#5531 = ( GEOMETRIC_REPRESENTATION_CONTEXT(2) 
PARAMETRIC_REPRESENTATION_CONTEXT() REPRESENTATION_CONTEXT('2D SPACE',''
  ) );
#5532 = ORIENTED_EDGE('',*,*,#2501,.T.);
#5533 = ORIENTED_EDGE('',*,*,#5484,.F.);
#5534 = ADVANCED_FACE('',(#5535),#1007,.F.);
#5535 = FACE_BOUND('',#5536,.F.);
#5536 = EDGE_LOOP('',(#5537,#5538,#5539,#5540));
#5537 = ORIENTED_EDGE('',*,*,#2478,.F.);
#5538 = ORIENTED_EDGE('',*,*,#5512,.T.);
#5539 = ORIENTED_EDGE('',*,*,#991,.T.);
#5540 = ORIENTED_EDGE('',*,*,#5541,.T.);
#5541 = EDGE_CURVE('',#964,#2456,#5542,.T.);
#5542 = SURFACE_CURVE('',#5543,(#5547,#5554),.PCURVE_S1.);
#5543 = LINE('',#5544,#5545);
#5544 = CARTESIAN_POINT('',(10.117228804014,1.000000031559E-07,
    -5.4999999));
#5545 = VECTOR('',#5546,1.);
#5546 = DIRECTION('',(1.110223024625E-16,0.,1.));
#5547 = PCURVE('',#1007,#5548);
#5548 = DEFINITIONAL_REPRESENTATION('',(#5549),#5553);
#5549 = LINE('',#5550,#5551);
#5550 = CARTESIAN_POINT('',(216.73277129598,5.5));
#5551 = VECTOR('',#5552,1.);
#5552 = DIRECTION('',(0.,1.));
#5553 = ( GEOMETRIC_REPRESENTATION_CONTEXT(2) 
PARAMETRIC_REPRESENTATION_CONTEXT() REPRESENTATION_CONTEXT('2D SPACE',''
  ) );
#5554 = PCURVE('',#979,#5555);
#5555 = DEFINITIONAL_REPRESENTATION('',(#5556),#5560);
#5556 = LINE('',#5557,#5558);
#5557 = CARTESIAN_POINT('',(10.820801497765,5.5));
#5558 = VECTOR('',#5559,1.);
#5559 = DIRECTION('',(0.,-1.));
#5560 = ( GEOMETRIC_REPRESENTATION_CONTEXT(2) 
PARAMETRIC_REPRESENTATION_CONTEXT() REPRESENTATION_CONTEXT('2D SPACE',''
  ) );
#5561 = ADVANCED_FACE('',(#5562),#979,.F.);
#5562 = FACE_BOUND('',#5563,.F.);
#5563 = EDGE_LOOP('',(#5564,#5565,#5586,#5587));
#5564 = ORIENTED_EDGE('',*,*,#963,.F.);
#5565 = ORIENTED_EDGE('',*,*,#5566,.T.);
#5566 = EDGE_CURVE('',#935,#2432,#5567,.T.);
#5567 = SURFACE_CURVE('',#5568,(#5572,#5579),.PCURVE_S1.);
#5568 = LINE('',#5569,#5570);
#5569 = CARTESIAN_POINT('',(3.529942221215,8.58471911288,
    1.000000056095E-07));
#5570 = VECTOR('',#5571,1.);
#5571 = DIRECTION('',(1.110223024625E-16,0.,1.));
#5572 = PCURVE('',#979,#5573);
#5573 = DEFINITIONAL_REPRESENTATION('',(#5574),#5578);
#5574 = LINE('',#5575,#5576);
#5575 = CARTESIAN_POINT('',(2.703443819957E-16,-4.930380657631E-32));
#5576 = VECTOR('',#5577,1.);
#5577 = DIRECTION('',(0.,-1.));
#5578 = ( GEOMETRIC_REPRESENTATION_CONTEXT(2) 
PARAMETRIC_REPRESENTATION_CONTEXT() REPRESENTATION_CONTEXT('2D SPACE',''
  ) );
#5579 = PCURVE('',#951,#5580);
#5580 = DEFINITIONAL_REPRESENTATION('',(#5581),#5585);
#5581 = LINE('',#5582,#5583);
#5582 = CARTESIAN_POINT('',(-1.218065777253,0.));
#5583 = VECTOR('',#5584,1.);
#5584 = DIRECTION('',(-0.,-1.));
#5585 = ( GEOMETRIC_REPRESENTATION_CONTEXT(2) 
PARAMETRIC_REPRESENTATION_CONTEXT() REPRESENTATION_CONTEXT('2D SPACE',''
  ) );
#5586 = ORIENTED_EDGE('',*,*,#2455,.T.);
#5587 = ORIENTED_EDGE('',*,*,#5541,.F.);
#5588 = ADVANCED_FACE('',(#5589),#951,.F.);
#5589 = FACE_BOUND('',#5590,.T.);
#5590 = EDGE_LOOP('',(#5591,#5592,#5593,#5614));
#5591 = ORIENTED_EDGE('',*,*,#5566,.T.);
#5592 = ORIENTED_EDGE('',*,*,#2431,.T.);
#5593 = ORIENTED_EDGE('',*,*,#5594,.F.);
#5594 = EDGE_CURVE('',#907,#2409,#5595,.T.);
#5595 = SURFACE_CURVE('',#5596,(#5600,#5607),.PCURVE_S1.);
#5596 = LINE('',#5597,#5598);
#5597 = CARTESIAN_POINT('',(2.302818372275,3.867605202135,
    1.000000056095E-07));
#5598 = VECTOR('',#5599,1.);
#5599 = DIRECTION('',(1.110223024625E-16,0.,1.));
#5600 = PCURVE('',#951,#5601);
#5601 = DEFINITIONAL_REPRESENTATION('',(#5602),#5606);
#5602 = LINE('',#5603,#5604);
#5603 = CARTESIAN_POINT('',(-1.414523003113,0.));
#5604 = VECTOR('',#5605,1.);
#5605 = DIRECTION('',(-0.,-1.));
#5606 = ( GEOMETRIC_REPRESENTATION_CONTEXT(2) 
PARAMETRIC_REPRESENTATION_CONTEXT() REPRESENTATION_CONTEXT('2D SPACE',''
  ) );
#5607 = PCURVE('',#922,#5608);
#5608 = DEFINITIONAL_REPRESENTATION('',(#5609),#5613);
#5609 = LINE('',#5610,#5611);
#5610 = CARTESIAN_POINT('',(12.536062956766,-6.047671158102E-18));
#5611 = VECTOR('',#5612,1.);
#5612 = DIRECTION('',(0.,-1.));
#5613 = ( GEOMETRIC_REPRESENTATION_CONTEXT(2) 
PARAMETRIC_REPRESENTATION_CONTEXT() REPRESENTATION_CONTEXT('2D SPACE',''
  ) );
#5614 = ORIENTED_EDGE('',*,*,#934,.F.);
#5615 = ADVANCED_FACE('',(#5616),#922,.F.);
#5616 = FACE_BOUND('',#5617,.F.);
#5617 = EDGE_LOOP('',(#5618,#5619,#5640,#5641));
#5618 = ORIENTED_EDGE('',*,*,#906,.F.);
#5619 = ORIENTED_EDGE('',*,*,#5620,.F.);
#5620 = EDGE_CURVE('',#2386,#879,#5621,.T.);
#5621 = SURFACE_CURVE('',#5622,(#5626,#5633),.PCURVE_S1.);
#5622 = LINE('',#5623,#5624);
#5623 = CARTESIAN_POINT('',(7.343179473508,1.000000047102E-07,-5.4999999
    ));
#5624 = VECTOR('',#5625,1.);
#5625 = DIRECTION('',(-1.110223024625E-16,0.,-1.));
#5626 = PCURVE('',#922,#5627);
#5627 = DEFINITIONAL_REPRESENTATION('',(#5628),#5632);
#5628 = LINE('',#5629,#5630);
#5629 = CARTESIAN_POINT('',(6.182826832012,5.5));
#5630 = VECTOR('',#5631,1.);
#5631 = DIRECTION('',(0.,1.));
#5632 = ( GEOMETRIC_REPRESENTATION_CONTEXT(2) 
PARAMETRIC_REPRESENTATION_CONTEXT() REPRESENTATION_CONTEXT('2D SPACE',''
  ) );
#5633 = PCURVE('',#894,#5634);
#5634 = DEFINITIONAL_REPRESENTATION('',(#5635),#5639);
#5635 = LINE('',#5636,#5637);
#5636 = CARTESIAN_POINT('',(219.50682062649,5.5));
#5637 = VECTOR('',#5638,1.);
#5638 = DIRECTION('',(0.,-1.));
#5639 = ( GEOMETRIC_REPRESENTATION_CONTEXT(2) 
PARAMETRIC_REPRESENTATION_CONTEXT() REPRESENTATION_CONTEXT('2D SPACE',''
  ) );
#5640 = ORIENTED_EDGE('',*,*,#2408,.T.);
#5641 = ORIENTED_EDGE('',*,*,#5594,.F.);
#5642 = ADVANCED_FACE('',(#5643),#894,.F.);
#5643 = FACE_BOUND('',#5644,.F.);
#5644 = EDGE_LOOP('',(#5645,#5646,#5647,#5648));
#5645 = ORIENTED_EDGE('',*,*,#2385,.F.);
#5646 = ORIENTED_EDGE('',*,*,#5620,.T.);
#5647 = ORIENTED_EDGE('',*,*,#878,.T.);
#5648 = ORIENTED_EDGE('',*,*,#5649,.T.);
#5649 = EDGE_CURVE('',#851,#2363,#5650,.T.);
#5650 = SURFACE_CURVE('',#5651,(#5655,#5662),.PCURVE_S1.);
#5651 = LINE('',#5652,#5653);
#5652 = CARTESIAN_POINT('',(5.043427989122,1.000000051543E-07,-5.4999999
    ));
#5653 = VECTOR('',#5654,1.);
#5654 = DIRECTION('',(1.110223024625E-16,0.,1.));
#5655 = PCURVE('',#894,#5656);
#5656 = DEFINITIONAL_REPRESENTATION('',(#5657),#5661);
#5657 = LINE('',#5658,#5659);
#5658 = CARTESIAN_POINT('',(221.80657211087,5.5));
#5659 = VECTOR('',#5660,1.);
#5660 = DIRECTION('',(0.,1.));
#5661 = ( GEOMETRIC_REPRESENTATION_CONTEXT(2) 
PARAMETRIC_REPRESENTATION_CONTEXT() REPRESENTATION_CONTEXT('2D SPACE',''
  ) );
#5662 = PCURVE('',#866,#5663);
#5663 = DEFINITIONAL_REPRESENTATION('',(#5664),#5668);
#5664 = LINE('',#5665,#5666);
#5665 = CARTESIAN_POINT('',(3.706750438719,5.5));
#5666 = VECTOR('',#5667,1.);
#5667 = DIRECTION('',(0.,-1.));
#5668 = ( GEOMETRIC_REPRESENTATION_CONTEXT(2) 
PARAMETRIC_REPRESENTATION_CONTEXT() REPRESENTATION_CONTEXT('2D SPACE',''
  ) );
#5669 = ADVANCED_FACE('',(#5670),#866,.F.);
#5670 = FACE_BOUND('',#5671,.F.);
#5671 = EDGE_LOOP('',(#5672,#5673,#5694,#5695));
#5672 = ORIENTED_EDGE('',*,*,#850,.F.);
#5673 = ORIENTED_EDGE('',*,*,#5674,.T.);
#5674 = EDGE_CURVE('',#822,#2339,#5675,.T.);
#5675 = SURFACE_CURVE('',#5676,(#5680,#5687),.PCURVE_S1.);
#5676 = LINE('',#5677,#5678);
#5677 = CARTESIAN_POINT('',(2.102665146938,2.256526794053,
    1.000000056095E-07));
#5678 = VECTOR('',#5679,1.);
#5679 = DIRECTION('',(1.110223024625E-16,0.,1.));
#5680 = PCURVE('',#866,#5681);
#5681 = DEFINITIONAL_REPRESENTATION('',(#5682),#5686);
#5682 = LINE('',#5683,#5684);
#5683 = CARTESIAN_POINT('',(-6.226640400175E-16,4.930380657631E-32));
#5684 = VECTOR('',#5685,1.);
#5685 = DIRECTION('',(0.,-1.));
#5686 = ( GEOMETRIC_REPRESENTATION_CONTEXT(2) 
PARAMETRIC_REPRESENTATION_CONTEXT() REPRESENTATION_CONTEXT('2D SPACE',''
  ) );
#5687 = PCURVE('',#838,#5688);
#5688 = DEFINITIONAL_REPRESENTATION('',(#5689),#5693);
#5689 = LINE('',#5690,#5691);
#5690 = CARTESIAN_POINT('',(-1.479865165052,0.));
#5691 = VECTOR('',#5692,1.);
#5692 = DIRECTION('',(-0.,-1.));
#5693 = ( GEOMETRIC_REPRESENTATION_CONTEXT(2) 
PARAMETRIC_REPRESENTATION_CONTEXT() REPRESENTATION_CONTEXT('2D SPACE',''
  ) );
#5694 = ORIENTED_EDGE('',*,*,#2362,.T.);
#5695 = ORIENTED_EDGE('',*,*,#5649,.F.);
#5696 = ADVANCED_FACE('',(#5697),#838,.F.);
#5697 = FACE_BOUND('',#5698,.T.);
#5698 = EDGE_LOOP('',(#5699,#5700,#5701,#5702));
#5699 = ORIENTED_EDGE('',*,*,#821,.F.);
#5700 = ORIENTED_EDGE('',*,*,#5674,.T.);
#5701 = ORIENTED_EDGE('',*,*,#2338,.T.);
#5702 = ORIENTED_EDGE('',*,*,#2287,.T.);
#5703 = ADVANCED_FACE('',(#5704),#3863,.T.);
#5704 = FACE_BOUND('',#5705,.F.);
#5705 = EDGE_LOOP('',(#5706,#5707,#5730,#5757));
#5706 = ORIENTED_EDGE('',*,*,#3737,.F.);
#5707 = ORIENTED_EDGE('',*,*,#5708,.T.);
#5708 = EDGE_CURVE('',#3738,#5709,#5711,.T.);
#5709 = VERTEX_POINT('',#5710);
#5710 = CARTESIAN_POINT('',(47.108609380995,20.258609380995,116.2500001)
  );
#5711 = SEAM_CURVE('',#5712,(#5716,#5723),.PCURVE_S1.);
#5712 = LINE('',#5713,#5714);
#5713 = CARTESIAN_POINT('',(45.623685140503,18.773685140503,116.2500001)
  );
#5714 = VECTOR('',#5715,1.);
#5715 = DIRECTION('',(0.707106781187,0.707106781187,-7.850462293419E-17)
  );
#5716 = PCURVE('',#3863,#5717);
#5717 = DEFINITIONAL_REPRESENTATION('',(#5718),#5722);
#5718 = LINE('',#5719,#5720);
#5719 = CARTESIAN_POINT('',(-6.28318530718,0.));
#5720 = VECTOR('',#5721,1.);
#5721 = DIRECTION('',(-0.,-1.));
#5722 = ( GEOMETRIC_REPRESENTATION_CONTEXT(2) 
PARAMETRIC_REPRESENTATION_CONTEXT() REPRESENTATION_CONTEXT('2D SPACE',''
  ) );
#5723 = PCURVE('',#3863,#5724);
#5724 = DEFINITIONAL_REPRESENTATION('',(#5725),#5729);
#5725 = LINE('',#5726,#5727);
#5726 = CARTESIAN_POINT('',(-0.,0.));
#5727 = VECTOR('',#5728,1.);
#5728 = DIRECTION('',(-0.,-1.));
#5729 = ( GEOMETRIC_REPRESENTATION_CONTEXT(2) 
PARAMETRIC_REPRESENTATION_CONTEXT() REPRESENTATION_CONTEXT('2D SPACE',''
  ) );
#5730 = ORIENTED_EDGE('',*,*,#5731,.T.);
#5731 = EDGE_CURVE('',#5709,#5709,#5732,.T.);
#5732 = SURFACE_CURVE('',#5733,(#5738,#5745),.PCURVE_S1.);
#5733 = CIRCLE('',#5734,2.25);
#5734 = AXIS2_PLACEMENT_3D('',#5735,#5736,#5737);
#5735 = CARTESIAN_POINT('',(47.108609380995,20.258609380995,114.0000001)
  );
#5736 = DIRECTION('',(0.707106781187,0.707106781187,-7.850462293419E-17)
  );
#5737 = DIRECTION('',(1.110223024625E-16,0.,1.));
#5738 = PCURVE('',#3863,#5739);
#5739 = DEFINITIONAL_REPRESENTATION('',(#5740),#5744);
#5740 = LINE('',#5741,#5742);
#5741 = CARTESIAN_POINT('',(-0.,-2.1));
#5742 = VECTOR('',#5743,1.);
#5743 = DIRECTION('',(-1.,0.));
#5744 = ( GEOMETRIC_REPRESENTATION_CONTEXT(2) 
PARAMETRIC_REPRESENTATION_CONTEXT() REPRESENTATION_CONTEXT('2D SPACE',''
  ) );
#5745 = PCURVE('',#5746,#5751);
#5746 = PLANE('',#5747);
#5747 = AXIS2_PLACEMENT_3D('',#5748,#5749,#5750);
#5748 = CARTESIAN_POINT('',(47.108609380995,20.258609380995,114.0000001)
  );
#5749 = DIRECTION('',(0.707106781187,0.707106781187,-7.850462293419E-17)
  );
#5750 = DIRECTION('',(-0.707106781187,0.707106781187,7.850462293419E-17)
  );
#5751 = DEFINITIONAL_REPRESENTATION('',(#5752),#5756);
#5752 = CIRCLE('',#5753,2.25);
#5753 = AXIS2_PLACEMENT_2D('',#5754,#5755);
#5754 = CARTESIAN_POINT('',(-7.536443801682E-15,7.88860905221E-31));
#5755 = DIRECTION('',(0.,1.));
#5756 = ( GEOMETRIC_REPRESENTATION_CONTEXT(2) 
PARAMETRIC_REPRESENTATION_CONTEXT() REPRESENTATION_CONTEXT('2D SPACE',''
  ) );
#5757 = ORIENTED_EDGE('',*,*,#5708,.F.);
#5758 = ADVANCED_FACE('',(#5759),#4058,.T.);
#5759 = FACE_BOUND('',#5760,.F.);
#5760 = EDGE_LOOP('',(#5761,#5762,#5785,#5812));
#5761 = ORIENTED_EDGE('',*,*,#3932,.F.);
#5762 = ORIENTED_EDGE('',*,*,#5763,.T.);
#5763 = EDGE_CURVE('',#3933,#5764,#5766,.T.);
#5764 = VERTEX_POINT('',#5765);
#5765 = CARTESIAN_POINT('',(47.108609380995,20.258609380995,36.2500001)
  );
#5766 = SEAM_CURVE('',#5767,(#5771,#5778),.PCURVE_S1.);
#5767 = LINE('',#5768,#5769);
#5768 = CARTESIAN_POINT('',(45.623685140503,18.773685140503,36.2500001)
  );
#5769 = VECTOR('',#5770,1.);
#5770 = DIRECTION('',(0.707106781187,0.707106781187,-7.850462293419E-17)
  );
#5771 = PCURVE('',#4058,#5772);
#5772 = DEFINITIONAL_REPRESENTATION('',(#5773),#5777);
#5773 = LINE('',#5774,#5775);
#5774 = CARTESIAN_POINT('',(-6.28318530718,0.));
#5775 = VECTOR('',#5776,1.);
#5776 = DIRECTION('',(-0.,-1.));
#5777 = ( GEOMETRIC_REPRESENTATION_CONTEXT(2) 
PARAMETRIC_REPRESENTATION_CONTEXT() REPRESENTATION_CONTEXT('2D SPACE',''
  ) );
#5778 = PCURVE('',#4058,#5779);
#5779 = DEFINITIONAL_REPRESENTATION('',(#5780),#5784);
#5780 = LINE('',#5781,#5782);
#5781 = CARTESIAN_POINT('',(-0.,0.));
#5782 = VECTOR('',#5783,1.);
#5783 = DIRECTION('',(-0.,-1.));
#5784 = ( GEOMETRIC_REPRESENTATION_CONTEXT(2) 
PARAMETRIC_REPRESENTATION_CONTEXT() REPRESENTATION_CONTEXT('2D SPACE',''
  ) );
#5785 = ORIENTED_EDGE('',*,*,#5786,.T.);
#5786 = EDGE_CURVE('',#5764,#5764,#5787,.T.);
#5787 = SURFACE_CURVE('',#5788,(#5793,#5800),.PCURVE_S1.);
#5788 = CIRCLE('',#5789,2.25);
#5789 = AXIS2_PLACEMENT_3D('',#5790,#5791,#5792);
#5790 = CARTESIAN_POINT('',(47.108609380995,20.258609380995,34.0000001)
  );
#5791 = DIRECTION('',(0.707106781187,0.707106781187,-7.850462293419E-17)
  );
#5792 = DIRECTION('',(1.110223024625E-16,0.,1.));
#5793 = PCURVE('',#4058,#5794);
#5794 = DEFINITIONAL_REPRESENTATION('',(#5795),#5799);
#5795 = LINE('',#5796,#5797);
#5796 = CARTESIAN_POINT('',(-0.,-2.1));
#5797 = VECTOR('',#5798,1.);
#5798 = DIRECTION('',(-1.,0.));
#5799 = ( GEOMETRIC_REPRESENTATION_CONTEXT(2) 
PARAMETRIC_REPRESENTATION_CONTEXT() REPRESENTATION_CONTEXT('2D SPACE',''
  ) );
#5800 = PCURVE('',#5801,#5806);
#5801 = PLANE('',#5802);
#5802 = AXIS2_PLACEMENT_3D('',#5803,#5804,#5805);
#5803 = CARTESIAN_POINT('',(47.108609380995,20.258609380995,34.0000001)
  );
#5804 = DIRECTION('',(0.707106781187,0.707106781187,-7.850462293419E-17)
  );
#5805 = DIRECTION('',(-0.707106781187,0.707106781187,7.850462293419E-17)
  );
#5806 = DEFINITIONAL_REPRESENTATION('',(#5807),#5811);
#5807 = CIRCLE('',#5808,2.25);
#5808 = AXIS2_PLACEMENT_2D('',#5809,#5810);
#5809 = CARTESIAN_POINT('',(-7.536443801682E-15,7.88860905221E-31));
#5810 = DIRECTION('',(0.,1.));
#5811 = ( GEOMETRIC_REPRESENTATION_CONTEXT(2) 
PARAMETRIC_REPRESENTATION_CONTEXT() REPRESENTATION_CONTEXT('2D SPACE',''
  ) );
#5812 = ORIENTED_EDGE('',*,*,#5763,.F.);
#5813 = ADVANCED_FACE('',(#5814),#4167,.T.);
#5814 = FACE_BOUND('',#5815,.T.);
#5815 = EDGE_LOOP('',(#5816));
#5816 = ORIENTED_EDGE('',*,*,#4152,.T.);
#5817 = ADVANCED_FACE('',(#5818),#4223,.T.);
#5818 = FACE_BOUND('',#5819,.T.);
#5819 = EDGE_LOOP('',(#5820));
#5820 = ORIENTED_EDGE('',*,*,#4208,.T.);
#5821 = ADVANCED_FACE('',(#5822),#4279,.T.);
#5822 = FACE_BOUND('',#5823,.T.);
#5823 = EDGE_LOOP('',(#5824));
#5824 = ORIENTED_EDGE('',*,*,#4264,.T.);
#5825 = ADVANCED_FACE('',(#5826),#4334,.T.);
#5826 = FACE_BOUND('',#5827,.T.);
#5827 = EDGE_LOOP('',(#5828));
#5828 = ORIENTED_EDGE('',*,*,#4319,.T.);
#5829 = ADVANCED_FACE('',(#5830),#5746,.T.);
#5830 = FACE_BOUND('',#5831,.T.);
#5831 = EDGE_LOOP('',(#5832));
#5832 = ORIENTED_EDGE('',*,*,#5731,.T.);
#5833 = ADVANCED_FACE('',(#5834),#5801,.T.);
#5834 = FACE_BOUND('',#5835,.T.);
#5835 = EDGE_LOOP('',(#5836));
#5836 = ORIENTED_EDGE('',*,*,#5786,.T.);
#5837 = ( GEOMETRIC_REPRESENTATION_CONTEXT(3) 
GLOBAL_UNCERTAINTY_ASSIGNED_CONTEXT((#5841)) 
GLOBAL_UNIT_ASSIGNED_CONTEXT((#5838,#5839,#5840)) REPRESENTATION_CONTEXT
('Context #1','3D Context with UNIT and UNCERTAINTY') );
#5838 = ( LENGTH_UNIT() NAMED_UNIT(*) SI_UNIT(.MILLI.,.METRE.) );
#5839 = ( NAMED_UNIT(*) PLANE_ANGLE_UNIT() SI_UNIT($,.RADIAN.) );
#5840 = ( NAMED_UNIT(*) SI_UNIT($,.STERADIAN.) SOLID_ANGLE_UNIT() );
#5841 = UNCERTAINTY_MEASURE_WITH_UNIT(LENGTH_MEASURE(1.E-07),#5838,
  'distance_accuracy_value','confusion accuracy');
#5842 = PRODUCT_RELATED_PRODUCT_CATEGORY('part',$,(#7));
ENDSEC;
END-ISO-10303-21;
