ISO-10303-21;
HEADER;
FILE_DESCRIPTION(('Open CASCADE Model'),'2;1');
FILE_NAME('Open CASCADE Shape Model','2026-10-01T13:56:50',('Author'),(
    'Open CASCADE'),'Open CASCADE STEP processor 7.8','Open CASCADE 7.8'
  ,'Unknown');
FILE_SCHEMA(('AUTOMOTIVE_DESIGN { 1 0 10303 214 1 1 1 1 }'));
ENDSEC;
DATA;
#1 = APPLICATION_PROTOCOL_DEFINITION('international standard',
  'automotive_design',2000,#2);
#2 = APPLICATION_CONTEXT(
  'core data for automotive mechanical design processes');
#3 = SHAPE_DEFINITION_REPRESENTATION(#4,#10);
#4 = PRODUCT_DEFINITION_SHAPE('','',#5);
#5 = PRODUCT_DEFINITION('design','',#6,#9);
#6 = PRODUCT_DEFINITION_FORMATION('','',#7);
#7 = PRODUCT('Open CASCADE STEP translator 7.8 16',
  'Open CASCADE STEP translator 7.8 16','',(#8));
#8 = PRODUCT_CONTEXT('',#2,'mechanical');
#9 = PRODUCT_DEFINITION_CONTEXT('part definition',#2,'design');
#10 = ADVANCED_BREP_SHAPE_REPRESENTATION('',(#11,#15),#5671);
#11 = AXIS2_PLACEMENT_3D('',#12,#13,#14);
#12 = CARTESIAN_POINT('',(0.,0.,0.));
#13 = DIRECTION('',(0.,0.,1.));
#14 = DIRECTION('',(1.,0.,-0.));
#15 = MANIFOLD_SOLID_BREP('',#16);
#16 = CLOSED_SHELL('',(#17,#1261,#2722,#2771,#3960,#3987,#4042,#4097,
    #4152,#4207,#4262,#4317,#4344,#4371,#4398,#4425,#4452,#4479,#4506,
    #4533,#4560,#4587,#4614,#4641,#4668,#4695,#4722,#4749,#4776,#4803,
    #4830,#4857,#4884,#4911,#4938,#4965,#4992,#5019,#5046,#5073,#5100,
    #5127,#5154,#5181,#5208,#5235,#5262,#5289,#5316,#5343,#5370,#5397,
    #5424,#5451,#5478,#5505,#5532,#5559,#5586,#5613,#5640,#5647,#5651,
    #5655,#5659,#5663,#5667));
#17 = ADVANCED_FACE('',(#18,#139,#334,#505,#700,#895,#1066),#33,.T.);
#18 = FACE_BOUND('',#19,.F.);
#19 = EDGE_LOOP('',(#20,#56,#84,#113));
#20 = ORIENTED_EDGE('',*,*,#21,.F.);
#21 = EDGE_CURVE('',#22,#24,#26,.T.);
#22 = VERTEX_POINT('',#23);
#23 = CARTESIAN_POINT('',(1.000000011686E-07,28.6500001,
    1.000000058315E-07));
#24 = VERTEX_POINT('',#25);
#25 = CARTESIAN_POINT('',(53.7000001,28.6500001,9.999999994736E-08));
#26 = SURFACE_CURVE('',#27,(#32,#44),.PCURVE_S1.);
#27 = CIRCLE('',#28,26.85);
#28 = AXIS2_PLACEMENT_3D('',#29,#30,#31);
#29 = CARTESIAN_POINT('',(26.8500001,28.6500001,1.00000002945E-07));
#30 = DIRECTION('',(1.110223024625E-16,-0.,1.));
#31 = DIRECTION('',(0.,1.,0.));
#32 = PCURVE('',#33,#38);
#33 = CYLINDRICAL_SURFACE('',#34,26.85);
#34 = AXIS2_PLACEMENT_3D('',#35,#36,#37);
#35 = CARTESIAN_POINT('',(26.8500001,28.6500001,1.00000002945E-07));
#36 = DIRECTION('',(-1.110223024625E-16,-0.,-1.));
#37 = DIRECTION('',(0.,1.,0.));
#38 = DEFINITIONAL_REPRESENTATION('',(#39),#43);
#39 = LINE('',#40,#41);
#40 = CARTESIAN_POINT('',(-0.,0.));
#41 = VECTOR('',#42,1.);
#42 = DIRECTION('',(-1.,0.));
#43 = ( GEOMETRIC_REPRESENTATION_CONTEXT(2) 
PARAMETRIC_REPRESENTATION_CONTEXT() REPRESENTATION_CONTEXT('2D SPACE',''
  ) );
#44 = PCURVE('',#45,#50);
#45 = PLANE('',#46);
#46 = AXIS2_PLACEMENT_3D('',#47,#48,#49);
#47 = CARTESIAN_POINT('',(26.8500001,28.6500001,1.00000002945E-07));
#48 = DIRECTION('',(1.110223024625E-16,0.,1.));
#49 = DIRECTION('',(0.,1.,0.));
#50 = DEFINITIONAL_REPRESENTATION('',(#51),#55);
#51 = CIRCLE('',#52,26.85);
#52 = AXIS2_PLACEMENT_2D('',#53,#54);
#53 = CARTESIAN_POINT('',(0.,0.));
#54 = DIRECTION('',(1.,0.));
#55 = ( GEOMETRIC_REPRESENTATION_CONTEXT(2) 
PARAMETRIC_REPRESENTATION_CONTEXT() REPRESENTATION_CONTEXT('2D SPACE',''
  ) );
#56 = ORIENTED_EDGE('',*,*,#57,.F.);
#57 = EDGE_CURVE('',#58,#22,#60,.T.);
#58 = VERTEX_POINT('',#59);
#59 = CARTESIAN_POINT('',(1.000000189322E-07,28.6500001,146.5000001));
#60 = SURFACE_CURVE('',#61,(#65,#72),.PCURVE_S1.);
#61 = LINE('',#62,#63);
#62 = CARTESIAN_POINT('',(1.000000011686E-07,28.6500001,
    1.000000058315E-07));
#63 = VECTOR('',#64,1.);
#64 = DIRECTION('',(-1.110223024625E-16,-0.,-1.));
#65 = PCURVE('',#33,#66);
#66 = DEFINITIONAL_REPRESENTATION('',(#67),#71);
#67 = LINE('',#68,#69);
#68 = CARTESIAN_POINT('',(-1.570796326795,0.));
#69 = VECTOR('',#70,1.);
#70 = DIRECTION('',(-0.,1.));
#71 = ( GEOMETRIC_REPRESENTATION_CONTEXT(2) 
PARAMETRIC_REPRESENTATION_CONTEXT() REPRESENTATION_CONTEXT('2D SPACE',''
  ) );
#72 = PCURVE('',#73,#78);
#73 = PLANE('',#74);
#74 = AXIS2_PLACEMENT_3D('',#75,#76,#77);
#75 = CARTESIAN_POINT('',(226.8500001,28.6500001,-10.9999999));
#76 = DIRECTION('',(0.,1.,0.));
#77 = DIRECTION('',(-1.,0.,1.110223024625E-16));
#78 = DEFINITIONAL_REPRESENTATION('',(#79),#83);
#79 = LINE('',#80,#81);
#80 = CARTESIAN_POINT('',(226.85,11.));
#81 = VECTOR('',#82,1.);
#82 = DIRECTION('',(0.,-1.));
#83 = ( GEOMETRIC_REPRESENTATION_CONTEXT(2) 
PARAMETRIC_REPRESENTATION_CONTEXT() REPRESENTATION_CONTEXT('2D SPACE',''
  ) );
#84 = ORIENTED_EDGE('',*,*,#85,.T.);
#85 = EDGE_CURVE('',#58,#86,#88,.T.);
#86 = VERTEX_POINT('',#87);
#87 = CARTESIAN_POINT('',(53.7000001,28.6500001,146.5000001));
#88 = SURFACE_CURVE('',#89,(#94,#101),.PCURVE_S1.);
#89 = CIRCLE('',#90,26.85);
#90 = AXIS2_PLACEMENT_3D('',#91,#92,#93);
#91 = CARTESIAN_POINT('',(26.8500001,28.6500001,146.5000001));
#92 = DIRECTION('',(1.110223024625E-16,-0.,1.));
#93 = DIRECTION('',(0.,1.,0.));
#94 = PCURVE('',#33,#95);
#95 = DEFINITIONAL_REPRESENTATION('',(#96),#100);
#96 = LINE('',#97,#98);
#97 = CARTESIAN_POINT('',(-0.,-146.5));
#98 = VECTOR('',#99,1.);
#99 = DIRECTION('',(-1.,0.));
#100 = ( GEOMETRIC_REPRESENTATION_CONTEXT(2) 
PARAMETRIC_REPRESENTATION_CONTEXT() REPRESENTATION_CONTEXT('2D SPACE',''
  ) );
#101 = PCURVE('',#102,#107);
#102 = PLANE('',#103);
#103 = AXIS2_PLACEMENT_3D('',#104,#105,#106);
#104 = CARTESIAN_POINT('',(26.8500001,28.6500001,146.5000001));
#105 = DIRECTION('',(1.110223024625E-16,0.,1.));
#106 = DIRECTION('',(0.,1.,0.));
#107 = DEFINITIONAL_REPRESENTATION('',(#108),#112);
#108 = CIRCLE('',#109,26.85);
#109 = AXIS2_PLACEMENT_2D('',#110,#111);
#110 = CARTESIAN_POINT('',(0.,-3.552713678801E-15));
#111 = DIRECTION('',(1.,0.));
#112 = ( GEOMETRIC_REPRESENTATION_CONTEXT(2) 
PARAMETRIC_REPRESENTATION_CONTEXT() REPRESENTATION_CONTEXT('2D SPACE',''
  ) );
#113 = ORIENTED_EDGE('',*,*,#114,.T.);
#114 = EDGE_CURVE('',#86,#24,#115,.T.);
#115 = SURFACE_CURVE('',#116,(#120,#127),.PCURVE_S1.);
#116 = LINE('',#117,#118);
#117 = CARTESIAN_POINT('',(53.7000001,28.6500001,9.999999994736E-08));
#118 = VECTOR('',#119,1.);
#119 = DIRECTION('',(-1.110223024625E-16,-0.,-1.));
#120 = PCURVE('',#33,#121);
#121 = DEFINITIONAL_REPRESENTATION('',(#122),#126);
#122 = LINE('',#123,#124);
#123 = CARTESIAN_POINT('',(-4.712388980385,0.));
#124 = VECTOR('',#125,1.);
#125 = DIRECTION('',(-0.,1.));
#126 = ( GEOMETRIC_REPRESENTATION_CONTEXT(2) 
PARAMETRIC_REPRESENTATION_CONTEXT() REPRESENTATION_CONTEXT('2D SPACE',''
  ) );
#127 = PCURVE('',#128,#133);
#128 = PLANE('',#129);
#129 = AXIS2_PLACEMENT_3D('',#130,#131,#132);
#130 = CARTESIAN_POINT('',(226.8500001,28.6500001,-10.9999999));
#131 = DIRECTION('',(0.,1.,0.));
#132 = DIRECTION('',(-1.,0.,1.110223024625E-16));
#133 = DEFINITIONAL_REPRESENTATION('',(#134),#138);
#134 = LINE('',#135,#136);
#135 = CARTESIAN_POINT('',(173.15,11.));
#136 = VECTOR('',#137,1.);
#137 = DIRECTION('',(0.,-1.));
#138 = ( GEOMETRIC_REPRESENTATION_CONTEXT(2) 
PARAMETRIC_REPRESENTATION_CONTEXT() REPRESENTATION_CONTEXT('2D SPACE',''
  ) );
#139 = FACE_BOUND('',#140,.F.);
#140 = EDGE_LOOP('',(#141));
#141 = ORIENTED_EDGE('',*,*,#142,.T.);
#142 = EDGE_CURVE('',#143,#143,#145,.T.);
#143 = VERTEX_POINT('',#144);
#144 = CARTESIAN_POINT('',(7.864183025141,9.664183025141,116.2500001));
#145 = SURFACE_CURVE('',#146,(#205,#267),.PCURVE_S1.);
#146 = B_SPLINE_CURVE_WITH_KNOTS('',8,(#147,#148,#149,#150,#151,#152,
    #153,#154,#155,#156,#157,#158,#159,#160,#161,#162,#163,#164,#165,
    #166,#167,#168,#169,#170,#171,#172,#173,#174,#175,#176,#177,#178,
    #179,#180,#181,#182,#183,#184,#185,#186,#187,#188,#189,#190,#191,
    #192,#193,#194,#195,#196,#197,#198,#199,#200,#201,#202,#203,#204),
  .UNSPECIFIED.,.T.,.F.,(9,7,7,7,7,7,7,7,9),(0.,0.137051580222,
    0.279857660568,0.450918621508,0.596938513983,0.691284026627,
    0.795106435582,0.899680494515,1.),.UNSPECIFIED.);
#147 = CARTESIAN_POINT('',(7.864183025141,9.664183025141,116.2500001));
#148 = CARTESIAN_POINT('',(7.678983767321,9.849382282961,116.2500001));
#149 = CARTESIAN_POINT('',(7.500170026915,10.032325308423,
    116.21515726877));
#150 = CARTESIAN_POINT('',(7.331287377361,10.209129104566,
    116.14831469336));
#151 = CARTESIAN_POINT('',(7.175143385426,10.376199417206,
    116.05312189405));
#152 = CARTESIAN_POINT('',(7.033810418755,10.530371243243,
    115.93400254067));
#153 = CARTESIAN_POINT('',(6.908632672688,10.669137230007,115.7961100459
    ));
#154 = CARTESIAN_POINT('',(6.800207234563,10.790895422032,
    115.64527542314));
#155 = CARTESIAN_POINT('',(6.612552164462,11.003777534101,
    115.32402249122));
#156 = CARTESIAN_POINT('',(6.532489535842,11.095953056947,
    115.14919576048));
#157 = CARTESIAN_POINT('',(6.467197385357,11.171980825787,
    114.96650934132));
#158 = CARTESIAN_POINT('',(6.415856782727,11.232256154781,
    114.77824340205));
#159 = CARTESIAN_POINT('',(6.377809757457,11.277166068291,
    114.58615117275));
#160 = CARTESIAN_POINT('',(6.352593899922,11.307012442516,
    114.39163441875));
#161 = CARTESIAN_POINT('',(6.339971811817,11.321952327157,
    114.19588329257));
#162 = CARTESIAN_POINT('',(6.339971811817,11.321952327157,
    113.76536046089));
#163 = CARTESIAN_POINT('',(6.358083304207,11.300515219944,
    113.53105467366));
#164 = CARTESIAN_POINT('',(6.39421437461,11.257748453275,113.298825066)
  );
#165 = CARTESIAN_POINT('',(6.448903921946,11.193271947701,
    113.07062767483));
#166 = CARTESIAN_POINT('',(6.523128445338,11.10642897886,112.84906275039
    ));
#167 = CARTESIAN_POINT('',(6.618219931759,10.996474020848,
    112.63763944271));
#168 = CARTESIAN_POINT('',(6.735739598815,10.862819444257,
    112.44113956189));
#169 = CARTESIAN_POINT('',(6.997863948824,10.571067249645,
    112.11713861954));
#170 = CARTESIAN_POINT('',(7.140433883221,10.414460241994,
    111.97824828692));
#171 = CARTESIAN_POINT('',(7.303386407882,10.238499901954,
    111.86166934953));
#172 = CARTESIAN_POINT('',(7.483486372182,10.048138717274,
    111.77640131632));
#173 = CARTESIAN_POINT('',(7.675895575006,9.849808236688,111.72843805817
    ));
#174 = CARTESIAN_POINT('',(7.874553762101,9.65029697372,111.72065334402)
  );
#175 = CARTESIAN_POINT('',(8.07274090553,9.456062304077,111.75266912425)
  );
#176 = CARTESIAN_POINT('',(8.387524923737,9.154133336015,111.86463593461
    ));
#177 = CARTESIAN_POINT('',(8.50911461312,9.039237659834,111.92394785448)
  );
#178 = CARTESIAN_POINT('',(8.627502176019,8.929003963986,111.99820851224
    ));
#179 = CARTESIAN_POINT('',(8.741452638893,8.824390688876,112.08680117733
    ));
#180 = CARTESIAN_POINT('',(8.849756155611,8.726261505844,112.18892017358
    ));
#181 = CARTESIAN_POINT('',(8.951255956408,8.635381420183,112.30358301382
    ));
#182 = CARTESIAN_POINT('',(9.044880494993,8.552414276793,112.42964211921
    ));
#183 = CARTESIAN_POINT('',(9.222997082962,8.395946364903,112.71562663722
    ));
#184 = CARTESIAN_POINT('',(9.305620215723,8.324239318399,112.87767125575
    ));
#185 = CARTESIAN_POINT('',(9.37629252707,8.263540554297,113.05020260019)
  );
#186 = CARTESIAN_POINT('',(9.4339582798,8.214415671711,113.23132072113)
  );
#187 = CARTESIAN_POINT('',(9.477792646298,8.177280194001,113.41899763925
    ));
#188 = CARTESIAN_POINT('',(9.507224544368,8.152414853685,113.61111773652
    ));
#189 = CARTESIAN_POINT('',(9.521952327157,8.139971811817,113.80551399737
    ));
#190 = CARTESIAN_POINT('',(9.521952327157,8.139971811817,114.19589423655
    ));
#191 = CARTESIAN_POINT('',(9.507010804433,8.152595286016,114.39164504305
    ));
#192 = CARTESIAN_POINT('',(9.477164024334,8.177811480665,114.58615670171
    ));
#193 = CARTESIAN_POINT('',(9.432255276081,8.215857548942,114.77824382186
    ));
#194 = CARTESIAN_POINT('',(9.37198145108,8.26719687334,114.96650729844)
  );
#195 = CARTESIAN_POINT('',(9.295954067734,8.332488644884,115.14919416561
    ));
#196 = CARTESIAN_POINT('',(9.203777580595,8.412552123478,115.32402242106
    ));
#197 = CARTESIAN_POINT('',(8.990937601031,8.600170053876,115.64521177229
    ));
#198 = CARTESIAN_POINT('',(8.869182435912,8.708591937755,115.79606849298
    ));
#199 = CARTESIAN_POINT('',(8.730384231964,8.83379746391,115.93401066928)
  );
#200 = CARTESIAN_POINT('',(8.576160101392,8.975177837833,116.05316866356
    ));
#201 = CARTESIAN_POINT('',(8.409039838844,9.131370121507,116.14836963881
    ));
#202 = CARTESIAN_POINT('',(8.232213139539,9.300278336034,116.21518986005
    ));
#203 = CARTESIAN_POINT('',(8.049295659177,9.479070391105,116.2500001));
#204 = CARTESIAN_POINT('',(7.864183025141,9.664183025141,116.2500001));
#205 = PCURVE('',#33,#206);
#206 = DEFINITIONAL_REPRESENTATION('',(#207),#266);
#207 = B_SPLINE_CURVE_WITH_KNOTS('',8,(#208,#209,#210,#211,#212,#213,
    #214,#215,#216,#217,#218,#219,#220,#221,#222,#223,#224,#225,#226,
    #227,#228,#229,#230,#231,#232,#233,#234,#235,#236,#237,#238,#239,
    #240,#241,#242,#243,#244,#245,#246,#247,#248,#249,#250,#251,#252,
    #253,#254,#255,#256,#257,#258,#259,#260,#261,#262,#263,#264,#265),
  .UNSPECIFIED.,.T.,.F.,(9,7,7,7,7,7,7,7,9),(0.,0.137051580222,
    0.279857660568,0.450918621508,0.596938513983,0.691284026627,
    0.795106435582,0.899680494515,1.),.UNSPECIFIED.);
#208 = CARTESIAN_POINT('',(-2.356194490192,-116.25));
#209 = CARTESIAN_POINT('',(-2.346439879312,-116.25));
#210 = CARTESIAN_POINT('',(-2.336912850858,-116.2151571687));
#211 = CARTESIAN_POINT('',(-2.327807637454,-116.1483145933));
#212 = CARTESIAN_POINT('',(-2.319291661545,-116.053121794));
#213 = CARTESIAN_POINT('',(-2.311502615664,-115.9340024406));
#214 = CARTESIAN_POINT('',(-2.30454257345,-115.7961099459));
#215 = CARTESIAN_POINT('',(-2.29847050281,-115.6452753231));
#216 = CARTESIAN_POINT('',(-2.287901275477,-115.3240223912));
#217 = CARTESIAN_POINT('',(-2.283354224841,-115.1491956604));
#218 = CARTESIAN_POINT('',(-2.279621850778,-114.9665092413));
#219 = CARTESIAN_POINT('',(-2.276673015065,-114.778243302));
#220 = CARTESIAN_POINT('',(-2.274480846533,-114.5861510727));
#221 = CARTESIAN_POINT('',(-2.273025638979,-114.3916343187));
#222 = CARTESIAN_POINT('',(-2.272297220132,-114.1958831925));
#223 = CARTESIAN_POINT('',(-2.272297220132,-113.7653603608));
#224 = CARTESIAN_POINT('',(-2.273342426167,-113.5310545736));
#225 = CARTESIAN_POINT('',(-2.275427571845,-113.298824966));
#226 = CARTESIAN_POINT('',(-2.278576422596,-113.0706275748));
#227 = CARTESIAN_POINT('',(-2.282831139071,-112.8490626503));
#228 = CARTESIAN_POINT('',(-2.288245075911,-112.6376393427));
#229 = CARTESIAN_POINT('',(-2.29487311577,-112.4411394618));
#230 = CARTESIAN_POINT('',(-2.30948055667,-112.1171385195));
#231 = CARTESIAN_POINT('',(-2.317368012649,-111.9782481869));
#232 = CARTESIAN_POINT('',(-2.32629945967,-111.8616692495));
#233 = CARTESIAN_POINT('',(-2.336058278038,-111.7764012163));
#234 = CARTESIAN_POINT('',(-2.346348048314,-111.7284379581));
#235 = CARTESIAN_POINT('',(-2.356832745441,-111.720653244));
#236 = CARTESIAN_POINT('',(-2.367167273413,-111.7526690242));
#237 = CARTESIAN_POINT('',(-2.383412214244,-111.8646358346));
#238 = CARTESIAN_POINT('',(-2.38964248371,-111.9239477544));
#239 = CARTESIAN_POINT('',(-2.395666889147,-111.9982084122));
#240 = CARTESIAN_POINT('',(-2.401427847481,-112.0868010773));
#241 = CARTESIAN_POINT('',(-2.406870743566,-112.1889200735));
#242 = CARTESIAN_POINT('',(-2.411944753365,-112.3035829138));
#243 = CARTESIAN_POINT('',(-2.41660379219,-112.4296420192));
#244 = CARTESIAN_POINT('',(-2.425433650183,-112.7156265372));
#245 = CARTESIAN_POINT('',(-2.429508083679,-112.8776711557));
#246 = CARTESIAN_POINT('',(-2.432977695655,-113.0502025001));
#247 = CARTESIAN_POINT('',(-2.435799027513,-113.2313206211));
#248 = CARTESIAN_POINT('',(-2.437938686358,-113.4189975392));
#249 = CARTESIAN_POINT('',(-2.439373680681,-113.6111176365));
#250 = CARTESIAN_POINT('',(-2.440091760253,-113.8055138973));
#251 = CARTESIAN_POINT('',(-2.440091760253,-114.1958941365));
#252 = CARTESIAN_POINT('',(-2.439363261492,-114.391644943));
#253 = CARTESIAN_POINT('',(-2.437908034277,-114.5861566017));
#254 = CARTESIAN_POINT('',(-2.4357159219,-114.7782437218));
#255 = CARTESIAN_POINT('',(-2.432767159707,-114.9665071984));
#256 = CARTESIAN_POINT('',(-2.429034805718,-115.1491940656));
#257 = CARTESIAN_POINT('',(-2.424487707216,-115.324022321));
#258 = CARTESIAN_POINT('',(-2.413920571689,-115.6452116722));
#259 = CARTESIAN_POINT('',(-2.407848673204,-115.7960683929));
#260 = CARTESIAN_POINT('',(-2.400887046757,-115.9340105692));
#261 = CARTESIAN_POINT('',(-2.393095372718,-116.0531685635));
#262 = CARTESIAN_POINT('',(-2.384576810836,-116.1483695388));
#263 = CARTESIAN_POINT('',(-2.375470323176,-116.21518976));
#264 = CARTESIAN_POINT('',(-2.365944538521,-116.25));
#265 = CARTESIAN_POINT('',(-2.356194490192,-116.25));
#266 = ( GEOMETRIC_REPRESENTATION_CONTEXT(2) 
PARAMETRIC_REPRESENTATION_CONTEXT() REPRESENTATION_CONTEXT('2D SPACE',''
  ) );
#267 = PCURVE('',#268,#273);
#268 = CYLINDRICAL_SURFACE('',#269,2.25);
#269 = AXIS2_PLACEMENT_3D('',#270,#271,#272);
#270 = CARTESIAN_POINT('',(8.076315059497,9.876315059497,114.0000001));
#271 = DIRECTION('',(0.707106781187,0.707106781187,-7.850462293419E-17)
  );
#272 = DIRECTION('',(1.110223024625E-16,0.,1.));
#273 = DEFINITIONAL_REPRESENTATION('',(#274),#333);
#274 = B_SPLINE_CURVE_WITH_KNOTS('',8,(#275,#276,#277,#278,#279,#280,
    #281,#282,#283,#284,#285,#286,#287,#288,#289,#290,#291,#292,#293,
    #294,#295,#296,#297,#298,#299,#300,#301,#302,#303,#304,#305,#306,
    #307,#308,#309,#310,#311,#312,#313,#314,#315,#316,#317,#318,#319,
    #320,#321,#322,#323,#324,#325,#326,#327,#328,#329,#330,#331,#332),
  .UNSPECIFIED.,.F.,.F.,(9,7,7,7,7,7,7,7,9),(0.,0.137051580222,
    0.279857660568,0.450918621508,0.596938513983,0.691284026627,
    0.795106435582,0.899680494515,1.),.UNSPECIFIED.);
#275 = CARTESIAN_POINT('',(0.,-0.3));
#276 = CARTESIAN_POINT('',(-0.116405023178,-0.3));
#277 = CARTESIAN_POINT('',(-0.23009413487,-0.297080154536));
#278 = CARTESIAN_POINT('',(-0.341136590167,-0.291479058068));
#279 = CARTESIAN_POINT('',(-0.449452723889,-0.283752982604));
#280 = CARTESIAN_POINT('',(-0.55482985747,-0.274674538084));
#281 = CARTESIAN_POINT('',(-0.656890172557,-0.265066200942));
#282 = CARTESIAN_POINT('',(-0.755015005441,-0.255638520248));
#283 = CARTESIAN_POINT('',(-0.945358924672,-0.237800307803));
#284 = CARTESIAN_POINT('',(-1.039439535279,-0.229235198156));
#285 = CARTESIAN_POINT('',(-1.131110339682,-0.221643969617));
#286 = CARTESIAN_POINT('',(-1.220894353998,-0.215326164017));
#287 = CARTESIAN_POINT('',(-1.309278924117,-0.210473369204));
#288 = CARTESIAN_POINT('',(-1.396736753569,-0.207199099452));
#289 = CARTESIAN_POINT('',(-1.483737130093,-0.205560169804));
#290 = CARTESIAN_POINT('',(-1.675080610842,-0.205560169804));
#291 = CARTESIAN_POINT('',(-1.779216116252,-0.207911734597));
#292 = CARTESIAN_POINT('',(-1.884158891216,-0.212603880424));
#293 = CARTESIAN_POINT('',(-1.990742070401,-0.219524304962));
#294 = CARTESIAN_POINT('',(-2.099773058032,-0.228446893307));
#295 = CARTESIAN_POINT('',(-2.212076207367,-0.238956954861));
#296 = CARTESIAN_POINT('',(-2.328566817664,-0.250366058807));
#297 = CARTESIAN_POINT('',(-2.554476763225,-0.271316108638));
#298 = CARTESIAN_POINT('',(-2.666269919764,-0.281241818324));
#299 = CARTESIAN_POINT('',(-2.783078473048,-0.290439732787));
#300 = CARTESIAN_POINT('',(-2.90316909687,-0.2976955113));
#301 = CARTESIAN_POINT('',(-3.025293342481,-0.301882486959));
#302 = CARTESIAN_POINT('',(-3.148369932078,-0.302485702693));
#303 = CARTESIAN_POINT('',(-3.271360616024,-0.299690881677));
#304 = CARTESIAN_POINT('',(-3.471461341444,-0.290600988547));
#305 = CARTESIAN_POINT('',(-3.550002213026,-0.285867606419));
#306 = CARTESIAN_POINT('',(-3.628540125076,-0.280101951734));
#307 = CARTESIAN_POINT('',(-3.707076857794,-0.273499562949));
#308 = CARTESIAN_POINT('',(-3.785615690737,-0.266305222605));
#309 = CARTESIAN_POINT('',(-3.864158498001,-0.258795950019));
#310 = CARTESIAN_POINT('',(-3.942702774964,-0.251260033606));
#311 = CARTESIAN_POINT('',(-4.107663249579,-0.235952107947));
#312 = CARTESIAN_POINT('',(-4.194071223493,-0.228233269331));
#313 = CARTESIAN_POINT('',(-4.280455342063,-0.221180906441));
#314 = CARTESIAN_POINT('',(-4.366821036163,-0.215141599245));
#315 = CARTESIAN_POINT('',(-4.453181320777,-0.210404769557));
#316 = CARTESIAN_POINT('',(-4.539552516068,-0.207175725602));
#317 = CARTESIAN_POINT('',(-4.625950712552,-0.205560169804));
#318 = CARTESIAN_POINT('',(-4.799453041077,-0.205560169804));
#319 = CARTESIAN_POINT('',(-4.886453263085,-0.207199277635));
#320 = CARTESIAN_POINT('',(-4.973909017958,-0.210473596007));
#321 = CARTESIAN_POINT('',(-5.062291347615,-0.215326243556));
#322 = CARTESIAN_POINT('',(-5.152074030981,-0.221643889519));
#323 = CARTESIAN_POINT('',(-5.243744850935,-0.229235113424));
#324 = CARTESIAN_POINT('',(-5.337826340936,-0.237800303907));
#325 = CARTESIAN_POINT('',(-5.528132588303,-0.255634985907));
#326 = CARTESIAN_POINT('',(-5.626263430876,-0.265063039488));
#327 = CARTESIAN_POINT('',(-5.728351234157,-0.27467451413));
#328 = CARTESIAN_POINT('',(-5.833761998642,-0.283756421552));
#329 = CARTESIAN_POINT('',(-5.942106109132,-0.291483669519));
#330 = CARTESIAN_POINT('',(-6.053160471676,-0.297082883801));
#331 = CARTESIAN_POINT('',(-6.16683473046,-0.3));
#332 = CARTESIAN_POINT('',(-6.28318530718,-0.3));
#333 = ( GEOMETRIC_REPRESENTATION_CONTEXT(2) 
PARAMETRIC_REPRESENTATION_CONTEXT() REPRESENTATION_CONTEXT('2D SPACE',''
  ) );
#334 = FACE_BOUND('',#335,.F.);
#335 = EDGE_LOOP('',(#336));
#336 = ORIENTED_EDGE('',*,*,#337,.T.);
#337 = EDGE_CURVE('',#338,#338,#340,.T.);
#338 = VERTEX_POINT('',#339);
#339 = CARTESIAN_POINT('',(26.8500001,1.8000001,116.2500001));
#340 = SURFACE_CURVE('',#341,(#392,#446),.PCURVE_S1.);
#341 = B_SPLINE_CURVE_WITH_KNOTS('',7,(#342,#343,#344,#345,#346,#347,
    #348,#349,#350,#351,#352,#353,#354,#355,#356,#357,#358,#359,#360,
    #361,#362,#363,#364,#365,#366,#367,#368,#369,#370,#371,#372,#373,
    #374,#375,#376,#377,#378,#379,#380,#381,#382,#383,#384,#385,#386,
    #387,#388,#389,#390,#391),.UNSPECIFIED.,.T.,.F.,(8,6,6,6,6,6,6,6,8),
  (0.,0.122432429922,0.250005533392,0.377585764362,0.500001395499,
    0.62244634745,0.750028110903,0.877609351155,1.),.UNSPECIFIED.);
#342 = CARTESIAN_POINT('',(26.8500001,1.8000001,116.2500001));
#343 = CARTESIAN_POINT('',(26.550672897542,1.8000001,116.2500001));
#344 = CARTESIAN_POINT('',(26.259493214905,1.803893227285,
    116.20354299169));
#345 = CARTESIAN_POINT('',(25.984865520094,1.81129773072,116.11517771436
    ));
#346 = CARTESIAN_POINT('',(25.733742238118,1.821196504072,
    115.99106607373));
#347 = CARTESIAN_POINT('',(25.51136409996,1.83220732499,115.83889665224)
  );
#348 = CARTESIAN_POINT('',(25.32076383201,1.843113621262,115.66775022688
    ));
#349 = CARTESIAN_POINT('',(24.997080909005,1.863500149771,
    115.30060401897));
#350 = CARTESIAN_POINT('',(24.862221436552,1.873186485868,
    115.09872634098));
#351 = CARTESIAN_POINT('',(24.756279988298,1.881457917092,
    114.88717914153));
#352 = CARTESIAN_POINT('',(24.677887310209,1.887889954874,
    114.66930766257));
#353 = CARTESIAN_POINT('',(24.625985777108,1.892254690665,
    114.44755702306));
#354 = CARTESIAN_POINT('',(24.6000001,1.894439930196,114.2238666058));
#355 = CARTESIAN_POINT('',(24.6000001,1.894439930196,113.77612108679));
#356 = CARTESIAN_POINT('',(24.625988628329,1.892254453088,
    113.55243318033));
#357 = CARTESIAN_POINT('',(24.677889861537,1.887889734536,
    113.33068968905));
#358 = CARTESIAN_POINT('',(24.756279763231,1.881457978353,
    113.11282306721));
#359 = CARTESIAN_POINT('',(24.862219667133,1.87318659736,112.90127595878
    ));
#360 = CARTESIAN_POINT('',(24.997080838312,1.863500154223,
    112.69939626121));
#361 = CARTESIAN_POINT('',(25.320733295968,1.843115544514,
    112.33228460946));
#362 = CARTESIAN_POINT('',(25.511331440564,1.832208955667,
    112.16112318964));
#363 = CARTESIAN_POINT('',(25.733737265301,1.821196117967,
    112.00892387712));
#364 = CARTESIAN_POINT('',(25.984905407397,1.811295351302,
    111.88479402334));
#365 = CARTESIAN_POINT('',(26.259570078829,1.803891360523,
    111.79643495517));
#366 = CARTESIAN_POINT('',(26.550744574948,1.8000001,111.7500001));
#367 = CARTESIAN_POINT('',(27.149327302298,1.8000001,111.7500001));
#368 = CARTESIAN_POINT('',(27.440506985255,1.803893227281,
    111.79645720825));
#369 = CARTESIAN_POINT('',(27.715134680019,1.811297730731,
    111.88482248574));
#370 = CARTESIAN_POINT('',(27.966257961753,1.821196504067,
    112.00893412626));
#371 = CARTESIAN_POINT('',(28.18863609994,1.832207324982,112.16110354758
    ));
#372 = CARTESIAN_POINT('',(28.379236368097,1.843113621269,
    112.33224997324));
#373 = CARTESIAN_POINT('',(28.702913610542,1.863499791999,
    112.69938973781));
#374 = CARTESIAN_POINT('',(28.83778072598,1.87318652743,112.90127275808)
  );
#375 = CARTESIAN_POINT('',(28.943723959114,1.881458278854,
    113.11282775146));
#376 = CARTESIAN_POINT('',(29.022112461396,1.887889913557,
    113.33069780169));
#377 = CARTESIAN_POINT('',(29.074011333755,1.892254432497,113.5524378429
    ));
#378 = CARTESIAN_POINT('',(29.1000001,1.894439930196,113.77612016868));
#379 = CARTESIAN_POINT('',(29.1000001,1.894439930196,114.22387911321));
#380 = CARTESIAN_POINT('',(29.074011571671,1.892254453088,
    114.44756701966));
#381 = CARTESIAN_POINT('',(29.022110338463,1.887889734536,
    114.66931051095));
#382 = CARTESIAN_POINT('',(28.943720436769,1.881457978353,
    114.88717713278));
#383 = CARTESIAN_POINT('',(28.837780532867,1.87318659736,115.09872424121
    ));
#384 = CARTESIAN_POINT('',(28.702919361688,1.863500154223,
    115.30060393878));
#385 = CARTESIAN_POINT('',(28.379300500377,1.843117660514,
    115.66767748296));
#386 = CARTESIAN_POINT('',(28.188695748326,1.832210193841,
    115.83886549642));
#387 = CARTESIAN_POINT('',(27.966251524564,1.821194821081,
    115.99109777307));
#388 = CARTESIAN_POINT('',(27.715036793203,1.81129253582,116.11523955396
    ));
#389 = CARTESIAN_POINT('',(27.440345784953,1.803889588261,
    116.20358644678));
#390 = CARTESIAN_POINT('',(27.149187297155,1.8000001,116.2500001));
#391 = CARTESIAN_POINT('',(26.8500001,1.8000001,116.2500001));
#392 = PCURVE('',#33,#393);
#393 = DEFINITIONAL_REPRESENTATION('',(#394),#445);
#394 = B_SPLINE_CURVE_WITH_KNOTS('',7,(#395,#396,#397,#398,#399,#400,
    #401,#402,#403,#404,#405,#406,#407,#408,#409,#410,#411,#412,#413,
    #414,#415,#416,#417,#418,#419,#420,#421,#422,#423,#424,#425,#426,
    #427,#428,#429,#430,#431,#432,#433,#434,#435,#436,#437,#438,#439,
    #440,#441,#442,#443,#444),.UNSPECIFIED.,.T.,.F.,(8,6,6,6,6,6,6,6,8),
  (0.,0.122432429922,0.250005533392,0.377585764362,0.500001395499,
    0.62244634745,0.750028110903,0.877609351155,1.),.UNSPECIFIED.);
#395 = CARTESIAN_POINT('',(-3.14159265359,-116.25));
#396 = CARTESIAN_POINT('',(-3.130444526869,-116.25));
#397 = CARTESIAN_POINT('',(-3.119599843384,-116.2035428916));
#398 = CARTESIAN_POINT('',(-3.109369375332,-116.1151776143));
#399 = CARTESIAN_POINT('',(-3.100010274552,-115.9910659737));
#400 = CARTESIAN_POINT('',(-3.091718286577,-115.8388965522));
#401 = CARTESIAN_POINT('',(-3.084608087661,-115.6677501268));
#402 = CARTESIAN_POINT('',(-3.072528970709,-115.3006039189));
#403 = CARTESIAN_POINT('',(-3.067493527415,-115.0987262409));
#404 = CARTESIAN_POINT('',(-3.063535906231,-114.8871790415));
#405 = CARTESIAN_POINT('',(-3.060606450693,-114.6693075625));
#406 = CARTESIAN_POINT('',(-3.058666608659,-114.447556923));
#407 = CARTESIAN_POINT('',(-3.057695383529,-114.2238665058));
#408 = CARTESIAN_POINT('',(-3.057695383529,-113.7761209867));
#409 = CARTESIAN_POINT('',(-3.05866671521,-113.5524330803));
#410 = CARTESIAN_POINT('',(-3.060606546082,-113.330689589));
#411 = CARTESIAN_POINT('',(-3.063535897683,-113.1128229672));
#412 = CARTESIAN_POINT('',(-3.067493461395,-112.9012758587));
#413 = CARTESIAN_POINT('',(-3.072528968071,-112.6993961612));
#414 = CARTESIAN_POINT('',(-3.084606948125,-112.3322845094));
#415 = CARTESIAN_POINT('',(-3.091717068735,-112.1611230896));
#416 = CARTESIAN_POINT('',(-3.100010090656,-112.0089237771));
#417 = CARTESIAN_POINT('',(-3.109370862608,-111.8847939233));
#418 = CARTESIAN_POINT('',(-3.119602706104,-111.7964348551));
#419 = CARTESIAN_POINT('',(-3.130447196418,-111.75));
#420 = CARTESIAN_POINT('',(-3.152740780305,-111.75));
#421 = CARTESIAN_POINT('',(-3.163585463802,-111.7964571082));
#422 = CARTESIAN_POINT('',(-3.173815931852,-111.8848223857));
#423 = CARTESIAN_POINT('',(-3.183175032623,-112.0089340262));
#424 = CARTESIAN_POINT('',(-3.191467020599,-112.1611034475));
#425 = CARTESIAN_POINT('',(-3.198577219522,-112.3322498732));
#426 = CARTESIAN_POINT('',(-3.210656124489,-112.6993896378));
#427 = CARTESIAN_POINT('',(-3.215691852795,-112.901272658));
#428 = CARTESIAN_POINT('',(-3.219649541109,-113.1128276514));
#429 = CARTESIAN_POINT('',(-3.222578840475,-113.3306977016));
#430 = CARTESIAN_POINT('',(-3.224518583065,-113.5524377429));
#431 = CARTESIAN_POINT('',(-3.225489923651,-113.7761200686));
#432 = CARTESIAN_POINT('',(-3.225489923651,-114.2238790132));
#433 = CARTESIAN_POINT('',(-3.224518591969,-114.4475669196));
#434 = CARTESIAN_POINT('',(-3.222578761098,-114.6693104109));
#435 = CARTESIAN_POINT('',(-3.219649409497,-114.8871770327));
#436 = CARTESIAN_POINT('',(-3.215691845784,-115.0987241412));
#437 = CARTESIAN_POINT('',(-3.210656339109,-115.3006038387));
#438 = CARTESIAN_POINT('',(-3.198579612795,-115.6676773829));
#439 = CARTESIAN_POINT('',(-3.191469244535,-115.8388653964));
#440 = CARTESIAN_POINT('',(-3.183174789521,-115.991097673));
#441 = CARTESIAN_POINT('',(-3.173812282711,-116.1152394539));
#442 = CARTESIAN_POINT('',(-3.163579460115,-116.2035863467));
#443 = CARTESIAN_POINT('',(-3.152735565961,-116.25));
#444 = CARTESIAN_POINT('',(-3.14159265359,-116.25));
#445 = ( GEOMETRIC_REPRESENTATION_CONTEXT(2) 
PARAMETRIC_REPRESENTATION_CONTEXT() REPRESENTATION_CONTEXT('2D SPACE',''
  ) );
#446 = PCURVE('',#447,#452);
#447 = CYLINDRICAL_SURFACE('',#448,2.25);
#448 = AXIS2_PLACEMENT_3D('',#449,#450,#451);
#449 = CARTESIAN_POINT('',(26.8500001,2.1000001,114.0000001));
#450 = DIRECTION('',(0.,1.,0.));
#451 = DIRECTION('',(1.110223024625E-16,0.,1.));
#452 = DEFINITIONAL_REPRESENTATION('',(#453),#504);
#453 = B_SPLINE_CURVE_WITH_KNOTS('',7,(#454,#455,#456,#457,#458,#459,
    #460,#461,#462,#463,#464,#465,#466,#467,#468,#469,#470,#471,#472,
    #473,#474,#475,#476,#477,#478,#479,#480,#481,#482,#483,#484,#485,
    #486,#487,#488,#489,#490,#491,#492,#493,#494,#495,#496,#497,#498,
    #499,#500,#501,#502,#503),.UNSPECIFIED.,.F.,.F.,(8,6,6,6,6,6,6,6,8),
  (0.,0.122432429922,0.250005533392,0.377585764362,0.500001395499,
    0.62244634745,0.750028110903,0.877609351155,1.),.UNSPECIFIED.);
#454 = CARTESIAN_POINT('',(0.,-0.3));
#455 = CARTESIAN_POINT('',(-0.133034312204,-0.3));
#456 = CARTESIAN_POINT('',(-0.262447409091,-0.296106872715));
#457 = CARTESIAN_POINT('',(-0.388350098812,-0.28870236928));
#458 = CARTESIAN_POINT('',(-0.510555348966,-0.278803595928));
#459 = CARTESIAN_POINT('',(-0.628620704979,-0.26779277501));
#460 = CARTESIAN_POINT('',(-0.741698575294,-0.256886478738));
#461 = CARTESIAN_POINT('',(-0.959234482987,-0.236499950229));
#462 = CARTESIAN_POINT('',(-1.066174552709,-0.226813614132));
#463 = CARTESIAN_POINT('',(-1.170071811866,-0.218542182908));
#464 = CARTESIAN_POINT('',(-1.271716896131,-0.212110145126));
#465 = CARTESIAN_POINT('',(-1.371882304095,-0.207745409335));
#466 = CARTESIAN_POINT('',(-1.471300101993,-0.205560169804));
#467 = CARTESIAN_POINT('',(-1.670298110444,-0.205560169804));
#468 = CARTESIAN_POINT('',(-1.769714775846,-0.207745646912));
#469 = CARTESIAN_POINT('',(-1.869877317481,-0.212110365464));
#470 = CARTESIAN_POINT('',(-1.97152007057,-0.218542121647));
#471 = CARTESIAN_POINT('',(-2.075416888763,-0.22681350264));
#472 = CARTESIAN_POINT('',(-2.182358123093,-0.236499945777));
#473 = CARTESIAN_POINT('',(-2.399873556097,-0.256884555486));
#474 = CARTESIAN_POINT('',(-2.512955805014,-0.267791144333));
#475 = CARTESIAN_POINT('',(-2.631038097349,-0.278803982033));
#476 = CARTESIAN_POINT('',(-2.753263008345,-0.288704748698));
#477 = CARTESIAN_POINT('',(-2.879179413577,-0.296108739477));
#478 = CARTESIAN_POINT('',(-3.008590198011,-0.3));
#479 = CARTESIAN_POINT('',(-3.274626965722,-0.3));
#480 = CARTESIAN_POINT('',(-3.404040062752,-0.296106872719));
#481 = CARTESIAN_POINT('',(-3.529942752447,-0.288702369269));
#482 = CARTESIAN_POINT('',(-3.652148002525,-0.278803595933));
#483 = CARTESIAN_POINT('',(-3.770213358481,-0.267792775018));
#484 = CARTESIAN_POINT('',(-3.883291228955,-0.256886478731));
#485 = CARTESIAN_POINT('',(-4.100823318944,-0.236500308001));
#486 = CARTESIAN_POINT('',(-4.207767405045,-0.22681357257));
#487 = CARTESIAN_POINT('',(-4.311667615582,-0.218541821146));
#488 = CARTESIAN_POINT('',(-4.413311605406,-0.212110186443));
#489 = CARTESIAN_POINT('',(-4.513472592057,-0.207745667503));
#490 = CARTESIAN_POINT('',(-4.612886788687,-0.205560169804));
#491 = CARTESIAN_POINT('',(-4.811890764034,-0.205560169804));
#492 = CARTESIAN_POINT('',(-4.911307429436,-0.207745646912));
#493 = CARTESIAN_POINT('',(-5.011469971072,-0.212110365464));
#494 = CARTESIAN_POINT('',(-5.113112724159,-0.218542121647));
#495 = CARTESIAN_POINT('',(-5.217009542353,-0.22681350264));
#496 = CARTESIAN_POINT('',(-5.323950776683,-0.236499945777));
#497 = CARTESIAN_POINT('',(-5.541443630764,-0.256882439486));
#498 = CARTESIAN_POINT('',(-5.654536697628,-0.267789906159));
#499 = CARTESIAN_POINT('',(-5.772639956136,-0.278805278919));
#500 = CARTESIAN_POINT('',(-5.894884041133,-0.28870756418));
#501 = CARTESIAN_POINT('',(-6.020809555682,-0.296110511739));
#502 = CARTESIAN_POINT('',(-6.150213219555,-0.3));
#503 = CARTESIAN_POINT('',(-6.28318530718,-0.3));
#504 = ( GEOMETRIC_REPRESENTATION_CONTEXT(2) 
PARAMETRIC_REPRESENTATION_CONTEXT() REPRESENTATION_CONTEXT('2D SPACE',''
  ) );
#505 = FACE_BOUND('',#506,.F.);
#506 = EDGE_LOOP('',(#507));
#507 = ORIENTED_EDGE('',*,*,#508,.T.);
#508 = EDGE_CURVE('',#509,#509,#511,.T.);
#509 = VERTEX_POINT('',#510);
#510 = CARTESIAN_POINT('',(45.835817174859,9.664183025141,116.2500001));
#511 = SURFACE_CURVE('',#512,(#571,#633),.PCURVE_S1.);
#512 = B_SPLINE_CURVE_WITH_KNOTS('',8,(#513,#514,#515,#516,#517,#518,
    #519,#520,#521,#522,#523,#524,#525,#526,#527,#528,#529,#530,#531,
    #532,#533,#534,#535,#536,#537,#538,#539,#540,#541,#542,#543,#544,
    #545,#546,#547,#548,#549,#550,#551,#552,#553,#554,#555,#556,#557,
    #558,#559,#560,#561,#562,#563,#564,#565,#566,#567,#568,#569,#570),
  .UNSPECIFIED.,.T.,.F.,(9,7,7,7,7,7,7,7,9),(0.,0.137051579733,
    0.279857661051,0.450918620143,0.596938513672,0.69128402826,
    0.795106438393,0.899680496396,1.),.UNSPECIFIED.);
#513 = CARTESIAN_POINT('',(45.835817174859,9.664183025141,116.2500001));
#514 = CARTESIAN_POINT('',(45.650617915023,9.478983765305,116.2500001));
#515 = CARTESIAN_POINT('',(45.467674895182,9.300170030552,
    116.21515726827));
#516 = CARTESIAN_POINT('',(45.290871094748,9.131287376528,
    116.14831469518));
#517 = CARTESIAN_POINT('',(45.123800780292,8.975143383045,
    116.05312189264));
#518 = CARTESIAN_POINT('',(44.969628957434,8.833810419585,
    115.93400253881));
#519 = CARTESIAN_POINT('',(44.830862971739,8.70863267415,115.79611004937
    ));
#520 = CARTESIAN_POINT('',(44.709104776886,8.600207233609,115.6452754215
    ));
#521 = CARTESIAN_POINT('',(44.496222665899,8.412552164462,
    115.32402249122));
#522 = CARTESIAN_POINT('',(44.404047143053,8.332489535842,
    115.14919576048));
#523 = CARTESIAN_POINT('',(44.328019374213,8.267197385357,
    114.96650934132));
#524 = CARTESIAN_POINT('',(44.267744045219,8.215856782727,
    114.77824340205));
#525 = CARTESIAN_POINT('',(44.22283413171,8.177809757457,114.58615117275
    ));
#526 = CARTESIAN_POINT('',(44.192987757484,8.152593899922,
    114.39163441875));
#527 = CARTESIAN_POINT('',(44.178047872843,8.139971811817,
    114.19588329257));
#528 = CARTESIAN_POINT('',(44.178047872843,8.139971811817,
    113.76536046502));
#529 = CARTESIAN_POINT('',(44.199484982237,8.158083306142,
    113.53105466168));
#530 = CARTESIAN_POINT('',(44.242251741894,8.194214370315,
    113.29882507839));
#531 = CARTESIAN_POINT('',(44.306728254284,8.248903923727,
    113.07062767548));
#532 = CARTESIAN_POINT('',(44.39357122587,8.323128449541,112.84906273796
    ));
#533 = CARTESIAN_POINT('',(44.503526172616,8.418219925915,
    112.63763945325));
#534 = CARTESIAN_POINT('',(44.637180758579,8.535739601363,
    112.44113955874));
#535 = CARTESIAN_POINT('',(44.928932950355,8.797863948824,
    112.11713861954));
#536 = CARTESIAN_POINT('',(45.085539958006,8.94043388322,111.97824828692
    ));
#537 = CARTESIAN_POINT('',(45.261500298047,9.103386407882,
    111.86166934953));
#538 = CARTESIAN_POINT('',(45.451861482726,9.283486372181,
    111.77640131632));
#539 = CARTESIAN_POINT('',(45.650191963313,9.475895575007,
    111.72843805817));
#540 = CARTESIAN_POINT('',(45.849703226279,9.6745537621,111.72065334402)
  );
#541 = CARTESIAN_POINT('',(46.043937895923,9.87274090553,111.75266912425
    ));
#542 = CARTESIAN_POINT('',(46.345866865571,10.18752492539,111.8646359352
    ));
#543 = CARTESIAN_POINT('',(46.460762537844,10.309114610636,
    111.92394785276));
#544 = CARTESIAN_POINT('',(46.570996235729,10.427502175764,
    111.99820851275));
#545 = CARTESIAN_POINT('',(46.675609513157,10.541452641092,
    112.0868011792));
#546 = CARTESIAN_POINT('',(46.773738694447,10.649756155875,
    112.18892017307));
#547 = CARTESIAN_POINT('',(46.864618777791,10.75125595419,
    112.30358301156));
#548 = CARTESIAN_POINT('',(46.947585924142,10.844880496058,
    112.42964212092));
#549 = CARTESIAN_POINT('',(47.104053833311,11.022997080929,
    112.71562663396));
#550 = CARTESIAN_POINT('',(47.175760883552,11.105620217953,
    112.87767126182));
#551 = CARTESIAN_POINT('',(47.236459646509,11.176292527986,
    113.05020259988));
#552 = CARTESIAN_POINT('',(47.285584526864,11.233958278168,
    113.23132071531));
#553 = CARTESIAN_POINT('',(47.322720005195,11.27779264538,
    113.41899763954));
#554 = CARTESIAN_POINT('',(47.347585347419,11.307224545634,
    113.6111177429));
#555 = CARTESIAN_POINT('',(47.360028388183,11.321952327157,
    113.80551399343));
#556 = CARTESIAN_POINT('',(47.360028388183,11.321952327157,
    114.19589423655));
#557 = CARTESIAN_POINT('',(47.347404913984,11.307010804433,
    114.39164504305));
#558 = CARTESIAN_POINT('',(47.322188719335,11.277164024334,
    114.58615670171));
#559 = CARTESIAN_POINT('',(47.284142651058,11.232255276081,
    114.77824382186));
#560 = CARTESIAN_POINT('',(47.23280332666,11.171981451079,
    114.96650729844));
#561 = CARTESIAN_POINT('',(47.167511555117,11.095954067734,
    115.14919416561));
#562 = CARTESIAN_POINT('',(47.087448076522,11.003777580595,
    115.32402242106));
#563 = CARTESIAN_POINT('',(46.899830147029,10.790937602058,
    115.64521177074));
#564 = CARTESIAN_POINT('',(46.791408260923,10.669182434331,
    115.79606849616));
#565 = CARTESIAN_POINT('',(46.666202735263,10.530384231266,
    115.93401066768));
#566 = CARTESIAN_POINT('',(46.524822364285,10.376160103621,
    116.05316866226));
#567 = CARTESIAN_POINT('',(46.368630079322,10.20903983955,
    116.14836964038));
#568 = CARTESIAN_POINT('',(46.199721860762,10.032213136362,
    116.21518985963));
#569 = CARTESIAN_POINT('',(46.020929810655,9.849295660938,116.2500001));
#570 = CARTESIAN_POINT('',(45.835817174859,9.664183025141,116.2500001));
#571 = PCURVE('',#33,#572);
#572 = DEFINITIONAL_REPRESENTATION('',(#573),#632);
#573 = B_SPLINE_CURVE_WITH_KNOTS('',8,(#574,#575,#576,#577,#578,#579,
    #580,#581,#582,#583,#584,#585,#586,#587,#588,#589,#590,#591,#592,
    #593,#594,#595,#596,#597,#598,#599,#600,#601,#602,#603,#604,#605,
    #606,#607,#608,#609,#610,#611,#612,#613,#614,#615,#616,#617,#618,
    #619,#620,#621,#622,#623,#624,#625,#626,#627,#628,#629,#630,#631),
  .UNSPECIFIED.,.T.,.F.,(9,7,7,7,7,7,7,7,9),(0.,0.137051579733,
    0.279857661051,0.450918620143,0.596938513672,0.69128402826,
    0.795106438393,0.899680496396,1.),.UNSPECIFIED.);
#574 = CARTESIAN_POINT('',(-3.926990816987,-116.25));
#575 = CARTESIAN_POINT('',(-3.917236206,-116.25));
#576 = CARTESIAN_POINT('',(-3.907709177843,-116.2151571682));
#577 = CARTESIAN_POINT('',(-3.898603964209,-116.1483145951));
#578 = CARTESIAN_POINT('',(-3.890087988211,-116.0531217926));
#579 = CARTESIAN_POINT('',(-3.882298942498,-115.9340024388));
#580 = CARTESIAN_POINT('',(-3.87533890033,-115.7961099493));
#581 = CARTESIAN_POINT('',(-3.869266829551,-115.6452753215));
#582 = CARTESIAN_POINT('',(-3.858697602272,-115.3240223912));
#583 = CARTESIAN_POINT('',(-3.854150551636,-115.1491956604));
#584 = CARTESIAN_POINT('',(-3.850418177573,-114.9665092413));
#585 = CARTESIAN_POINT('',(-3.847469341859,-114.778243302));
#586 = CARTESIAN_POINT('',(-3.845277173328,-114.5861510727));
#587 = CARTESIAN_POINT('',(-3.843821965774,-114.3916343187));
#588 = CARTESIAN_POINT('',(-3.843093546926,-114.1958831925));
#589 = CARTESIAN_POINT('',(-3.843093546926,-113.765360365));
#590 = CARTESIAN_POINT('',(-3.84413875307,-113.5310545616));
#591 = CARTESIAN_POINT('',(-3.846223898399,-113.2988249783));
#592 = CARTESIAN_POINT('',(-3.84937274949,-113.0706275754));
#593 = CARTESIAN_POINT('',(-3.853627466102,-112.8490626379));
#594 = CARTESIAN_POINT('',(-3.859041402379,-112.6376393532));
#595 = CARTESIAN_POINT('',(-3.865669442707,-112.4411394587));
#596 = CARTESIAN_POINT('',(-3.880276883465,-112.1171385195));
#597 = CARTESIAN_POINT('',(-3.888164339444,-111.9782481869));
#598 = CARTESIAN_POINT('',(-3.897095786465,-111.8616692495));
#599 = CARTESIAN_POINT('',(-3.906854604832,-111.7764012163));
#600 = CARTESIAN_POINT('',(-3.917144375109,-111.7284379581));
#601 = CARTESIAN_POINT('',(-3.927629072236,-111.720653244));
#602 = CARTESIAN_POINT('',(-3.937963600208,-111.7526690242));
#603 = CARTESIAN_POINT('',(-3.954208541124,-111.8646358352));
#604 = CARTESIAN_POINT('',(-3.960438810378,-111.9239477527));
#605 = CARTESIAN_POINT('',(-3.966463215928,-111.9982084127));
#606 = CARTESIAN_POINT('',(-3.972224174387,-112.0868010792));
#607 = CARTESIAN_POINT('',(-3.977667070375,-112.188920073));
#608 = CARTESIAN_POINT('',(-3.982741080048,-112.3035829115));
#609 = CARTESIAN_POINT('',(-3.987400119038,-112.4296420209));
#610 = CARTESIAN_POINT('',(-3.996229976877,-112.7156265339));
#611 = CARTESIAN_POINT('',(-4.000304410585,-112.8776711618));
#612 = CARTESIAN_POINT('',(-4.003774022495,-113.0502024998));
#613 = CARTESIAN_POINT('',(-4.006595354227,-113.2313206153));
#614 = CARTESIAN_POINT('',(-4.008735013108,-113.4189975395));
#615 = CARTESIAN_POINT('',(-4.010170007538,-113.6111176429));
#616 = CARTESIAN_POINT('',(-4.010888087048,-113.8055138934));
#617 = CARTESIAN_POINT('',(-4.010888087048,-114.1958941365));
#618 = CARTESIAN_POINT('',(-4.010159588287,-114.391644943));
#619 = CARTESIAN_POINT('',(-4.008704361072,-114.5861566017));
#620 = CARTESIAN_POINT('',(-4.006512248695,-114.7782437218));
#621 = CARTESIAN_POINT('',(-4.003563486502,-114.9665071984));
#622 = CARTESIAN_POINT('',(-3.999831132513,-115.1491940656));
#623 = CARTESIAN_POINT('',(-3.995284034011,-115.324022321));
#624 = CARTESIAN_POINT('',(-3.984716898535,-115.6452116707));
#625 = CARTESIAN_POINT('',(-3.978644999922,-115.7960683961));
#626 = CARTESIAN_POINT('',(-3.971683373512,-115.9340105676));
#627 = CARTESIAN_POINT('',(-3.963891699628,-116.0531685622));
#628 = CARTESIAN_POINT('',(-3.955373137671,-116.1483695403));
#629 = CARTESIAN_POINT('',(-3.946266649803,-116.2151897596));
#630 = CARTESIAN_POINT('',(-3.936740865408,-116.25));
#631 = CARTESIAN_POINT('',(-3.926990816987,-116.25));
#632 = ( GEOMETRIC_REPRESENTATION_CONTEXT(2) 
PARAMETRIC_REPRESENTATION_CONTEXT() REPRESENTATION_CONTEXT('2D SPACE',''
  ) );
#633 = PCURVE('',#634,#639);
#634 = CYLINDRICAL_SURFACE('',#635,2.25);
#635 = AXIS2_PLACEMENT_3D('',#636,#637,#638);
#636 = CARTESIAN_POINT('',(45.623685140503,9.876315059497,114.0000001));
#637 = DIRECTION('',(-0.707106781187,0.707106781187,7.850462293419E-17)
  );
#638 = DIRECTION('',(1.110223024625E-16,0.,1.));
#639 = DEFINITIONAL_REPRESENTATION('',(#640),#699);
#640 = B_SPLINE_CURVE_WITH_KNOTS('',8,(#641,#642,#643,#644,#645,#646,
    #647,#648,#649,#650,#651,#652,#653,#654,#655,#656,#657,#658,#659,
    #660,#661,#662,#663,#664,#665,#666,#667,#668,#669,#670,#671,#672,
    #673,#674,#675,#676,#677,#678,#679,#680,#681,#682,#683,#684,#685,
    #686,#687,#688,#689,#690,#691,#692,#693,#694,#695,#696,#697,#698),
  .UNSPECIFIED.,.F.,.F.,(9,7,7,7,7,7,7,7,9),(0.,0.137051579733,
    0.279857661051,0.450918620143,0.596938513672,0.69128402826,
    0.795106438393,0.899680496396,1.),.UNSPECIFIED.);
#641 = CARTESIAN_POINT('',(0.,-0.3));
#642 = CARTESIAN_POINT('',(-0.116405024445,-0.3));
#643 = CARTESIAN_POINT('',(-0.230094132716,-0.297080154513));
#644 = CARTESIAN_POINT('',(-0.341136590293,-0.291479058171));
#645 = CARTESIAN_POINT('',(-0.449452725669,-0.283752982518));
#646 = CARTESIAN_POINT('',(-0.554829857342,-0.274674537975));
#647 = CARTESIAN_POINT('',(-0.656890170895,-0.265066201143));
#648 = CARTESIAN_POINT('',(-0.755015006408,-0.255638520157));
#649 = CARTESIAN_POINT('',(-0.945358924672,-0.237800307803));
#650 = CARTESIAN_POINT('',(-1.039439535278,-0.229235198156));
#651 = CARTESIAN_POINT('',(-1.131110339682,-0.221643969617));
#652 = CARTESIAN_POINT('',(-1.220894353998,-0.215326164017));
#653 = CARTESIAN_POINT('',(-1.309278924117,-0.210473369204));
#654 = CARTESIAN_POINT('',(-1.396736753569,-0.207199099452));
#655 = CARTESIAN_POINT('',(-1.483737130093,-0.205560169804));
#656 = CARTESIAN_POINT('',(-1.675080609005,-0.205560169804));
#657 = CARTESIAN_POINT('',(-1.779216122092,-0.207911734771));
#658 = CARTESIAN_POINT('',(-1.884158884526,-0.212603880046));
#659 = CARTESIAN_POINT('',(-1.990742070663,-0.219524305106));
#660 = CARTESIAN_POINT('',(-2.099773064714,-0.228446893679));
#661 = CARTESIAN_POINT('',(-2.212076200955,-0.238956954371));
#662 = CARTESIAN_POINT('',(-2.32856681986,-0.25036605901));
#663 = CARTESIAN_POINT('',(-2.554476763225,-0.271316108638));
#664 = CARTESIAN_POINT('',(-2.666269919763,-0.281241818324));
#665 = CARTESIAN_POINT('',(-2.78307847305,-0.290439732787));
#666 = CARTESIAN_POINT('',(-2.903169096867,-0.297695511301));
#667 = CARTESIAN_POINT('',(-3.025293342483,-0.301882486959));
#668 = CARTESIAN_POINT('',(-3.148369932077,-0.302485702693));
#669 = CARTESIAN_POINT('',(-3.271360616024,-0.299690881677));
#670 = CARTESIAN_POINT('',(-3.471461342495,-0.290600988499));
#671 = CARTESIAN_POINT('',(-3.550002211271,-0.285867606533));
#672 = CARTESIAN_POINT('',(-3.628540125051,-0.280101951713));
#673 = CARTESIAN_POINT('',(-3.707076859421,-0.273499562832));
#674 = CARTESIAN_POINT('',(-3.785615690761,-0.266305222624));
#675 = CARTESIAN_POINT('',(-3.864158496268,-0.258795950154));
#676 = CARTESIAN_POINT('',(-3.94270277595,-0.251260033515));
#677 = CARTESIAN_POINT('',(-4.107663247696,-0.235952108122));
#678 = CARTESIAN_POINT('',(-4.194071226627,-0.228233269133));
#679 = CARTESIAN_POINT('',(-4.280455342127,-0.221180906364));
#680 = CARTESIAN_POINT('',(-4.366821033271,-0.215141599392));
#681 = CARTESIAN_POINT('',(-4.45318132072,-0.210404769638));
#682 = CARTESIAN_POINT('',(-4.539552519137,-0.207175725488));
#683 = CARTESIAN_POINT('',(-4.6259507108,-0.205560169804));
#684 = CARTESIAN_POINT('',(-4.799453041077,-0.205560169804));
#685 = CARTESIAN_POINT('',(-4.886453263086,-0.207199277635));
#686 = CARTESIAN_POINT('',(-4.973909017958,-0.210473596007));
#687 = CARTESIAN_POINT('',(-5.062291347615,-0.215326243556));
#688 = CARTESIAN_POINT('',(-5.152074030982,-0.221643889519));
#689 = CARTESIAN_POINT('',(-5.243744850935,-0.229235113424));
#690 = CARTESIAN_POINT('',(-5.337826340936,-0.237800303907));
#691 = CARTESIAN_POINT('',(-5.528132587384,-0.255634985821));
#692 = CARTESIAN_POINT('',(-5.626263432393,-0.265063039671));
#693 = CARTESIAN_POINT('',(-5.72835123433,-0.274674514038));
#694 = CARTESIAN_POINT('',(-5.833761997048,-0.283756421473));
#695 = CARTESIAN_POINT('',(-5.942106108963,-0.291483669606));
#696 = CARTESIAN_POINT('',(-6.053160473574,-0.297082883782));
#697 = CARTESIAN_POINT('',(-6.166834729353,-0.3));
#698 = CARTESIAN_POINT('',(-6.28318530718,-0.3));
#699 = ( GEOMETRIC_REPRESENTATION_CONTEXT(2) 
PARAMETRIC_REPRESENTATION_CONTEXT() REPRESENTATION_CONTEXT('2D SPACE',''
  ) );
#700 = FACE_BOUND('',#701,.F.);
#701 = EDGE_LOOP('',(#702));
#702 = ORIENTED_EDGE('',*,*,#703,.T.);
#703 = EDGE_CURVE('',#704,#704,#706,.T.);
#704 = VERTEX_POINT('',#705);
#705 = CARTESIAN_POINT('',(7.864183025141,9.664183025141,36.2500001));
#706 = SURFACE_CURVE('',#707,(#766,#828),.PCURVE_S1.);
#707 = B_SPLINE_CURVE_WITH_KNOTS('',8,(#708,#709,#710,#711,#712,#713,
    #714,#715,#716,#717,#718,#719,#720,#721,#722,#723,#724,#725,#726,
    #727,#728,#729,#730,#731,#732,#733,#734,#735,#736,#737,#738,#739,
    #740,#741,#742,#743,#744,#745,#746,#747,#748,#749,#750,#751,#752,
    #753,#754,#755,#756,#757,#758,#759,#760,#761,#762,#763,#764,#765),
  .UNSPECIFIED.,.T.,.F.,(9,7,7,7,7,7,7,7,9),(0.,0.13705158045,
    0.279857661034,0.450918622258,0.596938514976,0.691284029041,
    0.795106438593,0.899680496015,1.),.UNSPECIFIED.);
#708 = CARTESIAN_POINT('',(7.864183025141,9.664183025141,36.2500001));
#709 = CARTESIAN_POINT('',(7.678983767321,9.849382282961,36.2500001));
#710 = CARTESIAN_POINT('',(7.500170026914,10.032325308423,
    36.215157268774));
#711 = CARTESIAN_POINT('',(7.331287377361,10.209129104565,
    36.148314693363));
#712 = CARTESIAN_POINT('',(7.175143385426,10.376199417206,36.05312189405
    ));
#713 = CARTESIAN_POINT('',(7.033810418754,10.530371243243,
    35.934002540679));
#714 = CARTESIAN_POINT('',(6.908632672688,10.669137230007,
    35.796110045903));
#715 = CARTESIAN_POINT('',(6.800207234562,10.790895422032,
    35.645275423141));
#716 = CARTESIAN_POINT('',(6.612552164462,11.003777534101,
    35.324022491224));
#717 = CARTESIAN_POINT('',(6.532489535842,11.095953056947,
    35.149195760484));
#718 = CARTESIAN_POINT('',(6.467197385356,11.171980825787,
    34.966509341327));
#719 = CARTESIAN_POINT('',(6.415856782727,11.232256154781,
    34.778243402051));
#720 = CARTESIAN_POINT('',(6.377809757457,11.27716606829,34.586151172755
    ));
#721 = CARTESIAN_POINT('',(6.352593899922,11.307012442516,34.39163441875
    ));
#722 = CARTESIAN_POINT('',(6.339971811817,11.321952327157,
    34.195883292579));
#723 = CARTESIAN_POINT('',(6.339971811817,11.321952327157,
    33.765360460895));
#724 = CARTESIAN_POINT('',(6.358083304207,11.300515219944,
    33.531054673669));
#725 = CARTESIAN_POINT('',(6.39421437461,11.257748453275,33.298825066004
    ));
#726 = CARTESIAN_POINT('',(6.448903921946,11.193271947701,
    33.070627674835));
#727 = CARTESIAN_POINT('',(6.523128445338,11.10642897886,32.849062750399
    ));
#728 = CARTESIAN_POINT('',(6.618219931759,10.996474020848,
    32.637639442714));
#729 = CARTESIAN_POINT('',(6.735739598815,10.862819444257,
    32.441139561898));
#730 = CARTESIAN_POINT('',(6.997863948824,10.571067249645,
    32.117138619546));
#731 = CARTESIAN_POINT('',(7.14043388322,10.414460241995,31.978248286922
    ));
#732 = CARTESIAN_POINT('',(7.303386407883,10.238499901951,
    31.861669349536));
#733 = CARTESIAN_POINT('',(7.483486372179,10.048138717277,
    31.776401316326));
#734 = CARTESIAN_POINT('',(7.675895575008,9.849808236685,31.728438058179
    ));
#735 = CARTESIAN_POINT('',(7.8745537621,9.650296973722,31.720653344028)
  );
#736 = CARTESIAN_POINT('',(8.07274090553,9.456062304077,31.752669124258)
  );
#737 = CARTESIAN_POINT('',(8.38752492539,9.15413333443,31.864635935206)
  );
#738 = CARTESIAN_POINT('',(8.509114610636,9.039237662156,31.923947852763
    ));
#739 = CARTESIAN_POINT('',(8.627502175765,8.929003964271,31.998208512756
    ));
#740 = CARTESIAN_POINT('',(8.741452641092,8.824390686843,32.0868011792)
  );
#741 = CARTESIAN_POINT('',(8.849756155875,8.726261505553,32.188920173077
    ));
#742 = CARTESIAN_POINT('',(8.95125595419,8.635381422209,32.303583011564)
  );
#743 = CARTESIAN_POINT('',(9.044880496058,8.552414275858,32.429642120927
    ));
#744 = CARTESIAN_POINT('',(9.222997080924,8.395946366694,32.715626633952
    ));
#745 = CARTESIAN_POINT('',(9.305620217948,8.324239316452,32.877671261809
    ));
#746 = CARTESIAN_POINT('',(9.376292527984,8.263540553492,33.050202599878
    ));
#747 = CARTESIAN_POINT('',(9.433958278169,8.214415673135,33.231320715313
    ));
#748 = CARTESIAN_POINT('',(9.477792645382,8.177280194803,33.418997639552
    ));
#749 = CARTESIAN_POINT('',(9.507224545636,8.152414852579,33.611117742915
    ));
#750 = CARTESIAN_POINT('',(9.521952327157,8.139971811817,33.805513993446
    ));
#751 = CARTESIAN_POINT('',(9.521952327157,8.139971811817,34.195894236559
    ));
#752 = CARTESIAN_POINT('',(9.507010804433,8.152595286016,34.391645043052
    ));
#753 = CARTESIAN_POINT('',(9.477164024334,8.177811480665,34.586156701719
    ));
#754 = CARTESIAN_POINT('',(9.432255276081,8.215857548942,34.778243821866
    ));
#755 = CARTESIAN_POINT('',(9.37198145108,8.26719687334,34.966507298446)
  );
#756 = CARTESIAN_POINT('',(9.295954067734,8.332488644884,35.149194165611
    ));
#757 = CARTESIAN_POINT('',(9.203777580595,8.412552123478,35.324022421062
    ));
#758 = CARTESIAN_POINT('',(8.990937601084,8.60017005383,35.645211772213)
  );
#759 = CARTESIAN_POINT('',(8.869182435884,8.708591937778,35.796068493061
    ));
#760 = CARTESIAN_POINT('',(8.730384231897,8.833797463971,35.934010669334
    ));
#761 = CARTESIAN_POINT('',(8.576160101389,8.975177837839,36.053168663523
    ));
#762 = CARTESIAN_POINT('',(8.409039838916,9.13137012144,36.148369638772)
  );
#763 = CARTESIAN_POINT('',(8.232213139581,9.300278335989,36.215189860084
    ));
#764 = CARTESIAN_POINT('',(8.049295659103,9.479070391179,36.2500001));
#765 = CARTESIAN_POINT('',(7.864183025141,9.664183025141,36.2500001));
#766 = PCURVE('',#33,#767);
#767 = DEFINITIONAL_REPRESENTATION('',(#768),#827);
#768 = B_SPLINE_CURVE_WITH_KNOTS('',8,(#769,#770,#771,#772,#773,#774,
    #775,#776,#777,#778,#779,#780,#781,#782,#783,#784,#785,#786,#787,
    #788,#789,#790,#791,#792,#793,#794,#795,#796,#797,#798,#799,#800,
    #801,#802,#803,#804,#805,#806,#807,#808,#809,#810,#811,#812,#813,
    #814,#815,#816,#817,#818,#819,#820,#821,#822,#823,#824,#825,#826),
  .UNSPECIFIED.,.T.,.F.,(9,7,7,7,7,7,7,7,9),(0.,0.13705158045,
    0.279857661034,0.450918622258,0.596938514976,0.691284029041,
    0.795106438593,0.899680496015,1.),.UNSPECIFIED.);
#769 = CARTESIAN_POINT('',(-2.356194490192,-36.25));
#770 = CARTESIAN_POINT('',(-2.346439879312,-36.25));
#771 = CARTESIAN_POINT('',(-2.336912850858,-36.21515716877));
#772 = CARTESIAN_POINT('',(-2.327807637454,-36.14831459336));
#773 = CARTESIAN_POINT('',(-2.319291661545,-36.05312179405));
#774 = CARTESIAN_POINT('',(-2.311502615664,-35.93400244067));
#775 = CARTESIAN_POINT('',(-2.30454257345,-35.7961099459));
#776 = CARTESIAN_POINT('',(-2.29847050281,-35.64527532314));
#777 = CARTESIAN_POINT('',(-2.287901275477,-35.32402239122));
#778 = CARTESIAN_POINT('',(-2.283354224841,-35.14919566048));
#779 = CARTESIAN_POINT('',(-2.279621850778,-34.96650924132));
#780 = CARTESIAN_POINT('',(-2.276673015065,-34.77824330205));
#781 = CARTESIAN_POINT('',(-2.274480846533,-34.58615107275));
#782 = CARTESIAN_POINT('',(-2.273025638979,-34.39163431875));
#783 = CARTESIAN_POINT('',(-2.272297220132,-34.19588319257));
#784 = CARTESIAN_POINT('',(-2.272297220132,-33.76536036089));
#785 = CARTESIAN_POINT('',(-2.273342426167,-33.53105457366));
#786 = CARTESIAN_POINT('',(-2.275427571845,-33.298824966));
#787 = CARTESIAN_POINT('',(-2.278576422596,-33.07062757483));
#788 = CARTESIAN_POINT('',(-2.282831139071,-32.84906265039));
#789 = CARTESIAN_POINT('',(-2.288245075911,-32.63763934271));
#790 = CARTESIAN_POINT('',(-2.29487311577,-32.44113946189));
#791 = CARTESIAN_POINT('',(-2.30948055667,-32.11713851954));
#792 = CARTESIAN_POINT('',(-2.317368012649,-31.97824818692));
#793 = CARTESIAN_POINT('',(-2.32629945967,-31.86166924953));
#794 = CARTESIAN_POINT('',(-2.336058278037,-31.77640121632));
#795 = CARTESIAN_POINT('',(-2.346348048314,-31.72843795817));
#796 = CARTESIAN_POINT('',(-2.356832745441,-31.72065324402));
#797 = CARTESIAN_POINT('',(-2.367167273413,-31.75266902425));
#798 = CARTESIAN_POINT('',(-2.383412214329,-31.8646358352));
#799 = CARTESIAN_POINT('',(-2.389642483583,-31.92394775276));
#800 = CARTESIAN_POINT('',(-2.395666889133,-31.99820841275));
#801 = CARTESIAN_POINT('',(-2.401427847592,-32.0868010792));
#802 = CARTESIAN_POINT('',(-2.40687074358,-32.18892007307));
#803 = CARTESIAN_POINT('',(-2.411944753253,-32.30358291156));
#804 = CARTESIAN_POINT('',(-2.416603792243,-32.42964202092));
#805 = CARTESIAN_POINT('',(-2.425433650082,-32.71562653395));
#806 = CARTESIAN_POINT('',(-2.429508083789,-32.8776711618));
#807 = CARTESIAN_POINT('',(-2.4329776957,-33.05020249987));
#808 = CARTESIAN_POINT('',(-2.435799027432,-33.23132061531));
#809 = CARTESIAN_POINT('',(-2.437938686313,-33.41899753955));
#810 = CARTESIAN_POINT('',(-2.439373680743,-33.61111764291));
#811 = CARTESIAN_POINT('',(-2.440091760253,-33.80551389344));
#812 = CARTESIAN_POINT('',(-2.440091760253,-34.19589413655));
#813 = CARTESIAN_POINT('',(-2.439363261492,-34.39164494305));
#814 = CARTESIAN_POINT('',(-2.437908034277,-34.58615660171));
#815 = CARTESIAN_POINT('',(-2.4357159219,-34.77824372186));
#816 = CARTESIAN_POINT('',(-2.432767159707,-34.96650719844));
#817 = CARTESIAN_POINT('',(-2.429034805718,-35.14919406561));
#818 = CARTESIAN_POINT('',(-2.424487707216,-35.32402232106));
#819 = CARTESIAN_POINT('',(-2.413920571692,-35.64521167221));
#820 = CARTESIAN_POINT('',(-2.407848673202,-35.79606839306));
#821 = CARTESIAN_POINT('',(-2.400887046754,-35.93401056933));
#822 = CARTESIAN_POINT('',(-2.393095372718,-36.05316856352));
#823 = CARTESIAN_POINT('',(-2.38457681084,-36.14836953877));
#824 = CARTESIAN_POINT('',(-2.375470323179,-36.21518976008));
#825 = CARTESIAN_POINT('',(-2.365944538517,-36.25));
#826 = CARTESIAN_POINT('',(-2.356194490192,-36.25));
#827 = ( GEOMETRIC_REPRESENTATION_CONTEXT(2) 
PARAMETRIC_REPRESENTATION_CONTEXT() REPRESENTATION_CONTEXT('2D SPACE',''
  ) );
#828 = PCURVE('',#829,#834);
#829 = CYLINDRICAL_SURFACE('',#830,2.25);
#830 = AXIS2_PLACEMENT_3D('',#831,#832,#833);
#831 = CARTESIAN_POINT('',(8.076315059497,9.876315059497,34.0000001));
#832 = DIRECTION('',(0.707106781187,0.707106781187,-7.850462293419E-17)
  );
#833 = DIRECTION('',(1.110223024625E-16,0.,1.));
#834 = DEFINITIONAL_REPRESENTATION('',(#835),#894);
#835 = B_SPLINE_CURVE_WITH_KNOTS('',8,(#836,#837,#838,#839,#840,#841,
    #842,#843,#844,#845,#846,#847,#848,#849,#850,#851,#852,#853,#854,
    #855,#856,#857,#858,#859,#860,#861,#862,#863,#864,#865,#866,#867,
    #868,#869,#870,#871,#872,#873,#874,#875,#876,#877,#878,#879,#880,
    #881,#882,#883,#884,#885,#886,#887,#888,#889,#890,#891,#892,#893),
  .UNSPECIFIED.,.F.,.F.,(9,7,7,7,7,7,7,7,9),(0.,0.13705158045,
    0.279857661034,0.450918622258,0.596938514976,0.691284029041,
    0.795106438593,0.899680496015,1.),.UNSPECIFIED.);
#836 = CARTESIAN_POINT('',(0.,-0.3));
#837 = CARTESIAN_POINT('',(-0.116405023178,-0.3));
#838 = CARTESIAN_POINT('',(-0.23009413487,-0.297080154536));
#839 = CARTESIAN_POINT('',(-0.341136590167,-0.291479058068));
#840 = CARTESIAN_POINT('',(-0.449452723889,-0.283752982604));
#841 = CARTESIAN_POINT('',(-0.554829857471,-0.274674538084));
#842 = CARTESIAN_POINT('',(-0.656890172557,-0.265066200942));
#843 = CARTESIAN_POINT('',(-0.755015005441,-0.255638520248));
#844 = CARTESIAN_POINT('',(-0.945358924672,-0.237800307803));
#845 = CARTESIAN_POINT('',(-1.039439535278,-0.229235198156));
#846 = CARTESIAN_POINT('',(-1.131110339682,-0.221643969617));
#847 = CARTESIAN_POINT('',(-1.220894353998,-0.215326164017));
#848 = CARTESIAN_POINT('',(-1.309278924117,-0.210473369204));
#849 = CARTESIAN_POINT('',(-1.396736753569,-0.207199099452));
#850 = CARTESIAN_POINT('',(-1.483737130093,-0.205560169804));
#851 = CARTESIAN_POINT('',(-1.675080610842,-0.205560169804));
#852 = CARTESIAN_POINT('',(-1.779216116252,-0.207911734597));
#853 = CARTESIAN_POINT('',(-1.884158891217,-0.212603880424));
#854 = CARTESIAN_POINT('',(-1.990742070401,-0.219524304962));
#855 = CARTESIAN_POINT('',(-2.099773058032,-0.228446893307));
#856 = CARTESIAN_POINT('',(-2.212076207367,-0.238956954861));
#857 = CARTESIAN_POINT('',(-2.328566817664,-0.250366058807));
#858 = CARTESIAN_POINT('',(-2.554476763225,-0.271316108638));
#859 = CARTESIAN_POINT('',(-2.666269919764,-0.281241818324));
#860 = CARTESIAN_POINT('',(-2.78307847305,-0.290439732787));
#861 = CARTESIAN_POINT('',(-2.903169096868,-0.2976955113));
#862 = CARTESIAN_POINT('',(-3.025293342483,-0.301882486959));
#863 = CARTESIAN_POINT('',(-3.148369932077,-0.302485702693));
#864 = CARTESIAN_POINT('',(-3.271360616024,-0.299690881677));
#865 = CARTESIAN_POINT('',(-3.471461342495,-0.290600988499));
#866 = CARTESIAN_POINT('',(-3.550002211271,-0.285867606533));
#867 = CARTESIAN_POINT('',(-3.628540125051,-0.280101951713));
#868 = CARTESIAN_POINT('',(-3.707076859421,-0.273499562832));
#869 = CARTESIAN_POINT('',(-3.785615690761,-0.266305222624));
#870 = CARTESIAN_POINT('',(-3.864158496268,-0.258795950154));
#871 = CARTESIAN_POINT('',(-3.94270277595,-0.251260033515));
#872 = CARTESIAN_POINT('',(-4.107663247691,-0.235952108122));
#873 = CARTESIAN_POINT('',(-4.194071226621,-0.228233269134));
#874 = CARTESIAN_POINT('',(-4.280455342123,-0.221180906364));
#875 = CARTESIAN_POINT('',(-4.366821033271,-0.215141599392));
#876 = CARTESIAN_POINT('',(-4.453181320723,-0.210404769637));
#877 = CARTESIAN_POINT('',(-4.539552519143,-0.207175725487));
#878 = CARTESIAN_POINT('',(-4.625950710805,-0.205560169804));
#879 = CARTESIAN_POINT('',(-4.799453041077,-0.205560169804));
#880 = CARTESIAN_POINT('',(-4.886453263085,-0.207199277635));
#881 = CARTESIAN_POINT('',(-4.973909017958,-0.210473596007));
#882 = CARTESIAN_POINT('',(-5.062291347615,-0.215326243556));
#883 = CARTESIAN_POINT('',(-5.152074030982,-0.221643889519));
#884 = CARTESIAN_POINT('',(-5.243744850935,-0.229235113424));
#885 = CARTESIAN_POINT('',(-5.337826340936,-0.237800303907));
#886 = CARTESIAN_POINT('',(-5.528132588255,-0.255634985903));
#887 = CARTESIAN_POINT('',(-5.626263430911,-0.265063039491));
#888 = CARTESIAN_POINT('',(-5.728351234197,-0.274674514134));
#889 = CARTESIAN_POINT('',(-5.833761998637,-0.28375642155));
#890 = CARTESIAN_POINT('',(-5.94210610909,-0.291483669514));
#891 = CARTESIAN_POINT('',(-6.053160471649,-0.297082883804));
#892 = CARTESIAN_POINT('',(-6.166834730506,-0.3));
#893 = CARTESIAN_POINT('',(-6.28318530718,-0.3));
#894 = ( GEOMETRIC_REPRESENTATION_CONTEXT(2) 
PARAMETRIC_REPRESENTATION_CONTEXT() REPRESENTATION_CONTEXT('2D SPACE',''
  ) );
#895 = FACE_BOUND('',#896,.F.);
#896 = EDGE_LOOP('',(#897));
#897 = ORIENTED_EDGE('',*,*,#898,.T.);
#898 = EDGE_CURVE('',#899,#899,#901,.T.);
#899 = VERTEX_POINT('',#900);
#900 = CARTESIAN_POINT('',(26.8500001,1.8000001,36.2500001));
#901 = SURFACE_CURVE('',#902,(#953,#1007),.PCURVE_S1.);
#902 = B_SPLINE_CURVE_WITH_KNOTS('',7,(#903,#904,#905,#906,#907,#908,
    #909,#910,#911,#912,#913,#914,#915,#916,#917,#918,#919,#920,#921,
    #922,#923,#924,#925,#926,#927,#928,#929,#930,#931,#932,#933,#934,
    #935,#936,#937,#938,#939,#940,#941,#942,#943,#944,#945,#946,#947,
    #948,#949,#950,#951,#952),.UNSPECIFIED.,.T.,.F.,(8,6,6,6,6,6,6,6,8),
  (0.,0.122432429927,0.250005533395,0.377585764363,0.500001395498,
    0.622446347512,0.750028110944,0.877609351177,1.),.UNSPECIFIED.);
#903 = CARTESIAN_POINT('',(26.8500001,1.8000001,36.2500001));
#904 = CARTESIAN_POINT('',(26.550672897527,1.8000001,36.2500001));
#905 = CARTESIAN_POINT('',(26.25949321492,1.803893227286,36.203542991694
    ));
#906 = CARTESIAN_POINT('',(25.984865520104,1.811297730719,
    36.115177714372));
#907 = CARTESIAN_POINT('',(25.733742238106,1.821196504072,
    35.991066073739));
#908 = CARTESIAN_POINT('',(25.511364099951,1.832207324991,
    35.838896652228));
#909 = CARTESIAN_POINT('',(25.32076383202,1.843113621262,35.66775022689)
  );
#910 = CARTESIAN_POINT('',(24.997080909005,1.863500149771,
    35.300604018974));
#911 = CARTESIAN_POINT('',(24.862221436552,1.873186485868,
    35.098726340987));
#912 = CARTESIAN_POINT('',(24.756279988298,1.881457917092,
    34.887179141532));
#913 = CARTESIAN_POINT('',(24.677887310209,1.887889954874,
    34.669307662569));
#914 = CARTESIAN_POINT('',(24.625985777108,1.892254690665,
    34.447557023065));
#915 = CARTESIAN_POINT('',(24.6000001,1.894439930196,34.223866605804));
#916 = CARTESIAN_POINT('',(24.6000001,1.894439930196,33.77612108679));
#917 = CARTESIAN_POINT('',(24.625988628329,1.892254453088,
    33.552433180334));
#918 = CARTESIAN_POINT('',(24.677889861537,1.887889734536,33.33068968905
    ));
#919 = CARTESIAN_POINT('',(24.756279763231,1.881457978353,
    33.112823067217));
#920 = CARTESIAN_POINT('',(24.862219667133,1.87318659736,32.901275958782
    ));
#921 = CARTESIAN_POINT('',(24.997080838312,1.863500154223,
    32.699396261212));
#922 = CARTESIAN_POINT('',(25.320733295969,1.843115544514,
    32.332284609461));
#923 = CARTESIAN_POINT('',(25.511331440564,1.832208955667,32.16112318965
    ));
#924 = CARTESIAN_POINT('',(25.733737265302,1.821196117967,
    32.008923877122));
#925 = CARTESIAN_POINT('',(25.984905407396,1.811295351302,31.88479402334
    ));
#926 = CARTESIAN_POINT('',(26.25957007883,1.803891360523,31.796434955174
    ));
#927 = CARTESIAN_POINT('',(26.550744574947,1.8000001,31.7500001));
#928 = CARTESIAN_POINT('',(27.149327302458,1.8000001,31.7500001));
#929 = CARTESIAN_POINT('',(27.440506985095,1.803893227285,
    31.796457208302));
#930 = CARTESIAN_POINT('',(27.715134679906,1.81129773072,31.884822485638
    ));
#931 = CARTESIAN_POINT('',(27.966257961882,1.821196504072,
    32.008934126261));
#932 = CARTESIAN_POINT('',(28.18863610004,1.83220732499,32.161103547756)
  );
#933 = CARTESIAN_POINT('',(28.37923636799,1.843113621262,32.332249973121
    ));
#934 = CARTESIAN_POINT('',(28.702913610542,1.863499791999,
    32.699389737817));
#935 = CARTESIAN_POINT('',(28.83778072598,1.87318652743,32.901272758088)
  );
#936 = CARTESIAN_POINT('',(28.943723959114,1.881458278854,
    33.112827751468));
#937 = CARTESIAN_POINT('',(29.022112461396,1.887889913557,
    33.330697801696));
#938 = CARTESIAN_POINT('',(29.074011333755,1.892254432497,
    33.552437842906));
#939 = CARTESIAN_POINT('',(29.1000001,1.894439930196,33.77612016868));
#940 = CARTESIAN_POINT('',(29.1000001,1.894439930196,34.22387911321));
#941 = CARTESIAN_POINT('',(29.074011571671,1.892254453088,
    34.447567019666));
#942 = CARTESIAN_POINT('',(29.022110338463,1.887889734535,
    34.669310510951));
#943 = CARTESIAN_POINT('',(28.943720436769,1.881457978353,
    34.887177132782));
#944 = CARTESIAN_POINT('',(28.837780532867,1.87318659736,35.098724241218
    ));
#945 = CARTESIAN_POINT('',(28.702919361688,1.863500154223,
    35.300603938788));
#946 = CARTESIAN_POINT('',(28.37930050038,1.843117660514,35.667677482962
    ));
#947 = CARTESIAN_POINT('',(28.188695748327,1.832210193841,
    35.838865496428));
#948 = CARTESIAN_POINT('',(27.96625152456,1.821194821081,35.991097773076
    ));
#949 = CARTESIAN_POINT('',(27.715036793199,1.81129253582,36.115239553968
    ));
#950 = CARTESIAN_POINT('',(27.440345784954,1.803889588261,
    36.203586446779));
#951 = CARTESIAN_POINT('',(27.14918729716,1.8000001,36.2500001));
#952 = CARTESIAN_POINT('',(26.8500001,1.8000001,36.2500001));
#953 = PCURVE('',#33,#954);
#954 = DEFINITIONAL_REPRESENTATION('',(#955),#1006);
#955 = B_SPLINE_CURVE_WITH_KNOTS('',7,(#956,#957,#958,#959,#960,#961,
    #962,#963,#964,#965,#966,#967,#968,#969,#970,#971,#972,#973,#974,
    #975,#976,#977,#978,#979,#980,#981,#982,#983,#984,#985,#986,#987,
    #988,#989,#990,#991,#992,#993,#994,#995,#996,#997,#998,#999,#1000,
    #1001,#1002,#1003,#1004,#1005),.UNSPECIFIED.,.T.,.F.,(8,6,6,6,6,6,6,
    6,8),(0.,0.122432429927,0.250005533395,0.377585764363,0.500001395498
    ,0.622446347512,0.750028110944,0.877609351177,1.),.UNSPECIFIED.);
#956 = CARTESIAN_POINT('',(-3.14159265359,-36.25));
#957 = CARTESIAN_POINT('',(-3.130444526868,-36.25));
#958 = CARTESIAN_POINT('',(-3.119599843384,-36.20354289169));
#959 = CARTESIAN_POINT('',(-3.109369375332,-36.11517761437));
#960 = CARTESIAN_POINT('',(-3.100010274552,-35.99106597373));
#961 = CARTESIAN_POINT('',(-3.091718286576,-35.83889655222));
#962 = CARTESIAN_POINT('',(-3.084608087662,-35.66775012689));
#963 = CARTESIAN_POINT('',(-3.072528970709,-35.30060391897));
#964 = CARTESIAN_POINT('',(-3.067493527415,-35.09872624098));
#965 = CARTESIAN_POINT('',(-3.063535906231,-34.88717904153));
#966 = CARTESIAN_POINT('',(-3.060606450693,-34.66930756256));
#967 = CARTESIAN_POINT('',(-3.058666608659,-34.44755692306));
#968 = CARTESIAN_POINT('',(-3.057695383529,-34.2238665058));
#969 = CARTESIAN_POINT('',(-3.057695383529,-33.77612098679));
#970 = CARTESIAN_POINT('',(-3.05866671521,-33.55243308033));
#971 = CARTESIAN_POINT('',(-3.060606546082,-33.33068958905));
#972 = CARTESIAN_POINT('',(-3.063535897683,-33.11282296721));
#973 = CARTESIAN_POINT('',(-3.067493461395,-32.90127585878));
#974 = CARTESIAN_POINT('',(-3.072528968071,-32.69939616121));
#975 = CARTESIAN_POINT('',(-3.084606948125,-32.33228450946));
#976 = CARTESIAN_POINT('',(-3.091717068735,-32.16112308965));
#977 = CARTESIAN_POINT('',(-3.100010090656,-32.00892377712));
#978 = CARTESIAN_POINT('',(-3.109370862608,-31.88479392334));
#979 = CARTESIAN_POINT('',(-3.119602706104,-31.79643485517));
#980 = CARTESIAN_POINT('',(-3.130447196418,-31.75));
#981 = CARTESIAN_POINT('',(-3.152740780311,-31.75));
#982 = CARTESIAN_POINT('',(-3.163585463796,-31.7964571083));
#983 = CARTESIAN_POINT('',(-3.173815931848,-31.88482238563));
#984 = CARTESIAN_POINT('',(-3.183175032627,-32.00893402626));
#985 = CARTESIAN_POINT('',(-3.191467020603,-32.16110344775));
#986 = CARTESIAN_POINT('',(-3.198577219518,-32.33224987312));
#987 = CARTESIAN_POINT('',(-3.210656124489,-32.69938963781));
#988 = CARTESIAN_POINT('',(-3.215691852795,-32.90127265808));
#989 = CARTESIAN_POINT('',(-3.219649541109,-33.11282765146));
#990 = CARTESIAN_POINT('',(-3.222578840475,-33.33069770169));
#991 = CARTESIAN_POINT('',(-3.224518583065,-33.5524377429));
#992 = CARTESIAN_POINT('',(-3.225489923651,-33.77612006868));
#993 = CARTESIAN_POINT('',(-3.225489923651,-34.22387901321));
#994 = CARTESIAN_POINT('',(-3.224518591969,-34.44756691966));
#995 = CARTESIAN_POINT('',(-3.222578761098,-34.66931041095));
#996 = CARTESIAN_POINT('',(-3.219649409497,-34.88717703278));
#997 = CARTESIAN_POINT('',(-3.215691845784,-35.09872414121));
#998 = CARTESIAN_POINT('',(-3.210656339109,-35.30060383878));
#999 = CARTESIAN_POINT('',(-3.198579612795,-35.66767738296));
#1000 = CARTESIAN_POINT('',(-3.191469244535,-35.83886539642));
#1001 = CARTESIAN_POINT('',(-3.183174789521,-35.99109767307));
#1002 = CARTESIAN_POINT('',(-3.17381228271,-36.11523945396));
#1003 = CARTESIAN_POINT('',(-3.163579460115,-36.20358634677));
#1004 = CARTESIAN_POINT('',(-3.152735565961,-36.25));
#1005 = CARTESIAN_POINT('',(-3.14159265359,-36.25));
#1006 = ( GEOMETRIC_REPRESENTATION_CONTEXT(2) 
PARAMETRIC_REPRESENTATION_CONTEXT() REPRESENTATION_CONTEXT('2D SPACE',''
  ) );
#1007 = PCURVE('',#1008,#1013);
#1008 = CYLINDRICAL_SURFACE('',#1009,2.25);
#1009 = AXIS2_PLACEMENT_3D('',#1010,#1011,#1012);
#1010 = CARTESIAN_POINT('',(26.8500001,2.1000001,34.0000001));
#1011 = DIRECTION('',(0.,1.,0.));
#1012 = DIRECTION('',(1.110223024625E-16,0.,1.));
#1013 = DEFINITIONAL_REPRESENTATION('',(#1014),#1065);
#1014 = B_SPLINE_CURVE_WITH_KNOTS('',7,(#1015,#1016,#1017,#1018,#1019,
    #1020,#1021,#1022,#1023,#1024,#1025,#1026,#1027,#1028,#1029,#1030,
    #1031,#1032,#1033,#1034,#1035,#1036,#1037,#1038,#1039,#1040,#1041,
    #1042,#1043,#1044,#1045,#1046,#1047,#1048,#1049,#1050,#1051,#1052,
    #1053,#1054,#1055,#1056,#1057,#1058,#1059,#1060,#1061,#1062,#1063,
    #1064),.UNSPECIFIED.,.F.,.F.,(8,6,6,6,6,6,6,6,8),(0.,0.122432429927,
    0.250005533395,0.377585764363,0.500001395498,0.622446347512,
    0.750028110944,0.877609351177,1.),.UNSPECIFIED.);
#1015 = CARTESIAN_POINT('',(0.,-0.3));
#1016 = CARTESIAN_POINT('',(-0.13303431221,-0.3));
#1017 = CARTESIAN_POINT('',(-0.262447409085,-0.296106872714));
#1018 = CARTESIAN_POINT('',(-0.388350098808,-0.288702369281));
#1019 = CARTESIAN_POINT('',(-0.510555348969,-0.278803595928));
#1020 = CARTESIAN_POINT('',(-0.628620704987,-0.267792775009));
#1021 = CARTESIAN_POINT('',(-0.741698575287,-0.256886478738));
#1022 = CARTESIAN_POINT('',(-0.959234482987,-0.236499950229));
#1023 = CARTESIAN_POINT('',(-1.066174552709,-0.226813614132));
#1024 = CARTESIAN_POINT('',(-1.170071811866,-0.218542182908));
#1025 = CARTESIAN_POINT('',(-1.271716896131,-0.212110145126));
#1026 = CARTESIAN_POINT('',(-1.371882304095,-0.207745409335));
#1027 = CARTESIAN_POINT('',(-1.471300101993,-0.205560169804));
#1028 = CARTESIAN_POINT('',(-1.670298110444,-0.205560169804));
#1029 = CARTESIAN_POINT('',(-1.769714775846,-0.207745646912));
#1030 = CARTESIAN_POINT('',(-1.869877317482,-0.212110365464));
#1031 = CARTESIAN_POINT('',(-1.971520070569,-0.218542121647));
#1032 = CARTESIAN_POINT('',(-2.075416888763,-0.22681350264));
#1033 = CARTESIAN_POINT('',(-2.182358123093,-0.236499945777));
#1034 = CARTESIAN_POINT('',(-2.399873556097,-0.256884555486));
#1035 = CARTESIAN_POINT('',(-2.512955805014,-0.267791144333));
#1036 = CARTESIAN_POINT('',(-2.63103809735,-0.278803982033));
#1037 = CARTESIAN_POINT('',(-2.753263008344,-0.288704748698));
#1038 = CARTESIAN_POINT('',(-2.879179413577,-0.296108739477));
#1039 = CARTESIAN_POINT('',(-3.008590198011,-0.3));
#1040 = CARTESIAN_POINT('',(-3.274626965793,-0.3));
#1041 = CARTESIAN_POINT('',(-3.404040062682,-0.296106872715));
#1042 = CARTESIAN_POINT('',(-3.529942752402,-0.28870236928));
#1043 = CARTESIAN_POINT('',(-3.652148002556,-0.278803595928));
#1044 = CARTESIAN_POINT('',(-3.770213358568,-0.26779277501));
#1045 = CARTESIAN_POINT('',(-3.883291228884,-0.256886478738));
#1046 = CARTESIAN_POINT('',(-4.100823318944,-0.236500308001));
#1047 = CARTESIAN_POINT('',(-4.207767405045,-0.22681357257));
#1048 = CARTESIAN_POINT('',(-4.311667615582,-0.218541821146));
#1049 = CARTESIAN_POINT('',(-4.413311605406,-0.212110186443));
#1050 = CARTESIAN_POINT('',(-4.513472592057,-0.207745667503));
#1051 = CARTESIAN_POINT('',(-4.612886788687,-0.205560169804));
#1052 = CARTESIAN_POINT('',(-4.811890764034,-0.205560169804));
#1053 = CARTESIAN_POINT('',(-4.911307429436,-0.207745646912));
#1054 = CARTESIAN_POINT('',(-5.011469971072,-0.212110365465));
#1055 = CARTESIAN_POINT('',(-5.113112724159,-0.218542121647));
#1056 = CARTESIAN_POINT('',(-5.217009542353,-0.22681350264));
#1057 = CARTESIAN_POINT('',(-5.323950776683,-0.236499945777));
#1058 = CARTESIAN_POINT('',(-5.541443630762,-0.256882439486));
#1059 = CARTESIAN_POINT('',(-5.654536697628,-0.267789906159));
#1060 = CARTESIAN_POINT('',(-5.772639956137,-0.278805278919));
#1061 = CARTESIAN_POINT('',(-5.894884041135,-0.28870756418));
#1062 = CARTESIAN_POINT('',(-6.020809555681,-0.296110511739));
#1063 = CARTESIAN_POINT('',(-6.150213219553,-0.3));
#1064 = CARTESIAN_POINT('',(-6.28318530718,-0.3));
#1065 = ( GEOMETRIC_REPRESENTATION_CONTEXT(2) 
PARAMETRIC_REPRESENTATION_CONTEXT() REPRESENTATION_CONTEXT('2D SPACE',''
  ) );
#1066 = FACE_BOUND('',#1067,.F.);
#1067 = EDGE_LOOP('',(#1068));
#1068 = ORIENTED_EDGE('',*,*,#1069,.T.);
#1069 = EDGE_CURVE('',#1070,#1070,#1072,.T.);
#1070 = VERTEX_POINT('',#1071);
#1071 = CARTESIAN_POINT('',(45.835817174859,9.664183025141,36.2500001));
#1072 = SURFACE_CURVE('',#1073,(#1132,#1194),.PCURVE_S1.);
#1073 = B_SPLINE_CURVE_WITH_KNOTS('',8,(#1074,#1075,#1076,#1077,#1078,
    #1079,#1080,#1081,#1082,#1083,#1084,#1085,#1086,#1087,#1088,#1089,
    #1090,#1091,#1092,#1093,#1094,#1095,#1096,#1097,#1098,#1099,#1100,
    #1101,#1102,#1103,#1104,#1105,#1106,#1107,#1108,#1109,#1110,#1111,
    #1112,#1113,#1114,#1115,#1116,#1117,#1118,#1119,#1120,#1121,#1122,
    #1123,#1124,#1125,#1126,#1127,#1128,#1129,#1130,#1131),
  .UNSPECIFIED.,.T.,.F.,(9,7,7,7,7,7,7,7,9),(0.,0.137051579846,
    0.27985765981,0.450918617278,0.596938506581,0.691284020057,
    0.795106431228,0.899680492395,1.),.UNSPECIFIED.);
#1074 = CARTESIAN_POINT('',(45.835817174859,9.664183025141,36.2500001));
#1075 = CARTESIAN_POINT('',(45.650617917048,9.47898376733,36.2500001));
#1076 = CARTESIAN_POINT('',(45.467674891572,9.300170026909,
    36.215157268777));
#1077 = CARTESIAN_POINT('',(45.290871095426,9.131287377353,
    36.148314693359));
#1078 = CARTESIAN_POINT('',(45.123800782794,8.975143385426,
    36.053121894045));
#1079 = CARTESIAN_POINT('',(44.969628956765,8.833810418762,
    35.934002540684));
#1080 = CARTESIAN_POINT('',(44.830862969996,8.708632672691,
    35.796110045912));
#1081 = CARTESIAN_POINT('',(44.709104777962,8.600207234557,
    35.645275423132));
#1082 = CARTESIAN_POINT('',(44.496222665899,8.412552164462,
    35.324022491224));
#1083 = CARTESIAN_POINT('',(44.404047143053,8.332489535842,
    35.149195760484));
#1084 = CARTESIAN_POINT('',(44.328019374213,8.267197385357,
    34.966509341328));
#1085 = CARTESIAN_POINT('',(44.267744045219,8.215856782727,
    34.778243402051));
#1086 = CARTESIAN_POINT('',(44.222834131709,8.177809757457,
    34.586151172755));
#1087 = CARTESIAN_POINT('',(44.192987757484,8.152593899922,
    34.39163441875));
#1088 = CARTESIAN_POINT('',(44.178047872843,8.139971811817,
    34.195883292579));
#1089 = CARTESIAN_POINT('',(44.178047872843,8.139971811817,
    33.765360465027));
#1090 = CARTESIAN_POINT('',(44.199484982237,8.158083306142,
    33.531054661684));
#1091 = CARTESIAN_POINT('',(44.242251741894,8.194214370315,
    33.298825078391));
#1092 = CARTESIAN_POINT('',(44.306728254284,8.248903923727,
    33.070627675486));
#1093 = CARTESIAN_POINT('',(44.39357122587,8.323128449541,
    32.849062737962));
#1094 = CARTESIAN_POINT('',(44.503526172616,8.418219925916,
    32.637639453252));
#1095 = CARTESIAN_POINT('',(44.637180758579,8.535739601363,
    32.441139558749));
#1096 = CARTESIAN_POINT('',(44.928932947743,8.797863946476,
    32.117138622447));
#1097 = CARTESIAN_POINT('',(45.085539965717,8.940433889995,
    31.97824827695));
#1098 = CARTESIAN_POINT('',(45.261500290498,9.103386401904,
    31.86166936591));
#1099 = CARTESIAN_POINT('',(45.4518614802,9.283486368076,31.77640130021)
  );
#1100 = CARTESIAN_POINT('',(45.650191974988,9.475895587749,
    31.728438068671));
#1101 = CARTESIAN_POINT('',(45.849703216449,9.674553751771,
    31.72065333939));
#1102 = CARTESIAN_POINT('',(46.043937899069,9.87274090881,
    31.752669125425));
#1103 = CARTESIAN_POINT('',(46.345866865571,10.18752492539,
    31.864635935206));
#1104 = CARTESIAN_POINT('',(46.460762537844,10.309114610636,
    31.923947852763));
#1105 = CARTESIAN_POINT('',(46.570996235729,10.427502175765,
    31.998208512756));
#1106 = CARTESIAN_POINT('',(46.675609513157,10.541452641092,
    32.0868011792));
#1107 = CARTESIAN_POINT('',(46.773738694447,10.649756155875,
    32.188920173077));
#1108 = CARTESIAN_POINT('',(46.864618777791,10.75125595419,
    32.303583011564));
#1109 = CARTESIAN_POINT('',(46.947585924142,10.844880496058,
    32.429642120927));
#1110 = CARTESIAN_POINT('',(47.104053835096,11.022997082961,
    32.715626637223));
#1111 = CARTESIAN_POINT('',(47.1757608816,11.105620215722,32.87767125575
    ));
#1112 = CARTESIAN_POINT('',(47.236459645702,11.176292527069,
    33.050202600196));
#1113 = CARTESIAN_POINT('',(47.285584528289,11.233958279801,
    33.231320721135));
#1114 = CARTESIAN_POINT('',(47.322720006,11.277792646299,33.418997639257
    ));
#1115 = CARTESIAN_POINT('',(47.347585346315,11.307224544368,
    33.611117736524));
#1116 = CARTESIAN_POINT('',(47.360028388183,11.321952327157,
    33.805513997378));
#1117 = CARTESIAN_POINT('',(47.360028388183,11.321952327157,
    34.195894236559));
#1118 = CARTESIAN_POINT('',(47.347404913984,11.307010804433,
    34.391645043052));
#1119 = CARTESIAN_POINT('',(47.322188719335,11.277164024334,
    34.586156701719));
#1120 = CARTESIAN_POINT('',(47.284142651058,11.232255276081,
    34.778243821866));
#1121 = CARTESIAN_POINT('',(47.23280332666,11.171981451079,
    34.966507298446));
#1122 = CARTESIAN_POINT('',(47.167511555117,11.095954067734,
    35.14919416561));
#1123 = CARTESIAN_POINT('',(47.087448076522,11.003777580595,
    35.324022421062));
#1124 = CARTESIAN_POINT('',(46.899830146145,10.790937601055,
    35.645211772256));
#1125 = CARTESIAN_POINT('',(46.791408262218,10.66918243588,
    35.796068493049));
#1126 = CARTESIAN_POINT('',(46.666202736051,10.530384231921,
    35.934010669307));
#1127 = CARTESIAN_POINT('',(46.524822362183,10.376160101412,
    36.053168663517));
#1128 = CARTESIAN_POINT('',(46.36863007856,10.209039838915,
    36.148369638781));
#1129 = CARTESIAN_POINT('',(46.199721863994,10.032213139563,
    36.215189860088));
#1130 = CARTESIAN_POINT('',(46.020929808811,9.849295659094,36.2500001));
#1131 = CARTESIAN_POINT('',(45.835817174859,9.664183025141,36.2500001));
#1132 = PCURVE('',#33,#1133);
#1133 = DEFINITIONAL_REPRESENTATION('',(#1134),#1193);
#1134 = B_SPLINE_CURVE_WITH_KNOTS('',8,(#1135,#1136,#1137,#1138,#1139,
    #1140,#1141,#1142,#1143,#1144,#1145,#1146,#1147,#1148,#1149,#1150,
    #1151,#1152,#1153,#1154,#1155,#1156,#1157,#1158,#1159,#1160,#1161,
    #1162,#1163,#1164,#1165,#1166,#1167,#1168,#1169,#1170,#1171,#1172,
    #1173,#1174,#1175,#1176,#1177,#1178,#1179,#1180,#1181,#1182,#1183,
    #1184,#1185,#1186,#1187,#1188,#1189,#1190,#1191,#1192),
  .UNSPECIFIED.,.T.,.F.,(9,7,7,7,7,7,7,7,9),(0.,0.137051579846,
    0.27985765981,0.450918617278,0.596938506581,0.691284020057,
    0.795106431228,0.899680492395,1.),.UNSPECIFIED.);
#1135 = CARTESIAN_POINT('',(-3.926990816987,-36.25));
#1136 = CARTESIAN_POINT('',(-3.917236206107,-36.25));
#1137 = CARTESIAN_POINT('',(-3.907709177652,-36.21515716877));
#1138 = CARTESIAN_POINT('',(-3.898603964248,-36.14831459335));
#1139 = CARTESIAN_POINT('',(-3.89008798834,-36.05312179404));
#1140 = CARTESIAN_POINT('',(-3.882298942459,-35.93400244068));
#1141 = CARTESIAN_POINT('',(-3.875338900245,-35.79610994591));
#1142 = CARTESIAN_POINT('',(-3.869266829604,-35.64527532313));
#1143 = CARTESIAN_POINT('',(-3.858697602272,-35.32402239122));
#1144 = CARTESIAN_POINT('',(-3.854150551636,-35.14919566048));
#1145 = CARTESIAN_POINT('',(-3.850418177573,-34.96650924132));
#1146 = CARTESIAN_POINT('',(-3.847469341859,-34.77824330205));
#1147 = CARTESIAN_POINT('',(-3.845277173328,-34.58615107275));
#1148 = CARTESIAN_POINT('',(-3.843821965774,-34.39163431875));
#1149 = CARTESIAN_POINT('',(-3.843093546926,-34.19588319257));
#1150 = CARTESIAN_POINT('',(-3.843093546926,-33.76536036502));
#1151 = CARTESIAN_POINT('',(-3.84413875307,-33.53105456168));
#1152 = CARTESIAN_POINT('',(-3.846223898399,-33.29882497839));
#1153 = CARTESIAN_POINT('',(-3.84937274949,-33.07062757548));
#1154 = CARTESIAN_POINT('',(-3.853627466102,-32.84906263796));
#1155 = CARTESIAN_POINT('',(-3.859041402379,-32.63763935325));
#1156 = CARTESIAN_POINT('',(-3.865669442707,-32.44113945874));
#1157 = CARTESIAN_POINT('',(-3.880276883334,-32.11713852244));
#1158 = CARTESIAN_POINT('',(-3.888164339826,-31.97824817695));
#1159 = CARTESIAN_POINT('',(-3.897095786108,-31.86166926591));
#1160 = CARTESIAN_POINT('',(-3.906854604658,-31.7764012002));
#1161 = CARTESIAN_POINT('',(-3.917144375752,-31.72843796867));
#1162 = CARTESIAN_POINT('',(-3.927629071705,-31.72065323939));
#1163 = CARTESIAN_POINT('',(-3.937963600377,-31.75266902542));
#1164 = CARTESIAN_POINT('',(-3.954208541124,-31.8646358352));
#1165 = CARTESIAN_POINT('',(-3.960438810378,-31.92394775276));
#1166 = CARTESIAN_POINT('',(-3.966463215928,-31.99820841275));
#1167 = CARTESIAN_POINT('',(-3.972224174387,-32.0868010792));
#1168 = CARTESIAN_POINT('',(-3.977667070375,-32.18892007307));
#1169 = CARTESIAN_POINT('',(-3.982741080048,-32.30358291156));
#1170 = CARTESIAN_POINT('',(-3.987400119038,-32.42964202092));
#1171 = CARTESIAN_POINT('',(-3.996229976978,-32.71562653722));
#1172 = CARTESIAN_POINT('',(-4.000304410474,-32.87767115575));
#1173 = CARTESIAN_POINT('',(-4.00377402245,-33.05020250019));
#1174 = CARTESIAN_POINT('',(-4.006595354307,-33.23132062113));
#1175 = CARTESIAN_POINT('',(-4.008735013153,-33.41899753925));
#1176 = CARTESIAN_POINT('',(-4.010170007476,-33.61111763652));
#1177 = CARTESIAN_POINT('',(-4.010888087048,-33.80551389737));
#1178 = CARTESIAN_POINT('',(-4.010888087048,-34.19589413655));
#1179 = CARTESIAN_POINT('',(-4.010159588287,-34.39164494305));
#1180 = CARTESIAN_POINT('',(-4.008704361072,-34.58615660171));
#1181 = CARTESIAN_POINT('',(-4.006512248695,-34.77824372186));
#1182 = CARTESIAN_POINT('',(-4.003563486502,-34.96650719844));
#1183 = CARTESIAN_POINT('',(-3.999831132513,-35.14919406561));
#1184 = CARTESIAN_POINT('',(-3.995284034011,-35.32402232106));
#1185 = CARTESIAN_POINT('',(-3.984716898485,-35.64521167225));
#1186 = CARTESIAN_POINT('',(-3.978644999997,-35.79606839304));
#1187 = CARTESIAN_POINT('',(-3.97168337355,-35.9340105693));
#1188 = CARTESIAN_POINT('',(-3.963891699514,-36.05316856351));
#1189 = CARTESIAN_POINT('',(-3.955373137634,-36.14836953878));
#1190 = CARTESIAN_POINT('',(-3.946266649973,-36.21518976008));
#1191 = CARTESIAN_POINT('',(-3.936740865311,-36.25));
#1192 = CARTESIAN_POINT('',(-3.926990816987,-36.25));
#1193 = ( GEOMETRIC_REPRESENTATION_CONTEXT(2) 
PARAMETRIC_REPRESENTATION_CONTEXT() REPRESENTATION_CONTEXT('2D SPACE',''
  ) );
#1194 = PCURVE('',#1195,#1200);
#1195 = CYLINDRICAL_SURFACE('',#1196,2.25);
#1196 = AXIS2_PLACEMENT_3D('',#1197,#1198,#1199);
#1197 = CARTESIAN_POINT('',(45.623685140503,9.876315059497,34.0000001));
#1198 = DIRECTION('',(-0.707106781187,0.707106781187,7.850462293419E-17)
  );
#1199 = DIRECTION('',(1.110223024625E-16,0.,1.));
#1200 = DEFINITIONAL_REPRESENTATION('',(#1201),#1260);
#1201 = B_SPLINE_CURVE_WITH_KNOTS('',8,(#1202,#1203,#1204,#1205,#1206,
    #1207,#1208,#1209,#1210,#1211,#1212,#1213,#1214,#1215,#1216,#1217,
    #1218,#1219,#1220,#1221,#1222,#1223,#1224,#1225,#1226,#1227,#1228,
    #1229,#1230,#1231,#1232,#1233,#1234,#1235,#1236,#1237,#1238,#1239,
    #1240,#1241,#1242,#1243,#1244,#1245,#1246,#1247,#1248,#1249,#1250,
    #1251,#1252,#1253,#1254,#1255,#1256,#1257,#1258,#1259),
  .UNSPECIFIED.,.F.,.F.,(9,7,7,7,7,7,7,7,9),(0.,0.137051579846,
    0.27985765981,0.450918617278,0.596938506581,0.691284020057,
    0.795106431228,0.899680492395,1.),.UNSPECIFIED.);
#1202 = CARTESIAN_POINT('',(0.,-0.3));
#1203 = CARTESIAN_POINT('',(-0.116405023172,-0.3));
#1204 = CARTESIAN_POINT('',(-0.230094134873,-0.297080154536));
#1205 = CARTESIAN_POINT('',(-0.341136590172,-0.291479058068));
#1206 = CARTESIAN_POINT('',(-0.44945272389,-0.283752982604));
#1207 = CARTESIAN_POINT('',(-0.554829857466,-0.274674538084));
#1208 = CARTESIAN_POINT('',(-0.656890172553,-0.265066200942));
#1209 = CARTESIAN_POINT('',(-0.755015005447,-0.255638520248));
#1210 = CARTESIAN_POINT('',(-0.945358924672,-0.237800307803));
#1211 = CARTESIAN_POINT('',(-1.039439535278,-0.229235198156));
#1212 = CARTESIAN_POINT('',(-1.131110339682,-0.221643969617));
#1213 = CARTESIAN_POINT('',(-1.220894353998,-0.215326164017));
#1214 = CARTESIAN_POINT('',(-1.309278924117,-0.210473369204));
#1215 = CARTESIAN_POINT('',(-1.396736753569,-0.207199099452));
#1216 = CARTESIAN_POINT('',(-1.483737130093,-0.205560169804));
#1217 = CARTESIAN_POINT('',(-1.675080609005,-0.205560169804));
#1218 = CARTESIAN_POINT('',(-1.779216122092,-0.207911734771));
#1219 = CARTESIAN_POINT('',(-1.884158884526,-0.212603880046));
#1220 = CARTESIAN_POINT('',(-1.990742070663,-0.219524305106));
#1221 = CARTESIAN_POINT('',(-2.099773064714,-0.228446893679));
#1222 = CARTESIAN_POINT('',(-2.212076200955,-0.238956954371));
#1223 = CARTESIAN_POINT('',(-2.32856681986,-0.25036605901));
#1224 = CARTESIAN_POINT('',(-2.554476761202,-0.27131610845));
#1225 = CARTESIAN_POINT('',(-2.66626992573,-0.281241818986));
#1226 = CARTESIAN_POINT('',(-2.783078466793,-0.290439731677));
#1227 = CARTESIAN_POINT('',(-2.90316909633,-0.297695512417));
#1228 = CARTESIAN_POINT('',(-3.025293349575,-0.301882486205));
#1229 = CARTESIAN_POINT('',(-3.148369925747,-0.302485703047));
#1230 = CARTESIAN_POINT('',(-3.271360618109,-0.299690881582));
#1231 = CARTESIAN_POINT('',(-3.471461342495,-0.290600988499));
#1232 = CARTESIAN_POINT('',(-3.550002211271,-0.285867606533));
#1233 = CARTESIAN_POINT('',(-3.628540125051,-0.280101951713));
#1234 = CARTESIAN_POINT('',(-3.707076859421,-0.273499562832));
#1235 = CARTESIAN_POINT('',(-3.785615690761,-0.266305222624));
#1236 = CARTESIAN_POINT('',(-3.864158496268,-0.258795950154));
#1237 = CARTESIAN_POINT('',(-3.94270277595,-0.251260033515));
#1238 = CARTESIAN_POINT('',(-4.107663249578,-0.235952107947));
#1239 = CARTESIAN_POINT('',(-4.194071223492,-0.228233269331));
#1240 = CARTESIAN_POINT('',(-4.280455342062,-0.221180906441));
#1241 = CARTESIAN_POINT('',(-4.366821036163,-0.215141599245));
#1242 = CARTESIAN_POINT('',(-4.453181320778,-0.210404769557));
#1243 = CARTESIAN_POINT('',(-4.539552516069,-0.207175725602));
#1244 = CARTESIAN_POINT('',(-4.625950712553,-0.205560169804));
#1245 = CARTESIAN_POINT('',(-4.799453041077,-0.205560169804));
#1246 = CARTESIAN_POINT('',(-4.886453263085,-0.207199277635));
#1247 = CARTESIAN_POINT('',(-4.973909017958,-0.210473596007));
#1248 = CARTESIAN_POINT('',(-5.062291347615,-0.215326243556));
#1249 = CARTESIAN_POINT('',(-5.152074030981,-0.221643889519));
#1250 = CARTESIAN_POINT('',(-5.243744850935,-0.229235113424));
#1251 = CARTESIAN_POINT('',(-5.337826340936,-0.237800303907));
#1252 = CARTESIAN_POINT('',(-5.528132588281,-0.255634985905));
#1253 = CARTESIAN_POINT('',(-5.626263430909,-0.265063039491));
#1254 = CARTESIAN_POINT('',(-5.728351234179,-0.274674514132));
#1255 = CARTESIAN_POINT('',(-5.833761998624,-0.283756421549));
#1256 = CARTESIAN_POINT('',(-5.942106109091,-0.291483669515));
#1257 = CARTESIAN_POINT('',(-6.05316047166,-0.297082883804));
#1258 = CARTESIAN_POINT('',(-6.166834730512,-0.3));
#1259 = CARTESIAN_POINT('',(-6.28318530718,-0.3));
#1260 = ( GEOMETRIC_REPRESENTATION_CONTEXT(2) 
PARAMETRIC_REPRESENTATION_CONTEXT() REPRESENTATION_CONTEXT('2D SPACE',''
  ) );
#1261 = ADVANCED_FACE('',(#1262),#45,.F.);
#1262 = FACE_BOUND('',#1263,.F.);
#1263 = EDGE_LOOP('',(#1264,#1287,#1288,#1311,#1340,#1368,#1396,#1424,
    #1453,#1481,#1509,#1537,#1565,#1594,#1622,#1650,#1678,#1707,#1735,
    #1763,#1791,#1820,#1848,#1876,#1904,#1933,#1961,#1989,#2017,#2046,
    #2074,#2102,#2130,#2159,#2187,#2215,#2243,#2272,#2300,#2328,#2356,
    #2385,#2413,#2441,#2469,#2498,#2526,#2554,#2582,#2611,#2639,#2667,
    #2695));
#1264 = ORIENTED_EDGE('',*,*,#1265,.T.);
#1265 = EDGE_CURVE('',#1266,#22,#1268,.T.);
#1266 = VERTEX_POINT('',#1267);
#1267 = CARTESIAN_POINT('',(2.0000001,28.6500001,1.000000056095E-07));
#1268 = SURFACE_CURVE('',#1269,(#1273,#1280),.PCURVE_S1.);
#1269 = LINE('',#1270,#1271);
#1270 = CARTESIAN_POINT('',(126.8500001,28.6500001,9.999999184274E-08));
#1271 = VECTOR('',#1272,1.);
#1272 = DIRECTION('',(-1.,0.,1.110223024625E-16));
#1273 = PCURVE('',#45,#1274);
#1274 = DEFINITIONAL_REPRESENTATION('',(#1275),#1279);
#1275 = LINE('',#1276,#1277);
#1276 = CARTESIAN_POINT('',(0.,-100.));
#1277 = VECTOR('',#1278,1.);
#1278 = DIRECTION('',(0.,1.));
#1279 = ( GEOMETRIC_REPRESENTATION_CONTEXT(2) 
PARAMETRIC_REPRESENTATION_CONTEXT() REPRESENTATION_CONTEXT('2D SPACE',''
  ) );
#1280 = PCURVE('',#73,#1281);
#1281 = DEFINITIONAL_REPRESENTATION('',(#1282),#1286);
#1282 = LINE('',#1283,#1284);
#1283 = CARTESIAN_POINT('',(100.,11.));
#1284 = VECTOR('',#1285,1.);
#1285 = DIRECTION('',(1.,0.));
#1286 = ( GEOMETRIC_REPRESENTATION_CONTEXT(2) 
PARAMETRIC_REPRESENTATION_CONTEXT() REPRESENTATION_CONTEXT('2D SPACE',''
  ) );
#1287 = ORIENTED_EDGE('',*,*,#21,.T.);
#1288 = ORIENTED_EDGE('',*,*,#1289,.T.);
#1289 = EDGE_CURVE('',#24,#1290,#1292,.T.);
#1290 = VERTEX_POINT('',#1291);
#1291 = CARTESIAN_POINT('',(51.7000001,28.6500001,1.000000001694E-07));
#1292 = SURFACE_CURVE('',#1293,(#1297,#1304),.PCURVE_S1.);
#1293 = LINE('',#1294,#1295);
#1294 = CARTESIAN_POINT('',(126.8500001,28.6500001,9.999999184274E-08));
#1295 = VECTOR('',#1296,1.);
#1296 = DIRECTION('',(-1.,0.,1.110223024625E-16));
#1297 = PCURVE('',#45,#1298);
#1298 = DEFINITIONAL_REPRESENTATION('',(#1299),#1303);
#1299 = LINE('',#1300,#1301);
#1300 = CARTESIAN_POINT('',(0.,-100.));
#1301 = VECTOR('',#1302,1.);
#1302 = DIRECTION('',(0.,1.));
#1303 = ( GEOMETRIC_REPRESENTATION_CONTEXT(2) 
PARAMETRIC_REPRESENTATION_CONTEXT() REPRESENTATION_CONTEXT('2D SPACE',''
  ) );
#1304 = PCURVE('',#128,#1305);
#1305 = DEFINITIONAL_REPRESENTATION('',(#1306),#1310);
#1306 = LINE('',#1307,#1308);
#1307 = CARTESIAN_POINT('',(100.,11.));
#1308 = VECTOR('',#1309,1.);
#1309 = DIRECTION('',(1.,0.));
#1310 = ( GEOMETRIC_REPRESENTATION_CONTEXT(2) 
PARAMETRIC_REPRESENTATION_CONTEXT() REPRESENTATION_CONTEXT('2D SPACE',''
  ) );
#1311 = ORIENTED_EDGE('',*,*,#1312,.F.);
#1312 = EDGE_CURVE('',#1313,#1290,#1315,.T.);
#1313 = VERTEX_POINT('',#1314);
#1314 = CARTESIAN_POINT('',(51.597335053062,26.393473405947,
    1.000000001694E-07));
#1315 = SURFACE_CURVE('',#1316,(#1321,#1328),.PCURVE_S1.);
#1316 = CIRCLE('',#1317,24.85);
#1317 = AXIS2_PLACEMENT_3D('',#1318,#1319,#1320);
#1318 = CARTESIAN_POINT('',(26.8500001,28.6500001,1.00000002945E-07));
#1319 = DIRECTION('',(1.110223024625E-16,-0.,1.));
#1320 = DIRECTION('',(0.,1.,0.));
#1321 = PCURVE('',#45,#1322);
#1322 = DEFINITIONAL_REPRESENTATION('',(#1323),#1327);
#1323 = CIRCLE('',#1324,24.85);
#1324 = AXIS2_PLACEMENT_2D('',#1325,#1326);
#1325 = CARTESIAN_POINT('',(0.,0.));
#1326 = DIRECTION('',(1.,0.));
#1327 = ( GEOMETRIC_REPRESENTATION_CONTEXT(2) 
PARAMETRIC_REPRESENTATION_CONTEXT() REPRESENTATION_CONTEXT('2D SPACE',''
  ) );
#1328 = PCURVE('',#1329,#1334);
#1329 = CYLINDRICAL_SURFACE('',#1330,24.85);
#1330 = AXIS2_PLACEMENT_3D('',#1331,#1332,#1333);
#1331 = CARTESIAN_POINT('',(26.8500001,28.6500001,1.00000002945E-07));
#1332 = DIRECTION('',(-1.110223024625E-16,-0.,-1.));
#1333 = DIRECTION('',(0.,1.,0.));
#1334 = DEFINITIONAL_REPRESENTATION('',(#1335),#1339);
#1335 = LINE('',#1336,#1337);
#1336 = CARTESIAN_POINT('',(-0.,0.));
#1337 = VECTOR('',#1338,1.);
#1338 = DIRECTION('',(-1.,0.));
#1339 = ( GEOMETRIC_REPRESENTATION_CONTEXT(2) 
PARAMETRIC_REPRESENTATION_CONTEXT() REPRESENTATION_CONTEXT('2D SPACE',''
  ) );
#1340 = ORIENTED_EDGE('',*,*,#1341,.T.);
#1341 = EDGE_CURVE('',#1313,#1342,#1344,.T.);
#1342 = VERTEX_POINT('',#1343);
#1343 = CARTESIAN_POINT('',(48.656572210878,28.6500001,
    1.000000005025E-07));
#1344 = SURFACE_CURVE('',#1345,(#1349,#1356),.PCURVE_S1.);
#1345 = LINE('',#1346,#1347);
#1346 = CARTESIAN_POINT('',(53.172861169475,25.184529696558,
    1.000000000584E-07));
#1347 = VECTOR('',#1348,1.);
#1348 = DIRECTION('',(-0.793353340291,0.608761429009,8.807991450546E-17)
  );
#1349 = PCURVE('',#45,#1350);
#1350 = DEFINITIONAL_REPRESENTATION('',(#1351),#1355);
#1351 = LINE('',#1352,#1353);
#1352 = CARTESIAN_POINT('',(-3.465470403442,-26.32286106947));
#1353 = VECTOR('',#1354,1.);
#1354 = DIRECTION('',(0.608761429009,0.793353340291));
#1355 = ( GEOMETRIC_REPRESENTATION_CONTEXT(2) 
PARAMETRIC_REPRESENTATION_CONTEXT() REPRESENTATION_CONTEXT('2D SPACE',''
  ) );
#1356 = PCURVE('',#1357,#1362);
#1357 = PLANE('',#1358);
#1358 = AXIS2_PLACEMENT_3D('',#1359,#1360,#1361);
#1359 = CARTESIAN_POINT('',(51.597335053062,26.393473405947,
    1.000000001694E-07));
#1360 = DIRECTION('',(-0.608761429009,-0.793353340291,6.758609549892E-17
    ));
#1361 = DIRECTION('',(-0.793353340291,0.608761429009,8.807991450546E-17)
  );
#1362 = DEFINITIONAL_REPRESENTATION('',(#1363),#1367);
#1363 = LINE('',#1364,#1365);
#1364 = CARTESIAN_POINT('',(-1.985907207291,-6.389623457145E-17));
#1365 = VECTOR('',#1366,1.);
#1366 = DIRECTION('',(1.,0.));
#1367 = ( GEOMETRIC_REPRESENTATION_CONTEXT(2) 
PARAMETRIC_REPRESENTATION_CONTEXT() REPRESENTATION_CONTEXT('2D SPACE',''
  ) );
#1368 = ORIENTED_EDGE('',*,*,#1369,.T.);
#1369 = EDGE_CURVE('',#1342,#1370,#1372,.T.);
#1370 = VERTEX_POINT('',#1371);
#1371 = CARTESIAN_POINT('',(46.356820726492,28.6500001,
    1.000000007245E-07));
#1372 = SURFACE_CURVE('',#1373,(#1377,#1384),.PCURVE_S1.);
#1373 = LINE('',#1374,#1375);
#1374 = CARTESIAN_POINT('',(126.8500001,28.6500001,9.999999184274E-08));
#1375 = VECTOR('',#1376,1.);
#1376 = DIRECTION('',(-1.,0.,1.110223024625E-16));
#1377 = PCURVE('',#45,#1378);
#1378 = DEFINITIONAL_REPRESENTATION('',(#1379),#1383);
#1379 = LINE('',#1380,#1381);
#1380 = CARTESIAN_POINT('',(0.,-100.));
#1381 = VECTOR('',#1382,1.);
#1382 = DIRECTION('',(0.,1.));
#1383 = ( GEOMETRIC_REPRESENTATION_CONTEXT(2) 
PARAMETRIC_REPRESENTATION_CONTEXT() REPRESENTATION_CONTEXT('2D SPACE',''
  ) );
#1384 = PCURVE('',#1385,#1390);
#1385 = PLANE('',#1386);
#1386 = AXIS2_PLACEMENT_3D('',#1387,#1388,#1389);
#1387 = CARTESIAN_POINT('',(226.8500001,28.6500001,-10.9999999));
#1388 = DIRECTION('',(0.,1.,0.));
#1389 = DIRECTION('',(-1.,0.,1.110223024625E-16));
#1390 = DEFINITIONAL_REPRESENTATION('',(#1391),#1395);
#1391 = LINE('',#1392,#1393);
#1392 = CARTESIAN_POINT('',(100.,11.));
#1393 = VECTOR('',#1394,1.);
#1394 = DIRECTION('',(1.,0.));
#1395 = ( GEOMETRIC_REPRESENTATION_CONTEXT(2) 
PARAMETRIC_REPRESENTATION_CONTEXT() REPRESENTATION_CONTEXT('2D SPACE',''
  ) );
#1396 = ORIENTED_EDGE('',*,*,#1397,.T.);
#1397 = EDGE_CURVE('',#1370,#1398,#1400,.T.);
#1398 = VERTEX_POINT('',#1399);
#1399 = CARTESIAN_POINT('',(51.397181827725,24.782394997865,
    1.000000001694E-07));
#1400 = SURFACE_CURVE('',#1401,(#1405,#1412),.PCURVE_S1.);
#1401 = LINE('',#1402,#1403);
#1402 = CARTESIAN_POINT('',(41.451654406873,32.413866597569,
    1.000000012796E-07));
#1403 = VECTOR('',#1404,1.);
#1404 = DIRECTION('',(0.793353340291,-0.608761429009,-8.807991450546E-17
    ));
#1405 = PCURVE('',#45,#1406);
#1406 = DEFINITIONAL_REPRESENTATION('',(#1407),#1411);
#1407 = LINE('',#1408,#1409);
#1408 = CARTESIAN_POINT('',(3.763866497569,-14.60165430687));
#1409 = VECTOR('',#1410,1.);
#1410 = DIRECTION('',(-0.608761429009,-0.793353340291));
#1411 = ( GEOMETRIC_REPRESENTATION_CONTEXT(2) 
PARAMETRIC_REPRESENTATION_CONTEXT() REPRESENTATION_CONTEXT('2D SPACE',''
  ) );
#1412 = PCURVE('',#1413,#1418);
#1413 = PLANE('',#1414);
#1414 = AXIS2_PLACEMENT_3D('',#1415,#1416,#1417);
#1415 = CARTESIAN_POINT('',(41.451654406873,32.413866597569,
    1.000000012796E-07));
#1416 = DIRECTION('',(0.608761429009,0.793353340291,-6.758609549892E-17)
  );
#1417 = DIRECTION('',(0.793353340291,-0.608761429009,-8.807991450546E-17
    ));
#1418 = DEFINITIONAL_REPRESENTATION('',(#1419),#1423);
#1419 = LINE('',#1420,#1421);
#1420 = CARTESIAN_POINT('',(0.,0.));
#1421 = VECTOR('',#1422,1.);
#1422 = DIRECTION('',(1.,0.));
#1423 = ( GEOMETRIC_REPRESENTATION_CONTEXT(2) 
PARAMETRIC_REPRESENTATION_CONTEXT() REPRESENTATION_CONTEXT('2D SPACE',''
  ) );
#1424 = ORIENTED_EDGE('',*,*,#1425,.F.);
#1425 = EDGE_CURVE('',#1426,#1398,#1428,.T.);
#1426 = VERTEX_POINT('',#1427);
#1427 = CARTESIAN_POINT('',(50.170057978785,20.06528108712,
    1.000000003915E-07));
#1428 = SURFACE_CURVE('',#1429,(#1434,#1441),.PCURVE_S1.);
#1429 = CIRCLE('',#1430,24.85);
#1430 = AXIS2_PLACEMENT_3D('',#1431,#1432,#1433);
#1431 = CARTESIAN_POINT('',(26.8500001,28.6500001,1.00000002945E-07));
#1432 = DIRECTION('',(1.110223024625E-16,-0.,1.));
#1433 = DIRECTION('',(0.,1.,0.));
#1434 = PCURVE('',#45,#1435);
#1435 = DEFINITIONAL_REPRESENTATION('',(#1436),#1440);
#1436 = CIRCLE('',#1437,24.85);
#1437 = AXIS2_PLACEMENT_2D('',#1438,#1439);
#1438 = CARTESIAN_POINT('',(0.,0.));
#1439 = DIRECTION('',(1.,0.));
#1440 = ( GEOMETRIC_REPRESENTATION_CONTEXT(2) 
PARAMETRIC_REPRESENTATION_CONTEXT() REPRESENTATION_CONTEXT('2D SPACE',''
  ) );
#1441 = PCURVE('',#1442,#1447);
#1442 = CYLINDRICAL_SURFACE('',#1443,24.85);
#1443 = AXIS2_PLACEMENT_3D('',#1444,#1445,#1446);
#1444 = CARTESIAN_POINT('',(26.8500001,28.6500001,1.00000002945E-07));
#1445 = DIRECTION('',(-1.110223024625E-16,-0.,-1.));
#1446 = DIRECTION('',(0.,1.,0.));
#1447 = DEFINITIONAL_REPRESENTATION('',(#1448),#1452);
#1448 = LINE('',#1449,#1450);
#1449 = CARTESIAN_POINT('',(-0.,0.));
#1450 = VECTOR('',#1451,1.);
#1451 = DIRECTION('',(-1.,0.));
#1452 = ( GEOMETRIC_REPRESENTATION_CONTEXT(2) 
PARAMETRIC_REPRESENTATION_CONTEXT() REPRESENTATION_CONTEXT('2D SPACE',''
  ) );
#1453 = ORIENTED_EDGE('',*,*,#1454,.T.);
#1454 = EDGE_CURVE('',#1426,#1455,#1457,.T.);
#1455 = VERTEX_POINT('',#1456);
#1456 = CARTESIAN_POINT('',(43.582771395986,28.6500001,
    1.000000010576E-07));
#1457 = SURFACE_CURVE('',#1458,(#1462,#1469),.PCURVE_S1.);
#1458 = LINE('',#1459,#1460);
#1459 = CARTESIAN_POINT('',(51.379001688175,18.489754970707,
    1.000000001694E-07));
#1460 = VECTOR('',#1461,1.);
#1461 = DIRECTION('',(-0.608761429009,0.793353340291,6.758609549892E-17)
  );
#1462 = PCURVE('',#45,#1463);
#1463 = DEFINITIONAL_REPRESENTATION('',(#1464),#1468);
#1464 = LINE('',#1465,#1466);
#1465 = CARTESIAN_POINT('',(-10.16024512929,-24.52900158817));
#1466 = VECTOR('',#1467,1.);
#1467 = DIRECTION('',(0.793353340291,0.608761429009));
#1468 = ( GEOMETRIC_REPRESENTATION_CONTEXT(2) 
PARAMETRIC_REPRESENTATION_CONTEXT() REPRESENTATION_CONTEXT('2D SPACE',''
  ) );
#1469 = PCURVE('',#1470,#1475);
#1470 = PLANE('',#1471);
#1471 = AXIS2_PLACEMENT_3D('',#1472,#1473,#1474);
#1472 = CARTESIAN_POINT('',(50.170057978785,20.06528108712,
    1.000000003915E-07));
#1473 = DIRECTION('',(-0.793353340291,-0.608761429009,8.807991450546E-17
    ));
#1474 = DIRECTION('',(-0.608761429009,0.793353340291,6.758609549892E-17)
  );
#1475 = DEFINITIONAL_REPRESENTATION('',(#1476),#1480);
#1476 = LINE('',#1477,#1478);
#1477 = CARTESIAN_POINT('',(-1.985907207291,8.782489076106E-17));
#1478 = VECTOR('',#1479,1.);
#1479 = DIRECTION('',(1.,0.));
#1480 = ( GEOMETRIC_REPRESENTATION_CONTEXT(2) 
PARAMETRIC_REPRESENTATION_CONTEXT() REPRESENTATION_CONTEXT('2D SPACE',''
  ) );
#1481 = ORIENTED_EDGE('',*,*,#1482,.T.);
#1482 = EDGE_CURVE('',#1455,#1483,#1485,.T.);
#1483 = VERTEX_POINT('',#1484);
#1484 = CARTESIAN_POINT('',(42.115379980603,28.6500001,
    1.000000012796E-07));
#1485 = SURFACE_CURVE('',#1486,(#1490,#1497),.PCURVE_S1.);
#1486 = LINE('',#1487,#1488);
#1487 = CARTESIAN_POINT('',(126.8500001,28.6500001,9.999999184274E-08));
#1488 = VECTOR('',#1489,1.);
#1489 = DIRECTION('',(-1.,0.,1.110223024625E-16));
#1490 = PCURVE('',#45,#1491);
#1491 = DEFINITIONAL_REPRESENTATION('',(#1492),#1496);
#1492 = LINE('',#1493,#1494);
#1493 = CARTESIAN_POINT('',(0.,-100.));
#1494 = VECTOR('',#1495,1.);
#1495 = DIRECTION('',(0.,1.));
#1496 = ( GEOMETRIC_REPRESENTATION_CONTEXT(2) 
PARAMETRIC_REPRESENTATION_CONTEXT() REPRESENTATION_CONTEXT('2D SPACE',''
  ) );
#1497 = PCURVE('',#1498,#1503);
#1498 = PLANE('',#1499);
#1499 = AXIS2_PLACEMENT_3D('',#1500,#1501,#1502);
#1500 = CARTESIAN_POINT('',(226.8500001,28.6500001,-10.9999999));
#1501 = DIRECTION('',(0.,1.,0.));
#1502 = DIRECTION('',(-1.,0.,1.110223024625E-16));
#1503 = DEFINITIONAL_REPRESENTATION('',(#1504),#1508);
#1504 = LINE('',#1505,#1506);
#1505 = CARTESIAN_POINT('',(100.,11.));
#1506 = VECTOR('',#1507,1.);
#1507 = DIRECTION('',(1.,0.));
#1508 = ( GEOMETRIC_REPRESENTATION_CONTEXT(2) 
PARAMETRIC_REPRESENTATION_CONTEXT() REPRESENTATION_CONTEXT('2D SPACE',''
  ) );
#1509 = ORIENTED_EDGE('',*,*,#1510,.T.);
#1510 = EDGE_CURVE('',#1483,#1511,#1513,.T.);
#1511 = VERTEX_POINT('',#1512);
#1512 = CARTESIAN_POINT('',(41.928275434347,28.506429732085,
    1.000000012796E-07));
#1513 = SURFACE_CURVE('',#1514,(#1518,#1525),.PCURVE_S1.);
#1514 = LINE('',#1515,#1516);
#1515 = CARTESIAN_POINT('',(43.038970110755,29.358695732697,
    1.000000011686E-07));
#1516 = VECTOR('',#1517,1.);
#1517 = DIRECTION('',(-0.793353340291,-0.608761429009,8.807991450546E-17
    ));
#1518 = PCURVE('',#45,#1519);
#1519 = DEFINITIONAL_REPRESENTATION('',(#1520),#1524);
#1520 = LINE('',#1521,#1522);
#1521 = CARTESIAN_POINT('',(0.708695632697,-16.18897001075));
#1522 = VECTOR('',#1523,1.);
#1523 = DIRECTION('',(-0.608761429009,0.793353340291));
#1524 = ( GEOMETRIC_REPRESENTATION_CONTEXT(2) 
PARAMETRIC_REPRESENTATION_CONTEXT() REPRESENTATION_CONTEXT('2D SPACE',''
  ) );
#1525 = PCURVE('',#1526,#1531);
#1526 = PLANE('',#1527);
#1527 = AXIS2_PLACEMENT_3D('',#1528,#1529,#1530);
#1528 = CARTESIAN_POINT('',(43.038970110755,29.358695732697,
    1.000000011686E-07));
#1529 = DIRECTION('',(0.608761429009,-0.793353340291,-6.758609549892E-17
    ));
#1530 = DIRECTION('',(-0.793353340291,-0.608761429009,8.807991450546E-17
    ));
#1531 = DEFINITIONAL_REPRESENTATION('',(#1532),#1536);
#1532 = LINE('',#1533,#1534);
#1533 = CARTESIAN_POINT('',(0.,0.));
#1534 = VECTOR('',#1535,1.);
#1535 = DIRECTION('',(1.,0.));
#1536 = ( GEOMETRIC_REPRESENTATION_CONTEXT(2) 
PARAMETRIC_REPRESENTATION_CONTEXT() REPRESENTATION_CONTEXT('2D SPACE',''
  ) );
#1537 = ORIENTED_EDGE('',*,*,#1538,.T.);
#1538 = EDGE_CURVE('',#1511,#1539,#1541,.T.);
#1539 = VERTEX_POINT('',#1540);
#1540 = CARTESIAN_POINT('',(49.559747034052,18.560902311234,
    1.000000003915E-07));
#1541 = SURFACE_CURVE('',#1542,(#1546,#1553),.PCURVE_S1.);
#1542 = LINE('',#1543,#1544);
#1543 = CARTESIAN_POINT('',(41.928275434347,28.506429732085,
    1.000000012796E-07));
#1544 = VECTOR('',#1545,1.);
#1545 = DIRECTION('',(0.608761429009,-0.793353340291,-6.758609549892E-17
    ));
#1546 = PCURVE('',#45,#1547);
#1547 = DEFINITIONAL_REPRESENTATION('',(#1548),#1552);
#1548 = LINE('',#1549,#1550);
#1549 = CARTESIAN_POINT('',(-0.143570367915,-15.07827533434));
#1550 = VECTOR('',#1551,1.);
#1551 = DIRECTION('',(-0.793353340291,-0.608761429009));
#1552 = ( GEOMETRIC_REPRESENTATION_CONTEXT(2) 
PARAMETRIC_REPRESENTATION_CONTEXT() REPRESENTATION_CONTEXT('2D SPACE',''
  ) );
#1553 = PCURVE('',#1554,#1559);
#1554 = PLANE('',#1555);
#1555 = AXIS2_PLACEMENT_3D('',#1556,#1557,#1558);
#1556 = CARTESIAN_POINT('',(41.928275434347,28.506429732085,
    1.000000012796E-07));
#1557 = DIRECTION('',(0.793353340291,0.608761429009,-8.807991450546E-17)
  );
#1558 = DIRECTION('',(0.608761429009,-0.793353340291,-6.758609549892E-17
    ));
#1559 = DEFINITIONAL_REPRESENTATION('',(#1560),#1564);
#1560 = LINE('',#1561,#1562);
#1561 = CARTESIAN_POINT('',(0.,0.));
#1562 = VECTOR('',#1563,1.);
#1563 = DIRECTION('',(1.,0.));
#1564 = ( GEOMETRIC_REPRESENTATION_CONTEXT(2) 
PARAMETRIC_REPRESENTATION_CONTEXT() REPRESENTATION_CONTEXT('2D SPACE',''
  ) );
#1565 = ORIENTED_EDGE('',*,*,#1566,.F.);
#1566 = EDGE_CURVE('',#1567,#1539,#1569,.T.);
#1567 = VERTEX_POINT('',#1568);
#1568 = CARTESIAN_POINT('',(47.153557498288,14.322123182102,
    1.000000007245E-07));
#1569 = SURFACE_CURVE('',#1570,(#1575,#1582),.PCURVE_S1.);
#1570 = CIRCLE('',#1571,24.85);
#1571 = AXIS2_PLACEMENT_3D('',#1572,#1573,#1574);
#1572 = CARTESIAN_POINT('',(26.8500001,28.6500001,1.00000002945E-07));
#1573 = DIRECTION('',(1.110223024625E-16,-0.,1.));
#1574 = DIRECTION('',(0.,1.,0.));
#1575 = PCURVE('',#45,#1576);
#1576 = DEFINITIONAL_REPRESENTATION('',(#1577),#1581);
#1577 = CIRCLE('',#1578,24.85);
#1578 = AXIS2_PLACEMENT_2D('',#1579,#1580);
#1579 = CARTESIAN_POINT('',(0.,0.));
#1580 = DIRECTION('',(1.,0.));
#1581 = ( GEOMETRIC_REPRESENTATION_CONTEXT(2) 
PARAMETRIC_REPRESENTATION_CONTEXT() REPRESENTATION_CONTEXT('2D SPACE',''
  ) );
#1582 = PCURVE('',#1583,#1588);
#1583 = CYLINDRICAL_SURFACE('',#1584,24.85);
#1584 = AXIS2_PLACEMENT_3D('',#1585,#1586,#1587);
#1585 = CARTESIAN_POINT('',(26.8500001,28.6500001,1.00000002945E-07));
#1586 = DIRECTION('',(-1.110223024625E-16,-0.,-1.));
#1587 = DIRECTION('',(0.,1.,0.));
#1588 = DEFINITIONAL_REPRESENTATION('',(#1589),#1593);
#1589 = LINE('',#1590,#1591);
#1590 = CARTESIAN_POINT('',(-0.,0.));
#1591 = VECTOR('',#1592,1.);
#1592 = DIRECTION('',(-1.,0.));
#1593 = ( GEOMETRIC_REPRESENTATION_CONTEXT(2) 
PARAMETRIC_REPRESENTATION_CONTEXT() REPRESENTATION_CONTEXT('2D SPACE',''
  ) );
#1594 = ORIENTED_EDGE('',*,*,#1595,.T.);
#1595 = EDGE_CURVE('',#1567,#1596,#1598,.T.);
#1596 = VERTEX_POINT('',#1597);
#1597 = CARTESIAN_POINT('',(42.670768261331,25.144533755223,
    1.000000011686E-07));
#1598 = SURFACE_CURVE('',#1599,(#1603,#1610),.PCURVE_S1.);
#1599 = LINE('',#1600,#1601);
#1600 = CARTESIAN_POINT('',(47.913531284732,12.487384159818,
    1.000000006135E-07));
#1601 = VECTOR('',#1602,1.);
#1602 = DIRECTION('',(-0.382683432365,0.923879532511,4.248639577543E-17)
  );
#1603 = PCURVE('',#45,#1604);
#1604 = DEFINITIONAL_REPRESENTATION('',(#1605),#1609);
#1605 = LINE('',#1606,#1607);
#1606 = CARTESIAN_POINT('',(-16.16261594018,-21.06353118473));
#1607 = VECTOR('',#1608,1.);
#1608 = DIRECTION('',(0.923879532511,0.382683432365));
#1609 = ( GEOMETRIC_REPRESENTATION_CONTEXT(2) 
PARAMETRIC_REPRESENTATION_CONTEXT() REPRESENTATION_CONTEXT('2D SPACE',''
  ) );
#1610 = PCURVE('',#1611,#1616);
#1611 = PLANE('',#1612);
#1612 = AXIS2_PLACEMENT_3D('',#1613,#1614,#1615);
#1613 = CARTESIAN_POINT('',(47.153557498287,14.322123182102,
    1.000000007245E-07));
#1614 = DIRECTION('',(-0.923879532511,-0.382683432365,1.025712328974E-16
    ));
#1615 = DIRECTION('',(-0.382683432365,0.923879532511,4.248639577543E-17)
  );
#1616 = DEFINITIONAL_REPRESENTATION('',(#1617),#1621);
#1617 = LINE('',#1618,#1619);
#1618 = CARTESIAN_POINT('',(-1.985907207292,2.664826288024E-17));
#1619 = VECTOR('',#1620,1.);
#1620 = DIRECTION('',(1.,0.));
#1621 = ( GEOMETRIC_REPRESENTATION_CONTEXT(2) 
PARAMETRIC_REPRESENTATION_CONTEXT() REPRESENTATION_CONTEXT('2D SPACE',''
  ) );
#1622 = ORIENTED_EDGE('',*,*,#1623,.T.);
#1623 = EDGE_CURVE('',#1596,#1624,#1626,.T.);
#1624 = VERTEX_POINT('',#1625);
#1625 = CARTESIAN_POINT('',(41.377336915815,24.608776949912,
    1.000000012796E-07));
#1626 = SURFACE_CURVE('',#1627,(#1631,#1638),.PCURVE_S1.);
#1627 = LINE('',#1628,#1629);
#1628 = CARTESIAN_POINT('',(42.670768261331,25.144533755223,
    1.000000011686E-07));
#1629 = VECTOR('',#1630,1.);
#1630 = DIRECTION('',(-0.923879532511,-0.382683432365,1.025712328974E-16
    ));
#1631 = PCURVE('',#45,#1632);
#1632 = DEFINITIONAL_REPRESENTATION('',(#1633),#1637);
#1633 = LINE('',#1634,#1635);
#1634 = CARTESIAN_POINT('',(-3.505466344777,-15.82076816133));
#1635 = VECTOR('',#1636,1.);
#1636 = DIRECTION('',(-0.382683432365,0.923879532511));
#1637 = ( GEOMETRIC_REPRESENTATION_CONTEXT(2) 
PARAMETRIC_REPRESENTATION_CONTEXT() REPRESENTATION_CONTEXT('2D SPACE',''
  ) );
#1638 = PCURVE('',#1639,#1644);
#1639 = PLANE('',#1640);
#1640 = AXIS2_PLACEMENT_3D('',#1641,#1642,#1643);
#1641 = CARTESIAN_POINT('',(42.670768261331,25.144533755223,
    1.000000011686E-07));
#1642 = DIRECTION('',(0.382683432365,-0.923879532511,-4.248639577543E-17
    ));
#1643 = DIRECTION('',(-0.923879532511,-0.382683432365,1.025712328974E-16
    ));
#1644 = DEFINITIONAL_REPRESENTATION('',(#1645),#1649);
#1645 = LINE('',#1646,#1647);
#1646 = CARTESIAN_POINT('',(0.,0.));
#1647 = VECTOR('',#1648,1.);
#1648 = DIRECTION('',(1.,0.));
#1649 = ( GEOMETRIC_REPRESENTATION_CONTEXT(2) 
PARAMETRIC_REPRESENTATION_CONTEXT() REPRESENTATION_CONTEXT('2D SPACE',''
  ) );
#1650 = ORIENTED_EDGE('',*,*,#1651,.T.);
#1651 = EDGE_CURVE('',#1624,#1652,#1654,.T.);
#1652 = VERTEX_POINT('',#1653);
#1653 = CARTESIAN_POINT('',(46.174680516455,13.026964965883,
    1.000000008355E-07));
#1654 = SURFACE_CURVE('',#1655,(#1659,#1666),.PCURVE_S1.);
#1655 = LINE('',#1656,#1657);
#1656 = CARTESIAN_POINT('',(41.377336915815,24.608776949912,
    1.000000012796E-07));
#1657 = VECTOR('',#1658,1.);
#1658 = DIRECTION('',(0.382683432365,-0.923879532511,-4.248639577543E-17
    ));
#1659 = PCURVE('',#45,#1660);
#1660 = DEFINITIONAL_REPRESENTATION('',(#1661),#1665);
#1661 = LINE('',#1662,#1663);
#1662 = CARTESIAN_POINT('',(-4.041223150088,-14.52733681581));
#1663 = VECTOR('',#1664,1.);
#1664 = DIRECTION('',(-0.923879532511,-0.382683432365));
#1665 = ( GEOMETRIC_REPRESENTATION_CONTEXT(2) 
PARAMETRIC_REPRESENTATION_CONTEXT() REPRESENTATION_CONTEXT('2D SPACE',''
  ) );
#1666 = PCURVE('',#1667,#1672);
#1667 = PLANE('',#1668);
#1668 = AXIS2_PLACEMENT_3D('',#1669,#1670,#1671);
#1669 = CARTESIAN_POINT('',(41.377336915815,24.608776949912,
    1.000000012796E-07));
#1670 = DIRECTION('',(0.923879532511,0.382683432365,-1.025712328974E-16)
  );
#1671 = DIRECTION('',(0.382683432365,-0.923879532511,-4.248639577543E-17
    ));
#1672 = DEFINITIONAL_REPRESENTATION('',(#1673),#1677);
#1673 = LINE('',#1674,#1675);
#1674 = CARTESIAN_POINT('',(0.,0.));
#1675 = VECTOR('',#1676,1.);
#1676 = DIRECTION('',(1.,0.));
#1677 = ( GEOMETRIC_REPRESENTATION_CONTEXT(2) 
PARAMETRIC_REPRESENTATION_CONTEXT() REPRESENTATION_CONTEXT('2D SPACE',''
  ) );
#1678 = ORIENTED_EDGE('',*,*,#1679,.F.);
#1679 = EDGE_CURVE('',#1680,#1652,#1682,.T.);
#1680 = VERTEX_POINT('',#1681);
#1681 = CARTESIAN_POINT('',(42.753403134311,9.555386411102,
    1.000000011686E-07));
#1682 = SURFACE_CURVE('',#1683,(#1688,#1695),.PCURVE_S1.);
#1683 = CIRCLE('',#1684,24.85);
#1684 = AXIS2_PLACEMENT_3D('',#1685,#1686,#1687);
#1685 = CARTESIAN_POINT('',(26.8500001,28.6500001,1.00000002945E-07));
#1686 = DIRECTION('',(1.110223024625E-16,-0.,1.));
#1687 = DIRECTION('',(0.,1.,0.));
#1688 = PCURVE('',#45,#1689);
#1689 = DEFINITIONAL_REPRESENTATION('',(#1690),#1694);
#1690 = CIRCLE('',#1691,24.85);
#1691 = AXIS2_PLACEMENT_2D('',#1692,#1693);
#1692 = CARTESIAN_POINT('',(0.,0.));
#1693 = DIRECTION('',(1.,0.));
#1694 = ( GEOMETRIC_REPRESENTATION_CONTEXT(2) 
PARAMETRIC_REPRESENTATION_CONTEXT() REPRESENTATION_CONTEXT('2D SPACE',''
  ) );
#1695 = PCURVE('',#1696,#1701);
#1696 = CYLINDRICAL_SURFACE('',#1697,24.85);
#1697 = AXIS2_PLACEMENT_3D('',#1698,#1699,#1700);
#1698 = CARTESIAN_POINT('',(26.8500001,28.6500001,1.00000002945E-07));
#1699 = DIRECTION('',(-1.110223024625E-16,-0.,-1.));
#1700 = DIRECTION('',(0.,1.,0.));
#1701 = DEFINITIONAL_REPRESENTATION('',(#1702),#1706);
#1702 = LINE('',#1703,#1704);
#1703 = CARTESIAN_POINT('',(-0.,0.));
#1704 = VECTOR('',#1705,1.);
#1705 = DIRECTION('',(-1.,0.));
#1706 = ( GEOMETRIC_REPRESENTATION_CONTEXT(2) 
PARAMETRIC_REPRESENTATION_CONTEXT() REPRESENTATION_CONTEXT('2D SPACE',''
  ) );
#1707 = ORIENTED_EDGE('',*,*,#1708,.T.);
#1708 = EDGE_CURVE('',#1680,#1709,#1711,.T.);
#1709 = VERTEX_POINT('',#1710);
#1710 = CARTESIAN_POINT('',(41.224407206767,21.169263516089,
    1.000000013907E-07));
#1711 = SURFACE_CURVE('',#1712,(#1716,#1723),.PCURVE_S1.);
#1712 = LINE('',#1713,#1714);
#1713 = CARTESIAN_POINT('',(43.012616040182,7.586468915268,
    1.000000011686E-07));
#1714 = VECTOR('',#1715,1.);
#1715 = DIRECTION('',(-0.13052619222,0.991444861374,1.449131839194E-17)
  );
#1716 = PCURVE('',#45,#1717);
#1717 = DEFINITIONAL_REPRESENTATION('',(#1718),#1722);
#1718 = LINE('',#1719,#1720);
#1719 = CARTESIAN_POINT('',(-21.06353118473,-16.16261594018));
#1720 = VECTOR('',#1721,1.);
#1721 = DIRECTION('',(0.991444861374,0.13052619222));
#1722 = ( GEOMETRIC_REPRESENTATION_CONTEXT(2) 
PARAMETRIC_REPRESENTATION_CONTEXT() REPRESENTATION_CONTEXT('2D SPACE',''
  ) );
#1723 = PCURVE('',#1724,#1729);
#1724 = PLANE('',#1725);
#1725 = AXIS2_PLACEMENT_3D('',#1726,#1727,#1728);
#1726 = CARTESIAN_POINT('',(42.753403134311,9.555386411102,
    1.000000011686E-07));
#1727 = DIRECTION('',(-0.991444861374,-0.13052619222,1.100724912744E-16)
  );
#1728 = DIRECTION('',(-0.13052619222,0.991444861374,1.449131839194E-17)
  );
#1729 = DEFINITIONAL_REPRESENTATION('',(#1730),#1734);
#1730 = LINE('',#1731,#1732);
#1731 = CARTESIAN_POINT('',(-1.985907207291,-2.877841363769E-17));
#1732 = VECTOR('',#1733,1.);
#1733 = DIRECTION('',(1.,0.));
#1734 = ( GEOMETRIC_REPRESENTATION_CONTEXT(2) 
PARAMETRIC_REPRESENTATION_CONTEXT() REPRESENTATION_CONTEXT('2D SPACE',''
  ) );
#1735 = ORIENTED_EDGE('',*,*,#1736,.T.);
#1736 = EDGE_CURVE('',#1709,#1737,#1739,.T.);
#1737 = VERTEX_POINT('',#1738);
#1738 = CARTESIAN_POINT('',(39.836384400843,20.986526846981,
    1.000000015017E-07));
#1739 = SURFACE_CURVE('',#1740,(#1744,#1751),.PCURVE_S1.);
#1740 = LINE('',#1741,#1742);
#1741 = CARTESIAN_POINT('',(41.224407206767,21.169263516089,
    1.000000013907E-07));
#1742 = VECTOR('',#1743,1.);
#1743 = DIRECTION('',(-0.991444861374,-0.13052619222,1.100724912744E-16)
  );
#1744 = PCURVE('',#45,#1745);
#1745 = DEFINITIONAL_REPRESENTATION('',(#1746),#1750);
#1746 = LINE('',#1747,#1748);
#1747 = CARTESIAN_POINT('',(-7.480736583911,-14.37440710676));
#1748 = VECTOR('',#1749,1.);
#1749 = DIRECTION('',(-0.13052619222,0.991444861374));
#1750 = ( GEOMETRIC_REPRESENTATION_CONTEXT(2) 
PARAMETRIC_REPRESENTATION_CONTEXT() REPRESENTATION_CONTEXT('2D SPACE',''
  ) );
#1751 = PCURVE('',#1752,#1757);
#1752 = PLANE('',#1753);
#1753 = AXIS2_PLACEMENT_3D('',#1754,#1755,#1756);
#1754 = CARTESIAN_POINT('',(41.224407206767,21.169263516089,
    1.000000013907E-07));
#1755 = DIRECTION('',(0.13052619222,-0.991444861374,-1.449131839194E-17)
  );
#1756 = DIRECTION('',(-0.991444861374,-0.13052619222,1.100724912744E-16)
  );
#1757 = DEFINITIONAL_REPRESENTATION('',(#1758),#1762);
#1758 = LINE('',#1759,#1760);
#1759 = CARTESIAN_POINT('',(0.,0.));
#1760 = VECTOR('',#1761,1.);
#1761 = DIRECTION('',(1.,0.));
#1762 = ( GEOMETRIC_REPRESENTATION_CONTEXT(2) 
PARAMETRIC_REPRESENTATION_CONTEXT() REPRESENTATION_CONTEXT('2D SPACE',''
  ) );
#1763 = ORIENTED_EDGE('',*,*,#1764,.T.);
#1764 = EDGE_CURVE('',#1737,#1765,#1767,.T.);
#1765 = VERTEX_POINT('',#1766);
#1766 = CARTESIAN_POINT('',(41.472668964021,8.557711646636,
    1.000000012796E-07));
#1767 = SURFACE_CURVE('',#1768,(#1772,#1779),.PCURVE_S1.);
#1768 = LINE('',#1769,#1770);
#1769 = CARTESIAN_POINT('',(39.836384400843,20.986526846981,
    1.000000015017E-07));
#1770 = VECTOR('',#1771,1.);
#1771 = DIRECTION('',(0.13052619222,-0.991444861374,-1.449131839194E-17)
  );
#1772 = PCURVE('',#45,#1773);
#1773 = DEFINITIONAL_REPRESENTATION('',(#1774),#1778);
#1774 = LINE('',#1775,#1776);
#1775 = CARTESIAN_POINT('',(-7.663473253019,-12.98638430084));
#1776 = VECTOR('',#1777,1.);
#1777 = DIRECTION('',(-0.991444861374,-0.13052619222));
#1778 = ( GEOMETRIC_REPRESENTATION_CONTEXT(2) 
PARAMETRIC_REPRESENTATION_CONTEXT() REPRESENTATION_CONTEXT('2D SPACE',''
  ) );
#1779 = PCURVE('',#1780,#1785);
#1780 = PLANE('',#1781);
#1781 = AXIS2_PLACEMENT_3D('',#1782,#1783,#1784);
#1782 = CARTESIAN_POINT('',(39.836384400843,20.986526846981,
    1.000000015017E-07));
#1783 = DIRECTION('',(0.991444861374,0.13052619222,-1.100724912744E-16)
  );
#1784 = DIRECTION('',(0.13052619222,-0.991444861374,-1.449131839194E-17)
  );
#1785 = DEFINITIONAL_REPRESENTATION('',(#1786),#1790);
#1786 = LINE('',#1787,#1788);
#1787 = CARTESIAN_POINT('',(0.,0.));
#1788 = VECTOR('',#1789,1.);
#1789 = DIRECTION('',(1.,0.));
#1790 = ( GEOMETRIC_REPRESENTATION_CONTEXT(2) 
PARAMETRIC_REPRESENTATION_CONTEXT() REPRESENTATION_CONTEXT('2D SPACE',''
  ) );
#1791 = ORIENTED_EDGE('',*,*,#1792,.F.);
#1792 = EDGE_CURVE('',#1793,#1765,#1795,.T.);
#1793 = VERTEX_POINT('',#1794);
#1794 = CARTESIAN_POINT('',(37.269458135164,6.08991600766,
    1.000000018347E-07));
#1795 = SURFACE_CURVE('',#1796,(#1801,#1808),.PCURVE_S1.);
#1796 = CIRCLE('',#1797,24.85);
#1797 = AXIS2_PLACEMENT_3D('',#1798,#1799,#1800);
#1798 = CARTESIAN_POINT('',(26.8500001,28.6500001,1.00000002945E-07));
#1799 = DIRECTION('',(1.110223024625E-16,-0.,1.));
#1800 = DIRECTION('',(0.,1.,0.));
#1801 = PCURVE('',#45,#1802);
#1802 = DEFINITIONAL_REPRESENTATION('',(#1803),#1807);
#1803 = CIRCLE('',#1804,24.85);
#1804 = AXIS2_PLACEMENT_2D('',#1805,#1806);
#1805 = CARTESIAN_POINT('',(0.,0.));
#1806 = DIRECTION('',(1.,0.));
#1807 = ( GEOMETRIC_REPRESENTATION_CONTEXT(2) 
PARAMETRIC_REPRESENTATION_CONTEXT() REPRESENTATION_CONTEXT('2D SPACE',''
  ) );
#1808 = PCURVE('',#1809,#1814);
#1809 = CYLINDRICAL_SURFACE('',#1810,24.85);
#1810 = AXIS2_PLACEMENT_3D('',#1811,#1812,#1813);
#1811 = CARTESIAN_POINT('',(26.8500001,28.6500001,1.00000002945E-07));
#1812 = DIRECTION('',(-1.110223024625E-16,-0.,-1.));
#1813 = DIRECTION('',(0.,1.,0.));
#1814 = DEFINITIONAL_REPRESENTATION('',(#1815),#1819);
#1815 = LINE('',#1816,#1817);
#1816 = CARTESIAN_POINT('',(-0.,0.));
#1817 = VECTOR('',#1818,1.);
#1818 = DIRECTION('',(-1.,0.));
#1819 = ( GEOMETRIC_REPRESENTATION_CONTEXT(2) 
PARAMETRIC_REPRESENTATION_CONTEXT() REPRESENTATION_CONTEXT('2D SPACE',''
  ) );
#1820 = ORIENTED_EDGE('',*,*,#1821,.T.);
#1821 = EDGE_CURVE('',#1793,#1822,#1824,.T.);
#1822 = VERTEX_POINT('',#1823);
#1823 = CARTESIAN_POINT('',(38.798454062708,17.703793112647,
    1.000000016127E-07));
#1824 = SURFACE_CURVE('',#1825,(#1829,#1836),.PCURVE_S1.);
#1825 = LINE('',#1826,#1827);
#1826 = CARTESIAN_POINT('',(37.010245229293,4.120998511825,
    1.000000018347E-07));
#1827 = VECTOR('',#1828,1.);
#1828 = DIRECTION('',(0.13052619222,0.991444861374,-1.449131839194E-17)
  );
#1829 = PCURVE('',#45,#1830);
#1830 = DEFINITIONAL_REPRESENTATION('',(#1831),#1835);
#1831 = LINE('',#1832,#1833);
#1832 = CARTESIAN_POINT('',(-24.52900158817,-10.16024512929));
#1833 = VECTOR('',#1834,1.);
#1834 = DIRECTION('',(0.991444861374,-0.13052619222));
#1835 = ( GEOMETRIC_REPRESENTATION_CONTEXT(2) 
PARAMETRIC_REPRESENTATION_CONTEXT() REPRESENTATION_CONTEXT('2D SPACE',''
  ) );
#1836 = PCURVE('',#1837,#1842);
#1837 = PLANE('',#1838);
#1838 = AXIS2_PLACEMENT_3D('',#1839,#1840,#1841);
#1839 = CARTESIAN_POINT('',(37.269458135163,6.08991600766,
    1.000000018347E-07));
#1840 = DIRECTION('',(-0.991444861374,0.13052619222,1.100724912744E-16)
  );
#1841 = DIRECTION('',(0.13052619222,0.991444861374,-1.449131839194E-17)
  );
#1842 = DEFINITIONAL_REPRESENTATION('',(#1843),#1847);
#1843 = LINE('',#1844,#1845);
#1844 = CARTESIAN_POINT('',(-1.985907207292,2.877841363771E-17));
#1845 = VECTOR('',#1846,1.);
#1846 = DIRECTION('',(1.,0.));
#1847 = ( GEOMETRIC_REPRESENTATION_CONTEXT(2) 
PARAMETRIC_REPRESENTATION_CONTEXT() REPRESENTATION_CONTEXT('2D SPACE',''
  ) );
#1848 = ORIENTED_EDGE('',*,*,#1849,.T.);
#1849 = EDGE_CURVE('',#1822,#1850,#1852,.T.);
#1850 = VERTEX_POINT('',#1851);
#1851 = CARTESIAN_POINT('',(37.410431256785,17.886529781755,
    1.000000017237E-07));
#1852 = SURFACE_CURVE('',#1853,(#1857,#1864),.PCURVE_S1.);
#1853 = LINE('',#1854,#1855);
#1854 = CARTESIAN_POINT('',(38.798454062708,17.703793112647,
    1.000000016127E-07));
#1855 = VECTOR('',#1856,1.);
#1856 = DIRECTION('',(-0.991444861374,0.13052619222,1.100724912744E-16)
  );
#1857 = PCURVE('',#45,#1858);
#1858 = DEFINITIONAL_REPRESENTATION('',(#1859),#1863);
#1859 = LINE('',#1860,#1861);
#1860 = CARTESIAN_POINT('',(-10.94620698735,-11.9484539627));
#1861 = VECTOR('',#1862,1.);
#1862 = DIRECTION('',(0.13052619222,0.991444861374));
#1863 = ( GEOMETRIC_REPRESENTATION_CONTEXT(2) 
PARAMETRIC_REPRESENTATION_CONTEXT() REPRESENTATION_CONTEXT('2D SPACE',''
  ) );
#1864 = PCURVE('',#1865,#1870);
#1865 = PLANE('',#1866);
#1866 = AXIS2_PLACEMENT_3D('',#1867,#1868,#1869);
#1867 = CARTESIAN_POINT('',(38.798454062708,17.703793112647,
    1.000000016127E-07));
#1868 = DIRECTION('',(-0.13052619222,-0.991444861374,1.449131839194E-17)
  );
#1869 = DIRECTION('',(-0.991444861374,0.13052619222,1.100724912744E-16)
  );
#1870 = DEFINITIONAL_REPRESENTATION('',(#1871),#1875);
#1871 = LINE('',#1872,#1873);
#1872 = CARTESIAN_POINT('',(0.,0.));
#1873 = VECTOR('',#1874,1.);
#1874 = DIRECTION('',(1.,0.));
#1875 = ( GEOMETRIC_REPRESENTATION_CONTEXT(2) 
PARAMETRIC_REPRESENTATION_CONTEXT() REPRESENTATION_CONTEXT('2D SPACE',''
  ) );
#1876 = ORIENTED_EDGE('',*,*,#1877,.T.);
#1877 = EDGE_CURVE('',#1850,#1878,#1880,.T.);
#1878 = VERTEX_POINT('',#1879);
#1879 = CARTESIAN_POINT('',(35.774146693607,5.457714581409,
    1.000000019458E-07));
#1880 = SURFACE_CURVE('',#1881,(#1885,#1892),.PCURVE_S1.);
#1881 = LINE('',#1882,#1883);
#1882 = CARTESIAN_POINT('',(37.410431256785,17.886529781755,
    1.000000017237E-07));
#1883 = VECTOR('',#1884,1.);
#1884 = DIRECTION('',(-0.13052619222,-0.991444861374,1.449131839194E-17)
  );
#1885 = PCURVE('',#45,#1886);
#1886 = DEFINITIONAL_REPRESENTATION('',(#1887),#1891);
#1887 = LINE('',#1888,#1889);
#1888 = CARTESIAN_POINT('',(-10.76347031824,-10.56043115678));
#1889 = VECTOR('',#1890,1.);
#1890 = DIRECTION('',(-0.991444861374,0.13052619222));
#1891 = ( GEOMETRIC_REPRESENTATION_CONTEXT(2) 
PARAMETRIC_REPRESENTATION_CONTEXT() REPRESENTATION_CONTEXT('2D SPACE',''
  ) );
#1892 = PCURVE('',#1893,#1898);
#1893 = PLANE('',#1894);
#1894 = AXIS2_PLACEMENT_3D('',#1895,#1896,#1897);
#1895 = CARTESIAN_POINT('',(37.410431256785,17.886529781755,
    1.000000017237E-07));
#1896 = DIRECTION('',(0.991444861374,-0.13052619222,-1.100724912744E-16)
  );
#1897 = DIRECTION('',(-0.13052619222,-0.991444861374,1.449131839194E-17)
  );
#1898 = DEFINITIONAL_REPRESENTATION('',(#1899),#1903);
#1899 = LINE('',#1900,#1901);
#1900 = CARTESIAN_POINT('',(0.,0.));
#1901 = VECTOR('',#1902,1.);
#1902 = DIRECTION('',(1.,0.));
#1903 = ( GEOMETRIC_REPRESENTATION_CONTEXT(2) 
PARAMETRIC_REPRESENTATION_CONTEXT() REPRESENTATION_CONTEXT('2D SPACE',''
  ) );
#1904 = ORIENTED_EDGE('',*,*,#1905,.F.);
#1905 = EDGE_CURVE('',#1906,#1878,#1908,.T.);
#1906 = VERTEX_POINT('',#1907);
#1907 = CARTESIAN_POINT('',(31.075444289888,4.161878052809,
    1.000000025009E-07));
#1908 = SURFACE_CURVE('',#1909,(#1914,#1921),.PCURVE_S1.);
#1909 = CIRCLE('',#1910,24.85);
#1910 = AXIS2_PLACEMENT_3D('',#1911,#1912,#1913);
#1911 = CARTESIAN_POINT('',(26.8500001,28.6500001,1.00000002945E-07));
#1912 = DIRECTION('',(1.110223024625E-16,-0.,1.));
#1913 = DIRECTION('',(0.,1.,0.));
#1914 = PCURVE('',#45,#1915);
#1915 = DEFINITIONAL_REPRESENTATION('',(#1916),#1920);
#1916 = CIRCLE('',#1917,24.85);
#1917 = AXIS2_PLACEMENT_2D('',#1918,#1919);
#1918 = CARTESIAN_POINT('',(0.,0.));
#1919 = DIRECTION('',(1.,0.));
#1920 = ( GEOMETRIC_REPRESENTATION_CONTEXT(2) 
PARAMETRIC_REPRESENTATION_CONTEXT() REPRESENTATION_CONTEXT('2D SPACE',''
  ) );
#1921 = PCURVE('',#1922,#1927);
#1922 = CYLINDRICAL_SURFACE('',#1923,24.85);
#1923 = AXIS2_PLACEMENT_3D('',#1924,#1925,#1926);
#1924 = CARTESIAN_POINT('',(26.8500001,28.6500001,1.00000002945E-07));
#1925 = DIRECTION('',(-1.110223024625E-16,-0.,-1.));
#1926 = DIRECTION('',(0.,1.,0.));
#1927 = DEFINITIONAL_REPRESENTATION('',(#1928),#1932);
#1928 = LINE('',#1929,#1930);
#1929 = CARTESIAN_POINT('',(-0.,0.));
#1930 = VECTOR('',#1931,1.);
#1931 = DIRECTION('',(-1.,0.));
#1932 = ( GEOMETRIC_REPRESENTATION_CONTEXT(2) 
PARAMETRIC_REPRESENTATION_CONTEXT() REPRESENTATION_CONTEXT('2D SPACE',''
  ) );
#1933 = ORIENTED_EDGE('',*,*,#1934,.T.);
#1934 = EDGE_CURVE('',#1906,#1935,#1937,.T.);
#1935 = VERTEX_POINT('',#1936);
#1936 = CARTESIAN_POINT('',(35.558233526844,14.98428862593,
    1.000000019458E-07));
#1937 = SURFACE_CURVE('',#1938,(#1942,#1949),.PCURVE_S1.);
#1938 = LINE('',#1939,#1940);
#1939 = CARTESIAN_POINT('',(30.315470503442,2.327139030525,
    1.000000026119E-07));
#1940 = VECTOR('',#1941,1.);
#1941 = DIRECTION('',(0.382683432365,0.923879532511,-4.248639577543E-17)
  );
#1942 = PCURVE('',#45,#1943);
#1943 = DEFINITIONAL_REPRESENTATION('',(#1944),#1948);
#1944 = LINE('',#1945,#1946);
#1945 = CARTESIAN_POINT('',(-26.32286106947,-3.465470403442));
#1946 = VECTOR('',#1947,1.);
#1947 = DIRECTION('',(0.923879532511,-0.382683432365));
#1948 = ( GEOMETRIC_REPRESENTATION_CONTEXT(2) 
PARAMETRIC_REPRESENTATION_CONTEXT() REPRESENTATION_CONTEXT('2D SPACE',''
  ) );
#1949 = PCURVE('',#1950,#1955);
#1950 = PLANE('',#1951);
#1951 = AXIS2_PLACEMENT_3D('',#1952,#1953,#1954);
#1952 = CARTESIAN_POINT('',(31.075444289887,4.161878052809,
    1.000000025009E-07));
#1953 = DIRECTION('',(-0.923879532511,0.382683432365,1.025712328974E-16)
  );
#1954 = DIRECTION('',(0.382683432365,0.923879532511,-4.248639577543E-17)
  );
#1955 = DEFINITIONAL_REPRESENTATION('',(#1956),#1960);
#1956 = LINE('',#1957,#1958);
#1957 = CARTESIAN_POINT('',(-1.985907207292,-2.664826288024E-17));
#1958 = VECTOR('',#1959,1.);
#1959 = DIRECTION('',(1.,0.));
#1960 = ( GEOMETRIC_REPRESENTATION_CONTEXT(2) 
PARAMETRIC_REPRESENTATION_CONTEXT() REPRESENTATION_CONTEXT('2D SPACE',''
  ) );
#1961 = ORIENTED_EDGE('',*,*,#1962,.T.);
#1962 = EDGE_CURVE('',#1935,#1963,#1965,.T.);
#1963 = VERTEX_POINT('',#1964);
#1964 = CARTESIAN_POINT('',(34.264802181328,15.520045431241,
    1.000000021678E-07));
#1965 = SURFACE_CURVE('',#1966,(#1970,#1977),.PCURVE_S1.);
#1966 = LINE('',#1967,#1968);
#1967 = CARTESIAN_POINT('',(35.558233526844,14.98428862593,
    1.000000019458E-07));
#1968 = VECTOR('',#1969,1.);
#1969 = DIRECTION('',(-0.923879532511,0.382683432365,1.025712328974E-16)
  );
#1970 = PCURVE('',#45,#1971);
#1971 = DEFINITIONAL_REPRESENTATION('',(#1972),#1976);
#1972 = LINE('',#1973,#1974);
#1973 = CARTESIAN_POINT('',(-13.66571147407,-8.708233426844));
#1974 = VECTOR('',#1975,1.);
#1975 = DIRECTION('',(0.382683432365,0.923879532511));
#1976 = ( GEOMETRIC_REPRESENTATION_CONTEXT(2) 
PARAMETRIC_REPRESENTATION_CONTEXT() REPRESENTATION_CONTEXT('2D SPACE',''
  ) );
#1977 = PCURVE('',#1978,#1983);
#1978 = PLANE('',#1979);
#1979 = AXIS2_PLACEMENT_3D('',#1980,#1981,#1982);
#1980 = CARTESIAN_POINT('',(35.558233526844,14.98428862593,
    1.000000019458E-07));
#1981 = DIRECTION('',(-0.382683432365,-0.923879532511,4.248639577543E-17
    ));
#1982 = DIRECTION('',(-0.923879532511,0.382683432365,1.025712328974E-16)
  );
#1983 = DEFINITIONAL_REPRESENTATION('',(#1984),#1988);
#1984 = LINE('',#1985,#1986);
#1985 = CARTESIAN_POINT('',(0.,0.));
#1986 = VECTOR('',#1987,1.);
#1987 = DIRECTION('',(1.,0.));
#1988 = ( GEOMETRIC_REPRESENTATION_CONTEXT(2) 
PARAMETRIC_REPRESENTATION_CONTEXT() REPRESENTATION_CONTEXT('2D SPACE',''
  ) );
#1989 = ORIENTED_EDGE('',*,*,#1990,.T.);
#1990 = EDGE_CURVE('',#1963,#1991,#1993,.T.);
#1991 = VERTEX_POINT('',#1992);
#1992 = CARTESIAN_POINT('',(29.467458580688,3.938233447211,
    1.000000026119E-07));
#1993 = SURFACE_CURVE('',#1994,(#1998,#2005),.PCURVE_S1.);
#1994 = LINE('',#1995,#1996);
#1995 = CARTESIAN_POINT('',(34.264802181328,15.520045431241,
    1.000000021678E-07));
#1996 = VECTOR('',#1997,1.);
#1997 = DIRECTION('',(-0.382683432365,-0.923879532511,4.248639577543E-17
    ));
#1998 = PCURVE('',#45,#1999);
#1999 = DEFINITIONAL_REPRESENTATION('',(#2000),#2004);
#2000 = LINE('',#2001,#2002);
#2001 = CARTESIAN_POINT('',(-13.12995466875,-7.414802081328));
#2002 = VECTOR('',#2003,1.);
#2003 = DIRECTION('',(-0.923879532511,0.382683432365));
#2004 = ( GEOMETRIC_REPRESENTATION_CONTEXT(2) 
PARAMETRIC_REPRESENTATION_CONTEXT() REPRESENTATION_CONTEXT('2D SPACE',''
  ) );
#2005 = PCURVE('',#2006,#2011);
#2006 = PLANE('',#2007);
#2007 = AXIS2_PLACEMENT_3D('',#2008,#2009,#2010);
#2008 = CARTESIAN_POINT('',(34.264802181328,15.520045431241,
    1.000000021678E-07));
#2009 = DIRECTION('',(0.923879532511,-0.382683432365,-1.025712328974E-16
    ));
#2010 = DIRECTION('',(-0.382683432365,-0.923879532511,4.248639577543E-17
    ));
#2011 = DEFINITIONAL_REPRESENTATION('',(#2012),#2016);
#2012 = LINE('',#2013,#2014);
#2013 = CARTESIAN_POINT('',(0.,0.));
#2014 = VECTOR('',#2015,1.);
#2015 = DIRECTION('',(1.,0.));
#2016 = ( GEOMETRIC_REPRESENTATION_CONTEXT(2) 
PARAMETRIC_REPRESENTATION_CONTEXT() REPRESENTATION_CONTEXT('2D SPACE',''
  ) );
#2017 = ORIENTED_EDGE('',*,*,#2018,.F.);
#2018 = EDGE_CURVE('',#2019,#1991,#2021,.T.);
#2019 = VERTEX_POINT('',#2020);
#2020 = CARTESIAN_POINT('',(24.593473405947,3.902665146938,
    1.00000003167E-07));
#2021 = SURFACE_CURVE('',#2022,(#2027,#2034),.PCURVE_S1.);
#2022 = CIRCLE('',#2023,24.85);
#2023 = AXIS2_PLACEMENT_3D('',#2024,#2025,#2026);
#2024 = CARTESIAN_POINT('',(26.8500001,28.6500001,1.00000002945E-07));
#2025 = DIRECTION('',(1.110223024625E-16,-0.,1.));
#2026 = DIRECTION('',(0.,1.,0.));
#2027 = PCURVE('',#45,#2028);
#2028 = DEFINITIONAL_REPRESENTATION('',(#2029),#2033);
#2029 = CIRCLE('',#2030,24.85);
#2030 = AXIS2_PLACEMENT_2D('',#2031,#2032);
#2031 = CARTESIAN_POINT('',(0.,0.));
#2032 = DIRECTION('',(1.,0.));
#2033 = ( GEOMETRIC_REPRESENTATION_CONTEXT(2) 
PARAMETRIC_REPRESENTATION_CONTEXT() REPRESENTATION_CONTEXT('2D SPACE',''
  ) );
#2034 = PCURVE('',#2035,#2040);
#2035 = CYLINDRICAL_SURFACE('',#2036,24.85);
#2036 = AXIS2_PLACEMENT_3D('',#2037,#2038,#2039);
#2037 = CARTESIAN_POINT('',(26.8500001,28.6500001,1.00000002945E-07));
#2038 = DIRECTION('',(-1.110223024625E-16,-0.,-1.));
#2039 = DIRECTION('',(0.,1.,0.));
#2040 = DEFINITIONAL_REPRESENTATION('',(#2041),#2045);
#2041 = LINE('',#2042,#2043);
#2042 = CARTESIAN_POINT('',(-0.,0.));
#2043 = VECTOR('',#2044,1.);
#2044 = DIRECTION('',(-1.,0.));
#2045 = ( GEOMETRIC_REPRESENTATION_CONTEXT(2) 
PARAMETRIC_REPRESENTATION_CONTEXT() REPRESENTATION_CONTEXT('2D SPACE',''
  ) );
#2046 = ORIENTED_EDGE('',*,*,#2047,.T.);
#2047 = EDGE_CURVE('',#2019,#2048,#2050,.T.);
#2048 = VERTEX_POINT('',#2049);
#2049 = CARTESIAN_POINT('',(31.724561273977,13.196079792515,
    1.000000023899E-07));
#2050 = SURFACE_CURVE('',#2051,(#2055,#2062),.PCURVE_S1.);
#2051 = LINE('',#2052,#2053);
#2052 = CARTESIAN_POINT('',(23.384529696558,2.327139030525,
    1.000000033891E-07));
#2053 = VECTOR('',#2054,1.);
#2054 = DIRECTION('',(0.608761429009,0.793353340291,-6.758609549892E-17)
  );
#2055 = PCURVE('',#45,#2056);
#2056 = DEFINITIONAL_REPRESENTATION('',(#2057),#2061);
#2057 = LINE('',#2058,#2059);
#2058 = CARTESIAN_POINT('',(-26.32286106947,3.465470403442));
#2059 = VECTOR('',#2060,1.);
#2060 = DIRECTION('',(0.793353340291,-0.608761429009));
#2061 = ( GEOMETRIC_REPRESENTATION_CONTEXT(2) 
PARAMETRIC_REPRESENTATION_CONTEXT() REPRESENTATION_CONTEXT('2D SPACE',''
  ) );
#2062 = PCURVE('',#2063,#2068);
#2063 = PLANE('',#2064);
#2064 = AXIS2_PLACEMENT_3D('',#2065,#2066,#2067);
#2065 = CARTESIAN_POINT('',(24.593473405947,3.902665146938,
    1.00000003167E-07));
#2066 = DIRECTION('',(-0.793353340291,0.608761429009,8.807991450546E-17)
  );
#2067 = DIRECTION('',(0.608761429009,0.793353340291,-6.758609549892E-17)
  );
#2068 = DEFINITIONAL_REPRESENTATION('',(#2069),#2073);
#2069 = LINE('',#2070,#2071);
#2070 = CARTESIAN_POINT('',(-1.985907207291,-8.782489076107E-17));
#2071 = VECTOR('',#2072,1.);
#2072 = DIRECTION('',(1.,0.));
#2073 = ( GEOMETRIC_REPRESENTATION_CONTEXT(2) 
PARAMETRIC_REPRESENTATION_CONTEXT() REPRESENTATION_CONTEXT('2D SPACE',''
  ) );
#2074 = ORIENTED_EDGE('',*,*,#2075,.T.);
#2075 = EDGE_CURVE('',#2048,#2076,#2078,.T.);
#2076 = VERTEX_POINT('',#2077);
#2077 = CARTESIAN_POINT('',(30.613866597569,14.048345793127,
    1.000000025009E-07));
#2078 = SURFACE_CURVE('',#2079,(#2083,#2090),.PCURVE_S1.);
#2079 = LINE('',#2080,#2081);
#2080 = CARTESIAN_POINT('',(31.724561273977,13.196079792515,
    1.000000023899E-07));
#2081 = VECTOR('',#2082,1.);
#2082 = DIRECTION('',(-0.793353340291,0.608761429009,8.807991450546E-17)
  );
#2083 = PCURVE('',#45,#2084);
#2084 = DEFINITIONAL_REPRESENTATION('',(#2085),#2089);
#2085 = LINE('',#2086,#2087);
#2086 = CARTESIAN_POINT('',(-15.45392030748,-4.874561173977));
#2087 = VECTOR('',#2088,1.);
#2088 = DIRECTION('',(0.608761429009,0.793353340291));
#2089 = ( GEOMETRIC_REPRESENTATION_CONTEXT(2) 
PARAMETRIC_REPRESENTATION_CONTEXT() REPRESENTATION_CONTEXT('2D SPACE',''
  ) );
#2090 = PCURVE('',#2091,#2096);
#2091 = PLANE('',#2092);
#2092 = AXIS2_PLACEMENT_3D('',#2093,#2094,#2095);
#2093 = CARTESIAN_POINT('',(31.724561273977,13.196079792515,
    1.000000023899E-07));
#2094 = DIRECTION('',(-0.608761429009,-0.793353340291,6.758609549892E-17
    ));
#2095 = DIRECTION('',(-0.793353340291,0.608761429009,8.807991450546E-17)
  );
#2096 = DEFINITIONAL_REPRESENTATION('',(#2097),#2101);
#2097 = LINE('',#2098,#2099);
#2098 = CARTESIAN_POINT('',(0.,0.));
#2099 = VECTOR('',#2100,1.);
#2100 = DIRECTION('',(1.,0.));
#2101 = ( GEOMETRIC_REPRESENTATION_CONTEXT(2) 
PARAMETRIC_REPRESENTATION_CONTEXT() REPRESENTATION_CONTEXT('2D SPACE',''
  ) );
#2102 = ORIENTED_EDGE('',*,*,#2103,.T.);
#2103 = EDGE_CURVE('',#2076,#2104,#2106,.T.);
#2104 = VERTEX_POINT('',#2105);
#2105 = CARTESIAN_POINT('',(22.982394997865,4.102818372275,
    1.000000033891E-07));
#2106 = SURFACE_CURVE('',#2107,(#2111,#2118),.PCURVE_S1.);
#2107 = LINE('',#2108,#2109);
#2108 = CARTESIAN_POINT('',(30.613866597569,14.048345793127,
    1.000000025009E-07));
#2109 = VECTOR('',#2110,1.);
#2110 = DIRECTION('',(-0.608761429009,-0.793353340291,6.758609549892E-17
    ));
#2111 = PCURVE('',#45,#2112);
#2112 = DEFINITIONAL_REPRESENTATION('',(#2113),#2117);
#2113 = LINE('',#2114,#2115);
#2114 = CARTESIAN_POINT('',(-14.60165430687,-3.763866497569));
#2115 = VECTOR('',#2116,1.);
#2116 = DIRECTION('',(-0.793353340291,0.608761429009));
#2117 = ( GEOMETRIC_REPRESENTATION_CONTEXT(2) 
PARAMETRIC_REPRESENTATION_CONTEXT() REPRESENTATION_CONTEXT('2D SPACE',''
  ) );
#2118 = PCURVE('',#2119,#2124);
#2119 = PLANE('',#2120);
#2120 = AXIS2_PLACEMENT_3D('',#2121,#2122,#2123);
#2121 = CARTESIAN_POINT('',(30.613866597569,14.048345793127,
    1.000000025009E-07));
#2122 = DIRECTION('',(0.793353340291,-0.608761429009,-8.807991450546E-17
    ));
#2123 = DIRECTION('',(-0.608761429009,-0.793353340291,6.758609549892E-17
    ));
#2124 = DEFINITIONAL_REPRESENTATION('',(#2125),#2129);
#2125 = LINE('',#2126,#2127);
#2126 = CARTESIAN_POINT('',(0.,0.));
#2127 = VECTOR('',#2128,1.);
#2128 = DIRECTION('',(1.,0.));
#2129 = ( GEOMETRIC_REPRESENTATION_CONTEXT(2) 
PARAMETRIC_REPRESENTATION_CONTEXT() REPRESENTATION_CONTEXT('2D SPACE',''
  ) );
#2130 = ORIENTED_EDGE('',*,*,#2131,.F.);
#2131 = EDGE_CURVE('',#2132,#2104,#2134,.T.);
#2132 = VERTEX_POINT('',#2133);
#2133 = CARTESIAN_POINT('',(18.26528108712,5.329942221215,
    1.000000038331E-07));
#2134 = SURFACE_CURVE('',#2135,(#2140,#2147),.PCURVE_S1.);
#2135 = CIRCLE('',#2136,24.85);
#2136 = AXIS2_PLACEMENT_3D('',#2137,#2138,#2139);
#2137 = CARTESIAN_POINT('',(26.8500001,28.6500001,1.00000002945E-07));
#2138 = DIRECTION('',(1.110223024625E-16,-0.,1.));
#2139 = DIRECTION('',(0.,1.,0.));
#2140 = PCURVE('',#45,#2141);
#2141 = DEFINITIONAL_REPRESENTATION('',(#2142),#2146);
#2142 = CIRCLE('',#2143,24.85);
#2143 = AXIS2_PLACEMENT_2D('',#2144,#2145);
#2144 = CARTESIAN_POINT('',(0.,0.));
#2145 = DIRECTION('',(1.,0.));
#2146 = ( GEOMETRIC_REPRESENTATION_CONTEXT(2) 
PARAMETRIC_REPRESENTATION_CONTEXT() REPRESENTATION_CONTEXT('2D SPACE',''
  ) );
#2147 = PCURVE('',#2148,#2153);
#2148 = CYLINDRICAL_SURFACE('',#2149,24.85);
#2149 = AXIS2_PLACEMENT_3D('',#2150,#2151,#2152);
#2150 = CARTESIAN_POINT('',(26.8500001,28.6500001,1.00000002945E-07));
#2151 = DIRECTION('',(-1.110223024625E-16,-0.,-1.));
#2152 = DIRECTION('',(0.,1.,0.));
#2153 = DEFINITIONAL_REPRESENTATION('',(#2154),#2158);
#2154 = LINE('',#2155,#2156);
#2155 = CARTESIAN_POINT('',(-0.,0.));
#2156 = VECTOR('',#2157,1.);
#2157 = DIRECTION('',(-1.,0.));
#2158 = ( GEOMETRIC_REPRESENTATION_CONTEXT(2) 
PARAMETRIC_REPRESENTATION_CONTEXT() REPRESENTATION_CONTEXT('2D SPACE',''
  ) );
#2159 = ORIENTED_EDGE('',*,*,#2160,.T.);
#2160 = EDGE_CURVE('',#2132,#2161,#2163,.T.);
#2161 = VERTEX_POINT('',#2162);
#2162 = CARTESIAN_POINT('',(27.558695732697,12.461030089245,
    1.000000028339E-07));
#2163 = SURFACE_CURVE('',#2164,(#2168,#2175),.PCURVE_S1.);
#2164 = LINE('',#2165,#2166);
#2165 = CARTESIAN_POINT('',(16.689754970707,4.120998511825,
    1.000000040552E-07));
#2166 = VECTOR('',#2167,1.);
#2167 = DIRECTION('',(0.793353340291,0.608761429009,-8.807991450546E-17)
  );
#2168 = PCURVE('',#45,#2169);
#2169 = DEFINITIONAL_REPRESENTATION('',(#2170),#2174);
#2170 = LINE('',#2171,#2172);
#2171 = CARTESIAN_POINT('',(-24.52900158817,10.160245129293));
#2172 = VECTOR('',#2173,1.);
#2173 = DIRECTION('',(0.608761429009,-0.793353340291));
#2174 = ( GEOMETRIC_REPRESENTATION_CONTEXT(2) 
PARAMETRIC_REPRESENTATION_CONTEXT() REPRESENTATION_CONTEXT('2D SPACE',''
  ) );
#2175 = PCURVE('',#2176,#2181);
#2176 = PLANE('',#2177);
#2177 = AXIS2_PLACEMENT_3D('',#2178,#2179,#2180);
#2178 = CARTESIAN_POINT('',(18.26528108712,5.329942221215,
    1.000000038331E-07));
#2179 = DIRECTION('',(-0.608761429009,0.793353340291,6.758609549892E-17)
  );
#2180 = DIRECTION('',(0.793353340291,0.608761429009,-8.807991450546E-17)
  );
#2181 = DEFINITIONAL_REPRESENTATION('',(#2182),#2186);
#2182 = LINE('',#2183,#2184);
#2183 = CARTESIAN_POINT('',(-1.985907207291,-4.712606789104E-17));
#2184 = VECTOR('',#2185,1.);
#2185 = DIRECTION('',(1.,0.));
#2186 = ( GEOMETRIC_REPRESENTATION_CONTEXT(2) 
PARAMETRIC_REPRESENTATION_CONTEXT() REPRESENTATION_CONTEXT('2D SPACE',''
  ) );
#2187 = ORIENTED_EDGE('',*,*,#2188,.T.);
#2188 = EDGE_CURVE('',#2161,#2189,#2191,.T.);
#2189 = VERTEX_POINT('',#2190);
#2190 = CARTESIAN_POINT('',(26.706429732085,13.571724765653,
    1.00000002945E-07));
#2191 = SURFACE_CURVE('',#2192,(#2196,#2203),.PCURVE_S1.);
#2192 = LINE('',#2193,#2194);
#2193 = CARTESIAN_POINT('',(27.558695732697,12.461030089245,
    1.000000028339E-07));
#2194 = VECTOR('',#2195,1.);
#2195 = DIRECTION('',(-0.608761429009,0.793353340291,6.758609549892E-17)
  );
#2196 = PCURVE('',#45,#2197);
#2197 = DEFINITIONAL_REPRESENTATION('',(#2198),#2202);
#2198 = LINE('',#2199,#2200);
#2199 = CARTESIAN_POINT('',(-16.18897001075,-0.708695632697));
#2200 = VECTOR('',#2201,1.);
#2201 = DIRECTION('',(0.793353340291,0.608761429009));
#2202 = ( GEOMETRIC_REPRESENTATION_CONTEXT(2) 
PARAMETRIC_REPRESENTATION_CONTEXT() REPRESENTATION_CONTEXT('2D SPACE',''
  ) );
#2203 = PCURVE('',#2204,#2209);
#2204 = PLANE('',#2205);
#2205 = AXIS2_PLACEMENT_3D('',#2206,#2207,#2208);
#2206 = CARTESIAN_POINT('',(27.558695732697,12.461030089245,
    1.000000028339E-07));
#2207 = DIRECTION('',(-0.793353340291,-0.608761429009,8.807991450546E-17
    ));
#2208 = DIRECTION('',(-0.608761429009,0.793353340291,6.758609549892E-17)
  );
#2209 = DEFINITIONAL_REPRESENTATION('',(#2210),#2214);
#2210 = LINE('',#2211,#2212);
#2211 = CARTESIAN_POINT('',(0.,0.));
#2212 = VECTOR('',#2213,1.);
#2213 = DIRECTION('',(1.,0.));
#2214 = ( GEOMETRIC_REPRESENTATION_CONTEXT(2) 
PARAMETRIC_REPRESENTATION_CONTEXT() REPRESENTATION_CONTEXT('2D SPACE',''
  ) );
#2215 = ORIENTED_EDGE('',*,*,#2216,.T.);
#2216 = EDGE_CURVE('',#2189,#2217,#2219,.T.);
#2217 = VERTEX_POINT('',#2218);
#2218 = CARTESIAN_POINT('',(16.760902311234,5.940253165948,
    1.000000040552E-07));
#2219 = SURFACE_CURVE('',#2220,(#2224,#2231),.PCURVE_S1.);
#2220 = LINE('',#2221,#2222);
#2221 = CARTESIAN_POINT('',(26.706429732085,13.571724765653,
    1.00000002945E-07));
#2222 = VECTOR('',#2223,1.);
#2223 = DIRECTION('',(-0.793353340291,-0.608761429009,8.807991450546E-17
    ));
#2224 = PCURVE('',#45,#2225);
#2225 = DEFINITIONAL_REPRESENTATION('',(#2226),#2230);
#2226 = LINE('',#2227,#2228);
#2227 = CARTESIAN_POINT('',(-15.07827533434,0.143570367915));
#2228 = VECTOR('',#2229,1.);
#2229 = DIRECTION('',(-0.608761429009,0.793353340291));
#2230 = ( GEOMETRIC_REPRESENTATION_CONTEXT(2) 
PARAMETRIC_REPRESENTATION_CONTEXT() REPRESENTATION_CONTEXT('2D SPACE',''
  ) );
#2231 = PCURVE('',#2232,#2237);
#2232 = PLANE('',#2233);
#2233 = AXIS2_PLACEMENT_3D('',#2234,#2235,#2236);
#2234 = CARTESIAN_POINT('',(26.706429732085,13.571724765653,
    1.00000002945E-07));
#2235 = DIRECTION('',(0.608761429009,-0.793353340291,-6.758609549892E-17
    ));
#2236 = DIRECTION('',(-0.793353340291,-0.608761429009,8.807991450546E-17
    ));
#2237 = DEFINITIONAL_REPRESENTATION('',(#2238),#2242);
#2238 = LINE('',#2239,#2240);
#2239 = CARTESIAN_POINT('',(0.,0.));
#2240 = VECTOR('',#2241,1.);
#2241 = DIRECTION('',(1.,0.));
#2242 = ( GEOMETRIC_REPRESENTATION_CONTEXT(2) 
PARAMETRIC_REPRESENTATION_CONTEXT() REPRESENTATION_CONTEXT('2D SPACE',''
  ) );
#2243 = ORIENTED_EDGE('',*,*,#2244,.F.);
#2244 = EDGE_CURVE('',#2245,#2217,#2247,.T.);
#2245 = VERTEX_POINT('',#2246);
#2246 = CARTESIAN_POINT('',(12.522123182102,8.346442701712,
    1.000000044993E-07));
#2247 = SURFACE_CURVE('',#2248,(#2253,#2260),.PCURVE_S1.);
#2248 = CIRCLE('',#2249,24.85);
#2249 = AXIS2_PLACEMENT_3D('',#2250,#2251,#2252);
#2250 = CARTESIAN_POINT('',(26.8500001,28.6500001,1.00000002945E-07));
#2251 = DIRECTION('',(1.110223024625E-16,-0.,1.));
#2252 = DIRECTION('',(0.,1.,0.));
#2253 = PCURVE('',#45,#2254);
#2254 = DEFINITIONAL_REPRESENTATION('',(#2255),#2259);
#2255 = CIRCLE('',#2256,24.85);
#2256 = AXIS2_PLACEMENT_2D('',#2257,#2258);
#2257 = CARTESIAN_POINT('',(0.,0.));
#2258 = DIRECTION('',(1.,0.));
#2259 = ( GEOMETRIC_REPRESENTATION_CONTEXT(2) 
PARAMETRIC_REPRESENTATION_CONTEXT() REPRESENTATION_CONTEXT('2D SPACE',''
  ) );
#2260 = PCURVE('',#2261,#2266);
#2261 = CYLINDRICAL_SURFACE('',#2262,24.85);
#2262 = AXIS2_PLACEMENT_3D('',#2263,#2264,#2265);
#2263 = CARTESIAN_POINT('',(26.8500001,28.6500001,1.00000002945E-07));
#2264 = DIRECTION('',(-1.110223024625E-16,-0.,-1.));
#2265 = DIRECTION('',(0.,1.,0.));
#2266 = DEFINITIONAL_REPRESENTATION('',(#2267),#2271);
#2267 = LINE('',#2268,#2269);
#2268 = CARTESIAN_POINT('',(-0.,0.));
#2269 = VECTOR('',#2270,1.);
#2270 = DIRECTION('',(-1.,0.));
#2271 = ( GEOMETRIC_REPRESENTATION_CONTEXT(2) 
PARAMETRIC_REPRESENTATION_CONTEXT() REPRESENTATION_CONTEXT('2D SPACE',''
  ) );
#2272 = ORIENTED_EDGE('',*,*,#2273,.T.);
#2273 = EDGE_CURVE('',#2245,#2274,#2276,.T.);
#2274 = VERTEX_POINT('',#2275);
#2275 = CARTESIAN_POINT('',(23.344533755223,12.829231938669,
    1.000000033891E-07));
#2276 = SURFACE_CURVE('',#2277,(#2281,#2288),.PCURVE_S1.);
#2277 = LINE('',#2278,#2279);
#2278 = CARTESIAN_POINT('',(10.687384159818,7.586468915268,
    1.000000047213E-07));
#2279 = VECTOR('',#2280,1.);
#2280 = DIRECTION('',(0.923879532511,0.382683432365,-1.025712328974E-16)
  );
#2281 = PCURVE('',#45,#2282);
#2282 = DEFINITIONAL_REPRESENTATION('',(#2283),#2287);
#2283 = LINE('',#2284,#2285);
#2284 = CARTESIAN_POINT('',(-21.06353118473,16.162615940182));
#2285 = VECTOR('',#2286,1.);
#2286 = DIRECTION('',(0.382683432365,-0.923879532511));
#2287 = ( GEOMETRIC_REPRESENTATION_CONTEXT(2) 
PARAMETRIC_REPRESENTATION_CONTEXT() REPRESENTATION_CONTEXT('2D SPACE',''
  ) );
#2288 = PCURVE('',#2289,#2294);
#2289 = PLANE('',#2290);
#2290 = AXIS2_PLACEMENT_3D('',#2291,#2292,#2293);
#2291 = CARTESIAN_POINT('',(12.522123182102,8.346442701713,
    1.000000044993E-07));
#2292 = DIRECTION('',(-0.382683432365,0.923879532511,4.248639577543E-17)
  );
#2293 = DIRECTION('',(0.923879532511,0.382683432365,-1.025712328974E-16)
  );
#2294 = DEFINITIONAL_REPRESENTATION('',(#2295),#2299);
#2295 = LINE('',#2296,#2297);
#2296 = CARTESIAN_POINT('',(-1.985907207292,-1.83476542533E-17));
#2297 = VECTOR('',#2298,1.);
#2298 = DIRECTION('',(1.,0.));
#2299 = ( GEOMETRIC_REPRESENTATION_CONTEXT(2) 
PARAMETRIC_REPRESENTATION_CONTEXT() REPRESENTATION_CONTEXT('2D SPACE',''
  ) );
#2300 = ORIENTED_EDGE('',*,*,#2301,.T.);
#2301 = EDGE_CURVE('',#2274,#2302,#2304,.T.);
#2302 = VERTEX_POINT('',#2303);
#2303 = CARTESIAN_POINT('',(22.808776949912,14.122663284185,
    1.000000033891E-07));
#2304 = SURFACE_CURVE('',#2305,(#2309,#2316),.PCURVE_S1.);
#2305 = LINE('',#2306,#2307);
#2306 = CARTESIAN_POINT('',(23.344533755223,12.829231938669,
    1.000000033891E-07));
#2307 = VECTOR('',#2308,1.);
#2308 = DIRECTION('',(-0.382683432365,0.923879532511,4.248639577543E-17)
  );
#2309 = PCURVE('',#45,#2310);
#2310 = DEFINITIONAL_REPRESENTATION('',(#2311),#2315);
#2311 = LINE('',#2312,#2313);
#2312 = CARTESIAN_POINT('',(-15.82076816133,3.505466344777));
#2313 = VECTOR('',#2314,1.);
#2314 = DIRECTION('',(0.923879532511,0.382683432365));
#2315 = ( GEOMETRIC_REPRESENTATION_CONTEXT(2) 
PARAMETRIC_REPRESENTATION_CONTEXT() REPRESENTATION_CONTEXT('2D SPACE',''
  ) );
#2316 = PCURVE('',#2317,#2322);
#2317 = PLANE('',#2318);
#2318 = AXIS2_PLACEMENT_3D('',#2319,#2320,#2321);
#2319 = CARTESIAN_POINT('',(23.344533755223,12.829231938669,
    1.000000033891E-07));
#2320 = DIRECTION('',(-0.923879532511,-0.382683432365,1.025712328974E-16
    ));
#2321 = DIRECTION('',(-0.382683432365,0.923879532511,4.248639577543E-17)
  );
#2322 = DEFINITIONAL_REPRESENTATION('',(#2323),#2327);
#2323 = LINE('',#2324,#2325);
#2324 = CARTESIAN_POINT('',(0.,0.));
#2325 = VECTOR('',#2326,1.);
#2326 = DIRECTION('',(1.,0.));
#2327 = ( GEOMETRIC_REPRESENTATION_CONTEXT(2) 
PARAMETRIC_REPRESENTATION_CONTEXT() REPRESENTATION_CONTEXT('2D SPACE',''
  ) );
#2328 = ORIENTED_EDGE('',*,*,#2329,.T.);
#2329 = EDGE_CURVE('',#2302,#2330,#2332,.T.);
#2330 = VERTEX_POINT('',#2331);
#2331 = CARTESIAN_POINT('',(11.226964965883,9.325319683545,
    1.000000047213E-07));
#2332 = SURFACE_CURVE('',#2333,(#2337,#2344),.PCURVE_S1.);
#2333 = LINE('',#2334,#2335);
#2334 = CARTESIAN_POINT('',(22.808776949912,14.122663284185,
    1.000000033891E-07));
#2335 = VECTOR('',#2336,1.);
#2336 = DIRECTION('',(-0.923879532511,-0.382683432365,1.025712328974E-16
    ));
#2337 = PCURVE('',#45,#2338);
#2338 = DEFINITIONAL_REPRESENTATION('',(#2339),#2343);
#2339 = LINE('',#2340,#2341);
#2340 = CARTESIAN_POINT('',(-14.52733681581,4.041223150088));
#2341 = VECTOR('',#2342,1.);
#2342 = DIRECTION('',(-0.382683432365,0.923879532511));
#2343 = ( GEOMETRIC_REPRESENTATION_CONTEXT(2) 
PARAMETRIC_REPRESENTATION_CONTEXT() REPRESENTATION_CONTEXT('2D SPACE',''
  ) );
#2344 = PCURVE('',#2345,#2350);
#2345 = PLANE('',#2346);
#2346 = AXIS2_PLACEMENT_3D('',#2347,#2348,#2349);
#2347 = CARTESIAN_POINT('',(22.808776949912,14.122663284185,
    1.000000033891E-07));
#2348 = DIRECTION('',(0.382683432365,-0.923879532511,-4.248639577543E-17
    ));
#2349 = DIRECTION('',(-0.923879532511,-0.382683432365,1.025712328974E-16
    ));
#2350 = DEFINITIONAL_REPRESENTATION('',(#2351),#2355);
#2351 = LINE('',#2352,#2353);
#2352 = CARTESIAN_POINT('',(0.,0.));
#2353 = VECTOR('',#2354,1.);
#2354 = DIRECTION('',(1.,0.));
#2355 = ( GEOMETRIC_REPRESENTATION_CONTEXT(2) 
PARAMETRIC_REPRESENTATION_CONTEXT() REPRESENTATION_CONTEXT('2D SPACE',''
  ) );
#2356 = ORIENTED_EDGE('',*,*,#2357,.F.);
#2357 = EDGE_CURVE('',#2358,#2330,#2360,.T.);
#2358 = VERTEX_POINT('',#2359);
#2359 = CARTESIAN_POINT('',(7.755386411102,12.746597065689,
    1.000000051654E-07));
#2360 = SURFACE_CURVE('',#2361,(#2366,#2373),.PCURVE_S1.);
#2361 = CIRCLE('',#2362,24.85);
#2362 = AXIS2_PLACEMENT_3D('',#2363,#2364,#2365);
#2363 = CARTESIAN_POINT('',(26.8500001,28.6500001,1.00000002945E-07));
#2364 = DIRECTION('',(1.110223024625E-16,-0.,1.));
#2365 = DIRECTION('',(0.,1.,0.));
#2366 = PCURVE('',#45,#2367);
#2367 = DEFINITIONAL_REPRESENTATION('',(#2368),#2372);
#2368 = CIRCLE('',#2369,24.85);
#2369 = AXIS2_PLACEMENT_2D('',#2370,#2371);
#2370 = CARTESIAN_POINT('',(0.,0.));
#2371 = DIRECTION('',(1.,0.));
#2372 = ( GEOMETRIC_REPRESENTATION_CONTEXT(2) 
PARAMETRIC_REPRESENTATION_CONTEXT() REPRESENTATION_CONTEXT('2D SPACE',''
  ) );
#2373 = PCURVE('',#2374,#2379);
#2374 = CYLINDRICAL_SURFACE('',#2375,24.85);
#2375 = AXIS2_PLACEMENT_3D('',#2376,#2377,#2378);
#2376 = CARTESIAN_POINT('',(26.8500001,28.6500001,1.00000002945E-07));
#2377 = DIRECTION('',(-1.110223024625E-16,-0.,-1.));
#2378 = DIRECTION('',(0.,1.,0.));
#2379 = DEFINITIONAL_REPRESENTATION('',(#2380),#2384);
#2380 = LINE('',#2381,#2382);
#2381 = CARTESIAN_POINT('',(-0.,0.));
#2382 = VECTOR('',#2383,1.);
#2383 = DIRECTION('',(-1.,0.));
#2384 = ( GEOMETRIC_REPRESENTATION_CONTEXT(2) 
PARAMETRIC_REPRESENTATION_CONTEXT() REPRESENTATION_CONTEXT('2D SPACE',''
  ) );
#2385 = ORIENTED_EDGE('',*,*,#2386,.T.);
#2386 = EDGE_CURVE('',#2358,#2387,#2389,.T.);
#2387 = VERTEX_POINT('',#2388);
#2388 = CARTESIAN_POINT('',(19.369263516089,14.275592993233,
    1.000000038331E-07));
#2389 = SURFACE_CURVE('',#2390,(#2394,#2401),.PCURVE_S1.);
#2390 = LINE('',#2391,#2392);
#2391 = CARTESIAN_POINT('',(5.786468915268,12.487384159818,
    1.000000053875E-07));
#2392 = VECTOR('',#2393,1.);
#2393 = DIRECTION('',(0.991444861374,0.13052619222,-1.100724912744E-16)
  );
#2394 = PCURVE('',#45,#2395);
#2395 = DEFINITIONAL_REPRESENTATION('',(#2396),#2400);
#2396 = LINE('',#2397,#2398);
#2397 = CARTESIAN_POINT('',(-16.16261594018,21.063531184732));
#2398 = VECTOR('',#2399,1.);
#2399 = DIRECTION('',(0.13052619222,-0.991444861374));
#2400 = ( GEOMETRIC_REPRESENTATION_CONTEXT(2) 
PARAMETRIC_REPRESENTATION_CONTEXT() REPRESENTATION_CONTEXT('2D SPACE',''
  ) );
#2401 = PCURVE('',#2402,#2407);
#2402 = PLANE('',#2403);
#2403 = AXIS2_PLACEMENT_3D('',#2404,#2405,#2406);
#2404 = CARTESIAN_POINT('',(7.755386411102,12.746597065689,
    1.000000051654E-07));
#2405 = DIRECTION('',(-0.13052619222,0.991444861374,1.449131839194E-17)
  );
#2406 = DIRECTION('',(0.991444861374,0.13052619222,-1.100724912744E-16)
  );
#2407 = DEFINITIONAL_REPRESENTATION('',(#2408),#2412);
#2408 = LINE('',#2409,#2410);
#2409 = CARTESIAN_POINT('',(-1.985907207291,-3.450851178808E-18));
#2410 = VECTOR('',#2411,1.);
#2411 = DIRECTION('',(1.,0.));
#2412 = ( GEOMETRIC_REPRESENTATION_CONTEXT(2) 
PARAMETRIC_REPRESENTATION_CONTEXT() REPRESENTATION_CONTEXT('2D SPACE',''
  ) );
#2413 = ORIENTED_EDGE('',*,*,#2414,.T.);
#2414 = EDGE_CURVE('',#2387,#2415,#2417,.T.);
#2415 = VERTEX_POINT('',#2416);
#2416 = CARTESIAN_POINT('',(19.186526846981,15.663615799157,
    1.000000038331E-07));
#2417 = SURFACE_CURVE('',#2418,(#2422,#2429),.PCURVE_S1.);
#2418 = LINE('',#2419,#2420);
#2419 = CARTESIAN_POINT('',(19.369263516089,14.275592993233,
    1.000000038331E-07));
#2420 = VECTOR('',#2421,1.);
#2421 = DIRECTION('',(-0.13052619222,0.991444861374,1.449131839194E-17)
  );
#2422 = PCURVE('',#45,#2423);
#2423 = DEFINITIONAL_REPRESENTATION('',(#2424),#2428);
#2424 = LINE('',#2425,#2426);
#2425 = CARTESIAN_POINT('',(-14.37440710676,7.480736583911));
#2426 = VECTOR('',#2427,1.);
#2427 = DIRECTION('',(0.991444861374,0.13052619222));
#2428 = ( GEOMETRIC_REPRESENTATION_CONTEXT(2) 
PARAMETRIC_REPRESENTATION_CONTEXT() REPRESENTATION_CONTEXT('2D SPACE',''
  ) );
#2429 = PCURVE('',#2430,#2435);
#2430 = PLANE('',#2431);
#2431 = AXIS2_PLACEMENT_3D('',#2432,#2433,#2434);
#2432 = CARTESIAN_POINT('',(19.369263516089,14.275592993233,
    1.000000038331E-07));
#2433 = DIRECTION('',(-0.991444861374,-0.13052619222,1.100724912744E-16)
  );
#2434 = DIRECTION('',(-0.13052619222,0.991444861374,1.449131839194E-17)
  );
#2435 = DEFINITIONAL_REPRESENTATION('',(#2436),#2440);
#2436 = LINE('',#2437,#2438);
#2437 = CARTESIAN_POINT('',(0.,0.));
#2438 = VECTOR('',#2439,1.);
#2439 = DIRECTION('',(1.,0.));
#2440 = ( GEOMETRIC_REPRESENTATION_CONTEXT(2) 
PARAMETRIC_REPRESENTATION_CONTEXT() REPRESENTATION_CONTEXT('2D SPACE',''
  ) );
#2441 = ORIENTED_EDGE('',*,*,#2442,.T.);
#2442 = EDGE_CURVE('',#2415,#2443,#2445,.T.);
#2443 = VERTEX_POINT('',#2444);
#2444 = CARTESIAN_POINT('',(6.757711646636,14.027331235979,
    1.000000051654E-07));
#2445 = SURFACE_CURVE('',#2446,(#2450,#2457),.PCURVE_S1.);
#2446 = LINE('',#2447,#2448);
#2447 = CARTESIAN_POINT('',(19.186526846981,15.663615799157,
    1.000000038331E-07));
#2448 = VECTOR('',#2449,1.);
#2449 = DIRECTION('',(-0.991444861374,-0.13052619222,1.100724912744E-16)
  );
#2450 = PCURVE('',#45,#2451);
#2451 = DEFINITIONAL_REPRESENTATION('',(#2452),#2456);
#2452 = LINE('',#2453,#2454);
#2453 = CARTESIAN_POINT('',(-12.98638430084,7.663473253019));
#2454 = VECTOR('',#2455,1.);
#2455 = DIRECTION('',(-0.13052619222,0.991444861374));
#2456 = ( GEOMETRIC_REPRESENTATION_CONTEXT(2) 
PARAMETRIC_REPRESENTATION_CONTEXT() REPRESENTATION_CONTEXT('2D SPACE',''
  ) );
#2457 = PCURVE('',#2458,#2463);
#2458 = PLANE('',#2459);
#2459 = AXIS2_PLACEMENT_3D('',#2460,#2461,#2462);
#2460 = CARTESIAN_POINT('',(19.186526846981,15.663615799157,
    1.000000038331E-07));
#2461 = DIRECTION('',(0.13052619222,-0.991444861374,-1.449131839194E-17)
  );
#2462 = DIRECTION('',(-0.991444861374,-0.13052619222,1.100724912744E-16)
  );
#2463 = DEFINITIONAL_REPRESENTATION('',(#2464),#2468);
#2464 = LINE('',#2465,#2466);
#2465 = CARTESIAN_POINT('',(0.,0.));
#2466 = VECTOR('',#2467,1.);
#2467 = DIRECTION('',(1.,0.));
#2468 = ( GEOMETRIC_REPRESENTATION_CONTEXT(2) 
PARAMETRIC_REPRESENTATION_CONTEXT() REPRESENTATION_CONTEXT('2D SPACE',''
  ) );
#2469 = ORIENTED_EDGE('',*,*,#2470,.F.);
#2470 = EDGE_CURVE('',#2471,#2443,#2473,.T.);
#2471 = VERTEX_POINT('',#2472);
#2472 = CARTESIAN_POINT('',(4.28991600766,18.230542064836,
    1.000000053875E-07));
#2473 = SURFACE_CURVE('',#2474,(#2479,#2486),.PCURVE_S1.);
#2474 = CIRCLE('',#2475,24.85);
#2475 = AXIS2_PLACEMENT_3D('',#2476,#2477,#2478);
#2476 = CARTESIAN_POINT('',(26.8500001,28.6500001,1.00000002945E-07));
#2477 = DIRECTION('',(1.110223024625E-16,-0.,1.));
#2478 = DIRECTION('',(0.,1.,0.));
#2479 = PCURVE('',#45,#2480);
#2480 = DEFINITIONAL_REPRESENTATION('',(#2481),#2485);
#2481 = CIRCLE('',#2482,24.85);
#2482 = AXIS2_PLACEMENT_2D('',#2483,#2484);
#2483 = CARTESIAN_POINT('',(0.,0.));
#2484 = DIRECTION('',(1.,0.));
#2485 = ( GEOMETRIC_REPRESENTATION_CONTEXT(2) 
PARAMETRIC_REPRESENTATION_CONTEXT() REPRESENTATION_CONTEXT('2D SPACE',''
  ) );
#2486 = PCURVE('',#2487,#2492);
#2487 = CYLINDRICAL_SURFACE('',#2488,24.85);
#2488 = AXIS2_PLACEMENT_3D('',#2489,#2490,#2491);
#2489 = CARTESIAN_POINT('',(26.8500001,28.6500001,1.00000002945E-07));
#2490 = DIRECTION('',(-1.110223024625E-16,-0.,-1.));
#2491 = DIRECTION('',(0.,1.,0.));
#2492 = DEFINITIONAL_REPRESENTATION('',(#2493),#2497);
#2493 = LINE('',#2494,#2495);
#2494 = CARTESIAN_POINT('',(-0.,0.));
#2495 = VECTOR('',#2496,1.);
#2496 = DIRECTION('',(-1.,0.));
#2497 = ( GEOMETRIC_REPRESENTATION_CONTEXT(2) 
PARAMETRIC_REPRESENTATION_CONTEXT() REPRESENTATION_CONTEXT('2D SPACE',''
  ) );
#2498 = ORIENTED_EDGE('',*,*,#2499,.T.);
#2499 = EDGE_CURVE('',#2471,#2500,#2502,.T.);
#2500 = VERTEX_POINT('',#2501);
#2501 = CARTESIAN_POINT('',(15.903793112647,16.701546137292,
    1.000000040552E-07));
#2502 = SURFACE_CURVE('',#2503,(#2507,#2514),.PCURVE_S1.);
#2503 = LINE('',#2504,#2505);
#2504 = CARTESIAN_POINT('',(2.320998511825,18.489754970707,
    1.000000056095E-07));
#2505 = VECTOR('',#2506,1.);
#2506 = DIRECTION('',(0.991444861374,-0.13052619222,-1.100724912744E-16)
  );
#2507 = PCURVE('',#45,#2508);
#2508 = DEFINITIONAL_REPRESENTATION('',(#2509),#2513);
#2509 = LINE('',#2510,#2511);
#2510 = CARTESIAN_POINT('',(-10.16024512929,24.529001588175));
#2511 = VECTOR('',#2512,1.);
#2512 = DIRECTION('',(-0.13052619222,-0.991444861374));
#2513 = ( GEOMETRIC_REPRESENTATION_CONTEXT(2) 
PARAMETRIC_REPRESENTATION_CONTEXT() REPRESENTATION_CONTEXT('2D SPACE',''
  ) );
#2514 = PCURVE('',#2515,#2520);
#2515 = PLANE('',#2516);
#2516 = AXIS2_PLACEMENT_3D('',#2517,#2518,#2519);
#2517 = CARTESIAN_POINT('',(4.28991600766,18.230542064837,
    1.000000053875E-07));
#2518 = DIRECTION('',(0.13052619222,0.991444861374,-1.449131839194E-17)
  );
#2519 = DIRECTION('',(0.991444861374,-0.13052619222,-1.100724912744E-16)
  );
#2520 = DEFINITIONAL_REPRESENTATION('',(#2521),#2525);
#2521 = LINE('',#2522,#2523);
#2522 = CARTESIAN_POINT('',(-1.985907207292,-3.450851178711E-18));
#2523 = VECTOR('',#2524,1.);
#2524 = DIRECTION('',(1.,0.));
#2525 = ( GEOMETRIC_REPRESENTATION_CONTEXT(2) 
PARAMETRIC_REPRESENTATION_CONTEXT() REPRESENTATION_CONTEXT('2D SPACE',''
  ) );
#2526 = ORIENTED_EDGE('',*,*,#2527,.T.);
#2527 = EDGE_CURVE('',#2500,#2528,#2530,.T.);
#2528 = VERTEX_POINT('',#2529);
#2529 = CARTESIAN_POINT('',(16.086529781755,18.089568943215,
    1.000000040552E-07));
#2530 = SURFACE_CURVE('',#2531,(#2535,#2542),.PCURVE_S1.);
#2531 = LINE('',#2532,#2533);
#2532 = CARTESIAN_POINT('',(15.903793112647,16.701546137292,
    1.000000040552E-07));
#2533 = VECTOR('',#2534,1.);
#2534 = DIRECTION('',(0.13052619222,0.991444861374,-1.449131839194E-17)
  );
#2535 = PCURVE('',#45,#2536);
#2536 = DEFINITIONAL_REPRESENTATION('',(#2537),#2541);
#2537 = LINE('',#2538,#2539);
#2538 = CARTESIAN_POINT('',(-11.9484539627,10.946206987353));
#2539 = VECTOR('',#2540,1.);
#2540 = DIRECTION('',(0.991444861374,-0.13052619222));
#2541 = ( GEOMETRIC_REPRESENTATION_CONTEXT(2) 
PARAMETRIC_REPRESENTATION_CONTEXT() REPRESENTATION_CONTEXT('2D SPACE',''
  ) );
#2542 = PCURVE('',#2543,#2548);
#2543 = PLANE('',#2544);
#2544 = AXIS2_PLACEMENT_3D('',#2545,#2546,#2547);
#2545 = CARTESIAN_POINT('',(15.903793112647,16.701546137292,
    1.000000040552E-07));
#2546 = DIRECTION('',(-0.991444861374,0.13052619222,1.100724912744E-16)
  );
#2547 = DIRECTION('',(0.13052619222,0.991444861374,-1.449131839194E-17)
  );
#2548 = DEFINITIONAL_REPRESENTATION('',(#2549),#2553);
#2549 = LINE('',#2550,#2551);
#2550 = CARTESIAN_POINT('',(0.,0.));
#2551 = VECTOR('',#2552,1.);
#2552 = DIRECTION('',(1.,0.));
#2553 = ( GEOMETRIC_REPRESENTATION_CONTEXT(2) 
PARAMETRIC_REPRESENTATION_CONTEXT() REPRESENTATION_CONTEXT('2D SPACE',''
  ) );
#2554 = ORIENTED_EDGE('',*,*,#2555,.T.);
#2555 = EDGE_CURVE('',#2528,#2556,#2558,.T.);
#2556 = VERTEX_POINT('',#2557);
#2557 = CARTESIAN_POINT('',(3.657714581409,19.725853506393,
    1.000000056095E-07));
#2558 = SURFACE_CURVE('',#2559,(#2563,#2570),.PCURVE_S1.);
#2559 = LINE('',#2560,#2561);
#2560 = CARTESIAN_POINT('',(16.086529781755,18.089568943215,
    1.000000040552E-07));
#2561 = VECTOR('',#2562,1.);
#2562 = DIRECTION('',(-0.991444861374,0.13052619222,1.100724912744E-16)
  );
#2563 = PCURVE('',#45,#2564);
#2564 = DEFINITIONAL_REPRESENTATION('',(#2565),#2569);
#2565 = LINE('',#2566,#2567);
#2566 = CARTESIAN_POINT('',(-10.56043115678,10.763470318245));
#2567 = VECTOR('',#2568,1.);
#2568 = DIRECTION('',(0.13052619222,0.991444861374));
#2569 = ( GEOMETRIC_REPRESENTATION_CONTEXT(2) 
PARAMETRIC_REPRESENTATION_CONTEXT() REPRESENTATION_CONTEXT('2D SPACE',''
  ) );
#2570 = PCURVE('',#2571,#2576);
#2571 = PLANE('',#2572);
#2572 = AXIS2_PLACEMENT_3D('',#2573,#2574,#2575);
#2573 = CARTESIAN_POINT('',(16.086529781755,18.089568943215,
    1.000000040552E-07));
#2574 = DIRECTION('',(-0.13052619222,-0.991444861374,1.449131839194E-17)
  );
#2575 = DIRECTION('',(-0.991444861374,0.13052619222,1.100724912744E-16)
  );
#2576 = DEFINITIONAL_REPRESENTATION('',(#2577),#2581);
#2577 = LINE('',#2578,#2579);
#2578 = CARTESIAN_POINT('',(0.,0.));
#2579 = VECTOR('',#2580,1.);
#2580 = DIRECTION('',(1.,0.));
#2581 = ( GEOMETRIC_REPRESENTATION_CONTEXT(2) 
PARAMETRIC_REPRESENTATION_CONTEXT() REPRESENTATION_CONTEXT('2D SPACE',''
  ) );
#2582 = ORIENTED_EDGE('',*,*,#2583,.F.);
#2583 = EDGE_CURVE('',#2584,#2556,#2586,.T.);
#2584 = VERTEX_POINT('',#2585);
#2585 = CARTESIAN_POINT('',(2.361878052809,24.424555910112,
    1.000000056095E-07));
#2586 = SURFACE_CURVE('',#2587,(#2592,#2599),.PCURVE_S1.);
#2587 = CIRCLE('',#2588,24.85);
#2588 = AXIS2_PLACEMENT_3D('',#2589,#2590,#2591);
#2589 = CARTESIAN_POINT('',(26.8500001,28.6500001,1.00000002945E-07));
#2590 = DIRECTION('',(1.110223024625E-16,-0.,1.));
#2591 = DIRECTION('',(0.,1.,0.));
#2592 = PCURVE('',#45,#2593);
#2593 = DEFINITIONAL_REPRESENTATION('',(#2594),#2598);
#2594 = CIRCLE('',#2595,24.85);
#2595 = AXIS2_PLACEMENT_2D('',#2596,#2597);
#2596 = CARTESIAN_POINT('',(0.,0.));
#2597 = DIRECTION('',(1.,0.));
#2598 = ( GEOMETRIC_REPRESENTATION_CONTEXT(2) 
PARAMETRIC_REPRESENTATION_CONTEXT() REPRESENTATION_CONTEXT('2D SPACE',''
  ) );
#2599 = PCURVE('',#2600,#2605);
#2600 = CYLINDRICAL_SURFACE('',#2601,24.85);
#2601 = AXIS2_PLACEMENT_3D('',#2602,#2603,#2604);
#2602 = CARTESIAN_POINT('',(26.8500001,28.6500001,1.00000002945E-07));
#2603 = DIRECTION('',(-1.110223024625E-16,-0.,-1.));
#2604 = DIRECTION('',(0.,1.,0.));
#2605 = DEFINITIONAL_REPRESENTATION('',(#2606),#2610);
#2606 = LINE('',#2607,#2608);
#2607 = CARTESIAN_POINT('',(-0.,0.));
#2608 = VECTOR('',#2609,1.);
#2609 = DIRECTION('',(-1.,0.));
#2610 = ( GEOMETRIC_REPRESENTATION_CONTEXT(2) 
PARAMETRIC_REPRESENTATION_CONTEXT() REPRESENTATION_CONTEXT('2D SPACE',''
  ) );
#2611 = ORIENTED_EDGE('',*,*,#2612,.T.);
#2612 = EDGE_CURVE('',#2584,#2613,#2615,.T.);
#2613 = VERTEX_POINT('',#2614);
#2614 = CARTESIAN_POINT('',(13.18428862593,19.941766673156,
    1.000000044993E-07));
#2615 = SURFACE_CURVE('',#2616,(#2620,#2627),.PCURVE_S1.);
#2616 = LINE('',#2617,#2618);
#2617 = CARTESIAN_POINT('',(0.527139030525,25.184529696558,
    1.000000058315E-07));
#2618 = VECTOR('',#2619,1.);
#2619 = DIRECTION('',(0.923879532511,-0.382683432365,-1.025712328974E-16
    ));
#2620 = PCURVE('',#45,#2621);
#2621 = DEFINITIONAL_REPRESENTATION('',(#2622),#2626);
#2622 = LINE('',#2623,#2624);
#2623 = CARTESIAN_POINT('',(-3.465470403442,26.322861069475));
#2624 = VECTOR('',#2625,1.);
#2625 = DIRECTION('',(-0.382683432365,-0.923879532511));
#2626 = ( GEOMETRIC_REPRESENTATION_CONTEXT(2) 
PARAMETRIC_REPRESENTATION_CONTEXT() REPRESENTATION_CONTEXT('2D SPACE',''
  ) );
#2627 = PCURVE('',#2628,#2633);
#2628 = PLANE('',#2629);
#2629 = AXIS2_PLACEMENT_3D('',#2630,#2631,#2632);
#2630 = CARTESIAN_POINT('',(2.361878052809,24.424555910113,
    1.000000056095E-07));
#2631 = DIRECTION('',(0.382683432365,0.923879532511,-4.248639577543E-17)
  );
#2632 = DIRECTION('',(0.923879532511,-0.382683432365,-1.025712328974E-16
    ));
#2633 = DEFINITIONAL_REPRESENTATION('',(#2634),#2638);
#2634 = LINE('',#2635,#2636);
#2635 = CARTESIAN_POINT('',(-1.985907207292,-1.83476542533E-17));
#2636 = VECTOR('',#2637,1.);
#2637 = DIRECTION('',(1.,0.));
#2638 = ( GEOMETRIC_REPRESENTATION_CONTEXT(2) 
PARAMETRIC_REPRESENTATION_CONTEXT() REPRESENTATION_CONTEXT('2D SPACE',''
  ) );
#2639 = ORIENTED_EDGE('',*,*,#2640,.T.);
#2640 = EDGE_CURVE('',#2613,#2641,#2643,.T.);
#2641 = VERTEX_POINT('',#2642);
#2642 = CARTESIAN_POINT('',(13.720045431241,21.235198018672,
    1.000000044993E-07));
#2643 = SURFACE_CURVE('',#2644,(#2648,#2655),.PCURVE_S1.);
#2644 = LINE('',#2645,#2646);
#2645 = CARTESIAN_POINT('',(13.18428862593,19.941766673156,
    1.000000044993E-07));
#2646 = VECTOR('',#2647,1.);
#2647 = DIRECTION('',(0.382683432365,0.923879532511,-4.248639577543E-17)
  );
#2648 = PCURVE('',#45,#2649);
#2649 = DEFINITIONAL_REPRESENTATION('',(#2650),#2654);
#2650 = LINE('',#2651,#2652);
#2651 = CARTESIAN_POINT('',(-8.708233426844,13.66571147407));
#2652 = VECTOR('',#2653,1.);
#2653 = DIRECTION('',(0.923879532511,-0.382683432365));
#2654 = ( GEOMETRIC_REPRESENTATION_CONTEXT(2) 
PARAMETRIC_REPRESENTATION_CONTEXT() REPRESENTATION_CONTEXT('2D SPACE',''
  ) );
#2655 = PCURVE('',#2656,#2661);
#2656 = PLANE('',#2657);
#2657 = AXIS2_PLACEMENT_3D('',#2658,#2659,#2660);
#2658 = CARTESIAN_POINT('',(13.18428862593,19.941766673156,
    1.000000044993E-07));
#2659 = DIRECTION('',(-0.923879532511,0.382683432365,1.025712328974E-16)
  );
#2660 = DIRECTION('',(0.382683432365,0.923879532511,-4.248639577543E-17)
  );
#2661 = DEFINITIONAL_REPRESENTATION('',(#2662),#2666);
#2662 = LINE('',#2663,#2664);
#2663 = CARTESIAN_POINT('',(0.,0.));
#2664 = VECTOR('',#2665,1.);
#2665 = DIRECTION('',(1.,0.));
#2666 = ( GEOMETRIC_REPRESENTATION_CONTEXT(2) 
PARAMETRIC_REPRESENTATION_CONTEXT() REPRESENTATION_CONTEXT('2D SPACE',''
  ) );
#2667 = ORIENTED_EDGE('',*,*,#2668,.T.);
#2668 = EDGE_CURVE('',#2641,#2669,#2671,.T.);
#2669 = VERTEX_POINT('',#2670);
#2670 = CARTESIAN_POINT('',(2.138233447211,26.032541619312,
    1.000000056095E-07));
#2671 = SURFACE_CURVE('',#2672,(#2676,#2683),.PCURVE_S1.);
#2672 = LINE('',#2673,#2674);
#2673 = CARTESIAN_POINT('',(13.720045431241,21.235198018672,
    1.000000044993E-07));
#2674 = VECTOR('',#2675,1.);
#2675 = DIRECTION('',(-0.923879532511,0.382683432365,1.025712328974E-16)
  );
#2676 = PCURVE('',#45,#2677);
#2677 = DEFINITIONAL_REPRESENTATION('',(#2678),#2682);
#2678 = LINE('',#2679,#2680);
#2679 = CARTESIAN_POINT('',(-7.414802081328,13.129954668759));
#2680 = VECTOR('',#2681,1.);
#2681 = DIRECTION('',(0.382683432365,0.923879532511));
#2682 = ( GEOMETRIC_REPRESENTATION_CONTEXT(2) 
PARAMETRIC_REPRESENTATION_CONTEXT() REPRESENTATION_CONTEXT('2D SPACE',''
  ) );
#2683 = PCURVE('',#2684,#2689);
#2684 = PLANE('',#2685);
#2685 = AXIS2_PLACEMENT_3D('',#2686,#2687,#2688);
#2686 = CARTESIAN_POINT('',(13.720045431241,21.235198018672,
    1.000000044993E-07));
#2687 = DIRECTION('',(-0.382683432365,-0.923879532511,4.248639577543E-17
    ));
#2688 = DIRECTION('',(-0.923879532511,0.382683432365,1.025712328974E-16)
  );
#2689 = DEFINITIONAL_REPRESENTATION('',(#2690),#2694);
#2690 = LINE('',#2691,#2692);
#2691 = CARTESIAN_POINT('',(0.,0.));
#2692 = VECTOR('',#2693,1.);
#2693 = DIRECTION('',(1.,0.));
#2694 = ( GEOMETRIC_REPRESENTATION_CONTEXT(2) 
PARAMETRIC_REPRESENTATION_CONTEXT() REPRESENTATION_CONTEXT('2D SPACE',''
  ) );
#2695 = ORIENTED_EDGE('',*,*,#2696,.F.);
#2696 = EDGE_CURVE('',#1266,#2669,#2697,.T.);
#2697 = SURFACE_CURVE('',#2698,(#2703,#2710),.PCURVE_S1.);
#2698 = CIRCLE('',#2699,24.85);
#2699 = AXIS2_PLACEMENT_3D('',#2700,#2701,#2702);
#2700 = CARTESIAN_POINT('',(26.8500001,28.6500001,1.00000002945E-07));
#2701 = DIRECTION('',(1.110223024625E-16,-0.,1.));
#2702 = DIRECTION('',(0.,1.,0.));
#2703 = PCURVE('',#45,#2704);
#2704 = DEFINITIONAL_REPRESENTATION('',(#2705),#2709);
#2705 = CIRCLE('',#2706,24.85);
#2706 = AXIS2_PLACEMENT_2D('',#2707,#2708);
#2707 = CARTESIAN_POINT('',(0.,0.));
#2708 = DIRECTION('',(1.,0.));
#2709 = ( GEOMETRIC_REPRESENTATION_CONTEXT(2) 
PARAMETRIC_REPRESENTATION_CONTEXT() REPRESENTATION_CONTEXT('2D SPACE',''
  ) );
#2710 = PCURVE('',#2711,#2716);
#2711 = CYLINDRICAL_SURFACE('',#2712,24.85);
#2712 = AXIS2_PLACEMENT_3D('',#2713,#2714,#2715);
#2713 = CARTESIAN_POINT('',(26.8500001,28.6500001,1.00000002945E-07));
#2714 = DIRECTION('',(-1.110223024625E-16,-0.,-1.));
#2715 = DIRECTION('',(0.,1.,0.));
#2716 = DEFINITIONAL_REPRESENTATION('',(#2717),#2721);
#2717 = LINE('',#2718,#2719);
#2718 = CARTESIAN_POINT('',(-0.,0.));
#2719 = VECTOR('',#2720,1.);
#2720 = DIRECTION('',(-1.,0.));
#2721 = ( GEOMETRIC_REPRESENTATION_CONTEXT(2) 
PARAMETRIC_REPRESENTATION_CONTEXT() REPRESENTATION_CONTEXT('2D SPACE',''
  ) );
#2722 = ADVANCED_FACE('',(#2723),#128,.T.);
#2723 = FACE_BOUND('',#2724,.T.);
#2724 = EDGE_LOOP('',(#2725,#2748,#2749,#2750));
#2725 = ORIENTED_EDGE('',*,*,#2726,.F.);
#2726 = EDGE_CURVE('',#86,#2727,#2729,.T.);
#2727 = VERTEX_POINT('',#2728);
#2728 = CARTESIAN_POINT('',(51.7000001,28.6500001,146.5000001));
#2729 = SURFACE_CURVE('',#2730,(#2734,#2741),.PCURVE_S1.);
#2730 = LINE('',#2731,#2732);
#2731 = CARTESIAN_POINT('',(126.8500001,28.6500001,146.5000001));
#2732 = VECTOR('',#2733,1.);
#2733 = DIRECTION('',(-1.,0.,1.110223024625E-16));
#2734 = PCURVE('',#128,#2735);
#2735 = DEFINITIONAL_REPRESENTATION('',(#2736),#2740);
#2736 = LINE('',#2737,#2738);
#2737 = CARTESIAN_POINT('',(100.,157.5));
#2738 = VECTOR('',#2739,1.);
#2739 = DIRECTION('',(1.,0.));
#2740 = ( GEOMETRIC_REPRESENTATION_CONTEXT(2) 
PARAMETRIC_REPRESENTATION_CONTEXT() REPRESENTATION_CONTEXT('2D SPACE',''
  ) );
#2741 = PCURVE('',#102,#2742);
#2742 = DEFINITIONAL_REPRESENTATION('',(#2743),#2747);
#2743 = LINE('',#2744,#2745);
#2744 = CARTESIAN_POINT('',(0.,-100.));
#2745 = VECTOR('',#2746,1.);
#2746 = DIRECTION('',(0.,1.));
#2747 = ( GEOMETRIC_REPRESENTATION_CONTEXT(2) 
PARAMETRIC_REPRESENTATION_CONTEXT() REPRESENTATION_CONTEXT('2D SPACE',''
  ) );
#2748 = ORIENTED_EDGE('',*,*,#114,.T.);
#2749 = ORIENTED_EDGE('',*,*,#1289,.T.);
#2750 = ORIENTED_EDGE('',*,*,#2751,.F.);
#2751 = EDGE_CURVE('',#2727,#1290,#2752,.T.);
#2752 = SURFACE_CURVE('',#2753,(#2757,#2764),.PCURVE_S1.);
#2753 = LINE('',#2754,#2755);
#2754 = CARTESIAN_POINT('',(51.7000001,28.6500001,1.000000001694E-07));
#2755 = VECTOR('',#2756,1.);
#2756 = DIRECTION('',(-1.110223024625E-16,-0.,-1.));
#2757 = PCURVE('',#128,#2758);
#2758 = DEFINITIONAL_REPRESENTATION('',(#2759),#2763);
#2759 = LINE('',#2760,#2761);
#2760 = CARTESIAN_POINT('',(175.15,11.));
#2761 = VECTOR('',#2762,1.);
#2762 = DIRECTION('',(0.,-1.));
#2763 = ( GEOMETRIC_REPRESENTATION_CONTEXT(2) 
PARAMETRIC_REPRESENTATION_CONTEXT() REPRESENTATION_CONTEXT('2D SPACE',''
  ) );
#2764 = PCURVE('',#1329,#2765);
#2765 = DEFINITIONAL_REPRESENTATION('',(#2766),#2770);
#2766 = LINE('',#2767,#2768);
#2767 = CARTESIAN_POINT('',(-4.712388980385,0.));
#2768 = VECTOR('',#2769,1.);
#2769 = DIRECTION('',(-0.,1.));
#2770 = ( GEOMETRIC_REPRESENTATION_CONTEXT(2) 
PARAMETRIC_REPRESENTATION_CONTEXT() REPRESENTATION_CONTEXT('2D SPACE',''
  ) );
#2771 = ADVANCED_FACE('',(#2772),#102,.T.);
#2772 = FACE_BOUND('',#2773,.T.);
#2773 = EDGE_LOOP('',(#2774,#2797,#2798,#2799,#2823,#2846,#2869,#2892,
    #2916,#2939,#2962,#2985,#3008,#3032,#3055,#3078,#3101,#3125,#3148,
    #3171,#3194,#3218,#3241,#3264,#3287,#3311,#3334,#3357,#3380,#3404,
    #3427,#3450,#3473,#3497,#3520,#3543,#3566,#3590,#3613,#3636,#3659,
    #3683,#3706,#3729,#3752,#3776,#3799,#3822,#3845,#3869,#3892,#3915,
    #3938));
#2774 = ORIENTED_EDGE('',*,*,#2775,.T.);
#2775 = EDGE_CURVE('',#2776,#58,#2778,.T.);
#2776 = VERTEX_POINT('',#2777);
#2777 = CARTESIAN_POINT('',(2.0000001,28.6500001,146.5000001));
#2778 = SURFACE_CURVE('',#2779,(#2783,#2790),.PCURVE_S1.);
#2779 = LINE('',#2780,#2781);
#2780 = CARTESIAN_POINT('',(126.8500001,28.6500001,146.5000001));
#2781 = VECTOR('',#2782,1.);
#2782 = DIRECTION('',(-1.,0.,1.110223024625E-16));
#2783 = PCURVE('',#102,#2784);
#2784 = DEFINITIONAL_REPRESENTATION('',(#2785),#2789);
#2785 = LINE('',#2786,#2787);
#2786 = CARTESIAN_POINT('',(0.,-100.));
#2787 = VECTOR('',#2788,1.);
#2788 = DIRECTION('',(0.,1.));
#2789 = ( GEOMETRIC_REPRESENTATION_CONTEXT(2) 
PARAMETRIC_REPRESENTATION_CONTEXT() REPRESENTATION_CONTEXT('2D SPACE',''
  ) );
#2790 = PCURVE('',#73,#2791);
#2791 = DEFINITIONAL_REPRESENTATION('',(#2792),#2796);
#2792 = LINE('',#2793,#2794);
#2793 = CARTESIAN_POINT('',(100.,157.5));
#2794 = VECTOR('',#2795,1.);
#2795 = DIRECTION('',(1.,0.));
#2796 = ( GEOMETRIC_REPRESENTATION_CONTEXT(2) 
PARAMETRIC_REPRESENTATION_CONTEXT() REPRESENTATION_CONTEXT('2D SPACE',''
  ) );
#2797 = ORIENTED_EDGE('',*,*,#85,.T.);
#2798 = ORIENTED_EDGE('',*,*,#2726,.T.);
#2799 = ORIENTED_EDGE('',*,*,#2800,.F.);
#2800 = EDGE_CURVE('',#2801,#2727,#2803,.T.);
#2801 = VERTEX_POINT('',#2802);
#2802 = CARTESIAN_POINT('',(51.597335053062,26.393473405947,146.5000001)
  );
#2803 = SURFACE_CURVE('',#2804,(#2809,#2816),.PCURVE_S1.);
#2804 = CIRCLE('',#2805,24.85);
#2805 = AXIS2_PLACEMENT_3D('',#2806,#2807,#2808);
#2806 = CARTESIAN_POINT('',(26.8500001,28.6500001,146.5000001));
#2807 = DIRECTION('',(1.110223024625E-16,-0.,1.));
#2808 = DIRECTION('',(0.,1.,0.));
#2809 = PCURVE('',#102,#2810);
#2810 = DEFINITIONAL_REPRESENTATION('',(#2811),#2815);
#2811 = CIRCLE('',#2812,24.85);
#2812 = AXIS2_PLACEMENT_2D('',#2813,#2814);
#2813 = CARTESIAN_POINT('',(0.,-3.552713678801E-15));
#2814 = DIRECTION('',(1.,0.));
#2815 = ( GEOMETRIC_REPRESENTATION_CONTEXT(2) 
PARAMETRIC_REPRESENTATION_CONTEXT() REPRESENTATION_CONTEXT('2D SPACE',''
  ) );
#2816 = PCURVE('',#1329,#2817);
#2817 = DEFINITIONAL_REPRESENTATION('',(#2818),#2822);
#2818 = LINE('',#2819,#2820);
#2819 = CARTESIAN_POINT('',(-0.,-146.5));
#2820 = VECTOR('',#2821,1.);
#2821 = DIRECTION('',(-1.,0.));
#2822 = ( GEOMETRIC_REPRESENTATION_CONTEXT(2) 
PARAMETRIC_REPRESENTATION_CONTEXT() REPRESENTATION_CONTEXT('2D SPACE',''
  ) );
#2823 = ORIENTED_EDGE('',*,*,#2824,.T.);
#2824 = EDGE_CURVE('',#2801,#2825,#2827,.T.);
#2825 = VERTEX_POINT('',#2826);
#2826 = CARTESIAN_POINT('',(48.656572210878,28.6500001,146.5000001));
#2827 = SURFACE_CURVE('',#2828,(#2832,#2839),.PCURVE_S1.);
#2828 = LINE('',#2829,#2830);
#2829 = CARTESIAN_POINT('',(53.172861169475,25.184529696558,146.5000001)
  );
#2830 = VECTOR('',#2831,1.);
#2831 = DIRECTION('',(-0.793353340291,0.608761429009,8.807991450546E-17)
  );
#2832 = PCURVE('',#102,#2833);
#2833 = DEFINITIONAL_REPRESENTATION('',(#2834),#2838);
#2834 = LINE('',#2835,#2836);
#2835 = CARTESIAN_POINT('',(-3.465470403442,-26.32286106947));
#2836 = VECTOR('',#2837,1.);
#2837 = DIRECTION('',(0.608761429009,0.793353340291));
#2838 = ( GEOMETRIC_REPRESENTATION_CONTEXT(2) 
PARAMETRIC_REPRESENTATION_CONTEXT() REPRESENTATION_CONTEXT('2D SPACE',''
  ) );
#2839 = PCURVE('',#1357,#2840);
#2840 = DEFINITIONAL_REPRESENTATION('',(#2841),#2845);
#2841 = LINE('',#2842,#2843);
#2842 = CARTESIAN_POINT('',(-1.985907207291,-146.5));
#2843 = VECTOR('',#2844,1.);
#2844 = DIRECTION('',(1.,0.));
#2845 = ( GEOMETRIC_REPRESENTATION_CONTEXT(2) 
PARAMETRIC_REPRESENTATION_CONTEXT() REPRESENTATION_CONTEXT('2D SPACE',''
  ) );
#2846 = ORIENTED_EDGE('',*,*,#2847,.T.);
#2847 = EDGE_CURVE('',#2825,#2848,#2850,.T.);
#2848 = VERTEX_POINT('',#2849);
#2849 = CARTESIAN_POINT('',(46.356820726492,28.6500001,146.5000001));
#2850 = SURFACE_CURVE('',#2851,(#2855,#2862),.PCURVE_S1.);
#2851 = LINE('',#2852,#2853);
#2852 = CARTESIAN_POINT('',(126.8500001,28.6500001,146.5000001));
#2853 = VECTOR('',#2854,1.);
#2854 = DIRECTION('',(-1.,0.,1.110223024625E-16));
#2855 = PCURVE('',#102,#2856);
#2856 = DEFINITIONAL_REPRESENTATION('',(#2857),#2861);
#2857 = LINE('',#2858,#2859);
#2858 = CARTESIAN_POINT('',(0.,-100.));
#2859 = VECTOR('',#2860,1.);
#2860 = DIRECTION('',(0.,1.));
#2861 = ( GEOMETRIC_REPRESENTATION_CONTEXT(2) 
PARAMETRIC_REPRESENTATION_CONTEXT() REPRESENTATION_CONTEXT('2D SPACE',''
  ) );
#2862 = PCURVE('',#1385,#2863);
#2863 = DEFINITIONAL_REPRESENTATION('',(#2864),#2868);
#2864 = LINE('',#2865,#2866);
#2865 = CARTESIAN_POINT('',(100.,157.5));
#2866 = VECTOR('',#2867,1.);
#2867 = DIRECTION('',(1.,0.));
#2868 = ( GEOMETRIC_REPRESENTATION_CONTEXT(2) 
PARAMETRIC_REPRESENTATION_CONTEXT() REPRESENTATION_CONTEXT('2D SPACE',''
  ) );
#2869 = ORIENTED_EDGE('',*,*,#2870,.T.);
#2870 = EDGE_CURVE('',#2848,#2871,#2873,.T.);
#2871 = VERTEX_POINT('',#2872);
#2872 = CARTESIAN_POINT('',(51.397181827725,24.782394997865,146.5000001)
  );
#2873 = SURFACE_CURVE('',#2874,(#2878,#2885),.PCURVE_S1.);
#2874 = LINE('',#2875,#2876);
#2875 = CARTESIAN_POINT('',(41.451654406873,32.413866597569,146.5000001)
  );
#2876 = VECTOR('',#2877,1.);
#2877 = DIRECTION('',(0.793353340291,-0.608761429009,-8.807991450546E-17
    ));
#2878 = PCURVE('',#102,#2879);
#2879 = DEFINITIONAL_REPRESENTATION('',(#2880),#2884);
#2880 = LINE('',#2881,#2882);
#2881 = CARTESIAN_POINT('',(3.763866497569,-14.60165430687));
#2882 = VECTOR('',#2883,1.);
#2883 = DIRECTION('',(-0.608761429009,-0.793353340291));
#2884 = ( GEOMETRIC_REPRESENTATION_CONTEXT(2) 
PARAMETRIC_REPRESENTATION_CONTEXT() REPRESENTATION_CONTEXT('2D SPACE',''
  ) );
#2885 = PCURVE('',#1413,#2886);
#2886 = DEFINITIONAL_REPRESENTATION('',(#2887),#2891);
#2887 = LINE('',#2888,#2889);
#2888 = CARTESIAN_POINT('',(-1.629478418351E-15,-146.5));
#2889 = VECTOR('',#2890,1.);
#2890 = DIRECTION('',(1.,0.));
#2891 = ( GEOMETRIC_REPRESENTATION_CONTEXT(2) 
PARAMETRIC_REPRESENTATION_CONTEXT() REPRESENTATION_CONTEXT('2D SPACE',''
  ) );
#2892 = ORIENTED_EDGE('',*,*,#2893,.F.);
#2893 = EDGE_CURVE('',#2894,#2871,#2896,.T.);
#2894 = VERTEX_POINT('',#2895);
#2895 = CARTESIAN_POINT('',(50.170057978785,20.06528108712,146.5000001)
  );
#2896 = SURFACE_CURVE('',#2897,(#2902,#2909),.PCURVE_S1.);
#2897 = CIRCLE('',#2898,24.85);
#2898 = AXIS2_PLACEMENT_3D('',#2899,#2900,#2901);
#2899 = CARTESIAN_POINT('',(26.8500001,28.6500001,146.5000001));
#2900 = DIRECTION('',(1.110223024625E-16,-0.,1.));
#2901 = DIRECTION('',(0.,1.,0.));
#2902 = PCURVE('',#102,#2903);
#2903 = DEFINITIONAL_REPRESENTATION('',(#2904),#2908);
#2904 = CIRCLE('',#2905,24.85);
#2905 = AXIS2_PLACEMENT_2D('',#2906,#2907);
#2906 = CARTESIAN_POINT('',(0.,-3.552713678801E-15));
#2907 = DIRECTION('',(1.,0.));
#2908 = ( GEOMETRIC_REPRESENTATION_CONTEXT(2) 
PARAMETRIC_REPRESENTATION_CONTEXT() REPRESENTATION_CONTEXT('2D SPACE',''
  ) );
#2909 = PCURVE('',#1442,#2910);
#2910 = DEFINITIONAL_REPRESENTATION('',(#2911),#2915);
#2911 = LINE('',#2912,#2913);
#2912 = CARTESIAN_POINT('',(-0.,-146.5));
#2913 = VECTOR('',#2914,1.);
#2914 = DIRECTION('',(-1.,0.));
#2915 = ( GEOMETRIC_REPRESENTATION_CONTEXT(2) 
PARAMETRIC_REPRESENTATION_CONTEXT() REPRESENTATION_CONTEXT('2D SPACE',''
  ) );
#2916 = ORIENTED_EDGE('',*,*,#2917,.T.);
#2917 = EDGE_CURVE('',#2894,#2918,#2920,.T.);
#2918 = VERTEX_POINT('',#2919);
#2919 = CARTESIAN_POINT('',(43.582771395986,28.6500001,146.5000001));
#2920 = SURFACE_CURVE('',#2921,(#2925,#2932),.PCURVE_S1.);
#2921 = LINE('',#2922,#2923);
#2922 = CARTESIAN_POINT('',(51.379001688175,18.489754970707,146.5000001)
  );
#2923 = VECTOR('',#2924,1.);
#2924 = DIRECTION('',(-0.608761429009,0.793353340291,6.758609549892E-17)
  );
#2925 = PCURVE('',#102,#2926);
#2926 = DEFINITIONAL_REPRESENTATION('',(#2927),#2931);
#2927 = LINE('',#2928,#2929);
#2928 = CARTESIAN_POINT('',(-10.16024512929,-24.52900158817));
#2929 = VECTOR('',#2930,1.);
#2930 = DIRECTION('',(0.793353340291,0.608761429009));
#2931 = ( GEOMETRIC_REPRESENTATION_CONTEXT(2) 
PARAMETRIC_REPRESENTATION_CONTEXT() REPRESENTATION_CONTEXT('2D SPACE',''
  ) );
#2932 = PCURVE('',#1470,#2933);
#2933 = DEFINITIONAL_REPRESENTATION('',(#2934),#2938);
#2934 = LINE('',#2935,#2936);
#2935 = CARTESIAN_POINT('',(-1.985907207291,-146.5));
#2936 = VECTOR('',#2937,1.);
#2937 = DIRECTION('',(1.,0.));
#2938 = ( GEOMETRIC_REPRESENTATION_CONTEXT(2) 
PARAMETRIC_REPRESENTATION_CONTEXT() REPRESENTATION_CONTEXT('2D SPACE',''
  ) );
#2939 = ORIENTED_EDGE('',*,*,#2940,.T.);
#2940 = EDGE_CURVE('',#2918,#2941,#2943,.T.);
#2941 = VERTEX_POINT('',#2942);
#2942 = CARTESIAN_POINT('',(42.115379980603,28.6500001,146.5000001));
#2943 = SURFACE_CURVE('',#2944,(#2948,#2955),.PCURVE_S1.);
#2944 = LINE('',#2945,#2946);
#2945 = CARTESIAN_POINT('',(126.8500001,28.6500001,146.5000001));
#2946 = VECTOR('',#2947,1.);
#2947 = DIRECTION('',(-1.,0.,1.110223024625E-16));
#2948 = PCURVE('',#102,#2949);
#2949 = DEFINITIONAL_REPRESENTATION('',(#2950),#2954);
#2950 = LINE('',#2951,#2952);
#2951 = CARTESIAN_POINT('',(0.,-100.));
#2952 = VECTOR('',#2953,1.);
#2953 = DIRECTION('',(0.,1.));
#2954 = ( GEOMETRIC_REPRESENTATION_CONTEXT(2) 
PARAMETRIC_REPRESENTATION_CONTEXT() REPRESENTATION_CONTEXT('2D SPACE',''
  ) );
#2955 = PCURVE('',#1498,#2956);
#2956 = DEFINITIONAL_REPRESENTATION('',(#2957),#2961);
#2957 = LINE('',#2958,#2959);
#2958 = CARTESIAN_POINT('',(100.,157.5));
#2959 = VECTOR('',#2960,1.);
#2960 = DIRECTION('',(1.,0.));
#2961 = ( GEOMETRIC_REPRESENTATION_CONTEXT(2) 
PARAMETRIC_REPRESENTATION_CONTEXT() REPRESENTATION_CONTEXT('2D SPACE',''
  ) );
#2962 = ORIENTED_EDGE('',*,*,#2963,.T.);
#2963 = EDGE_CURVE('',#2941,#2964,#2966,.T.);
#2964 = VERTEX_POINT('',#2965);
#2965 = CARTESIAN_POINT('',(41.928275434347,28.506429732085,146.5000001)
  );
#2966 = SURFACE_CURVE('',#2967,(#2971,#2978),.PCURVE_S1.);
#2967 = LINE('',#2968,#2969);
#2968 = CARTESIAN_POINT('',(43.038970110755,29.358695732697,146.5000001)
  );
#2969 = VECTOR('',#2970,1.);
#2970 = DIRECTION('',(-0.793353340291,-0.608761429009,8.807991450546E-17
    ));
#2971 = PCURVE('',#102,#2972);
#2972 = DEFINITIONAL_REPRESENTATION('',(#2973),#2977);
#2973 = LINE('',#2974,#2975);
#2974 = CARTESIAN_POINT('',(0.708695632697,-16.18897001075));
#2975 = VECTOR('',#2976,1.);
#2976 = DIRECTION('',(-0.608761429009,0.793353340291));
#2977 = ( GEOMETRIC_REPRESENTATION_CONTEXT(2) 
PARAMETRIC_REPRESENTATION_CONTEXT() REPRESENTATION_CONTEXT('2D SPACE',''
  ) );
#2978 = PCURVE('',#1526,#2979);
#2979 = DEFINITIONAL_REPRESENTATION('',(#2980),#2984);
#2980 = LINE('',#2981,#2982);
#2981 = CARTESIAN_POINT('',(1.629478418351E-15,-146.5));
#2982 = VECTOR('',#2983,1.);
#2983 = DIRECTION('',(1.,0.));
#2984 = ( GEOMETRIC_REPRESENTATION_CONTEXT(2) 
PARAMETRIC_REPRESENTATION_CONTEXT() REPRESENTATION_CONTEXT('2D SPACE',''
  ) );
#2985 = ORIENTED_EDGE('',*,*,#2986,.T.);
#2986 = EDGE_CURVE('',#2964,#2987,#2989,.T.);
#2987 = VERTEX_POINT('',#2988);
#2988 = CARTESIAN_POINT('',(49.559747034052,18.560902311234,146.5000001)
  );
#2989 = SURFACE_CURVE('',#2990,(#2994,#3001),.PCURVE_S1.);
#2990 = LINE('',#2991,#2992);
#2991 = CARTESIAN_POINT('',(41.928275434347,28.506429732085,146.5000001)
  );
#2992 = VECTOR('',#2993,1.);
#2993 = DIRECTION('',(0.608761429009,-0.793353340291,-6.758609549892E-17
    ));
#2994 = PCURVE('',#102,#2995);
#2995 = DEFINITIONAL_REPRESENTATION('',(#2996),#3000);
#2996 = LINE('',#2997,#2998);
#2997 = CARTESIAN_POINT('',(-0.143570367915,-15.07827533434));
#2998 = VECTOR('',#2999,1.);
#2999 = DIRECTION('',(-0.793353340291,-0.608761429009));
#3000 = ( GEOMETRIC_REPRESENTATION_CONTEXT(2) 
PARAMETRIC_REPRESENTATION_CONTEXT() REPRESENTATION_CONTEXT('2D SPACE',''
  ) );
#3001 = PCURVE('',#1554,#3002);
#3002 = DEFINITIONAL_REPRESENTATION('',(#3003),#3007);
#3003 = LINE('',#3004,#3005);
#3004 = CARTESIAN_POINT('',(-1.25034276673E-15,-146.5));
#3005 = VECTOR('',#3006,1.);
#3006 = DIRECTION('',(1.,0.));
#3007 = ( GEOMETRIC_REPRESENTATION_CONTEXT(2) 
PARAMETRIC_REPRESENTATION_CONTEXT() REPRESENTATION_CONTEXT('2D SPACE',''
  ) );
#3008 = ORIENTED_EDGE('',*,*,#3009,.F.);
#3009 = EDGE_CURVE('',#3010,#2987,#3012,.T.);
#3010 = VERTEX_POINT('',#3011);
#3011 = CARTESIAN_POINT('',(47.153557498288,14.322123182102,146.5000001)
  );
#3012 = SURFACE_CURVE('',#3013,(#3018,#3025),.PCURVE_S1.);
#3013 = CIRCLE('',#3014,24.85);
#3014 = AXIS2_PLACEMENT_3D('',#3015,#3016,#3017);
#3015 = CARTESIAN_POINT('',(26.8500001,28.6500001,146.5000001));
#3016 = DIRECTION('',(1.110223024625E-16,-0.,1.));
#3017 = DIRECTION('',(0.,1.,0.));
#3018 = PCURVE('',#102,#3019);
#3019 = DEFINITIONAL_REPRESENTATION('',(#3020),#3024);
#3020 = CIRCLE('',#3021,24.85);
#3021 = AXIS2_PLACEMENT_2D('',#3022,#3023);
#3022 = CARTESIAN_POINT('',(0.,-3.552713678801E-15));
#3023 = DIRECTION('',(1.,0.));
#3024 = ( GEOMETRIC_REPRESENTATION_CONTEXT(2) 
PARAMETRIC_REPRESENTATION_CONTEXT() REPRESENTATION_CONTEXT('2D SPACE',''
  ) );
#3025 = PCURVE('',#1583,#3026);
#3026 = DEFINITIONAL_REPRESENTATION('',(#3027),#3031);
#3027 = LINE('',#3028,#3029);
#3028 = CARTESIAN_POINT('',(-0.,-146.5));
#3029 = VECTOR('',#3030,1.);
#3030 = DIRECTION('',(-1.,0.));
#3031 = ( GEOMETRIC_REPRESENTATION_CONTEXT(2) 
PARAMETRIC_REPRESENTATION_CONTEXT() REPRESENTATION_CONTEXT('2D SPACE',''
  ) );
#3032 = ORIENTED_EDGE('',*,*,#3033,.T.);
#3033 = EDGE_CURVE('',#3010,#3034,#3036,.T.);
#3034 = VERTEX_POINT('',#3035);
#3035 = CARTESIAN_POINT('',(42.670768261331,25.144533755223,146.5000001)
  );
#3036 = SURFACE_CURVE('',#3037,(#3041,#3048),.PCURVE_S1.);
#3037 = LINE('',#3038,#3039);
#3038 = CARTESIAN_POINT('',(47.913531284732,12.487384159818,146.5000001)
  );
#3039 = VECTOR('',#3040,1.);
#3040 = DIRECTION('',(-0.382683432365,0.923879532511,4.248639577543E-17)
  );
#3041 = PCURVE('',#102,#3042);
#3042 = DEFINITIONAL_REPRESENTATION('',(#3043),#3047);
#3043 = LINE('',#3044,#3045);
#3044 = CARTESIAN_POINT('',(-16.16261594018,-21.06353118473));
#3045 = VECTOR('',#3046,1.);
#3046 = DIRECTION('',(0.923879532511,0.382683432365));
#3047 = ( GEOMETRIC_REPRESENTATION_CONTEXT(2) 
PARAMETRIC_REPRESENTATION_CONTEXT() REPRESENTATION_CONTEXT('2D SPACE',''
  ) );
#3048 = PCURVE('',#1611,#3049);
#3049 = DEFINITIONAL_REPRESENTATION('',(#3050),#3054);
#3050 = LINE('',#3051,#3052);
#3051 = CARTESIAN_POINT('',(-1.985907207292,-146.5));
#3052 = VECTOR('',#3053,1.);
#3053 = DIRECTION('',(1.,0.));
#3054 = ( GEOMETRIC_REPRESENTATION_CONTEXT(2) 
PARAMETRIC_REPRESENTATION_CONTEXT() REPRESENTATION_CONTEXT('2D SPACE',''
  ) );
#3055 = ORIENTED_EDGE('',*,*,#3056,.T.);
#3056 = EDGE_CURVE('',#3034,#3057,#3059,.T.);
#3057 = VERTEX_POINT('',#3058);
#3058 = CARTESIAN_POINT('',(41.377336915815,24.608776949912,146.5000001)
  );
#3059 = SURFACE_CURVE('',#3060,(#3064,#3071),.PCURVE_S1.);
#3060 = LINE('',#3061,#3062);
#3061 = CARTESIAN_POINT('',(42.670768261331,25.144533755223,146.5000001)
  );
#3062 = VECTOR('',#3063,1.);
#3063 = DIRECTION('',(-0.923879532511,-0.382683432365,1.025712328974E-16
    ));
#3064 = PCURVE('',#102,#3065);
#3065 = DEFINITIONAL_REPRESENTATION('',(#3066),#3070);
#3066 = LINE('',#3067,#3068);
#3067 = CARTESIAN_POINT('',(-3.505466344777,-15.82076816133));
#3068 = VECTOR('',#3069,1.);
#3069 = DIRECTION('',(-0.382683432365,0.923879532511));
#3070 = ( GEOMETRIC_REPRESENTATION_CONTEXT(2) 
PARAMETRIC_REPRESENTATION_CONTEXT() REPRESENTATION_CONTEXT('2D SPACE',''
  ) );
#3071 = PCURVE('',#1639,#3072);
#3072 = DEFINITIONAL_REPRESENTATION('',(#3073),#3077);
#3073 = LINE('',#3074,#3075);
#3074 = CARTESIAN_POINT('',(1.897567808602E-15,-146.5));
#3075 = VECTOR('',#3076,1.);
#3076 = DIRECTION('',(1.,0.));
#3077 = ( GEOMETRIC_REPRESENTATION_CONTEXT(2) 
PARAMETRIC_REPRESENTATION_CONTEXT() REPRESENTATION_CONTEXT('2D SPACE',''
  ) );
#3078 = ORIENTED_EDGE('',*,*,#3079,.T.);
#3079 = EDGE_CURVE('',#3057,#3080,#3082,.T.);
#3080 = VERTEX_POINT('',#3081);
#3081 = CARTESIAN_POINT('',(46.174680516455,13.026964965883,146.5000001)
  );
#3082 = SURFACE_CURVE('',#3083,(#3087,#3094),.PCURVE_S1.);
#3083 = LINE('',#3084,#3085);
#3084 = CARTESIAN_POINT('',(41.377336915815,24.608776949912,146.5000001)
  );
#3085 = VECTOR('',#3086,1.);
#3086 = DIRECTION('',(0.382683432365,-0.923879532511,-4.248639577543E-17
    ));
#3087 = PCURVE('',#102,#3088);
#3088 = DEFINITIONAL_REPRESENTATION('',(#3089),#3093);
#3089 = LINE('',#3090,#3091);
#3090 = CARTESIAN_POINT('',(-4.041223150088,-14.52733681581));
#3091 = VECTOR('',#3092,1.);
#3092 = DIRECTION('',(-0.923879532511,-0.382683432365));
#3093 = ( GEOMETRIC_REPRESENTATION_CONTEXT(2) 
PARAMETRIC_REPRESENTATION_CONTEXT() REPRESENTATION_CONTEXT('2D SPACE',''
  ) );
#3094 = PCURVE('',#1667,#3095);
#3095 = DEFINITIONAL_REPRESENTATION('',(#3096),#3100);
#3096 = LINE('',#3097,#3098);
#3097 = CARTESIAN_POINT('',(-7.859983218455E-16,-146.5));
#3098 = VECTOR('',#3099,1.);
#3099 = DIRECTION('',(1.,0.));
#3100 = ( GEOMETRIC_REPRESENTATION_CONTEXT(2) 
PARAMETRIC_REPRESENTATION_CONTEXT() REPRESENTATION_CONTEXT('2D SPACE',''
  ) );
#3101 = ORIENTED_EDGE('',*,*,#3102,.F.);
#3102 = EDGE_CURVE('',#3103,#3080,#3105,.T.);
#3103 = VERTEX_POINT('',#3104);
#3104 = CARTESIAN_POINT('',(42.753403134311,9.555386411102,146.5000001)
  );
#3105 = SURFACE_CURVE('',#3106,(#3111,#3118),.PCURVE_S1.);
#3106 = CIRCLE('',#3107,24.85);
#3107 = AXIS2_PLACEMENT_3D('',#3108,#3109,#3110);
#3108 = CARTESIAN_POINT('',(26.8500001,28.6500001,146.5000001));
#3109 = DIRECTION('',(1.110223024625E-16,-0.,1.));
#3110 = DIRECTION('',(0.,1.,0.));
#3111 = PCURVE('',#102,#3112);
#3112 = DEFINITIONAL_REPRESENTATION('',(#3113),#3117);
#3113 = CIRCLE('',#3114,24.85);
#3114 = AXIS2_PLACEMENT_2D('',#3115,#3116);
#3115 = CARTESIAN_POINT('',(0.,-3.552713678801E-15));
#3116 = DIRECTION('',(1.,0.));
#3117 = ( GEOMETRIC_REPRESENTATION_CONTEXT(2) 
PARAMETRIC_REPRESENTATION_CONTEXT() REPRESENTATION_CONTEXT('2D SPACE',''
  ) );
#3118 = PCURVE('',#1696,#3119);
#3119 = DEFINITIONAL_REPRESENTATION('',(#3120),#3124);
#3120 = LINE('',#3121,#3122);
#3121 = CARTESIAN_POINT('',(-0.,-146.5));
#3122 = VECTOR('',#3123,1.);
#3123 = DIRECTION('',(-1.,0.));
#3124 = ( GEOMETRIC_REPRESENTATION_CONTEXT(2) 
PARAMETRIC_REPRESENTATION_CONTEXT() REPRESENTATION_CONTEXT('2D SPACE',''
  ) );
#3125 = ORIENTED_EDGE('',*,*,#3126,.T.);
#3126 = EDGE_CURVE('',#3103,#3127,#3129,.T.);
#3127 = VERTEX_POINT('',#3128);
#3128 = CARTESIAN_POINT('',(41.224407206767,21.169263516089,146.5000001)
  );
#3129 = SURFACE_CURVE('',#3130,(#3134,#3141),.PCURVE_S1.);
#3130 = LINE('',#3131,#3132);
#3131 = CARTESIAN_POINT('',(43.012616040182,7.586468915268,146.5000001)
  );
#3132 = VECTOR('',#3133,1.);
#3133 = DIRECTION('',(-0.13052619222,0.991444861374,1.449131839194E-17)
  );
#3134 = PCURVE('',#102,#3135);
#3135 = DEFINITIONAL_REPRESENTATION('',(#3136),#3140);
#3136 = LINE('',#3137,#3138);
#3137 = CARTESIAN_POINT('',(-21.06353118473,-16.16261594018));
#3138 = VECTOR('',#3139,1.);
#3139 = DIRECTION('',(0.991444861374,0.13052619222));
#3140 = ( GEOMETRIC_REPRESENTATION_CONTEXT(2) 
PARAMETRIC_REPRESENTATION_CONTEXT() REPRESENTATION_CONTEXT('2D SPACE',''
  ) );
#3141 = PCURVE('',#1724,#3142);
#3142 = DEFINITIONAL_REPRESENTATION('',(#3143),#3147);
#3143 = LINE('',#3144,#3145);
#3144 = CARTESIAN_POINT('',(-1.985907207291,-146.5));
#3145 = VECTOR('',#3146,1.);
#3146 = DIRECTION('',(1.,0.));
#3147 = ( GEOMETRIC_REPRESENTATION_CONTEXT(2) 
PARAMETRIC_REPRESENTATION_CONTEXT() REPRESENTATION_CONTEXT('2D SPACE',''
  ) );
#3148 = ORIENTED_EDGE('',*,*,#3149,.T.);
#3149 = EDGE_CURVE('',#3127,#3150,#3152,.T.);
#3150 = VERTEX_POINT('',#3151);
#3151 = CARTESIAN_POINT('',(39.836384400844,20.986526846981,146.5000001)
  );
#3152 = SURFACE_CURVE('',#3153,(#3157,#3164),.PCURVE_S1.);
#3153 = LINE('',#3154,#3155);
#3154 = CARTESIAN_POINT('',(41.224407206767,21.169263516089,146.5000001)
  );
#3155 = VECTOR('',#3156,1.);
#3156 = DIRECTION('',(-0.991444861374,-0.13052619222,1.100724912744E-16)
  );
#3157 = PCURVE('',#102,#3158);
#3158 = DEFINITIONAL_REPRESENTATION('',(#3159),#3163);
#3159 = LINE('',#3160,#3161);
#3160 = CARTESIAN_POINT('',(-7.480736583911,-14.37440710676));
#3161 = VECTOR('',#3162,1.);
#3162 = DIRECTION('',(-0.13052619222,0.991444861374));
#3163 = ( GEOMETRIC_REPRESENTATION_CONTEXT(2) 
PARAMETRIC_REPRESENTATION_CONTEXT() REPRESENTATION_CONTEXT('2D SPACE',''
  ) );
#3164 = PCURVE('',#1752,#3165);
#3165 = DEFINITIONAL_REPRESENTATION('',(#3166),#3170);
#3166 = LINE('',#3167,#3168);
#3167 = CARTESIAN_POINT('',(2.036341088575E-15,-146.5));
#3168 = VECTOR('',#3169,1.);
#3169 = DIRECTION('',(1.,0.));
#3170 = ( GEOMETRIC_REPRESENTATION_CONTEXT(2) 
PARAMETRIC_REPRESENTATION_CONTEXT() REPRESENTATION_CONTEXT('2D SPACE',''
  ) );
#3171 = ORIENTED_EDGE('',*,*,#3172,.T.);
#3172 = EDGE_CURVE('',#3150,#3173,#3175,.T.);
#3173 = VERTEX_POINT('',#3174);
#3174 = CARTESIAN_POINT('',(41.472668964021,8.557711646636,146.5000001)
  );
#3175 = SURFACE_CURVE('',#3176,(#3180,#3187),.PCURVE_S1.);
#3176 = LINE('',#3177,#3178);
#3177 = CARTESIAN_POINT('',(39.836384400844,20.986526846981,146.5000001)
  );
#3178 = VECTOR('',#3179,1.);
#3179 = DIRECTION('',(0.13052619222,-0.991444861374,-1.449131839194E-17)
  );
#3180 = PCURVE('',#102,#3181);
#3181 = DEFINITIONAL_REPRESENTATION('',(#3182),#3186);
#3182 = LINE('',#3183,#3184);
#3183 = CARTESIAN_POINT('',(-7.663473253019,-12.98638430084));
#3184 = VECTOR('',#3185,1.);
#3185 = DIRECTION('',(-0.991444861374,-0.13052619222));
#3186 = ( GEOMETRIC_REPRESENTATION_CONTEXT(2) 
PARAMETRIC_REPRESENTATION_CONTEXT() REPRESENTATION_CONTEXT('2D SPACE',''
  ) );
#3187 = PCURVE('',#1780,#3188);
#3188 = DEFINITIONAL_REPRESENTATION('',(#3189),#3193);
#3189 = LINE('',#3190,#3191);
#3190 = CARTESIAN_POINT('',(-2.680893902508E-16,-146.5));
#3191 = VECTOR('',#3192,1.);
#3192 = DIRECTION('',(1.,0.));
#3193 = ( GEOMETRIC_REPRESENTATION_CONTEXT(2) 
PARAMETRIC_REPRESENTATION_CONTEXT() REPRESENTATION_CONTEXT('2D SPACE',''
  ) );
#3194 = ORIENTED_EDGE('',*,*,#3195,.F.);
#3195 = EDGE_CURVE('',#3196,#3173,#3198,.T.);
#3196 = VERTEX_POINT('',#3197);
#3197 = CARTESIAN_POINT('',(37.269458135164,6.08991600766,146.5000001));
#3198 = SURFACE_CURVE('',#3199,(#3204,#3211),.PCURVE_S1.);
#3199 = CIRCLE('',#3200,24.85);
#3200 = AXIS2_PLACEMENT_3D('',#3201,#3202,#3203);
#3201 = CARTESIAN_POINT('',(26.8500001,28.6500001,146.5000001));
#3202 = DIRECTION('',(1.110223024625E-16,-0.,1.));
#3203 = DIRECTION('',(0.,1.,0.));
#3204 = PCURVE('',#102,#3205);
#3205 = DEFINITIONAL_REPRESENTATION('',(#3206),#3210);
#3206 = CIRCLE('',#3207,24.85);
#3207 = AXIS2_PLACEMENT_2D('',#3208,#3209);
#3208 = CARTESIAN_POINT('',(0.,-3.552713678801E-15));
#3209 = DIRECTION('',(1.,0.));
#3210 = ( GEOMETRIC_REPRESENTATION_CONTEXT(2) 
PARAMETRIC_REPRESENTATION_CONTEXT() REPRESENTATION_CONTEXT('2D SPACE',''
  ) );
#3211 = PCURVE('',#1809,#3212);
#3212 = DEFINITIONAL_REPRESENTATION('',(#3213),#3217);
#3213 = LINE('',#3214,#3215);
#3214 = CARTESIAN_POINT('',(-0.,-146.5));
#3215 = VECTOR('',#3216,1.);
#3216 = DIRECTION('',(-1.,0.));
#3217 = ( GEOMETRIC_REPRESENTATION_CONTEXT(2) 
PARAMETRIC_REPRESENTATION_CONTEXT() REPRESENTATION_CONTEXT('2D SPACE',''
  ) );
#3218 = ORIENTED_EDGE('',*,*,#3219,.T.);
#3219 = EDGE_CURVE('',#3196,#3220,#3222,.T.);
#3220 = VERTEX_POINT('',#3221);
#3221 = CARTESIAN_POINT('',(38.798454062708,17.703793112647,146.5000001)
  );
#3222 = SURFACE_CURVE('',#3223,(#3227,#3234),.PCURVE_S1.);
#3223 = LINE('',#3224,#3225);
#3224 = CARTESIAN_POINT('',(37.010245229293,4.120998511825,146.5000001)
  );
#3225 = VECTOR('',#3226,1.);
#3226 = DIRECTION('',(0.13052619222,0.991444861374,-1.449131839194E-17)
  );
#3227 = PCURVE('',#102,#3228);
#3228 = DEFINITIONAL_REPRESENTATION('',(#3229),#3233);
#3229 = LINE('',#3230,#3231);
#3230 = CARTESIAN_POINT('',(-24.52900158817,-10.16024512929));
#3231 = VECTOR('',#3232,1.);
#3232 = DIRECTION('',(0.991444861374,-0.13052619222));
#3233 = ( GEOMETRIC_REPRESENTATION_CONTEXT(2) 
PARAMETRIC_REPRESENTATION_CONTEXT() REPRESENTATION_CONTEXT('2D SPACE',''
  ) );
#3234 = PCURVE('',#1837,#3235);
#3235 = DEFINITIONAL_REPRESENTATION('',(#3236),#3240);
#3236 = LINE('',#3237,#3238);
#3237 = CARTESIAN_POINT('',(-1.985907207292,-146.5));
#3238 = VECTOR('',#3239,1.);
#3239 = DIRECTION('',(1.,0.));
#3240 = ( GEOMETRIC_REPRESENTATION_CONTEXT(2) 
PARAMETRIC_REPRESENTATION_CONTEXT() REPRESENTATION_CONTEXT('2D SPACE',''
  ) );
#3241 = ORIENTED_EDGE('',*,*,#3242,.T.);
#3242 = EDGE_CURVE('',#3220,#3243,#3245,.T.);
#3243 = VERTEX_POINT('',#3244);
#3244 = CARTESIAN_POINT('',(37.410431256785,17.886529781755,146.5000001)
  );
#3245 = SURFACE_CURVE('',#3246,(#3250,#3257),.PCURVE_S1.);
#3246 = LINE('',#3247,#3248);
#3247 = CARTESIAN_POINT('',(38.798454062708,17.703793112647,146.5000001)
  );
#3248 = VECTOR('',#3249,1.);
#3249 = DIRECTION('',(-0.991444861374,0.13052619222,1.100724912744E-16)
  );
#3250 = PCURVE('',#102,#3251);
#3251 = DEFINITIONAL_REPRESENTATION('',(#3252),#3256);
#3252 = LINE('',#3253,#3254);
#3253 = CARTESIAN_POINT('',(-10.94620698735,-11.9484539627));
#3254 = VECTOR('',#3255,1.);
#3255 = DIRECTION('',(0.13052619222,0.991444861374));
#3256 = ( GEOMETRIC_REPRESENTATION_CONTEXT(2) 
PARAMETRIC_REPRESENTATION_CONTEXT() REPRESENTATION_CONTEXT('2D SPACE',''
  ) );
#3257 = PCURVE('',#1865,#3258);
#3258 = DEFINITIONAL_REPRESENTATION('',(#3259),#3263);
#3259 = LINE('',#3260,#3261);
#3260 = CARTESIAN_POINT('',(2.036341088575E-15,-146.5));
#3261 = VECTOR('',#3262,1.);
#3262 = DIRECTION('',(1.,0.));
#3263 = ( GEOMETRIC_REPRESENTATION_CONTEXT(2) 
PARAMETRIC_REPRESENTATION_CONTEXT() REPRESENTATION_CONTEXT('2D SPACE',''
  ) );
#3264 = ORIENTED_EDGE('',*,*,#3265,.T.);
#3265 = EDGE_CURVE('',#3243,#3266,#3268,.T.);
#3266 = VERTEX_POINT('',#3267);
#3267 = CARTESIAN_POINT('',(35.774146693607,5.457714581409,146.5000001)
  );
#3268 = SURFACE_CURVE('',#3269,(#3273,#3280),.PCURVE_S1.);
#3269 = LINE('',#3270,#3271);
#3270 = CARTESIAN_POINT('',(37.410431256785,17.886529781755,146.5000001)
  );
#3271 = VECTOR('',#3272,1.);
#3272 = DIRECTION('',(-0.13052619222,-0.991444861374,1.449131839194E-17)
  );
#3273 = PCURVE('',#102,#3274);
#3274 = DEFINITIONAL_REPRESENTATION('',(#3275),#3279);
#3275 = LINE('',#3276,#3277);
#3276 = CARTESIAN_POINT('',(-10.76347031824,-10.56043115678));
#3277 = VECTOR('',#3278,1.);
#3278 = DIRECTION('',(-0.991444861374,0.13052619222));
#3279 = ( GEOMETRIC_REPRESENTATION_CONTEXT(2) 
PARAMETRIC_REPRESENTATION_CONTEXT() REPRESENTATION_CONTEXT('2D SPACE',''
  ) );
#3280 = PCURVE('',#1893,#3281);
#3281 = DEFINITIONAL_REPRESENTATION('',(#3282),#3286);
#3282 = LINE('',#3283,#3284);
#3283 = CARTESIAN_POINT('',(2.680893902508E-16,-146.5));
#3284 = VECTOR('',#3285,1.);
#3285 = DIRECTION('',(1.,0.));
#3286 = ( GEOMETRIC_REPRESENTATION_CONTEXT(2) 
PARAMETRIC_REPRESENTATION_CONTEXT() REPRESENTATION_CONTEXT('2D SPACE',''
  ) );
#3287 = ORIENTED_EDGE('',*,*,#3288,.F.);
#3288 = EDGE_CURVE('',#3289,#3266,#3291,.T.);
#3289 = VERTEX_POINT('',#3290);
#3290 = CARTESIAN_POINT('',(31.075444289888,4.161878052809,146.5000001)
  );
#3291 = SURFACE_CURVE('',#3292,(#3297,#3304),.PCURVE_S1.);
#3292 = CIRCLE('',#3293,24.85);
#3293 = AXIS2_PLACEMENT_3D('',#3294,#3295,#3296);
#3294 = CARTESIAN_POINT('',(26.8500001,28.6500001,146.5000001));
#3295 = DIRECTION('',(1.110223024625E-16,-0.,1.));
#3296 = DIRECTION('',(0.,1.,0.));
#3297 = PCURVE('',#102,#3298);
#3298 = DEFINITIONAL_REPRESENTATION('',(#3299),#3303);
#3299 = CIRCLE('',#3300,24.85);
#3300 = AXIS2_PLACEMENT_2D('',#3301,#3302);
#3301 = CARTESIAN_POINT('',(0.,-3.552713678801E-15));
#3302 = DIRECTION('',(1.,0.));
#3303 = ( GEOMETRIC_REPRESENTATION_CONTEXT(2) 
PARAMETRIC_REPRESENTATION_CONTEXT() REPRESENTATION_CONTEXT('2D SPACE',''
  ) );
#3304 = PCURVE('',#1922,#3305);
#3305 = DEFINITIONAL_REPRESENTATION('',(#3306),#3310);
#3306 = LINE('',#3307,#3308);
#3307 = CARTESIAN_POINT('',(-0.,-146.5));
#3308 = VECTOR('',#3309,1.);
#3309 = DIRECTION('',(-1.,0.));
#3310 = ( GEOMETRIC_REPRESENTATION_CONTEXT(2) 
PARAMETRIC_REPRESENTATION_CONTEXT() REPRESENTATION_CONTEXT('2D SPACE',''
  ) );
#3311 = ORIENTED_EDGE('',*,*,#3312,.T.);
#3312 = EDGE_CURVE('',#3289,#3313,#3315,.T.);
#3313 = VERTEX_POINT('',#3314);
#3314 = CARTESIAN_POINT('',(35.558233526844,14.98428862593,146.5000001)
  );
#3315 = SURFACE_CURVE('',#3316,(#3320,#3327),.PCURVE_S1.);
#3316 = LINE('',#3317,#3318);
#3317 = CARTESIAN_POINT('',(30.315470503442,2.327139030525,146.5000001)
  );
#3318 = VECTOR('',#3319,1.);
#3319 = DIRECTION('',(0.382683432365,0.923879532511,-4.248639577543E-17)
  );
#3320 = PCURVE('',#102,#3321);
#3321 = DEFINITIONAL_REPRESENTATION('',(#3322),#3326);
#3322 = LINE('',#3323,#3324);
#3323 = CARTESIAN_POINT('',(-26.32286106947,-3.465470403442));
#3324 = VECTOR('',#3325,1.);
#3325 = DIRECTION('',(0.923879532511,-0.382683432365));
#3326 = ( GEOMETRIC_REPRESENTATION_CONTEXT(2) 
PARAMETRIC_REPRESENTATION_CONTEXT() REPRESENTATION_CONTEXT('2D SPACE',''
  ) );
#3327 = PCURVE('',#1950,#3328);
#3328 = DEFINITIONAL_REPRESENTATION('',(#3329),#3333);
#3329 = LINE('',#3330,#3331);
#3330 = CARTESIAN_POINT('',(-1.985907207292,-146.5));
#3331 = VECTOR('',#3332,1.);
#3332 = DIRECTION('',(1.,0.));
#3333 = ( GEOMETRIC_REPRESENTATION_CONTEXT(2) 
PARAMETRIC_REPRESENTATION_CONTEXT() REPRESENTATION_CONTEXT('2D SPACE',''
  ) );
#3334 = ORIENTED_EDGE('',*,*,#3335,.T.);
#3335 = EDGE_CURVE('',#3313,#3336,#3338,.T.);
#3336 = VERTEX_POINT('',#3337);
#3337 = CARTESIAN_POINT('',(34.264802181328,15.520045431241,146.5000001)
  );
#3338 = SURFACE_CURVE('',#3339,(#3343,#3350),.PCURVE_S1.);
#3339 = LINE('',#3340,#3341);
#3340 = CARTESIAN_POINT('',(35.558233526844,14.98428862593,146.5000001)
  );
#3341 = VECTOR('',#3342,1.);
#3342 = DIRECTION('',(-0.923879532511,0.382683432365,1.025712328974E-16)
  );
#3343 = PCURVE('',#102,#3344);
#3344 = DEFINITIONAL_REPRESENTATION('',(#3345),#3349);
#3345 = LINE('',#3346,#3347);
#3346 = CARTESIAN_POINT('',(-13.66571147407,-8.708233426844));
#3347 = VECTOR('',#3348,1.);
#3348 = DIRECTION('',(0.382683432365,0.923879532511));
#3349 = ( GEOMETRIC_REPRESENTATION_CONTEXT(2) 
PARAMETRIC_REPRESENTATION_CONTEXT() REPRESENTATION_CONTEXT('2D SPACE',''
  ) );
#3350 = PCURVE('',#1978,#3351);
#3351 = DEFINITIONAL_REPRESENTATION('',(#3352),#3356);
#3352 = LINE('',#3353,#3354);
#3353 = CARTESIAN_POINT('',(1.897567808602E-15,-146.5));
#3354 = VECTOR('',#3355,1.);
#3355 = DIRECTION('',(1.,0.));
#3356 = ( GEOMETRIC_REPRESENTATION_CONTEXT(2) 
PARAMETRIC_REPRESENTATION_CONTEXT() REPRESENTATION_CONTEXT('2D SPACE',''
  ) );
#3357 = ORIENTED_EDGE('',*,*,#3358,.T.);
#3358 = EDGE_CURVE('',#3336,#3359,#3361,.T.);
#3359 = VERTEX_POINT('',#3360);
#3360 = CARTESIAN_POINT('',(29.467458580688,3.938233447211,146.5000001)
  );
#3361 = SURFACE_CURVE('',#3362,(#3366,#3373),.PCURVE_S1.);
#3362 = LINE('',#3363,#3364);
#3363 = CARTESIAN_POINT('',(34.264802181328,15.520045431241,146.5000001)
  );
#3364 = VECTOR('',#3365,1.);
#3365 = DIRECTION('',(-0.382683432365,-0.923879532511,4.248639577543E-17
    ));
#3366 = PCURVE('',#102,#3367);
#3367 = DEFINITIONAL_REPRESENTATION('',(#3368),#3372);
#3368 = LINE('',#3369,#3370);
#3369 = CARTESIAN_POINT('',(-13.12995466875,-7.414802081328));
#3370 = VECTOR('',#3371,1.);
#3371 = DIRECTION('',(-0.923879532511,0.382683432365));
#3372 = ( GEOMETRIC_REPRESENTATION_CONTEXT(2) 
PARAMETRIC_REPRESENTATION_CONTEXT() REPRESENTATION_CONTEXT('2D SPACE',''
  ) );
#3373 = PCURVE('',#2006,#3374);
#3374 = DEFINITIONAL_REPRESENTATION('',(#3375),#3379);
#3375 = LINE('',#3376,#3377);
#3376 = CARTESIAN_POINT('',(7.859983218455E-16,-146.5));
#3377 = VECTOR('',#3378,1.);
#3378 = DIRECTION('',(1.,0.));
#3379 = ( GEOMETRIC_REPRESENTATION_CONTEXT(2) 
PARAMETRIC_REPRESENTATION_CONTEXT() REPRESENTATION_CONTEXT('2D SPACE',''
  ) );
#3380 = ORIENTED_EDGE('',*,*,#3381,.F.);
#3381 = EDGE_CURVE('',#3382,#3359,#3384,.T.);
#3382 = VERTEX_POINT('',#3383);
#3383 = CARTESIAN_POINT('',(24.593473405947,3.902665146938,146.5000001)
  );
#3384 = SURFACE_CURVE('',#3385,(#3390,#3397),.PCURVE_S1.);
#3385 = CIRCLE('',#3386,24.85);
#3386 = AXIS2_PLACEMENT_3D('',#3387,#3388,#3389);
#3387 = CARTESIAN_POINT('',(26.8500001,28.6500001,146.5000001));
#3388 = DIRECTION('',(1.110223024625E-16,-0.,1.));
#3389 = DIRECTION('',(0.,1.,0.));
#3390 = PCURVE('',#102,#3391);
#3391 = DEFINITIONAL_REPRESENTATION('',(#3392),#3396);
#3392 = CIRCLE('',#3393,24.85);
#3393 = AXIS2_PLACEMENT_2D('',#3394,#3395);
#3394 = CARTESIAN_POINT('',(0.,-3.552713678801E-15));
#3395 = DIRECTION('',(1.,0.));
#3396 = ( GEOMETRIC_REPRESENTATION_CONTEXT(2) 
PARAMETRIC_REPRESENTATION_CONTEXT() REPRESENTATION_CONTEXT('2D SPACE',''
  ) );
#3397 = PCURVE('',#2035,#3398);
#3398 = DEFINITIONAL_REPRESENTATION('',(#3399),#3403);
#3399 = LINE('',#3400,#3401);
#3400 = CARTESIAN_POINT('',(-0.,-146.5));
#3401 = VECTOR('',#3402,1.);
#3402 = DIRECTION('',(-1.,0.));
#3403 = ( GEOMETRIC_REPRESENTATION_CONTEXT(2) 
PARAMETRIC_REPRESENTATION_CONTEXT() REPRESENTATION_CONTEXT('2D SPACE',''
  ) );
#3404 = ORIENTED_EDGE('',*,*,#3405,.T.);
#3405 = EDGE_CURVE('',#3382,#3406,#3408,.T.);
#3406 = VERTEX_POINT('',#3407);
#3407 = CARTESIAN_POINT('',(31.724561273977,13.196079792515,146.5000001)
  );
#3408 = SURFACE_CURVE('',#3409,(#3413,#3420),.PCURVE_S1.);
#3409 = LINE('',#3410,#3411);
#3410 = CARTESIAN_POINT('',(23.384529696558,2.327139030525,146.5000001)
  );
#3411 = VECTOR('',#3412,1.);
#3412 = DIRECTION('',(0.608761429009,0.793353340291,-6.758609549892E-17)
  );
#3413 = PCURVE('',#102,#3414);
#3414 = DEFINITIONAL_REPRESENTATION('',(#3415),#3419);
#3415 = LINE('',#3416,#3417);
#3416 = CARTESIAN_POINT('',(-26.32286106947,3.465470403442));
#3417 = VECTOR('',#3418,1.);
#3418 = DIRECTION('',(0.793353340291,-0.608761429009));
#3419 = ( GEOMETRIC_REPRESENTATION_CONTEXT(2) 
PARAMETRIC_REPRESENTATION_CONTEXT() REPRESENTATION_CONTEXT('2D SPACE',''
  ) );
#3420 = PCURVE('',#2063,#3421);
#3421 = DEFINITIONAL_REPRESENTATION('',(#3422),#3426);
#3422 = LINE('',#3423,#3424);
#3423 = CARTESIAN_POINT('',(-1.985907207291,-146.5));
#3424 = VECTOR('',#3425,1.);
#3425 = DIRECTION('',(1.,0.));
#3426 = ( GEOMETRIC_REPRESENTATION_CONTEXT(2) 
PARAMETRIC_REPRESENTATION_CONTEXT() REPRESENTATION_CONTEXT('2D SPACE',''
  ) );
#3427 = ORIENTED_EDGE('',*,*,#3428,.T.);
#3428 = EDGE_CURVE('',#3406,#3429,#3431,.T.);
#3429 = VERTEX_POINT('',#3430);
#3430 = CARTESIAN_POINT('',(30.613866597569,14.048345793127,146.5000001)
  );
#3431 = SURFACE_CURVE('',#3432,(#3436,#3443),.PCURVE_S1.);
#3432 = LINE('',#3433,#3434);
#3433 = CARTESIAN_POINT('',(31.724561273977,13.196079792515,146.5000001)
  );
#3434 = VECTOR('',#3435,1.);
#3435 = DIRECTION('',(-0.793353340291,0.608761429009,8.807991450546E-17)
  );
#3436 = PCURVE('',#102,#3437);
#3437 = DEFINITIONAL_REPRESENTATION('',(#3438),#3442);
#3438 = LINE('',#3439,#3440);
#3439 = CARTESIAN_POINT('',(-15.45392030748,-4.874561173977));
#3440 = VECTOR('',#3441,1.);
#3441 = DIRECTION('',(0.608761429009,0.793353340291));
#3442 = ( GEOMETRIC_REPRESENTATION_CONTEXT(2) 
PARAMETRIC_REPRESENTATION_CONTEXT() REPRESENTATION_CONTEXT('2D SPACE',''
  ) );
#3443 = PCURVE('',#2091,#3444);
#3444 = DEFINITIONAL_REPRESENTATION('',(#3445),#3449);
#3445 = LINE('',#3446,#3447);
#3446 = CARTESIAN_POINT('',(2.710855946334E-15,-146.5));
#3447 = VECTOR('',#3448,1.);
#3448 = DIRECTION('',(1.,0.));
#3449 = ( GEOMETRIC_REPRESENTATION_CONTEXT(2) 
PARAMETRIC_REPRESENTATION_CONTEXT() REPRESENTATION_CONTEXT('2D SPACE',''
  ) );
#3450 = ORIENTED_EDGE('',*,*,#3451,.T.);
#3451 = EDGE_CURVE('',#3429,#3452,#3454,.T.);
#3452 = VERTEX_POINT('',#3453);
#3453 = CARTESIAN_POINT('',(22.982394997865,4.102818372275,146.5000001)
  );
#3454 = SURFACE_CURVE('',#3455,(#3459,#3466),.PCURVE_S1.);
#3455 = LINE('',#3456,#3457);
#3456 = CARTESIAN_POINT('',(30.613866597569,14.048345793127,146.5000001)
  );
#3457 = VECTOR('',#3458,1.);
#3458 = DIRECTION('',(-0.608761429009,-0.793353340291,6.758609549892E-17
    ));
#3459 = PCURVE('',#102,#3460);
#3460 = DEFINITIONAL_REPRESENTATION('',(#3461),#3465);
#3461 = LINE('',#3462,#3463);
#3462 = CARTESIAN_POINT('',(-14.60165430687,-3.763866497569));
#3463 = VECTOR('',#3464,1.);
#3464 = DIRECTION('',(-0.793353340291,0.608761429009));
#3465 = ( GEOMETRIC_REPRESENTATION_CONTEXT(2) 
PARAMETRIC_REPRESENTATION_CONTEXT() REPRESENTATION_CONTEXT('2D SPACE',''
  ) );
#3466 = PCURVE('',#2119,#3467);
#3467 = DEFINITIONAL_REPRESENTATION('',(#3468),#3472);
#3468 = LINE('',#3469,#3470);
#3469 = CARTESIAN_POINT('',(-9.124122892354E-16,-146.5));
#3470 = VECTOR('',#3471,1.);
#3471 = DIRECTION('',(1.,0.));
#3472 = ( GEOMETRIC_REPRESENTATION_CONTEXT(2) 
PARAMETRIC_REPRESENTATION_CONTEXT() REPRESENTATION_CONTEXT('2D SPACE',''
  ) );
#3473 = ORIENTED_EDGE('',*,*,#3474,.F.);
#3474 = EDGE_CURVE('',#3475,#3452,#3477,.T.);
#3475 = VERTEX_POINT('',#3476);
#3476 = CARTESIAN_POINT('',(18.26528108712,5.329942221215,146.5000001));
#3477 = SURFACE_CURVE('',#3478,(#3483,#3490),.PCURVE_S1.);
#3478 = CIRCLE('',#3479,24.85);
#3479 = AXIS2_PLACEMENT_3D('',#3480,#3481,#3482);
#3480 = CARTESIAN_POINT('',(26.8500001,28.6500001,146.5000001));
#3481 = DIRECTION('',(1.110223024625E-16,-0.,1.));
#3482 = DIRECTION('',(0.,1.,0.));
#3483 = PCURVE('',#102,#3484);
#3484 = DEFINITIONAL_REPRESENTATION('',(#3485),#3489);
#3485 = CIRCLE('',#3486,24.85);
#3486 = AXIS2_PLACEMENT_2D('',#3487,#3488);
#3487 = CARTESIAN_POINT('',(0.,-3.552713678801E-15));
#3488 = DIRECTION('',(1.,0.));
#3489 = ( GEOMETRIC_REPRESENTATION_CONTEXT(2) 
PARAMETRIC_REPRESENTATION_CONTEXT() REPRESENTATION_CONTEXT('2D SPACE',''
  ) );
#3490 = PCURVE('',#2148,#3491);
#3491 = DEFINITIONAL_REPRESENTATION('',(#3492),#3496);
#3492 = LINE('',#3493,#3494);
#3493 = CARTESIAN_POINT('',(-0.,-146.5));
#3494 = VECTOR('',#3495,1.);
#3495 = DIRECTION('',(-1.,0.));
#3496 = ( GEOMETRIC_REPRESENTATION_CONTEXT(2) 
PARAMETRIC_REPRESENTATION_CONTEXT() REPRESENTATION_CONTEXT('2D SPACE',''
  ) );
#3497 = ORIENTED_EDGE('',*,*,#3498,.T.);
#3498 = EDGE_CURVE('',#3475,#3499,#3501,.T.);
#3499 = VERTEX_POINT('',#3500);
#3500 = CARTESIAN_POINT('',(27.558695732697,12.461030089245,146.5000001)
  );
#3501 = SURFACE_CURVE('',#3502,(#3506,#3513),.PCURVE_S1.);
#3502 = LINE('',#3503,#3504);
#3503 = CARTESIAN_POINT('',(16.689754970707,4.120998511825,146.5000001)
  );
#3504 = VECTOR('',#3505,1.);
#3505 = DIRECTION('',(0.793353340291,0.608761429009,-8.807991450546E-17)
  );
#3506 = PCURVE('',#102,#3507);
#3507 = DEFINITIONAL_REPRESENTATION('',(#3508),#3512);
#3508 = LINE('',#3509,#3510);
#3509 = CARTESIAN_POINT('',(-24.52900158817,10.160245129293));
#3510 = VECTOR('',#3511,1.);
#3511 = DIRECTION('',(0.608761429009,-0.793353340291));
#3512 = ( GEOMETRIC_REPRESENTATION_CONTEXT(2) 
PARAMETRIC_REPRESENTATION_CONTEXT() REPRESENTATION_CONTEXT('2D SPACE',''
  ) );
#3513 = PCURVE('',#2176,#3514);
#3514 = DEFINITIONAL_REPRESENTATION('',(#3515),#3519);
#3515 = LINE('',#3516,#3517);
#3516 = CARTESIAN_POINT('',(-1.985907207291,-146.5));
#3517 = VECTOR('',#3518,1.);
#3518 = DIRECTION('',(1.,0.));
#3519 = ( GEOMETRIC_REPRESENTATION_CONTEXT(2) 
PARAMETRIC_REPRESENTATION_CONTEXT() REPRESENTATION_CONTEXT('2D SPACE',''
  ) );
#3520 = ORIENTED_EDGE('',*,*,#3521,.T.);
#3521 = EDGE_CURVE('',#3499,#3522,#3524,.T.);
#3522 = VERTEX_POINT('',#3523);
#3523 = CARTESIAN_POINT('',(26.706429732085,13.571724765653,146.5000001)
  );
#3524 = SURFACE_CURVE('',#3525,(#3529,#3536),.PCURVE_S1.);
#3525 = LINE('',#3526,#3527);
#3526 = CARTESIAN_POINT('',(27.558695732697,12.461030089245,146.5000001)
  );
#3527 = VECTOR('',#3528,1.);
#3528 = DIRECTION('',(-0.608761429009,0.793353340291,6.758609549892E-17)
  );
#3529 = PCURVE('',#102,#3530);
#3530 = DEFINITIONAL_REPRESENTATION('',(#3531),#3535);
#3531 = LINE('',#3532,#3533);
#3532 = CARTESIAN_POINT('',(-16.18897001075,-0.708695632697));
#3533 = VECTOR('',#3534,1.);
#3534 = DIRECTION('',(0.793353340291,0.608761429009));
#3535 = ( GEOMETRIC_REPRESENTATION_CONTEXT(2) 
PARAMETRIC_REPRESENTATION_CONTEXT() REPRESENTATION_CONTEXT('2D SPACE',''
  ) );
#3536 = PCURVE('',#2204,#3537);
#3537 = DEFINITIONAL_REPRESENTATION('',(#3538),#3542);
#3538 = LINE('',#3539,#3540);
#3539 = CARTESIAN_POINT('',(2.659621398817E-15,-146.5));
#3540 = VECTOR('',#3541,1.);
#3541 = DIRECTION('',(1.,0.));
#3542 = ( GEOMETRIC_REPRESENTATION_CONTEXT(2) 
PARAMETRIC_REPRESENTATION_CONTEXT() REPRESENTATION_CONTEXT('2D SPACE',''
  ) );
#3543 = ORIENTED_EDGE('',*,*,#3544,.T.);
#3544 = EDGE_CURVE('',#3522,#3545,#3547,.T.);
#3545 = VERTEX_POINT('',#3546);
#3546 = CARTESIAN_POINT('',(16.760902311234,5.940253165948,146.5000001)
  );
#3547 = SURFACE_CURVE('',#3548,(#3552,#3559),.PCURVE_S1.);
#3548 = LINE('',#3549,#3550);
#3549 = CARTESIAN_POINT('',(26.706429732085,13.571724765653,146.5000001)
  );
#3550 = VECTOR('',#3551,1.);
#3551 = DIRECTION('',(-0.793353340291,-0.608761429009,8.807991450546E-17
    ));
#3552 = PCURVE('',#102,#3553);
#3553 = DEFINITIONAL_REPRESENTATION('',(#3554),#3558);
#3554 = LINE('',#3555,#3556);
#3555 = CARTESIAN_POINT('',(-15.07827533434,0.143570367915));
#3556 = VECTOR('',#3557,1.);
#3557 = DIRECTION('',(-0.608761429009,0.793353340291));
#3558 = ( GEOMETRIC_REPRESENTATION_CONTEXT(2) 
PARAMETRIC_REPRESENTATION_CONTEXT() REPRESENTATION_CONTEXT('2D SPACE',''
  ) );
#3559 = PCURVE('',#2232,#3560);
#3560 = DEFINITIONAL_REPRESENTATION('',(#3561),#3565);
#3561 = LINE('',#3562,#3563);
#3562 = CARTESIAN_POINT('',(-1.189078845824E-15,-146.5));
#3563 = VECTOR('',#3564,1.);
#3564 = DIRECTION('',(1.,0.));
#3565 = ( GEOMETRIC_REPRESENTATION_CONTEXT(2) 
PARAMETRIC_REPRESENTATION_CONTEXT() REPRESENTATION_CONTEXT('2D SPACE',''
  ) );
#3566 = ORIENTED_EDGE('',*,*,#3567,.F.);
#3567 = EDGE_CURVE('',#3568,#3545,#3570,.T.);
#3568 = VERTEX_POINT('',#3569);
#3569 = CARTESIAN_POINT('',(12.522123182102,8.346442701712,146.5000001)
  );
#3570 = SURFACE_CURVE('',#3571,(#3576,#3583),.PCURVE_S1.);
#3571 = CIRCLE('',#3572,24.85);
#3572 = AXIS2_PLACEMENT_3D('',#3573,#3574,#3575);
#3573 = CARTESIAN_POINT('',(26.8500001,28.6500001,146.5000001));
#3574 = DIRECTION('',(1.110223024625E-16,-0.,1.));
#3575 = DIRECTION('',(0.,1.,0.));
#3576 = PCURVE('',#102,#3577);
#3577 = DEFINITIONAL_REPRESENTATION('',(#3578),#3582);
#3578 = CIRCLE('',#3579,24.85);
#3579 = AXIS2_PLACEMENT_2D('',#3580,#3581);
#3580 = CARTESIAN_POINT('',(0.,-3.552713678801E-15));
#3581 = DIRECTION('',(1.,0.));
#3582 = ( GEOMETRIC_REPRESENTATION_CONTEXT(2) 
PARAMETRIC_REPRESENTATION_CONTEXT() REPRESENTATION_CONTEXT('2D SPACE',''
  ) );
#3583 = PCURVE('',#2261,#3584);
#3584 = DEFINITIONAL_REPRESENTATION('',(#3585),#3589);
#3585 = LINE('',#3586,#3587);
#3586 = CARTESIAN_POINT('',(-0.,-146.5));
#3587 = VECTOR('',#3588,1.);
#3588 = DIRECTION('',(-1.,0.));
#3589 = ( GEOMETRIC_REPRESENTATION_CONTEXT(2) 
PARAMETRIC_REPRESENTATION_CONTEXT() REPRESENTATION_CONTEXT('2D SPACE',''
  ) );
#3590 = ORIENTED_EDGE('',*,*,#3591,.T.);
#3591 = EDGE_CURVE('',#3568,#3592,#3594,.T.);
#3592 = VERTEX_POINT('',#3593);
#3593 = CARTESIAN_POINT('',(23.344533755223,12.829231938669,146.5000001)
  );
#3594 = SURFACE_CURVE('',#3595,(#3599,#3606),.PCURVE_S1.);
#3595 = LINE('',#3596,#3597);
#3596 = CARTESIAN_POINT('',(10.687384159818,7.586468915268,146.5000001)
  );
#3597 = VECTOR('',#3598,1.);
#3598 = DIRECTION('',(0.923879532511,0.382683432365,-1.025712328974E-16)
  );
#3599 = PCURVE('',#102,#3600);
#3600 = DEFINITIONAL_REPRESENTATION('',(#3601),#3605);
#3601 = LINE('',#3602,#3603);
#3602 = CARTESIAN_POINT('',(-21.06353118473,16.162615940182));
#3603 = VECTOR('',#3604,1.);
#3604 = DIRECTION('',(0.382683432365,-0.923879532511));
#3605 = ( GEOMETRIC_REPRESENTATION_CONTEXT(2) 
PARAMETRIC_REPRESENTATION_CONTEXT() REPRESENTATION_CONTEXT('2D SPACE',''
  ) );
#3606 = PCURVE('',#2289,#3607);
#3607 = DEFINITIONAL_REPRESENTATION('',(#3608),#3612);
#3608 = LINE('',#3609,#3610);
#3609 = CARTESIAN_POINT('',(-1.985907207292,-146.5));
#3610 = VECTOR('',#3611,1.);
#3611 = DIRECTION('',(1.,0.));
#3612 = ( GEOMETRIC_REPRESENTATION_CONTEXT(2) 
PARAMETRIC_REPRESENTATION_CONTEXT() REPRESENTATION_CONTEXT('2D SPACE',''
  ) );
#3613 = ORIENTED_EDGE('',*,*,#3614,.T.);
#3614 = EDGE_CURVE('',#3592,#3615,#3617,.T.);
#3615 = VERTEX_POINT('',#3616);
#3616 = CARTESIAN_POINT('',(22.808776949912,14.122663284185,146.5000001)
  );
#3617 = SURFACE_CURVE('',#3618,(#3622,#3629),.PCURVE_S1.);
#3618 = LINE('',#3619,#3620);
#3619 = CARTESIAN_POINT('',(23.344533755223,12.829231938669,146.5000001)
  );
#3620 = VECTOR('',#3621,1.);
#3621 = DIRECTION('',(-0.382683432365,0.923879532511,4.248639577543E-17)
  );
#3622 = PCURVE('',#102,#3623);
#3623 = DEFINITIONAL_REPRESENTATION('',(#3624),#3628);
#3624 = LINE('',#3625,#3626);
#3625 = CARTESIAN_POINT('',(-15.82076816133,3.505466344777));
#3626 = VECTOR('',#3627,1.);
#3627 = DIRECTION('',(0.923879532511,0.382683432365));
#3628 = ( GEOMETRIC_REPRESENTATION_CONTEXT(2) 
PARAMETRIC_REPRESENTATION_CONTEXT() REPRESENTATION_CONTEXT('2D SPACE',''
  ) );
#3629 = PCURVE('',#2317,#3630);
#3630 = DEFINITIONAL_REPRESENTATION('',(#3631),#3635);
#3631 = LINE('',#3632,#3633);
#3632 = CARTESIAN_POINT('',(-5.735663429683E-16,-146.5));
#3633 = VECTOR('',#3634,1.);
#3634 = DIRECTION('',(1.,0.));
#3635 = ( GEOMETRIC_REPRESENTATION_CONTEXT(2) 
PARAMETRIC_REPRESENTATION_CONTEXT() REPRESENTATION_CONTEXT('2D SPACE',''
  ) );
#3636 = ORIENTED_EDGE('',*,*,#3637,.T.);
#3637 = EDGE_CURVE('',#3615,#3638,#3640,.T.);
#3638 = VERTEX_POINT('',#3639);
#3639 = CARTESIAN_POINT('',(11.226964965883,9.325319683545,146.5000001)
  );
#3640 = SURFACE_CURVE('',#3641,(#3645,#3652),.PCURVE_S1.);
#3641 = LINE('',#3642,#3643);
#3642 = CARTESIAN_POINT('',(22.808776949912,14.122663284185,146.5000001)
  );
#3643 = VECTOR('',#3644,1.);
#3644 = DIRECTION('',(-0.923879532511,-0.382683432365,1.025712328974E-16
    ));
#3645 = PCURVE('',#102,#3646);
#3646 = DEFINITIONAL_REPRESENTATION('',(#3647),#3651);
#3647 = LINE('',#3648,#3649);
#3648 = CARTESIAN_POINT('',(-14.52733681581,4.041223150088));
#3649 = VECTOR('',#3650,1.);
#3650 = DIRECTION('',(-0.382683432365,0.923879532511));
#3651 = ( GEOMETRIC_REPRESENTATION_CONTEXT(2) 
PARAMETRIC_REPRESENTATION_CONTEXT() REPRESENTATION_CONTEXT('2D SPACE',''
  ) );
#3652 = PCURVE('',#2345,#3653);
#3653 = DEFINITIONAL_REPRESENTATION('',(#3654),#3658);
#3654 = LINE('',#3655,#3656);
#3655 = CARTESIAN_POINT('',(-1.384711644115E-15,-146.5));
#3656 = VECTOR('',#3657,1.);
#3657 = DIRECTION('',(1.,0.));
#3658 = ( GEOMETRIC_REPRESENTATION_CONTEXT(2) 
PARAMETRIC_REPRESENTATION_CONTEXT() REPRESENTATION_CONTEXT('2D SPACE',''
  ) );
#3659 = ORIENTED_EDGE('',*,*,#3660,.F.);
#3660 = EDGE_CURVE('',#3661,#3638,#3663,.T.);
#3661 = VERTEX_POINT('',#3662);
#3662 = CARTESIAN_POINT('',(7.755386411102,12.746597065689,146.5000001)
  );
#3663 = SURFACE_CURVE('',#3664,(#3669,#3676),.PCURVE_S1.);
#3664 = CIRCLE('',#3665,24.85);
#3665 = AXIS2_PLACEMENT_3D('',#3666,#3667,#3668);
#3666 = CARTESIAN_POINT('',(26.8500001,28.6500001,146.5000001));
#3667 = DIRECTION('',(1.110223024625E-16,-0.,1.));
#3668 = DIRECTION('',(0.,1.,0.));
#3669 = PCURVE('',#102,#3670);
#3670 = DEFINITIONAL_REPRESENTATION('',(#3671),#3675);
#3671 = CIRCLE('',#3672,24.85);
#3672 = AXIS2_PLACEMENT_2D('',#3673,#3674);
#3673 = CARTESIAN_POINT('',(0.,-3.552713678801E-15));
#3674 = DIRECTION('',(1.,0.));
#3675 = ( GEOMETRIC_REPRESENTATION_CONTEXT(2) 
PARAMETRIC_REPRESENTATION_CONTEXT() REPRESENTATION_CONTEXT('2D SPACE',''
  ) );
#3676 = PCURVE('',#2374,#3677);
#3677 = DEFINITIONAL_REPRESENTATION('',(#3678),#3682);
#3678 = LINE('',#3679,#3680);
#3679 = CARTESIAN_POINT('',(-0.,-146.5));
#3680 = VECTOR('',#3681,1.);
#3681 = DIRECTION('',(-1.,0.));
#3682 = ( GEOMETRIC_REPRESENTATION_CONTEXT(2) 
PARAMETRIC_REPRESENTATION_CONTEXT() REPRESENTATION_CONTEXT('2D SPACE',''
  ) );
#3683 = ORIENTED_EDGE('',*,*,#3684,.T.);
#3684 = EDGE_CURVE('',#3661,#3685,#3687,.T.);
#3685 = VERTEX_POINT('',#3686);
#3686 = CARTESIAN_POINT('',(19.369263516089,14.275592993233,146.5000001)
  );
#3687 = SURFACE_CURVE('',#3688,(#3692,#3699),.PCURVE_S1.);
#3688 = LINE('',#3689,#3690);
#3689 = CARTESIAN_POINT('',(5.786468915268,12.487384159818,146.5000001)
  );
#3690 = VECTOR('',#3691,1.);
#3691 = DIRECTION('',(0.991444861374,0.13052619222,-1.100724912744E-16)
  );
#3692 = PCURVE('',#102,#3693);
#3693 = DEFINITIONAL_REPRESENTATION('',(#3694),#3698);
#3694 = LINE('',#3695,#3696);
#3695 = CARTESIAN_POINT('',(-16.16261594018,21.063531184732));
#3696 = VECTOR('',#3697,1.);
#3697 = DIRECTION('',(0.13052619222,-0.991444861374));
#3698 = ( GEOMETRIC_REPRESENTATION_CONTEXT(2) 
PARAMETRIC_REPRESENTATION_CONTEXT() REPRESENTATION_CONTEXT('2D SPACE',''
  ) );
#3699 = PCURVE('',#2402,#3700);
#3700 = DEFINITIONAL_REPRESENTATION('',(#3701),#3705);
#3701 = LINE('',#3702,#3703);
#3702 = CARTESIAN_POINT('',(-1.985907207291,-146.5));
#3703 = VECTOR('',#3704,1.);
#3704 = DIRECTION('',(1.,0.));
#3705 = ( GEOMETRIC_REPRESENTATION_CONTEXT(2) 
PARAMETRIC_REPRESENTATION_CONTEXT() REPRESENTATION_CONTEXT('2D SPACE',''
  ) );
#3706 = ORIENTED_EDGE('',*,*,#3707,.T.);
#3707 = EDGE_CURVE('',#3685,#3708,#3710,.T.);
#3708 = VERTEX_POINT('',#3709);
#3709 = CARTESIAN_POINT('',(19.186526846981,15.663615799157,146.5000001)
  );
#3710 = SURFACE_CURVE('',#3711,(#3715,#3722),.PCURVE_S1.);
#3711 = LINE('',#3712,#3713);
#3712 = CARTESIAN_POINT('',(19.369263516089,14.275592993233,146.5000001)
  );
#3713 = VECTOR('',#3714,1.);
#3714 = DIRECTION('',(-0.13052619222,0.991444861374,1.449131839194E-17)
  );
#3715 = PCURVE('',#102,#3716);
#3716 = DEFINITIONAL_REPRESENTATION('',(#3717),#3721);
#3717 = LINE('',#3718,#3719);
#3718 = CARTESIAN_POINT('',(-14.37440710676,7.480736583911));
#3719 = VECTOR('',#3720,1.);
#3720 = DIRECTION('',(0.991444861374,0.13052619222));
#3721 = ( GEOMETRIC_REPRESENTATION_CONTEXT(2) 
PARAMETRIC_REPRESENTATION_CONTEXT() REPRESENTATION_CONTEXT('2D SPACE',''
  ) );
#3722 = PCURVE('',#2430,#3723);
#3723 = DEFINITIONAL_REPRESENTATION('',(#3724),#3728);
#3724 = LINE('',#3725,#3726);
#3725 = CARTESIAN_POINT('',(-1.956327982911E-16,-146.5));
#3726 = VECTOR('',#3727,1.);
#3727 = DIRECTION('',(1.,0.));
#3728 = ( GEOMETRIC_REPRESENTATION_CONTEXT(2) 
PARAMETRIC_REPRESENTATION_CONTEXT() REPRESENTATION_CONTEXT('2D SPACE',''
  ) );
#3729 = ORIENTED_EDGE('',*,*,#3730,.T.);
#3730 = EDGE_CURVE('',#3708,#3731,#3733,.T.);
#3731 = VERTEX_POINT('',#3732);
#3732 = CARTESIAN_POINT('',(6.757711646636,14.027331235979,146.5000001)
  );
#3733 = SURFACE_CURVE('',#3734,(#3738,#3745),.PCURVE_S1.);
#3734 = LINE('',#3735,#3736);
#3735 = CARTESIAN_POINT('',(19.186526846981,15.663615799157,146.5000001)
  );
#3736 = VECTOR('',#3737,1.);
#3737 = DIRECTION('',(-0.991444861374,-0.13052619222,1.100724912744E-16)
  );
#3738 = PCURVE('',#102,#3739);
#3739 = DEFINITIONAL_REPRESENTATION('',(#3740),#3744);
#3740 = LINE('',#3741,#3742);
#3741 = CARTESIAN_POINT('',(-12.98638430084,7.663473253019));
#3742 = VECTOR('',#3743,1.);
#3743 = DIRECTION('',(-0.13052619222,0.991444861374));
#3744 = ( GEOMETRIC_REPRESENTATION_CONTEXT(2) 
PARAMETRIC_REPRESENTATION_CONTEXT() REPRESENTATION_CONTEXT('2D SPACE',''
  ) );
#3745 = PCURVE('',#2458,#3746);
#3746 = DEFINITIONAL_REPRESENTATION('',(#3747),#3751);
#3747 = LINE('',#3748,#3749);
#3748 = CARTESIAN_POINT('',(-1.485978632204E-15,-146.5));
#3749 = VECTOR('',#3750,1.);
#3750 = DIRECTION('',(1.,0.));
#3751 = ( GEOMETRIC_REPRESENTATION_CONTEXT(2) 
PARAMETRIC_REPRESENTATION_CONTEXT() REPRESENTATION_CONTEXT('2D SPACE',''
  ) );
#3752 = ORIENTED_EDGE('',*,*,#3753,.F.);
#3753 = EDGE_CURVE('',#3754,#3731,#3756,.T.);
#3754 = VERTEX_POINT('',#3755);
#3755 = CARTESIAN_POINT('',(4.28991600766,18.230542064836,146.5000001));
#3756 = SURFACE_CURVE('',#3757,(#3762,#3769),.PCURVE_S1.);
#3757 = CIRCLE('',#3758,24.85);
#3758 = AXIS2_PLACEMENT_3D('',#3759,#3760,#3761);
#3759 = CARTESIAN_POINT('',(26.8500001,28.6500001,146.5000001));
#3760 = DIRECTION('',(1.110223024625E-16,-0.,1.));
#3761 = DIRECTION('',(0.,1.,0.));
#3762 = PCURVE('',#102,#3763);
#3763 = DEFINITIONAL_REPRESENTATION('',(#3764),#3768);
#3764 = CIRCLE('',#3765,24.85);
#3765 = AXIS2_PLACEMENT_2D('',#3766,#3767);
#3766 = CARTESIAN_POINT('',(0.,-3.552713678801E-15));
#3767 = DIRECTION('',(1.,0.));
#3768 = ( GEOMETRIC_REPRESENTATION_CONTEXT(2) 
PARAMETRIC_REPRESENTATION_CONTEXT() REPRESENTATION_CONTEXT('2D SPACE',''
  ) );
#3769 = PCURVE('',#2487,#3770);
#3770 = DEFINITIONAL_REPRESENTATION('',(#3771),#3775);
#3771 = LINE('',#3772,#3773);
#3772 = CARTESIAN_POINT('',(-0.,-146.5));
#3773 = VECTOR('',#3774,1.);
#3774 = DIRECTION('',(-1.,0.));
#3775 = ( GEOMETRIC_REPRESENTATION_CONTEXT(2) 
PARAMETRIC_REPRESENTATION_CONTEXT() REPRESENTATION_CONTEXT('2D SPACE',''
  ) );
#3776 = ORIENTED_EDGE('',*,*,#3777,.T.);
#3777 = EDGE_CURVE('',#3754,#3778,#3780,.T.);
#3778 = VERTEX_POINT('',#3779);
#3779 = CARTESIAN_POINT('',(15.903793112647,16.701546137292,146.5000001)
  );
#3780 = SURFACE_CURVE('',#3781,(#3785,#3792),.PCURVE_S1.);
#3781 = LINE('',#3782,#3783);
#3782 = CARTESIAN_POINT('',(2.320998511825,18.489754970707,146.5000001)
  );
#3783 = VECTOR('',#3784,1.);
#3784 = DIRECTION('',(0.991444861374,-0.13052619222,-1.100724912744E-16)
  );
#3785 = PCURVE('',#102,#3786);
#3786 = DEFINITIONAL_REPRESENTATION('',(#3787),#3791);
#3787 = LINE('',#3788,#3789);
#3788 = CARTESIAN_POINT('',(-10.16024512929,24.529001588175));
#3789 = VECTOR('',#3790,1.);
#3790 = DIRECTION('',(-0.13052619222,-0.991444861374));
#3791 = ( GEOMETRIC_REPRESENTATION_CONTEXT(2) 
PARAMETRIC_REPRESENTATION_CONTEXT() REPRESENTATION_CONTEXT('2D SPACE',''
  ) );
#3792 = PCURVE('',#2515,#3793);
#3793 = DEFINITIONAL_REPRESENTATION('',(#3794),#3798);
#3794 = LINE('',#3795,#3796);
#3795 = CARTESIAN_POINT('',(-1.985907207292,-146.5));
#3796 = VECTOR('',#3797,1.);
#3797 = DIRECTION('',(1.,0.));
#3798 = ( GEOMETRIC_REPRESENTATION_CONTEXT(2) 
PARAMETRIC_REPRESENTATION_CONTEXT() REPRESENTATION_CONTEXT('2D SPACE',''
  ) );
#3799 = ORIENTED_EDGE('',*,*,#3800,.T.);
#3800 = EDGE_CURVE('',#3778,#3801,#3803,.T.);
#3801 = VERTEX_POINT('',#3802);
#3802 = CARTESIAN_POINT('',(16.086529781755,18.089568943215,146.5000001)
  );
#3803 = SURFACE_CURVE('',#3804,(#3808,#3815),.PCURVE_S1.);
#3804 = LINE('',#3805,#3806);
#3805 = CARTESIAN_POINT('',(15.903793112647,16.701546137292,146.5000001)
  );
#3806 = VECTOR('',#3807,1.);
#3807 = DIRECTION('',(0.13052619222,0.991444861374,-1.449131839194E-17)
  );
#3808 = PCURVE('',#102,#3809);
#3809 = DEFINITIONAL_REPRESENTATION('',(#3810),#3814);
#3810 = LINE('',#3811,#3812);
#3811 = CARTESIAN_POINT('',(-11.9484539627,10.946206987353));
#3812 = VECTOR('',#3813,1.);
#3813 = DIRECTION('',(0.991444861374,-0.13052619222));
#3814 = ( GEOMETRIC_REPRESENTATION_CONTEXT(2) 
PARAMETRIC_REPRESENTATION_CONTEXT() REPRESENTATION_CONTEXT('2D SPACE',''
  ) );
#3815 = PCURVE('',#2543,#3816);
#3816 = DEFINITIONAL_REPRESENTATION('',(#3817),#3821);
#3817 = LINE('',#3818,#3819);
#3818 = CARTESIAN_POINT('',(-3.622829597984E-17,-146.5));
#3819 = VECTOR('',#3820,1.);
#3820 = DIRECTION('',(1.,0.));
#3821 = ( GEOMETRIC_REPRESENTATION_CONTEXT(2) 
PARAMETRIC_REPRESENTATION_CONTEXT() REPRESENTATION_CONTEXT('2D SPACE',''
  ) );
#3822 = ORIENTED_EDGE('',*,*,#3823,.T.);
#3823 = EDGE_CURVE('',#3801,#3824,#3826,.T.);
#3824 = VERTEX_POINT('',#3825);
#3825 = CARTESIAN_POINT('',(3.657714581409,19.725853506393,146.5000001)
  );
#3826 = SURFACE_CURVE('',#3827,(#3831,#3838),.PCURVE_S1.);
#3827 = LINE('',#3828,#3829);
#3828 = CARTESIAN_POINT('',(16.086529781755,18.089568943215,146.5000001)
  );
#3829 = VECTOR('',#3830,1.);
#3830 = DIRECTION('',(-0.991444861374,0.13052619222,1.100724912744E-16)
  );
#3831 = PCURVE('',#102,#3832);
#3832 = DEFINITIONAL_REPRESENTATION('',(#3833),#3837);
#3833 = LINE('',#3834,#3835);
#3834 = CARTESIAN_POINT('',(-10.56043115678,10.763470318245));
#3835 = VECTOR('',#3836,1.);
#3836 = DIRECTION('',(0.13052619222,0.991444861374));
#3837 = ( GEOMETRIC_REPRESENTATION_CONTEXT(2) 
PARAMETRIC_REPRESENTATION_CONTEXT() REPRESENTATION_CONTEXT('2D SPACE',''
  ) );
#3838 = PCURVE('',#2571,#3839);
#3839 = DEFINITIONAL_REPRESENTATION('',(#3840),#3844);
#3840 = LINE('',#3841,#3842);
#3841 = CARTESIAN_POINT('',(-1.485978632204E-15,-146.5));
#3842 = VECTOR('',#3843,1.);
#3843 = DIRECTION('',(1.,0.));
#3844 = ( GEOMETRIC_REPRESENTATION_CONTEXT(2) 
PARAMETRIC_REPRESENTATION_CONTEXT() REPRESENTATION_CONTEXT('2D SPACE',''
  ) );
#3845 = ORIENTED_EDGE('',*,*,#3846,.F.);
#3846 = EDGE_CURVE('',#3847,#3824,#3849,.T.);
#3847 = VERTEX_POINT('',#3848);
#3848 = CARTESIAN_POINT('',(2.361878052809,24.424555910112,146.5000001)
  );
#3849 = SURFACE_CURVE('',#3850,(#3855,#3862),.PCURVE_S1.);
#3850 = CIRCLE('',#3851,24.85);
#3851 = AXIS2_PLACEMENT_3D('',#3852,#3853,#3854);
#3852 = CARTESIAN_POINT('',(26.8500001,28.6500001,146.5000001));
#3853 = DIRECTION('',(1.110223024625E-16,-0.,1.));
#3854 = DIRECTION('',(0.,1.,0.));
#3855 = PCURVE('',#102,#3856);
#3856 = DEFINITIONAL_REPRESENTATION('',(#3857),#3861);
#3857 = CIRCLE('',#3858,24.85);
#3858 = AXIS2_PLACEMENT_2D('',#3859,#3860);
#3859 = CARTESIAN_POINT('',(0.,-3.552713678801E-15));
#3860 = DIRECTION('',(1.,0.));
#3861 = ( GEOMETRIC_REPRESENTATION_CONTEXT(2) 
PARAMETRIC_REPRESENTATION_CONTEXT() REPRESENTATION_CONTEXT('2D SPACE',''
  ) );
#3862 = PCURVE('',#2600,#3863);
#3863 = DEFINITIONAL_REPRESENTATION('',(#3864),#3868);
#3864 = LINE('',#3865,#3866);
#3865 = CARTESIAN_POINT('',(-0.,-146.5));
#3866 = VECTOR('',#3867,1.);
#3867 = DIRECTION('',(-1.,0.));
#3868 = ( GEOMETRIC_REPRESENTATION_CONTEXT(2) 
PARAMETRIC_REPRESENTATION_CONTEXT() REPRESENTATION_CONTEXT('2D SPACE',''
  ) );
#3869 = ORIENTED_EDGE('',*,*,#3870,.T.);
#3870 = EDGE_CURVE('',#3847,#3871,#3873,.T.);
#3871 = VERTEX_POINT('',#3872);
#3872 = CARTESIAN_POINT('',(13.18428862593,19.941766673156,146.5000001)
  );
#3873 = SURFACE_CURVE('',#3874,(#3878,#3885),.PCURVE_S1.);
#3874 = LINE('',#3875,#3876);
#3875 = CARTESIAN_POINT('',(0.527139030525,25.184529696558,146.5000001)
  );
#3876 = VECTOR('',#3877,1.);
#3877 = DIRECTION('',(0.923879532511,-0.382683432365,-1.025712328974E-16
    ));
#3878 = PCURVE('',#102,#3879);
#3879 = DEFINITIONAL_REPRESENTATION('',(#3880),#3884);
#3880 = LINE('',#3881,#3882);
#3881 = CARTESIAN_POINT('',(-3.465470403442,26.322861069475));
#3882 = VECTOR('',#3883,1.);
#3883 = DIRECTION('',(-0.382683432365,-0.923879532511));
#3884 = ( GEOMETRIC_REPRESENTATION_CONTEXT(2) 
PARAMETRIC_REPRESENTATION_CONTEXT() REPRESENTATION_CONTEXT('2D SPACE',''
  ) );
#3885 = PCURVE('',#2628,#3886);
#3886 = DEFINITIONAL_REPRESENTATION('',(#3887),#3891);
#3887 = LINE('',#3888,#3889);
#3888 = CARTESIAN_POINT('',(-1.985907207292,-146.5));
#3889 = VECTOR('',#3890,1.);
#3890 = DIRECTION('',(1.,0.));
#3891 = ( GEOMETRIC_REPRESENTATION_CONTEXT(2) 
PARAMETRIC_REPRESENTATION_CONTEXT() REPRESENTATION_CONTEXT('2D SPACE',''
  ) );
#3892 = ORIENTED_EDGE('',*,*,#3893,.T.);
#3893 = EDGE_CURVE('',#3871,#3894,#3896,.T.);
#3894 = VERTEX_POINT('',#3895);
#3895 = CARTESIAN_POINT('',(13.720045431241,21.235198018672,146.5000001)
  );
#3896 = SURFACE_CURVE('',#3897,(#3901,#3908),.PCURVE_S1.);
#3897 = LINE('',#3898,#3899);
#3898 = CARTESIAN_POINT('',(13.18428862593,19.941766673156,146.5000001)
  );
#3899 = VECTOR('',#3900,1.);
#3900 = DIRECTION('',(0.382683432365,0.923879532511,-4.248639577543E-17)
  );
#3901 = PCURVE('',#102,#3902);
#3902 = DEFINITIONAL_REPRESENTATION('',(#3903),#3907);
#3903 = LINE('',#3904,#3905);
#3904 = CARTESIAN_POINT('',(-8.708233426844,13.66571147407));
#3905 = VECTOR('',#3906,1.);
#3906 = DIRECTION('',(0.923879532511,-0.382683432365));
#3907 = ( GEOMETRIC_REPRESENTATION_CONTEXT(2) 
PARAMETRIC_REPRESENTATION_CONTEXT() REPRESENTATION_CONTEXT('2D SPACE',''
  ) );
#3908 = PCURVE('',#2656,#3909);
#3909 = DEFINITIONAL_REPRESENTATION('',(#3910),#3914);
#3910 = LINE('',#3911,#3912);
#3911 = CARTESIAN_POINT('',(-1.062159894386E-16,-146.5));
#3912 = VECTOR('',#3913,1.);
#3913 = DIRECTION('',(1.,0.));
#3914 = ( GEOMETRIC_REPRESENTATION_CONTEXT(2) 
PARAMETRIC_REPRESENTATION_CONTEXT() REPRESENTATION_CONTEXT('2D SPACE',''
  ) );
#3915 = ORIENTED_EDGE('',*,*,#3916,.T.);
#3916 = EDGE_CURVE('',#3894,#3917,#3919,.T.);
#3917 = VERTEX_POINT('',#3918);
#3918 = CARTESIAN_POINT('',(2.138233447211,26.032541619312,146.5000001)
  );
#3919 = SURFACE_CURVE('',#3920,(#3924,#3931),.PCURVE_S1.);
#3920 = LINE('',#3921,#3922);
#3921 = CARTESIAN_POINT('',(13.720045431241,21.235198018672,146.5000001)
  );
#3922 = VECTOR('',#3923,1.);
#3923 = DIRECTION('',(-0.923879532511,0.382683432365,1.025712328974E-16)
  );
#3924 = PCURVE('',#102,#3925);
#3925 = DEFINITIONAL_REPRESENTATION('',(#3926),#3930);
#3926 = LINE('',#3927,#3928);
#3927 = CARTESIAN_POINT('',(-7.414802081328,13.129954668759));
#3928 = VECTOR('',#3929,1.);
#3929 = DIRECTION('',(0.382683432365,0.923879532511));
#3930 = ( GEOMETRIC_REPRESENTATION_CONTEXT(2) 
PARAMETRIC_REPRESENTATION_CONTEXT() REPRESENTATION_CONTEXT('2D SPACE',''
  ) );
#3931 = PCURVE('',#2684,#3932);
#3932 = DEFINITIONAL_REPRESENTATION('',(#3933),#3937);
#3933 = LINE('',#3934,#3935);
#3934 = CARTESIAN_POINT('',(2.564280822435E-16,-146.5));
#3935 = VECTOR('',#3936,1.);
#3936 = DIRECTION('',(1.,0.));
#3937 = ( GEOMETRIC_REPRESENTATION_CONTEXT(2) 
PARAMETRIC_REPRESENTATION_CONTEXT() REPRESENTATION_CONTEXT('2D SPACE',''
  ) );
#3938 = ORIENTED_EDGE('',*,*,#3939,.F.);
#3939 = EDGE_CURVE('',#2776,#3917,#3940,.T.);
#3940 = SURFACE_CURVE('',#3941,(#3946,#3953),.PCURVE_S1.);
#3941 = CIRCLE('',#3942,24.85);
#3942 = AXIS2_PLACEMENT_3D('',#3943,#3944,#3945);
#3943 = CARTESIAN_POINT('',(26.8500001,28.6500001,146.5000001));
#3944 = DIRECTION('',(1.110223024625E-16,-0.,1.));
#3945 = DIRECTION('',(0.,1.,0.));
#3946 = PCURVE('',#102,#3947);
#3947 = DEFINITIONAL_REPRESENTATION('',(#3948),#3952);
#3948 = CIRCLE('',#3949,24.85);
#3949 = AXIS2_PLACEMENT_2D('',#3950,#3951);
#3950 = CARTESIAN_POINT('',(0.,-3.552713678801E-15));
#3951 = DIRECTION('',(1.,0.));
#3952 = ( GEOMETRIC_REPRESENTATION_CONTEXT(2) 
PARAMETRIC_REPRESENTATION_CONTEXT() REPRESENTATION_CONTEXT('2D SPACE',''
  ) );
#3953 = PCURVE('',#2711,#3954);
#3954 = DEFINITIONAL_REPRESENTATION('',(#3955),#3959);
#3955 = LINE('',#3956,#3957);
#3956 = CARTESIAN_POINT('',(-0.,-146.5));
#3957 = VECTOR('',#3958,1.);
#3958 = DIRECTION('',(-1.,0.));
#3959 = ( GEOMETRIC_REPRESENTATION_CONTEXT(2) 
PARAMETRIC_REPRESENTATION_CONTEXT() REPRESENTATION_CONTEXT('2D SPACE',''
  ) );
#3960 = ADVANCED_FACE('',(#3961),#73,.T.);
#3961 = FACE_BOUND('',#3962,.T.);
#3962 = EDGE_LOOP('',(#3963,#3964,#3965,#3986));
#3963 = ORIENTED_EDGE('',*,*,#57,.F.);
#3964 = ORIENTED_EDGE('',*,*,#2775,.F.);
#3965 = ORIENTED_EDGE('',*,*,#3966,.T.);
#3966 = EDGE_CURVE('',#2776,#1266,#3967,.T.);
#3967 = SURFACE_CURVE('',#3968,(#3972,#3979),.PCURVE_S1.);
#3968 = LINE('',#3969,#3970);
#3969 = CARTESIAN_POINT('',(2.0000001,28.6500001,1.000000056095E-07));
#3970 = VECTOR('',#3971,1.);
#3971 = DIRECTION('',(-1.110223024625E-16,-0.,-1.));
#3972 = PCURVE('',#73,#3973);
#3973 = DEFINITIONAL_REPRESENTATION('',(#3974),#3978);
#3974 = LINE('',#3975,#3976);
#3975 = CARTESIAN_POINT('',(224.85,11.));
#3976 = VECTOR('',#3977,1.);
#3977 = DIRECTION('',(0.,-1.));
#3978 = ( GEOMETRIC_REPRESENTATION_CONTEXT(2) 
PARAMETRIC_REPRESENTATION_CONTEXT() REPRESENTATION_CONTEXT('2D SPACE',''
  ) );
#3979 = PCURVE('',#2711,#3980);
#3980 = DEFINITIONAL_REPRESENTATION('',(#3981),#3985);
#3981 = LINE('',#3982,#3983);
#3982 = CARTESIAN_POINT('',(-1.570796326795,0.));
#3983 = VECTOR('',#3984,1.);
#3984 = DIRECTION('',(-0.,1.));
#3985 = ( GEOMETRIC_REPRESENTATION_CONTEXT(2) 
PARAMETRIC_REPRESENTATION_CONTEXT() REPRESENTATION_CONTEXT('2D SPACE',''
  ) );
#3986 = ORIENTED_EDGE('',*,*,#1265,.T.);
#3987 = ADVANCED_FACE('',(#3988),#268,.T.);
#3988 = FACE_BOUND('',#3989,.F.);
#3989 = EDGE_LOOP('',(#3990,#3991,#4014,#4041));
#3990 = ORIENTED_EDGE('',*,*,#142,.F.);
#3991 = ORIENTED_EDGE('',*,*,#3992,.T.);
#3992 = EDGE_CURVE('',#143,#3993,#3995,.T.);
#3993 = VERTEX_POINT('',#3994);
#3994 = CARTESIAN_POINT('',(6.591390819005,8.391390819005,116.2500001));
#3995 = SEAM_CURVE('',#3996,(#4000,#4007),.PCURVE_S1.);
#3996 = LINE('',#3997,#3998);
#3997 = CARTESIAN_POINT('',(8.076315059497,9.876315059497,116.2500001));
#3998 = VECTOR('',#3999,1.);
#3999 = DIRECTION('',(-0.707106781187,-0.707106781187,7.850462293419E-17
    ));
#4000 = PCURVE('',#268,#4001);
#4001 = DEFINITIONAL_REPRESENTATION('',(#4002),#4006);
#4002 = LINE('',#4003,#4004);
#4003 = CARTESIAN_POINT('',(-6.28318530718,0.));
#4004 = VECTOR('',#4005,1.);
#4005 = DIRECTION('',(-0.,-1.));
#4006 = ( GEOMETRIC_REPRESENTATION_CONTEXT(2) 
PARAMETRIC_REPRESENTATION_CONTEXT() REPRESENTATION_CONTEXT('2D SPACE',''
  ) );
#4007 = PCURVE('',#268,#4008);
#4008 = DEFINITIONAL_REPRESENTATION('',(#4009),#4013);
#4009 = LINE('',#4010,#4011);
#4010 = CARTESIAN_POINT('',(-0.,0.));
#4011 = VECTOR('',#4012,1.);
#4012 = DIRECTION('',(-0.,-1.));
#4013 = ( GEOMETRIC_REPRESENTATION_CONTEXT(2) 
PARAMETRIC_REPRESENTATION_CONTEXT() REPRESENTATION_CONTEXT('2D SPACE',''
  ) );
#4014 = ORIENTED_EDGE('',*,*,#4015,.T.);
#4015 = EDGE_CURVE('',#3993,#3993,#4016,.T.);
#4016 = SURFACE_CURVE('',#4017,(#4022,#4029),.PCURVE_S1.);
#4017 = CIRCLE('',#4018,2.25);
#4018 = AXIS2_PLACEMENT_3D('',#4019,#4020,#4021);
#4019 = CARTESIAN_POINT('',(6.591390819005,8.391390819005,114.0000001));
#4020 = DIRECTION('',(-0.707106781187,-0.707106781187,7.850462293419E-17
    ));
#4021 = DIRECTION('',(1.110223024625E-16,0.,1.));
#4022 = PCURVE('',#268,#4023);
#4023 = DEFINITIONAL_REPRESENTATION('',(#4024),#4028);
#4024 = LINE('',#4025,#4026);
#4025 = CARTESIAN_POINT('',(-0.,-2.1));
#4026 = VECTOR('',#4027,1.);
#4027 = DIRECTION('',(-1.,0.));
#4028 = ( GEOMETRIC_REPRESENTATION_CONTEXT(2) 
PARAMETRIC_REPRESENTATION_CONTEXT() REPRESENTATION_CONTEXT('2D SPACE',''
  ) );
#4029 = PCURVE('',#4030,#4035);
#4030 = PLANE('',#4031);
#4031 = AXIS2_PLACEMENT_3D('',#4032,#4033,#4034);
#4032 = CARTESIAN_POINT('',(6.591390819005,8.391390819005,114.0000001));
#4033 = DIRECTION('',(-0.707106781187,-0.707106781187,7.850462293419E-17
    ));
#4034 = DIRECTION('',(0.707106781187,-0.707106781187,-7.850462293419E-17
    ));
#4035 = DEFINITIONAL_REPRESENTATION('',(#4036),#4040);
#4036 = CIRCLE('',#4037,2.25);
#4037 = AXIS2_PLACEMENT_2D('',#4038,#4039);
#4038 = CARTESIAN_POINT('',(-2.512147933894E-15,-1.972152263053E-31));
#4039 = DIRECTION('',(0.,1.));
#4040 = ( GEOMETRIC_REPRESENTATION_CONTEXT(2) 
PARAMETRIC_REPRESENTATION_CONTEXT() REPRESENTATION_CONTEXT('2D SPACE',''
  ) );
#4041 = ORIENTED_EDGE('',*,*,#3992,.F.);
#4042 = ADVANCED_FACE('',(#4043),#447,.T.);
#4043 = FACE_BOUND('',#4044,.F.);
#4044 = EDGE_LOOP('',(#4045,#4046,#4069,#4096));
#4045 = ORIENTED_EDGE('',*,*,#337,.F.);
#4046 = ORIENTED_EDGE('',*,*,#4047,.T.);
#4047 = EDGE_CURVE('',#338,#4048,#4050,.T.);
#4048 = VERTEX_POINT('',#4049);
#4049 = CARTESIAN_POINT('',(26.8500001,1.000000011686E-07,116.2500001));
#4050 = SEAM_CURVE('',#4051,(#4055,#4062),.PCURVE_S1.);
#4051 = LINE('',#4052,#4053);
#4052 = CARTESIAN_POINT('',(26.8500001,2.1000001,116.2500001));
#4053 = VECTOR('',#4054,1.);
#4054 = DIRECTION('',(0.,-1.,0.));
#4055 = PCURVE('',#447,#4056);
#4056 = DEFINITIONAL_REPRESENTATION('',(#4057),#4061);
#4057 = LINE('',#4058,#4059);
#4058 = CARTESIAN_POINT('',(-6.28318530718,0.));
#4059 = VECTOR('',#4060,1.);
#4060 = DIRECTION('',(-0.,-1.));
#4061 = ( GEOMETRIC_REPRESENTATION_CONTEXT(2) 
PARAMETRIC_REPRESENTATION_CONTEXT() REPRESENTATION_CONTEXT('2D SPACE',''
  ) );
#4062 = PCURVE('',#447,#4063);
#4063 = DEFINITIONAL_REPRESENTATION('',(#4064),#4068);
#4064 = LINE('',#4065,#4066);
#4065 = CARTESIAN_POINT('',(-0.,0.));
#4066 = VECTOR('',#4067,1.);
#4067 = DIRECTION('',(-0.,-1.));
#4068 = ( GEOMETRIC_REPRESENTATION_CONTEXT(2) 
PARAMETRIC_REPRESENTATION_CONTEXT() REPRESENTATION_CONTEXT('2D SPACE',''
  ) );
#4069 = ORIENTED_EDGE('',*,*,#4070,.T.);
#4070 = EDGE_CURVE('',#4048,#4048,#4071,.T.);
#4071 = SURFACE_CURVE('',#4072,(#4077,#4084),.PCURVE_S1.);
#4072 = CIRCLE('',#4073,2.25);
#4073 = AXIS2_PLACEMENT_3D('',#4074,#4075,#4076);
#4074 = CARTESIAN_POINT('',(26.8500001,1.000000011686E-07,114.0000001));
#4075 = DIRECTION('',(0.,-1.,0.));
#4076 = DIRECTION('',(1.110223024625E-16,0.,1.));
#4077 = PCURVE('',#447,#4078);
#4078 = DEFINITIONAL_REPRESENTATION('',(#4079),#4083);
#4079 = LINE('',#4080,#4081);
#4080 = CARTESIAN_POINT('',(-0.,-2.1));
#4081 = VECTOR('',#4082,1.);
#4082 = DIRECTION('',(-1.,0.));
#4083 = ( GEOMETRIC_REPRESENTATION_CONTEXT(2) 
PARAMETRIC_REPRESENTATION_CONTEXT() REPRESENTATION_CONTEXT('2D SPACE',''
  ) );
#4084 = PCURVE('',#4085,#4090);
#4085 = PLANE('',#4086);
#4086 = AXIS2_PLACEMENT_3D('',#4087,#4088,#4089);
#4087 = CARTESIAN_POINT('',(26.8500001,1.00000008274E-07,114.0000001));
#4088 = DIRECTION('',(0.,-1.,-0.));
#4089 = DIRECTION('',(1.,0.,-1.110223024625E-16));
#4090 = DEFINITIONAL_REPRESENTATION('',(#4091),#4095);
#4091 = CIRCLE('',#4092,2.25);
#4092 = AXIS2_PLACEMENT_2D('',#4093,#4094);
#4093 = CARTESIAN_POINT('',(0.,0.));
#4094 = DIRECTION('',(0.,1.));
#4095 = ( GEOMETRIC_REPRESENTATION_CONTEXT(2) 
PARAMETRIC_REPRESENTATION_CONTEXT() REPRESENTATION_CONTEXT('2D SPACE',''
  ) );
#4096 = ORIENTED_EDGE('',*,*,#4047,.F.);
#4097 = ADVANCED_FACE('',(#4098),#634,.T.);
#4098 = FACE_BOUND('',#4099,.F.);
#4099 = EDGE_LOOP('',(#4100,#4101,#4124,#4151));
#4100 = ORIENTED_EDGE('',*,*,#508,.F.);
#4101 = ORIENTED_EDGE('',*,*,#4102,.T.);
#4102 = EDGE_CURVE('',#509,#4103,#4105,.T.);
#4103 = VERTEX_POINT('',#4104);
#4104 = CARTESIAN_POINT('',(47.108609380995,8.391390819005,116.2500001)
  );
#4105 = SEAM_CURVE('',#4106,(#4110,#4117),.PCURVE_S1.);
#4106 = LINE('',#4107,#4108);
#4107 = CARTESIAN_POINT('',(45.623685140503,9.876315059497,116.2500001)
  );
#4108 = VECTOR('',#4109,1.);
#4109 = DIRECTION('',(0.707106781187,-0.707106781187,-7.850462293419E-17
    ));
#4110 = PCURVE('',#634,#4111);
#4111 = DEFINITIONAL_REPRESENTATION('',(#4112),#4116);
#4112 = LINE('',#4113,#4114);
#4113 = CARTESIAN_POINT('',(-6.28318530718,0.));
#4114 = VECTOR('',#4115,1.);
#4115 = DIRECTION('',(-0.,-1.));
#4116 = ( GEOMETRIC_REPRESENTATION_CONTEXT(2) 
PARAMETRIC_REPRESENTATION_CONTEXT() REPRESENTATION_CONTEXT('2D SPACE',''
  ) );
#4117 = PCURVE('',#634,#4118);
#4118 = DEFINITIONAL_REPRESENTATION('',(#4119),#4123);
#4119 = LINE('',#4120,#4121);
#4120 = CARTESIAN_POINT('',(-0.,0.));
#4121 = VECTOR('',#4122,1.);
#4122 = DIRECTION('',(-0.,-1.));
#4123 = ( GEOMETRIC_REPRESENTATION_CONTEXT(2) 
PARAMETRIC_REPRESENTATION_CONTEXT() REPRESENTATION_CONTEXT('2D SPACE',''
  ) );
#4124 = ORIENTED_EDGE('',*,*,#4125,.T.);
#4125 = EDGE_CURVE('',#4103,#4103,#4126,.T.);
#4126 = SURFACE_CURVE('',#4127,(#4132,#4139),.PCURVE_S1.);
#4127 = CIRCLE('',#4128,2.25);
#4128 = AXIS2_PLACEMENT_3D('',#4129,#4130,#4131);
#4129 = CARTESIAN_POINT('',(47.108609380995,8.391390819005,114.0000001)
  );
#4130 = DIRECTION('',(0.707106781187,-0.707106781187,-7.850462293419E-17
    ));
#4131 = DIRECTION('',(1.110223024625E-16,0.,1.));
#4132 = PCURVE('',#634,#4133);
#4133 = DEFINITIONAL_REPRESENTATION('',(#4134),#4138);
#4134 = LINE('',#4135,#4136);
#4135 = CARTESIAN_POINT('',(-0.,-2.1));
#4136 = VECTOR('',#4137,1.);
#4137 = DIRECTION('',(-1.,0.));
#4138 = ( GEOMETRIC_REPRESENTATION_CONTEXT(2) 
PARAMETRIC_REPRESENTATION_CONTEXT() REPRESENTATION_CONTEXT('2D SPACE',''
  ) );
#4139 = PCURVE('',#4140,#4145);
#4140 = PLANE('',#4141);
#4141 = AXIS2_PLACEMENT_3D('',#4142,#4143,#4144);
#4142 = CARTESIAN_POINT('',(47.108609380995,8.391390819005,114.0000001)
  );
#4143 = DIRECTION('',(0.707106781187,-0.707106781187,-7.850462293419E-17
    ));
#4144 = DIRECTION('',(-0.707106781187,-0.707106781187,7.850462293419E-17
    ));
#4145 = DEFINITIONAL_REPRESENTATION('',(#4146),#4150);
#4146 = CIRCLE('',#4147,2.25);
#4147 = AXIS2_PLACEMENT_2D('',#4148,#4149);
#4148 = CARTESIAN_POINT('',(-2.512147933894E-15,0.));
#4149 = DIRECTION('',(0.,-1.));
#4150 = ( GEOMETRIC_REPRESENTATION_CONTEXT(2) 
PARAMETRIC_REPRESENTATION_CONTEXT() REPRESENTATION_CONTEXT('2D SPACE',''
  ) );
#4151 = ORIENTED_EDGE('',*,*,#4102,.F.);
#4152 = ADVANCED_FACE('',(#4153),#829,.T.);
#4153 = FACE_BOUND('',#4154,.F.);
#4154 = EDGE_LOOP('',(#4155,#4156,#4179,#4206));
#4155 = ORIENTED_EDGE('',*,*,#703,.F.);
#4156 = ORIENTED_EDGE('',*,*,#4157,.T.);
#4157 = EDGE_CURVE('',#704,#4158,#4160,.T.);
#4158 = VERTEX_POINT('',#4159);
#4159 = CARTESIAN_POINT('',(6.591390819005,8.391390819005,36.2500001));
#4160 = SEAM_CURVE('',#4161,(#4165,#4172),.PCURVE_S1.);
#4161 = LINE('',#4162,#4163);
#4162 = CARTESIAN_POINT('',(8.076315059497,9.876315059497,36.2500001));
#4163 = VECTOR('',#4164,1.);
#4164 = DIRECTION('',(-0.707106781187,-0.707106781187,7.850462293419E-17
    ));
#4165 = PCURVE('',#829,#4166);
#4166 = DEFINITIONAL_REPRESENTATION('',(#4167),#4171);
#4167 = LINE('',#4168,#4169);
#4168 = CARTESIAN_POINT('',(-6.28318530718,0.));
#4169 = VECTOR('',#4170,1.);
#4170 = DIRECTION('',(-0.,-1.));
#4171 = ( GEOMETRIC_REPRESENTATION_CONTEXT(2) 
PARAMETRIC_REPRESENTATION_CONTEXT() REPRESENTATION_CONTEXT('2D SPACE',''
  ) );
#4172 = PCURVE('',#829,#4173);
#4173 = DEFINITIONAL_REPRESENTATION('',(#4174),#4178);
#4174 = LINE('',#4175,#4176);
#4175 = CARTESIAN_POINT('',(-0.,0.));
#4176 = VECTOR('',#4177,1.);
#4177 = DIRECTION('',(-0.,-1.));
#4178 = ( GEOMETRIC_REPRESENTATION_CONTEXT(2) 
PARAMETRIC_REPRESENTATION_CONTEXT() REPRESENTATION_CONTEXT('2D SPACE',''
  ) );
#4179 = ORIENTED_EDGE('',*,*,#4180,.T.);
#4180 = EDGE_CURVE('',#4158,#4158,#4181,.T.);
#4181 = SURFACE_CURVE('',#4182,(#4187,#4194),.PCURVE_S1.);
#4182 = CIRCLE('',#4183,2.25);
#4183 = AXIS2_PLACEMENT_3D('',#4184,#4185,#4186);
#4184 = CARTESIAN_POINT('',(6.591390819005,8.391390819005,34.0000001));
#4185 = DIRECTION('',(-0.707106781187,-0.707106781187,7.850462293419E-17
    ));
#4186 = DIRECTION('',(1.110223024625E-16,0.,1.));
#4187 = PCURVE('',#829,#4188);
#4188 = DEFINITIONAL_REPRESENTATION('',(#4189),#4193);
#4189 = LINE('',#4190,#4191);
#4190 = CARTESIAN_POINT('',(-0.,-2.1));
#4191 = VECTOR('',#4192,1.);
#4192 = DIRECTION('',(-1.,0.));
#4193 = ( GEOMETRIC_REPRESENTATION_CONTEXT(2) 
PARAMETRIC_REPRESENTATION_CONTEXT() REPRESENTATION_CONTEXT('2D SPACE',''
  ) );
#4194 = PCURVE('',#4195,#4200);
#4195 = PLANE('',#4196);
#4196 = AXIS2_PLACEMENT_3D('',#4197,#4198,#4199);
#4197 = CARTESIAN_POINT('',(6.591390819005,8.391390819005,34.0000001));
#4198 = DIRECTION('',(-0.707106781187,-0.707106781187,7.850462293419E-17
    ));
#4199 = DIRECTION('',(0.707106781187,-0.707106781187,-7.850462293419E-17
    ));
#4200 = DEFINITIONAL_REPRESENTATION('',(#4201),#4205);
#4201 = CIRCLE('',#4202,2.25);
#4202 = AXIS2_PLACEMENT_2D('',#4203,#4204);
#4203 = CARTESIAN_POINT('',(-2.512147933894E-15,-1.972152263053E-31));
#4204 = DIRECTION('',(0.,1.));
#4205 = ( GEOMETRIC_REPRESENTATION_CONTEXT(2) 
PARAMETRIC_REPRESENTATION_CONTEXT() REPRESENTATION_CONTEXT('2D SPACE',''
  ) );
#4206 = ORIENTED_EDGE('',*,*,#4157,.F.);
#4207 = ADVANCED_FACE('',(#4208),#1008,.T.);
#4208 = FACE_BOUND('',#4209,.F.);
#4209 = EDGE_LOOP('',(#4210,#4211,#4234,#4261));
#4210 = ORIENTED_EDGE('',*,*,#898,.F.);
#4211 = ORIENTED_EDGE('',*,*,#4212,.T.);
#4212 = EDGE_CURVE('',#899,#4213,#4215,.T.);
#4213 = VERTEX_POINT('',#4214);
#4214 = CARTESIAN_POINT('',(26.8500001,1.000000011686E-07,36.2500001));
#4215 = SEAM_CURVE('',#4216,(#4220,#4227),.PCURVE_S1.);
#4216 = LINE('',#4217,#4218);
#4217 = CARTESIAN_POINT('',(26.8500001,2.1000001,36.2500001));
#4218 = VECTOR('',#4219,1.);
#4219 = DIRECTION('',(0.,-1.,0.));
#4220 = PCURVE('',#1008,#4221);
#4221 = DEFINITIONAL_REPRESENTATION('',(#4222),#4226);
#4222 = LINE('',#4223,#4224);
#4223 = CARTESIAN_POINT('',(-6.28318530718,0.));
#4224 = VECTOR('',#4225,1.);
#4225 = DIRECTION('',(-0.,-1.));
#4226 = ( GEOMETRIC_REPRESENTATION_CONTEXT(2) 
PARAMETRIC_REPRESENTATION_CONTEXT() REPRESENTATION_CONTEXT('2D SPACE',''
  ) );
#4227 = PCURVE('',#1008,#4228);
#4228 = DEFINITIONAL_REPRESENTATION('',(#4229),#4233);
#4229 = LINE('',#4230,#4231);
#4230 = CARTESIAN_POINT('',(-0.,0.));
#4231 = VECTOR('',#4232,1.);
#4232 = DIRECTION('',(-0.,-1.));
#4233 = ( GEOMETRIC_REPRESENTATION_CONTEXT(2) 
PARAMETRIC_REPRESENTATION_CONTEXT() REPRESENTATION_CONTEXT('2D SPACE',''
  ) );
#4234 = ORIENTED_EDGE('',*,*,#4235,.T.);
#4235 = EDGE_CURVE('',#4213,#4213,#4236,.T.);
#4236 = SURFACE_CURVE('',#4237,(#4242,#4249),.PCURVE_S1.);
#4237 = CIRCLE('',#4238,2.25);
#4238 = AXIS2_PLACEMENT_3D('',#4239,#4240,#4241);
#4239 = CARTESIAN_POINT('',(26.8500001,1.000000011686E-07,34.0000001));
#4240 = DIRECTION('',(0.,-1.,0.));
#4241 = DIRECTION('',(1.110223024625E-16,0.,1.));
#4242 = PCURVE('',#1008,#4243);
#4243 = DEFINITIONAL_REPRESENTATION('',(#4244),#4248);
#4244 = LINE('',#4245,#4246);
#4245 = CARTESIAN_POINT('',(-0.,-2.1));
#4246 = VECTOR('',#4247,1.);
#4247 = DIRECTION('',(-1.,0.));
#4248 = ( GEOMETRIC_REPRESENTATION_CONTEXT(2) 
PARAMETRIC_REPRESENTATION_CONTEXT() REPRESENTATION_CONTEXT('2D SPACE',''
  ) );
#4249 = PCURVE('',#4250,#4255);
#4250 = PLANE('',#4251);
#4251 = AXIS2_PLACEMENT_3D('',#4252,#4253,#4254);
#4252 = CARTESIAN_POINT('',(26.8500001,1.00000008274E-07,34.0000001));
#4253 = DIRECTION('',(0.,-1.,-0.));
#4254 = DIRECTION('',(1.,0.,-1.110223024625E-16));
#4255 = DEFINITIONAL_REPRESENTATION('',(#4256),#4260);
#4256 = CIRCLE('',#4257,2.25);
#4257 = AXIS2_PLACEMENT_2D('',#4258,#4259);
#4258 = CARTESIAN_POINT('',(0.,0.));
#4259 = DIRECTION('',(0.,1.));
#4260 = ( GEOMETRIC_REPRESENTATION_CONTEXT(2) 
PARAMETRIC_REPRESENTATION_CONTEXT() REPRESENTATION_CONTEXT('2D SPACE',''
  ) );
#4261 = ORIENTED_EDGE('',*,*,#4212,.F.);
#4262 = ADVANCED_FACE('',(#4263),#1195,.T.);
#4263 = FACE_BOUND('',#4264,.F.);
#4264 = EDGE_LOOP('',(#4265,#4266,#4289,#4316));
#4265 = ORIENTED_EDGE('',*,*,#1069,.F.);
#4266 = ORIENTED_EDGE('',*,*,#4267,.T.);
#4267 = EDGE_CURVE('',#1070,#4268,#4270,.T.);
#4268 = VERTEX_POINT('',#4269);
#4269 = CARTESIAN_POINT('',(47.108609380995,8.391390819005,36.2500001));
#4270 = SEAM_CURVE('',#4271,(#4275,#4282),.PCURVE_S1.);
#4271 = LINE('',#4272,#4273);
#4272 = CARTESIAN_POINT('',(45.623685140503,9.876315059497,36.2500001));
#4273 = VECTOR('',#4274,1.);
#4274 = DIRECTION('',(0.707106781187,-0.707106781187,-7.850462293419E-17
    ));
#4275 = PCURVE('',#1195,#4276);
#4276 = DEFINITIONAL_REPRESENTATION('',(#4277),#4281);
#4277 = LINE('',#4278,#4279);
#4278 = CARTESIAN_POINT('',(-6.28318530718,0.));
#4279 = VECTOR('',#4280,1.);
#4280 = DIRECTION('',(-0.,-1.));
#4281 = ( GEOMETRIC_REPRESENTATION_CONTEXT(2) 
PARAMETRIC_REPRESENTATION_CONTEXT() REPRESENTATION_CONTEXT('2D SPACE',''
  ) );
#4282 = PCURVE('',#1195,#4283);
#4283 = DEFINITIONAL_REPRESENTATION('',(#4284),#4288);
#4284 = LINE('',#4285,#4286);
#4285 = CARTESIAN_POINT('',(-0.,0.));
#4286 = VECTOR('',#4287,1.);
#4287 = DIRECTION('',(-0.,-1.));
#4288 = ( GEOMETRIC_REPRESENTATION_CONTEXT(2) 
PARAMETRIC_REPRESENTATION_CONTEXT() REPRESENTATION_CONTEXT('2D SPACE',''
  ) );
#4289 = ORIENTED_EDGE('',*,*,#4290,.T.);
#4290 = EDGE_CURVE('',#4268,#4268,#4291,.T.);
#4291 = SURFACE_CURVE('',#4292,(#4297,#4304),.PCURVE_S1.);
#4292 = CIRCLE('',#4293,2.25);
#4293 = AXIS2_PLACEMENT_3D('',#4294,#4295,#4296);
#4294 = CARTESIAN_POINT('',(47.108609380995,8.391390819005,34.0000001));
#4295 = DIRECTION('',(0.707106781187,-0.707106781187,-7.850462293419E-17
    ));
#4296 = DIRECTION('',(1.110223024625E-16,0.,1.));
#4297 = PCURVE('',#1195,#4298);
#4298 = DEFINITIONAL_REPRESENTATION('',(#4299),#4303);
#4299 = LINE('',#4300,#4301);
#4300 = CARTESIAN_POINT('',(-0.,-2.1));
#4301 = VECTOR('',#4302,1.);
#4302 = DIRECTION('',(-1.,0.));
#4303 = ( GEOMETRIC_REPRESENTATION_CONTEXT(2) 
PARAMETRIC_REPRESENTATION_CONTEXT() REPRESENTATION_CONTEXT('2D SPACE',''
  ) );
#4304 = PCURVE('',#4305,#4310);
#4305 = PLANE('',#4306);
#4306 = AXIS2_PLACEMENT_3D('',#4307,#4308,#4309);
#4307 = CARTESIAN_POINT('',(47.108609380995,8.391390819005,34.0000001));
#4308 = DIRECTION('',(0.707106781187,-0.707106781187,-7.850462293419E-17
    ));
#4309 = DIRECTION('',(-0.707106781187,-0.707106781187,7.850462293419E-17
    ));
#4310 = DEFINITIONAL_REPRESENTATION('',(#4311),#4315);
#4311 = CIRCLE('',#4312,2.25);
#4312 = AXIS2_PLACEMENT_2D('',#4313,#4314);
#4313 = CARTESIAN_POINT('',(-2.512147933894E-15,0.));
#4314 = DIRECTION('',(0.,-1.));
#4315 = ( GEOMETRIC_REPRESENTATION_CONTEXT(2) 
PARAMETRIC_REPRESENTATION_CONTEXT() REPRESENTATION_CONTEXT('2D SPACE',''
  ) );
#4316 = ORIENTED_EDGE('',*,*,#4267,.F.);
#4317 = ADVANCED_FACE('',(#4318),#2711,.F.);
#4318 = FACE_BOUND('',#4319,.T.);
#4319 = EDGE_LOOP('',(#4320,#4321,#4322,#4323));
#4320 = ORIENTED_EDGE('',*,*,#2696,.F.);
#4321 = ORIENTED_EDGE('',*,*,#3966,.F.);
#4322 = ORIENTED_EDGE('',*,*,#3939,.T.);
#4323 = ORIENTED_EDGE('',*,*,#4324,.F.);
#4324 = EDGE_CURVE('',#2669,#3917,#4325,.T.);
#4325 = SURFACE_CURVE('',#4326,(#4330,#4337),.PCURVE_S1.);
#4326 = LINE('',#4327,#4328);
#4327 = CARTESIAN_POINT('',(2.138233447211,26.032541619312,
    1.000000056095E-07));
#4328 = VECTOR('',#4329,1.);
#4329 = DIRECTION('',(1.110223024625E-16,0.,1.));
#4330 = PCURVE('',#2711,#4331);
#4331 = DEFINITIONAL_REPRESENTATION('',(#4332),#4336);
#4332 = LINE('',#4333,#4334);
#4333 = CARTESIAN_POINT('',(-1.676322390912,0.));
#4334 = VECTOR('',#4335,1.);
#4335 = DIRECTION('',(-0.,-1.));
#4336 = ( GEOMETRIC_REPRESENTATION_CONTEXT(2) 
PARAMETRIC_REPRESENTATION_CONTEXT() REPRESENTATION_CONTEXT('2D SPACE',''
  ) );
#4337 = PCURVE('',#2684,#4338);
#4338 = DEFINITIONAL_REPRESENTATION('',(#4339),#4343);
#4339 = LINE('',#4340,#4341);
#4340 = CARTESIAN_POINT('',(12.536062956767,1.756164085298E-16));
#4341 = VECTOR('',#4342,1.);
#4342 = DIRECTION('',(0.,-1.));
#4343 = ( GEOMETRIC_REPRESENTATION_CONTEXT(2) 
PARAMETRIC_REPRESENTATION_CONTEXT() REPRESENTATION_CONTEXT('2D SPACE',''
  ) );
#4344 = ADVANCED_FACE('',(#4345),#2684,.F.);
#4345 = FACE_BOUND('',#4346,.F.);
#4346 = EDGE_LOOP('',(#4347,#4368,#4369,#4370));
#4347 = ORIENTED_EDGE('',*,*,#4348,.T.);
#4348 = EDGE_CURVE('',#2641,#3894,#4349,.T.);
#4349 = SURFACE_CURVE('',#4350,(#4354,#4361),.PCURVE_S1.);
#4350 = LINE('',#4351,#4352);
#4351 = CARTESIAN_POINT('',(13.720045431241,21.235198018672,
    1.000000044993E-07));
#4352 = VECTOR('',#4353,1.);
#4353 = DIRECTION('',(1.110223024625E-16,0.,1.));
#4354 = PCURVE('',#2684,#4355);
#4355 = DEFINITIONAL_REPRESENTATION('',(#4356),#4360);
#4356 = LINE('',#4357,#4358);
#4357 = CARTESIAN_POINT('',(0.,0.));
#4358 = VECTOR('',#4359,1.);
#4359 = DIRECTION('',(0.,-1.));
#4360 = ( GEOMETRIC_REPRESENTATION_CONTEXT(2) 
PARAMETRIC_REPRESENTATION_CONTEXT() REPRESENTATION_CONTEXT('2D SPACE',''
  ) );
#4361 = PCURVE('',#2656,#4362);
#4362 = DEFINITIONAL_REPRESENTATION('',(#4363),#4367);
#4363 = LINE('',#4364,#4365);
#4364 = CARTESIAN_POINT('',(1.4,-5.94809540856E-17));
#4365 = VECTOR('',#4366,1.);
#4366 = DIRECTION('',(0.,-1.));
#4367 = ( GEOMETRIC_REPRESENTATION_CONTEXT(2) 
PARAMETRIC_REPRESENTATION_CONTEXT() REPRESENTATION_CONTEXT('2D SPACE',''
  ) );
#4368 = ORIENTED_EDGE('',*,*,#3916,.T.);
#4369 = ORIENTED_EDGE('',*,*,#4324,.F.);
#4370 = ORIENTED_EDGE('',*,*,#2668,.F.);
#4371 = ADVANCED_FACE('',(#4372),#2656,.F.);
#4372 = FACE_BOUND('',#4373,.F.);
#4373 = EDGE_LOOP('',(#4374,#4395,#4396,#4397));
#4374 = ORIENTED_EDGE('',*,*,#4375,.T.);
#4375 = EDGE_CURVE('',#2613,#3871,#4376,.T.);
#4376 = SURFACE_CURVE('',#4377,(#4381,#4388),.PCURVE_S1.);
#4377 = LINE('',#4378,#4379);
#4378 = CARTESIAN_POINT('',(13.18428862593,19.941766673156,
    1.000000044993E-07));
#4379 = VECTOR('',#4380,1.);
#4380 = DIRECTION('',(1.110223024625E-16,0.,1.));
#4381 = PCURVE('',#2656,#4382);
#4382 = DEFINITIONAL_REPRESENTATION('',(#4383),#4387);
#4383 = LINE('',#4384,#4385);
#4384 = CARTESIAN_POINT('',(0.,0.));
#4385 = VECTOR('',#4386,1.);
#4386 = DIRECTION('',(0.,-1.));
#4387 = ( GEOMETRIC_REPRESENTATION_CONTEXT(2) 
PARAMETRIC_REPRESENTATION_CONTEXT() REPRESENTATION_CONTEXT('2D SPACE',''
  ) );
#4388 = PCURVE('',#2628,#4389);
#4389 = DEFINITIONAL_REPRESENTATION('',(#4390),#4394);
#4390 = LINE('',#4391,#4392);
#4391 = CARTESIAN_POINT('',(11.714092792708,-9.130591539743E-17));
#4392 = VECTOR('',#4393,1.);
#4393 = DIRECTION('',(0.,-1.));
#4394 = ( GEOMETRIC_REPRESENTATION_CONTEXT(2) 
PARAMETRIC_REPRESENTATION_CONTEXT() REPRESENTATION_CONTEXT('2D SPACE',''
  ) );
#4395 = ORIENTED_EDGE('',*,*,#3893,.T.);
#4396 = ORIENTED_EDGE('',*,*,#4348,.F.);
#4397 = ORIENTED_EDGE('',*,*,#2640,.F.);
#4398 = ADVANCED_FACE('',(#4399),#2628,.F.);
#4399 = FACE_BOUND('',#4400,.F.);
#4400 = EDGE_LOOP('',(#4401,#4422,#4423,#4424));
#4401 = ORIENTED_EDGE('',*,*,#4402,.T.);
#4402 = EDGE_CURVE('',#2584,#3847,#4403,.T.);
#4403 = SURFACE_CURVE('',#4404,(#4408,#4415),.PCURVE_S1.);
#4404 = LINE('',#4405,#4406);
#4405 = CARTESIAN_POINT('',(2.361878052809,24.424555910112,
    1.000000056095E-07));
#4406 = VECTOR('',#4407,1.);
#4407 = DIRECTION('',(1.110223024625E-16,0.,1.));
#4408 = PCURVE('',#2628,#4409);
#4409 = DEFINITIONAL_REPRESENTATION('',(#4410),#4414);
#4410 = LINE('',#4411,#4412);
#4411 = CARTESIAN_POINT('',(-4.102849315896E-16,4.930380657631E-32));
#4412 = VECTOR('',#4413,1.);
#4413 = DIRECTION('',(0.,-1.));
#4414 = ( GEOMETRIC_REPRESENTATION_CONTEXT(2) 
PARAMETRIC_REPRESENTATION_CONTEXT() REPRESENTATION_CONTEXT('2D SPACE',''
  ) );
#4415 = PCURVE('',#2600,#4416);
#4416 = DEFINITIONAL_REPRESENTATION('',(#4417),#4421);
#4417 = LINE('',#4418,#4419);
#4418 = CARTESIAN_POINT('',(-1.741664552852,0.));
#4419 = VECTOR('',#4420,1.);
#4420 = DIRECTION('',(-0.,-1.));
#4421 = ( GEOMETRIC_REPRESENTATION_CONTEXT(2) 
PARAMETRIC_REPRESENTATION_CONTEXT() REPRESENTATION_CONTEXT('2D SPACE',''
  ) );
#4422 = ORIENTED_EDGE('',*,*,#3870,.T.);
#4423 = ORIENTED_EDGE('',*,*,#4375,.F.);
#4424 = ORIENTED_EDGE('',*,*,#2612,.F.);
#4425 = ADVANCED_FACE('',(#4426),#2600,.F.);
#4426 = FACE_BOUND('',#4427,.T.);
#4427 = EDGE_LOOP('',(#4428,#4429,#4430,#4451));
#4428 = ORIENTED_EDGE('',*,*,#4402,.T.);
#4429 = ORIENTED_EDGE('',*,*,#3846,.T.);
#4430 = ORIENTED_EDGE('',*,*,#4431,.F.);
#4431 = EDGE_CURVE('',#2556,#3824,#4432,.T.);
#4432 = SURFACE_CURVE('',#4433,(#4437,#4444),.PCURVE_S1.);
#4433 = LINE('',#4434,#4435);
#4434 = CARTESIAN_POINT('',(3.657714581409,19.725853506393,
    1.000000056095E-07));
#4435 = VECTOR('',#4436,1.);
#4436 = DIRECTION('',(1.110223024625E-16,0.,1.));
#4437 = PCURVE('',#2600,#4438);
#4438 = DEFINITIONAL_REPRESENTATION('',(#4439),#4443);
#4439 = LINE('',#4440,#4441);
#4440 = CARTESIAN_POINT('',(-1.938121778711,0.));
#4441 = VECTOR('',#4442,1.);
#4442 = DIRECTION('',(-0.,-1.));
#4443 = ( GEOMETRIC_REPRESENTATION_CONTEXT(2) 
PARAMETRIC_REPRESENTATION_CONTEXT() REPRESENTATION_CONTEXT('2D SPACE',''
  ) );
#4444 = PCURVE('',#2571,#4445);
#4445 = DEFINITIONAL_REPRESENTATION('',(#4446),#4450);
#4446 = LINE('',#4447,#4448);
#4447 = CARTESIAN_POINT('',(12.536062956767,-1.744365540518E-16));
#4448 = VECTOR('',#4449,1.);
#4449 = DIRECTION('',(0.,-1.));
#4450 = ( GEOMETRIC_REPRESENTATION_CONTEXT(2) 
PARAMETRIC_REPRESENTATION_CONTEXT() REPRESENTATION_CONTEXT('2D SPACE',''
  ) );
#4451 = ORIENTED_EDGE('',*,*,#2583,.F.);
#4452 = ADVANCED_FACE('',(#4453),#2571,.F.);
#4453 = FACE_BOUND('',#4454,.F.);
#4454 = EDGE_LOOP('',(#4455,#4476,#4477,#4478));
#4455 = ORIENTED_EDGE('',*,*,#4456,.T.);
#4456 = EDGE_CURVE('',#2528,#3801,#4457,.T.);
#4457 = SURFACE_CURVE('',#4458,(#4462,#4469),.PCURVE_S1.);
#4458 = LINE('',#4459,#4460);
#4459 = CARTESIAN_POINT('',(16.086529781755,18.089568943215,
    1.000000040552E-07));
#4460 = VECTOR('',#4461,1.);
#4461 = DIRECTION('',(1.110223024625E-16,0.,1.));
#4462 = PCURVE('',#2571,#4463);
#4463 = DEFINITIONAL_REPRESENTATION('',(#4464),#4468);
#4464 = LINE('',#4465,#4466);
#4465 = CARTESIAN_POINT('',(0.,0.));
#4466 = VECTOR('',#4467,1.);
#4467 = DIRECTION('',(0.,-1.));
#4468 = ( GEOMETRIC_REPRESENTATION_CONTEXT(2) 
PARAMETRIC_REPRESENTATION_CONTEXT() REPRESENTATION_CONTEXT('2D SPACE',''
  ) );
#4469 = PCURVE('',#2543,#4470);
#4470 = DEFINITIONAL_REPRESENTATION('',(#4471),#4475);
#4471 = LINE('',#4472,#4473);
#4472 = CARTESIAN_POINT('',(1.4,-2.028784574871E-17));
#4473 = VECTOR('',#4474,1.);
#4474 = DIRECTION('',(0.,-1.));
#4475 = ( GEOMETRIC_REPRESENTATION_CONTEXT(2) 
PARAMETRIC_REPRESENTATION_CONTEXT() REPRESENTATION_CONTEXT('2D SPACE',''
  ) );
#4476 = ORIENTED_EDGE('',*,*,#3823,.T.);
#4477 = ORIENTED_EDGE('',*,*,#4431,.F.);
#4478 = ORIENTED_EDGE('',*,*,#2555,.F.);
#4479 = ADVANCED_FACE('',(#4480),#2543,.F.);
#4480 = FACE_BOUND('',#4481,.F.);
#4481 = EDGE_LOOP('',(#4482,#4503,#4504,#4505));
#4482 = ORIENTED_EDGE('',*,*,#4483,.T.);
#4483 = EDGE_CURVE('',#2500,#3778,#4484,.T.);
#4484 = SURFACE_CURVE('',#4485,(#4489,#4496),.PCURVE_S1.);
#4485 = LINE('',#4486,#4487);
#4486 = CARTESIAN_POINT('',(15.903793112647,16.701546137292,
    1.000000040552E-07));
#4487 = VECTOR('',#4488,1.);
#4488 = DIRECTION('',(1.110223024625E-16,0.,1.));
#4489 = PCURVE('',#2543,#4490);
#4490 = DEFINITIONAL_REPRESENTATION('',(#4491),#4495);
#4491 = LINE('',#4492,#4493);
#4492 = CARTESIAN_POINT('',(0.,0.));
#4493 = VECTOR('',#4494,1.);
#4494 = DIRECTION('',(0.,-1.));
#4495 = ( GEOMETRIC_REPRESENTATION_CONTEXT(2) 
PARAMETRIC_REPRESENTATION_CONTEXT() REPRESENTATION_CONTEXT('2D SPACE',''
  ) );
#4496 = PCURVE('',#2515,#4497);
#4497 = DEFINITIONAL_REPRESENTATION('',(#4498),#4502);
#4498 = LINE('',#4499,#4500);
#4499 = CARTESIAN_POINT('',(11.714092792708,4.286825283791E-17));
#4500 = VECTOR('',#4501,1.);
#4501 = DIRECTION('',(0.,-1.));
#4502 = ( GEOMETRIC_REPRESENTATION_CONTEXT(2) 
PARAMETRIC_REPRESENTATION_CONTEXT() REPRESENTATION_CONTEXT('2D SPACE',''
  ) );
#4503 = ORIENTED_EDGE('',*,*,#3800,.T.);
#4504 = ORIENTED_EDGE('',*,*,#4456,.F.);
#4505 = ORIENTED_EDGE('',*,*,#2527,.F.);
#4506 = ADVANCED_FACE('',(#4507),#2515,.F.);
#4507 = FACE_BOUND('',#4508,.F.);
#4508 = EDGE_LOOP('',(#4509,#4530,#4531,#4532));
#4509 = ORIENTED_EDGE('',*,*,#4510,.T.);
#4510 = EDGE_CURVE('',#2471,#3754,#4511,.T.);
#4511 = SURFACE_CURVE('',#4512,(#4516,#4523),.PCURVE_S1.);
#4512 = LINE('',#4513,#4514);
#4513 = CARTESIAN_POINT('',(4.28991600766,18.230542064836,
    1.000000053875E-07));
#4514 = VECTOR('',#4515,1.);
#4515 = DIRECTION('',(1.110223024625E-16,0.,1.));
#4516 = PCURVE('',#2515,#4517);
#4517 = DEFINITIONAL_REPRESENTATION('',(#4518),#4522);
#4518 = LINE('',#4519,#4520);
#4519 = CARTESIAN_POINT('',(0.,0.));
#4520 = VECTOR('',#4521,1.);
#4521 = DIRECTION('',(0.,-1.));
#4522 = ( GEOMETRIC_REPRESENTATION_CONTEXT(2) 
PARAMETRIC_REPRESENTATION_CONTEXT() REPRESENTATION_CONTEXT('2D SPACE',''
  ) );
#4523 = PCURVE('',#2487,#4524);
#4524 = DEFINITIONAL_REPRESENTATION('',(#4525),#4529);
#4525 = LINE('',#4526,#4527);
#4526 = CARTESIAN_POINT('',(-2.003463940651,0.));
#4527 = VECTOR('',#4528,1.);
#4528 = DIRECTION('',(-0.,-1.));
#4529 = ( GEOMETRIC_REPRESENTATION_CONTEXT(2) 
PARAMETRIC_REPRESENTATION_CONTEXT() REPRESENTATION_CONTEXT('2D SPACE',''
  ) );
#4530 = ORIENTED_EDGE('',*,*,#3777,.T.);
#4531 = ORIENTED_EDGE('',*,*,#4483,.F.);
#4532 = ORIENTED_EDGE('',*,*,#2499,.F.);
#4533 = ADVANCED_FACE('',(#4534),#2487,.F.);
#4534 = FACE_BOUND('',#4535,.T.);
#4535 = EDGE_LOOP('',(#4536,#4537,#4538,#4559));
#4536 = ORIENTED_EDGE('',*,*,#4510,.T.);
#4537 = ORIENTED_EDGE('',*,*,#3753,.T.);
#4538 = ORIENTED_EDGE('',*,*,#4539,.F.);
#4539 = EDGE_CURVE('',#2443,#3731,#4540,.T.);
#4540 = SURFACE_CURVE('',#4541,(#4545,#4552),.PCURVE_S1.);
#4541 = LINE('',#4542,#4543);
#4542 = CARTESIAN_POINT('',(6.757711646636,14.027331235979,
    1.000000051654E-07));
#4543 = VECTOR('',#4544,1.);
#4544 = DIRECTION('',(1.110223024625E-16,0.,1.));
#4545 = PCURVE('',#2487,#4546);
#4546 = DEFINITIONAL_REPRESENTATION('',(#4547),#4551);
#4547 = LINE('',#4548,#4549);
#4548 = CARTESIAN_POINT('',(-2.19992116651,0.));
#4549 = VECTOR('',#4550,1.);
#4550 = DIRECTION('',(-0.,-1.));
#4551 = ( GEOMETRIC_REPRESENTATION_CONTEXT(2) 
PARAMETRIC_REPRESENTATION_CONTEXT() REPRESENTATION_CONTEXT('2D SPACE',''
  ) );
#4552 = PCURVE('',#2458,#4553);
#4553 = DEFINITIONAL_REPRESENTATION('',(#4554),#4558);
#4554 = LINE('',#4555,#4556);
#4555 = CARTESIAN_POINT('',(12.536062956766,4.760805087319E-17));
#4556 = VECTOR('',#4557,1.);
#4557 = DIRECTION('',(0.,-1.));
#4558 = ( GEOMETRIC_REPRESENTATION_CONTEXT(2) 
PARAMETRIC_REPRESENTATION_CONTEXT() REPRESENTATION_CONTEXT('2D SPACE',''
  ) );
#4559 = ORIENTED_EDGE('',*,*,#2470,.F.);
#4560 = ADVANCED_FACE('',(#4561),#2458,.F.);
#4561 = FACE_BOUND('',#4562,.F.);
#4562 = EDGE_LOOP('',(#4563,#4584,#4585,#4586));
#4563 = ORIENTED_EDGE('',*,*,#4564,.T.);
#4564 = EDGE_CURVE('',#2415,#3708,#4565,.T.);
#4565 = SURFACE_CURVE('',#4566,(#4570,#4577),.PCURVE_S1.);
#4566 = LINE('',#4567,#4568);
#4567 = CARTESIAN_POINT('',(19.186526846981,15.663615799157,
    1.000000038331E-07));
#4568 = VECTOR('',#4569,1.);
#4569 = DIRECTION('',(1.110223024625E-16,0.,1.));
#4570 = PCURVE('',#2458,#4571);
#4571 = DEFINITIONAL_REPRESENTATION('',(#4572),#4576);
#4572 = LINE('',#4573,#4574);
#4573 = CARTESIAN_POINT('',(0.,0.));
#4574 = VECTOR('',#4575,1.);
#4575 = DIRECTION('',(0.,-1.));
#4576 = ( GEOMETRIC_REPRESENTATION_CONTEXT(2) 
PARAMETRIC_REPRESENTATION_CONTEXT() REPRESENTATION_CONTEXT('2D SPACE',''
  ) );
#4577 = PCURVE('',#2430,#4578);
#4578 = DEFINITIONAL_REPRESENTATION('',(#4579),#4583);
#4579 = LINE('',#4580,#4581);
#4580 = CARTESIAN_POINT('',(1.4,2.028784574871E-17));
#4581 = VECTOR('',#4582,1.);
#4582 = DIRECTION('',(0.,-1.));
#4583 = ( GEOMETRIC_REPRESENTATION_CONTEXT(2) 
PARAMETRIC_REPRESENTATION_CONTEXT() REPRESENTATION_CONTEXT('2D SPACE',''
  ) );
#4584 = ORIENTED_EDGE('',*,*,#3730,.T.);
#4585 = ORIENTED_EDGE('',*,*,#4539,.F.);
#4586 = ORIENTED_EDGE('',*,*,#2442,.F.);
#4587 = ADVANCED_FACE('',(#4588),#2430,.F.);
#4588 = FACE_BOUND('',#4589,.F.);
#4589 = EDGE_LOOP('',(#4590,#4611,#4612,#4613));
#4590 = ORIENTED_EDGE('',*,*,#4591,.T.);
#4591 = EDGE_CURVE('',#2387,#3685,#4592,.T.);
#4592 = SURFACE_CURVE('',#4593,(#4597,#4604),.PCURVE_S1.);
#4593 = LINE('',#4594,#4595);
#4594 = CARTESIAN_POINT('',(19.369263516089,14.275592993233,
    1.000000038331E-07));
#4595 = VECTOR('',#4596,1.);
#4596 = DIRECTION('',(1.110223024625E-16,0.,1.));
#4597 = PCURVE('',#2430,#4598);
#4598 = DEFINITIONAL_REPRESENTATION('',(#4599),#4603);
#4599 = LINE('',#4600,#4601);
#4600 = CARTESIAN_POINT('',(0.,0.));
#4601 = VECTOR('',#4602,1.);
#4602 = DIRECTION('',(0.,-1.));
#4603 = ( GEOMETRIC_REPRESENTATION_CONTEXT(2) 
PARAMETRIC_REPRESENTATION_CONTEXT() REPRESENTATION_CONTEXT('2D SPACE',''
  ) );
#4604 = PCURVE('',#2402,#4605);
#4605 = DEFINITIONAL_REPRESENTATION('',(#4606),#4610);
#4606 = LINE('',#4607,#4608);
#4607 = CARTESIAN_POINT('',(11.714092792709,4.286825283781E-17));
#4608 = VECTOR('',#4609,1.);
#4609 = DIRECTION('',(0.,-1.));
#4610 = ( GEOMETRIC_REPRESENTATION_CONTEXT(2) 
PARAMETRIC_REPRESENTATION_CONTEXT() REPRESENTATION_CONTEXT('2D SPACE',''
  ) );
#4611 = ORIENTED_EDGE('',*,*,#3707,.T.);
#4612 = ORIENTED_EDGE('',*,*,#4564,.F.);
#4613 = ORIENTED_EDGE('',*,*,#2414,.F.);
#4614 = ADVANCED_FACE('',(#4615),#2402,.F.);
#4615 = FACE_BOUND('',#4616,.F.);
#4616 = EDGE_LOOP('',(#4617,#4638,#4639,#4640));
#4617 = ORIENTED_EDGE('',*,*,#4618,.T.);
#4618 = EDGE_CURVE('',#2358,#3661,#4619,.T.);
#4619 = SURFACE_CURVE('',#4620,(#4624,#4631),.PCURVE_S1.);
#4620 = LINE('',#4621,#4622);
#4621 = CARTESIAN_POINT('',(7.755386411102,12.746597065689,
    1.000000051654E-07));
#4622 = VECTOR('',#4623,1.);
#4623 = DIRECTION('',(1.110223024625E-16,0.,1.));
#4624 = PCURVE('',#2402,#4625);
#4625 = DEFINITIONAL_REPRESENTATION('',(#4626),#4630);
#4626 = LINE('',#4627,#4628);
#4627 = CARTESIAN_POINT('',(-8.805799301948E-16,9.860761315263E-32));
#4628 = VECTOR('',#4629,1.);
#4629 = DIRECTION('',(0.,-1.));
#4630 = ( GEOMETRIC_REPRESENTATION_CONTEXT(2) 
PARAMETRIC_REPRESENTATION_CONTEXT() REPRESENTATION_CONTEXT('2D SPACE',''
  ) );
#4631 = PCURVE('',#2374,#4632);
#4632 = DEFINITIONAL_REPRESENTATION('',(#4633),#4637);
#4633 = LINE('',#4634,#4635);
#4634 = CARTESIAN_POINT('',(-2.26526332845,0.));
#4635 = VECTOR('',#4636,1.);
#4636 = DIRECTION('',(-0.,-1.));
#4637 = ( GEOMETRIC_REPRESENTATION_CONTEXT(2) 
PARAMETRIC_REPRESENTATION_CONTEXT() REPRESENTATION_CONTEXT('2D SPACE',''
  ) );
#4638 = ORIENTED_EDGE('',*,*,#3684,.T.);
#4639 = ORIENTED_EDGE('',*,*,#4591,.F.);
#4640 = ORIENTED_EDGE('',*,*,#2386,.F.);
#4641 = ADVANCED_FACE('',(#4642),#2374,.F.);
#4642 = FACE_BOUND('',#4643,.T.);
#4643 = EDGE_LOOP('',(#4644,#4645,#4646,#4667));
#4644 = ORIENTED_EDGE('',*,*,#4618,.T.);
#4645 = ORIENTED_EDGE('',*,*,#3660,.T.);
#4646 = ORIENTED_EDGE('',*,*,#4647,.F.);
#4647 = EDGE_CURVE('',#2330,#3638,#4648,.T.);
#4648 = SURFACE_CURVE('',#4649,(#4653,#4660),.PCURVE_S1.);
#4649 = LINE('',#4650,#4651);
#4650 = CARTESIAN_POINT('',(11.226964965883,9.325319683545,
    1.000000047213E-07));
#4651 = VECTOR('',#4652,1.);
#4652 = DIRECTION('',(1.110223024625E-16,0.,1.));
#4653 = PCURVE('',#2374,#4654);
#4654 = DEFINITIONAL_REPRESENTATION('',(#4655),#4659);
#4655 = LINE('',#4656,#4657);
#4656 = CARTESIAN_POINT('',(-2.46172055431,0.));
#4657 = VECTOR('',#4658,1.);
#4658 = DIRECTION('',(-0.,-1.));
#4659 = ( GEOMETRIC_REPRESENTATION_CONTEXT(2) 
PARAMETRIC_REPRESENTATION_CONTEXT() REPRESENTATION_CONTEXT('2D SPACE',''
  ) );
#4660 = PCURVE('',#2345,#4661);
#4661 = DEFINITIONAL_REPRESENTATION('',(#4662),#4666);
#4662 = LINE('',#4663,#4664);
#4663 = CARTESIAN_POINT('',(12.536062956766,-4.642819639531E-17));
#4664 = VECTOR('',#4665,1.);
#4665 = DIRECTION('',(0.,-1.));
#4666 = ( GEOMETRIC_REPRESENTATION_CONTEXT(2) 
PARAMETRIC_REPRESENTATION_CONTEXT() REPRESENTATION_CONTEXT('2D SPACE',''
  ) );
#4667 = ORIENTED_EDGE('',*,*,#2357,.F.);
#4668 = ADVANCED_FACE('',(#4669),#2345,.F.);
#4669 = FACE_BOUND('',#4670,.F.);
#4670 = EDGE_LOOP('',(#4671,#4692,#4693,#4694));
#4671 = ORIENTED_EDGE('',*,*,#4672,.T.);
#4672 = EDGE_CURVE('',#2302,#3615,#4673,.T.);
#4673 = SURFACE_CURVE('',#4674,(#4678,#4685),.PCURVE_S1.);
#4674 = LINE('',#4675,#4676);
#4675 = CARTESIAN_POINT('',(22.808776949912,14.122663284185,
    1.000000033891E-07));
#4676 = VECTOR('',#4677,1.);
#4677 = DIRECTION('',(1.110223024625E-16,0.,1.));
#4678 = PCURVE('',#2345,#4679);
#4679 = DEFINITIONAL_REPRESENTATION('',(#4680),#4684);
#4680 = LINE('',#4681,#4682);
#4681 = CARTESIAN_POINT('',(0.,0.));
#4682 = VECTOR('',#4683,1.);
#4683 = DIRECTION('',(0.,-1.));
#4684 = ( GEOMETRIC_REPRESENTATION_CONTEXT(2) 
PARAMETRIC_REPRESENTATION_CONTEXT() REPRESENTATION_CONTEXT('2D SPACE',''
  ) );
#4685 = PCURVE('',#2317,#4686);
#4686 = DEFINITIONAL_REPRESENTATION('',(#4687),#4691);
#4687 = LINE('',#4688,#4689);
#4688 = CARTESIAN_POINT('',(1.4,5.94809540856E-17));
#4689 = VECTOR('',#4690,1.);
#4690 = DIRECTION('',(0.,-1.));
#4691 = ( GEOMETRIC_REPRESENTATION_CONTEXT(2) 
PARAMETRIC_REPRESENTATION_CONTEXT() REPRESENTATION_CONTEXT('2D SPACE',''
  ) );
#4692 = ORIENTED_EDGE('',*,*,#3637,.T.);
#4693 = ORIENTED_EDGE('',*,*,#4647,.F.);
#4694 = ORIENTED_EDGE('',*,*,#2329,.F.);
#4695 = ADVANCED_FACE('',(#4696),#2317,.F.);
#4696 = FACE_BOUND('',#4697,.F.);
#4697 = EDGE_LOOP('',(#4698,#4719,#4720,#4721));
#4698 = ORIENTED_EDGE('',*,*,#4699,.T.);
#4699 = EDGE_CURVE('',#2274,#3592,#4700,.T.);
#4700 = SURFACE_CURVE('',#4701,(#4705,#4712),.PCURVE_S1.);
#4701 = LINE('',#4702,#4703);
#4702 = CARTESIAN_POINT('',(23.344533755223,12.829231938669,
    1.000000033891E-07));
#4703 = VECTOR('',#4704,1.);
#4704 = DIRECTION('',(1.110223024625E-16,0.,1.));
#4705 = PCURVE('',#2317,#4706);
#4706 = DEFINITIONAL_REPRESENTATION('',(#4707),#4711);
#4707 = LINE('',#4708,#4709);
#4708 = CARTESIAN_POINT('',(0.,0.));
#4709 = VECTOR('',#4710,1.);
#4710 = DIRECTION('',(0.,-1.));
#4711 = ( GEOMETRIC_REPRESENTATION_CONTEXT(2) 
PARAMETRIC_REPRESENTATION_CONTEXT() REPRESENTATION_CONTEXT('2D SPACE',''
  ) );
#4712 = PCURVE('',#2289,#4713);
#4713 = DEFINITIONAL_REPRESENTATION('',(#4714),#4718);
#4714 = LINE('',#4715,#4716);
#4715 = CARTESIAN_POINT('',(11.714092792708,-9.130591539743E-17));
#4716 = VECTOR('',#4717,1.);
#4717 = DIRECTION('',(0.,-1.));
#4718 = ( GEOMETRIC_REPRESENTATION_CONTEXT(2) 
PARAMETRIC_REPRESENTATION_CONTEXT() REPRESENTATION_CONTEXT('2D SPACE',''
  ) );
#4719 = ORIENTED_EDGE('',*,*,#3614,.T.);
#4720 = ORIENTED_EDGE('',*,*,#4672,.F.);
#4721 = ORIENTED_EDGE('',*,*,#2301,.F.);
#4722 = ADVANCED_FACE('',(#4723),#2289,.F.);
#4723 = FACE_BOUND('',#4724,.F.);
#4724 = EDGE_LOOP('',(#4725,#4746,#4747,#4748));
#4725 = ORIENTED_EDGE('',*,*,#4726,.T.);
#4726 = EDGE_CURVE('',#2245,#3568,#4727,.T.);
#4727 = SURFACE_CURVE('',#4728,(#4732,#4739),.PCURVE_S1.);
#4728 = LINE('',#4729,#4730);
#4729 = CARTESIAN_POINT('',(12.522123182102,8.346442701712,
    1.000000044993E-07));
#4730 = VECTOR('',#4731,1.);
#4731 = DIRECTION('',(1.110223024625E-16,0.,1.));
#4732 = PCURVE('',#2289,#4733);
#4733 = DEFINITIONAL_REPRESENTATION('',(#4734),#4738);
#4734 = LINE('',#4735,#4736);
#4735 = CARTESIAN_POINT('',(-1.641139726358E-15,1.972152263053E-31));
#4736 = VECTOR('',#4737,1.);
#4737 = DIRECTION('',(0.,-1.));
#4738 = ( GEOMETRIC_REPRESENTATION_CONTEXT(2) 
PARAMETRIC_REPRESENTATION_CONTEXT() REPRESENTATION_CONTEXT('2D SPACE',''
  ) );
#4739 = PCURVE('',#2261,#4740);
#4740 = DEFINITIONAL_REPRESENTATION('',(#4741),#4745);
#4741 = LINE('',#4742,#4743);
#4742 = CARTESIAN_POINT('',(-2.527062716249,0.));
#4743 = VECTOR('',#4744,1.);
#4744 = DIRECTION('',(-0.,-1.));
#4745 = ( GEOMETRIC_REPRESENTATION_CONTEXT(2) 
PARAMETRIC_REPRESENTATION_CONTEXT() REPRESENTATION_CONTEXT('2D SPACE',''
  ) );
#4746 = ORIENTED_EDGE('',*,*,#3591,.T.);
#4747 = ORIENTED_EDGE('',*,*,#4699,.F.);
#4748 = ORIENTED_EDGE('',*,*,#2273,.F.);
#4749 = ADVANCED_FACE('',(#4750),#2261,.F.);
#4750 = FACE_BOUND('',#4751,.T.);
#4751 = EDGE_LOOP('',(#4752,#4753,#4754,#4775));
#4752 = ORIENTED_EDGE('',*,*,#4726,.T.);
#4753 = ORIENTED_EDGE('',*,*,#3567,.T.);
#4754 = ORIENTED_EDGE('',*,*,#4755,.F.);
#4755 = EDGE_CURVE('',#2217,#3545,#4756,.T.);
#4756 = SURFACE_CURVE('',#4757,(#4761,#4768),.PCURVE_S1.);
#4757 = LINE('',#4758,#4759);
#4758 = CARTESIAN_POINT('',(16.760902311234,5.940253165948,
    1.000000040552E-07));
#4759 = VECTOR('',#4760,1.);
#4760 = DIRECTION('',(1.110223024625E-16,0.,1.));
#4761 = PCURVE('',#2261,#4762);
#4762 = DEFINITIONAL_REPRESENTATION('',(#4763),#4767);
#4763 = LINE('',#4764,#4765);
#4764 = CARTESIAN_POINT('',(-2.723519942109,0.));
#4765 = VECTOR('',#4766,1.);
#4766 = DIRECTION('',(-0.,-1.));
#4767 = ( GEOMETRIC_REPRESENTATION_CONTEXT(2) 
PARAMETRIC_REPRESENTATION_CONTEXT() REPRESENTATION_CONTEXT('2D SPACE',''
  ) );
#4768 = PCURVE('',#2232,#4769);
#4769 = DEFINITIONAL_REPRESENTATION('',(#4770),#4774);
#4770 = LINE('',#4771,#4772);
#4771 = CARTESIAN_POINT('',(12.536062956766,-6.047671158158E-18));
#4772 = VECTOR('',#4773,1.);
#4773 = DIRECTION('',(0.,-1.));
#4774 = ( GEOMETRIC_REPRESENTATION_CONTEXT(2) 
PARAMETRIC_REPRESENTATION_CONTEXT() REPRESENTATION_CONTEXT('2D SPACE',''
  ) );
#4775 = ORIENTED_EDGE('',*,*,#2244,.F.);
#4776 = ADVANCED_FACE('',(#4777),#2232,.F.);
#4777 = FACE_BOUND('',#4778,.F.);
#4778 = EDGE_LOOP('',(#4779,#4800,#4801,#4802));
#4779 = ORIENTED_EDGE('',*,*,#4780,.T.);
#4780 = EDGE_CURVE('',#2189,#3522,#4781,.T.);
#4781 = SURFACE_CURVE('',#4782,(#4786,#4793),.PCURVE_S1.);
#4782 = LINE('',#4783,#4784);
#4783 = CARTESIAN_POINT('',(26.706429732085,13.571724765653,
    1.00000002945E-07));
#4784 = VECTOR('',#4785,1.);
#4785 = DIRECTION('',(1.110223024625E-16,0.,1.));
#4786 = PCURVE('',#2232,#4787);
#4787 = DEFINITIONAL_REPRESENTATION('',(#4788),#4792);
#4788 = LINE('',#4789,#4790);
#4789 = CARTESIAN_POINT('',(0.,0.));
#4790 = VECTOR('',#4791,1.);
#4791 = DIRECTION('',(0.,-1.));
#4792 = ( GEOMETRIC_REPRESENTATION_CONTEXT(2) 
PARAMETRIC_REPRESENTATION_CONTEXT() REPRESENTATION_CONTEXT('2D SPACE',''
  ) );
#4793 = PCURVE('',#2204,#4794);
#4794 = DEFINITIONAL_REPRESENTATION('',(#4795),#4799);
#4795 = LINE('',#4796,#4797);
#4796 = CARTESIAN_POINT('',(1.4,-1.640176876403E-17));
#4797 = VECTOR('',#4798,1.);
#4798 = DIRECTION('',(0.,-1.));
#4799 = ( GEOMETRIC_REPRESENTATION_CONTEXT(2) 
PARAMETRIC_REPRESENTATION_CONTEXT() REPRESENTATION_CONTEXT('2D SPACE',''
  ) );
#4800 = ORIENTED_EDGE('',*,*,#3544,.T.);
#4801 = ORIENTED_EDGE('',*,*,#4755,.F.);
#4802 = ORIENTED_EDGE('',*,*,#2216,.F.);
#4803 = ADVANCED_FACE('',(#4804),#2204,.F.);
#4804 = FACE_BOUND('',#4805,.F.);
#4805 = EDGE_LOOP('',(#4806,#4827,#4828,#4829));
#4806 = ORIENTED_EDGE('',*,*,#4807,.T.);
#4807 = EDGE_CURVE('',#2161,#3499,#4808,.T.);
#4808 = SURFACE_CURVE('',#4809,(#4813,#4820),.PCURVE_S1.);
#4809 = LINE('',#4810,#4811);
#4810 = CARTESIAN_POINT('',(27.558695732697,12.461030089245,
    1.000000028339E-07));
#4811 = VECTOR('',#4812,1.);
#4812 = DIRECTION('',(1.110223024625E-16,0.,1.));
#4813 = PCURVE('',#2204,#4814);
#4814 = DEFINITIONAL_REPRESENTATION('',(#4815),#4819);
#4815 = LINE('',#4816,#4817);
#4816 = CARTESIAN_POINT('',(0.,0.));
#4817 = VECTOR('',#4818,1.);
#4818 = DIRECTION('',(0.,-1.));
#4819 = ( GEOMETRIC_REPRESENTATION_CONTEXT(2) 
PARAMETRIC_REPRESENTATION_CONTEXT() REPRESENTATION_CONTEXT('2D SPACE',''
  ) );
#4820 = PCURVE('',#2176,#4821);
#4821 = DEFINITIONAL_REPRESENTATION('',(#4822),#4826);
#4822 = LINE('',#4823,#4824);
#4823 = CARTESIAN_POINT('',(11.714092792709,-3.257556952818E-17));
#4824 = VECTOR('',#4825,1.);
#4825 = DIRECTION('',(0.,-1.));
#4826 = ( GEOMETRIC_REPRESENTATION_CONTEXT(2) 
PARAMETRIC_REPRESENTATION_CONTEXT() REPRESENTATION_CONTEXT('2D SPACE',''
  ) );
#4827 = ORIENTED_EDGE('',*,*,#3521,.T.);
#4828 = ORIENTED_EDGE('',*,*,#4780,.F.);
#4829 = ORIENTED_EDGE('',*,*,#2188,.F.);
#4830 = ADVANCED_FACE('',(#4831),#2176,.F.);
#4831 = FACE_BOUND('',#4832,.F.);
#4832 = EDGE_LOOP('',(#4833,#4854,#4855,#4856));
#4833 = ORIENTED_EDGE('',*,*,#4834,.T.);
#4834 = EDGE_CURVE('',#2132,#3475,#4835,.T.);
#4835 = SURFACE_CURVE('',#4836,(#4840,#4847),.PCURVE_S1.);
#4836 = LINE('',#4837,#4838);
#4837 = CARTESIAN_POINT('',(18.26528108712,5.329942221215,
    1.000000038331E-07));
#4838 = VECTOR('',#4839,1.);
#4839 = DIRECTION('',(1.110223024625E-16,0.,1.));
#4840 = PCURVE('',#2176,#4841);
#4841 = DEFINITIONAL_REPRESENTATION('',(#4842),#4846);
#4842 = LINE('',#4843,#4844);
#4843 = CARTESIAN_POINT('',(0.,0.));
#4844 = VECTOR('',#4845,1.);
#4845 = DIRECTION('',(0.,-1.));
#4846 = ( GEOMETRIC_REPRESENTATION_CONTEXT(2) 
PARAMETRIC_REPRESENTATION_CONTEXT() REPRESENTATION_CONTEXT('2D SPACE',''
  ) );
#4847 = PCURVE('',#2148,#4848);
#4848 = DEFINITIONAL_REPRESENTATION('',(#4849),#4853);
#4849 = LINE('',#4850,#4851);
#4850 = CARTESIAN_POINT('',(-2.788862104048,0.));
#4851 = VECTOR('',#4852,1.);
#4852 = DIRECTION('',(-0.,-1.));
#4853 = ( GEOMETRIC_REPRESENTATION_CONTEXT(2) 
PARAMETRIC_REPRESENTATION_CONTEXT() REPRESENTATION_CONTEXT('2D SPACE',''
  ) );
#4854 = ORIENTED_EDGE('',*,*,#3498,.T.);
#4855 = ORIENTED_EDGE('',*,*,#4807,.F.);
#4856 = ORIENTED_EDGE('',*,*,#2160,.F.);
#4857 = ADVANCED_FACE('',(#4858),#2148,.F.);
#4858 = FACE_BOUND('',#4859,.T.);
#4859 = EDGE_LOOP('',(#4860,#4861,#4862,#4883));
#4860 = ORIENTED_EDGE('',*,*,#4834,.T.);
#4861 = ORIENTED_EDGE('',*,*,#3474,.T.);
#4862 = ORIENTED_EDGE('',*,*,#4863,.F.);
#4863 = EDGE_CURVE('',#2104,#3452,#4864,.T.);
#4864 = SURFACE_CURVE('',#4865,(#4869,#4876),.PCURVE_S1.);
#4865 = LINE('',#4866,#4867);
#4866 = CARTESIAN_POINT('',(22.982394997865,4.102818372275,
    1.000000033891E-07));
#4867 = VECTOR('',#4868,1.);
#4868 = DIRECTION('',(1.110223024625E-16,0.,1.));
#4869 = PCURVE('',#2148,#4870);
#4870 = DEFINITIONAL_REPRESENTATION('',(#4871),#4875);
#4871 = LINE('',#4872,#4873);
#4872 = CARTESIAN_POINT('',(-2.985319329908,0.));
#4873 = VECTOR('',#4874,1.);
#4874 = DIRECTION('',(-0.,-1.));
#4875 = ( GEOMETRIC_REPRESENTATION_CONTEXT(2) 
PARAMETRIC_REPRESENTATION_CONTEXT() REPRESENTATION_CONTEXT('2D SPACE',''
  ) );
#4876 = PCURVE('',#2119,#4877);
#4877 = DEFINITIONAL_REPRESENTATION('',(#4878),#4882);
#4878 = LINE('',#4879,#4880);
#4879 = CARTESIAN_POINT('',(12.536062956766,-4.091487152365E-17));
#4880 = VECTOR('',#4881,1.);
#4881 = DIRECTION('',(0.,-1.));
#4882 = ( GEOMETRIC_REPRESENTATION_CONTEXT(2) 
PARAMETRIC_REPRESENTATION_CONTEXT() REPRESENTATION_CONTEXT('2D SPACE',''
  ) );
#4883 = ORIENTED_EDGE('',*,*,#2131,.F.);
#4884 = ADVANCED_FACE('',(#4885),#2119,.F.);
#4885 = FACE_BOUND('',#4886,.F.);
#4886 = EDGE_LOOP('',(#4887,#4908,#4909,#4910));
#4887 = ORIENTED_EDGE('',*,*,#4888,.T.);
#4888 = EDGE_CURVE('',#2076,#3429,#4889,.T.);
#4889 = SURFACE_CURVE('',#4890,(#4894,#4901),.PCURVE_S1.);
#4890 = LINE('',#4891,#4892);
#4891 = CARTESIAN_POINT('',(30.613866597569,14.048345793127,
    1.000000025009E-07));
#4892 = VECTOR('',#4893,1.);
#4893 = DIRECTION('',(1.110223024625E-16,0.,1.));
#4894 = PCURVE('',#2119,#4895);
#4895 = DEFINITIONAL_REPRESENTATION('',(#4896),#4900);
#4896 = LINE('',#4897,#4898);
#4897 = CARTESIAN_POINT('',(0.,0.));
#4898 = VECTOR('',#4899,1.);
#4899 = DIRECTION('',(0.,-1.));
#4900 = ( GEOMETRIC_REPRESENTATION_CONTEXT(2) 
PARAMETRIC_REPRESENTATION_CONTEXT() REPRESENTATION_CONTEXT('2D SPACE',''
  ) );
#4901 = PCURVE('',#2091,#4902);
#4902 = DEFINITIONAL_REPRESENTATION('',(#4903),#4907);
#4903 = LINE('',#4904,#4905);
#4904 = CARTESIAN_POINT('',(1.4,1.228957784513E-17));
#4905 = VECTOR('',#4906,1.);
#4906 = DIRECTION('',(0.,-1.));
#4907 = ( GEOMETRIC_REPRESENTATION_CONTEXT(2) 
PARAMETRIC_REPRESENTATION_CONTEXT() REPRESENTATION_CONTEXT('2D SPACE',''
  ) );
#4908 = ORIENTED_EDGE('',*,*,#3451,.T.);
#4909 = ORIENTED_EDGE('',*,*,#4863,.F.);
#4910 = ORIENTED_EDGE('',*,*,#2103,.F.);
#4911 = ADVANCED_FACE('',(#4912),#2091,.F.);
#4912 = FACE_BOUND('',#4913,.F.);
#4913 = EDGE_LOOP('',(#4914,#4935,#4936,#4937));
#4914 = ORIENTED_EDGE('',*,*,#4915,.T.);
#4915 = EDGE_CURVE('',#2048,#3406,#4916,.T.);
#4916 = SURFACE_CURVE('',#4917,(#4921,#4928),.PCURVE_S1.);
#4917 = LINE('',#4918,#4919);
#4918 = CARTESIAN_POINT('',(31.724561273977,13.196079792515,
    1.000000023899E-07));
#4919 = VECTOR('',#4920,1.);
#4920 = DIRECTION('',(1.110223024625E-16,0.,1.));
#4921 = PCURVE('',#2091,#4922);
#4922 = DEFINITIONAL_REPRESENTATION('',(#4923),#4927);
#4923 = LINE('',#4924,#4925);
#4924 = CARTESIAN_POINT('',(0.,0.));
#4925 = VECTOR('',#4926,1.);
#4926 = DIRECTION('',(0.,-1.));
#4927 = ( GEOMETRIC_REPRESENTATION_CONTEXT(2) 
PARAMETRIC_REPRESENTATION_CONTEXT() REPRESENTATION_CONTEXT('2D SPACE',''
  ) );
#4928 = PCURVE('',#2063,#4929);
#4929 = DEFINITIONAL_REPRESENTATION('',(#4930),#4934);
#4930 = LINE('',#4931,#4932);
#4931 = CARTESIAN_POINT('',(11.714092792709,-1.455367693363E-17));
#4932 = VECTOR('',#4933,1.);
#4933 = DIRECTION('',(0.,-1.));
#4934 = ( GEOMETRIC_REPRESENTATION_CONTEXT(2) 
PARAMETRIC_REPRESENTATION_CONTEXT() REPRESENTATION_CONTEXT('2D SPACE',''
  ) );
#4935 = ORIENTED_EDGE('',*,*,#3428,.T.);
#4936 = ORIENTED_EDGE('',*,*,#4888,.F.);
#4937 = ORIENTED_EDGE('',*,*,#2075,.F.);
#4938 = ADVANCED_FACE('',(#4939),#2063,.F.);
#4939 = FACE_BOUND('',#4940,.F.);
#4940 = EDGE_LOOP('',(#4941,#4962,#4963,#4964));
#4941 = ORIENTED_EDGE('',*,*,#4942,.T.);
#4942 = EDGE_CURVE('',#2019,#3382,#4943,.T.);
#4943 = SURFACE_CURVE('',#4944,(#4948,#4955),.PCURVE_S1.);
#4944 = LINE('',#4945,#4946);
#4945 = CARTESIAN_POINT('',(24.593473405947,3.902665146938,
    1.00000003167E-07));
#4946 = VECTOR('',#4947,1.);
#4947 = DIRECTION('',(1.110223024625E-16,0.,1.));
#4948 = PCURVE('',#2063,#4949);
#4949 = DEFINITIONAL_REPRESENTATION('',(#4950),#4954);
#4950 = LINE('',#4951,#4952);
#4951 = CARTESIAN_POINT('',(0.,0.));
#4952 = VECTOR('',#4953,1.);
#4953 = DIRECTION('',(0.,-1.));
#4954 = ( GEOMETRIC_REPRESENTATION_CONTEXT(2) 
PARAMETRIC_REPRESENTATION_CONTEXT() REPRESENTATION_CONTEXT('2D SPACE',''
  ) );
#4955 = PCURVE('',#2035,#4956);
#4956 = DEFINITIONAL_REPRESENTATION('',(#4957),#4961);
#4957 = LINE('',#4958,#4959);
#4958 = CARTESIAN_POINT('',(-3.050661491847,0.));
#4959 = VECTOR('',#4960,1.);
#4960 = DIRECTION('',(-0.,-1.));
#4961 = ( GEOMETRIC_REPRESENTATION_CONTEXT(2) 
PARAMETRIC_REPRESENTATION_CONTEXT() REPRESENTATION_CONTEXT('2D SPACE',''
  ) );
#4962 = ORIENTED_EDGE('',*,*,#3405,.T.);
#4963 = ORIENTED_EDGE('',*,*,#4915,.F.);
#4964 = ORIENTED_EDGE('',*,*,#2047,.F.);
#4965 = ADVANCED_FACE('',(#4966),#2035,.F.);
#4966 = FACE_BOUND('',#4967,.T.);
#4967 = EDGE_LOOP('',(#4968,#4969,#4970,#4991));
#4968 = ORIENTED_EDGE('',*,*,#4942,.T.);
#4969 = ORIENTED_EDGE('',*,*,#3381,.T.);
#4970 = ORIENTED_EDGE('',*,*,#4971,.F.);
#4971 = EDGE_CURVE('',#1991,#3359,#4972,.T.);
#4972 = SURFACE_CURVE('',#4973,(#4977,#4984),.PCURVE_S1.);
#4973 = LINE('',#4974,#4975);
#4974 = CARTESIAN_POINT('',(29.467458580688,3.938233447211,
    1.000000026119E-07));
#4975 = VECTOR('',#4976,1.);
#4976 = DIRECTION('',(1.110223024625E-16,0.,1.));
#4977 = PCURVE('',#2035,#4978);
#4978 = DEFINITIONAL_REPRESENTATION('',(#4979),#4983);
#4979 = LINE('',#4980,#4981);
#4980 = CARTESIAN_POINT('',(-3.247118717707,0.));
#4981 = VECTOR('',#4982,1.);
#4982 = DIRECTION('',(-0.,-1.));
#4983 = ( GEOMETRIC_REPRESENTATION_CONTEXT(2) 
PARAMETRIC_REPRESENTATION_CONTEXT() REPRESENTATION_CONTEXT('2D SPACE',''
  ) );
#4984 = PCURVE('',#2006,#4985);
#4985 = DEFINITIONAL_REPRESENTATION('',(#4986),#4990);
#4986 = LINE('',#4987,#4988);
#4987 = CARTESIAN_POINT('',(12.536062956767,8.852292239685E-17));
#4988 = VECTOR('',#4989,1.);
#4989 = DIRECTION('',(0.,-1.));
#4990 = ( GEOMETRIC_REPRESENTATION_CONTEXT(2) 
PARAMETRIC_REPRESENTATION_CONTEXT() REPRESENTATION_CONTEXT('2D SPACE',''
  ) );
#4991 = ORIENTED_EDGE('',*,*,#2018,.F.);
#4992 = ADVANCED_FACE('',(#4993),#2006,.F.);
#4993 = FACE_BOUND('',#4994,.F.);
#4994 = EDGE_LOOP('',(#4995,#5016,#5017,#5018));
#4995 = ORIENTED_EDGE('',*,*,#4996,.T.);
#4996 = EDGE_CURVE('',#1963,#3336,#4997,.T.);
#4997 = SURFACE_CURVE('',#4998,(#5002,#5009),.PCURVE_S1.);
#4998 = LINE('',#4999,#5000);
#4999 = CARTESIAN_POINT('',(34.264802181328,15.520045431241,
    1.000000021678E-07));
#5000 = VECTOR('',#5001,1.);
#5001 = DIRECTION('',(1.110223024625E-16,0.,1.));
#5002 = PCURVE('',#2006,#5003);
#5003 = DEFINITIONAL_REPRESENTATION('',(#5004),#5008);
#5004 = LINE('',#5005,#5006);
#5005 = CARTESIAN_POINT('',(0.,0.));
#5006 = VECTOR('',#5007,1.);
#5007 = DIRECTION('',(0.,-1.));
#5008 = ( GEOMETRIC_REPRESENTATION_CONTEXT(2) 
PARAMETRIC_REPRESENTATION_CONTEXT() REPRESENTATION_CONTEXT('2D SPACE',''
  ) );
#5009 = PCURVE('',#1978,#5010);
#5010 = DEFINITIONAL_REPRESENTATION('',(#5011),#5015);
#5011 = LINE('',#5012,#5013);
#5012 = CARTESIAN_POINT('',(1.4,-7.844487886868E-17));
#5013 = VECTOR('',#5014,1.);
#5014 = DIRECTION('',(0.,-1.));
#5015 = ( GEOMETRIC_REPRESENTATION_CONTEXT(2) 
PARAMETRIC_REPRESENTATION_CONTEXT() REPRESENTATION_CONTEXT('2D SPACE',''
  ) );
#5016 = ORIENTED_EDGE('',*,*,#3358,.T.);
#5017 = ORIENTED_EDGE('',*,*,#4971,.F.);
#5018 = ORIENTED_EDGE('',*,*,#1990,.F.);
#5019 = ADVANCED_FACE('',(#5020),#1978,.F.);
#5020 = FACE_BOUND('',#5021,.F.);
#5021 = EDGE_LOOP('',(#5022,#5043,#5044,#5045));
#5022 = ORIENTED_EDGE('',*,*,#5023,.T.);
#5023 = EDGE_CURVE('',#1935,#3313,#5024,.T.);
#5024 = SURFACE_CURVE('',#5025,(#5029,#5036),.PCURVE_S1.);
#5025 = LINE('',#5026,#5027);
#5026 = CARTESIAN_POINT('',(35.558233526844,14.98428862593,
    1.000000019458E-07));
#5027 = VECTOR('',#5028,1.);
#5028 = DIRECTION('',(1.110223024625E-16,0.,1.));
#5029 = PCURVE('',#1978,#5030);
#5030 = DEFINITIONAL_REPRESENTATION('',(#5031),#5035);
#5031 = LINE('',#5032,#5033);
#5032 = CARTESIAN_POINT('',(0.,0.));
#5033 = VECTOR('',#5034,1.);
#5034 = DIRECTION('',(0.,-1.));
#5035 = ( GEOMETRIC_REPRESENTATION_CONTEXT(2) 
PARAMETRIC_REPRESENTATION_CONTEXT() REPRESENTATION_CONTEXT('2D SPACE',''
  ) );
#5036 = PCURVE('',#1950,#5037);
#5037 = DEFINITIONAL_REPRESENTATION('',(#5038),#5042);
#5038 = LINE('',#5039,#5040);
#5039 = CARTESIAN_POINT('',(11.714092792708,5.742192977145E-17));
#5040 = VECTOR('',#5041,1.);
#5041 = DIRECTION('',(0.,-1.));
#5042 = ( GEOMETRIC_REPRESENTATION_CONTEXT(2) 
PARAMETRIC_REPRESENTATION_CONTEXT() REPRESENTATION_CONTEXT('2D SPACE',''
  ) );
#5043 = ORIENTED_EDGE('',*,*,#3335,.T.);
#5044 = ORIENTED_EDGE('',*,*,#4996,.F.);
#5045 = ORIENTED_EDGE('',*,*,#1962,.F.);
#5046 = ADVANCED_FACE('',(#5047),#1950,.F.);
#5047 = FACE_BOUND('',#5048,.F.);
#5048 = EDGE_LOOP('',(#5049,#5070,#5071,#5072));
#5049 = ORIENTED_EDGE('',*,*,#5050,.T.);
#5050 = EDGE_CURVE('',#1906,#3289,#5051,.T.);
#5051 = SURFACE_CURVE('',#5052,(#5056,#5063),.PCURVE_S1.);
#5052 = LINE('',#5053,#5054);
#5053 = CARTESIAN_POINT('',(31.075444289888,4.161878052809,
    1.000000025009E-07));
#5054 = VECTOR('',#5055,1.);
#5055 = DIRECTION('',(1.110223024625E-16,0.,1.));
#5056 = PCURVE('',#1950,#5057);
#5057 = DEFINITIONAL_REPRESENTATION('',(#5058),#5062);
#5058 = LINE('',#5059,#5060);
#5059 = CARTESIAN_POINT('',(-8.205698631792E-16,-0.));
#5060 = VECTOR('',#5061,1.);
#5061 = DIRECTION('',(0.,-1.));
#5062 = ( GEOMETRIC_REPRESENTATION_CONTEXT(2) 
PARAMETRIC_REPRESENTATION_CONTEXT() REPRESENTATION_CONTEXT('2D SPACE',''
  ) );
#5063 = PCURVE('',#1922,#5064);
#5064 = DEFINITIONAL_REPRESENTATION('',(#5065),#5069);
#5065 = LINE('',#5066,#5067);
#5066 = CARTESIAN_POINT('',(-3.312460879646,0.));
#5067 = VECTOR('',#5068,1.);
#5068 = DIRECTION('',(-0.,-1.));
#5069 = ( GEOMETRIC_REPRESENTATION_CONTEXT(2) 
PARAMETRIC_REPRESENTATION_CONTEXT() REPRESENTATION_CONTEXT('2D SPACE',''
  ) );
#5070 = ORIENTED_EDGE('',*,*,#3312,.T.);
#5071 = ORIENTED_EDGE('',*,*,#5023,.F.);
#5072 = ORIENTED_EDGE('',*,*,#1934,.F.);
#5073 = ADVANCED_FACE('',(#5074),#1922,.F.);
#5074 = FACE_BOUND('',#5075,.T.);
#5075 = EDGE_LOOP('',(#5076,#5077,#5078,#5099));
#5076 = ORIENTED_EDGE('',*,*,#5050,.T.);
#5077 = ORIENTED_EDGE('',*,*,#3288,.T.);
#5078 = ORIENTED_EDGE('',*,*,#5079,.F.);
#5079 = EDGE_CURVE('',#1878,#3266,#5080,.T.);
#5080 = SURFACE_CURVE('',#5081,(#5085,#5092),.PCURVE_S1.);
#5081 = LINE('',#5082,#5083);
#5082 = CARTESIAN_POINT('',(35.774146693607,5.457714581409,
    1.000000019458E-07));
#5083 = VECTOR('',#5084,1.);
#5084 = DIRECTION('',(1.110223024625E-16,0.,1.));
#5085 = PCURVE('',#1922,#5086);
#5086 = DEFINITIONAL_REPRESENTATION('',(#5087),#5091);
#5087 = LINE('',#5088,#5089);
#5088 = CARTESIAN_POINT('',(-3.508918105506,0.));
#5089 = VECTOR('',#5090,1.);
#5090 = DIRECTION('',(-0.,-1.));
#5091 = ( GEOMETRIC_REPRESENTATION_CONTEXT(2) 
PARAMETRIC_REPRESENTATION_CONTEXT() REPRESENTATION_CONTEXT('2D SPACE',''
  ) );
#5092 = PCURVE('',#1893,#5093);
#5093 = DEFINITIONAL_REPRESENTATION('',(#5094),#5098);
#5094 = LINE('',#5095,#5096);
#5095 = CARTESIAN_POINT('',(12.536062956767,-4.038052523718E-17));
#5096 = VECTOR('',#5097,1.);
#5097 = DIRECTION('',(0.,-1.));
#5098 = ( GEOMETRIC_REPRESENTATION_CONTEXT(2) 
PARAMETRIC_REPRESENTATION_CONTEXT() REPRESENTATION_CONTEXT('2D SPACE',''
  ) );
#5099 = ORIENTED_EDGE('',*,*,#1905,.F.);
#5100 = ADVANCED_FACE('',(#5101),#1893,.F.);
#5101 = FACE_BOUND('',#5102,.F.);
#5102 = EDGE_LOOP('',(#5103,#5124,#5125,#5126));
#5103 = ORIENTED_EDGE('',*,*,#5104,.T.);
#5104 = EDGE_CURVE('',#1850,#3243,#5105,.T.);
#5105 = SURFACE_CURVE('',#5106,(#5110,#5117),.PCURVE_S1.);
#5106 = LINE('',#5107,#5108);
#5107 = CARTESIAN_POINT('',(37.410431256785,17.886529781755,
    1.000000017237E-07));
#5108 = VECTOR('',#5109,1.);
#5109 = DIRECTION('',(1.110223024625E-16,0.,1.));
#5110 = PCURVE('',#1893,#5111);
#5111 = DEFINITIONAL_REPRESENTATION('',(#5112),#5116);
#5112 = LINE('',#5113,#5114);
#5113 = CARTESIAN_POINT('',(0.,0.));
#5114 = VECTOR('',#5115,1.);
#5115 = DIRECTION('',(0.,-1.));
#5116 = ( GEOMETRIC_REPRESENTATION_CONTEXT(2) 
PARAMETRIC_REPRESENTATION_CONTEXT() REPRESENTATION_CONTEXT('2D SPACE',''
  ) );
#5117 = PCURVE('',#1865,#5118);
#5118 = DEFINITIONAL_REPRESENTATION('',(#5119),#5123);
#5119 = LINE('',#5120,#5121);
#5120 = CARTESIAN_POINT('',(1.4,4.307918532157E-17));
#5121 = VECTOR('',#5122,1.);
#5122 = DIRECTION('',(0.,-1.));
#5123 = ( GEOMETRIC_REPRESENTATION_CONTEXT(2) 
PARAMETRIC_REPRESENTATION_CONTEXT() REPRESENTATION_CONTEXT('2D SPACE',''
  ) );
#5124 = ORIENTED_EDGE('',*,*,#3265,.T.);
#5125 = ORIENTED_EDGE('',*,*,#5079,.F.);
#5126 = ORIENTED_EDGE('',*,*,#1877,.F.);
#5127 = ADVANCED_FACE('',(#5128),#1865,.F.);
#5128 = FACE_BOUND('',#5129,.F.);
#5129 = EDGE_LOOP('',(#5130,#5151,#5152,#5153));
#5130 = ORIENTED_EDGE('',*,*,#5131,.T.);
#5131 = EDGE_CURVE('',#1822,#3220,#5132,.T.);
#5132 = SURFACE_CURVE('',#5133,(#5137,#5144),.PCURVE_S1.);
#5133 = LINE('',#5134,#5135);
#5134 = CARTESIAN_POINT('',(38.798454062708,17.703793112647,
    1.000000016127E-07));
#5135 = VECTOR('',#5136,1.);
#5136 = DIRECTION('',(1.110223024625E-16,0.,1.));
#5137 = PCURVE('',#1865,#5138);
#5138 = DEFINITIONAL_REPRESENTATION('',(#5139),#5143);
#5139 = LINE('',#5140,#5141);
#5140 = CARTESIAN_POINT('',(0.,0.));
#5141 = VECTOR('',#5142,1.);
#5142 = DIRECTION('',(0.,-1.));
#5143 = ( GEOMETRIC_REPRESENTATION_CONTEXT(2) 
PARAMETRIC_REPRESENTATION_CONTEXT() REPRESENTATION_CONTEXT('2D SPACE',''
  ) );
#5144 = PCURVE('',#1837,#5145);
#5145 = DEFINITIONAL_REPRESENTATION('',(#5146),#5150);
#5146 = LINE('',#5147,#5148);
#5147 = CARTESIAN_POINT('',(11.714092792708,5.229195659323E-17));
#5148 = VECTOR('',#5149,1.);
#5149 = DIRECTION('',(0.,-1.));
#5150 = ( GEOMETRIC_REPRESENTATION_CONTEXT(2) 
PARAMETRIC_REPRESENTATION_CONTEXT() REPRESENTATION_CONTEXT('2D SPACE',''
  ) );
#5151 = ORIENTED_EDGE('',*,*,#3242,.T.);
#5152 = ORIENTED_EDGE('',*,*,#5104,.F.);
#5153 = ORIENTED_EDGE('',*,*,#1849,.F.);
#5154 = ADVANCED_FACE('',(#5155),#1837,.F.);
#5155 = FACE_BOUND('',#5156,.F.);
#5156 = EDGE_LOOP('',(#5157,#5178,#5179,#5180));
#5157 = ORIENTED_EDGE('',*,*,#5158,.T.);
#5158 = EDGE_CURVE('',#1793,#3196,#5159,.T.);
#5159 = SURFACE_CURVE('',#5160,(#5164,#5171),.PCURVE_S1.);
#5160 = LINE('',#5161,#5162);
#5161 = CARTESIAN_POINT('',(37.269458135164,6.08991600766,
    1.000000018347E-07));
#5162 = VECTOR('',#5163,1.);
#5163 = DIRECTION('',(1.110223024625E-16,0.,1.));
#5164 = PCURVE('',#1837,#5165);
#5165 = DEFINITIONAL_REPRESENTATION('',(#5166),#5170);
#5166 = LINE('',#5167,#5168);
#5167 = CARTESIAN_POINT('',(0.,0.));
#5168 = VECTOR('',#5169,1.);
#5169 = DIRECTION('',(0.,-1.));
#5170 = ( GEOMETRIC_REPRESENTATION_CONTEXT(2) 
PARAMETRIC_REPRESENTATION_CONTEXT() REPRESENTATION_CONTEXT('2D SPACE',''
  ) );
#5171 = PCURVE('',#1809,#5172);
#5172 = DEFINITIONAL_REPRESENTATION('',(#5173),#5177);
#5173 = LINE('',#5174,#5175);
#5174 = CARTESIAN_POINT('',(-3.574260267446,0.));
#5175 = VECTOR('',#5176,1.);
#5176 = DIRECTION('',(-0.,-1.));
#5177 = ( GEOMETRIC_REPRESENTATION_CONTEXT(2) 
PARAMETRIC_REPRESENTATION_CONTEXT() REPRESENTATION_CONTEXT('2D SPACE',''
  ) );
#5178 = ORIENTED_EDGE('',*,*,#3219,.T.);
#5179 = ORIENTED_EDGE('',*,*,#5131,.F.);
#5180 = ORIENTED_EDGE('',*,*,#1821,.F.);
#5181 = ADVANCED_FACE('',(#5182),#1809,.F.);
#5182 = FACE_BOUND('',#5183,.T.);
#5183 = EDGE_LOOP('',(#5184,#5185,#5186,#5207));
#5184 = ORIENTED_EDGE('',*,*,#5158,.T.);
#5185 = ORIENTED_EDGE('',*,*,#3195,.T.);
#5186 = ORIENTED_EDGE('',*,*,#5187,.F.);
#5187 = EDGE_CURVE('',#1765,#3173,#5188,.T.);
#5188 = SURFACE_CURVE('',#5189,(#5193,#5200),.PCURVE_S1.);
#5189 = LINE('',#5190,#5191);
#5190 = CARTESIAN_POINT('',(41.472668964021,8.557711646636,
    1.000000012796E-07));
#5191 = VECTOR('',#5192,1.);
#5192 = DIRECTION('',(1.110223024625E-16,0.,1.));
#5193 = PCURVE('',#1809,#5194);
#5194 = DEFINITIONAL_REPRESENTATION('',(#5195),#5199);
#5195 = LINE('',#5196,#5197);
#5196 = CARTESIAN_POINT('',(-3.770717493305,0.));
#5197 = VECTOR('',#5198,1.);
#5198 = DIRECTION('',(-0.,-1.));
#5199 = ( GEOMETRIC_REPRESENTATION_CONTEXT(2) 
PARAMETRIC_REPRESENTATION_CONTEXT() REPRESENTATION_CONTEXT('2D SPACE',''
  ) );
#5200 = PCURVE('',#1780,#5201);
#5201 = DEFINITIONAL_REPRESENTATION('',(#5202),#5206);
#5202 = LINE('',#5203,#5204);
#5203 = CARTESIAN_POINT('',(12.536062956766,4.038052523719E-17));
#5204 = VECTOR('',#5205,1.);
#5205 = DIRECTION('',(0.,-1.));
#5206 = ( GEOMETRIC_REPRESENTATION_CONTEXT(2) 
PARAMETRIC_REPRESENTATION_CONTEXT() REPRESENTATION_CONTEXT('2D SPACE',''
  ) );
#5207 = ORIENTED_EDGE('',*,*,#1792,.F.);
#5208 = ADVANCED_FACE('',(#5209),#1780,.F.);
#5209 = FACE_BOUND('',#5210,.F.);
#5210 = EDGE_LOOP('',(#5211,#5232,#5233,#5234));
#5211 = ORIENTED_EDGE('',*,*,#5212,.T.);
#5212 = EDGE_CURVE('',#1737,#3150,#5213,.T.);
#5213 = SURFACE_CURVE('',#5214,(#5218,#5225),.PCURVE_S1.);
#5214 = LINE('',#5215,#5216);
#5215 = CARTESIAN_POINT('',(39.836384400843,20.986526846981,
    1.000000015017E-07));
#5216 = VECTOR('',#5217,1.);
#5217 = DIRECTION('',(1.110223024625E-16,0.,1.));
#5218 = PCURVE('',#1780,#5219);
#5219 = DEFINITIONAL_REPRESENTATION('',(#5220),#5224);
#5220 = LINE('',#5221,#5222);
#5221 = CARTESIAN_POINT('',(0.,0.));
#5222 = VECTOR('',#5223,1.);
#5223 = DIRECTION('',(0.,-1.));
#5224 = ( GEOMETRIC_REPRESENTATION_CONTEXT(2) 
PARAMETRIC_REPRESENTATION_CONTEXT() REPRESENTATION_CONTEXT('2D SPACE',''
  ) );
#5225 = PCURVE('',#1752,#5226);
#5226 = DEFINITIONAL_REPRESENTATION('',(#5227),#5231);
#5227 = LINE('',#5228,#5229);
#5228 = CARTESIAN_POINT('',(1.4,4.307918532158E-17));
#5229 = VECTOR('',#5230,1.);
#5230 = DIRECTION('',(0.,-1.));
#5231 = ( GEOMETRIC_REPRESENTATION_CONTEXT(2) 
PARAMETRIC_REPRESENTATION_CONTEXT() REPRESENTATION_CONTEXT('2D SPACE',''
  ) );
#5232 = ORIENTED_EDGE('',*,*,#3172,.T.);
#5233 = ORIENTED_EDGE('',*,*,#5187,.F.);
#5234 = ORIENTED_EDGE('',*,*,#1764,.F.);
#5235 = ADVANCED_FACE('',(#5236),#1752,.F.);
#5236 = FACE_BOUND('',#5237,.F.);
#5237 = EDGE_LOOP('',(#5238,#5259,#5260,#5261));
#5238 = ORIENTED_EDGE('',*,*,#5239,.T.);
#5239 = EDGE_CURVE('',#1709,#3127,#5240,.T.);
#5240 = SURFACE_CURVE('',#5241,(#5245,#5252),.PCURVE_S1.);
#5241 = LINE('',#5242,#5243);
#5242 = CARTESIAN_POINT('',(41.224407206767,21.169263516089,
    1.000000013907E-07));
#5243 = VECTOR('',#5244,1.);
#5244 = DIRECTION('',(1.110223024625E-16,0.,1.));
#5245 = PCURVE('',#1752,#5246);
#5246 = DEFINITIONAL_REPRESENTATION('',(#5247),#5251);
#5247 = LINE('',#5248,#5249);
#5248 = CARTESIAN_POINT('',(0.,0.));
#5249 = VECTOR('',#5250,1.);
#5250 = DIRECTION('',(0.,-1.));
#5251 = ( GEOMETRIC_REPRESENTATION_CONTEXT(2) 
PARAMETRIC_REPRESENTATION_CONTEXT() REPRESENTATION_CONTEXT('2D SPACE',''
  ) );
#5252 = PCURVE('',#1724,#5253);
#5253 = DEFINITIONAL_REPRESENTATION('',(#5254),#5258);
#5254 = LINE('',#5255,#5256);
#5255 = CARTESIAN_POINT('',(11.714092792709,-5.229195659322E-17));
#5256 = VECTOR('',#5257,1.);
#5257 = DIRECTION('',(0.,-1.));
#5258 = ( GEOMETRIC_REPRESENTATION_CONTEXT(2) 
PARAMETRIC_REPRESENTATION_CONTEXT() REPRESENTATION_CONTEXT('2D SPACE',''
  ) );
#5259 = ORIENTED_EDGE('',*,*,#3149,.T.);
#5260 = ORIENTED_EDGE('',*,*,#5212,.F.);
#5261 = ORIENTED_EDGE('',*,*,#1736,.F.);
#5262 = ADVANCED_FACE('',(#5263),#1724,.F.);
#5263 = FACE_BOUND('',#5264,.F.);
#5264 = EDGE_LOOP('',(#5265,#5286,#5287,#5288));
#5265 = ORIENTED_EDGE('',*,*,#5266,.T.);
#5266 = EDGE_CURVE('',#1680,#3103,#5267,.T.);
#5267 = SURFACE_CURVE('',#5268,(#5272,#5279),.PCURVE_S1.);
#5268 = LINE('',#5269,#5270);
#5269 = CARTESIAN_POINT('',(42.753403134311,9.555386411102,
    1.000000011686E-07));
#5270 = VECTOR('',#5271,1.);
#5271 = DIRECTION('',(1.110223024625E-16,0.,1.));
#5272 = PCURVE('',#1724,#5273);
#5273 = DEFINITIONAL_REPRESENTATION('',(#5274),#5278);
#5274 = LINE('',#5275,#5276);
#5275 = CARTESIAN_POINT('',(0.,0.));
#5276 = VECTOR('',#5277,1.);
#5277 = DIRECTION('',(0.,-1.));
#5278 = ( GEOMETRIC_REPRESENTATION_CONTEXT(2) 
PARAMETRIC_REPRESENTATION_CONTEXT() REPRESENTATION_CONTEXT('2D SPACE',''
  ) );
#5279 = PCURVE('',#1696,#5280);
#5280 = DEFINITIONAL_REPRESENTATION('',(#5281),#5285);
#5281 = LINE('',#5282,#5283);
#5282 = CARTESIAN_POINT('',(-3.836059655245,0.));
#5283 = VECTOR('',#5284,1.);
#5284 = DIRECTION('',(-0.,-1.));
#5285 = ( GEOMETRIC_REPRESENTATION_CONTEXT(2) 
PARAMETRIC_REPRESENTATION_CONTEXT() REPRESENTATION_CONTEXT('2D SPACE',''
  ) );
#5286 = ORIENTED_EDGE('',*,*,#3126,.T.);
#5287 = ORIENTED_EDGE('',*,*,#5239,.F.);
#5288 = ORIENTED_EDGE('',*,*,#1708,.F.);
#5289 = ADVANCED_FACE('',(#5290),#1696,.F.);
#5290 = FACE_BOUND('',#5291,.T.);
#5291 = EDGE_LOOP('',(#5292,#5293,#5294,#5315));
#5292 = ORIENTED_EDGE('',*,*,#5266,.T.);
#5293 = ORIENTED_EDGE('',*,*,#3102,.T.);
#5294 = ORIENTED_EDGE('',*,*,#5295,.F.);
#5295 = EDGE_CURVE('',#1652,#3080,#5296,.T.);
#5296 = SURFACE_CURVE('',#5297,(#5301,#5308),.PCURVE_S1.);
#5297 = LINE('',#5298,#5299);
#5298 = CARTESIAN_POINT('',(46.174680516455,13.026964965883,
    1.000000008355E-07));
#5299 = VECTOR('',#5300,1.);
#5300 = DIRECTION('',(1.110223024625E-16,0.,1.));
#5301 = PCURVE('',#1696,#5302);
#5302 = DEFINITIONAL_REPRESENTATION('',(#5303),#5307);
#5303 = LINE('',#5304,#5305);
#5304 = CARTESIAN_POINT('',(-4.032516881104,0.));
#5305 = VECTOR('',#5306,1.);
#5306 = DIRECTION('',(-0.,-1.));
#5307 = ( GEOMETRIC_REPRESENTATION_CONTEXT(2) 
PARAMETRIC_REPRESENTATION_CONTEXT() REPRESENTATION_CONTEXT('2D SPACE',''
  ) );
#5308 = PCURVE('',#1667,#5309);
#5309 = DEFINITIONAL_REPRESENTATION('',(#5310),#5314);
#5310 = LINE('',#5311,#5312);
#5311 = CARTESIAN_POINT('',(12.536062956766,-8.852292239682E-17));
#5312 = VECTOR('',#5313,1.);
#5313 = DIRECTION('',(0.,-1.));
#5314 = ( GEOMETRIC_REPRESENTATION_CONTEXT(2) 
PARAMETRIC_REPRESENTATION_CONTEXT() REPRESENTATION_CONTEXT('2D SPACE',''
  ) );
#5315 = ORIENTED_EDGE('',*,*,#1679,.F.);
#5316 = ADVANCED_FACE('',(#5317),#1667,.F.);
#5317 = FACE_BOUND('',#5318,.F.);
#5318 = EDGE_LOOP('',(#5319,#5340,#5341,#5342));
#5319 = ORIENTED_EDGE('',*,*,#5320,.T.);
#5320 = EDGE_CURVE('',#1624,#3057,#5321,.T.);
#5321 = SURFACE_CURVE('',#5322,(#5326,#5333),.PCURVE_S1.);
#5322 = LINE('',#5323,#5324);
#5323 = CARTESIAN_POINT('',(41.377336915815,24.608776949912,
    1.000000012796E-07));
#5324 = VECTOR('',#5325,1.);
#5325 = DIRECTION('',(1.110223024625E-16,0.,1.));
#5326 = PCURVE('',#1667,#5327);
#5327 = DEFINITIONAL_REPRESENTATION('',(#5328),#5332);
#5328 = LINE('',#5329,#5330);
#5329 = CARTESIAN_POINT('',(0.,0.));
#5330 = VECTOR('',#5331,1.);
#5331 = DIRECTION('',(0.,-1.));
#5332 = ( GEOMETRIC_REPRESENTATION_CONTEXT(2) 
PARAMETRIC_REPRESENTATION_CONTEXT() REPRESENTATION_CONTEXT('2D SPACE',''
  ) );
#5333 = PCURVE('',#1639,#5334);
#5334 = DEFINITIONAL_REPRESENTATION('',(#5335),#5339);
#5335 = LINE('',#5336,#5337);
#5336 = CARTESIAN_POINT('',(1.4,3.257742359384E-17));
#5337 = VECTOR('',#5338,1.);
#5338 = DIRECTION('',(0.,-1.));
#5339 = ( GEOMETRIC_REPRESENTATION_CONTEXT(2) 
PARAMETRIC_REPRESENTATION_CONTEXT() REPRESENTATION_CONTEXT('2D SPACE',''
  ) );
#5340 = ORIENTED_EDGE('',*,*,#3079,.T.);
#5341 = ORIENTED_EDGE('',*,*,#5295,.F.);
#5342 = ORIENTED_EDGE('',*,*,#1651,.F.);
#5343 = ADVANCED_FACE('',(#5344),#1639,.F.);
#5344 = FACE_BOUND('',#5345,.F.);
#5345 = EDGE_LOOP('',(#5346,#5367,#5368,#5369));
#5346 = ORIENTED_EDGE('',*,*,#5347,.T.);
#5347 = EDGE_CURVE('',#1596,#3034,#5348,.T.);
#5348 = SURFACE_CURVE('',#5349,(#5353,#5360),.PCURVE_S1.);
#5349 = LINE('',#5350,#5351);
#5350 = CARTESIAN_POINT('',(42.670768261331,25.144533755223,
    1.000000011686E-07));
#5351 = VECTOR('',#5352,1.);
#5352 = DIRECTION('',(1.110223024625E-16,0.,1.));
#5353 = PCURVE('',#1639,#5354);
#5354 = DEFINITIONAL_REPRESENTATION('',(#5355),#5359);
#5355 = LINE('',#5356,#5357);
#5356 = CARTESIAN_POINT('',(0.,0.));
#5357 = VECTOR('',#5358,1.);
#5358 = DIRECTION('',(0.,-1.));
#5359 = ( GEOMETRIC_REPRESENTATION_CONTEXT(2) 
PARAMETRIC_REPRESENTATION_CONTEXT() REPRESENTATION_CONTEXT('2D SPACE',''
  ) );
#5360 = PCURVE('',#1611,#5361);
#5361 = DEFINITIONAL_REPRESENTATION('',(#5362),#5366);
#5362 = LINE('',#5363,#5364);
#5363 = CARTESIAN_POINT('',(11.714092792708,5.360037269106E-17));
#5364 = VECTOR('',#5365,1.);
#5365 = DIRECTION('',(0.,-1.));
#5366 = ( GEOMETRIC_REPRESENTATION_CONTEXT(2) 
PARAMETRIC_REPRESENTATION_CONTEXT() REPRESENTATION_CONTEXT('2D SPACE',''
  ) );
#5367 = ORIENTED_EDGE('',*,*,#3056,.T.);
#5368 = ORIENTED_EDGE('',*,*,#5320,.F.);
#5369 = ORIENTED_EDGE('',*,*,#1623,.F.);
#5370 = ADVANCED_FACE('',(#5371),#1611,.F.);
#5371 = FACE_BOUND('',#5372,.F.);
#5372 = EDGE_LOOP('',(#5373,#5394,#5395,#5396));
#5373 = ORIENTED_EDGE('',*,*,#5374,.T.);
#5374 = EDGE_CURVE('',#1567,#3010,#5375,.T.);
#5375 = SURFACE_CURVE('',#5376,(#5380,#5387),.PCURVE_S1.);
#5376 = LINE('',#5377,#5378);
#5377 = CARTESIAN_POINT('',(47.153557498288,14.322123182102,
    1.000000007245E-07));
#5378 = VECTOR('',#5379,1.);
#5379 = DIRECTION('',(1.110223024625E-16,0.,1.));
#5380 = PCURVE('',#1611,#5381);
#5381 = DEFINITIONAL_REPRESENTATION('',(#5382),#5386);
#5382 = LINE('',#5383,#5384);
#5383 = CARTESIAN_POINT('',(0.,0.));
#5384 = VECTOR('',#5385,1.);
#5385 = DIRECTION('',(0.,-1.));
#5386 = ( GEOMETRIC_REPRESENTATION_CONTEXT(2) 
PARAMETRIC_REPRESENTATION_CONTEXT() REPRESENTATION_CONTEXT('2D SPACE',''
  ) );
#5387 = PCURVE('',#1583,#5388);
#5388 = DEFINITIONAL_REPRESENTATION('',(#5389),#5393);
#5389 = LINE('',#5390,#5391);
#5390 = CARTESIAN_POINT('',(-4.097859043044,0.));
#5391 = VECTOR('',#5392,1.);
#5392 = DIRECTION('',(-0.,-1.));
#5393 = ( GEOMETRIC_REPRESENTATION_CONTEXT(2) 
PARAMETRIC_REPRESENTATION_CONTEXT() REPRESENTATION_CONTEXT('2D SPACE',''
  ) );
#5394 = ORIENTED_EDGE('',*,*,#3033,.T.);
#5395 = ORIENTED_EDGE('',*,*,#5347,.F.);
#5396 = ORIENTED_EDGE('',*,*,#1595,.F.);
#5397 = ADVANCED_FACE('',(#5398),#1583,.F.);
#5398 = FACE_BOUND('',#5399,.T.);
#5399 = EDGE_LOOP('',(#5400,#5401,#5402,#5423));
#5400 = ORIENTED_EDGE('',*,*,#5374,.T.);
#5401 = ORIENTED_EDGE('',*,*,#3009,.T.);
#5402 = ORIENTED_EDGE('',*,*,#5403,.F.);
#5403 = EDGE_CURVE('',#1539,#2987,#5404,.T.);
#5404 = SURFACE_CURVE('',#5405,(#5409,#5416),.PCURVE_S1.);
#5405 = LINE('',#5406,#5407);
#5406 = CARTESIAN_POINT('',(49.559747034052,18.560902311234,
    1.000000003915E-07));
#5407 = VECTOR('',#5408,1.);
#5408 = DIRECTION('',(1.110223024625E-16,0.,1.));
#5409 = PCURVE('',#1583,#5410);
#5410 = DEFINITIONAL_REPRESENTATION('',(#5411),#5415);
#5411 = LINE('',#5412,#5413);
#5412 = CARTESIAN_POINT('',(-4.294316268904,0.));
#5413 = VECTOR('',#5414,1.);
#5414 = DIRECTION('',(-0.,-1.));
#5415 = ( GEOMETRIC_REPRESENTATION_CONTEXT(2) 
PARAMETRIC_REPRESENTATION_CONTEXT() REPRESENTATION_CONTEXT('2D SPACE',''
  ) );
#5416 = PCURVE('',#1554,#5417);
#5417 = DEFINITIONAL_REPRESENTATION('',(#5418),#5422);
#5418 = LINE('',#5419,#5420);
#5419 = CARTESIAN_POINT('',(12.536062956766,4.091487152369E-17));
#5420 = VECTOR('',#5421,1.);
#5421 = DIRECTION('',(0.,-1.));
#5422 = ( GEOMETRIC_REPRESENTATION_CONTEXT(2) 
PARAMETRIC_REPRESENTATION_CONTEXT() REPRESENTATION_CONTEXT('2D SPACE',''
  ) );
#5423 = ORIENTED_EDGE('',*,*,#1566,.F.);
#5424 = ADVANCED_FACE('',(#5425),#1554,.F.);
#5425 = FACE_BOUND('',#5426,.F.);
#5426 = EDGE_LOOP('',(#5427,#5448,#5449,#5450));
#5427 = ORIENTED_EDGE('',*,*,#5428,.T.);
#5428 = EDGE_CURVE('',#1511,#2964,#5429,.T.);
#5429 = SURFACE_CURVE('',#5430,(#5434,#5441),.PCURVE_S1.);
#5430 = LINE('',#5431,#5432);
#5431 = CARTESIAN_POINT('',(41.928275434347,28.506429732085,
    1.000000012796E-07));
#5432 = VECTOR('',#5433,1.);
#5433 = DIRECTION('',(1.110223024625E-16,0.,1.));
#5434 = PCURVE('',#1554,#5435);
#5435 = DEFINITIONAL_REPRESENTATION('',(#5436),#5440);
#5436 = LINE('',#5437,#5438);
#5437 = CARTESIAN_POINT('',(0.,0.));
#5438 = VECTOR('',#5439,1.);
#5439 = DIRECTION('',(0.,-1.));
#5440 = ( GEOMETRIC_REPRESENTATION_CONTEXT(2) 
PARAMETRIC_REPRESENTATION_CONTEXT() REPRESENTATION_CONTEXT('2D SPACE',''
  ) );
#5441 = PCURVE('',#1526,#5442);
#5442 = DEFINITIONAL_REPRESENTATION('',(#5443),#5447);
#5443 = LINE('',#5444,#5445);
#5444 = CARTESIAN_POINT('',(1.4,1.228957784513E-17));
#5445 = VECTOR('',#5446,1.);
#5446 = DIRECTION('',(0.,-1.));
#5447 = ( GEOMETRIC_REPRESENTATION_CONTEXT(2) 
PARAMETRIC_REPRESENTATION_CONTEXT() REPRESENTATION_CONTEXT('2D SPACE',''
  ) );
#5448 = ORIENTED_EDGE('',*,*,#2986,.T.);
#5449 = ORIENTED_EDGE('',*,*,#5403,.F.);
#5450 = ORIENTED_EDGE('',*,*,#1538,.F.);
#5451 = ADVANCED_FACE('',(#5452),#1526,.F.);
#5452 = FACE_BOUND('',#5453,.F.);
#5453 = EDGE_LOOP('',(#5454,#5455,#5476,#5477));
#5454 = ORIENTED_EDGE('',*,*,#1510,.F.);
#5455 = ORIENTED_EDGE('',*,*,#5456,.T.);
#5456 = EDGE_CURVE('',#1483,#2941,#5457,.T.);
#5457 = SURFACE_CURVE('',#5458,(#5462,#5469),.PCURVE_S1.);
#5458 = LINE('',#5459,#5460);
#5459 = CARTESIAN_POINT('',(42.115379980603,28.6500001,-5.4999999));
#5460 = VECTOR('',#5461,1.);
#5461 = DIRECTION('',(1.110223024625E-16,0.,1.));
#5462 = PCURVE('',#1526,#5463);
#5463 = DEFINITIONAL_REPRESENTATION('',(#5464),#5468);
#5464 = LINE('',#5465,#5466);
#5465 = CARTESIAN_POINT('',(1.164159880909,5.5));
#5466 = VECTOR('',#5467,1.);
#5467 = DIRECTION('',(0.,-1.));
#5468 = ( GEOMETRIC_REPRESENTATION_CONTEXT(2) 
PARAMETRIC_REPRESENTATION_CONTEXT() REPRESENTATION_CONTEXT('2D SPACE',''
  ) );
#5469 = PCURVE('',#1498,#5470);
#5470 = DEFINITIONAL_REPRESENTATION('',(#5471),#5475);
#5471 = LINE('',#5472,#5473);
#5472 = CARTESIAN_POINT('',(184.73462011939,5.5));
#5473 = VECTOR('',#5474,1.);
#5474 = DIRECTION('',(0.,1.));
#5475 = ( GEOMETRIC_REPRESENTATION_CONTEXT(2) 
PARAMETRIC_REPRESENTATION_CONTEXT() REPRESENTATION_CONTEXT('2D SPACE',''
  ) );
#5476 = ORIENTED_EDGE('',*,*,#2963,.T.);
#5477 = ORIENTED_EDGE('',*,*,#5428,.F.);
#5478 = ADVANCED_FACE('',(#5479),#1498,.T.);
#5479 = FACE_BOUND('',#5480,.T.);
#5480 = EDGE_LOOP('',(#5481,#5482,#5503,#5504));
#5481 = ORIENTED_EDGE('',*,*,#2940,.F.);
#5482 = ORIENTED_EDGE('',*,*,#5483,.T.);
#5483 = EDGE_CURVE('',#2918,#1455,#5484,.T.);
#5484 = SURFACE_CURVE('',#5485,(#5489,#5496),.PCURVE_S1.);
#5485 = LINE('',#5486,#5487);
#5486 = CARTESIAN_POINT('',(43.582771395986,28.6500001,-5.4999999));
#5487 = VECTOR('',#5488,1.);
#5488 = DIRECTION('',(-1.110223024625E-16,0.,-1.));
#5489 = PCURVE('',#1498,#5490);
#5490 = DEFINITIONAL_REPRESENTATION('',(#5491),#5495);
#5491 = LINE('',#5492,#5493);
#5492 = CARTESIAN_POINT('',(183.26722870401,5.5));
#5493 = VECTOR('',#5494,1.);
#5494 = DIRECTION('',(0.,-1.));
#5495 = ( GEOMETRIC_REPRESENTATION_CONTEXT(2) 
PARAMETRIC_REPRESENTATION_CONTEXT() REPRESENTATION_CONTEXT('2D SPACE',''
  ) );
#5496 = PCURVE('',#1470,#5497);
#5497 = DEFINITIONAL_REPRESENTATION('',(#5498),#5502);
#5498 = LINE('',#5499,#5500);
#5499 = CARTESIAN_POINT('',(10.820801497765,5.5));
#5500 = VECTOR('',#5501,1.);
#5501 = DIRECTION('',(0.,1.));
#5502 = ( GEOMETRIC_REPRESENTATION_CONTEXT(2) 
PARAMETRIC_REPRESENTATION_CONTEXT() REPRESENTATION_CONTEXT('2D SPACE',''
  ) );
#5503 = ORIENTED_EDGE('',*,*,#1482,.T.);
#5504 = ORIENTED_EDGE('',*,*,#5456,.T.);
#5505 = ADVANCED_FACE('',(#5506),#1470,.F.);
#5506 = FACE_BOUND('',#5507,.F.);
#5507 = EDGE_LOOP('',(#5508,#5509,#5530,#5531));
#5508 = ORIENTED_EDGE('',*,*,#1454,.F.);
#5509 = ORIENTED_EDGE('',*,*,#5510,.T.);
#5510 = EDGE_CURVE('',#1426,#2894,#5511,.T.);
#5511 = SURFACE_CURVE('',#5512,(#5516,#5523),.PCURVE_S1.);
#5512 = LINE('',#5513,#5514);
#5513 = CARTESIAN_POINT('',(50.170057978785,20.06528108712,
    1.000000003915E-07));
#5514 = VECTOR('',#5515,1.);
#5515 = DIRECTION('',(1.110223024625E-16,0.,1.));
#5516 = PCURVE('',#1470,#5517);
#5517 = DEFINITIONAL_REPRESENTATION('',(#5518),#5522);
#5518 = LINE('',#5519,#5520);
#5519 = CARTESIAN_POINT('',(2.818557264175E-15,0.));
#5520 = VECTOR('',#5521,1.);
#5521 = DIRECTION('',(0.,-1.));
#5522 = ( GEOMETRIC_REPRESENTATION_CONTEXT(2) 
PARAMETRIC_REPRESENTATION_CONTEXT() REPRESENTATION_CONTEXT('2D SPACE',''
  ) );
#5523 = PCURVE('',#1442,#5524);
#5524 = DEFINITIONAL_REPRESENTATION('',(#5525),#5529);
#5525 = LINE('',#5526,#5527);
#5526 = CARTESIAN_POINT('',(-4.359658430843,0.));
#5527 = VECTOR('',#5528,1.);
#5528 = DIRECTION('',(-0.,-1.));
#5529 = ( GEOMETRIC_REPRESENTATION_CONTEXT(2) 
PARAMETRIC_REPRESENTATION_CONTEXT() REPRESENTATION_CONTEXT('2D SPACE',''
  ) );
#5530 = ORIENTED_EDGE('',*,*,#2917,.T.);
#5531 = ORIENTED_EDGE('',*,*,#5483,.T.);
#5532 = ADVANCED_FACE('',(#5533),#1442,.F.);
#5533 = FACE_BOUND('',#5534,.T.);
#5534 = EDGE_LOOP('',(#5535,#5536,#5537,#5558));
#5535 = ORIENTED_EDGE('',*,*,#5510,.T.);
#5536 = ORIENTED_EDGE('',*,*,#2893,.T.);
#5537 = ORIENTED_EDGE('',*,*,#5538,.F.);
#5538 = EDGE_CURVE('',#1398,#2871,#5539,.T.);
#5539 = SURFACE_CURVE('',#5540,(#5544,#5551),.PCURVE_S1.);
#5540 = LINE('',#5541,#5542);
#5541 = CARTESIAN_POINT('',(51.397181827725,24.782394997865,
    1.000000001694E-07));
#5542 = VECTOR('',#5543,1.);
#5543 = DIRECTION('',(1.110223024625E-16,0.,1.));
#5544 = PCURVE('',#1442,#5545);
#5545 = DEFINITIONAL_REPRESENTATION('',(#5546),#5550);
#5546 = LINE('',#5547,#5548);
#5547 = CARTESIAN_POINT('',(-4.556115656703,0.));
#5548 = VECTOR('',#5549,1.);
#5549 = DIRECTION('',(-0.,-1.));
#5550 = ( GEOMETRIC_REPRESENTATION_CONTEXT(2) 
PARAMETRIC_REPRESENTATION_CONTEXT() REPRESENTATION_CONTEXT('2D SPACE',''
  ) );
#5551 = PCURVE('',#1413,#5552);
#5552 = DEFINITIONAL_REPRESENTATION('',(#5553),#5557);
#5553 = LINE('',#5554,#5555);
#5554 = CARTESIAN_POINT('',(12.536062956766,6.047671158102E-18));
#5555 = VECTOR('',#5556,1.);
#5556 = DIRECTION('',(0.,-1.));
#5557 = ( GEOMETRIC_REPRESENTATION_CONTEXT(2) 
PARAMETRIC_REPRESENTATION_CONTEXT() REPRESENTATION_CONTEXT('2D SPACE',''
  ) );
#5558 = ORIENTED_EDGE('',*,*,#1425,.F.);
#5559 = ADVANCED_FACE('',(#5560),#1413,.F.);
#5560 = FACE_BOUND('',#5561,.F.);
#5561 = EDGE_LOOP('',(#5562,#5563,#5584,#5585));
#5562 = ORIENTED_EDGE('',*,*,#1397,.F.);
#5563 = ORIENTED_EDGE('',*,*,#5564,.T.);
#5564 = EDGE_CURVE('',#1370,#2848,#5565,.T.);
#5565 = SURFACE_CURVE('',#5566,(#5570,#5577),.PCURVE_S1.);
#5566 = LINE('',#5567,#5568);
#5567 = CARTESIAN_POINT('',(46.356820726492,28.6500001,-5.4999999));
#5568 = VECTOR('',#5569,1.);
#5569 = DIRECTION('',(1.110223024625E-16,0.,1.));
#5570 = PCURVE('',#1413,#5571);
#5571 = DEFINITIONAL_REPRESENTATION('',(#5572),#5576);
#5572 = LINE('',#5573,#5574);
#5573 = CARTESIAN_POINT('',(6.182826832012,5.5));
#5574 = VECTOR('',#5575,1.);
#5575 = DIRECTION('',(0.,-1.));
#5576 = ( GEOMETRIC_REPRESENTATION_CONTEXT(2) 
PARAMETRIC_REPRESENTATION_CONTEXT() REPRESENTATION_CONTEXT('2D SPACE',''
  ) );
#5577 = PCURVE('',#1385,#5578);
#5578 = DEFINITIONAL_REPRESENTATION('',(#5579),#5583);
#5579 = LINE('',#5580,#5581);
#5580 = CARTESIAN_POINT('',(180.4931793735,5.5));
#5581 = VECTOR('',#5582,1.);
#5582 = DIRECTION('',(0.,1.));
#5583 = ( GEOMETRIC_REPRESENTATION_CONTEXT(2) 
PARAMETRIC_REPRESENTATION_CONTEXT() REPRESENTATION_CONTEXT('2D SPACE',''
  ) );
#5584 = ORIENTED_EDGE('',*,*,#2870,.T.);
#5585 = ORIENTED_EDGE('',*,*,#5538,.F.);
#5586 = ADVANCED_FACE('',(#5587),#1385,.T.);
#5587 = FACE_BOUND('',#5588,.T.);
#5588 = EDGE_LOOP('',(#5589,#5590,#5611,#5612));
#5589 = ORIENTED_EDGE('',*,*,#2847,.F.);
#5590 = ORIENTED_EDGE('',*,*,#5591,.T.);
#5591 = EDGE_CURVE('',#2825,#1342,#5592,.T.);
#5592 = SURFACE_CURVE('',#5593,(#5597,#5604),.PCURVE_S1.);
#5593 = LINE('',#5594,#5595);
#5594 = CARTESIAN_POINT('',(48.656572210878,28.6500001,-5.4999999));
#5595 = VECTOR('',#5596,1.);
#5596 = DIRECTION('',(-1.110223024625E-16,0.,-1.));
#5597 = PCURVE('',#1385,#5598);
#5598 = DEFINITIONAL_REPRESENTATION('',(#5599),#5603);
#5599 = LINE('',#5600,#5601);
#5600 = CARTESIAN_POINT('',(178.19342788912,5.5));
#5601 = VECTOR('',#5602,1.);
#5602 = DIRECTION('',(0.,-1.));
#5603 = ( GEOMETRIC_REPRESENTATION_CONTEXT(2) 
PARAMETRIC_REPRESENTATION_CONTEXT() REPRESENTATION_CONTEXT('2D SPACE',''
  ) );
#5604 = PCURVE('',#1357,#5605);
#5605 = DEFINITIONAL_REPRESENTATION('',(#5606),#5610);
#5606 = LINE('',#5607,#5608);
#5607 = CARTESIAN_POINT('',(3.706750438719,5.5));
#5608 = VECTOR('',#5609,1.);
#5609 = DIRECTION('',(0.,1.));
#5610 = ( GEOMETRIC_REPRESENTATION_CONTEXT(2) 
PARAMETRIC_REPRESENTATION_CONTEXT() REPRESENTATION_CONTEXT('2D SPACE',''
  ) );
#5611 = ORIENTED_EDGE('',*,*,#1369,.T.);
#5612 = ORIENTED_EDGE('',*,*,#5564,.T.);
#5613 = ADVANCED_FACE('',(#5614),#1357,.F.);
#5614 = FACE_BOUND('',#5615,.F.);
#5615 = EDGE_LOOP('',(#5616,#5617,#5638,#5639));
#5616 = ORIENTED_EDGE('',*,*,#1341,.F.);
#5617 = ORIENTED_EDGE('',*,*,#5618,.T.);
#5618 = EDGE_CURVE('',#1313,#2801,#5619,.T.);
#5619 = SURFACE_CURVE('',#5620,(#5624,#5631),.PCURVE_S1.);
#5620 = LINE('',#5621,#5622);
#5621 = CARTESIAN_POINT('',(51.597335053062,26.393473405947,
    1.000000001694E-07));
#5622 = VECTOR('',#5623,1.);
#5623 = DIRECTION('',(1.110223024625E-16,0.,1.));
#5624 = PCURVE('',#1357,#5625);
#5625 = DEFINITIONAL_REPRESENTATION('',(#5626),#5630);
#5626 = LINE('',#5627,#5628);
#5627 = CARTESIAN_POINT('',(2.162755055965E-15,0.));
#5628 = VECTOR('',#5629,1.);
#5629 = DIRECTION('',(0.,-1.));
#5630 = ( GEOMETRIC_REPRESENTATION_CONTEXT(2) 
PARAMETRIC_REPRESENTATION_CONTEXT() REPRESENTATION_CONTEXT('2D SPACE',''
  ) );
#5631 = PCURVE('',#1329,#5632);
#5632 = DEFINITIONAL_REPRESENTATION('',(#5633),#5637);
#5633 = LINE('',#5634,#5635);
#5634 = CARTESIAN_POINT('',(-4.621457818642,0.));
#5635 = VECTOR('',#5636,1.);
#5636 = DIRECTION('',(-0.,-1.));
#5637 = ( GEOMETRIC_REPRESENTATION_CONTEXT(2) 
PARAMETRIC_REPRESENTATION_CONTEXT() REPRESENTATION_CONTEXT('2D SPACE',''
  ) );
#5638 = ORIENTED_EDGE('',*,*,#2824,.T.);
#5639 = ORIENTED_EDGE('',*,*,#5591,.T.);
#5640 = ADVANCED_FACE('',(#5641),#1329,.F.);
#5641 = FACE_BOUND('',#5642,.T.);
#5642 = EDGE_LOOP('',(#5643,#5644,#5645,#5646));
#5643 = ORIENTED_EDGE('',*,*,#1312,.F.);
#5644 = ORIENTED_EDGE('',*,*,#5618,.T.);
#5645 = ORIENTED_EDGE('',*,*,#2800,.T.);
#5646 = ORIENTED_EDGE('',*,*,#2751,.T.);
#5647 = ADVANCED_FACE('',(#5648),#4030,.T.);
#5648 = FACE_BOUND('',#5649,.T.);
#5649 = EDGE_LOOP('',(#5650));
#5650 = ORIENTED_EDGE('',*,*,#4015,.T.);
#5651 = ADVANCED_FACE('',(#5652),#4085,.T.);
#5652 = FACE_BOUND('',#5653,.T.);
#5653 = EDGE_LOOP('',(#5654));
#5654 = ORIENTED_EDGE('',*,*,#4070,.T.);
#5655 = ADVANCED_FACE('',(#5656),#4140,.T.);
#5656 = FACE_BOUND('',#5657,.T.);
#5657 = EDGE_LOOP('',(#5658));
#5658 = ORIENTED_EDGE('',*,*,#4125,.T.);
#5659 = ADVANCED_FACE('',(#5660),#4195,.T.);
#5660 = FACE_BOUND('',#5661,.T.);
#5661 = EDGE_LOOP('',(#5662));
#5662 = ORIENTED_EDGE('',*,*,#4180,.T.);
#5663 = ADVANCED_FACE('',(#5664),#4250,.T.);
#5664 = FACE_BOUND('',#5665,.T.);
#5665 = EDGE_LOOP('',(#5666));
#5666 = ORIENTED_EDGE('',*,*,#4235,.T.);
#5667 = ADVANCED_FACE('',(#5668),#4305,.T.);
#5668 = FACE_BOUND('',#5669,.T.);
#5669 = EDGE_LOOP('',(#5670));
#5670 = ORIENTED_EDGE('',*,*,#4290,.T.);
#5671 = ( GEOMETRIC_REPRESENTATION_CONTEXT(3) 
GLOBAL_UNCERTAINTY_ASSIGNED_CONTEXT((#5675)) 
GLOBAL_UNIT_ASSIGNED_CONTEXT((#5672,#5673,#5674)) REPRESENTATION_CONTEXT
('Context #1','3D Context with UNIT and UNCERTAINTY') );
#5672 = ( LENGTH_UNIT() NAMED_UNIT(*) SI_UNIT(.MILLI.,.METRE.) );
#5673 = ( NAMED_UNIT(*) PLANE_ANGLE_UNIT() SI_UNIT($,.RADIAN.) );
#5674 = ( NAMED_UNIT(*) SI_UNIT($,.STERADIAN.) SOLID_ANGLE_UNIT() );
#5675 = UNCERTAINTY_MEASURE_WITH_UNIT(LENGTH_MEASURE(1.E-07),#5672,
  'distance_accuracy_value','confusion accuracy');
#5676 = PRODUCT_RELATED_PRODUCT_CATEGORY('part',$,(#7));
ENDSEC;
END-ISO-10303-21;
